date,model,target,fold,y_true,y_pred,error
2023-01-01,seasonal_naive_7d,hormuz_tanker_transits,fold_01,50.0,45.0,5.0
2023-01-02,seasonal_naive_7d,hormuz_tanker_transits,fold_01,60.0,49.0,11.0
2023-01-03,seasonal_naive_7d,hormuz_tanker_transits,fold_01,53.0,39.0,14.0
2023-01-04,seasonal_naive_7d,hormuz_tanker_transits,fold_01,58.0,59.0,-1.0
2023-01-05,seasonal_naive_7d,hormuz_tanker_transits,fold_01,51.0,46.0,5.0
2023-01-06,seasonal_naive_7d,hormuz_tanker_transits,fold_01,46.0,36.0,10.0
2023-01-07,seasonal_naive_7d,hormuz_tanker_transits,fold_01,62.0,37.0,25.0
2023-01-08,seasonal_naive_7d,hormuz_tanker_transits,fold_01,51.0,45.0,6.0
2023-01-09,seasonal_naive_7d,hormuz_tanker_transits,fold_01,55.0,49.0,6.0
2023-01-10,seasonal_naive_7d,hormuz_tanker_transits,fold_01,49.0,39.0,10.0
2023-01-11,seasonal_naive_7d,hormuz_tanker_transits,fold_01,37.0,59.0,-22.0
2023-01-12,seasonal_naive_7d,hormuz_tanker_transits,fold_01,46.0,46.0,0.0
2023-01-13,seasonal_naive_7d,hormuz_tanker_transits,fold_01,40.0,36.0,4.0
2023-01-14,seasonal_naive_7d,hormuz_tanker_transits,fold_01,55.0,37.0,18.0
2023-01-15,seasonal_naive_7d,hormuz_tanker_transits,fold_01,31.0,45.0,-14.0
2023-01-16,seasonal_naive_7d,hormuz_tanker_transits,fold_01,49.0,49.0,0.0
2023-01-17,seasonal_naive_7d,hormuz_tanker_transits,fold_01,53.0,39.0,14.0
2023-01-18,seasonal_naive_7d,hormuz_tanker_transits,fold_01,58.0,59.0,-1.0
2023-01-19,seasonal_naive_7d,hormuz_tanker_transits,fold_01,55.0,46.0,9.0
2023-01-20,seasonal_naive_7d,hormuz_tanker_transits,fold_01,57.0,36.0,21.0
2023-01-21,seasonal_naive_7d,hormuz_tanker_transits,fold_01,54.0,37.0,17.0
2023-01-22,seasonal_naive_7d,hormuz_tanker_transits,fold_01,64.0,45.0,19.0
2023-01-23,seasonal_naive_7d,hormuz_tanker_transits,fold_01,55.0,49.0,6.0
2023-01-24,seasonal_naive_7d,hormuz_tanker_transits,fold_01,50.0,39.0,11.0
2023-01-25,seasonal_naive_7d,hormuz_tanker_transits,fold_01,72.0,59.0,13.0
2023-01-26,seasonal_naive_7d,hormuz_tanker_transits,fold_01,60.0,46.0,14.0
2023-01-27,seasonal_naive_7d,hormuz_tanker_transits,fold_01,57.0,36.0,21.0
2023-01-28,seasonal_naive_7d,hormuz_tanker_transits,fold_01,61.0,37.0,24.0
2023-01-29,seasonal_naive_7d,hormuz_tanker_transits,fold_01,54.0,45.0,9.0
2023-01-30,seasonal_naive_7d,hormuz_tanker_transits,fold_01,52.0,49.0,3.0
2023-01-31,seasonal_naive_7d,hormuz_tanker_transits,fold_02,57.0,50.0,7.0
2023-02-01,seasonal_naive_7d,hormuz_tanker_transits,fold_02,61.0,72.0,-11.0
2023-02-02,seasonal_naive_7d,hormuz_tanker_transits,fold_02,48.0,60.0,-12.0
2023-02-03,seasonal_naive_7d,hormuz_tanker_transits,fold_02,63.0,57.0,6.0
2023-02-04,seasonal_naive_7d,hormuz_tanker_transits,fold_02,63.0,61.0,2.0
2023-02-05,seasonal_naive_7d,hormuz_tanker_transits,fold_02,46.0,54.0,-8.0
2023-02-06,seasonal_naive_7d,hormuz_tanker_transits,fold_02,56.0,52.0,4.0
2023-02-07,seasonal_naive_7d,hormuz_tanker_transits,fold_02,68.0,50.0,18.0
2023-02-08,seasonal_naive_7d,hormuz_tanker_transits,fold_02,56.0,72.0,-16.0
2023-02-09,seasonal_naive_7d,hormuz_tanker_transits,fold_02,52.0,60.0,-8.0
2023-02-10,seasonal_naive_7d,hormuz_tanker_transits,fold_02,41.0,57.0,-16.0
2023-02-11,seasonal_naive_7d,hormuz_tanker_transits,fold_02,39.0,61.0,-22.0
2023-02-12,seasonal_naive_7d,hormuz_tanker_transits,fold_02,71.0,54.0,17.0
2023-02-13,seasonal_naive_7d,hormuz_tanker_transits,fold_02,75.0,52.0,23.0
2023-02-14,seasonal_naive_7d,hormuz_tanker_transits,fold_02,45.0,50.0,-5.0
2023-02-15,seasonal_naive_7d,hormuz_tanker_transits,fold_02,33.0,72.0,-39.0
2023-02-16,seasonal_naive_7d,hormuz_tanker_transits,fold_02,87.0,60.0,27.0
2023-02-17,seasonal_naive_7d,hormuz_tanker_transits,fold_02,68.0,57.0,11.0
2023-02-18,seasonal_naive_7d,hormuz_tanker_transits,fold_02,50.0,61.0,-11.0
2023-02-19,seasonal_naive_7d,hormuz_tanker_transits,fold_02,47.0,54.0,-7.0
2023-02-20,seasonal_naive_7d,hormuz_tanker_transits,fold_02,61.0,52.0,9.0
2023-02-21,seasonal_naive_7d,hormuz_tanker_transits,fold_02,49.0,50.0,-1.0
2023-02-22,seasonal_naive_7d,hormuz_tanker_transits,fold_02,81.0,72.0,9.0
2023-02-23,seasonal_naive_7d,hormuz_tanker_transits,fold_02,54.0,60.0,-6.0
2023-02-24,seasonal_naive_7d,hormuz_tanker_transits,fold_02,86.0,57.0,29.0
2023-02-25,seasonal_naive_7d,hormuz_tanker_transits,fold_02,62.0,61.0,1.0
2023-02-26,seasonal_naive_7d,hormuz_tanker_transits,fold_02,78.0,54.0,24.0
2023-02-27,seasonal_naive_7d,hormuz_tanker_transits,fold_02,64.0,52.0,12.0
2023-02-28,seasonal_naive_7d,hormuz_tanker_transits,fold_02,56.0,50.0,6.0
2023-03-01,seasonal_naive_7d,hormuz_tanker_transits,fold_02,59.0,72.0,-13.0
2023-03-02,seasonal_naive_7d,hormuz_tanker_transits,fold_03,54.0,54.0,0.0
2023-03-03,seasonal_naive_7d,hormuz_tanker_transits,fold_03,53.0,86.0,-33.0
2023-03-04,seasonal_naive_7d,hormuz_tanker_transits,fold_03,43.0,62.0,-19.0
2023-03-05,seasonal_naive_7d,hormuz_tanker_transits,fold_03,74.0,78.0,-4.0
2023-03-06,seasonal_naive_7d,hormuz_tanker_transits,fold_03,67.0,64.0,3.0
2023-03-07,seasonal_naive_7d,hormuz_tanker_transits,fold_03,78.0,56.0,22.0
2023-03-08,seasonal_naive_7d,hormuz_tanker_transits,fold_03,71.0,59.0,12.0
2023-03-09,seasonal_naive_7d,hormuz_tanker_transits,fold_03,65.0,54.0,11.0
2023-03-10,seasonal_naive_7d,hormuz_tanker_transits,fold_03,65.0,86.0,-21.0
2023-03-11,seasonal_naive_7d,hormuz_tanker_transits,fold_03,85.0,62.0,23.0
2023-03-12,seasonal_naive_7d,hormuz_tanker_transits,fold_03,71.0,78.0,-7.0
2023-03-13,seasonal_naive_7d,hormuz_tanker_transits,fold_03,61.0,64.0,-3.0
2023-03-14,seasonal_naive_7d,hormuz_tanker_transits,fold_03,69.0,56.0,13.0
2023-03-15,seasonal_naive_7d,hormuz_tanker_transits,fold_03,51.0,59.0,-8.0
2023-03-16,seasonal_naive_7d,hormuz_tanker_transits,fold_03,55.0,54.0,1.0
2023-03-17,seasonal_naive_7d,hormuz_tanker_transits,fold_03,56.0,86.0,-30.0
2023-03-18,seasonal_naive_7d,hormuz_tanker_transits,fold_03,65.0,62.0,3.0
2023-03-19,seasonal_naive_7d,hormuz_tanker_transits,fold_03,68.0,78.0,-10.0
2023-03-20,seasonal_naive_7d,hormuz_tanker_transits,fold_03,55.0,64.0,-9.0
2023-03-21,seasonal_naive_7d,hormuz_tanker_transits,fold_03,44.0,56.0,-12.0
2023-03-22,seasonal_naive_7d,hormuz_tanker_transits,fold_03,37.0,59.0,-22.0
2023-03-23,seasonal_naive_7d,hormuz_tanker_transits,fold_03,42.0,54.0,-12.0
2023-03-24,seasonal_naive_7d,hormuz_tanker_transits,fold_03,31.0,86.0,-55.0
2023-03-25,seasonal_naive_7d,hormuz_tanker_transits,fold_03,49.0,62.0,-13.0
2023-03-26,seasonal_naive_7d,hormuz_tanker_transits,fold_03,58.0,78.0,-20.0
2023-03-27,seasonal_naive_7d,hormuz_tanker_transits,fold_03,43.0,64.0,-21.0
2023-03-28,seasonal_naive_7d,hormuz_tanker_transits,fold_03,41.0,56.0,-15.0
2023-03-29,seasonal_naive_7d,hormuz_tanker_transits,fold_03,43.0,59.0,-16.0
2023-03-30,seasonal_naive_7d,hormuz_tanker_transits,fold_03,64.0,54.0,10.0
2023-03-31,seasonal_naive_7d,hormuz_tanker_transits,fold_03,76.0,86.0,-10.0
2023-04-01,seasonal_naive_7d,hormuz_tanker_transits,fold_04,66.0,49.0,17.0
2023-04-02,seasonal_naive_7d,hormuz_tanker_transits,fold_04,55.0,58.0,-3.0
2023-04-03,seasonal_naive_7d,hormuz_tanker_transits,fold_04,46.0,43.0,3.0
2023-04-04,seasonal_naive_7d,hormuz_tanker_transits,fold_04,44.0,41.0,3.0
2023-04-05,seasonal_naive_7d,hormuz_tanker_transits,fold_04,57.0,43.0,14.0
2023-04-06,seasonal_naive_7d,hormuz_tanker_transits,fold_04,75.0,64.0,11.0
2023-04-07,seasonal_naive_7d,hormuz_tanker_transits,fold_04,54.0,76.0,-22.0
2023-04-08,seasonal_naive_7d,hormuz_tanker_transits,fold_04,67.0,49.0,18.0
2023-04-09,seasonal_naive_7d,hormuz_tanker_transits,fold_04,82.0,58.0,24.0
2023-04-10,seasonal_naive_7d,hormuz_tanker_transits,fold_04,63.0,43.0,20.0
2023-04-11,seasonal_naive_7d,hormuz_tanker_transits,fold_04,63.0,41.0,22.0
2023-04-12,seasonal_naive_7d,hormuz_tanker_transits,fold_04,67.0,43.0,24.0
2023-04-13,seasonal_naive_7d,hormuz_tanker_transits,fold_04,70.0,64.0,6.0
2023-04-14,seasonal_naive_7d,hormuz_tanker_transits,fold_04,65.0,76.0,-11.0
2023-04-15,seasonal_naive_7d,hormuz_tanker_transits,fold_04,56.0,49.0,7.0
2023-04-16,seasonal_naive_7d,hormuz_tanker_transits,fold_04,57.0,58.0,-1.0
2023-04-17,seasonal_naive_7d,hormuz_tanker_transits,fold_04,56.0,43.0,13.0
2023-04-18,seasonal_naive_7d,hormuz_tanker_transits,fold_04,62.0,41.0,21.0
2023-04-19,seasonal_naive_7d,hormuz_tanker_transits,fold_04,70.0,43.0,27.0
2023-04-20,seasonal_naive_7d,hormuz_tanker_transits,fold_04,102.0,64.0,38.0
2023-04-21,seasonal_naive_7d,hormuz_tanker_transits,fold_04,67.0,76.0,-9.0
2023-04-22,seasonal_naive_7d,hormuz_tanker_transits,fold_04,83.0,49.0,34.0
2023-04-23,seasonal_naive_7d,hormuz_tanker_transits,fold_04,63.0,58.0,5.0
2023-04-24,seasonal_naive_7d,hormuz_tanker_transits,fold_04,66.0,43.0,23.0
2023-04-25,seasonal_naive_7d,hormuz_tanker_transits,fold_04,66.0,41.0,25.0
2023-04-26,seasonal_naive_7d,hormuz_tanker_transits,fold_04,52.0,43.0,9.0
2023-04-27,seasonal_naive_7d,hormuz_tanker_transits,fold_04,58.0,64.0,-6.0
2023-04-28,seasonal_naive_7d,hormuz_tanker_transits,fold_04,60.0,76.0,-16.0
2023-04-29,seasonal_naive_7d,hormuz_tanker_transits,fold_04,71.0,49.0,22.0
2023-04-30,seasonal_naive_7d,hormuz_tanker_transits,fold_04,55.0,58.0,-3.0
2023-05-01,seasonal_naive_7d,hormuz_tanker_transits,fold_05,62.0,66.0,-4.0
2023-05-02,seasonal_naive_7d,hormuz_tanker_transits,fold_05,58.0,66.0,-8.0
2023-05-03,seasonal_naive_7d,hormuz_tanker_transits,fold_05,58.0,52.0,6.0
2023-05-04,seasonal_naive_7d,hormuz_tanker_transits,fold_05,50.0,58.0,-8.0
2023-05-05,seasonal_naive_7d,hormuz_tanker_transits,fold_05,55.0,60.0,-5.0
2023-05-06,seasonal_naive_7d,hormuz_tanker_transits,fold_05,70.0,71.0,-1.0
2023-05-07,seasonal_naive_7d,hormuz_tanker_transits,fold_05,69.0,55.0,14.0
2023-05-08,seasonal_naive_7d,hormuz_tanker_transits,fold_05,70.0,66.0,4.0
2023-05-09,seasonal_naive_7d,hormuz_tanker_transits,fold_05,62.0,66.0,-4.0
2023-05-10,seasonal_naive_7d,hormuz_tanker_transits,fold_05,69.0,52.0,17.0
2023-05-11,seasonal_naive_7d,hormuz_tanker_transits,fold_05,83.0,58.0,25.0
2023-05-12,seasonal_naive_7d,hormuz_tanker_transits,fold_05,72.0,60.0,12.0
2023-05-13,seasonal_naive_7d,hormuz_tanker_transits,fold_05,76.0,71.0,5.0
2023-05-14,seasonal_naive_7d,hormuz_tanker_transits,fold_05,70.0,55.0,15.0
2023-05-15,seasonal_naive_7d,hormuz_tanker_transits,fold_05,58.0,66.0,-8.0
2023-05-16,seasonal_naive_7d,hormuz_tanker_transits,fold_05,36.0,66.0,-30.0
2023-05-17,seasonal_naive_7d,hormuz_tanker_transits,fold_05,61.0,52.0,9.0
2023-05-18,seasonal_naive_7d,hormuz_tanker_transits,fold_05,74.0,58.0,16.0
2023-05-19,seasonal_naive_7d,hormuz_tanker_transits,fold_05,86.0,60.0,26.0
2023-05-20,seasonal_naive_7d,hormuz_tanker_transits,fold_05,91.0,71.0,20.0
2023-05-21,seasonal_naive_7d,hormuz_tanker_transits,fold_05,47.0,55.0,-8.0
2023-05-22,seasonal_naive_7d,hormuz_tanker_transits,fold_05,66.0,66.0,0.0
2023-05-23,seasonal_naive_7d,hormuz_tanker_transits,fold_05,59.0,66.0,-7.0
2023-05-24,seasonal_naive_7d,hormuz_tanker_transits,fold_05,63.0,52.0,11.0
2023-05-25,seasonal_naive_7d,hormuz_tanker_transits,fold_05,64.0,58.0,6.0
2023-05-26,seasonal_naive_7d,hormuz_tanker_transits,fold_05,69.0,60.0,9.0
2023-05-27,seasonal_naive_7d,hormuz_tanker_transits,fold_05,65.0,71.0,-6.0
2023-05-28,seasonal_naive_7d,hormuz_tanker_transits,fold_05,50.0,55.0,-5.0
2023-05-29,seasonal_naive_7d,hormuz_tanker_transits,fold_05,68.0,66.0,2.0
2023-05-30,seasonal_naive_7d,hormuz_tanker_transits,fold_05,64.0,66.0,-2.0
2023-05-31,seasonal_naive_7d,hormuz_tanker_transits,fold_06,74.0,63.0,11.0
2023-06-01,seasonal_naive_7d,hormuz_tanker_transits,fold_06,66.0,64.0,2.0
2023-06-02,seasonal_naive_7d,hormuz_tanker_transits,fold_06,53.0,69.0,-16.0
2023-06-03,seasonal_naive_7d,hormuz_tanker_transits,fold_06,27.0,65.0,-38.0
2023-06-04,seasonal_naive_7d,hormuz_tanker_transits,fold_06,70.0,50.0,20.0
2023-06-05,seasonal_naive_7d,hormuz_tanker_transits,fold_06,78.0,68.0,10.0
2023-06-06,seasonal_naive_7d,hormuz_tanker_transits,fold_06,62.0,64.0,-2.0
2023-06-07,seasonal_naive_7d,hormuz_tanker_transits,fold_06,62.0,63.0,-1.0
2023-06-08,seasonal_naive_7d,hormuz_tanker_transits,fold_06,64.0,64.0,0.0
2023-06-09,seasonal_naive_7d,hormuz_tanker_transits,fold_06,80.0,69.0,11.0
2023-06-10,seasonal_naive_7d,hormuz_tanker_transits,fold_06,65.0,65.0,0.0
2023-06-11,seasonal_naive_7d,hormuz_tanker_transits,fold_06,68.0,50.0,18.0
2023-06-12,seasonal_naive_7d,hormuz_tanker_transits,fold_06,37.0,68.0,-31.0
2023-06-13,seasonal_naive_7d,hormuz_tanker_transits,fold_06,33.0,64.0,-31.0
2023-06-14,seasonal_naive_7d,hormuz_tanker_transits,fold_06,43.0,63.0,-20.0
2023-06-15,seasonal_naive_7d,hormuz_tanker_transits,fold_06,61.0,64.0,-3.0
2023-06-16,seasonal_naive_7d,hormuz_tanker_transits,fold_06,65.0,69.0,-4.0
2023-06-17,seasonal_naive_7d,hormuz_tanker_transits,fold_06,68.0,65.0,3.0
2023-06-18,seasonal_naive_7d,hormuz_tanker_transits,fold_06,69.0,50.0,19.0
2023-06-19,seasonal_naive_7d,hormuz_tanker_transits,fold_06,61.0,68.0,-7.0
2023-06-20,seasonal_naive_7d,hormuz_tanker_transits,fold_06,57.0,64.0,-7.0
2023-06-21,seasonal_naive_7d,hormuz_tanker_transits,fold_06,70.0,63.0,7.0
2023-06-22,seasonal_naive_7d,hormuz_tanker_transits,fold_06,65.0,64.0,1.0
2023-06-23,seasonal_naive_7d,hormuz_tanker_transits,fold_06,54.0,69.0,-15.0
2023-06-24,seasonal_naive_7d,hormuz_tanker_transits,fold_06,86.0,65.0,21.0
2023-06-25,seasonal_naive_7d,hormuz_tanker_transits,fold_06,55.0,50.0,5.0
2023-06-26,seasonal_naive_7d,hormuz_tanker_transits,fold_06,60.0,68.0,-8.0
2023-06-27,seasonal_naive_7d,hormuz_tanker_transits,fold_06,60.0,64.0,-4.0
2023-06-28,seasonal_naive_7d,hormuz_tanker_transits,fold_06,73.0,63.0,10.0
2023-06-29,seasonal_naive_7d,hormuz_tanker_transits,fold_06,75.0,64.0,11.0
2023-06-30,seasonal_naive_7d,hormuz_tanker_transits,fold_07,59.0,54.0,5.0
2023-07-01,seasonal_naive_7d,hormuz_tanker_transits,fold_07,70.0,86.0,-16.0
2023-07-02,seasonal_naive_7d,hormuz_tanker_transits,fold_07,73.0,55.0,18.0
2023-07-03,seasonal_naive_7d,hormuz_tanker_transits,fold_07,59.0,60.0,-1.0
2023-07-04,seasonal_naive_7d,hormuz_tanker_transits,fold_07,56.0,60.0,-4.0
2023-07-05,seasonal_naive_7d,hormuz_tanker_transits,fold_07,97.0,73.0,24.0
2023-07-06,seasonal_naive_7d,hormuz_tanker_transits,fold_07,57.0,75.0,-18.0
2023-07-07,seasonal_naive_7d,hormuz_tanker_transits,fold_07,71.0,54.0,17.0
2023-07-08,seasonal_naive_7d,hormuz_tanker_transits,fold_07,47.0,86.0,-39.0
2023-07-09,seasonal_naive_7d,hormuz_tanker_transits,fold_07,62.0,55.0,7.0
2023-07-10,seasonal_naive_7d,hormuz_tanker_transits,fold_07,79.0,60.0,19.0
2023-07-11,seasonal_naive_7d,hormuz_tanker_transits,fold_07,74.0,60.0,14.0
2023-07-12,seasonal_naive_7d,hormuz_tanker_transits,fold_07,42.0,73.0,-31.0
2023-07-13,seasonal_naive_7d,hormuz_tanker_transits,fold_07,81.0,75.0,6.0
2023-07-14,seasonal_naive_7d,hormuz_tanker_transits,fold_07,80.0,54.0,26.0
2023-07-15,seasonal_naive_7d,hormuz_tanker_transits,fold_07,74.0,86.0,-12.0
2023-07-16,seasonal_naive_7d,hormuz_tanker_transits,fold_07,63.0,55.0,8.0
2023-07-17,seasonal_naive_7d,hormuz_tanker_transits,fold_07,67.0,60.0,7.0
2023-07-18,seasonal_naive_7d,hormuz_tanker_transits,fold_07,57.0,60.0,-3.0
2023-07-19,seasonal_naive_7d,hormuz_tanker_transits,fold_07,37.0,73.0,-36.0
2023-07-20,seasonal_naive_7d,hormuz_tanker_transits,fold_07,88.0,75.0,13.0
2023-07-21,seasonal_naive_7d,hormuz_tanker_transits,fold_07,77.0,54.0,23.0
2023-07-22,seasonal_naive_7d,hormuz_tanker_transits,fold_07,60.0,86.0,-26.0
2023-07-23,seasonal_naive_7d,hormuz_tanker_transits,fold_07,60.0,55.0,5.0
2023-07-24,seasonal_naive_7d,hormuz_tanker_transits,fold_07,71.0,60.0,11.0
2023-07-25,seasonal_naive_7d,hormuz_tanker_transits,fold_07,50.0,60.0,-10.0
2023-07-26,seasonal_naive_7d,hormuz_tanker_transits,fold_07,43.0,73.0,-30.0
2023-07-27,seasonal_naive_7d,hormuz_tanker_transits,fold_07,46.0,75.0,-29.0
2023-07-28,seasonal_naive_7d,hormuz_tanker_transits,fold_07,51.0,54.0,-3.0
2023-07-29,seasonal_naive_7d,hormuz_tanker_transits,fold_07,30.0,86.0,-56.0
2023-07-30,seasonal_naive_7d,hormuz_tanker_transits,fold_08,65.0,60.0,5.0
2023-07-31,seasonal_naive_7d,hormuz_tanker_transits,fold_08,93.0,71.0,22.0
2023-08-01,seasonal_naive_7d,hormuz_tanker_transits,fold_08,72.0,50.0,22.0
2023-08-02,seasonal_naive_7d,hormuz_tanker_transits,fold_08,66.0,43.0,23.0
2023-08-03,seasonal_naive_7d,hormuz_tanker_transits,fold_08,69.0,46.0,23.0
2023-08-04,seasonal_naive_7d,hormuz_tanker_transits,fold_08,73.0,51.0,22.0
2023-08-05,seasonal_naive_7d,hormuz_tanker_transits,fold_08,48.0,30.0,18.0
2023-08-06,seasonal_naive_7d,hormuz_tanker_transits,fold_08,59.0,60.0,-1.0
2023-08-07,seasonal_naive_7d,hormuz_tanker_transits,fold_08,56.0,71.0,-15.0
2023-08-08,seasonal_naive_7d,hormuz_tanker_transits,fold_08,65.0,50.0,15.0
2023-08-09,seasonal_naive_7d,hormuz_tanker_transits,fold_08,52.0,43.0,9.0
2023-08-10,seasonal_naive_7d,hormuz_tanker_transits,fold_08,73.0,46.0,27.0
2023-08-11,seasonal_naive_7d,hormuz_tanker_transits,fold_08,83.0,51.0,32.0
2023-08-12,seasonal_naive_7d,hormuz_tanker_transits,fold_08,89.0,30.0,59.0
2023-08-13,seasonal_naive_7d,hormuz_tanker_transits,fold_08,79.0,60.0,19.0
2023-08-14,seasonal_naive_7d,hormuz_tanker_transits,fold_08,76.0,71.0,5.0
2023-08-15,seasonal_naive_7d,hormuz_tanker_transits,fold_08,50.0,50.0,0.0
2023-08-16,seasonal_naive_7d,hormuz_tanker_transits,fold_08,68.0,43.0,25.0
2023-08-17,seasonal_naive_7d,hormuz_tanker_transits,fold_08,66.0,46.0,20.0
2023-08-18,seasonal_naive_7d,hormuz_tanker_transits,fold_08,74.0,51.0,23.0
2023-08-19,seasonal_naive_7d,hormuz_tanker_transits,fold_08,77.0,30.0,47.0
2023-08-20,seasonal_naive_7d,hormuz_tanker_transits,fold_08,74.0,60.0,14.0
2023-08-21,seasonal_naive_7d,hormuz_tanker_transits,fold_08,57.0,71.0,-14.0
2023-08-22,seasonal_naive_7d,hormuz_tanker_transits,fold_08,74.0,50.0,24.0
2023-08-23,seasonal_naive_7d,hormuz_tanker_transits,fold_08,52.0,43.0,9.0
2023-08-24,seasonal_naive_7d,hormuz_tanker_transits,fold_08,29.0,46.0,-17.0
2023-08-25,seasonal_naive_7d,hormuz_tanker_transits,fold_08,58.0,51.0,7.0
2023-08-26,seasonal_naive_7d,hormuz_tanker_transits,fold_08,65.0,30.0,35.0
2023-08-27,seasonal_naive_7d,hormuz_tanker_transits,fold_08,59.0,60.0,-1.0
2023-08-28,seasonal_naive_7d,hormuz_tanker_transits,fold_08,74.0,71.0,3.0
2023-08-29,seasonal_naive_7d,hormuz_tanker_transits,fold_09,79.0,74.0,5.0
2023-08-30,seasonal_naive_7d,hormuz_tanker_transits,fold_09,53.0,52.0,1.0
2023-08-31,seasonal_naive_7d,hormuz_tanker_transits,fold_09,44.0,29.0,15.0
2023-09-01,seasonal_naive_7d,hormuz_tanker_transits,fold_09,35.0,58.0,-23.0
2023-09-02,seasonal_naive_7d,hormuz_tanker_transits,fold_09,30.0,65.0,-35.0
2023-09-03,seasonal_naive_7d,hormuz_tanker_transits,fold_09,67.0,59.0,8.0
2023-09-04,seasonal_naive_7d,hormuz_tanker_transits,fold_09,62.0,74.0,-12.0
2023-09-05,seasonal_naive_7d,hormuz_tanker_transits,fold_09,73.0,74.0,-1.0
2023-09-06,seasonal_naive_7d,hormuz_tanker_transits,fold_09,82.0,52.0,30.0
2023-09-07,seasonal_naive_7d,hormuz_tanker_transits,fold_09,77.0,29.0,48.0
2023-09-08,seasonal_naive_7d,hormuz_tanker_transits,fold_09,80.0,58.0,22.0
2023-09-09,seasonal_naive_7d,hormuz_tanker_transits,fold_09,62.0,65.0,-3.0
2023-09-10,seasonal_naive_7d,hormuz_tanker_transits,fold_09,56.0,59.0,-3.0
2023-09-11,seasonal_naive_7d,hormuz_tanker_transits,fold_09,53.0,74.0,-21.0
2023-09-12,seasonal_naive_7d,hormuz_tanker_transits,fold_09,46.0,74.0,-28.0
2023-09-13,seasonal_naive_7d,hormuz_tanker_transits,fold_09,79.0,52.0,27.0
2023-09-14,seasonal_naive_7d,hormuz_tanker_transits,fold_09,94.0,29.0,65.0
2023-09-15,seasonal_naive_7d,hormuz_tanker_transits,fold_09,59.0,58.0,1.0
2023-09-16,seasonal_naive_7d,hormuz_tanker_transits,fold_09,52.0,65.0,-13.0
2023-09-17,seasonal_naive_7d,hormuz_tanker_transits,fold_09,53.0,59.0,-6.0
2023-09-18,seasonal_naive_7d,hormuz_tanker_transits,fold_09,77.0,74.0,3.0
2023-09-19,seasonal_naive_7d,hormuz_tanker_transits,fold_09,73.0,74.0,-1.0
2023-09-20,seasonal_naive_7d,hormuz_tanker_transits,fold_09,73.0,52.0,21.0
2023-09-21,seasonal_naive_7d,hormuz_tanker_transits,fold_09,62.0,29.0,33.0
2023-09-22,seasonal_naive_7d,hormuz_tanker_transits,fold_09,49.0,58.0,-9.0
2023-09-23,seasonal_naive_7d,hormuz_tanker_transits,fold_09,51.0,65.0,-14.0
2023-09-24,seasonal_naive_7d,hormuz_tanker_transits,fold_09,55.0,59.0,-4.0
2023-09-25,seasonal_naive_7d,hormuz_tanker_transits,fold_09,58.0,74.0,-16.0
2023-09-26,seasonal_naive_7d,hormuz_tanker_transits,fold_09,57.0,74.0,-17.0
2023-09-27,seasonal_naive_7d,hormuz_tanker_transits,fold_09,76.0,52.0,24.0
2023-09-28,seasonal_naive_7d,hormuz_tanker_transits,fold_10,60.0,62.0,-2.0
2023-09-29,seasonal_naive_7d,hormuz_tanker_transits,fold_10,84.0,49.0,35.0
2023-09-30,seasonal_naive_7d,hormuz_tanker_transits,fold_10,61.0,51.0,10.0
2023-10-01,seasonal_naive_7d,hormuz_tanker_transits,fold_10,75.0,55.0,20.0
2023-10-02,seasonal_naive_7d,hormuz_tanker_transits,fold_10,48.0,58.0,-10.0
2023-10-03,seasonal_naive_7d,hormuz_tanker_transits,fold_10,63.0,57.0,6.0
2023-10-04,seasonal_naive_7d,hormuz_tanker_transits,fold_10,57.0,76.0,-19.0
2023-10-05,seasonal_naive_7d,hormuz_tanker_transits,fold_10,82.0,62.0,20.0
2023-10-06,seasonal_naive_7d,hormuz_tanker_transits,fold_10,91.0,49.0,42.0
2023-10-07,seasonal_naive_7d,hormuz_tanker_transits,fold_10,58.0,51.0,7.0
2023-10-08,seasonal_naive_7d,hormuz_tanker_transits,fold_10,84.0,55.0,29.0
2023-10-09,seasonal_naive_7d,hormuz_tanker_transits,fold_10,74.0,58.0,16.0
2023-10-10,seasonal_naive_7d,hormuz_tanker_transits,fold_10,45.0,57.0,-12.0
2023-10-11,seasonal_naive_7d,hormuz_tanker_transits,fold_10,56.0,76.0,-20.0
2023-10-12,seasonal_naive_7d,hormuz_tanker_transits,fold_10,48.0,62.0,-14.0
2023-10-13,seasonal_naive_7d,hormuz_tanker_transits,fold_10,60.0,49.0,11.0
2023-10-14,seasonal_naive_7d,hormuz_tanker_transits,fold_10,63.0,51.0,12.0
2023-10-15,seasonal_naive_7d,hormuz_tanker_transits,fold_10,69.0,55.0,14.0
2023-10-16,seasonal_naive_7d,hormuz_tanker_transits,fold_10,55.0,58.0,-3.0
2023-10-17,seasonal_naive_7d,hormuz_tanker_transits,fold_10,49.0,57.0,-8.0
2023-10-18,seasonal_naive_7d,hormuz_tanker_transits,fold_10,38.0,76.0,-38.0
2023-10-19,seasonal_naive_7d,hormuz_tanker_transits,fold_10,59.0,62.0,-3.0
2023-10-20,seasonal_naive_7d,hormuz_tanker_transits,fold_10,74.0,49.0,25.0
2023-10-21,seasonal_naive_7d,hormuz_tanker_transits,fold_10,61.0,51.0,10.0
2023-10-22,seasonal_naive_7d,hormuz_tanker_transits,fold_10,41.0,55.0,-14.0
2023-10-23,seasonal_naive_7d,hormuz_tanker_transits,fold_10,57.0,58.0,-1.0
2023-10-24,seasonal_naive_7d,hormuz_tanker_transits,fold_10,57.0,57.0,0.0
2023-10-25,seasonal_naive_7d,hormuz_tanker_transits,fold_10,55.0,76.0,-21.0
2023-10-26,seasonal_naive_7d,hormuz_tanker_transits,fold_10,41.0,62.0,-21.0
2023-10-27,seasonal_naive_7d,hormuz_tanker_transits,fold_10,47.0,49.0,-2.0
2023-10-28,seasonal_naive_7d,hormuz_tanker_transits,fold_11,39.0,61.0,-22.0
2023-10-29,seasonal_naive_7d,hormuz_tanker_transits,fold_11,34.0,41.0,-7.0
2023-10-30,seasonal_naive_7d,hormuz_tanker_transits,fold_11,84.0,57.0,27.0
2023-10-31,seasonal_naive_7d,hormuz_tanker_transits,fold_11,68.0,57.0,11.0
2023-11-01,seasonal_naive_7d,hormuz_tanker_transits,fold_11,72.0,55.0,17.0
2023-11-02,seasonal_naive_7d,hormuz_tanker_transits,fold_11,52.0,41.0,11.0
2023-11-03,seasonal_naive_7d,hormuz_tanker_transits,fold_11,56.0,47.0,9.0
2023-11-04,seasonal_naive_7d,hormuz_tanker_transits,fold_11,22.0,61.0,-39.0
2023-11-05,seasonal_naive_7d,hormuz_tanker_transits,fold_11,46.0,41.0,5.0
2023-11-06,seasonal_naive_7d,hormuz_tanker_transits,fold_11,29.0,57.0,-28.0
2023-11-07,seasonal_naive_7d,hormuz_tanker_transits,fold_11,32.0,57.0,-25.0
2023-11-08,seasonal_naive_7d,hormuz_tanker_transits,fold_11,46.0,55.0,-9.0
2023-11-09,seasonal_naive_7d,hormuz_tanker_transits,fold_11,41.0,41.0,0.0
2023-11-10,seasonal_naive_7d,hormuz_tanker_transits,fold_11,59.0,47.0,12.0
2023-11-11,seasonal_naive_7d,hormuz_tanker_transits,fold_11,81.0,61.0,20.0
2023-11-12,seasonal_naive_7d,hormuz_tanker_transits,fold_11,77.0,41.0,36.0
2023-11-13,seasonal_naive_7d,hormuz_tanker_transits,fold_11,77.0,57.0,20.0
2023-11-14,seasonal_naive_7d,hormuz_tanker_transits,fold_11,74.0,57.0,17.0
2023-11-15,seasonal_naive_7d,hormuz_tanker_transits,fold_11,48.0,55.0,-7.0
2023-11-16,seasonal_naive_7d,hormuz_tanker_transits,fold_11,38.0,41.0,-3.0
2023-11-17,seasonal_naive_7d,hormuz_tanker_transits,fold_11,48.0,47.0,1.0
2023-11-18,seasonal_naive_7d,hormuz_tanker_transits,fold_11,56.0,61.0,-5.0
2023-11-19,seasonal_naive_7d,hormuz_tanker_transits,fold_11,34.0,41.0,-7.0
2023-11-20,seasonal_naive_7d,hormuz_tanker_transits,fold_11,49.0,57.0,-8.0
2023-11-21,seasonal_naive_7d,hormuz_tanker_transits,fold_11,49.0,57.0,-8.0
2023-11-22,seasonal_naive_7d,hormuz_tanker_transits,fold_11,43.0,55.0,-12.0
2023-11-23,seasonal_naive_7d,hormuz_tanker_transits,fold_11,28.0,41.0,-13.0
2023-11-24,seasonal_naive_7d,hormuz_tanker_transits,fold_11,52.0,47.0,5.0
2023-11-25,seasonal_naive_7d,hormuz_tanker_transits,fold_11,44.0,61.0,-17.0
2023-11-26,seasonal_naive_7d,hormuz_tanker_transits,fold_11,52.0,41.0,11.0
2023-11-27,seasonal_naive_7d,hormuz_tanker_transits,fold_12,39.0,49.0,-10.0
2023-11-28,seasonal_naive_7d,hormuz_tanker_transits,fold_12,47.0,49.0,-2.0
2023-11-29,seasonal_naive_7d,hormuz_tanker_transits,fold_12,48.0,43.0,5.0
2023-11-30,seasonal_naive_7d,hormuz_tanker_transits,fold_12,47.0,28.0,19.0
2023-12-01,seasonal_naive_7d,hormuz_tanker_transits,fold_12,34.0,52.0,-18.0
2023-12-02,seasonal_naive_7d,hormuz_tanker_transits,fold_12,32.0,44.0,-12.0
2023-12-03,seasonal_naive_7d,hormuz_tanker_transits,fold_12,68.0,52.0,16.0
2023-12-04,seasonal_naive_7d,hormuz_tanker_transits,fold_12,61.0,49.0,12.0
2023-12-05,seasonal_naive_7d,hormuz_tanker_transits,fold_12,63.0,49.0,14.0
2023-12-06,seasonal_naive_7d,hormuz_tanker_transits,fold_12,61.0,43.0,18.0
2023-12-07,seasonal_naive_7d,hormuz_tanker_transits,fold_12,57.0,28.0,29.0
2023-12-08,seasonal_naive_7d,hormuz_tanker_transits,fold_12,30.0,52.0,-22.0
2023-12-09,seasonal_naive_7d,hormuz_tanker_transits,fold_12,39.0,44.0,-5.0
2023-12-10,seasonal_naive_7d,hormuz_tanker_transits,fold_12,56.0,52.0,4.0
2023-12-11,seasonal_naive_7d,hormuz_tanker_transits,fold_12,52.0,49.0,3.0
2023-12-12,seasonal_naive_7d,hormuz_tanker_transits,fold_12,58.0,49.0,9.0
2023-12-13,seasonal_naive_7d,hormuz_tanker_transits,fold_12,41.0,43.0,-2.0
2023-12-14,seasonal_naive_7d,hormuz_tanker_transits,fold_12,41.0,28.0,13.0
2023-12-15,seasonal_naive_7d,hormuz_tanker_transits,fold_12,53.0,52.0,1.0
2023-12-16,seasonal_naive_7d,hormuz_tanker_transits,fold_12,26.0,44.0,-18.0
2023-12-17,seasonal_naive_7d,hormuz_tanker_transits,fold_12,36.0,52.0,-16.0
2023-12-18,seasonal_naive_7d,hormuz_tanker_transits,fold_12,42.0,49.0,-7.0
2023-12-19,seasonal_naive_7d,hormuz_tanker_transits,fold_12,39.0,49.0,-10.0
2023-12-20,seasonal_naive_7d,hormuz_tanker_transits,fold_12,56.0,43.0,13.0
2023-12-21,seasonal_naive_7d,hormuz_tanker_transits,fold_12,38.0,28.0,10.0
2023-12-22,seasonal_naive_7d,hormuz_tanker_transits,fold_12,35.0,52.0,-17.0
2023-12-23,seasonal_naive_7d,hormuz_tanker_transits,fold_12,64.0,44.0,20.0
2023-12-24,seasonal_naive_7d,hormuz_tanker_transits,fold_12,47.0,52.0,-5.0
2023-12-25,seasonal_naive_7d,hormuz_tanker_transits,fold_12,58.0,49.0,9.0
2023-12-26,seasonal_naive_7d,hormuz_tanker_transits,fold_12,45.0,49.0,-4.0
2023-12-27,seasonal_naive_7d,hormuz_tanker_transits,fold_13,58.0,56.0,2.0
2023-12-28,seasonal_naive_7d,hormuz_tanker_transits,fold_13,64.0,38.0,26.0
2023-12-29,seasonal_naive_7d,hormuz_tanker_transits,fold_13,36.0,35.0,1.0
2023-12-30,seasonal_naive_7d,hormuz_tanker_transits,fold_13,36.0,64.0,-28.0
2023-12-31,seasonal_naive_7d,hormuz_tanker_transits,fold_13,50.0,47.0,3.0
2024-01-01,seasonal_naive_7d,hormuz_tanker_transits,fold_13,52.0,58.0,-6.0
2024-01-02,seasonal_naive_7d,hormuz_tanker_transits,fold_13,57.0,45.0,12.0
2024-01-03,seasonal_naive_7d,hormuz_tanker_transits,fold_13,44.0,56.0,-12.0
2024-01-04,seasonal_naive_7d,hormuz_tanker_transits,fold_13,52.0,38.0,14.0
2024-01-05,seasonal_naive_7d,hormuz_tanker_transits,fold_13,63.0,35.0,28.0
2024-01-06,seasonal_naive_7d,hormuz_tanker_transits,fold_13,57.0,64.0,-7.0
2024-01-07,seasonal_naive_7d,hormuz_tanker_transits,fold_13,49.0,47.0,2.0
2024-01-08,seasonal_naive_7d,hormuz_tanker_transits,fold_13,49.0,58.0,-9.0
2024-01-09,seasonal_naive_7d,hormuz_tanker_transits,fold_13,40.0,45.0,-5.0
2024-01-10,seasonal_naive_7d,hormuz_tanker_transits,fold_13,44.0,56.0,-12.0
2024-01-11,seasonal_naive_7d,hormuz_tanker_transits,fold_13,62.0,38.0,24.0
2024-01-12,seasonal_naive_7d,hormuz_tanker_transits,fold_13,58.0,35.0,23.0
2024-01-13,seasonal_naive_7d,hormuz_tanker_transits,fold_13,52.0,64.0,-12.0
2024-01-14,seasonal_naive_7d,hormuz_tanker_transits,fold_13,61.0,47.0,14.0
2024-01-15,seasonal_naive_7d,hormuz_tanker_transits,fold_13,80.0,58.0,22.0
2024-01-16,seasonal_naive_7d,hormuz_tanker_transits,fold_13,64.0,45.0,19.0
2024-01-17,seasonal_naive_7d,hormuz_tanker_transits,fold_13,55.0,56.0,-1.0
2024-01-18,seasonal_naive_7d,hormuz_tanker_transits,fold_13,49.0,38.0,11.0
2024-01-19,seasonal_naive_7d,hormuz_tanker_transits,fold_13,44.0,35.0,9.0
2024-01-20,seasonal_naive_7d,hormuz_tanker_transits,fold_13,59.0,64.0,-5.0
2024-01-21,seasonal_naive_7d,hormuz_tanker_transits,fold_13,56.0,47.0,9.0
2024-01-22,seasonal_naive_7d,hormuz_tanker_transits,fold_13,52.0,58.0,-6.0
2024-01-23,seasonal_naive_7d,hormuz_tanker_transits,fold_13,57.0,45.0,12.0
2024-01-24,seasonal_naive_7d,hormuz_tanker_transits,fold_13,64.0,56.0,8.0
2024-01-25,seasonal_naive_7d,hormuz_tanker_transits,fold_13,39.0,38.0,1.0
2024-01-26,seasonal_naive_7d,hormuz_tanker_transits,fold_14,61.0,44.0,17.0
2024-01-27,seasonal_naive_7d,hormuz_tanker_transits,fold_14,47.0,59.0,-12.0
2024-01-28,seasonal_naive_7d,hormuz_tanker_transits,fold_14,44.0,56.0,-12.0
2024-01-29,seasonal_naive_7d,hormuz_tanker_transits,fold_14,40.0,52.0,-12.0
2024-01-30,seasonal_naive_7d,hormuz_tanker_transits,fold_14,43.0,57.0,-14.0
2024-01-31,seasonal_naive_7d,hormuz_tanker_transits,fold_14,58.0,64.0,-6.0
2024-02-01,seasonal_naive_7d,hormuz_tanker_transits,fold_14,55.0,39.0,16.0
2024-02-02,seasonal_naive_7d,hormuz_tanker_transits,fold_14,44.0,44.0,0.0
2024-02-03,seasonal_naive_7d,hormuz_tanker_transits,fold_14,38.0,59.0,-21.0
2024-02-04,seasonal_naive_7d,hormuz_tanker_transits,fold_14,40.0,56.0,-16.0
2024-02-05,seasonal_naive_7d,hormuz_tanker_transits,fold_14,51.0,52.0,-1.0
2024-02-06,seasonal_naive_7d,hormuz_tanker_transits,fold_14,31.0,57.0,-26.0
2024-02-07,seasonal_naive_7d,hormuz_tanker_transits,fold_14,54.0,64.0,-10.0
2024-02-08,seasonal_naive_7d,hormuz_tanker_transits,fold_14,58.0,39.0,19.0
2024-02-09,seasonal_naive_7d,hormuz_tanker_transits,fold_14,44.0,44.0,0.0
2024-02-10,seasonal_naive_7d,hormuz_tanker_transits,fold_14,56.0,59.0,-3.0
2024-02-11,seasonal_naive_7d,hormuz_tanker_transits,fold_14,57.0,56.0,1.0
2024-02-12,seasonal_naive_7d,hormuz_tanker_transits,fold_14,56.0,52.0,4.0
2024-02-13,seasonal_naive_7d,hormuz_tanker_transits,fold_14,46.0,57.0,-11.0
2024-02-14,seasonal_naive_7d,hormuz_tanker_transits,fold_14,54.0,64.0,-10.0
2024-02-15,seasonal_naive_7d,hormuz_tanker_transits,fold_14,62.0,39.0,23.0
2024-02-16,seasonal_naive_7d,hormuz_tanker_transits,fold_14,65.0,44.0,21.0
2024-02-17,seasonal_naive_7d,hormuz_tanker_transits,fold_14,38.0,59.0,-21.0
2024-02-18,seasonal_naive_7d,hormuz_tanker_transits,fold_14,44.0,56.0,-12.0
2024-02-19,seasonal_naive_7d,hormuz_tanker_transits,fold_14,44.0,52.0,-8.0
2024-02-20,seasonal_naive_7d,hormuz_tanker_transits,fold_14,42.0,57.0,-15.0
2024-02-21,seasonal_naive_7d,hormuz_tanker_transits,fold_14,48.0,64.0,-16.0
2024-02-22,seasonal_naive_7d,hormuz_tanker_transits,fold_14,38.0,39.0,-1.0
2024-02-23,seasonal_naive_7d,hormuz_tanker_transits,fold_14,36.0,44.0,-8.0
2024-02-24,seasonal_naive_7d,hormuz_tanker_transits,fold_14,58.0,59.0,-1.0
2024-02-25,seasonal_naive_7d,hormuz_tanker_transits,fold_15,44.0,44.0,0.0
2024-02-26,seasonal_naive_7d,hormuz_tanker_transits,fold_15,53.0,44.0,9.0
2024-02-27,seasonal_naive_7d,hormuz_tanker_transits,fold_15,49.0,42.0,7.0
2024-02-28,seasonal_naive_7d,hormuz_tanker_transits,fold_15,52.0,48.0,4.0
2024-02-29,seasonal_naive_7d,hormuz_tanker_transits,fold_15,45.0,38.0,7.0
2024-03-01,seasonal_naive_7d,hormuz_tanker_transits,fold_15,48.0,36.0,12.0
2024-03-02,seasonal_naive_7d,hormuz_tanker_transits,fold_15,42.0,58.0,-16.0
2024-03-03,seasonal_naive_7d,hormuz_tanker_transits,fold_15,69.0,44.0,25.0
2024-03-04,seasonal_naive_7d,hormuz_tanker_transits,fold_15,72.0,44.0,28.0
2024-03-05,seasonal_naive_7d,hormuz_tanker_transits,fold_15,53.0,42.0,11.0
2024-03-06,seasonal_naive_7d,hormuz_tanker_transits,fold_15,35.0,48.0,-13.0
2024-03-07,seasonal_naive_7d,hormuz_tanker_transits,fold_15,50.0,38.0,12.0
2024-03-08,seasonal_naive_7d,hormuz_tanker_transits,fold_15,67.0,36.0,31.0
2024-03-09,seasonal_naive_7d,hormuz_tanker_transits,fold_15,43.0,58.0,-15.0
2024-03-10,seasonal_naive_7d,hormuz_tanker_transits,fold_15,45.0,44.0,1.0
2024-03-11,seasonal_naive_7d,hormuz_tanker_transits,fold_15,69.0,44.0,25.0
2024-03-12,seasonal_naive_7d,hormuz_tanker_transits,fold_15,79.0,42.0,37.0
2024-03-13,seasonal_naive_7d,hormuz_tanker_transits,fold_15,52.0,48.0,4.0
2024-03-14,seasonal_naive_7d,hormuz_tanker_transits,fold_15,45.0,38.0,7.0
2024-03-15,seasonal_naive_7d,hormuz_tanker_transits,fold_15,70.0,36.0,34.0
2024-03-16,seasonal_naive_7d,hormuz_tanker_transits,fold_15,89.0,58.0,31.0
2024-03-17,seasonal_naive_7d,hormuz_tanker_transits,fold_15,82.0,44.0,38.0
2024-03-18,seasonal_naive_7d,hormuz_tanker_transits,fold_15,69.0,44.0,25.0
2024-03-19,seasonal_naive_7d,hormuz_tanker_transits,fold_15,53.0,42.0,11.0
2024-03-20,seasonal_naive_7d,hormuz_tanker_transits,fold_15,60.0,48.0,12.0
2024-03-21,seasonal_naive_7d,hormuz_tanker_transits,fold_15,62.0,38.0,24.0
2024-03-22,seasonal_naive_7d,hormuz_tanker_transits,fold_15,70.0,36.0,34.0
2024-03-23,seasonal_naive_7d,hormuz_tanker_transits,fold_15,64.0,58.0,6.0
2024-03-24,seasonal_naive_7d,hormuz_tanker_transits,fold_15,69.0,44.0,25.0
2024-03-25,seasonal_naive_7d,hormuz_tanker_transits,fold_15,65.0,44.0,21.0
2024-03-26,seasonal_naive_7d,hormuz_tanker_transits,fold_16,57.0,53.0,4.0
2024-03-27,seasonal_naive_7d,hormuz_tanker_transits,fold_16,65.0,60.0,5.0
2024-03-28,seasonal_naive_7d,hormuz_tanker_transits,fold_16,65.0,62.0,3.0
2024-03-29,seasonal_naive_7d,hormuz_tanker_transits,fold_16,80.0,70.0,10.0
2024-03-30,seasonal_naive_7d,hormuz_tanker_transits,fold_16,65.0,64.0,1.0
2024-03-31,seasonal_naive_7d,hormuz_tanker_transits,fold_16,85.0,69.0,16.0
2024-04-01,seasonal_naive_7d,hormuz_tanker_transits,fold_16,69.0,65.0,4.0
2024-04-02,seasonal_naive_7d,hormuz_tanker_transits,fold_16,54.0,53.0,1.0
2024-04-03,seasonal_naive_7d,hormuz_tanker_transits,fold_16,59.0,60.0,-1.0
2024-04-04,seasonal_naive_7d,hormuz_tanker_transits,fold_16,58.0,62.0,-4.0
2024-04-05,seasonal_naive_7d,hormuz_tanker_transits,fold_16,53.0,70.0,-17.0
2024-04-06,seasonal_naive_7d,hormuz_tanker_transits,fold_16,77.0,64.0,13.0
2024-04-07,seasonal_naive_7d,hormuz_tanker_transits,fold_16,57.0,69.0,-12.0
2024-04-08,seasonal_naive_7d,hormuz_tanker_transits,fold_16,77.0,65.0,12.0
2024-04-09,seasonal_naive_7d,hormuz_tanker_transits,fold_16,70.0,53.0,17.0
2024-04-10,seasonal_naive_7d,hormuz_tanker_transits,fold_16,76.0,60.0,16.0
2024-04-11,seasonal_naive_7d,hormuz_tanker_transits,fold_16,73.0,62.0,11.0
2024-04-12,seasonal_naive_7d,hormuz_tanker_transits,fold_16,45.0,70.0,-25.0
2024-04-13,seasonal_naive_7d,hormuz_tanker_transits,fold_16,75.0,64.0,11.0
2024-04-14,seasonal_naive_7d,hormuz_tanker_transits,fold_16,76.0,69.0,7.0
2024-04-15,seasonal_naive_7d,hormuz_tanker_transits,fold_16,65.0,65.0,0.0
2024-04-16,seasonal_naive_7d,hormuz_tanker_transits,fold_16,55.0,53.0,2.0
2024-04-17,seasonal_naive_7d,hormuz_tanker_transits,fold_16,50.0,60.0,-10.0
2024-04-18,seasonal_naive_7d,hormuz_tanker_transits,fold_16,62.0,62.0,0.0
2024-04-19,seasonal_naive_7d,hormuz_tanker_transits,fold_16,49.0,70.0,-21.0
2024-04-20,seasonal_naive_7d,hormuz_tanker_transits,fold_16,76.0,64.0,12.0
2024-04-21,seasonal_naive_7d,hormuz_tanker_transits,fold_16,77.0,69.0,8.0
2024-04-22,seasonal_naive_7d,hormuz_tanker_transits,fold_16,71.0,65.0,6.0
2024-04-23,seasonal_naive_7d,hormuz_tanker_transits,fold_16,84.0,53.0,31.0
2024-04-24,seasonal_naive_7d,hormuz_tanker_transits,fold_16,62.0,60.0,2.0
2024-04-25,seasonal_naive_7d,hormuz_tanker_transits,fold_17,46.0,62.0,-16.0
2024-04-26,seasonal_naive_7d,hormuz_tanker_transits,fold_17,61.0,49.0,12.0
2024-04-27,seasonal_naive_7d,hormuz_tanker_transits,fold_17,79.0,76.0,3.0
2024-04-28,seasonal_naive_7d,hormuz_tanker_transits,fold_17,53.0,77.0,-24.0
2024-04-29,seasonal_naive_7d,hormuz_tanker_transits,fold_17,54.0,71.0,-17.0
2024-04-30,seasonal_naive_7d,hormuz_tanker_transits,fold_17,83.0,84.0,-1.0
2024-05-01,seasonal_naive_7d,hormuz_tanker_transits,fold_17,57.0,62.0,-5.0
2024-05-02,seasonal_naive_7d,hormuz_tanker_transits,fold_17,48.0,62.0,-14.0
2024-05-03,seasonal_naive_7d,hormuz_tanker_transits,fold_17,57.0,49.0,8.0
2024-05-04,seasonal_naive_7d,hormuz_tanker_transits,fold_17,74.0,76.0,-2.0
2024-05-05,seasonal_naive_7d,hormuz_tanker_transits,fold_17,76.0,77.0,-1.0
2024-05-06,seasonal_naive_7d,hormuz_tanker_transits,fold_17,74.0,71.0,3.0
2024-05-07,seasonal_naive_7d,hormuz_tanker_transits,fold_17,78.0,84.0,-6.0
2024-05-08,seasonal_naive_7d,hormuz_tanker_transits,fold_17,51.0,62.0,-11.0
2024-05-09,seasonal_naive_7d,hormuz_tanker_transits,fold_17,72.0,62.0,10.0
2024-05-10,seasonal_naive_7d,hormuz_tanker_transits,fold_17,52.0,49.0,3.0
2024-05-11,seasonal_naive_7d,hormuz_tanker_transits,fold_17,58.0,76.0,-18.0
2024-05-12,seasonal_naive_7d,hormuz_tanker_transits,fold_17,68.0,77.0,-9.0
2024-05-13,seasonal_naive_7d,hormuz_tanker_transits,fold_17,92.0,71.0,21.0
2024-05-14,seasonal_naive_7d,hormuz_tanker_transits,fold_17,66.0,84.0,-18.0
2024-05-15,seasonal_naive_7d,hormuz_tanker_transits,fold_17,79.0,62.0,17.0
2024-05-16,seasonal_naive_7d,hormuz_tanker_transits,fold_17,79.0,62.0,17.0
2024-05-17,seasonal_naive_7d,hormuz_tanker_transits,fold_17,73.0,49.0,24.0
2024-05-18,seasonal_naive_7d,hormuz_tanker_transits,fold_17,41.0,76.0,-35.0
2024-05-19,seasonal_naive_7d,hormuz_tanker_transits,fold_17,72.0,77.0,-5.0
2024-05-20,seasonal_naive_7d,hormuz_tanker_transits,fold_17,49.0,71.0,-22.0
2024-05-21,seasonal_naive_7d,hormuz_tanker_transits,fold_17,76.0,84.0,-8.0
2024-05-22,seasonal_naive_7d,hormuz_tanker_transits,fold_17,68.0,62.0,6.0
2024-05-23,seasonal_naive_7d,hormuz_tanker_transits,fold_17,80.0,62.0,18.0
2024-05-24,seasonal_naive_7d,hormuz_tanker_transits,fold_17,59.0,49.0,10.0
2024-05-25,seasonal_naive_7d,hormuz_tanker_transits,fold_18,59.0,41.0,18.0
2024-05-26,seasonal_naive_7d,hormuz_tanker_transits,fold_18,85.0,72.0,13.0
2024-05-27,seasonal_naive_7d,hormuz_tanker_transits,fold_18,81.0,49.0,32.0
2024-05-28,seasonal_naive_7d,hormuz_tanker_transits,fold_18,83.0,76.0,7.0
2024-05-29,seasonal_naive_7d,hormuz_tanker_transits,fold_18,74.0,68.0,6.0
2024-05-30,seasonal_naive_7d,hormuz_tanker_transits,fold_18,50.0,80.0,-30.0
2024-05-31,seasonal_naive_7d,hormuz_tanker_transits,fold_18,64.0,59.0,5.0
2024-06-01,seasonal_naive_7d,hormuz_tanker_transits,fold_18,54.0,41.0,13.0
2024-06-02,seasonal_naive_7d,hormuz_tanker_transits,fold_18,94.0,72.0,22.0
2024-06-03,seasonal_naive_7d,hormuz_tanker_transits,fold_18,78.0,49.0,29.0
2024-06-04,seasonal_naive_7d,hormuz_tanker_transits,fold_18,79.0,76.0,3.0
2024-06-05,seasonal_naive_7d,hormuz_tanker_transits,fold_18,55.0,68.0,-13.0
2024-06-06,seasonal_naive_7d,hormuz_tanker_transits,fold_18,49.0,80.0,-31.0
2024-06-07,seasonal_naive_7d,hormuz_tanker_transits,fold_18,52.0,59.0,-7.0
2024-06-08,seasonal_naive_7d,hormuz_tanker_transits,fold_18,57.0,41.0,16.0
2024-06-09,seasonal_naive_7d,hormuz_tanker_transits,fold_18,48.0,72.0,-24.0
2024-06-10,seasonal_naive_7d,hormuz_tanker_transits,fold_18,73.0,49.0,24.0
2024-06-11,seasonal_naive_7d,hormuz_tanker_transits,fold_18,54.0,76.0,-22.0
2024-06-12,seasonal_naive_7d,hormuz_tanker_transits,fold_18,46.0,68.0,-22.0
2024-06-13,seasonal_naive_7d,hormuz_tanker_transits,fold_18,48.0,80.0,-32.0
2024-06-14,seasonal_naive_7d,hormuz_tanker_transits,fold_18,68.0,59.0,9.0
2024-06-15,seasonal_naive_7d,hormuz_tanker_transits,fold_18,76.0,41.0,35.0
2024-06-16,seasonal_naive_7d,hormuz_tanker_transits,fold_18,73.0,72.0,1.0
2024-06-17,seasonal_naive_7d,hormuz_tanker_transits,fold_18,75.0,49.0,26.0
2024-06-18,seasonal_naive_7d,hormuz_tanker_transits,fold_18,49.0,76.0,-27.0
2024-06-19,seasonal_naive_7d,hormuz_tanker_transits,fold_18,81.0,68.0,13.0
2024-06-20,seasonal_naive_7d,hormuz_tanker_transits,fold_18,53.0,80.0,-27.0
2024-06-21,seasonal_naive_7d,hormuz_tanker_transits,fold_18,62.0,59.0,3.0
2024-06-22,seasonal_naive_7d,hormuz_tanker_transits,fold_18,70.0,41.0,29.0
2024-06-23,seasonal_naive_7d,hormuz_tanker_transits,fold_18,67.0,72.0,-5.0
2024-06-24,seasonal_naive_7d,hormuz_tanker_transits,fold_19,76.0,75.0,1.0
2024-06-25,seasonal_naive_7d,hormuz_tanker_transits,fold_19,67.0,49.0,18.0
2024-06-26,seasonal_naive_7d,hormuz_tanker_transits,fold_19,73.0,81.0,-8.0
2024-06-27,seasonal_naive_7d,hormuz_tanker_transits,fold_19,90.0,53.0,37.0
2024-06-28,seasonal_naive_7d,hormuz_tanker_transits,fold_19,76.0,62.0,14.0
2024-06-29,seasonal_naive_7d,hormuz_tanker_transits,fold_19,49.0,70.0,-21.0
2024-06-30,seasonal_naive_7d,hormuz_tanker_transits,fold_19,61.0,67.0,-6.0
2024-07-01,seasonal_naive_7d,hormuz_tanker_transits,fold_19,45.0,75.0,-30.0
2024-07-02,seasonal_naive_7d,hormuz_tanker_transits,fold_19,47.0,49.0,-2.0
2024-07-03,seasonal_naive_7d,hormuz_tanker_transits,fold_19,77.0,81.0,-4.0
2024-07-04,seasonal_naive_7d,hormuz_tanker_transits,fold_19,89.0,53.0,36.0
2024-07-05,seasonal_naive_7d,hormuz_tanker_transits,fold_19,66.0,62.0,4.0
2024-07-06,seasonal_naive_7d,hormuz_tanker_transits,fold_19,73.0,70.0,3.0
2024-07-07,seasonal_naive_7d,hormuz_tanker_transits,fold_19,85.0,67.0,18.0
2024-07-08,seasonal_naive_7d,hormuz_tanker_transits,fold_19,79.0,75.0,4.0
2024-07-09,seasonal_naive_7d,hormuz_tanker_transits,fold_19,91.0,49.0,42.0
2024-07-10,seasonal_naive_7d,hormuz_tanker_transits,fold_19,75.0,81.0,-6.0
2024-07-11,seasonal_naive_7d,hormuz_tanker_transits,fold_19,80.0,53.0,27.0
2024-07-12,seasonal_naive_7d,hormuz_tanker_transits,fold_19,74.0,62.0,12.0
2024-07-13,seasonal_naive_7d,hormuz_tanker_transits,fold_19,72.0,70.0,2.0
2024-07-14,seasonal_naive_7d,hormuz_tanker_transits,fold_19,82.0,67.0,15.0
2024-07-15,seasonal_naive_7d,hormuz_tanker_transits,fold_19,81.0,75.0,6.0
2024-07-16,seasonal_naive_7d,hormuz_tanker_transits,fold_19,84.0,49.0,35.0
2024-07-17,seasonal_naive_7d,hormuz_tanker_transits,fold_19,78.0,81.0,-3.0
2024-07-18,seasonal_naive_7d,hormuz_tanker_transits,fold_19,40.0,53.0,-13.0
2024-07-19,seasonal_naive_7d,hormuz_tanker_transits,fold_19,62.0,62.0,0.0
2024-07-20,seasonal_naive_7d,hormuz_tanker_transits,fold_19,66.0,70.0,-4.0
2024-07-21,seasonal_naive_7d,hormuz_tanker_transits,fold_19,73.0,67.0,6.0
2024-07-22,seasonal_naive_7d,hormuz_tanker_transits,fold_19,54.0,75.0,-21.0
2024-07-23,seasonal_naive_7d,hormuz_tanker_transits,fold_19,54.0,49.0,5.0
2024-07-24,seasonal_naive_7d,hormuz_tanker_transits,fold_20,51.0,78.0,-27.0
2024-07-25,seasonal_naive_7d,hormuz_tanker_transits,fold_20,71.0,40.0,31.0
2024-07-26,seasonal_naive_7d,hormuz_tanker_transits,fold_20,58.0,62.0,-4.0
2024-07-27,seasonal_naive_7d,hormuz_tanker_transits,fold_20,67.0,66.0,1.0
2024-07-28,seasonal_naive_7d,hormuz_tanker_transits,fold_20,64.0,73.0,-9.0
2024-07-29,seasonal_naive_7d,hormuz_tanker_transits,fold_20,78.0,54.0,24.0
2024-07-30,seasonal_naive_7d,hormuz_tanker_transits,fold_20,68.0,54.0,14.0
2024-07-31,seasonal_naive_7d,hormuz_tanker_transits,fold_20,76.0,78.0,-2.0
2024-08-01,seasonal_naive_7d,hormuz_tanker_transits,fold_20,61.0,40.0,21.0
2024-08-02,seasonal_naive_7d,hormuz_tanker_transits,fold_20,59.0,62.0,-3.0
2024-08-03,seasonal_naive_7d,hormuz_tanker_transits,fold_20,50.0,66.0,-16.0
2024-08-04,seasonal_naive_7d,hormuz_tanker_transits,fold_20,68.0,73.0,-5.0
2024-08-05,seasonal_naive_7d,hormuz_tanker_transits,fold_20,58.0,54.0,4.0
2024-08-06,seasonal_naive_7d,hormuz_tanker_transits,fold_20,50.0,54.0,-4.0
2024-08-07,seasonal_naive_7d,hormuz_tanker_transits,fold_20,39.0,78.0,-39.0
2024-08-08,seasonal_naive_7d,hormuz_tanker_transits,fold_20,66.0,40.0,26.0
2024-08-09,seasonal_naive_7d,hormuz_tanker_transits,fold_20,65.0,62.0,3.0
2024-08-10,seasonal_naive_7d,hormuz_tanker_transits,fold_20,51.0,66.0,-15.0
2024-08-11,seasonal_naive_7d,hormuz_tanker_transits,fold_20,70.0,73.0,-3.0
2024-08-12,seasonal_naive_7d,hormuz_tanker_transits,fold_20,78.0,54.0,24.0
2024-08-13,seasonal_naive_7d,hormuz_tanker_transits,fold_20,47.0,54.0,-7.0
2024-08-14,seasonal_naive_7d,hormuz_tanker_transits,fold_20,40.0,78.0,-38.0
2024-08-15,seasonal_naive_7d,hormuz_tanker_transits,fold_20,30.0,40.0,-10.0
2024-08-16,seasonal_naive_7d,hormuz_tanker_transits,fold_20,39.0,62.0,-23.0
2024-08-17,seasonal_naive_7d,hormuz_tanker_transits,fold_20,48.0,66.0,-18.0
2024-08-18,seasonal_naive_7d,hormuz_tanker_transits,fold_20,45.0,73.0,-28.0
2024-08-19,seasonal_naive_7d,hormuz_tanker_transits,fold_20,42.0,54.0,-12.0
2024-08-20,seasonal_naive_7d,hormuz_tanker_transits,fold_20,39.0,54.0,-15.0
2024-08-21,seasonal_naive_7d,hormuz_tanker_transits,fold_20,47.0,78.0,-31.0
2024-08-22,seasonal_naive_7d,hormuz_tanker_transits,fold_20,49.0,40.0,9.0
2024-08-23,seasonal_naive_7d,hormuz_tanker_transits,fold_21,46.0,39.0,7.0
2024-08-24,seasonal_naive_7d,hormuz_tanker_transits,fold_21,66.0,48.0,18.0
2024-08-25,seasonal_naive_7d,hormuz_tanker_transits,fold_21,69.0,45.0,24.0
2024-08-26,seasonal_naive_7d,hormuz_tanker_transits,fold_21,80.0,42.0,38.0
2024-08-27,seasonal_naive_7d,hormuz_tanker_transits,fold_21,67.0,39.0,28.0
2024-08-28,seasonal_naive_7d,hormuz_tanker_transits,fold_21,50.0,47.0,3.0
2024-08-29,seasonal_naive_7d,hormuz_tanker_transits,fold_21,64.0,49.0,15.0
2024-08-30,seasonal_naive_7d,hormuz_tanker_transits,fold_21,57.0,39.0,18.0
2024-08-31,seasonal_naive_7d,hormuz_tanker_transits,fold_21,64.0,48.0,16.0
2024-09-01,seasonal_naive_7d,hormuz_tanker_transits,fold_21,53.0,45.0,8.0
2024-09-02,seasonal_naive_7d,hormuz_tanker_transits,fold_21,67.0,42.0,25.0
2024-09-03,seasonal_naive_7d,hormuz_tanker_transits,fold_21,67.0,39.0,28.0
2024-09-04,seasonal_naive_7d,hormuz_tanker_transits,fold_21,70.0,47.0,23.0
2024-09-05,seasonal_naive_7d,hormuz_tanker_transits,fold_21,65.0,49.0,16.0
2024-09-06,seasonal_naive_7d,hormuz_tanker_transits,fold_21,70.0,39.0,31.0
2024-09-07,seasonal_naive_7d,hormuz_tanker_transits,fold_21,55.0,48.0,7.0
2024-09-08,seasonal_naive_7d,hormuz_tanker_transits,fold_21,36.0,45.0,-9.0
2024-09-09,seasonal_naive_7d,hormuz_tanker_transits,fold_21,61.0,42.0,19.0
2024-09-10,seasonal_naive_7d,hormuz_tanker_transits,fold_21,76.0,39.0,37.0
2024-09-11,seasonal_naive_7d,hormuz_tanker_transits,fold_21,71.0,47.0,24.0
2024-09-12,seasonal_naive_7d,hormuz_tanker_transits,fold_21,64.0,49.0,15.0
2024-09-13,seasonal_naive_7d,hormuz_tanker_transits,fold_21,58.0,39.0,19.0
2024-09-14,seasonal_naive_7d,hormuz_tanker_transits,fold_21,62.0,48.0,14.0
2024-09-15,seasonal_naive_7d,hormuz_tanker_transits,fold_21,33.0,45.0,-12.0
2024-09-16,seasonal_naive_7d,hormuz_tanker_transits,fold_21,61.0,42.0,19.0
2024-09-17,seasonal_naive_7d,hormuz_tanker_transits,fold_21,46.0,39.0,7.0
2024-09-18,seasonal_naive_7d,hormuz_tanker_transits,fold_21,56.0,47.0,9.0
2024-09-19,seasonal_naive_7d,hormuz_tanker_transits,fold_21,66.0,49.0,17.0
2024-09-20,seasonal_naive_7d,hormuz_tanker_transits,fold_21,60.0,39.0,21.0
2024-09-21,seasonal_naive_7d,hormuz_tanker_transits,fold_21,61.0,48.0,13.0
2024-09-22,seasonal_naive_7d,hormuz_tanker_transits,fold_22,53.0,33.0,20.0
2024-09-23,seasonal_naive_7d,hormuz_tanker_transits,fold_22,54.0,61.0,-7.0
2024-09-24,seasonal_naive_7d,hormuz_tanker_transits,fold_22,56.0,46.0,10.0
2024-09-25,seasonal_naive_7d,hormuz_tanker_transits,fold_22,40.0,56.0,-16.0
2024-09-26,seasonal_naive_7d,hormuz_tanker_transits,fold_22,50.0,66.0,-16.0
2024-09-27,seasonal_naive_7d,hormuz_tanker_transits,fold_22,43.0,60.0,-17.0
2024-09-28,seasonal_naive_7d,hormuz_tanker_transits,fold_22,44.0,61.0,-17.0
2024-09-29,seasonal_naive_7d,hormuz_tanker_transits,fold_22,52.0,33.0,19.0
2024-09-30,seasonal_naive_7d,hormuz_tanker_transits,fold_22,40.0,61.0,-21.0
2024-10-01,seasonal_naive_7d,hormuz_tanker_transits,fold_22,45.0,46.0,-1.0
2024-10-02,seasonal_naive_7d,hormuz_tanker_transits,fold_22,59.0,56.0,3.0
2024-10-03,seasonal_naive_7d,hormuz_tanker_transits,fold_22,68.0,66.0,2.0
2024-10-04,seasonal_naive_7d,hormuz_tanker_transits,fold_22,58.0,60.0,-2.0
2024-10-05,seasonal_naive_7d,hormuz_tanker_transits,fold_22,48.0,61.0,-13.0
2024-10-06,seasonal_naive_7d,hormuz_tanker_transits,fold_22,34.0,33.0,1.0
2024-10-07,seasonal_naive_7d,hormuz_tanker_transits,fold_22,63.0,61.0,2.0
2024-10-08,seasonal_naive_7d,hormuz_tanker_transits,fold_22,65.0,46.0,19.0
2024-10-09,seasonal_naive_7d,hormuz_tanker_transits,fold_22,44.0,56.0,-12.0
2024-10-10,seasonal_naive_7d,hormuz_tanker_transits,fold_22,47.0,66.0,-19.0
2024-10-11,seasonal_naive_7d,hormuz_tanker_transits,fold_22,52.0,60.0,-8.0
2024-10-12,seasonal_naive_7d,hormuz_tanker_transits,fold_22,50.0,61.0,-11.0
2024-10-13,seasonal_naive_7d,hormuz_tanker_transits,fold_22,41.0,33.0,8.0
2024-10-14,seasonal_naive_7d,hormuz_tanker_transits,fold_22,50.0,61.0,-11.0
2024-10-15,seasonal_naive_7d,hormuz_tanker_transits,fold_22,48.0,46.0,2.0
2024-10-16,seasonal_naive_7d,hormuz_tanker_transits,fold_22,52.0,56.0,-4.0
2024-10-17,seasonal_naive_7d,hormuz_tanker_transits,fold_22,56.0,66.0,-10.0
2024-10-18,seasonal_naive_7d,hormuz_tanker_transits,fold_22,52.0,60.0,-8.0
2024-10-19,seasonal_naive_7d,hormuz_tanker_transits,fold_22,67.0,61.0,6.0
2024-10-20,seasonal_naive_7d,hormuz_tanker_transits,fold_22,63.0,33.0,30.0
2024-10-21,seasonal_naive_7d,hormuz_tanker_transits,fold_22,55.0,61.0,-6.0
2024-10-22,seasonal_naive_7d,hormuz_tanker_transits,fold_23,46.0,48.0,-2.0
2024-10-23,seasonal_naive_7d,hormuz_tanker_transits,fold_23,43.0,52.0,-9.0
2024-10-24,seasonal_naive_7d,hormuz_tanker_transits,fold_23,40.0,56.0,-16.0
2024-10-25,seasonal_naive_7d,hormuz_tanker_transits,fold_23,68.0,52.0,16.0
2024-10-26,seasonal_naive_7d,hormuz_tanker_transits,fold_23,46.0,67.0,-21.0
2024-10-27,seasonal_naive_7d,hormuz_tanker_transits,fold_23,61.0,63.0,-2.0
2024-10-28,seasonal_naive_7d,hormuz_tanker_transits,fold_23,48.0,55.0,-7.0
2024-10-29,seasonal_naive_7d,hormuz_tanker_transits,fold_23,42.0,48.0,-6.0
2024-10-30,seasonal_naive_7d,hormuz_tanker_transits,fold_23,45.0,52.0,-7.0
2024-10-31,seasonal_naive_7d,hormuz_tanker_transits,fold_23,29.0,56.0,-27.0
2024-11-01,seasonal_naive_7d,hormuz_tanker_transits,fold_23,55.0,52.0,3.0
2024-11-02,seasonal_naive_7d,hormuz_tanker_transits,fold_23,51.0,67.0,-16.0
2024-11-03,seasonal_naive_7d,hormuz_tanker_transits,fold_23,59.0,63.0,-4.0
2024-11-04,seasonal_naive_7d,hormuz_tanker_transits,fold_23,53.0,55.0,-2.0
2024-11-05,seasonal_naive_7d,hormuz_tanker_transits,fold_23,44.0,48.0,-4.0
2024-11-06,seasonal_naive_7d,hormuz_tanker_transits,fold_23,61.0,52.0,9.0
2024-11-07,seasonal_naive_7d,hormuz_tanker_transits,fold_23,52.0,56.0,-4.0
2024-11-08,seasonal_naive_7d,hormuz_tanker_transits,fold_23,36.0,52.0,-16.0
2024-11-09,seasonal_naive_7d,hormuz_tanker_transits,fold_23,49.0,67.0,-18.0
2024-11-10,seasonal_naive_7d,hormuz_tanker_transits,fold_23,50.0,63.0,-13.0
2024-11-11,seasonal_naive_7d,hormuz_tanker_transits,fold_23,61.0,55.0,6.0
2024-11-12,seasonal_naive_7d,hormuz_tanker_transits,fold_23,59.0,48.0,11.0
2024-11-13,seasonal_naive_7d,hormuz_tanker_transits,fold_23,34.0,52.0,-18.0
2024-11-14,seasonal_naive_7d,hormuz_tanker_transits,fold_23,45.0,56.0,-11.0
2024-11-15,seasonal_naive_7d,hormuz_tanker_transits,fold_23,39.0,52.0,-13.0
2024-11-16,seasonal_naive_7d,hormuz_tanker_transits,fold_23,32.0,67.0,-35.0
2024-11-17,seasonal_naive_7d,hormuz_tanker_transits,fold_23,36.0,63.0,-27.0
2024-11-18,seasonal_naive_7d,hormuz_tanker_transits,fold_23,54.0,55.0,-1.0
2024-11-19,seasonal_naive_7d,hormuz_tanker_transits,fold_23,37.0,48.0,-11.0
2024-11-20,seasonal_naive_7d,hormuz_tanker_transits,fold_23,39.0,52.0,-13.0
2024-11-21,seasonal_naive_7d,hormuz_tanker_transits,fold_24,32.0,45.0,-13.0
2024-11-22,seasonal_naive_7d,hormuz_tanker_transits,fold_24,43.0,39.0,4.0
2024-11-23,seasonal_naive_7d,hormuz_tanker_transits,fold_24,48.0,32.0,16.0
2024-11-24,seasonal_naive_7d,hormuz_tanker_transits,fold_24,33.0,36.0,-3.0
2024-11-25,seasonal_naive_7d,hormuz_tanker_transits,fold_24,38.0,54.0,-16.0
2024-11-26,seasonal_naive_7d,hormuz_tanker_transits,fold_24,32.0,37.0,-5.0
2024-11-27,seasonal_naive_7d,hormuz_tanker_transits,fold_24,34.0,39.0,-5.0
2024-11-28,seasonal_naive_7d,hormuz_tanker_transits,fold_24,41.0,45.0,-4.0
2024-11-29,seasonal_naive_7d,hormuz_tanker_transits,fold_24,50.0,39.0,11.0
2024-11-30,seasonal_naive_7d,hormuz_tanker_transits,fold_24,32.0,32.0,0.0
2024-12-01,seasonal_naive_7d,hormuz_tanker_transits,fold_24,39.0,36.0,3.0
2024-12-02,seasonal_naive_7d,hormuz_tanker_transits,fold_24,47.0,54.0,-7.0
2024-12-03,seasonal_naive_7d,hormuz_tanker_transits,fold_24,21.0,37.0,-16.0
2024-12-04,seasonal_naive_7d,hormuz_tanker_transits,fold_24,40.0,39.0,1.0
2024-12-05,seasonal_naive_7d,hormuz_tanker_transits,fold_24,30.0,45.0,-15.0
2024-12-06,seasonal_naive_7d,hormuz_tanker_transits,fold_24,25.0,39.0,-14.0
2024-12-07,seasonal_naive_7d,hormuz_tanker_transits,fold_24,33.0,32.0,1.0
2024-12-08,seasonal_naive_7d,hormuz_tanker_transits,fold_24,26.0,36.0,-10.0
2024-12-09,seasonal_naive_7d,hormuz_tanker_transits,fold_24,32.0,54.0,-22.0
2024-12-10,seasonal_naive_7d,hormuz_tanker_transits,fold_24,36.0,37.0,-1.0
2024-12-11,seasonal_naive_7d,hormuz_tanker_transits,fold_24,39.0,39.0,0.0
2024-12-12,seasonal_naive_7d,hormuz_tanker_transits,fold_24,51.0,45.0,6.0
2024-12-13,seasonal_naive_7d,hormuz_tanker_transits,fold_24,34.0,39.0,-5.0
2024-12-14,seasonal_naive_7d,hormuz_tanker_transits,fold_24,34.0,32.0,2.0
2024-12-15,seasonal_naive_7d,hormuz_tanker_transits,fold_24,41.0,36.0,5.0
2024-12-16,seasonal_naive_7d,hormuz_tanker_transits,fold_24,49.0,54.0,-5.0
2024-12-17,seasonal_naive_7d,hormuz_tanker_transits,fold_24,38.0,37.0,1.0
2024-12-18,seasonal_naive_7d,hormuz_tanker_transits,fold_24,21.0,39.0,-18.0
2024-12-19,seasonal_naive_7d,hormuz_tanker_transits,fold_24,42.0,45.0,-3.0
2024-12-20,seasonal_naive_7d,hormuz_tanker_transits,fold_24,54.0,39.0,15.0
2024-12-21,seasonal_naive_7d,hormuz_tanker_transits,fold_25,38.0,34.0,4.0
2024-12-22,seasonal_naive_7d,hormuz_tanker_transits,fold_25,38.0,41.0,-3.0
2024-12-23,seasonal_naive_7d,hormuz_tanker_transits,fold_25,34.0,49.0,-15.0
2024-12-24,seasonal_naive_7d,hormuz_tanker_transits,fold_25,31.0,38.0,-7.0
2024-12-25,seasonal_naive_7d,hormuz_tanker_transits,fold_25,31.0,21.0,10.0
2024-12-26,seasonal_naive_7d,hormuz_tanker_transits,fold_25,35.0,42.0,-7.0
2024-12-27,seasonal_naive_7d,hormuz_tanker_transits,fold_25,38.0,54.0,-16.0
2024-12-28,seasonal_naive_7d,hormuz_tanker_transits,fold_25,45.0,34.0,11.0
2024-12-29,seasonal_naive_7d,hormuz_tanker_transits,fold_25,45.0,41.0,4.0
2024-12-30,seasonal_naive_7d,hormuz_tanker_transits,fold_25,27.0,49.0,-22.0
2024-12-31,seasonal_naive_7d,hormuz_tanker_transits,fold_25,35.0,38.0,-3.0
2025-01-01,seasonal_naive_7d,hormuz_tanker_transits,fold_25,51.0,21.0,30.0
2025-01-02,seasonal_naive_7d,hormuz_tanker_transits,fold_25,26.0,42.0,-16.0
2025-01-03,seasonal_naive_7d,hormuz_tanker_transits,fold_25,45.0,54.0,-9.0
2025-01-04,seasonal_naive_7d,hormuz_tanker_transits,fold_25,48.0,34.0,14.0
2025-01-05,seasonal_naive_7d,hormuz_tanker_transits,fold_25,45.0,41.0,4.0
2025-01-06,seasonal_naive_7d,hormuz_tanker_transits,fold_25,32.0,49.0,-17.0
2025-01-07,seasonal_naive_7d,hormuz_tanker_transits,fold_25,40.0,38.0,2.0
2025-01-08,seasonal_naive_7d,hormuz_tanker_transits,fold_25,36.0,21.0,15.0
2025-01-09,seasonal_naive_7d,hormuz_tanker_transits,fold_25,45.0,42.0,3.0
2025-01-10,seasonal_naive_7d,hormuz_tanker_transits,fold_25,50.0,54.0,-4.0
2025-01-11,seasonal_naive_7d,hormuz_tanker_transits,fold_25,57.0,34.0,23.0
2025-01-12,seasonal_naive_7d,hormuz_tanker_transits,fold_25,64.0,41.0,23.0
2025-01-13,seasonal_naive_7d,hormuz_tanker_transits,fold_25,45.0,49.0,-4.0
2025-01-14,seasonal_naive_7d,hormuz_tanker_transits,fold_25,38.0,38.0,0.0
2025-01-15,seasonal_naive_7d,hormuz_tanker_transits,fold_25,37.0,21.0,16.0
2025-01-16,seasonal_naive_7d,hormuz_tanker_transits,fold_25,51.0,42.0,9.0
2025-01-17,seasonal_naive_7d,hormuz_tanker_transits,fold_25,53.0,54.0,-1.0
2025-01-18,seasonal_naive_7d,hormuz_tanker_transits,fold_25,51.0,34.0,17.0
2025-01-19,seasonal_naive_7d,hormuz_tanker_transits,fold_25,41.0,41.0,0.0
2025-01-20,seasonal_naive_7d,hormuz_tanker_transits,fold_26,49.0,45.0,4.0
2025-01-21,seasonal_naive_7d,hormuz_tanker_transits,fold_26,47.0,38.0,9.0
2025-01-22,seasonal_naive_7d,hormuz_tanker_transits,fold_26,45.0,37.0,8.0
2025-01-23,seasonal_naive_7d,hormuz_tanker_transits,fold_26,49.0,51.0,-2.0
2025-01-24,seasonal_naive_7d,hormuz_tanker_transits,fold_26,42.0,53.0,-11.0
2025-01-25,seasonal_naive_7d,hormuz_tanker_transits,fold_26,59.0,51.0,8.0
2025-01-26,seasonal_naive_7d,hormuz_tanker_transits,fold_26,68.0,41.0,27.0
2025-01-27,seasonal_naive_7d,hormuz_tanker_transits,fold_26,47.0,45.0,2.0
2025-01-28,seasonal_naive_7d,hormuz_tanker_transits,fold_26,44.0,38.0,6.0
2025-01-29,seasonal_naive_7d,hormuz_tanker_transits,fold_26,54.0,37.0,17.0
2025-01-30,seasonal_naive_7d,hormuz_tanker_transits,fold_26,53.0,51.0,2.0
2025-01-31,seasonal_naive_7d,hormuz_tanker_transits,fold_26,50.0,53.0,-3.0
2025-02-01,seasonal_naive_7d,hormuz_tanker_transits,fold_26,39.0,51.0,-12.0
2025-02-02,seasonal_naive_7d,hormuz_tanker_transits,fold_26,50.0,41.0,9.0
2025-02-03,seasonal_naive_7d,hormuz_tanker_transits,fold_26,53.0,45.0,8.0
2025-02-04,seasonal_naive_7d,hormuz_tanker_transits,fold_26,55.0,38.0,17.0
2025-02-05,seasonal_naive_7d,hormuz_tanker_transits,fold_26,47.0,37.0,10.0
2025-02-06,seasonal_naive_7d,hormuz_tanker_transits,fold_26,40.0,51.0,-11.0
2025-02-07,seasonal_naive_7d,hormuz_tanker_transits,fold_26,33.0,53.0,-20.0
2025-02-08,seasonal_naive_7d,hormuz_tanker_transits,fold_26,42.0,51.0,-9.0
2025-02-09,seasonal_naive_7d,hormuz_tanker_transits,fold_26,57.0,41.0,16.0
2025-02-10,seasonal_naive_7d,hormuz_tanker_transits,fold_26,57.0,45.0,12.0
2025-02-11,seasonal_naive_7d,hormuz_tanker_transits,fold_26,61.0,38.0,23.0
2025-02-12,seasonal_naive_7d,hormuz_tanker_transits,fold_26,68.0,37.0,31.0
2025-02-13,seasonal_naive_7d,hormuz_tanker_transits,fold_26,72.0,51.0,21.0
2025-02-14,seasonal_naive_7d,hormuz_tanker_transits,fold_26,56.0,53.0,3.0
2025-02-15,seasonal_naive_7d,hormuz_tanker_transits,fold_26,49.0,51.0,-2.0
2025-02-16,seasonal_naive_7d,hormuz_tanker_transits,fold_26,43.0,41.0,2.0
2025-02-17,seasonal_naive_7d,hormuz_tanker_transits,fold_26,43.0,45.0,-2.0
2025-02-18,seasonal_naive_7d,hormuz_tanker_transits,fold_26,34.0,38.0,-4.0
2025-02-19,seasonal_naive_7d,hormuz_tanker_transits,fold_27,58.0,68.0,-10.0
2025-02-20,seasonal_naive_7d,hormuz_tanker_transits,fold_27,57.0,72.0,-15.0
2025-02-21,seasonal_naive_7d,hormuz_tanker_transits,fold_27,47.0,56.0,-9.0
2025-02-22,seasonal_naive_7d,hormuz_tanker_transits,fold_27,53.0,49.0,4.0
2025-02-23,seasonal_naive_7d,hormuz_tanker_transits,fold_27,33.0,43.0,-10.0
2025-02-24,seasonal_naive_7d,hormuz_tanker_transits,fold_27,43.0,43.0,0.0
2025-02-25,seasonal_naive_7d,hormuz_tanker_transits,fold_27,44.0,34.0,10.0
2025-02-26,seasonal_naive_7d,hormuz_tanker_transits,fold_27,28.0,68.0,-40.0
2025-02-27,seasonal_naive_7d,hormuz_tanker_transits,fold_27,43.0,72.0,-29.0
2025-02-28,seasonal_naive_7d,hormuz_tanker_transits,fold_27,46.0,56.0,-10.0
2025-03-01,seasonal_naive_7d,hormuz_tanker_transits,fold_27,42.0,49.0,-7.0
2025-03-02,seasonal_naive_7d,hormuz_tanker_transits,fold_27,42.0,43.0,-1.0
2025-03-03,seasonal_naive_7d,hormuz_tanker_transits,fold_27,61.0,43.0,18.0
2025-03-04,seasonal_naive_7d,hormuz_tanker_transits,fold_27,51.0,34.0,17.0
2025-03-05,seasonal_naive_7d,hormuz_tanker_transits,fold_27,54.0,68.0,-14.0
2025-03-06,seasonal_naive_7d,hormuz_tanker_transits,fold_27,85.0,72.0,13.0
2025-03-07,seasonal_naive_7d,hormuz_tanker_transits,fold_27,66.0,56.0,10.0
2025-03-08,seasonal_naive_7d,hormuz_tanker_transits,fold_27,59.0,49.0,10.0
2025-03-09,seasonal_naive_7d,hormuz_tanker_transits,fold_27,44.0,43.0,1.0
2025-03-10,seasonal_naive_7d,hormuz_tanker_transits,fold_27,51.0,43.0,8.0
2025-03-11,seasonal_naive_7d,hormuz_tanker_transits,fold_27,33.0,34.0,-1.0
2025-03-12,seasonal_naive_7d,hormuz_tanker_transits,fold_27,52.0,68.0,-16.0
2025-03-13,seasonal_naive_7d,hormuz_tanker_transits,fold_27,50.0,72.0,-22.0
2025-03-14,seasonal_naive_7d,hormuz_tanker_transits,fold_27,41.0,56.0,-15.0
2025-03-15,seasonal_naive_7d,hormuz_tanker_transits,fold_27,58.0,49.0,9.0
2025-03-16,seasonal_naive_7d,hormuz_tanker_transits,fold_27,71.0,43.0,28.0
2025-03-17,seasonal_naive_7d,hormuz_tanker_transits,fold_27,48.0,43.0,5.0
2025-03-18,seasonal_naive_7d,hormuz_tanker_transits,fold_27,57.0,34.0,23.0
2025-03-19,seasonal_naive_7d,hormuz_tanker_transits,fold_27,50.0,68.0,-18.0
2025-03-20,seasonal_naive_7d,hormuz_tanker_transits,fold_27,63.0,72.0,-9.0
2025-03-21,seasonal_naive_7d,hormuz_tanker_transits,fold_28,62.0,41.0,21.0
2025-03-22,seasonal_naive_7d,hormuz_tanker_transits,fold_28,44.0,58.0,-14.0
2025-03-23,seasonal_naive_7d,hormuz_tanker_transits,fold_28,50.0,71.0,-21.0
2025-03-24,seasonal_naive_7d,hormuz_tanker_transits,fold_28,49.0,48.0,1.0
2025-03-25,seasonal_naive_7d,hormuz_tanker_transits,fold_28,44.0,57.0,-13.0
2025-03-26,seasonal_naive_7d,hormuz_tanker_transits,fold_28,31.0,50.0,-19.0
2025-03-27,seasonal_naive_7d,hormuz_tanker_transits,fold_28,41.0,63.0,-22.0
2025-03-28,seasonal_naive_7d,hormuz_tanker_transits,fold_28,73.0,41.0,32.0
2025-03-29,seasonal_naive_7d,hormuz_tanker_transits,fold_28,90.0,58.0,32.0
2025-03-30,seasonal_naive_7d,hormuz_tanker_transits,fold_28,84.0,71.0,13.0
2025-03-31,seasonal_naive_7d,hormuz_tanker_transits,fold_28,57.0,48.0,9.0
2025-04-01,seasonal_naive_7d,hormuz_tanker_transits,fold_28,73.0,57.0,16.0
2025-04-02,seasonal_naive_7d,hormuz_tanker_transits,fold_28,53.0,50.0,3.0
2025-04-03,seasonal_naive_7d,hormuz_tanker_transits,fold_28,58.0,63.0,-5.0
2025-04-04,seasonal_naive_7d,hormuz_tanker_transits,fold_28,76.0,41.0,35.0
2025-04-05,seasonal_naive_7d,hormuz_tanker_transits,fold_28,55.0,58.0,-3.0
2025-04-06,seasonal_naive_7d,hormuz_tanker_transits,fold_28,68.0,71.0,-3.0
2025-04-07,seasonal_naive_7d,hormuz_tanker_transits,fold_28,67.0,48.0,19.0
2025-04-08,seasonal_naive_7d,hormuz_tanker_transits,fold_28,76.0,57.0,19.0
2025-04-09,seasonal_naive_7d,hormuz_tanker_transits,fold_28,74.0,50.0,24.0
2025-04-10,seasonal_naive_7d,hormuz_tanker_transits,fold_28,67.0,63.0,4.0
2025-04-11,seasonal_naive_7d,hormuz_tanker_transits,fold_28,69.0,41.0,28.0
2025-04-12,seasonal_naive_7d,hormuz_tanker_transits,fold_28,61.0,58.0,3.0
2025-04-13,seasonal_naive_7d,hormuz_tanker_transits,fold_28,71.0,71.0,0.0
2025-04-14,seasonal_naive_7d,hormuz_tanker_transits,fold_28,59.0,48.0,11.0
2025-04-15,seasonal_naive_7d,hormuz_tanker_transits,fold_28,32.0,57.0,-25.0
2025-04-16,seasonal_naive_7d,hormuz_tanker_transits,fold_28,71.0,50.0,21.0
2025-04-17,seasonal_naive_7d,hormuz_tanker_transits,fold_28,35.0,63.0,-28.0
2025-04-18,seasonal_naive_7d,hormuz_tanker_transits,fold_28,21.0,41.0,-20.0
2025-04-19,seasonal_naive_7d,hormuz_tanker_transits,fold_28,36.0,58.0,-22.0
2025-04-20,seasonal_naive_7d,hormuz_tanker_transits,fold_29,58.0,71.0,-13.0
2025-04-21,seasonal_naive_7d,hormuz_tanker_transits,fold_29,74.0,59.0,15.0
2025-04-22,seasonal_naive_7d,hormuz_tanker_transits,fold_29,76.0,32.0,44.0
2025-04-23,seasonal_naive_7d,hormuz_tanker_transits,fold_29,61.0,71.0,-10.0
2025-04-24,seasonal_naive_7d,hormuz_tanker_transits,fold_29,57.0,35.0,22.0
2025-04-25,seasonal_naive_7d,hormuz_tanker_transits,fold_29,44.0,21.0,23.0
2025-04-26,seasonal_naive_7d,hormuz_tanker_transits,fold_29,90.0,36.0,54.0
2025-04-27,seasonal_naive_7d,hormuz_tanker_transits,fold_29,68.0,71.0,-3.0
2025-04-28,seasonal_naive_7d,hormuz_tanker_transits,fold_29,53.0,59.0,-6.0
2025-04-29,seasonal_naive_7d,hormuz_tanker_transits,fold_29,48.0,32.0,16.0
2025-04-30,seasonal_naive_7d,hormuz_tanker_transits,fold_29,50.0,71.0,-21.0
2025-05-01,seasonal_naive_7d,hormuz_tanker_transits,fold_29,75.0,35.0,40.0
2025-05-02,seasonal_naive_7d,hormuz_tanker_transits,fold_29,72.0,21.0,51.0
2025-05-03,seasonal_naive_7d,hormuz_tanker_transits,fold_29,50.0,36.0,14.0
2025-05-04,seasonal_naive_7d,hormuz_tanker_transits,fold_29,58.0,71.0,-13.0
2025-05-05,seasonal_naive_7d,hormuz_tanker_transits,fold_29,75.0,59.0,16.0
2025-05-06,seasonal_naive_7d,hormuz_tanker_transits,fold_29,68.0,32.0,36.0
2025-05-07,seasonal_naive_7d,hormuz_tanker_transits,fold_29,44.0,71.0,-27.0
2025-05-08,seasonal_naive_7d,hormuz_tanker_transits,fold_29,27.0,35.0,-8.0
2025-05-09,seasonal_naive_7d,hormuz_tanker_transits,fold_29,62.0,21.0,41.0
2025-05-10,seasonal_naive_7d,hormuz_tanker_transits,fold_29,50.0,36.0,14.0
2025-05-11,seasonal_naive_7d,hormuz_tanker_transits,fold_29,65.0,71.0,-6.0
2025-05-12,seasonal_naive_7d,hormuz_tanker_transits,fold_29,82.0,59.0,23.0
2025-05-13,seasonal_naive_7d,hormuz_tanker_transits,fold_29,71.0,32.0,39.0
2025-05-14,seasonal_naive_7d,hormuz_tanker_transits,fold_29,72.0,71.0,1.0
2025-05-15,seasonal_naive_7d,hormuz_tanker_transits,fold_29,52.0,35.0,17.0
2025-05-16,seasonal_naive_7d,hormuz_tanker_transits,fold_29,59.0,21.0,38.0
2025-05-17,seasonal_naive_7d,hormuz_tanker_transits,fold_29,67.0,36.0,31.0
2025-05-18,seasonal_naive_7d,hormuz_tanker_transits,fold_29,70.0,71.0,-1.0
2025-05-19,seasonal_naive_7d,hormuz_tanker_transits,fold_29,54.0,59.0,-5.0
2025-05-20,seasonal_naive_7d,hormuz_tanker_transits,fold_30,71.0,71.0,0.0
2025-05-21,seasonal_naive_7d,hormuz_tanker_transits,fold_30,61.0,72.0,-11.0
2025-05-22,seasonal_naive_7d,hormuz_tanker_transits,fold_30,69.0,52.0,17.0
2025-05-23,seasonal_naive_7d,hormuz_tanker_transits,fold_30,60.0,59.0,1.0
2025-05-24,seasonal_naive_7d,hormuz_tanker_transits,fold_30,61.0,67.0,-6.0
2025-05-25,seasonal_naive_7d,hormuz_tanker_transits,fold_30,57.0,70.0,-13.0
2025-05-26,seasonal_naive_7d,hormuz_tanker_transits,fold_30,56.0,54.0,2.0
2025-05-27,seasonal_naive_7d,hormuz_tanker_transits,fold_30,56.0,71.0,-15.0
2025-05-28,seasonal_naive_7d,hormuz_tanker_transits,fold_30,63.0,72.0,-9.0
2025-05-29,seasonal_naive_7d,hormuz_tanker_transits,fold_30,85.0,52.0,33.0
2025-05-30,seasonal_naive_7d,hormuz_tanker_transits,fold_30,86.0,59.0,27.0
2025-05-31,seasonal_naive_7d,hormuz_tanker_transits,fold_30,68.0,67.0,1.0
2025-06-01,seasonal_naive_7d,hormuz_tanker_transits,fold_30,69.0,70.0,-1.0
2025-06-02,seasonal_naive_7d,hormuz_tanker_transits,fold_30,57.0,54.0,3.0
2025-06-03,seasonal_naive_7d,hormuz_tanker_transits,fold_30,60.0,71.0,-11.0
2025-06-04,seasonal_naive_7d,hormuz_tanker_transits,fold_30,82.0,72.0,10.0
2025-06-05,seasonal_naive_7d,hormuz_tanker_transits,fold_30,65.0,52.0,13.0
2025-06-06,seasonal_naive_7d,hormuz_tanker_transits,fold_30,59.0,59.0,0.0
2025-06-07,seasonal_naive_7d,hormuz_tanker_transits,fold_30,53.0,67.0,-14.0
2025-06-08,seasonal_naive_7d,hormuz_tanker_transits,fold_30,69.0,70.0,-1.0
2025-06-09,seasonal_naive_7d,hormuz_tanker_transits,fold_30,58.0,54.0,4.0
2025-06-10,seasonal_naive_7d,hormuz_tanker_transits,fold_30,52.0,71.0,-19.0
2025-06-11,seasonal_naive_7d,hormuz_tanker_transits,fold_30,52.0,72.0,-20.0
2025-06-12,seasonal_naive_7d,hormuz_tanker_transits,fold_30,60.0,52.0,8.0
2025-06-13,seasonal_naive_7d,hormuz_tanker_transits,fold_30,45.0,59.0,-14.0
2025-06-14,seasonal_naive_7d,hormuz_tanker_transits,fold_30,56.0,67.0,-11.0
2025-06-15,seasonal_naive_7d,hormuz_tanker_transits,fold_30,74.0,70.0,4.0
2025-06-16,seasonal_naive_7d,hormuz_tanker_transits,fold_30,29.0,54.0,-25.0
2025-06-17,seasonal_naive_7d,hormuz_tanker_transits,fold_30,49.0,71.0,-22.0
2025-06-18,seasonal_naive_7d,hormuz_tanker_transits,fold_30,63.0,72.0,-9.0
2025-06-19,seasonal_naive_7d,hormuz_tanker_transits,fold_31,60.0,60.0,0.0
2025-06-20,seasonal_naive_7d,hormuz_tanker_transits,fold_31,54.0,45.0,9.0
2025-06-21,seasonal_naive_7d,hormuz_tanker_transits,fold_31,49.0,56.0,-7.0
2025-06-22,seasonal_naive_7d,hormuz_tanker_transits,fold_31,51.0,74.0,-23.0
2025-06-23,seasonal_naive_7d,hormuz_tanker_transits,fold_31,44.0,29.0,15.0
2025-06-24,seasonal_naive_7d,hormuz_tanker_transits,fold_31,42.0,49.0,-7.0
2025-06-25,seasonal_naive_7d,hormuz_tanker_transits,fold_31,42.0,63.0,-21.0
2025-06-26,seasonal_naive_7d,hormuz_tanker_transits,fold_31,44.0,60.0,-16.0
2025-06-27,seasonal_naive_7d,hormuz_tanker_transits,fold_31,51.0,45.0,6.0
2025-06-28,seasonal_naive_7d,hormuz_tanker_transits,fold_31,44.0,56.0,-12.0
2025-06-29,seasonal_naive_7d,hormuz_tanker_transits,fold_31,72.0,74.0,-2.0
2025-06-30,seasonal_naive_7d,hormuz_tanker_transits,fold_31,60.0,29.0,31.0
2025-07-01,seasonal_naive_7d,hormuz_tanker_transits,fold_31,48.0,49.0,-1.0
2025-07-02,seasonal_naive_7d,hormuz_tanker_transits,fold_31,48.0,63.0,-15.0
2025-07-03,seasonal_naive_7d,hormuz_tanker_transits,fold_31,41.0,60.0,-19.0
2025-07-04,seasonal_naive_7d,hormuz_tanker_transits,fold_31,66.0,45.0,21.0
2025-07-05,seasonal_naive_7d,hormuz_tanker_transits,fold_31,51.0,56.0,-5.0
2025-07-06,seasonal_naive_7d,hormuz_tanker_transits,fold_31,47.0,74.0,-27.0
2025-07-07,seasonal_naive_7d,hormuz_tanker_transits,fold_31,37.0,29.0,8.0
2025-07-08,seasonal_naive_7d,hormuz_tanker_transits,fold_31,47.0,49.0,-2.0
2025-07-09,seasonal_naive_7d,hormuz_tanker_transits,fold_31,71.0,63.0,8.0
2025-07-10,seasonal_naive_7d,hormuz_tanker_transits,fold_31,58.0,60.0,-2.0
2025-07-11,seasonal_naive_7d,hormuz_tanker_transits,fold_31,50.0,45.0,5.0
2025-07-12,seasonal_naive_7d,hormuz_tanker_transits,fold_31,67.0,56.0,11.0
2025-07-13,seasonal_naive_7d,hormuz_tanker_transits,fold_31,54.0,74.0,-20.0
2025-07-14,seasonal_naive_7d,hormuz_tanker_transits,fold_31,63.0,29.0,34.0
2025-07-15,seasonal_naive_7d,hormuz_tanker_transits,fold_31,68.0,49.0,19.0
2025-07-16,seasonal_naive_7d,hormuz_tanker_transits,fold_31,74.0,63.0,11.0
2025-07-17,seasonal_naive_7d,hormuz_tanker_transits,fold_31,58.0,60.0,-2.0
2025-07-18,seasonal_naive_7d,hormuz_tanker_transits,fold_31,57.0,45.0,12.0
2025-07-19,seasonal_naive_7d,hormuz_tanker_transits,fold_32,64.0,67.0,-3.0
2025-07-20,seasonal_naive_7d,hormuz_tanker_transits,fold_32,80.0,54.0,26.0
2025-07-21,seasonal_naive_7d,hormuz_tanker_transits,fold_32,53.0,63.0,-10.0
2025-07-22,seasonal_naive_7d,hormuz_tanker_transits,fold_32,38.0,68.0,-30.0
2025-07-23,seasonal_naive_7d,hormuz_tanker_transits,fold_32,68.0,74.0,-6.0
2025-07-24,seasonal_naive_7d,hormuz_tanker_transits,fold_32,58.0,58.0,0.0
2025-07-25,seasonal_naive_7d,hormuz_tanker_transits,fold_32,57.0,57.0,0.0
2025-07-26,seasonal_naive_7d,hormuz_tanker_transits,fold_32,59.0,67.0,-8.0
2025-07-27,seasonal_naive_7d,hormuz_tanker_transits,fold_32,68.0,54.0,14.0
2025-07-28,seasonal_naive_7d,hormuz_tanker_transits,fold_32,69.0,63.0,6.0
2025-07-29,seasonal_naive_7d,hormuz_tanker_transits,fold_32,66.0,68.0,-2.0
2025-07-30,seasonal_naive_7d,hormuz_tanker_transits,fold_32,59.0,74.0,-15.0
2025-07-31,seasonal_naive_7d,hormuz_tanker_transits,fold_32,69.0,58.0,11.0
2025-08-01,seasonal_naive_7d,hormuz_tanker_transits,fold_32,48.0,57.0,-9.0
2025-08-02,seasonal_naive_7d,hormuz_tanker_transits,fold_32,66.0,67.0,-1.0
2025-08-03,seasonal_naive_7d,hormuz_tanker_transits,fold_32,53.0,54.0,-1.0
2025-08-04,seasonal_naive_7d,hormuz_tanker_transits,fold_32,29.0,63.0,-34.0
2025-08-05,seasonal_naive_7d,hormuz_tanker_transits,fold_32,45.0,68.0,-23.0
2025-08-06,seasonal_naive_7d,hormuz_tanker_transits,fold_32,37.0,74.0,-37.0
2025-08-07,seasonal_naive_7d,hormuz_tanker_transits,fold_32,43.0,58.0,-15.0
2025-08-08,seasonal_naive_7d,hormuz_tanker_transits,fold_32,51.0,57.0,-6.0
2025-08-09,seasonal_naive_7d,hormuz_tanker_transits,fold_32,44.0,67.0,-23.0
2025-08-10,seasonal_naive_7d,hormuz_tanker_transits,fold_32,32.0,54.0,-22.0
2025-08-11,seasonal_naive_7d,hormuz_tanker_transits,fold_32,51.0,63.0,-12.0
2025-08-12,seasonal_naive_7d,hormuz_tanker_transits,fold_32,77.0,68.0,9.0
2025-08-13,seasonal_naive_7d,hormuz_tanker_transits,fold_32,51.0,74.0,-23.0
2025-08-14,seasonal_naive_7d,hormuz_tanker_transits,fold_32,56.0,58.0,-2.0
2025-08-15,seasonal_naive_7d,hormuz_tanker_transits,fold_32,43.0,57.0,-14.0
2025-08-16,seasonal_naive_7d,hormuz_tanker_transits,fold_32,44.0,67.0,-23.0
2025-08-17,seasonal_naive_7d,hormuz_tanker_transits,fold_32,45.0,54.0,-9.0
2025-08-18,seasonal_naive_7d,hormuz_tanker_transits,fold_33,52.0,51.0,1.0
2025-08-19,seasonal_naive_7d,hormuz_tanker_transits,fold_33,60.0,77.0,-17.0
2025-08-20,seasonal_naive_7d,hormuz_tanker_transits,fold_33,49.0,51.0,-2.0
2025-08-21,seasonal_naive_7d,hormuz_tanker_transits,fold_33,49.0,56.0,-7.0
2025-08-22,seasonal_naive_7d,hormuz_tanker_transits,fold_33,83.0,43.0,40.0
2025-08-23,seasonal_naive_7d,hormuz_tanker_transits,fold_33,66.0,44.0,22.0
2025-08-24,seasonal_naive_7d,hormuz_tanker_transits,fold_33,72.0,45.0,27.0
2025-08-25,seasonal_naive_7d,hormuz_tanker_transits,fold_33,43.0,51.0,-8.0
2025-08-26,seasonal_naive_7d,hormuz_tanker_transits,fold_33,40.0,77.0,-37.0
2025-08-27,seasonal_naive_7d,hormuz_tanker_transits,fold_33,47.0,51.0,-4.0
2025-08-28,seasonal_naive_7d,hormuz_tanker_transits,fold_33,60.0,56.0,4.0
2025-08-29,seasonal_naive_7d,hormuz_tanker_transits,fold_33,67.0,43.0,24.0
2025-08-30,seasonal_naive_7d,hormuz_tanker_transits,fold_33,64.0,44.0,20.0
2025-08-31,seasonal_naive_7d,hormuz_tanker_transits,fold_33,56.0,45.0,11.0
2025-09-01,seasonal_naive_7d,hormuz_tanker_transits,fold_33,65.0,51.0,14.0
2025-09-02,seasonal_naive_7d,hormuz_tanker_transits,fold_33,54.0,77.0,-23.0
2025-09-03,seasonal_naive_7d,hormuz_tanker_transits,fold_33,47.0,51.0,-4.0
2025-09-04,seasonal_naive_7d,hormuz_tanker_transits,fold_33,32.0,56.0,-24.0
2025-09-05,seasonal_naive_7d,hormuz_tanker_transits,fold_33,86.0,43.0,43.0
2025-09-06,seasonal_naive_7d,hormuz_tanker_transits,fold_33,54.0,44.0,10.0
2025-09-07,seasonal_naive_7d,hormuz_tanker_transits,fold_33,65.0,45.0,20.0
2025-09-08,seasonal_naive_7d,hormuz_tanker_transits,fold_33,61.0,51.0,10.0
2025-09-09,seasonal_naive_7d,hormuz_tanker_transits,fold_33,51.0,77.0,-26.0
2025-09-10,seasonal_naive_7d,hormuz_tanker_transits,fold_33,53.0,51.0,2.0
2025-09-11,seasonal_naive_7d,hormuz_tanker_transits,fold_33,38.0,56.0,-18.0
2025-09-12,seasonal_naive_7d,hormuz_tanker_transits,fold_33,43.0,43.0,0.0
2025-09-13,seasonal_naive_7d,hormuz_tanker_transits,fold_33,40.0,44.0,-4.0
2025-09-14,seasonal_naive_7d,hormuz_tanker_transits,fold_33,35.0,45.0,-10.0
2025-09-15,seasonal_naive_7d,hormuz_tanker_transits,fold_33,37.0,51.0,-14.0
2025-09-16,seasonal_naive_7d,hormuz_tanker_transits,fold_33,48.0,77.0,-29.0
2025-09-17,seasonal_naive_7d,hormuz_tanker_transits,fold_34,71.0,53.0,18.0
2025-09-18,seasonal_naive_7d,hormuz_tanker_transits,fold_34,61.0,38.0,23.0
2025-09-19,seasonal_naive_7d,hormuz_tanker_transits,fold_34,36.0,43.0,-7.0
2025-09-20,seasonal_naive_7d,hormuz_tanker_transits,fold_34,55.0,40.0,15.0
2025-09-21,seasonal_naive_7d,hormuz_tanker_transits,fold_34,54.0,35.0,19.0
2025-09-22,seasonal_naive_7d,hormuz_tanker_transits,fold_34,30.0,37.0,-7.0
2025-09-23,seasonal_naive_7d,hormuz_tanker_transits,fold_34,63.0,48.0,15.0
2025-09-24,seasonal_naive_7d,hormuz_tanker_transits,fold_34,60.0,53.0,7.0
2025-09-25,seasonal_naive_7d,hormuz_tanker_transits,fold_34,30.0,38.0,-8.0
2025-09-26,seasonal_naive_7d,hormuz_tanker_transits,fold_34,30.0,43.0,-13.0
2025-09-27,seasonal_naive_7d,hormuz_tanker_transits,fold_34,49.0,40.0,9.0
2025-09-28,seasonal_naive_7d,hormuz_tanker_transits,fold_34,69.0,35.0,34.0
2025-09-29,seasonal_naive_7d,hormuz_tanker_transits,fold_34,56.0,37.0,19.0
2025-09-30,seasonal_naive_7d,hormuz_tanker_transits,fold_34,72.0,48.0,24.0
2025-10-01,seasonal_naive_7d,hormuz_tanker_transits,fold_34,69.0,53.0,16.0
2025-10-02,seasonal_naive_7d,hormuz_tanker_transits,fold_34,74.0,38.0,36.0
2025-10-03,seasonal_naive_7d,hormuz_tanker_transits,fold_34,76.0,43.0,33.0
2025-10-04,seasonal_naive_7d,hormuz_tanker_transits,fold_34,90.0,40.0,50.0
2025-10-05,seasonal_naive_7d,hormuz_tanker_transits,fold_34,77.0,35.0,42.0
2025-10-06,seasonal_naive_7d,hormuz_tanker_transits,fold_34,34.0,37.0,-3.0
2025-10-07,seasonal_naive_7d,hormuz_tanker_transits,fold_34,19.0,48.0,-29.0
2025-10-08,seasonal_naive_7d,hormuz_tanker_transits,fold_34,29.0,53.0,-24.0
2025-10-09,seasonal_naive_7d,hormuz_tanker_transits,fold_34,32.0,38.0,-6.0
2025-10-10,seasonal_naive_7d,hormuz_tanker_transits,fold_34,29.0,43.0,-14.0
2025-10-11,seasonal_naive_7d,hormuz_tanker_transits,fold_34,25.0,40.0,-15.0
2025-10-12,seasonal_naive_7d,hormuz_tanker_transits,fold_34,32.0,35.0,-3.0
2025-10-13,seasonal_naive_7d,hormuz_tanker_transits,fold_34,43.0,37.0,6.0
2025-10-14,seasonal_naive_7d,hormuz_tanker_transits,fold_34,75.0,48.0,27.0
2025-10-15,seasonal_naive_7d,hormuz_tanker_transits,fold_34,39.0,53.0,-14.0
2025-10-16,seasonal_naive_7d,hormuz_tanker_transits,fold_34,26.0,38.0,-12.0
2025-10-17,seasonal_naive_7d,hormuz_tanker_transits,fold_35,28.0,29.0,-1.0
2025-10-18,seasonal_naive_7d,hormuz_tanker_transits,fold_35,51.0,25.0,26.0
2025-10-19,seasonal_naive_7d,hormuz_tanker_transits,fold_35,41.0,32.0,9.0
2025-10-20,seasonal_naive_7d,hormuz_tanker_transits,fold_35,36.0,43.0,-7.0
2025-10-21,seasonal_naive_7d,hormuz_tanker_transits,fold_35,45.0,75.0,-30.0
2025-10-22,seasonal_naive_7d,hormuz_tanker_transits,fold_35,58.0,39.0,19.0
2025-10-23,seasonal_naive_7d,hormuz_tanker_transits,fold_35,55.0,26.0,29.0
2025-10-24,seasonal_naive_7d,hormuz_tanker_transits,fold_35,71.0,29.0,42.0
2025-10-25,seasonal_naive_7d,hormuz_tanker_transits,fold_35,68.0,25.0,43.0
2025-10-26,seasonal_naive_7d,hormuz_tanker_transits,fold_35,41.0,32.0,9.0
2025-10-27,seasonal_naive_7d,hormuz_tanker_transits,fold_35,51.0,43.0,8.0
2025-10-28,seasonal_naive_7d,hormuz_tanker_transits,fold_35,71.0,75.0,-4.0
2025-10-29,seasonal_naive_7d,hormuz_tanker_transits,fold_35,58.0,39.0,19.0
2025-10-30,seasonal_naive_7d,hormuz_tanker_transits,fold_35,42.0,26.0,16.0
2025-10-31,seasonal_naive_7d,hormuz_tanker_transits,fold_35,56.0,29.0,27.0
2025-11-01,seasonal_naive_7d,hormuz_tanker_transits,fold_35,55.0,25.0,30.0
2025-11-02,seasonal_naive_7d,hormuz_tanker_transits,fold_35,43.0,32.0,11.0
2025-11-03,seasonal_naive_7d,hormuz_tanker_transits,fold_35,15.0,43.0,-28.0
2025-11-04,seasonal_naive_7d,hormuz_tanker_transits,fold_35,38.0,75.0,-37.0
2025-11-05,seasonal_naive_7d,hormuz_tanker_transits,fold_35,36.0,39.0,-3.0
2025-11-06,seasonal_naive_7d,hormuz_tanker_transits,fold_35,49.0,26.0,23.0
2025-11-07,seasonal_naive_7d,hormuz_tanker_transits,fold_35,50.0,29.0,21.0
2025-11-08,seasonal_naive_7d,hormuz_tanker_transits,fold_35,72.0,25.0,47.0
2025-11-09,seasonal_naive_7d,hormuz_tanker_transits,fold_35,56.0,32.0,24.0
2025-11-10,seasonal_naive_7d,hormuz_tanker_transits,fold_35,44.0,43.0,1.0
2025-11-11,seasonal_naive_7d,hormuz_tanker_transits,fold_35,60.0,75.0,-15.0
2025-11-12,seasonal_naive_7d,hormuz_tanker_transits,fold_35,40.0,39.0,1.0
2025-11-13,seasonal_naive_7d,hormuz_tanker_transits,fold_35,42.0,26.0,16.0
2025-11-14,seasonal_naive_7d,hormuz_tanker_transits,fold_35,50.0,29.0,21.0
2025-11-15,seasonal_naive_7d,hormuz_tanker_transits,fold_35,45.0,25.0,20.0
2025-11-16,seasonal_naive_7d,hormuz_tanker_transits,fold_36,24.0,56.0,-32.0
2025-11-17,seasonal_naive_7d,hormuz_tanker_transits,fold_36,33.0,44.0,-11.0
2025-11-18,seasonal_naive_7d,hormuz_tanker_transits,fold_36,31.0,60.0,-29.0
2025-11-19,seasonal_naive_7d,hormuz_tanker_transits,fold_36,48.0,40.0,8.0
2025-11-20,seasonal_naive_7d,hormuz_tanker_transits,fold_36,55.0,42.0,13.0
2025-11-21,seasonal_naive_7d,hormuz_tanker_transits,fold_36,39.0,50.0,-11.0
2025-11-22,seasonal_naive_7d,hormuz_tanker_transits,fold_36,36.0,45.0,-9.0
2025-11-23,seasonal_naive_7d,hormuz_tanker_transits,fold_36,33.0,56.0,-23.0
2025-11-24,seasonal_naive_7d,hormuz_tanker_transits,fold_36,30.0,44.0,-14.0
2025-11-25,seasonal_naive_7d,hormuz_tanker_transits,fold_36,41.0,60.0,-19.0
2025-11-26,seasonal_naive_7d,hormuz_tanker_transits,fold_36,34.0,40.0,-6.0
2025-11-27,seasonal_naive_7d,hormuz_tanker_transits,fold_36,35.0,42.0,-7.0
2025-11-28,seasonal_naive_7d,hormuz_tanker_transits,fold_36,30.0,50.0,-20.0
2025-11-29,seasonal_naive_7d,hormuz_tanker_transits,fold_36,29.0,45.0,-16.0
2025-11-30,seasonal_naive_7d,hormuz_tanker_transits,fold_36,39.0,56.0,-17.0
2025-12-01,seasonal_naive_7d,hormuz_tanker_transits,fold_36,40.0,44.0,-4.0
2025-12-02,seasonal_naive_7d,hormuz_tanker_transits,fold_36,34.0,60.0,-26.0
2025-12-03,seasonal_naive_7d,hormuz_tanker_transits,fold_36,31.0,40.0,-9.0
2025-12-04,seasonal_naive_7d,hormuz_tanker_transits,fold_36,35.0,42.0,-7.0
2025-12-05,seasonal_naive_7d,hormuz_tanker_transits,fold_36,36.0,50.0,-14.0
2025-12-06,seasonal_naive_7d,hormuz_tanker_transits,fold_36,46.0,45.0,1.0
2025-12-07,seasonal_naive_7d,hormuz_tanker_transits,fold_36,34.0,56.0,-22.0
2025-12-08,seasonal_naive_7d,hormuz_tanker_transits,fold_36,39.0,44.0,-5.0
2025-12-09,seasonal_naive_7d,hormuz_tanker_transits,fold_36,55.0,60.0,-5.0
2025-12-10,seasonal_naive_7d,hormuz_tanker_transits,fold_36,35.0,40.0,-5.0
2025-12-11,seasonal_naive_7d,hormuz_tanker_transits,fold_36,36.0,42.0,-6.0
2025-12-12,seasonal_naive_7d,hormuz_tanker_transits,fold_36,29.0,50.0,-21.0
2025-12-13,seasonal_naive_7d,hormuz_tanker_transits,fold_36,32.0,45.0,-13.0
2025-12-14,seasonal_naive_7d,hormuz_tanker_transits,fold_36,42.0,56.0,-14.0
2025-12-15,seasonal_naive_7d,hormuz_tanker_transits,fold_36,23.0,44.0,-21.0
2025-12-16,seasonal_naive_7d,hormuz_tanker_transits,fold_37,38.0,55.0,-17.0
2025-12-17,seasonal_naive_7d,hormuz_tanker_transits,fold_37,32.0,35.0,-3.0
2025-12-18,seasonal_naive_7d,hormuz_tanker_transits,fold_37,41.0,36.0,5.0
2025-12-19,seasonal_naive_7d,hormuz_tanker_transits,fold_37,23.0,29.0,-6.0
2025-12-20,seasonal_naive_7d,hormuz_tanker_transits,fold_37,25.0,32.0,-7.0
2025-12-21,seasonal_naive_7d,hormuz_tanker_transits,fold_37,36.0,42.0,-6.0
2025-12-22,seasonal_naive_7d,hormuz_tanker_transits,fold_37,27.0,23.0,4.0
2025-12-23,seasonal_naive_7d,hormuz_tanker_transits,fold_37,13.0,55.0,-42.0
2025-12-24,seasonal_naive_7d,hormuz_tanker_transits,fold_37,34.0,35.0,-1.0
2025-12-25,seasonal_naive_7d,hormuz_tanker_transits,fold_37,26.0,36.0,-10.0
2025-12-26,seasonal_naive_7d,hormuz_tanker_transits,fold_37,37.0,29.0,8.0
2025-12-27,seasonal_naive_7d,hormuz_tanker_transits,fold_37,45.0,32.0,13.0
2025-12-28,seasonal_naive_7d,hormuz_tanker_transits,fold_37,23.0,42.0,-19.0
2025-12-29,seasonal_naive_7d,hormuz_tanker_transits,fold_37,34.0,23.0,11.0
2025-12-30,seasonal_naive_7d,hormuz_tanker_transits,fold_37,42.0,55.0,-13.0
2025-12-31,seasonal_naive_7d,hormuz_tanker_transits,fold_37,52.0,35.0,17.0
2026-01-01,seasonal_naive_7d,hormuz_tanker_transits,fold_37,39.0,36.0,3.0
2026-01-02,seasonal_naive_7d,hormuz_tanker_transits,fold_37,27.0,29.0,-2.0
2026-01-03,seasonal_naive_7d,hormuz_tanker_transits,fold_37,28.0,32.0,-4.0
2026-01-04,seasonal_naive_7d,hormuz_tanker_transits,fold_37,28.0,42.0,-14.0
2026-01-05,seasonal_naive_7d,hormuz_tanker_transits,fold_37,34.0,23.0,11.0
2026-01-06,seasonal_naive_7d,hormuz_tanker_transits,fold_37,38.0,55.0,-17.0
2026-01-07,seasonal_naive_7d,hormuz_tanker_transits,fold_37,53.0,35.0,18.0
2026-01-08,seasonal_naive_7d,hormuz_tanker_transits,fold_37,45.0,36.0,9.0
2026-01-09,seasonal_naive_7d,hormuz_tanker_transits,fold_37,50.0,29.0,21.0
2026-01-10,seasonal_naive_7d,hormuz_tanker_transits,fold_37,40.0,32.0,8.0
2026-01-11,seasonal_naive_7d,hormuz_tanker_transits,fold_37,39.0,42.0,-3.0
2026-01-12,seasonal_naive_7d,hormuz_tanker_transits,fold_37,39.0,23.0,16.0
2026-01-13,seasonal_naive_7d,hormuz_tanker_transits,fold_37,34.0,55.0,-21.0
2026-01-14,seasonal_naive_7d,hormuz_tanker_transits,fold_37,40.0,35.0,5.0
2026-01-15,seasonal_naive_7d,hormuz_tanker_transits,fold_38,42.0,45.0,-3.0
2026-01-16,seasonal_naive_7d,hormuz_tanker_transits,fold_38,39.0,50.0,-11.0
2026-01-17,seasonal_naive_7d,hormuz_tanker_transits,fold_38,27.0,40.0,-13.0
2026-01-18,seasonal_naive_7d,hormuz_tanker_transits,fold_38,25.0,39.0,-14.0
2026-01-19,seasonal_naive_7d,hormuz_tanker_transits,fold_38,33.0,39.0,-6.0
2026-01-20,seasonal_naive_7d,hormuz_tanker_transits,fold_38,37.0,34.0,3.0
2026-01-21,seasonal_naive_7d,hormuz_tanker_transits,fold_38,34.0,40.0,-6.0
2026-01-22,seasonal_naive_7d,hormuz_tanker_transits,fold_38,41.0,45.0,-4.0
2026-01-23,seasonal_naive_7d,hormuz_tanker_transits,fold_38,35.0,50.0,-15.0
2026-01-24,seasonal_naive_7d,hormuz_tanker_transits,fold_38,24.0,40.0,-16.0
2026-01-25,seasonal_naive_7d,hormuz_tanker_transits,fold_38,48.0,39.0,9.0
2026-01-26,seasonal_naive_7d,hormuz_tanker_transits,fold_38,28.0,39.0,-11.0
2026-01-27,seasonal_naive_7d,hormuz_tanker_transits,fold_38,35.0,34.0,1.0
2026-01-28,seasonal_naive_7d,hormuz_tanker_transits,fold_38,46.0,40.0,6.0
2026-01-29,seasonal_naive_7d,hormuz_tanker_transits,fold_38,51.0,45.0,6.0
2026-01-30,seasonal_naive_7d,hormuz_tanker_transits,fold_38,48.0,50.0,-2.0
2026-01-31,seasonal_naive_7d,hormuz_tanker_transits,fold_38,49.0,40.0,9.0
2026-02-01,seasonal_naive_7d,hormuz_tanker_transits,fold_38,28.0,39.0,-11.0
2026-02-02,seasonal_naive_7d,hormuz_tanker_transits,fold_38,48.0,39.0,9.0
2026-02-03,seasonal_naive_7d,hormuz_tanker_transits,fold_38,45.0,34.0,11.0
2026-02-04,seasonal_naive_7d,hormuz_tanker_transits,fold_38,21.0,40.0,-19.0
2026-02-05,seasonal_naive_7d,hormuz_tanker_transits,fold_38,36.0,45.0,-9.0
2026-02-06,seasonal_naive_7d,hormuz_tanker_transits,fold_38,45.0,50.0,-5.0
2026-02-07,seasonal_naive_7d,hormuz_tanker_transits,fold_38,46.0,40.0,6.0
2026-02-08,seasonal_naive_7d,hormuz_tanker_transits,fold_38,39.0,39.0,0.0
2026-02-09,seasonal_naive_7d,hormuz_tanker_transits,fold_38,38.0,39.0,-1.0
2026-02-10,seasonal_naive_7d,hormuz_tanker_transits,fold_38,49.0,34.0,15.0
2026-02-11,seasonal_naive_7d,hormuz_tanker_transits,fold_38,54.0,40.0,14.0
2026-02-12,seasonal_naive_7d,hormuz_tanker_transits,fold_38,35.0,45.0,-10.0
2026-02-13,seasonal_naive_7d,hormuz_tanker_transits,fold_38,65.0,50.0,15.0
2023-01-01,ar_lag1_7,hormuz_tanker_transits,fold_01,50.0,52.08801761314519,-2.0880176131451904
2023-01-02,ar_lag1_7,hormuz_tanker_transits,fold_01,60.0,57.88054668240979,2.1194533175902066
2023-01-03,ar_lag1_7,hormuz_tanker_transits,fold_01,53.0,59.48960605681902,-6.489606056819021
2023-01-04,ar_lag1_7,hormuz_tanker_transits,fold_01,58.0,61.682718455825,-3.682718455824997
2023-01-05,ar_lag1_7,hormuz_tanker_transits,fold_01,51.0,62.19339434475277,-11.193394344752768
2023-01-06,ar_lag1_7,hormuz_tanker_transits,fold_01,46.0,62.01647579807513,-16.016475798075128
2023-01-07,ar_lag1_7,hormuz_tanker_transits,fold_01,62.0,61.856386553923166,0.14361344607683435
2023-01-08,ar_lag1_7,hormuz_tanker_transits,fold_01,51.0,62.29574252520363,-11.295742525203629
2023-01-09,ar_lag1_7,hormuz_tanker_transits,fold_01,55.0,62.441757391910805,-7.441757391910805
2023-01-10,ar_lag1_7,hormuz_tanker_transits,fold_01,49.0,62.54957372841847,-13.549573728418473
2023-01-11,ar_lag1_7,hormuz_tanker_transits,fold_01,37.0,63.05130570459236,-26.05130570459236
2023-01-12,ar_lag1_7,hormuz_tanker_transits,fold_01,46.0,63.73284333587729,-17.73284333587729
2023-01-13,ar_lag1_7,hormuz_tanker_transits,fold_01,40.0,64.23063034605184,-24.23063034605184
2023-01-14,ar_lag1_7,hormuz_tanker_transits,fold_01,55.0,64.26397062675731,-9.263970626757313
2023-01-15,ar_lag1_7,hormuz_tanker_transits,fold_01,31.0,63.87333969986985,-32.87333969986985
2023-01-16,ar_lag1_7,hormuz_tanker_transits,fold_01,49.0,63.34391038271595,-14.343910382715947
2023-01-17,ar_lag1_7,hormuz_tanker_transits,fold_01,53.0,63.09340512192807,-10.093405121928072
2023-01-18,ar_lag1_7,hormuz_tanker_transits,fold_01,58.0,63.349694690122504,-5.349694690122504
2023-01-19,ar_lag1_7,hormuz_tanker_transits,fold_01,55.0,63.94533349184484,-8.945333491844842
2023-01-20,ar_lag1_7,hormuz_tanker_transits,fold_01,57.0,64.45108970695411,-7.451089706954107
2023-01-21,ar_lag1_7,hormuz_tanker_transits,fold_01,54.0,64.4995256312656,-10.499525631265598
2023-01-22,ar_lag1_7,hormuz_tanker_transits,fold_01,64.0,64.06349358278626,-0.06349358278626482
2023-01-23,ar_lag1_7,hormuz_tanker_transits,fold_01,55.0,63.474444400045826,-8.474444400045826
2023-01-24,ar_lag1_7,hormuz_tanker_transits,fold_01,50.0,63.17834470112511,-13.178344701125113
2023-01-25,ar_lag1_7,hormuz_tanker_transits,fold_01,72.0,63.40153377034376,8.598466229656239
2023-01-26,ar_lag1_7,hormuz_tanker_transits,fold_01,60.0,63.97885025340665,-3.978850253406648
2023-01-27,ar_lag1_7,hormuz_tanker_transits,fold_01,57.0,64.47789811610983,-7.477898116109827
2023-01-28,ar_lag1_7,hormuz_tanker_transits,fold_01,61.0,64.52463110493859,-3.5246311049385923
2023-01-29,ar_lag1_7,hormuz_tanker_transits,fold_01,54.0,64.0851217181694,-10.085121718169404
2023-01-30,ar_lag1_7,hormuz_tanker_transits,fold_01,52.0,63.491018380885905,-11.491018380885905
2023-01-31,ar_lag1_7,hormuz_tanker_transits,fold_02,57.0,56.968557867659754,0.03144213234024562
2023-02-01,ar_lag1_7,hormuz_tanker_transits,fold_02,61.0,61.27467815027569,-0.2746781502756903
2023-02-02,ar_lag1_7,hormuz_tanker_transits,fold_02,48.0,62.40072468567554,-14.400724685675542
2023-02-03,ar_lag1_7,hormuz_tanker_transits,fold_02,63.0,62.7902635456498,0.2097364543501996
2023-02-04,ar_lag1_7,hormuz_tanker_transits,fold_02,63.0,63.11670186271017,-0.11670186271017258
2023-02-05,ar_lag1_7,hormuz_tanker_transits,fold_02,46.0,62.20646663697944,-16.206466636979442
2023-02-06,ar_lag1_7,hormuz_tanker_transits,fold_02,56.0,61.312961469395084,-5.312961469395084
2023-02-07,ar_lag1_7,hormuz_tanker_transits,fold_02,68.0,61.38145685722898,6.618543142771017
2023-02-08,ar_lag1_7,hormuz_tanker_transits,fold_02,56.0,62.128401970513,-6.1284019705130035
2023-02-09,ar_lag1_7,hormuz_tanker_transits,fold_02,52.0,62.96066998630345,-10.96066998630345
2023-02-10,ar_lag1_7,hormuz_tanker_transits,fold_02,41.0,63.52937354271217,-22.52937354271217
2023-02-11,ar_lag1_7,hormuz_tanker_transits,fold_02,39.0,63.604850001576295,-24.604850001576295
2023-02-12,ar_lag1_7,hormuz_tanker_transits,fold_02,71.0,63.12942007401438,7.8705799259856235
2023-02-13,ar_lag1_7,hormuz_tanker_transits,fold_02,75.0,62.51084746388536,12.489152536114638
2023-02-14,ar_lag1_7,hormuz_tanker_transits,fold_02,45.0,62.25925359630589,-17.25925359630589
2023-02-15,ar_lag1_7,hormuz_tanker_transits,fold_02,33.0,62.56170933402016,-29.561709334020158
2023-02-16,ar_lag1_7,hormuz_tanker_transits,fold_02,87.0,63.1867822682328,23.813217731767203
2023-02-17,ar_lag1_7,hormuz_tanker_transits,fold_02,68.0,63.68678631605543,4.313213683944568
2023-02-18,ar_lag1_7,hormuz_tanker_transits,fold_02,50.0,63.7121076403134,-13.712107640313398
2023-02-19,ar_lag1_7,hormuz_tanker_transits,fold_02,47.0,63.254575055985995,-16.254575055985995
2023-02-20,ar_lag1_7,hormuz_tanker_transits,fold_02,61.0,62.66755265535424,-1.6675526553542426
2023-02-21,ar_lag1_7,hormuz_tanker_transits,fold_02,49.0,62.40059228632844,-13.40059228632844
2023-02-22,ar_lag1_7,hormuz_tanker_transits,fold_02,81.0,62.65757394589669,18.342426054103314
2023-02-23,ar_lag1_7,hormuz_tanker_transits,fold_02,54.0,63.245824597155476,-9.245824597155476
2023-02-24,ar_lag1_7,hormuz_tanker_transits,fold_02,86.0,63.72475117852455,22.27524882147545
2023-02-25,ar_lag1_7,hormuz_tanker_transits,fold_02,62.0,63.73705218674495,-1.7370521867449469
2023-02-26,ar_lag1_7,hormuz_tanker_transits,fold_02,78.0,63.27578802531503,14.72421197468497
2023-02-27,ar_lag1_7,hormuz_tanker_transits,fold_02,64.0,62.69002666864738,1.309973331352623
2023-02-28,ar_lag1_7,hormuz_tanker_transits,fold_02,56.0,62.422225178419986,-6.4222251784199855
2023-03-01,ar_lag1_7,hormuz_tanker_transits,fold_02,59.0,62.67485267240271,-3.6748526724027073
2023-03-02,ar_lag1_7,hormuz_tanker_transits,fold_03,54.0,61.01378031488828,-7.01378031488828
2023-03-03,ar_lag1_7,hormuz_tanker_transits,fold_03,53.0,64.44516584251134,-11.445165842511344
2023-03-04,ar_lag1_7,hormuz_tanker_transits,fold_03,43.0,63.76712098826278,-20.767120988262782
2023-03-05,ar_lag1_7,hormuz_tanker_transits,fold_03,74.0,64.292990287314,9.707009712686002
2023-03-06,ar_lag1_7,hormuz_tanker_transits,fold_03,67.0,63.04330068635698,3.9566993136430213
2023-03-07,ar_lag1_7,hormuz_tanker_transits,fold_03,78.0,61.91494649150478,16.08505350849522
2023-03-08,ar_lag1_7,hormuz_tanker_transits,fold_03,71.0,62.04118203854147,8.958817961458529
2023-03-09,ar_lag1_7,hormuz_tanker_transits,fold_03,65.0,62.69577961994582,2.3042203800541827
2023-03-10,ar_lag1_7,hormuz_tanker_transits,fold_03,65.0,63.44480159456338,1.5551984054366201
2023-03-11,ar_lag1_7,hormuz_tanker_transits,fold_03,85.0,63.52311069891302,21.476889301086977
2023-03-12,ar_lag1_7,hormuz_tanker_transits,fold_03,71.0,63.16028414728774,7.83971585271226
2023-03-13,ar_lag1_7,hormuz_tanker_transits,fold_03,61.0,62.542504800006704,-1.5425048000067036
2023-03-14,ar_lag1_7,hormuz_tanker_transits,fold_03,69.0,62.17463029870959,6.825369701290413
2023-03-15,ar_lag1_7,hormuz_tanker_transits,fold_03,51.0,62.37019444253086,-11.37019444253086
2023-03-16,ar_lag1_7,hormuz_tanker_transits,fold_03,55.0,62.947826534088044,-7.947826534088044
2023-03-17,ar_lag1_7,hormuz_tanker_transits,fold_03,56.0,63.46414267075913,-7.464142670759131
2023-03-18,ar_lag1_7,hormuz_tanker_transits,fold_03,65.0,63.51189957171482,1.488100428285179
2023-03-19,ar_lag1_7,hormuz_tanker_transits,fold_03,68.0,63.0700650985171,4.929934901482902
2023-03-20,ar_lag1_7,hormuz_tanker_transits,fold_03,55.0,62.47038676841214,-7.4703867684121406
2023-03-21,ar_lag1_7,hormuz_tanker_transits,fold_03,44.0,62.16708091295996,-18.16708091295996
2023-03-22,ar_lag1_7,hormuz_tanker_transits,fold_03,37.0,62.39231527024077,-25.392315270240772
2023-03-23,ar_lag1_7,hormuz_tanker_transits,fold_03,42.0,62.975320746227744,-20.975320746227744
2023-03-24,ar_lag1_7,hormuz_tanker_transits,fold_03,31.0,63.47600391375243,-32.47600391375243
2023-03-25,ar_lag1_7,hormuz_tanker_transits,fold_03,49.0,63.51553223751999,-14.515532237519992
2023-03-26,ar_lag1_7,hormuz_tanker_transits,fold_03,58.0,63.064589964172455,-5.064589964172455
2023-03-27,ar_lag1_7,hormuz_tanker_transits,fold_03,43.0,62.46284279484257,-19.462842794842572
2023-03-28,ar_lag1_7,hormuz_tanker_transits,fold_03,41.0,62.163656153709894,-21.163656153709894
2023-03-29,ar_lag1_7,hormuz_tanker_transits,fold_03,43.0,62.39269981585805,-19.39269981585805
2023-03-30,ar_lag1_7,hormuz_tanker_transits,fold_03,64.0,62.977553131110334,1.0224468688896664
2023-03-31,ar_lag1_7,hormuz_tanker_transits,fold_03,76.0,63.477748138844376,12.522251861155624
2023-04-01,ar_lag1_7,hormuz_tanker_transits,fold_04,66.0,67.5821831820846,-1.5821831820846057
2023-04-02,ar_lag1_7,hormuz_tanker_transits,fold_04,55.0,64.4116963840654,-9.411696384065394
2023-04-03,ar_lag1_7,hormuz_tanker_transits,fold_04,46.0,61.52406331427514,-15.52406331427514
2023-04-04,ar_lag1_7,hormuz_tanker_transits,fold_04,44.0,59.95172462345544,-15.95172462345544
2023-04-05,ar_lag1_7,hormuz_tanker_transits,fold_04,57.0,59.69037392709268,-2.690373927092679
2023-04-06,ar_lag1_7,hormuz_tanker_transits,fold_04,75.0,61.61341010675791,13.386589893242089
2023-04-07,ar_lag1_7,hormuz_tanker_transits,fold_04,54.0,63.69309058737036,-9.693090587370357
2023-04-08,ar_lag1_7,hormuz_tanker_transits,fold_04,67.0,63.965973263496466,3.0340267365035345
2023-04-09,ar_lag1_7,hormuz_tanker_transits,fold_04,82.0,63.415472928312234,18.584527071687766
2023-04-10,ar_lag1_7,hormuz_tanker_transits,fold_04,63.0,62.418027862979976,0.5819721370200241
2023-04-11,ar_lag1_7,hormuz_tanker_transits,fold_04,63.0,61.62990346285731,1.3700965371426932
2023-04-12,ar_lag1_7,hormuz_tanker_transits,fold_04,67.0,61.52387177454154,5.47612822545846
2023-04-13,ar_lag1_7,hormuz_tanker_transits,fold_04,70.0,62.178778273175936,7.821221726824064
2023-04-14,ar_lag1_7,hormuz_tanker_transits,fold_04,65.0,63.060650551449356,1.9393494485506437
2023-04-15,ar_lag1_7,hormuz_tanker_transits,fold_04,56.0,63.461422994168274,-7.461422994168274
2023-04-16,ar_lag1_7,hormuz_tanker_transits,fold_04,57.0,63.14464049362463,-6.144640493624628
2023-04-17,ar_lag1_7,hormuz_tanker_transits,fold_04,56.0,62.37226612414866,-6.372266124148659
2023-04-18,ar_lag1_7,hormuz_tanker_transits,fold_04,62.0,61.728648503625095,0.27135149637490485
2023-04-19,ar_lag1_7,hormuz_tanker_transits,fold_04,70.0,61.69112059682528,8.308879403174721
2023-04-20,ar_lag1_7,hormuz_tanker_transits,fold_04,102.0,62.28494887428228,39.71505112571772
2023-04-21,ar_lag1_7,hormuz_tanker_transits,fold_04,67.0,63.05892832537803,3.9410716746219734
2023-04-22,ar_lag1_7,hormuz_tanker_transits,fold_04,83.0,63.42555644775666,19.574443552243338
2023-04-23,ar_lag1_7,hormuz_tanker_transits,fold_04,63.0,63.11144225694847,-0.11144225694847165
2023-04-24,ar_lag1_7,hormuz_tanker_transits,fold_04,66.0,62.35582563584422,3.6441743641557807
2023-04-25,ar_lag1_7,hormuz_tanker_transits,fold_04,66.0,61.7289717969478,4.271028203052197
2023-04-26,ar_lag1_7,hormuz_tanker_transits,fold_04,52.0,61.702910858293066,-9.702910858293066
2023-04-27,ar_lag1_7,hormuz_tanker_transits,fold_04,58.0,62.29705712804357,-4.297057128043569
2023-04-28,ar_lag1_7,hormuz_tanker_transits,fold_04,60.0,63.06364079058034,-3.0636407905803367
2023-04-29,ar_lag1_7,hormuz_tanker_transits,fold_04,71.0,63.42493649403151,7.575063505968487
2023-04-30,ar_lag1_7,hormuz_tanker_transits,fold_04,55.0,63.108880117398165,-8.108880117398165
2023-05-01,ar_lag1_7,hormuz_tanker_transits,fold_05,62.0,59.254507736060916,2.7454922639390844
2023-05-02,ar_lag1_7,hormuz_tanker_transits,fold_05,58.0,60.80821716658413,-2.8082171665841287
2023-05-03,ar_lag1_7,hormuz_tanker_transits,fold_05,58.0,60.82528495901959,-2.8252849590195908
2023-05-04,ar_lag1_7,hormuz_tanker_transits,fold_05,50.0,61.92656481868774,-11.926564818687737
2023-05-05,ar_lag1_7,hormuz_tanker_transits,fold_05,55.0,62.886867459074224,-7.8868674590742245
2023-05-06,ar_lag1_7,hormuz_tanker_transits,fold_05,70.0,63.89107674358131,6.1089232564186915
2023-05-07,ar_lag1_7,hormuz_tanker_transits,fold_05,69.0,62.50744077894607,6.492559221053931
2023-05-08,ar_lag1_7,hormuz_tanker_transits,fold_05,70.0,61.70158629024745,8.298413709752552
2023-05-09,ar_lag1_7,hormuz_tanker_transits,fold_05,62.0,61.38649405394212,0.6135059460578773
2023-05-10,ar_lag1_7,hormuz_tanker_transits,fold_05,69.0,61.698649256612256,7.301350743387744
2023-05-11,ar_lag1_7,hormuz_tanker_transits,fold_05,83.0,62.556525114677456,20.443474885322544
2023-05-12,ar_lag1_7,hormuz_tanker_transits,fold_05,72.0,63.34526306641535,8.654736933584651
2023-05-13,ar_lag1_7,hormuz_tanker_transits,fold_05,76.0,63.54967481924715,12.450325180752849
2023-05-14,ar_lag1_7,hormuz_tanker_transits,fold_05,70.0,62.92388811526773,7.076111884732271
2023-05-15,ar_lag1_7,hormuz_tanker_transits,fold_05,58.0,62.044095109943555,-4.044095109943555
2023-05-16,ar_lag1_7,hormuz_tanker_transits,fold_05,36.0,61.56307154836532,-25.563071548365322
2023-05-17,ar_lag1_7,hormuz_tanker_transits,fold_05,61.0,61.83184072100875,-0.8318407210087528
2023-05-18,ar_lag1_7,hormuz_tanker_transits,fold_05,74.0,62.65487900761411,11.345120992385887
2023-05-19,ar_lag1_7,hormuz_tanker_transits,fold_05,86.0,63.41739371399395,22.582606286006047
2023-05-20,ar_lag1_7,hormuz_tanker_transits,fold_05,91.0,63.552915027761514,27.447084972238486
2023-05-21,ar_lag1_7,hormuz_tanker_transits,fold_05,47.0,62.95567849581454,-15.955678495814539
2023-05-22,ar_lag1_7,hormuz_tanker_transits,fold_05,66.0,62.081652713895764,3.918347286104236
2023-05-23,ar_lag1_7,hormuz_tanker_transits,fold_05,59.0,61.59072789538152,-2.5907278953815194
2023-05-24,ar_lag1_7,hormuz_tanker_transits,fold_05,63.0,61.85243801194814,1.1475619880518622
2023-05-25,ar_lag1_7,hormuz_tanker_transits,fold_05,64.0,62.67015733334544,1.3298426666545566
2023-05-26,ar_lag1_7,hormuz_tanker_transits,fold_05,69.0,63.428666181464074,5.571333818535926
2023-05-27,ar_lag1_7,hormuz_tanker_transits,fold_05,65.0,63.557569097679064,1.442430902320936
2023-05-28,ar_lag1_7,hormuz_tanker_transits,fold_05,50.0,62.95983185303785,-12.959831853037848
2023-05-29,ar_lag1_7,hormuz_tanker_transits,fold_05,68.0,62.08603256169366,5.9139674383063365
2023-05-30,ar_lag1_7,hormuz_tanker_transits,fold_05,64.0,61.5944708336009,2.4055291663990985
2023-05-31,ar_lag1_7,hormuz_tanker_transits,fold_06,74.0,62.95698165968386,11.043018340316138
2023-06-01,ar_lag1_7,hormuz_tanker_transits,fold_06,66.0,63.486694616390714,2.5133053836092856
2023-06-02,ar_lag1_7,hormuz_tanker_transits,fold_06,53.0,64.52733148653158,-11.52733148653158
2023-06-03,ar_lag1_7,hormuz_tanker_transits,fold_06,27.0,64.29538520992777,-37.29538520992777
2023-06-04,ar_lag1_7,hormuz_tanker_transits,fold_06,70.0,62.175909380671364,7.824090619328636
2023-06-05,ar_lag1_7,hormuz_tanker_transits,fold_06,78.0,62.09563123434106,15.904368765658937
2023-06-06,ar_lag1_7,hormuz_tanker_transits,fold_06,62.0,61.674469933872686,0.32553006612731394
2023-06-07,ar_lag1_7,hormuz_tanker_transits,fold_06,62.0,62.056374924101796,-0.0563749241017959
2023-06-08,ar_lag1_7,hormuz_tanker_transits,fold_06,64.0,63.097897618458035,0.9021023815419653
2023-06-09,ar_lag1_7,hormuz_tanker_transits,fold_06,80.0,64.01693583359938,15.983064166400624
2023-06-10,ar_lag1_7,hormuz_tanker_transits,fold_06,65.0,64.0417077559723,0.9582922440277031
2023-06-11,ar_lag1_7,hormuz_tanker_transits,fold_06,68.0,63.05917630149531,4.940823698504687
2023-06-12,ar_lag1_7,hormuz_tanker_transits,fold_06,37.0,61.96060506539837,-24.96060506539837
2023-06-13,ar_lag1_7,hormuz_tanker_transits,fold_06,33.0,61.434989331428625,-28.434989331428625
2023-06-14,ar_lag1_7,hormuz_tanker_transits,fold_06,43.0,61.89141780977425,-18.891417809774246
2023-06-15,ar_lag1_7,hormuz_tanker_transits,fold_06,61.0,63.00293153152677,-2.0029315315267695
2023-06-16,ar_lag1_7,hormuz_tanker_transits,fold_06,65.0,63.93917243020371,1.0608275697962881
2023-06-17,ar_lag1_7,hormuz_tanker_transits,fold_06,68.0,63.99126704265687,4.008732957343128
2023-06-18,ar_lag1_7,hormuz_tanker_transits,fold_06,69.0,63.1108906657561,5.889109334243898
2023-06-19,ar_lag1_7,hormuz_tanker_transits,fold_06,61.0,61.969675014542325,-0.9696750145423252
2023-06-20,ar_lag1_7,hormuz_tanker_transits,fold_06,57.0,61.41919106680029,-4.419191066800288
2023-06-21,ar_lag1_7,hormuz_tanker_transits,fold_06,70.0,61.87203098941653,8.12796901058347
2023-06-22,ar_lag1_7,hormuz_tanker_transits,fold_06,65.0,62.98780017359584,2.0121998264041565
2023-06-23,ar_lag1_7,hormuz_tanker_transits,fold_06,54.0,63.92706892564868,-9.927068925648683
2023-06-24,ar_lag1_7,hormuz_tanker_transits,fold_06,86.0,63.9825332722815,22.0174667277185
2023-06-25,ar_lag1_7,hormuz_tanker_transits,fold_06,55.0,63.111688486328944,-8.111688486328944
2023-06-26,ar_lag1_7,hormuz_tanker_transits,fold_06,60.0,61.97071365003272,-1.970713650032721
2023-06-27,ar_lag1_7,hormuz_tanker_transits,fold_06,60.0,61.41831873203501,-1.4183187320350115
2023-06-28,ar_lag1_7,hormuz_tanker_transits,fold_06,73.0,61.87013227822147,11.129867721778531
2023-06-29,ar_lag1_7,hormuz_tanker_transits,fold_06,75.0,62.98584841167777,12.014151588322228
2023-06-30,ar_lag1_7,hormuz_tanker_transits,fold_07,59.0,67.85367349334179,-8.853673493341788
2023-07-01,ar_lag1_7,hormuz_tanker_transits,fold_07,70.0,67.04544266695147,2.954557333048527
2023-07-02,ar_lag1_7,hormuz_tanker_transits,fold_07,73.0,63.58543543794619,9.414564562053812
2023-07-03,ar_lag1_7,hormuz_tanker_transits,fold_07,59.0,61.87606933530013,-2.87606933530013
2023-07-04,ar_lag1_7,hormuz_tanker_transits,fold_07,56.0,61.209738852524346,-5.209738852524346
2023-07-05,ar_lag1_7,hormuz_tanker_transits,fold_07,97.0,62.625316117548934,34.374683882451066
2023-07-06,ar_lag1_7,hormuz_tanker_transits,fold_07,57.0,64.23911625142469,-7.23911625142469
2023-07-07,ar_lag1_7,hormuz_tanker_transits,fold_07,71.0,64.76719958094284,6.232800419057156
2023-07-08,ar_lag1_7,hormuz_tanker_transits,fold_07,47.0,64.51206477553417,-17.51206477553417
2023-07-09,ar_lag1_7,hormuz_tanker_transits,fold_07,62.0,63.24149530165431,-1.2414953016543109
2023-07-10,ar_lag1_7,hormuz_tanker_transits,fold_07,79.0,61.88044519013313,17.11955480986687
2023-07-11,ar_lag1_7,hormuz_tanker_transits,fold_07,74.0,61.298356601824956,12.701643398175044
2023-07-12,ar_lag1_7,hormuz_tanker_transits,fold_07,42.0,61.91318786502611,-19.91318786502611
2023-07-13,ar_lag1_7,hormuz_tanker_transits,fold_07,81.0,63.19545296739906,17.804547032600937
2023-07-14,ar_lag1_7,hormuz_tanker_transits,fold_07,80.0,64.14941096104069,15.850589038959313
2023-07-15,ar_lag1_7,hormuz_tanker_transits,fold_07,74.0,64.09559511007738,9.904404889922617
2023-07-16,ar_lag1_7,hormuz_tanker_transits,fold_07,63.0,63.05877868299462,-0.05877868299462108
2023-07-17,ar_lag1_7,hormuz_tanker_transits,fold_07,67.0,61.81144356979111,5.188556430208891
2023-07-18,ar_lag1_7,hormuz_tanker_transits,fold_07,57.0,61.27854981685318,-4.278549816853179
2023-07-19,ar_lag1_7,hormuz_tanker_transits,fold_07,37.0,61.854485111583465,-24.854485111583465
2023-07-20,ar_lag1_7,hormuz_tanker_transits,fold_07,88.0,63.098163274171284,24.901836725828716
2023-07-21,ar_lag1_7,hormuz_tanker_transits,fold_07,77.0,64.06809522164748,12.931904778352518
2023-07-22,ar_lag1_7,hormuz_tanker_transits,fold_07,60.0,64.03481040416183,-4.034810404161831
2023-07-23,ar_lag1_7,hormuz_tanker_transits,fold_07,60.0,63.02258521143579,-3.022585211435789
2023-07-24,ar_lag1_7,hormuz_tanker_transits,fold_07,71.0,61.79275312649643,9.207246873503571
2023-07-25,ar_lag1_7,hormuz_tanker_transits,fold_07,50.0,61.27003559067404,-11.270035590674041
2023-07-26,ar_lag1_7,hormuz_tanker_transits,fold_07,43.0,61.84703548277911,-18.847035482779113
2023-07-27,ar_lag1_7,hormuz_tanker_transits,fold_07,46.0,63.08834383287147,-17.088343832871473
2023-07-28,ar_lag1_7,hormuz_tanker_transits,fold_07,51.0,64.05852498803145,-13.05852498803145
2023-07-29,ar_lag1_7,hormuz_tanker_transits,fold_07,30.0,64.02681051020059,-34.02681051020059
2023-07-30,ar_lag1_7,hormuz_tanker_transits,fold_08,65.0,50.55997956566776,14.44002043433224
2023-07-31,ar_lag1_7,hormuz_tanker_transits,fold_08,93.0,58.01234804115214,34.98765195884786
2023-08-01,ar_lag1_7,hormuz_tanker_transits,fold_08,72.0,59.052451108229505,12.947548891770495
2023-08-02,ar_lag1_7,hormuz_tanker_transits,fold_08,66.0,59.5975140378637,6.4024859621363035
2023-08-03,ar_lag1_7,hormuz_tanker_transits,fold_08,69.0,60.92626684784325,8.073733152156748
2023-08-04,ar_lag1_7,hormuz_tanker_transits,fold_08,73.0,62.20460755285559,10.795392447144408
2023-08-05,ar_lag1_7,hormuz_tanker_transits,fold_08,48.0,60.682734393684306,-12.682734393684306
2023-08-06,ar_lag1_7,hormuz_tanker_transits,fold_08,59.0,60.8107708953358,-1.8107708953358
2023-08-07,ar_lag1_7,hormuz_tanker_transits,fold_08,56.0,60.6876926951204,-4.687692695120397
2023-08-08,ar_lag1_7,hormuz_tanker_transits,fold_08,65.0,60.698777317776596,4.301222682223404
2023-08-09,ar_lag1_7,hormuz_tanker_transits,fold_08,52.0,61.450866969568985,-9.450866969568985
2023-08-10,ar_lag1_7,hormuz_tanker_transits,fold_08,73.0,62.7262893892226,10.2737106107774
2023-08-11,ar_lag1_7,hormuz_tanker_transits,fold_08,83.0,63.701971187635095,19.298028812364905
2023-08-12,ar_lag1_7,hormuz_tanker_transits,fold_08,89.0,63.55612583791294,25.443874162087063
2023-08-13,ar_lag1_7,hormuz_tanker_transits,fold_08,79.0,62.619219442154346,16.380780557845654
2023-08-14,ar_lag1_7,hormuz_tanker_transits,fold_08,76.0,61.5381367074498,14.461863292550198
2023-08-15,ar_lag1_7,hormuz_tanker_transits,fold_08,50.0,61.12829055899834,-11.128290558998337
2023-08-16,ar_lag1_7,hormuz_tanker_transits,fold_08,68.0,61.74565860451972,6.254341395480282
2023-08-17,ar_lag1_7,hormuz_tanker_transits,fold_08,66.0,62.96884966671407,3.031150333285929
2023-08-18,ar_lag1_7,hormuz_tanker_transits,fold_08,74.0,63.9027942813639,10.097205718636097
2023-08-19,ar_lag1_7,hormuz_tanker_transits,fold_08,77.0,63.84688016767044,13.153119832329558
2023-08-20,ar_lag1_7,hormuz_tanker_transits,fold_08,74.0,62.86097830936778,11.13902169063222
2023-08-21,ar_lag1_7,hormuz_tanker_transits,fold_08,57.0,61.68937781441236,-4.68937781441236
2023-08-22,ar_lag1_7,hormuz_tanker_transits,fold_08,74.0,61.21509343903327,12.784906560966732
2023-08-23,ar_lag1_7,hormuz_tanker_transits,fold_08,52.0,61.799156797850245,-9.799156797850245
2023-08-24,ar_lag1_7,hormuz_tanker_transits,fold_08,29.0,63.00646025522305,-34.00646025522305
2023-08-25,ar_lag1_7,hormuz_tanker_transits,fold_08,58.0,63.93154412452554,-5.931544124525537
2023-08-26,ar_lag1_7,hormuz_tanker_transits,fold_08,65.0,63.87931477752312,1.1206852224768795
2023-08-27,ar_lag1_7,hormuz_tanker_transits,fold_08,59.0,62.89099688104389,-3.8909968810438897
2023-08-28,ar_lag1_7,hormuz_tanker_transits,fold_08,74.0,61.711635091555394,12.288364908444606
2023-08-29,ar_lag1_7,hormuz_tanker_transits,fold_09,79.0,66.59609569430224,12.403904305697765
2023-08-30,ar_lag1_7,hormuz_tanker_transits,fold_09,53.0,62.892142132285244,-9.892142132285244
2023-08-31,ar_lag1_7,hormuz_tanker_transits,fold_09,44.0,60.7943912270881,-16.7943912270881
2023-09-01,ar_lag1_7,hormuz_tanker_transits,fold_09,35.0,62.84067321115787,-27.84067321115787
2023-09-02,ar_lag1_7,hormuz_tanker_transits,fold_09,30.0,63.90108150711774,-33.90108150711774
2023-09-03,ar_lag1_7,hormuz_tanker_transits,fold_09,67.0,62.981099349681635,4.018900650318365
2023-09-04,ar_lag1_7,hormuz_tanker_transits,fold_09,62.0,62.924328829631236,-0.9243288296312357
2023-09-05,ar_lag1_7,hormuz_tanker_transits,fold_09,73.0,62.11700564536558,10.88299435463442
2023-09-06,ar_lag1_7,hormuz_tanker_transits,fold_09,82.0,62.126521892619515,19.873478107380485
2023-09-07,ar_lag1_7,hormuz_tanker_transits,fold_09,77.0,62.9176997952894,14.082300204710599
2023-09-08,ar_lag1_7,hormuz_tanker_transits,fold_09,80.0,63.957007412742584,16.042992587257416
2023-09-09,ar_lag1_7,hormuz_tanker_transits,fold_09,62.0,64.21357901679944,-2.213579016799443
2023-09-10,ar_lag1_7,hormuz_tanker_transits,fold_09,56.0,63.39155460277661,-7.391554602776608
2023-09-11,ar_lag1_7,hormuz_tanker_transits,fold_09,53.0,62.235564562820386,-9.235564562820386
2023-09-12,ar_lag1_7,hormuz_tanker_transits,fold_09,46.0,61.53582437693983,-15.535824376939829
2023-09-13,ar_lag1_7,hormuz_tanker_transits,fold_09,79.0,61.86308793632227,17.136912063677727
2023-09-14,ar_lag1_7,hormuz_tanker_transits,fold_09,94.0,62.9843301281049,31.0156698718951
2023-09-15,ar_lag1_7,hormuz_tanker_transits,fold_09,59.0,64.06466838191075,-5.064668381910749
2023-09-16,ar_lag1_7,hormuz_tanker_transits,fold_09,52.0,64.27523177386115,-12.275231773861151
2023-09-17,ar_lag1_7,hormuz_tanker_transits,fold_09,53.0,63.444294491132055,-10.444294491132055
2023-09-18,ar_lag1_7,hormuz_tanker_transits,fold_09,77.0,62.202368125921424,14.797631874078576
2023-09-19,ar_lag1_7,hormuz_tanker_transits,fold_09,73.0,61.4803027676686,11.519697232331403
2023-09-20,ar_lag1_7,hormuz_tanker_transits,fold_09,73.0,61.82359083089995,11.176409169100047
2023-09-21,ar_lag1_7,hormuz_tanker_transits,fold_09,62.0,62.97536339696949,-0.9753633969694917
2023-09-22,ar_lag1_7,hormuz_tanker_transits,fold_09,49.0,64.06960135912418,-15.069601359124178
2023-09-23,ar_lag1_7,hormuz_tanker_transits,fold_09,51.0,64.28162134826758,-13.281621348267578
2023-09-24,ar_lag1_7,hormuz_tanker_transits,fold_09,55.0,63.4505285814737,-8.450528581473698
2023-09-25,ar_lag1_7,hormuz_tanker_transits,fold_09,58.0,62.202075427973966,-4.202075427973966
2023-09-26,ar_lag1_7,hormuz_tanker_transits,fold_09,57.0,61.47601788366873,-4.476017883668732
2023-09-27,ar_lag1_7,hormuz_tanker_transits,fold_09,76.0,61.81909923308856,14.180900766911442
2023-09-28,ar_lag1_7,hormuz_tanker_transits,fold_10,60.0,68.04774310598374,-8.047743105983741
2023-09-29,ar_lag1_7,hormuz_tanker_transits,fold_10,84.0,64.39243467045347,19.60756532954653
2023-09-30,ar_lag1_7,hormuz_tanker_transits,fold_10,61.0,62.9194555586429,-1.9194555586429018
2023-10-01,ar_lag1_7,hormuz_tanker_transits,fold_10,75.0,62.057518268815556,12.942481731184444
2023-10-02,ar_lag1_7,hormuz_tanker_transits,fold_10,48.0,61.48744513151976,-13.487445131519763
2023-10-03,ar_lag1_7,hormuz_tanker_transits,fold_10,63.0,61.229073921083874,1.7709260789161263
2023-10-04,ar_lag1_7,hormuz_tanker_transits,fold_10,57.0,63.190899224442276,-6.190899224442276
2023-10-05,ar_lag1_7,hormuz_tanker_transits,fold_10,82.0,63.90063991709318,18.09936008290682
2023-10-06,ar_lag1_7,hormuz_tanker_transits,fold_10,91.0,64.12579558465566,26.874204415344337
2023-10-07,ar_lag1_7,hormuz_tanker_transits,fold_10,58.0,63.77774017522686,-5.77774017522686
2023-10-08,ar_lag1_7,hormuz_tanker_transits,fold_10,84.0,62.93313189033746,21.066868109662543
2023-10-09,ar_lag1_7,hormuz_tanker_transits,fold_10,74.0,62.0833774832014,11.916622516798597
2023-10-10,ar_lag1_7,hormuz_tanker_transits,fold_10,45.0,61.78328061142677,-16.78328061142677
2023-10-11,ar_lag1_7,hormuz_tanker_transits,fold_10,56.0,62.3653363401402,-6.365336340140203
2023-10-12,ar_lag1_7,hormuz_tanker_transits,fold_10,48.0,63.26996916272972,-15.269969162729723
2023-10-13,ar_lag1_7,hormuz_tanker_transits,fold_10,60.0,63.876401730233674,-3.876401730233674
2023-10-14,ar_lag1_7,hormuz_tanker_transits,fold_10,63.0,63.756309420407824,-0.756309420407824
2023-10-15,ar_lag1_7,hormuz_tanker_transits,fold_10,69.0,62.995515760800465,6.004484239199535
2023-10-16,ar_lag1_7,hormuz_tanker_transits,fold_10,55.0,62.153665721296285,-7.153665721296285
2023-10-17,ar_lag1_7,hormuz_tanker_transits,fold_10,49.0,61.85308486116305,-12.853084861163047
2023-10-18,ar_lag1_7,hormuz_tanker_transits,fold_10,38.0,62.32445214788588,-24.32445214788588
2023-10-19,ar_lag1_7,hormuz_tanker_transits,fold_10,59.0,63.204672362350884,-4.204672362350884
2023-10-20,ar_lag1_7,hormuz_tanker_transits,fold_10,74.0,63.832816439463706,10.167183560536294
2023-10-21,ar_lag1_7,hormuz_tanker_transits,fold_10,61.0,63.73883338986727,-2.738833389867267
2023-10-22,ar_lag1_7,hormuz_tanker_transits,fold_10,41.0,62.99419346894371,-21.994193468943713
2023-10-23,ar_lag1_7,hormuz_tanker_transits,fold_10,57.0,62.15881738552895,-5.158817385528948
2023-10-24,ar_lag1_7,hormuz_tanker_transits,fold_10,57.0,61.86053860604124,-4.8605386060412386
2023-10-25,ar_lag1_7,hormuz_tanker_transits,fold_10,55.0,62.32387262179704,-7.323872621797037
2023-10-26,ar_lag1_7,hormuz_tanker_transits,fold_10,41.0,63.19923283295275,-22.199232832952752
2023-10-27,ar_lag1_7,hormuz_tanker_transits,fold_10,47.0,63.8273586312943,-16.827358631294302
2023-10-28,ar_lag1_7,hormuz_tanker_transits,fold_11,39.0,57.654976949080954,-18.654976949080954
2023-10-29,ar_lag1_7,hormuz_tanker_transits,fold_11,34.0,59.06334230329543,-25.06334230329543
2023-10-30,ar_lag1_7,hormuz_tanker_transits,fold_11,84.0,60.15459459078479,23.84540540921521
2023-10-31,ar_lag1_7,hormuz_tanker_transits,fold_11,68.0,60.4625874881997,7.537412511800298
2023-11-01,ar_lag1_7,hormuz_tanker_transits,fold_11,72.0,61.00039675104354,10.999603248956461
2023-11-02,ar_lag1_7,hormuz_tanker_transits,fold_11,52.0,60.88579026230515,-8.88579026230515
2023-11-03,ar_lag1_7,hormuz_tanker_transits,fold_11,56.0,61.75020981106266,-5.7502098110626605
2023-11-04,ar_lag1_7,hormuz_tanker_transits,fold_11,22.0,62.62634500489462,-40.62634500489462
2023-11-05,ar_lag1_7,hormuz_tanker_transits,fold_11,46.0,62.272369048067226,-16.272369048067226
2023-11-06,ar_lag1_7,hormuz_tanker_transits,fold_11,29.0,61.546384533278655,-32.546384533278655
2023-11-07,ar_lag1_7,hormuz_tanker_transits,fold_11,32.0,61.23358147183197,-29.233581471831968
2023-11-08,ar_lag1_7,hormuz_tanker_transits,fold_11,46.0,61.753700751369855,-15.753700751369855
2023-11-09,ar_lag1_7,hormuz_tanker_transits,fold_11,41.0,62.74236383622731,-21.742363836227312
2023-11-10,ar_lag1_7,hormuz_tanker_transits,fold_11,59.0,63.58824557118917,-4.588245571189169
2023-11-11,ar_lag1_7,hormuz_tanker_transits,fold_11,81.0,63.676390416716096,17.323609583283904
2023-11-12,ar_lag1_7,hormuz_tanker_transits,fold_11,77.0,62.90172807095075,14.098271929049247
2023-11-13,ar_lag1_7,hormuz_tanker_transits,fold_11,77.0,61.881121692265786,15.118878307734214
2023-11-14,ar_lag1_7,hormuz_tanker_transits,fold_11,74.0,61.41407469713164,12.585925302868361
2023-11-15,ar_lag1_7,hormuz_tanker_transits,fold_11,48.0,61.87799937026508,-13.87799937026508
2023-11-16,ar_lag1_7,hormuz_tanker_transits,fold_11,38.0,62.93486439515672,-24.934864395156723
2023-11-17,ar_lag1_7,hormuz_tanker_transits,fold_11,48.0,63.80348730851103,-15.80348730851103
2023-11-18,ar_lag1_7,hormuz_tanker_transits,fold_11,56.0,63.836742239796756,-7.836742239796756
2023-11-19,ar_lag1_7,hormuz_tanker_transits,fold_11,34.0,63.008969120477566,-29.008969120477566
2023-11-20,ar_lag1_7,hormuz_tanker_transits,fold_11,49.0,61.94595739369596,-12.945957393695963
2023-11-21,ar_lag1_7,hormuz_tanker_transits,fold_11,49.0,61.45152447526584,-12.451524475265842
2023-11-22,ar_lag1_7,hormuz_tanker_transits,fold_11,43.0,61.901232414443186,-18.901232414443186
2023-11-23,ar_lag1_7,hormuz_tanker_transits,fold_11,28.0,62.95849811830358,-34.95849811830358
2023-11-24,ar_lag1_7,hormuz_tanker_transits,fold_11,52.0,63.82908053547424,-11.82908053547424
2023-11-25,ar_lag1_7,hormuz_tanker_transits,fold_11,44.0,63.85864526457918,-19.85864526457918
2023-11-26,ar_lag1_7,hormuz_tanker_transits,fold_11,52.0,63.02531756957418,-11.025317569574177
2023-11-27,ar_lag1_7,hormuz_tanker_transits,fold_12,39.0,56.665351007446766,-17.665351007446766
2023-11-28,ar_lag1_7,hormuz_tanker_transits,fold_12,47.0,58.33374687673495,-11.33374687673495
2023-11-29,ar_lag1_7,hormuz_tanker_transits,fold_12,48.0,58.95705615530494,-10.95705615530494
2023-11-30,ar_lag1_7,hormuz_tanker_transits,fold_12,47.0,58.71260713713536,-11.712607137135358
2023-12-01,ar_lag1_7,hormuz_tanker_transits,fold_12,34.0,60.84835186512279,-26.848351865122787
2023-12-02,ar_lag1_7,hormuz_tanker_transits,fold_12,32.0,60.86235512460445,-28.86235512460445
2023-12-03,ar_lag1_7,hormuz_tanker_transits,fold_12,68.0,60.862093118723664,7.137906881276336
2023-12-04,ar_lag1_7,hormuz_tanker_transits,fold_12,61.0,60.634035399792026,0.36596460020797394
2023-12-05,ar_lag1_7,hormuz_tanker_transits,fold_12,63.0,60.56395123696054,2.4360487630394587
2023-12-06,ar_lag1_7,hormuz_tanker_transits,fold_12,61.0,61.032497486962,-0.03249748696200072
2023-12-07,ar_lag1_7,hormuz_tanker_transits,fold_12,57.0,61.86155188509755,-4.861551885097548
2023-12-08,ar_lag1_7,hormuz_tanker_transits,fold_12,30.0,62.72862028662331,-32.72862028662331
2023-12-09,ar_lag1_7,hormuz_tanker_transits,fold_12,39.0,62.87380200346501,-23.87380200346501
2023-12-10,ar_lag1_7,hormuz_tanker_transits,fold_12,56.0,62.30953067554891,-6.309530675548913
2023-12-11,ar_lag1_7,hormuz_tanker_transits,fold_12,52.0,61.49075319178944,-9.490753191789437
2023-12-12,ar_lag1_7,hormuz_tanker_transits,fold_12,58.0,61.06191179726255,-3.061911797262553
2023-12-13,ar_lag1_7,hormuz_tanker_transits,fold_12,41.0,61.38173564485222,-20.38173564485222
2023-12-14,ar_lag1_7,hormuz_tanker_transits,fold_12,41.0,62.23645642427808,-21.23645642427808
2023-12-15,ar_lag1_7,hormuz_tanker_transits,fold_12,53.0,63.015939984238,-10.015939984238003
2023-12-16,ar_lag1_7,hormuz_tanker_transits,fold_12,26.0,63.13778183374016,-37.13778183374016
2023-12-17,ar_lag1_7,hormuz_tanker_transits,fold_12,36.0,62.521318250658105,-26.521318250658105
2023-12-18,ar_lag1_7,hormuz_tanker_transits,fold_12,42.0,61.637292986038936,-19.637292986038936
2023-12-19,ar_lag1_7,hormuz_tanker_transits,fold_12,39.0,61.156027800311236,-22.156027800311236
2023-12-20,ar_lag1_7,hormuz_tanker_transits,fold_12,56.0,61.44444026964207,-5.444440269642072
2023-12-21,ar_lag1_7,hormuz_tanker_transits,fold_12,38.0,62.28914951547954,-24.289149515479536
2023-12-22,ar_lag1_7,hormuz_tanker_transits,fold_12,35.0,63.058091872145035,-28.058091872145035
2023-12-23,ar_lag1_7,hormuz_tanker_transits,fold_12,64.0,63.174121490336105,0.8258785096638945
2023-12-24,ar_lag1_7,hormuz_tanker_transits,fold_12,47.0,62.55143497463289,-15.55143497463289
2023-12-25,ar_lag1_7,hormuz_tanker_transits,fold_12,58.0,61.660028066482205,-3.660028066482205
2023-12-26,ar_lag1_7,hormuz_tanker_transits,fold_12,45.0,61.171923542659215,-16.171923542659215
2023-12-27,ar_lag1_7,hormuz_tanker_transits,fold_13,58.0,54.14581083208605,3.854189167913951
2023-12-28,ar_lag1_7,hormuz_tanker_transits,fold_13,64.0,56.455447441943946,7.544552558056054
2023-12-29,ar_lag1_7,hormuz_tanker_transits,fold_13,36.0,57.39678205975522,-21.396782059755218
2023-12-30,ar_lag1_7,hormuz_tanker_transits,fold_13,36.0,60.624320728776226,-24.624320728776226
2023-12-31,ar_lag1_7,hormuz_tanker_transits,fold_13,50.0,59.730111806703775,-9.730111806703775
2024-01-01,ar_lag1_7,hormuz_tanker_transits,fold_13,52.0,60.03056396682878,-8.03056396682878
2024-01-02,ar_lag1_7,hormuz_tanker_transits,fold_13,57.0,58.69873961541508,-1.6987396154150787
2024-01-03,ar_lag1_7,hormuz_tanker_transits,fold_13,44.0,59.401368185991856,-15.401368185991856
2024-01-04,ar_lag1_7,hormuz_tanker_transits,fold_13,52.0,60.42098850327207,-8.42098850327207
2024-01-05,ar_lag1_7,hormuz_tanker_transits,fold_13,63.0,61.2504746010147,1.7495253989852984
2024-01-06,ar_lag1_7,hormuz_tanker_transits,fold_13,57.0,61.812546461746756,-4.812546461746756
2024-01-07,ar_lag1_7,hormuz_tanker_transits,fold_13,49.0,61.49696513695777,-12.496965136957769
2024-01-08,ar_lag1_7,hormuz_tanker_transits,fold_13,49.0,60.93924818869845,-11.93924818869845
2024-01-09,ar_lag1_7,hormuz_tanker_transits,fold_13,40.0,60.453005953285945,-20.453005953285945
2024-01-10,ar_lag1_7,hormuz_tanker_transits,fold_13,44.0,60.63302654250854,-16.63302654250854
2024-01-11,ar_lag1_7,hormuz_tanker_transits,fold_13,62.0,61.313760558135236,0.6862394418647639
2024-01-12,ar_lag1_7,hormuz_tanker_transits,fold_13,58.0,61.99719234244967,-3.9971923424496723
2024-01-13,ar_lag1_7,hormuz_tanker_transits,fold_13,52.0,62.23014607971371,-10.230146079713712
2024-01-14,ar_lag1_7,hormuz_tanker_transits,fold_13,61.0,61.842612756915244,-0.8426127569152442
2024-01-15,ar_lag1_7,hormuz_tanker_transits,fold_13,80.0,61.169026429179304,18.830973570820696
2024-01-16,ar_lag1_7,hormuz_tanker_transits,fold_13,64.0,60.722729906608485,3.2772700933915146
2024-01-17,ar_lag1_7,hormuz_tanker_transits,fold_13,55.0,60.865477282631375,-5.865477282631375
2024-01-18,ar_lag1_7,hormuz_tanker_transits,fold_13,49.0,61.49693408365682,-12.496934083656818
2024-01-19,ar_lag1_7,hormuz_tanker_transits,fold_13,44.0,62.14592873806883,-18.145928738068832
2024-01-20,ar_lag1_7,hormuz_tanker_transits,fold_13,59.0,62.33172577857641,-3.3317257785764127
2024-01-21,ar_lag1_7,hormuz_tanker_transits,fold_13,56.0,61.91813413926754,-5.9181341392675435
2024-01-22,ar_lag1_7,hormuz_tanker_transits,fold_13,52.0,61.22240804625419,-9.222408046254188
2024-01-23,ar_lag1_7,hormuz_tanker_transits,fold_13,57.0,60.77137519527114,-3.7713751952711405
2024-01-24,ar_lag1_7,hormuz_tanker_transits,fold_13,64.0,60.90844964585183,3.0915503541481684
2024-01-25,ar_lag1_7,hormuz_tanker_transits,fold_13,39.0,61.53264051408649,-22.532640514086488
2024-01-26,ar_lag1_7,hormuz_tanker_transits,fold_14,61.0,50.945620422091714,10.054379577908286
2024-01-27,ar_lag1_7,hormuz_tanker_transits,fold_14,47.0,57.29670990239605,-10.296709902396053
2024-01-28,ar_lag1_7,hormuz_tanker_transits,fold_14,44.0,59.18753302528396,-15.187533025283962
2024-01-29,ar_lag1_7,hormuz_tanker_transits,fold_14,40.0,59.120129529894704,-19.120129529894704
2024-01-30,ar_lag1_7,hormuz_tanker_transits,fold_14,43.0,59.45656307049109,-16.456563070491093
2024-01-31,ar_lag1_7,hormuz_tanker_transits,fold_14,58.0,60.531787865390335,-2.531787865390335
2024-02-01,ar_lag1_7,hormuz_tanker_transits,fold_14,55.0,58.75269078589733,-3.752690785897329
2024-02-02,ar_lag1_7,hormuz_tanker_transits,fold_14,44.0,59.60921360134217,-15.60921360134217
2024-02-03,ar_lag1_7,hormuz_tanker_transits,fold_14,38.0,60.59734573583421,-22.59734573583421
2024-02-04,ar_lag1_7,hormuz_tanker_transits,fold_14,40.0,60.84825633664798,-20.848256336647978
2024-02-05,ar_lag1_7,hormuz_tanker_transits,fold_14,51.0,60.535554438540274,-9.535554438540274
2024-02-06,ar_lag1_7,hormuz_tanker_transits,fold_14,31.0,60.283271398146255,-29.283271398146255
2024-02-07,ar_lag1_7,hormuz_tanker_transits,fold_14,54.0,60.499280649017635,-6.499280649017635
2024-02-08,ar_lag1_7,hormuz_tanker_transits,fold_14,58.0,60.81586835288966,-2.815868352889659
2024-02-09,ar_lag1_7,hormuz_tanker_transits,fold_14,44.0,61.348517117889884,-17.348517117889884
2024-02-10,ar_lag1_7,hormuz_tanker_transits,fold_14,56.0,61.64285933015617,-5.6428593301561705
2024-02-11,ar_lag1_7,hormuz_tanker_transits,fold_14,57.0,61.442740526369306,-4.442740526369306
2024-02-12,ar_lag1_7,hormuz_tanker_transits,fold_14,56.0,60.92310217853639,-4.923102178536389
2024-02-13,ar_lag1_7,hormuz_tanker_transits,fold_14,46.0,60.52582372192982,-14.525823721929818
2024-02-14,ar_lag1_7,hormuz_tanker_transits,fold_14,54.0,60.593283199230626,-6.593283199230626
2024-02-15,ar_lag1_7,hormuz_tanker_transits,fold_14,62.0,61.07048738872305,0.9295126112769481
2024-02-16,ar_lag1_7,hormuz_tanker_transits,fold_14,65.0,61.633603763435104,3.3663962365648956
2024-02-17,ar_lag1_7,hormuz_tanker_transits,fold_14,38.0,61.86725781541993,-23.867257815419933
2024-02-18,ar_lag1_7,hormuz_tanker_transits,fold_14,44.0,61.59535568772125,-17.595355687721252
2024-02-19,ar_lag1_7,hormuz_tanker_transits,fold_14,44.0,61.02513468481213,-17.02513468481213
2024-02-20,ar_lag1_7,hormuz_tanker_transits,fold_14,42.0,60.59229938379378,-18.59229938379378
2024-02-21,ar_lag1_7,hormuz_tanker_transits,fold_14,48.0,60.629863423957424,-12.629863423957424
2024-02-22,ar_lag1_7,hormuz_tanker_transits,fold_14,38.0,61.11194295272158,-23.111942952721577
2024-02-23,ar_lag1_7,hormuz_tanker_transits,fold_14,36.0,61.68021996754478,-25.68021996754478
2024-02-24,ar_lag1_7,hormuz_tanker_transits,fold_14,58.0,61.90956773405292,-3.9095677340529207
2024-02-25,ar_lag1_7,hormuz_tanker_transits,fold_15,44.0,57.699104279695135,-13.699104279695135
2024-02-26,ar_lag1_7,hormuz_tanker_transits,fold_15,53.0,57.22125620842023,-4.221256208420229
2024-02-27,ar_lag1_7,hormuz_tanker_transits,fold_15,49.0,56.73406893443847,-7.7340689344384685
2024-02-28,ar_lag1_7,hormuz_tanker_transits,fold_15,52.0,57.48078246470598,-5.480782464705982
2024-02-29,ar_lag1_7,hormuz_tanker_transits,fold_15,45.0,57.06865815121405,-12.068658151214052
2024-03-01,ar_lag1_7,hormuz_tanker_transits,fold_15,48.0,56.90608346861672,-8.906083468616721
2024-03-02,ar_lag1_7,hormuz_tanker_transits,fold_15,42.0,59.19909349004005,-17.19909349004005
2024-03-03,ar_lag1_7,hormuz_tanker_transits,fold_15,69.0,59.734963762011816,9.265036237988184
2024-03-04,ar_lag1_7,hormuz_tanker_transits,fold_15,72.0,59.54847891730641,12.451521082693588
2024-03-05,ar_lag1_7,hormuz_tanker_transits,fold_15,53.0,59.351672122551676,-6.351672122551676
2024-03-06,ar_lag1_7,hormuz_tanker_transits,fold_15,35.0,59.6271048114342,-24.6271048114342
2024-03-07,ar_lag1_7,hormuz_tanker_transits,fold_15,50.0,60.09933458610778,-10.09933458610778
2024-03-08,ar_lag1_7,hormuz_tanker_transits,fold_15,67.0,60.50824309947201,6.491756900527989
2024-03-09,ar_lag1_7,hormuz_tanker_transits,fold_15,43.0,60.81972294034751,-17.81972294034751
2024-03-10,ar_lag1_7,hormuz_tanker_transits,fold_15,45.0,60.63245132273616,-15.63245132273616
2024-03-11,ar_lag1_7,hormuz_tanker_transits,fold_15,69.0,60.180486305499244,8.819513694500756
2024-03-12,ar_lag1_7,hormuz_tanker_transits,fold_15,79.0,59.90685240108142,19.093147598918577
2024-03-13,ar_lag1_7,hormuz_tanker_transits,fold_15,52.0,60.09757361299279,-8.09757361299279
2024-03-14,ar_lag1_7,hormuz_tanker_transits,fold_15,45.0,60.63436290462492,-15.634362904624922
2024-03-15,ar_lag1_7,hormuz_tanker_transits,fold_15,70.0,61.134196896975986,8.865803103024014
2024-03-16,ar_lag1_7,hormuz_tanker_transits,fold_15,89.0,61.26023656736162,27.739763432638377
2024-03-17,ar_lag1_7,hormuz_tanker_transits,fold_15,82.0,60.915118797944785,21.084881202055215
2024-03-18,ar_lag1_7,hormuz_tanker_transits,fold_15,69.0,60.36818051177039,8.63181948822961
2024-03-19,ar_lag1_7,hormuz_tanker_transits,fold_15,53.0,60.046730820579214,-7.046730820579214
2024-03-20,ar_lag1_7,hormuz_tanker_transits,fold_15,60.0,60.208199385450506,-0.20819938545050576
2024-03-21,ar_lag1_7,hormuz_tanker_transits,fold_15,62.0,60.74018696715526,1.2598130328447397
2024-03-22,ar_lag1_7,hormuz_tanker_transits,fold_15,70.0,61.24827053787536,8.751729462124644
2024-03-23,ar_lag1_7,hormuz_tanker_transits,fold_15,64.0,61.356848833027705,2.643151166972295
2024-03-24,ar_lag1_7,hormuz_tanker_transits,fold_15,69.0,60.98676975805572,8.013230241944278
2024-03-25,ar_lag1_7,hormuz_tanker_transits,fold_15,65.0,60.41885065090238,4.581149349097622
2024-03-26,ar_lag1_7,hormuz_tanker_transits,fold_16,57.0,61.05983441980809,-4.059834419808091
2024-03-27,ar_lag1_7,hormuz_tanker_transits,fold_16,65.0,60.443910510982086,4.556089489017914
2024-03-28,ar_lag1_7,hormuz_tanker_transits,fold_16,65.0,60.87289450196405,4.127105498035952
2024-03-29,ar_lag1_7,hormuz_tanker_transits,fold_16,80.0,62.333075067039964,17.666924932960036
2024-03-30,ar_lag1_7,hormuz_tanker_transits,fold_16,65.0,62.24418894931733,2.7558110506826665
2024-03-31,ar_lag1_7,hormuz_tanker_transits,fold_16,85.0,62.42009513260545,22.579904867394553
2024-04-01,ar_lag1_7,hormuz_tanker_transits,fold_16,69.0,61.5797046176402,7.420295382359797
2024-04-02,ar_lag1_7,hormuz_tanker_transits,fold_16,54.0,60.57870085057111,-6.57870085057111
2024-04-03,ar_lag1_7,hormuz_tanker_transits,fold_16,59.0,60.296851163358134,-1.2968511633581343
2024-04-04,ar_lag1_7,hormuz_tanker_transits,fold_16,58.0,60.682645537548574,-2.6826455375485736
2024-04-05,ar_lag1_7,hormuz_tanker_transits,fold_16,53.0,61.37254941931171,-8.37254941931171
2024-04-06,ar_lag1_7,hormuz_tanker_transits,fold_16,77.0,61.646603427333616,15.353396572666384
2024-04-07,ar_lag1_7,hormuz_tanker_transits,fold_16,57.0,61.41689875005375,-4.416898750053747
2024-04-08,ar_lag1_7,hormuz_tanker_transits,fold_16,77.0,60.77302633094865,16.226973669051347
2024-04-09,ar_lag1_7,hormuz_tanker_transits,fold_16,70.0,60.19113974569937,9.808860254300633
2024-04-10,ar_lag1_7,hormuz_tanker_transits,fold_16,76.0,60.120327447429304,15.879672552570696
2024-04-11,ar_lag1_7,hormuz_tanker_transits,fold_16,73.0,60.588060205412134,12.411939794587866
2024-04-12,ar_lag1_7,hormuz_tanker_transits,fold_16,45.0,61.2230770903518,-16.2230770903518
2024-04-13,ar_lag1_7,hormuz_tanker_transits,fold_16,75.0,61.51628887471304,13.483711125286959
2024-04-14,ar_lag1_7,hormuz_tanker_transits,fold_16,76.0,61.24780285044519,14.75219714955481
2024-04-15,ar_lag1_7,hormuz_tanker_transits,fold_16,65.0,60.61057171831707,4.389428281682932
2024-04-16,ar_lag1_7,hormuz_tanker_transits,fold_16,55.0,60.07964494222184,-5.07964494222184
2024-04-17,ar_lag1_7,hormuz_tanker_transits,fold_16,50.0,60.05410112349037,-10.05410112349037
2024-04-18,ar_lag1_7,hormuz_tanker_transits,fold_16,62.0,60.549904091390715,1.4500959086092848
2024-04-19,ar_lag1_7,hormuz_tanker_transits,fold_16,49.0,61.19016519173873,-12.190165191738728
2024-04-20,ar_lag1_7,hormuz_tanker_transits,fold_16,76.0,61.48774096081032,14.51225903918968
2024-04-21,ar_lag1_7,hormuz_tanker_transits,fold_16,77.0,61.21658978690878,15.783410213091223
2024-04-22,ar_lag1_7,hormuz_tanker_transits,fold_16,71.0,60.57902527773314,10.420974722266862
2024-04-23,ar_lag1_7,hormuz_tanker_transits,fold_16,84.0,60.05382479654101,23.946175203458992
2024-04-24,ar_lag1_7,hormuz_tanker_transits,fold_16,62.0,60.03584786249641,1.9641521375035893
2024-04-25,ar_lag1_7,hormuz_tanker_transits,fold_17,46.0,61.48384477912744,-15.483844779127438
2024-04-26,ar_lag1_7,hormuz_tanker_transits,fold_17,61.0,60.172747333890705,0.8272526661092954
2024-04-27,ar_lag1_7,hormuz_tanker_transits,fold_17,79.0,63.01326897350636,15.986731026493644
2024-04-28,ar_lag1_7,hormuz_tanker_transits,fold_17,53.0,63.97493703629715,-10.974937036297149
2024-04-29,ar_lag1_7,hormuz_tanker_transits,fold_17,54.0,63.13175920594655,-9.131759205946551
2024-04-30,ar_lag1_7,hormuz_tanker_transits,fold_17,83.0,64.029808615021,18.970191384979003
2024-05-01,ar_lag1_7,hormuz_tanker_transits,fold_17,57.0,61.85116243163569,-4.851162431635693
2024-05-02,ar_lag1_7,hormuz_tanker_transits,fold_17,48.0,61.361234018043476,-13.361234018043476
2024-05-03,ar_lag1_7,hormuz_tanker_transits,fold_17,57.0,61.46842575494487,-4.468425754944867
2024-05-04,ar_lag1_7,hormuz_tanker_transits,fold_17,74.0,61.97560150376069,12.024398496239307
2024-05-05,ar_lag1_7,hormuz_tanker_transits,fold_17,76.0,61.98492799113893,14.015072008861068
2024-05-06,ar_lag1_7,hormuz_tanker_transits,fold_17,74.0,61.37595212213492,12.624047877865081
2024-05-07,ar_lag1_7,hormuz_tanker_transits,fold_17,78.0,60.91174829187607,17.088251708123927
2024-05-08,ar_lag1_7,hormuz_tanker_transits,fold_17,51.0,60.56678899397321,-9.566788993973212
2024-05-09,ar_lag1_7,hormuz_tanker_transits,fold_17,72.0,60.824799963246974,11.175200036753026
2024-05-10,ar_lag1_7,hormuz_tanker_transits,fold_17,52.0,61.40657670041516,-9.406576700415158
2024-05-11,ar_lag1_7,hormuz_tanker_transits,fold_17,58.0,61.825519365621034,-3.825519365621034
2024-05-12,ar_lag1_7,hormuz_tanker_transits,fold_17,68.0,61.684322798522125,6.315677201477875
2024-05-13,ar_lag1_7,hormuz_tanker_transits,fold_17,92.0,61.04241338742841,30.95758661257159
2024-05-14,ar_lag1_7,hormuz_tanker_transits,fold_17,66.0,60.40078365354436,5.599216346455641
2024-05-15,ar_lag1_7,hormuz_tanker_transits,fold_17,79.0,60.20458185663172,18.79541814336828
2024-05-16,ar_lag1_7,hormuz_tanker_transits,fold_17,79.0,60.6130836871139,18.3869163128861
2024-05-17,ar_lag1_7,hormuz_tanker_transits,fold_17,73.0,61.313136600325436,11.686863399674564
2024-05-18,ar_lag1_7,hormuz_tanker_transits,fold_17,41.0,61.7694935367013,-20.769493536701297
2024-05-19,ar_lag1_7,hormuz_tanker_transits,fold_17,72.0,61.62536662206697,10.37463337793303
2024-05-20,ar_lag1_7,hormuz_tanker_transits,fold_17,49.0,60.97830098017428,-11.978300980174282
2024-05-21,ar_lag1_7,hormuz_tanker_transits,fold_17,76.0,60.31321043691884,15.686789563081163
2024-05-22,ar_lag1_7,hormuz_tanker_transits,fold_17,68.0,60.12539379053057,7.874606209469427
2024-05-23,ar_lag1_7,hormuz_tanker_transits,fold_17,80.0,60.55542425335453,19.44457574664547
2024-05-24,ar_lag1_7,hormuz_tanker_transits,fold_17,59.0,61.27846477728116,-2.278464777281158
2024-05-25,ar_lag1_7,hormuz_tanker_transits,fold_18,59.0,58.231468103224024,0.7685318967759756
2024-05-26,ar_lag1_7,hormuz_tanker_transits,fold_18,85.0,61.64671154499477,23.353288455005227
2024-05-27,ar_lag1_7,hormuz_tanker_transits,fold_18,81.0,59.64531246848712,21.35468753151288
2024-05-28,ar_lag1_7,hormuz_tanker_transits,fold_18,83.0,61.942928631049085,21.057071368950915
2024-05-29,ar_lag1_7,hormuz_tanker_transits,fold_18,74.0,61.84851685868783,12.15148314131217
2024-05-30,ar_lag1_7,hormuz_tanker_transits,fold_18,50.0,63.68290126828953,-13.682901268289527
2024-05-31,ar_lag1_7,hormuz_tanker_transits,fold_18,64.0,62.17010383382126,1.8298961661787416
2024-06-01,ar_lag1_7,hormuz_tanker_transits,fold_18,54.0,61.655140406975846,-7.655140406975846
2024-06-02,ar_lag1_7,hormuz_tanker_transits,fold_18,94.0,61.68008324630237,32.31991675369763
2024-06-03,ar_lag1_7,hormuz_tanker_transits,fold_18,78.0,61.00515622048033,16.99484377951967
2024-06-04,ar_lag1_7,hormuz_tanker_transits,fold_18,79.0,60.69804689510217,18.301953104897827
2024-06-05,ar_lag1_7,hormuz_tanker_transits,fold_18,55.0,60.58189198767277,-5.581891987672769
2024-06-06,ar_lag1_7,hormuz_tanker_transits,fold_18,49.0,61.12168180774725,-12.121681807747251
2024-06-07,ar_lag1_7,hormuz_tanker_transits,fold_18,52.0,61.566337182053836,-9.566337182053836
2024-06-08,ar_lag1_7,hormuz_tanker_transits,fold_18,57.0,61.85140295472615,-4.851402954726147
2024-06-09,ar_lag1_7,hormuz_tanker_transits,fold_18,48.0,61.76130306983271,-13.761303069832707
2024-06-10,ar_lag1_7,hormuz_tanker_transits,fold_18,73.0,61.20905594175408,11.79094405824592
2024-06-11,ar_lag1_7,hormuz_tanker_transits,fold_18,54.0,60.620549557181185,-6.620549557181185
2024-06-12,ar_lag1_7,hormuz_tanker_transits,fold_18,46.0,60.391245909034325,-14.391245909034325
2024-06-13,ar_lag1_7,hormuz_tanker_transits,fold_18,48.0,60.7228643717468,-12.722864371746802
2024-06-14,ar_lag1_7,hormuz_tanker_transits,fold_18,68.0,61.333489457820576,6.666510542179424
2024-06-15,ar_lag1_7,hormuz_tanker_transits,fold_18,76.0,61.78488130230384,14.215118697696163
2024-06-16,ar_lag1_7,hormuz_tanker_transits,fold_18,73.0,61.74548044305625,11.254519556943748
2024-06-17,ar_lag1_7,hormuz_tanker_transits,fold_18,75.0,61.22864399204121,13.771356007958786
2024-06-18,ar_lag1_7,hormuz_tanker_transits,fold_18,49.0,60.6184300799153,-11.6184300799153
2024-06-19,ar_lag1_7,hormuz_tanker_transits,fold_18,81.0,60.36629552793313,20.633704472066867
2024-06-20,ar_lag1_7,hormuz_tanker_transits,fold_18,53.0,60.662620936705366,-7.662620936705366
2024-06-21,ar_lag1_7,hormuz_tanker_transits,fold_18,62.0,61.2803968432971,0.7196031567029024
2024-06-22,ar_lag1_7,hormuz_tanker_transits,fold_18,70.0,61.75563621734007,8.244363782659931
2024-06-23,ar_lag1_7,hormuz_tanker_transits,fold_18,67.0,61.73200524092688,5.267994759073119
2024-06-24,ar_lag1_7,hormuz_tanker_transits,fold_19,76.0,65.29406834285548,10.705931657144518
2024-06-25,ar_lag1_7,hormuz_tanker_transits,fold_19,67.0,60.74989308791488,6.250106912085123
2024-06-26,ar_lag1_7,hormuz_tanker_transits,fold_19,73.0,62.937571717250336,10.062428282749664
2024-06-27,ar_lag1_7,hormuz_tanker_transits,fold_19,90.0,60.49276890333173,29.50723109666827
2024-06-28,ar_lag1_7,hormuz_tanker_transits,fold_19,76.0,61.276579204809984,14.723420795190016
2024-06-29,ar_lag1_7,hormuz_tanker_transits,fold_19,49.0,63.00537285003834,-14.005372850038341
2024-06-30,ar_lag1_7,hormuz_tanker_transits,fold_19,61.0,63.21040049640354,-2.210400496403537
2024-07-01,ar_lag1_7,hormuz_tanker_transits,fold_19,45.0,62.578496558785595,-17.578496558785595
2024-07-02,ar_lag1_7,hormuz_tanker_transits,fold_19,47.0,61.213119499047245,-14.213119499047245
2024-07-03,ar_lag1_7,hormuz_tanker_transits,fold_19,77.0,60.79030427713948,16.209695722860523
2024-07-04,ar_lag1_7,hormuz_tanker_transits,fold_19,89.0,60.62745506758296,28.372544932417043
2024-07-05,ar_lag1_7,hormuz_tanker_transits,fold_19,66.0,61.23548844766601,4.7645115523339925
2024-07-06,ar_lag1_7,hormuz_tanker_transits,fold_19,73.0,62.088590179876036,10.911409820123964
2024-07-07,ar_lag1_7,hormuz_tanker_transits,fold_19,85.0,62.36778106714118,22.63221893285882
2024-07-08,ar_lag1_7,hormuz_tanker_transits,fold_19,79.0,61.9028890626015,17.097110937398497
2024-07-09,ar_lag1_7,hormuz_tanker_transits,fold_19,91.0,61.01151907807475,29.98848092192525
2024-07-10,ar_lag1_7,hormuz_tanker_transits,fold_19,75.0,60.435780434267166,14.564219565732834
2024-07-11,ar_lag1_7,hormuz_tanker_transits,fold_19,80.0,60.50770507033436,19.49229492966564
2024-07-12,ar_lag1_7,hormuz_tanker_transits,fold_19,74.0,61.18388774270111,12.81611225729889
2024-07-13,ar_lag1_7,hormuz_tanker_transits,fold_19,72.0,61.95055617976933,10.049443820230671
2024-07-14,ar_lag1_7,hormuz_tanker_transits,fold_19,82.0,62.20587466458606,19.794125335413938
2024-07-15,ar_lag1_7,hormuz_tanker_transits,fold_19,81.0,61.75326177454108,19.24673822545892
2024-07-16,ar_lag1_7,hormuz_tanker_transits,fold_19,84.0,60.92769128929369,23.07230871070631
2024-07-17,ar_lag1_7,hormuz_tanker_transits,fold_19,78.0,60.35770165237084,17.642298347629158
2024-07-18,ar_lag1_7,hormuz_tanker_transits,fold_19,40.0,60.46208782964355,-20.46208782964355
2024-07-19,ar_lag1_7,hormuz_tanker_transits,fold_19,62.0,61.15960112466665,0.8403988753333493
2024-07-20,ar_lag1_7,hormuz_tanker_transits,fold_19,66.0,61.92338587084762,4.076614129152382
2024-07-21,ar_lag1_7,hormuz_tanker_transits,fold_19,73.0,62.17451449600506,10.82548550399494
2024-07-22,ar_lag1_7,hormuz_tanker_transits,fold_19,54.0,61.721862875706506,-7.721862875706506
2024-07-23,ar_lag1_7,hormuz_tanker_transits,fold_19,54.0,60.9047522434172,-6.9047522434171995
2024-07-24,ar_lag1_7,hormuz_tanker_transits,fold_20,51.0,60.07219061438115,-9.07219061438115
2024-07-25,ar_lag1_7,hormuz_tanker_transits,fold_20,71.0,57.88449967562996,13.11550032437004
2024-07-26,ar_lag1_7,hormuz_tanker_transits,fold_20,58.0,60.34754630599878,-2.347546305998783
2024-07-27,ar_lag1_7,hormuz_tanker_transits,fold_20,67.0,62.190343111831176,4.809656888168824
2024-07-28,ar_lag1_7,hormuz_tanker_transits,fold_20,64.0,63.74948528291804,0.2505147170819626
2024-07-29,ar_lag1_7,hormuz_tanker_transits,fold_20,78.0,61.4954780465334,16.5045219534666
2024-07-30,ar_lag1_7,hormuz_tanker_transits,fold_20,68.0,60.12295203315826,7.877047966841737
2024-07-31,ar_lag1_7,hormuz_tanker_transits,fold_20,76.0,60.19391159921082,15.806088400789179
2024-08-01,ar_lag1_7,hormuz_tanker_transits,fold_20,61.0,60.22041631371722,0.779583686282777
2024-08-02,ar_lag1_7,hormuz_tanker_transits,fold_20,59.0,61.057543317411834,-2.0575433174118345
2024-08-03,ar_lag1_7,hormuz_tanker_transits,fold_20,50.0,61.983040950481254,-11.983040950481254
2024-08-04,ar_lag1_7,hormuz_tanker_transits,fold_20,68.0,62.484328527011705,5.515671472988295
2024-08-05,ar_lag1_7,hormuz_tanker_transits,fold_20,58.0,61.955315214190506,-3.955315214190506
2024-08-06,ar_lag1_7,hormuz_tanker_transits,fold_20,50.0,61.087621209036946,-11.087621209036946
2024-08-07,ar_lag1_7,hormuz_tanker_transits,fold_20,39.0,60.589991589645145,-21.589991589645145
2024-08-08,ar_lag1_7,hormuz_tanker_transits,fold_20,66.0,60.675473992241315,5.324526007758685
2024-08-09,ar_lag1_7,hormuz_tanker_transits,fold_20,65.0,61.327865952242426,3.6721340477575737
2024-08-10,ar_lag1_7,hormuz_tanker_transits,fold_20,51.0,62.06314880272817,-11.063148802728172
2024-08-11,ar_lag1_7,hormuz_tanker_transits,fold_20,70.0,62.35407935608605,7.6459206439139535
2024-08-12,ar_lag1_7,hormuz_tanker_transits,fold_20,78.0,61.96276455724589,16.03723544275411
2024-08-13,ar_lag1_7,hormuz_tanker_transits,fold_20,47.0,61.213966475677886,-14.213966475677886
2024-08-14,ar_lag1_7,hormuz_tanker_transits,fold_20,40.0,60.69049700193153,-20.690497001931533
2024-08-15,ar_lag1_7,hormuz_tanker_transits,fold_20,30.0,60.77333183037301,-30.77333183037301
2024-08-16,ar_lag1_7,hormuz_tanker_transits,fold_20,39.0,61.401046930317314,-22.401046930317314
2024-08-17,ar_lag1_7,hormuz_tanker_transits,fold_20,48.0,62.10226258124394,-14.102262581243941
2024-08-18,ar_lag1_7,hormuz_tanker_transits,fold_20,45.0,62.35284523580982,-17.352845235809824
2024-08-19,ar_lag1_7,hormuz_tanker_transits,fold_20,42.0,61.96323073469237,-19.963230734692367
2024-08-20,ar_lag1_7,hormuz_tanker_transits,fold_20,39.0,61.23031328580323,-22.230313285803227
2024-08-21,ar_lag1_7,hormuz_tanker_transits,fold_20,47.0,60.70980223677772,-13.709802236777719
2024-08-22,ar_lag1_7,hormuz_tanker_transits,fold_20,49.0,60.79346530479181,-11.793465304791809
2024-08-23,ar_lag1_7,hormuz_tanker_transits,fold_21,46.0,53.86414560966186,-7.864145609661861
2024-08-24,ar_lag1_7,hormuz_tanker_transits,fold_21,66.0,57.33664635404325,8.663353645956747
2024-08-25,ar_lag1_7,hormuz_tanker_transits,fold_21,69.0,58.31306785128311,10.686932148716892
2024-08-26,ar_lag1_7,hormuz_tanker_transits,fold_21,80.0,57.84755366835037,22.152446331649628
2024-08-27,ar_lag1_7,hormuz_tanker_transits,fold_21,67.0,56.73544063892613,10.264559361073871
2024-08-28,ar_lag1_7,hormuz_tanker_transits,fold_21,50.0,57.05399009193905,-7.053990091939049
2024-08-29,ar_lag1_7,hormuz_tanker_transits,fold_21,64.0,57.729128936565004,6.270871063434996
2024-08-30,ar_lag1_7,hormuz_tanker_transits,fold_21,57.0,59.176128757661616,-2.1761287576616155
2024-08-31,ar_lag1_7,hormuz_tanker_transits,fold_21,64.0,60.60453605006953,3.3954639499304733
2024-09-01,ar_lag1_7,hormuz_tanker_transits,fold_21,53.0,61.24229908814214,-8.24229908814214
2024-09-02,ar_lag1_7,hormuz_tanker_transits,fold_21,67.0,60.94837202734364,6.051627972656362
2024-09-03,ar_lag1_7,hormuz_tanker_transits,fold_21,67.0,60.13438302146897,6.86561697853103
2024-09-04,ar_lag1_7,hormuz_tanker_transits,fold_21,70.0,59.640252726500975,10.359747273499025
2024-09-05,ar_lag1_7,hormuz_tanker_transits,fold_21,65.0,59.82800786968119,5.171992130318813
2024-09-06,ar_lag1_7,hormuz_tanker_transits,fold_21,70.0,60.66434759243687,9.335652407563131
2024-09-07,ar_lag1_7,hormuz_tanker_transits,fold_21,55.0,61.599238035503696,-6.599238035503696
2024-09-08,ar_lag1_7,hormuz_tanker_transits,fold_21,36.0,61.99758297061082,-25.99758297061082
2024-09-09,ar_lag1_7,hormuz_tanker_transits,fold_21,61.0,61.62828120087226,-0.6282812008722587
2024-09-10,ar_lag1_7,hormuz_tanker_transits,fold_21,76.0,60.820194891560064,15.179805108439936
2024-09-11,ar_lag1_7,hormuz_tanker_transits,fold_21,71.0,60.22978291103636,10.77021708896364
2024-09-12,ar_lag1_7,hormuz_tanker_transits,fold_21,64.0,60.31968476015467,3.680315239845328
2024-09-13,ar_lag1_7,hormuz_tanker_transits,fold_21,58.0,61.04257480033715,-3.0425748003371496
2024-09-14,ar_lag1_7,hormuz_tanker_transits,fold_21,62.0,61.871968899530216,0.1280311004697836
2024-09-15,ar_lag1_7,hormuz_tanker_transits,fold_21,33.0,62.19885911955619,-29.19885911955619
2024-09-16,ar_lag1_7,hormuz_tanker_transits,fold_21,61.0,61.791695110344186,-0.791695110344186
2024-09-17,ar_lag1_7,hormuz_tanker_transits,fold_21,46.0,60.96911135439085,-14.969111354390847
2024-09-18,ar_lag1_7,hormuz_tanker_transits,fold_21,56.0,60.36118602705473,-4.361186027054728
2024-09-19,ar_lag1_7,hormuz_tanker_transits,fold_21,66.0,60.43217188337988,5.56782811662012
2024-09-20,ar_lag1_7,hormuz_tanker_transits,fold_21,60.0,61.133689022096426,-1.1336890220964264
2024-09-21,ar_lag1_7,hormuz_tanker_transits,fold_21,61.0,61.94168845135246,-0.9416884513524622
2024-09-22,ar_lag1_7,hormuz_tanker_transits,fold_22,53.0,58.201663505892064,-5.201663505892064
2024-09-23,ar_lag1_7,hormuz_tanker_transits,fold_22,54.0,60.14717345208185,-6.1471734520818515
2024-09-24,ar_lag1_7,hormuz_tanker_transits,fold_22,56.0,58.57691902491712,-2.5769190249171174
2024-09-25,ar_lag1_7,hormuz_tanker_transits,fold_22,40.0,58.98429836702341,-18.984298367023413
2024-09-26,ar_lag1_7,hormuz_tanker_transits,fold_22,50.0,60.61710192037203,-10.61710192037203
2024-09-27,ar_lag1_7,hormuz_tanker_transits,fold_22,43.0,61.02062497625009,-18.02062497625009
2024-09-28,ar_lag1_7,hormuz_tanker_transits,fold_22,44.0,61.68990184495895,-17.689901844958953
2024-09-29,ar_lag1_7,hormuz_tanker_transits,fold_22,52.0,61.59417602971464,-9.594176029714639
2024-09-30,ar_lag1_7,hormuz_tanker_transits,fold_22,40.0,61.39198366713624,-21.391983667136238
2024-10-01,ar_lag1_7,hormuz_tanker_transits,fold_22,45.0,60.628387529133995,-15.628387529133995
2024-10-02,ar_lag1_7,hormuz_tanker_transits,fold_22,59.0,60.17005649173357,-1.1700564917335683
2024-10-03,ar_lag1_7,hormuz_tanker_transits,fold_22,68.0,60.423104935427475,7.5768950645725255
2024-10-04,ar_lag1_7,hormuz_tanker_transits,fold_22,58.0,61.06967857779057,-3.069678577790569
2024-10-05,ar_lag1_7,hormuz_tanker_transits,fold_22,48.0,61.7947802306347,-13.7947802306347
2024-10-06,ar_lag1_7,hormuz_tanker_transits,fold_22,34.0,62.05563718020369,-28.05563718020369
2024-10-07,ar_lag1_7,hormuz_tanker_transits,fold_22,63.0,61.72966490114219,1.2703350988578066
2024-10-08,ar_lag1_7,hormuz_tanker_transits,fold_22,65.0,61.01659921045986,3.9834007895401413
2024-10-09,ar_lag1_7,hormuz_tanker_transits,fold_22,44.0,60.471276430451326,-16.471276430451326
2024-10-10,ar_lag1_7,hormuz_tanker_transits,fold_22,47.0,60.51899839602262,-13.518998396022617
2024-10-11,ar_lag1_7,hormuz_tanker_transits,fold_22,52.0,61.113915855602386,-9.113915855602386
2024-10-12,ar_lag1_7,hormuz_tanker_transits,fold_22,50.0,61.82536337218189,-11.82536337218189
2024-10-13,ar_lag1_7,hormuz_tanker_transits,fold_22,41.0,62.124901442880365,-21.124901442880365
2024-10-14,ar_lag1_7,hormuz_tanker_transits,fold_22,50.0,61.79901153603433,-11.799011536034328
2024-10-15,ar_lag1_7,hormuz_tanker_transits,fold_22,48.0,61.092230181320325,-13.092230181320325
2024-10-16,ar_lag1_7,hormuz_tanker_transits,fold_22,52.0,60.538646268548725,-8.538646268548725
2024-10-17,ar_lag1_7,hormuz_tanker_transits,fold_22,56.0,60.55767738153626,-4.557677381536259
2024-10-18,ar_lag1_7,hormuz_tanker_transits,fold_22,52.0,61.134784207168586,-9.134784207168586
2024-10-19,ar_lag1_7,hormuz_tanker_transits,fold_22,67.0,61.8374532943918,5.1625467056082
2024-10-20,ar_lag1_7,hormuz_tanker_transits,fold_22,63.0,62.13828285877246,0.8617171412275368
2024-10-21,ar_lag1_7,hormuz_tanker_transits,fold_22,55.0,61.81291719568177,-6.81291719568177
2024-10-22,ar_lag1_7,hormuz_tanker_transits,fold_23,46.0,56.5992777848341,-10.5992777848341
2024-10-23,ar_lag1_7,hormuz_tanker_transits,fold_23,43.0,57.572004169682394,-14.572004169682394
2024-10-24,ar_lag1_7,hormuz_tanker_transits,fold_23,40.0,58.69387890325866,-18.693878903258657
2024-10-25,ar_lag1_7,hormuz_tanker_transits,fold_23,68.0,59.100757724437685,8.899242275562315
2024-10-26,ar_lag1_7,hormuz_tanker_transits,fold_23,46.0,61.495214769387,-15.495214769386997
2024-10-27,ar_lag1_7,hormuz_tanker_transits,fold_23,61.0,61.928641659750305,-0.9286416597503049
2024-10-28,ar_lag1_7,hormuz_tanker_transits,fold_23,48.0,60.71742850319656,-12.717428503196558
2024-10-29,ar_lag1_7,hormuz_tanker_transits,fold_23,42.0,59.98539953147593,-17.985399531475927
2024-10-30,ar_lag1_7,hormuz_tanker_transits,fold_23,45.0,59.6376747473192,-14.637674747319203
2024-10-31,ar_lag1_7,hormuz_tanker_transits,fold_23,29.0,59.865325399612544,-30.865325399612544
2024-11-01,ar_lag1_7,hormuz_tanker_transits,fold_23,55.0,60.46596443110935,-5.465964431109349
2024-11-02,ar_lag1_7,hormuz_tanker_transits,fold_23,51.0,61.35323028056885,-10.353230280568852
2024-11-03,ar_lag1_7,hormuz_tanker_transits,fold_23,59.0,61.73667267814797,-2.7366726781479684
2024-11-04,ar_lag1_7,hormuz_tanker_transits,fold_23,53.0,61.3590805941076,-8.359080594107603
2024-11-05,ar_lag1_7,hormuz_tanker_transits,fold_23,44.0,60.66989021416661,-16.669890214166607
2024-11-06,ar_lag1_7,hormuz_tanker_transits,fold_23,61.0,60.17337120057532,0.8266287994246824
2024-11-07,ar_lag1_7,hormuz_tanker_transits,fold_23,52.0,60.22858461444953,-8.228584614449531
2024-11-08,ar_lag1_7,hormuz_tanker_transits,fold_23,36.0,60.78408282841552,-24.78408282841552
2024-11-09,ar_lag1_7,hormuz_tanker_transits,fold_23,49.0,61.463605719259945,-12.463605719259945
2024-11-10,ar_lag1_7,hormuz_tanker_transits,fold_23,50.0,61.757022017695114,-11.757022017695114
2024-11-11,ar_lag1_7,hormuz_tanker_transits,fold_23,61.0,61.44797856524952,-0.44797856524952095
2024-11-12,ar_lag1_7,hormuz_tanker_transits,fold_23,59.0,60.79180719011799,-1.7918071901179928
2024-11-13,ar_lag1_7,hormuz_tanker_transits,fold_23,34.0,60.289885324325006,-26.289885324325006
2024-11-14,ar_lag1_7,hormuz_tanker_transits,fold_23,45.0,60.32123487616496,-15.321234876164958
2024-11-15,ar_lag1_7,hormuz_tanker_transits,fold_23,39.0,60.861436720909445,-21.861436720909445
2024-11-16,ar_lag1_7,hormuz_tanker_transits,fold_23,32.0,61.50866762308485,-29.508667623084847
2024-11-17,ar_lag1_7,hormuz_tanker_transits,fold_23,36.0,61.777745373753646,-25.777745373753646
2024-11-18,ar_lag1_7,hormuz_tanker_transits,fold_23,54.0,61.46751199001681,-7.46751199001681
2024-11-19,ar_lag1_7,hormuz_tanker_transits,fold_23,37.0,60.81501348750969,-23.815013487509688
2024-11-20,ar_lag1_7,hormuz_tanker_transits,fold_23,39.0,60.31389266304292,-21.31389266304292
2024-11-21,ar_lag1_7,hormuz_tanker_transits,fold_24,32.0,49.2517309846656,-17.2517309846656
2024-11-22,ar_lag1_7,hormuz_tanker_transits,fold_24,43.0,53.163392272946076,-10.163392272946076
2024-11-23,ar_lag1_7,hormuz_tanker_transits,fold_24,48.0,54.21700961601518,-6.217009616015183
2024-11-24,ar_lag1_7,hormuz_tanker_transits,fold_24,33.0,55.1701873738252,-22.1701873738252
2024-11-25,ar_lag1_7,hormuz_tanker_transits,fold_24,38.0,57.57861794673415,-19.57861794673415
2024-11-26,ar_lag1_7,hormuz_tanker_transits,fold_24,32.0,55.747176617616496,-23.747176617616496
2024-11-27,ar_lag1_7,hormuz_tanker_transits,fold_24,34.0,55.05813363273683,-21.058133632736833
2024-11-28,ar_lag1_7,hormuz_tanker_transits,fold_24,41.0,56.417457242820156,-15.417457242820156
2024-11-29,ar_lag1_7,hormuz_tanker_transits,fold_24,50.0,58.02699989161238,-8.026999891612377
2024-11-30,ar_lag1_7,hormuz_tanker_transits,fold_24,32.0,59.22996759708657,-27.22996759708657
2024-12-01,ar_lag1_7,hormuz_tanker_transits,fold_24,39.0,59.830596969023155,-20.830596969023155
2024-12-02,ar_lag1_7,hormuz_tanker_transits,fold_24,47.0,59.97671979981516,-12.976719799815157
2024-12-03,ar_lag1_7,hormuz_tanker_transits,fold_24,21.0,59.277322246006605,-38.277322246006605
2024-12-04,ar_lag1_7,hormuz_tanker_transits,fold_24,40.0,58.68749944202943,-18.687499442029427
2024-12-05,ar_lag1_7,hormuz_tanker_transits,fold_24,30.0,58.87975301332969,-28.87975301332969
2024-12-06,ar_lag1_7,hormuz_tanker_transits,fold_24,25.0,59.69779942993731,-34.69779942993731
2024-12-07,ar_lag1_7,hormuz_tanker_transits,fold_24,33.0,60.5963209569404,-27.596320956940403
2024-12-08,ar_lag1_7,hormuz_tanker_transits,fold_24,26.0,61.02416011804511,-35.02416011804511
2024-12-09,ar_lag1_7,hormuz_tanker_transits,fold_24,32.0,60.79212205010421,-28.79212205010421
2024-12-10,ar_lag1_7,hormuz_tanker_transits,fold_24,36.0,60.091330093111786,-24.091330093111786
2024-12-11,ar_lag1_7,hormuz_tanker_transits,fold_24,39.0,59.514411406162054,-20.514411406162054
2024-12-12,ar_lag1_7,hormuz_tanker_transits,fold_24,51.0,59.55344634018648,-8.553446340186483
2024-12-13,ar_lag1_7,hormuz_tanker_transits,fold_24,34.0,60.20112899623912,-26.20112899623912
2024-12-14,ar_lag1_7,hormuz_tanker_transits,fold_24,34.0,60.98840427849621,-26.988404278496212
2024-12-15,ar_lag1_7,hormuz_tanker_transits,fold_24,41.0,61.34713330826459,-20.34713330826459
2024-12-16,ar_lag1_7,hormuz_tanker_transits,fold_24,49.0,61.035378806491785,-12.035378806491785
2024-12-17,ar_lag1_7,hormuz_tanker_transits,fold_24,38.0,60.30169179907033,-22.301691799070333
2024-12-18,ar_lag1_7,hormuz_tanker_transits,fold_24,21.0,59.7130297477839,-38.7130297477839
2024-12-19,ar_lag1_7,hormuz_tanker_transits,fold_24,42.0,59.726436330936814,-17.726436330936814
2024-12-20,ar_lag1_7,hormuz_tanker_transits,fold_24,54.0,60.34046530156825,-6.340465301568251
2024-12-21,ar_lag1_7,hormuz_tanker_transits,fold_25,38.0,53.76215675878761,-15.762156758787611
2024-12-22,ar_lag1_7,hormuz_tanker_transits,fold_25,38.0,54.716920116809284,-16.716920116809284
2024-12-23,ar_lag1_7,hormuz_tanker_transits,fold_25,34.0,55.968858131643884,-21.968858131643884
2024-12-24,ar_lag1_7,hormuz_tanker_transits,fold_25,31.0,54.251817434279204,-23.251817434279204
2024-12-25,ar_lag1_7,hormuz_tanker_transits,fold_25,31.0,50.60807686852829,-19.608076868528293
2024-12-26,ar_lag1_7,hormuz_tanker_transits,fold_25,35.0,52.68813927225083,-17.68813927225083
2024-12-27,ar_lag1_7,hormuz_tanker_transits,fold_25,38.0,56.04283793017021,-18.042837930170208
2024-12-28,ar_lag1_7,hormuz_tanker_transits,fold_25,45.0,57.826280034416214,-12.826280034416214
2024-12-29,ar_lag1_7,hormuz_tanker_transits,fold_25,45.0,58.68696118815158,-13.686961188151578
2024-12-30,ar_lag1_7,hormuz_tanker_transits,fold_25,27.0,58.81321175538923,-31.813211755389233
2024-12-31,ar_lag1_7,hormuz_tanker_transits,fold_25,35.0,58.09967734146994,-23.099677341469942
2025-01-01,ar_lag1_7,hormuz_tanker_transits,fold_25,51.0,57.038896441111454,-6.038896441111454
2025-01-02,ar_lag1_7,hormuz_tanker_transits,fold_25,26.0,57.199027222909294,-31.199027222909294
2025-01-03,ar_lag1_7,hormuz_tanker_transits,fold_25,45.0,58.33014279670981,-13.330142796709808
2025-01-04,ar_lag1_7,hormuz_tanker_transits,fold_25,48.0,59.47291933310607,-11.47291933310607
2025-01-05,ar_lag1_7,hormuz_tanker_transits,fold_25,45.0,60.040260772704805,-15.040260772704805
2025-01-06,ar_lag1_7,hormuz_tanker_transits,fold_25,32.0,59.85815821433252,-27.85815821433252
2025-01-07,ar_lag1_7,hormuz_tanker_transits,fold_25,40.0,59.17204423257972,-19.172044232579722
2025-01-08,ar_lag1_7,hormuz_tanker_transits,fold_25,36.0,58.53841245656946,-22.53841245656946
2025-01-09,ar_lag1_7,hormuz_tanker_transits,fold_25,45.0,58.57538475892144,-13.575384758921437
2025-01-10,ar_lag1_7,hormuz_tanker_transits,fold_25,50.0,59.29555015495006,-9.295550154950057
2025-01-11,ar_lag1_7,hormuz_tanker_transits,fold_25,57.0,60.156873194822985,-3.1568731948229853
2025-01-12,ar_lag1_7,hormuz_tanker_transits,fold_25,64.0,60.55483302588904,3.445166974110961
2025-01-13,ar_lag1_7,hormuz_tanker_transits,fold_25,45.0,60.249603515843745,-15.249603515843745
2025-01-14,ar_lag1_7,hormuz_tanker_transits,fold_25,38.0,59.51442869123331,-21.514428691233313
2025-01-15,ar_lag1_7,hormuz_tanker_transits,fold_25,37.0,58.9281611084886,-21.928161108488602
2025-01-16,ar_lag1_7,hormuz_tanker_transits,fold_25,51.0,58.96590255124437,-7.965902551244369
2025-01-17,ar_lag1_7,hormuz_tanker_transits,fold_25,53.0,59.62033681456182,-6.620336814561817
2025-01-18,ar_lag1_7,hormuz_tanker_transits,fold_25,51.0,60.40786850522379,-9.407868505223789
2025-01-19,ar_lag1_7,hormuz_tanker_transits,fold_25,41.0,60.74655365611038,-19.74655365611038
2025-01-20,ar_lag1_7,hormuz_tanker_transits,fold_26,49.0,48.617349710188826,0.3826502898111741
2025-01-21,ar_lag1_7,hormuz_tanker_transits,fold_26,47.0,50.320677016296685,-3.3206770162966848
2025-01-22,ar_lag1_7,hormuz_tanker_transits,fold_26,45.0,50.84238303435309,-5.842383034353091
2025-01-23,ar_lag1_7,hormuz_tanker_transits,fold_26,49.0,53.92170649746083,-4.921706497460832
2025-01-24,ar_lag1_7,hormuz_tanker_transits,fold_26,42.0,56.171008488058106,-14.171008488058106
2025-01-25,ar_lag1_7,hormuz_tanker_transits,fold_26,59.0,57.100076311983464,1.8999236880165356
2025-01-26,ar_lag1_7,hormuz_tanker_transits,fold_26,68.0,55.572155192837066,12.427844807162934
2025-01-27,ar_lag1_7,hormuz_tanker_transits,fold_26,47.0,55.73795377463596,-8.737953774635962
2025-01-28,ar_lag1_7,hormuz_tanker_transits,fold_26,44.0,55.66403214148706,-11.664032141487063
2025-01-29,ar_lag1_7,hormuz_tanker_transits,fold_26,54.0,55.66398479188932,-1.6639847918893196
2025-01-30,ar_lag1_7,hormuz_tanker_transits,fold_26,53.0,56.58239536204911,-3.5823953620491125
2025-01-31,ar_lag1_7,hormuz_tanker_transits,fold_26,50.0,57.91455500789132,-7.914555007891323
2025-02-01,ar_lag1_7,hormuz_tanker_transits,fold_26,39.0,58.95301684115952,-19.953016841159517
2025-02-02,ar_lag1_7,hormuz_tanker_transits,fold_26,50.0,58.970113691824835,-8.970113691824835
2025-02-03,ar_lag1_7,hormuz_tanker_transits,fold_26,53.0,58.50702535955606,-5.50702535955606
2025-02-04,ar_lag1_7,hormuz_tanker_transits,fold_26,55.0,57.839472551453234,-2.839472551453234
2025-02-05,ar_lag1_7,hormuz_tanker_transits,fold_26,47.0,57.48322451652234,-10.483224516522341
2025-02-06,ar_lag1_7,hormuz_tanker_transits,fold_26,40.0,57.86153115040182,-17.861531150401817
2025-02-07,ar_lag1_7,hormuz_tanker_transits,fold_26,33.0,58.791464465058105,-25.791464465058105
2025-02-08,ar_lag1_7,hormuz_tanker_transits,fold_26,42.0,59.67033735021189,-17.670337350211888
2025-02-09,ar_lag1_7,hormuz_tanker_transits,fold_26,57.0,59.8893338780326,-2.889333878032602
2025-02-10,ar_lag1_7,hormuz_tanker_transits,fold_26,57.0,59.40497502136394,-2.4049750213639385
2025-02-11,ar_lag1_7,hormuz_tanker_transits,fold_26,61.0,58.62311247454185,2.3768875254581516
2025-02-12,ar_lag1_7,hormuz_tanker_transits,fold_26,68.0,58.15310639065223,9.846893609347767
2025-02-13,ar_lag1_7,hormuz_tanker_transits,fold_26,72.0,58.385418921240834,13.614581078759166
2025-02-14,ar_lag1_7,hormuz_tanker_transits,fold_26,56.0,59.17937180927181,-3.1793718092718066
2025-02-15,ar_lag1_7,hormuz_tanker_transits,fold_26,49.0,59.96957356754901,-10.969573567549013
2025-02-16,ar_lag1_7,hormuz_tanker_transits,fold_26,43.0,60.184789171888305,-17.184789171888305
2025-02-17,ar_lag1_7,hormuz_tanker_transits,fold_26,43.0,59.694991706845336,-16.694991706845336
2025-02-18,ar_lag1_7,hormuz_tanker_transits,fold_26,34.0,58.890520397256054,-24.890520397256054
2025-02-19,ar_lag1_7,hormuz_tanker_transits,fold_27,58.0,48.84655535222181,9.153444647778187
2025-02-20,ar_lag1_7,hormuz_tanker_transits,fold_27,57.0,56.598051732271884,0.4019482677281161
2025-02-21,ar_lag1_7,hormuz_tanker_transits,fold_27,47.0,57.77498839275081,-10.774988392750807
2025-02-22,ar_lag1_7,hormuz_tanker_transits,fold_27,53.0,57.34512405730151,-4.345124057301511
2025-02-23,ar_lag1_7,hormuz_tanker_transits,fold_27,33.0,55.92794862779017,-22.927948627790173
2025-02-24,ar_lag1_7,hormuz_tanker_transits,fold_27,43.0,54.80886576324709,-11.808865763247091
2025-02-25,ar_lag1_7,hormuz_tanker_transits,fold_27,44.0,52.28281545668258,-8.282815456682577
2025-02-26,ar_lag1_7,hormuz_tanker_transits,fold_27,28.0,53.70309555096727,-25.70309555096727
2025-02-27,ar_lag1_7,hormuz_tanker_transits,fold_27,43.0,56.068661578474924,-13.068661578474924
2025-02-28,ar_lag1_7,hormuz_tanker_transits,fold_27,46.0,57.84964545014974,-11.849645450149737
2025-03-01,ar_lag1_7,hormuz_tanker_transits,fold_27,42.0,58.85086384248475,-16.85086384248475
2025-03-02,ar_lag1_7,hormuz_tanker_transits,fold_27,42.0,58.88673042572025,-16.886730425720252
2025-03-03,ar_lag1_7,hormuz_tanker_transits,fold_27,61.0,58.224742879566925,2.775257120433075
2025-03-04,ar_lag1_7,hormuz_tanker_transits,fold_27,51.0,57.04661497296698,-6.046614972966978
2025-03-05,ar_lag1_7,hormuz_tanker_transits,fold_27,54.0,56.70560528716459,-2.7056052871645875
2025-03-06,ar_lag1_7,hormuz_tanker_transits,fold_27,85.0,57.32772050993291,27.67227949006709
2025-03-07,ar_lag1_7,hormuz_tanker_transits,fold_27,66.0,58.42994358978295,7.570056410217049
2025-03-08,ar_lag1_7,hormuz_tanker_transits,fold_27,59.0,59.37787052705783,-0.37787052705783
2025-03-09,ar_lag1_7,hormuz_tanker_transits,fold_27,44.0,59.64605469488292,-15.64605469488292
2025-03-10,ar_lag1_7,hormuz_tanker_transits,fold_27,51.0,59.169345224182074,-8.169345224182074
2025-03-11,ar_lag1_7,hormuz_tanker_transits,fold_27,33.0,58.31245225715007,-25.31245225715007
2025-03-12,ar_lag1_7,hormuz_tanker_transits,fold_27,52.0,57.805440922057734,-5.805440922057734
2025-03-13,ar_lag1_7,hormuz_tanker_transits,fold_27,50.0,58.04523134192355,-8.045231341923547
2025-03-14,ar_lag1_7,hormuz_tanker_transits,fold_27,41.0,58.85550472498872,-17.85550472498872
2025-03-15,ar_lag1_7,hormuz_tanker_transits,fold_27,58.0,59.66252552604285,-1.6625255260428489
2025-03-16,ar_lag1_7,hormuz_tanker_transits,fold_27,71.0,59.908221873688994,11.091778126311006
2025-03-17,ar_lag1_7,hormuz_tanker_transits,fold_27,48.0,59.4540667796709,-11.454066779670903
2025-03-18,ar_lag1_7,hormuz_tanker_transits,fold_27,57.0,58.66400022357001,-1.6640002235700067
2025-03-19,ar_lag1_7,hormuz_tanker_transits,fold_27,50.0,58.15780674516808,-8.157806745168081
2025-03-20,ar_lag1_7,hormuz_tanker_transits,fold_27,63.0,58.33052202043512,4.669477979564881
2025-03-21,ar_lag1_7,hormuz_tanker_transits,fold_28,62.0,57.9942479654475,4.005752034552501
2025-03-22,ar_lag1_7,hormuz_tanker_transits,fold_28,44.0,58.94190743623482,-14.941907436234821
2025-03-23,ar_lag1_7,hormuz_tanker_transits,fold_28,50.0,61.45360749581939,-11.45360749581939
2025-03-24,ar_lag1_7,hormuz_tanker_transits,fold_28,49.0,58.091844117836835,-9.091844117836835
2025-03-25,ar_lag1_7,hormuz_tanker_transits,fold_28,44.0,57.761884800773885,-13.761884800773885
2025-03-26,ar_lag1_7,hormuz_tanker_transits,fold_28,31.0,56.367547937835,-25.367547937835
2025-03-27,ar_lag1_7,hormuz_tanker_transits,fold_28,41.0,58.380737760392506,-17.380737760392506
2025-03-28,ar_lag1_7,hormuz_tanker_transits,fold_28,73.0,58.88748349288359,14.11251650711641
2025-03-29,ar_lag1_7,hormuz_tanker_transits,fold_28,90.0,59.50951633154015,30.490483668459852
2025-03-30,ar_lag1_7,hormuz_tanker_transits,fold_28,84.0,60.0379375964252,23.962062403574798
2025-03-31,ar_lag1_7,hormuz_tanker_transits,fold_28,57.0,59.22070422445596,-2.2207042244559574
2025-04-01,ar_lag1_7,hormuz_tanker_transits,fold_28,73.0,58.404194810171326,14.595805189828674
2025-04-02,ar_lag1_7,hormuz_tanker_transits,fold_28,53.0,57.77205582920831,-4.772055829208313
2025-04-03,ar_lag1_7,hormuz_tanker_transits,fold_28,58.0,58.205084628353866,-0.2050846283538661
2025-04-04,ar_lag1_7,hormuz_tanker_transits,fold_28,76.0,58.96470057500717,17.03529942499283
2025-04-05,ar_lag1_7,hormuz_tanker_transits,fold_28,55.0,59.64371410270801,-4.64371410270801
2025-04-06,ar_lag1_7,hormuz_tanker_transits,fold_28,68.0,59.850554585770055,8.149445414229945
2025-04-07,ar_lag1_7,hormuz_tanker_transits,fold_28,67.0,59.333890746527096,7.666109253472904
2025-04-08,ar_lag1_7,hormuz_tanker_transits,fold_28,76.0,58.567688117763886,17.432311882236114
2025-04-09,ar_lag1_7,hormuz_tanker_transits,fold_28,74.0,58.091687554045706,15.908312445954294
2025-04-10,ar_lag1_7,hormuz_tanker_transits,fold_28,67.0,58.31842239089305,8.681577609106952
2025-04-11,ar_lag1_7,hormuz_tanker_transits,fold_28,69.0,59.02931533811253,9.970684661887468
2025-04-12,ar_lag1_7,hormuz_tanker_transits,fold_28,61.0,59.696341092450446,1.3036589075495542
2025-04-13,ar_lag1_7,hormuz_tanker_transits,fold_28,71.0,59.84146912554513,11.158530874454868
2025-04-14,ar_lag1_7,hormuz_tanker_transits,fold_28,59.0,59.3496136488196,-0.34961364881959867
2025-04-15,ar_lag1_7,hormuz_tanker_transits,fold_28,32.0,58.60340359016577,-26.60340359016577
2025-04-16,ar_lag1_7,hormuz_tanker_transits,fold_28,71.0,58.16375549511111,12.836244504888889
2025-04-17,ar_lag1_7,hormuz_tanker_transits,fold_28,35.0,58.370756825073045,-23.370756825073045
2025-04-18,ar_lag1_7,hormuz_tanker_transits,fold_28,21.0,59.06422233369349,-38.06422233369349
2025-04-19,ar_lag1_7,hormuz_tanker_transits,fold_28,36.0,59.72129252627694,-23.72129252627694
2025-04-20,ar_lag1_7,hormuz_tanker_transits,fold_29,58.0,50.98094805030504,7.019051949694962
2025-04-21,ar_lag1_7,hormuz_tanker_transits,fold_29,74.0,55.25460307251568,18.74539692748432
2025-04-22,ar_lag1_7,hormuz_tanker_transits,fold_29,76.0,52.19099133087506,23.809008669124943
2025-04-23,ar_lag1_7,hormuz_tanker_transits,fold_29,61.0,57.37146277446663,3.628537225533371
2025-04-24,ar_lag1_7,hormuz_tanker_transits,fold_29,57.0,54.00310005164142,2.996899948358582
2025-04-25,ar_lag1_7,hormuz_tanker_transits,fold_29,44.0,50.613414053123776,-6.613414053123776
2025-04-26,ar_lag1_7,hormuz_tanker_transits,fold_29,90.0,51.87525115166306,38.12474884833694
2025-04-27,ar_lag1_7,hormuz_tanker_transits,fold_29,68.0,54.79738828608295,13.202611713917051
2025-04-28,ar_lag1_7,hormuz_tanker_transits,fold_29,53.0,56.35296244187353,-3.3529624418735295
2025-04-29,ar_lag1_7,hormuz_tanker_transits,fold_29,48.0,56.11189660615466,-8.111896606154659
2025-04-30,ar_lag1_7,hormuz_tanker_transits,fold_29,50.0,56.842199803898154,-6.842199803898154
2025-05-01,ar_lag1_7,hormuz_tanker_transits,fold_29,75.0,56.98352325255651,18.01647674744349
2025-05-02,ar_lag1_7,hormuz_tanker_transits,fold_29,72.0,56.98599588524623,15.014004114753767
2025-05-03,ar_lag1_7,hormuz_tanker_transits,fold_29,50.0,57.459870858895414,-7.459870858895414
2025-05-04,ar_lag1_7,hormuz_tanker_transits,fold_29,58.0,57.98036115546027,0.01963884453972753
2025-05-05,ar_lag1_7,hormuz_tanker_transits,fold_29,75.0,57.9845993760825,17.0154006239175
2025-05-06,ar_lag1_7,hormuz_tanker_transits,fold_29,68.0,57.51741192150452,10.482588078495482
2025-05-07,ar_lag1_7,hormuz_tanker_transits,fold_29,44.0,57.39078153069542,-13.39078153069542
2025-05-08,ar_lag1_7,hormuz_tanker_transits,fold_29,27.0,57.737792690677175,-30.737792690677175
2025-05-09,ar_lag1_7,hormuz_tanker_transits,fold_29,62.0,58.40860050680888,3.591399493191119
2025-05-10,ar_lag1_7,hormuz_tanker_transits,fold_29,50.0,59.05243641640694,-9.052436416406941
2025-05-11,ar_lag1_7,hormuz_tanker_transits,fold_29,65.0,59.243063152882506,5.756936847117494
2025-05-12,ar_lag1_7,hormuz_tanker_transits,fold_29,82.0,58.83456972213038,23.165430277869618
2025-05-13,ar_lag1_7,hormuz_tanker_transits,fold_29,71.0,58.14162431603279,12.85837568396721
2025-05-14,ar_lag1_7,hormuz_tanker_transits,fold_29,72.0,57.76723172905755,14.23276827094245
2025-05-15,ar_lag1_7,hormuz_tanker_transits,fold_29,52.0,58.03658833449444,-6.036588334494439
2025-05-16,ar_lag1_7,hormuz_tanker_transits,fold_29,59.0,58.78540505248091,0.21459494751908892
2025-05-17,ar_lag1_7,hormuz_tanker_transits,fold_29,67.0,59.493473198836305,7.5065268011636945
2025-05-18,ar_lag1_7,hormuz_tanker_transits,fold_29,70.0,59.657362083166014,10.342637916833986
2025-05-19,ar_lag1_7,hormuz_tanker_transits,fold_29,54.0,59.166773613378595,-5.166773613378595
2025-05-20,ar_lag1_7,hormuz_tanker_transits,fold_30,71.0,58.15509699727329,12.84490300272671
2025-05-21,ar_lag1_7,hormuz_tanker_transits,fold_30,61.0,60.07192348568432,0.9280765143156771
2025-05-22,ar_lag1_7,hormuz_tanker_transits,fold_30,69.0,58.11160611733188,10.888393882668119
2025-05-23,ar_lag1_7,hormuz_tanker_transits,fold_30,60.0,58.95232457401844,1.0476754259815593
2025-05-24,ar_lag1_7,hormuz_tanker_transits,fold_30,61.0,60.976424570682696,0.023575429317304497
2025-05-25,ar_lag1_7,hormuz_tanker_transits,fold_30,57.0,62.219861539109836,-5.219861539109836
2025-05-26,ar_lag1_7,hormuz_tanker_transits,fold_30,56.0,59.662464003431516,-3.6624640034315163
2025-05-27,ar_lag1_7,hormuz_tanker_transits,fold_30,56.0,58.64420384618016,-2.6442038461801616
2025-05-28,ar_lag1_7,hormuz_tanker_transits,fold_30,63.0,58.37670336257523,4.623296637424772
2025-05-29,ar_lag1_7,hormuz_tanker_transits,fold_30,85.0,58.329117644320384,26.670882355679616
2025-05-30,ar_lag1_7,hormuz_tanker_transits,fold_30,86.0,59.04269770267198,26.95730229732802
2025-05-31,ar_lag1_7,hormuz_tanker_transits,fold_30,68.0,60.049765609718385,7.950234390281615
2025-06-01,ar_lag1_7,hormuz_tanker_transits,fold_30,69.0,60.55273362212953,8.44726637787047
2025-06-02,ar_lag1_7,hormuz_tanker_transits,fold_30,57.0,59.820503914942364,-2.820503914942364
2025-06-03,ar_lag1_7,hormuz_tanker_transits,fold_30,60.0,58.7939813195938,1.2060186804062027
2025-06-04,ar_lag1_7,hormuz_tanker_transits,fold_30,82.0,58.17195311775753,23.828046882242468
2025-06-05,ar_lag1_7,hormuz_tanker_transits,fold_30,65.0,58.27177162931745,6.728228370682551
2025-06-06,ar_lag1_7,hormuz_tanker_transits,fold_30,59.0,59.031366511544526,-0.03136651154452608
2025-06-07,ar_lag1_7,hormuz_tanker_transits,fold_30,53.0,59.89583691434105,-6.8958369143410465
2025-06-08,ar_lag1_7,hormuz_tanker_transits,fold_30,69.0,60.215618287847136,8.784381712152864
2025-06-09,ar_lag1_7,hormuz_tanker_transits,fold_30,58.0,59.69395137960995,-1.693951379609949
2025-06-10,ar_lag1_7,hormuz_tanker_transits,fold_30,52.0,58.76099994926534,-6.76099994926534
2025-06-11,ar_lag1_7,hormuz_tanker_transits,fold_30,52.0,58.12420582612054,-6.124205826120537
2025-06-12,ar_lag1_7,hormuz_tanker_transits,fold_30,60.0,58.24104270335295,1.758957296647047
2025-06-13,ar_lag1_7,hormuz_tanker_transits,fold_30,45.0,59.01569756024809,-14.015697560248093
2025-06-14,ar_lag1_7,hormuz_tanker_transits,fold_30,56.0,59.86405408606005,-3.864054086060051
2025-06-15,ar_lag1_7,hormuz_tanker_transits,fold_30,74.0,60.147153269175384,13.852846730824616
2025-06-16,ar_lag1_7,hormuz_tanker_transits,fold_30,29.0,59.642770624048886,-30.642770624048886
2025-06-17,ar_lag1_7,hormuz_tanker_transits,fold_30,49.0,58.732636575850094,-9.732636575850094
2025-06-18,ar_lag1_7,hormuz_tanker_transits,fold_30,63.0,58.10375455802182,4.896245441978181
2025-06-19,ar_lag1_7,hormuz_tanker_transits,fold_31,60.0,60.81003237595663,-0.8100323759566308
2025-06-20,ar_lag1_7,hormuz_tanker_transits,fold_31,54.0,57.95872741669808,-3.958727416698082
2025-06-21,ar_lag1_7,hormuz_tanker_transits,fold_31,49.0,58.73414835757175,-9.734148357571748
2025-06-22,ar_lag1_7,hormuz_tanker_transits,fold_31,51.0,61.78308239071046,-10.783082390710462
2025-06-23,ar_lag1_7,hormuz_tanker_transits,fold_31,44.0,55.37550640722778,-11.375506407227782
2025-06-24,ar_lag1_7,hormuz_tanker_transits,fold_31,42.0,55.27801415882913,-13.27801415882913
2025-06-25,ar_lag1_7,hormuz_tanker_transits,fold_31,42.0,57.44387111565188,-15.44387111565188
2025-06-26,ar_lag1_7,hormuz_tanker_transits,fold_31,44.0,58.45798074773711,-14.45798074773711
2025-06-27,ar_lag1_7,hormuz_tanker_transits,fold_31,51.0,58.9947802591706,-7.9947802591705965
2025-06-28,ar_lag1_7,hormuz_tanker_transits,fold_31,44.0,59.63738731903702,-15.637387319037018
2025-06-29,ar_lag1_7,hormuz_tanker_transits,fold_31,72.0,60.219159231228055,11.780840768771945
2025-06-30,ar_lag1_7,hormuz_tanker_transits,fold_31,60.0,58.92442713417372,1.075572865826281
2025-07-01,ar_lag1_7,hormuz_tanker_transits,fold_31,48.0,57.87474237938851,-9.874742379388508
2025-07-02,ar_lag1_7,hormuz_tanker_transits,fold_31,48.0,57.7093052034484,-9.709305203448402
2025-07-03,ar_lag1_7,hormuz_tanker_transits,fold_31,41.0,58.197787736711234,-17.197787736711234
2025-07-04,ar_lag1_7,hormuz_tanker_transits,fold_31,66.0,59.045377709966445,6.954622290033555
2025-07-05,ar_lag1_7,hormuz_tanker_transits,fold_31,51.0,59.80545817871798,-8.805458178717977
2025-07-06,ar_lag1_7,hormuz_tanker_transits,fold_31,47.0,60.042389379825224,-13.042389379825224
2025-07-07,ar_lag1_7,hormuz_tanker_transits,fold_31,37.0,59.41698759768753,-22.41698759768753
2025-07-08,ar_lag1_7,hormuz_tanker_transits,fold_31,47.0,58.51301530931073,-11.513015309310731
2025-07-09,ar_lag1_7,hormuz_tanker_transits,fold_31,71.0,58.037235861790535,12.962764138209465
2025-07-10,ar_lag1_7,hormuz_tanker_transits,fold_31,58.0,58.30240547448308,-0.30240547448308064
2025-07-11,ar_lag1_7,hormuz_tanker_transits,fold_31,50.0,59.100269964411204,-9.100269964411204
2025-07-12,ar_lag1_7,hormuz_tanker_transits,fold_31,67.0,59.85705155987722,7.14294844012278
2025-07-13,ar_lag1_7,hormuz_tanker_transits,fold_31,54.0,60.03697334067225,-6.0369733406722474
2025-07-14,ar_lag1_7,hormuz_tanker_transits,fold_31,63.0,59.493892936610806,3.5061070633891944
2025-07-15,ar_lag1_7,hormuz_tanker_transits,fold_31,68.0,58.65016874562455,9.349831254375452
2025-07-16,ar_lag1_7,hormuz_tanker_transits,fold_31,74.0,58.15132882595539,15.848671174044611
2025-07-17,ar_lag1_7,hormuz_tanker_transits,fold_31,58.0,58.370231095390615,-0.37023109539061494
2025-07-18,ar_lag1_7,hormuz_tanker_transits,fold_31,57.0,59.13941499091796,-2.139414990917963
2025-07-19,ar_lag1_7,hormuz_tanker_transits,fold_32,64.0,60.00999143180998,3.990008568190021
2025-07-20,ar_lag1_7,hormuz_tanker_transits,fold_32,80.0,59.074376846021806,20.925623153978194
2025-07-21,ar_lag1_7,hormuz_tanker_transits,fold_32,53.0,59.60352756825421,-6.603527568254208
2025-07-22,ar_lag1_7,hormuz_tanker_transits,fold_32,38.0,60.206694346846,-22.206694346846
2025-07-23,ar_lag1_7,hormuz_tanker_transits,fold_32,68.0,61.39719821141168,6.602801788588323
2025-07-24,ar_lag1_7,hormuz_tanker_transits,fold_32,58.0,59.736215501409,-1.7362155014089993
2025-07-25,ar_lag1_7,hormuz_tanker_transits,fold_32,57.0,59.35484362232785,-2.3548436223278486
2025-07-26,ar_lag1_7,hormuz_tanker_transits,fold_32,59.0,59.93658314178481,-0.9365831417848085
2025-07-27,ar_lag1_7,hormuz_tanker_transits,fold_32,68.0,59.85824302571825,8.141756974281748
2025-07-28,ar_lag1_7,hormuz_tanker_transits,fold_32,69.0,59.40694262236806,9.593057377631943
2025-07-29,ar_lag1_7,hormuz_tanker_transits,fold_32,66.0,58.86469422717796,7.1353057728220435
2025-07-30,ar_lag1_7,hormuz_tanker_transits,fold_32,59.0,58.769708002744395,0.23029199725560545
2025-07-31,ar_lag1_7,hormuz_tanker_transits,fold_32,69.0,58.84235613402408,10.15764386597592
2025-08-01,ar_lag1_7,hormuz_tanker_transits,fold_32,48.0,59.33467754735514,-11.334677547355142
2025-08-02,ar_lag1_7,hormuz_tanker_transits,fold_32,66.0,59.9157642193825,6.084235780617497
2025-08-03,ar_lag1_7,hormuz_tanker_transits,fold_32,53.0,59.97509822146007,-6.9750982214600725
2025-08-04,ar_lag1_7,hormuz_tanker_transits,fold_32,29.0,59.427485618170316,-30.427485618170316
2025-08-05,ar_lag1_7,hormuz_tanker_transits,fold_32,45.0,58.65789242086782,-13.657892420867817
2025-08-06,ar_lag1_7,hormuz_tanker_transits,fold_32,37.0,58.25450720696615,-21.254507206966153
2025-08-07,ar_lag1_7,hormuz_tanker_transits,fold_32,43.0,58.468445308607876,-15.468445308607876
2025-08-08,ar_lag1_7,hormuz_tanker_transits,fold_32,51.0,59.16446624890003,-8.164466248900027
2025-08-09,ar_lag1_7,hormuz_tanker_transits,fold_32,44.0,59.83640769290345,-15.83640769290345
2025-08-10,ar_lag1_7,hormuz_tanker_transits,fold_32,32.0,59.95846853059993,-27.95846853059993
2025-08-11,ar_lag1_7,hormuz_tanker_transits,fold_32,51.0,59.42336589933401,-8.423365899334009
2025-08-12,ar_lag1_7,hormuz_tanker_transits,fold_32,77.0,58.62277111410333,18.37722888589667
2025-08-13,ar_lag1_7,hormuz_tanker_transits,fold_32,51.0,58.15591022001288,-7.155910220012878
2025-08-14,ar_lag1_7,hormuz_tanker_transits,fold_32,56.0,58.36424246770222,-2.364242467702219
2025-08-15,ar_lag1_7,hormuz_tanker_transits,fold_32,43.0,59.090542598629085,-16.090542598629085
2025-08-16,ar_lag1_7,hormuz_tanker_transits,fold_32,44.0,59.790626621423094,-15.790626621423094
2025-08-17,ar_lag1_7,hormuz_tanker_transits,fold_32,45.0,59.93534918169039,-14.935349181690391
2025-08-18,ar_lag1_7,hormuz_tanker_transits,fold_33,52.0,51.35892336975028,0.6410766302497208
2025-08-19,ar_lag1_7,hormuz_tanker_transits,fold_33,60.0,57.89843699607477,2.1015630039252287
2025-08-20,ar_lag1_7,hormuz_tanker_transits,fold_33,49.0,56.65255090553283,-7.652550905532827
2025-08-21,ar_lag1_7,hormuz_tanker_transits,fold_33,49.0,57.25411002002995,-8.254110020029948
2025-08-22,ar_lag1_7,hormuz_tanker_transits,fold_33,83.0,55.95971727892054,27.040282721079457
2025-08-23,ar_lag1_7,hormuz_tanker_transits,fold_33,66.0,55.79632829302099,10.203671706979009
2025-08-24,ar_lag1_7,hormuz_tanker_transits,fold_33,72.0,55.70302004138721,16.296979958612788
2025-08-25,ar_lag1_7,hormuz_tanker_transits,fold_33,43.0,56.190549688675205,-13.190549688675205
2025-08-26,ar_lag1_7,hormuz_tanker_transits,fold_33,40.0,57.026507007088995,-17.026507007088995
2025-08-27,ar_lag1_7,hormuz_tanker_transits,fold_33,47.0,57.15943607999464,-10.159436079994641
2025-08-28,ar_lag1_7,hormuz_tanker_transits,fold_33,60.0,57.678999142207786,2.321000857792214
2025-08-29,ar_lag1_7,hormuz_tanker_transits,fold_33,67.0,58.2032289198514,8.796771080148602
2025-08-30,ar_lag1_7,hormuz_tanker_transits,fold_33,64.0,58.66676494195202,5.333235058047983
2025-08-31,ar_lag1_7,hormuz_tanker_transits,fold_33,56.0,58.679858618321234,-2.6798586183212336
2025-09-01,ar_lag1_7,hormuz_tanker_transits,fold_33,65.0,58.28430813168678,6.715691868313222
2025-09-02,ar_lag1_7,hormuz_tanker_transits,fold_33,54.0,57.82236618017595,-3.8223661801759476
2025-09-03,ar_lag1_7,hormuz_tanker_transits,fold_33,47.0,57.594813446072564,-10.594813446072564
2025-09-04,ar_lag1_7,hormuz_tanker_transits,fold_33,32.0,57.940565984776654,-25.940565984776654
2025-09-05,ar_lag1_7,hormuz_tanker_transits,fold_33,86.0,58.67548728424806,27.324512715751943
2025-09-06,ar_lag1_7,hormuz_tanker_transits,fold_33,54.0,59.33237551838684,-5.33237551838684
2025-09-07,ar_lag1_7,hormuz_tanker_transits,fold_33,65.0,59.44858931689677,5.551410683103228
2025-09-08,ar_lag1_7,hormuz_tanker_transits,fold_33,61.0,58.959084033035026,2.040915966964974
2025-09-09,ar_lag1_7,hormuz_tanker_transits,fold_33,51.0,58.24952589737433,-7.249525897374333
2025-09-10,ar_lag1_7,hormuz_tanker_transits,fold_33,53.0,57.854376564377915,-4.854376564377915
2025-09-11,ar_lag1_7,hormuz_tanker_transits,fold_33,38.0,58.09781538381292,-20.09781538381292
2025-09-12,ar_lag1_7,hormuz_tanker_transits,fold_33,43.0,58.82048549165958,-15.820485491659582
2025-09-13,ar_lag1_7,hormuz_tanker_transits,fold_33,40.0,59.5025523926083,-19.5025523926083
2025-09-14,ar_lag1_7,hormuz_tanker_transits,fold_33,35.0,59.64634201974398,-24.646342019743983
2025-09-15,ar_lag1_7,hormuz_tanker_transits,fold_33,37.0,59.15424789531787,-22.154247895317873
2025-09-16,ar_lag1_7,hormuz_tanker_transits,fold_33,48.0,58.404290577457836,-10.404290577457836
2025-09-17,ar_lag1_7,hormuz_tanker_transits,fold_34,71.0,52.491084494977684,18.508915505022316
2025-09-18,ar_lag1_7,hormuz_tanker_transits,fold_34,61.0,52.56296666550775,8.437033334492249
2025-09-19,ar_lag1_7,hormuz_tanker_transits,fold_34,36.0,53.932905245783694,-17.932905245783694
2025-09-20,ar_lag1_7,hormuz_tanker_transits,fold_34,55.0,54.302151070525014,0.6978489294749863
2025-09-21,ar_lag1_7,hormuz_tanker_transits,fold_34,54.0,53.42126871099249,0.5787312890075071
2025-09-22,ar_lag1_7,hormuz_tanker_transits,fold_34,30.0,52.79324288948299,-22.79324288948299
2025-09-23,ar_lag1_7,hormuz_tanker_transits,fold_34,63.0,53.817474201406405,9.182525798593595
2025-09-24,ar_lag1_7,hormuz_tanker_transits,fold_34,60.0,54.99240445297804,5.007595547021957
2025-09-25,ar_lag1_7,hormuz_tanker_transits,fold_34,30.0,55.973548690904146,-25.973548690904146
2025-09-26,ar_lag1_7,hormuz_tanker_transits,fold_34,30.0,57.17355951523849,-27.173559515238487
2025-09-27,ar_lag1_7,hormuz_tanker_transits,fold_34,49.0,57.99963798040451,-8.999637980404508
2025-09-28,ar_lag1_7,hormuz_tanker_transits,fold_34,69.0,57.97219403512871,11.027805964871291
2025-09-29,ar_lag1_7,hormuz_tanker_transits,fold_34,56.0,57.30775958449656,-1.3077595844965586
2025-09-30,ar_lag1_7,hormuz_tanker_transits,fold_34,72.0,56.739947903207096,15.260052096792904
2025-10-01,ar_lag1_7,hormuz_tanker_transits,fold_34,69.0,56.684494387609156,12.315505612390844
2025-10-02,ar_lag1_7,hormuz_tanker_transits,fold_34,74.0,57.26324877840074,16.736751221599263
2025-10-03,ar_lag1_7,hormuz_tanker_transits,fold_34,76.0,58.257840881966644,17.742159118033356
2025-10-04,ar_lag1_7,hormuz_tanker_transits,fold_34,90.0,59.0649238357403,30.935076164259698
2025-10-05,ar_lag1_7,hormuz_tanker_transits,fold_34,77.0,59.16386874022446,17.83613125977554
2025-10-06,ar_lag1_7,hormuz_tanker_transits,fold_34,34.0,58.549772381286,-24.549772381285997
2025-10-07,ar_lag1_7,hormuz_tanker_transits,fold_34,19.0,57.752802910240796,-38.752802910240796
2025-10-08,ar_lag1_7,hormuz_tanker_transits,fold_34,29.0,57.40128701156254,-28.401287011562538
2025-10-09,ar_lag1_7,hormuz_tanker_transits,fold_34,32.0,57.78508698550638,-25.785086985506382
2025-10-10,ar_lag1_7,hormuz_tanker_transits,fold_34,29.0,58.6607107680842,-29.6607107680842
2025-10-11,ar_lag1_7,hormuz_tanker_transits,fold_34,25.0,59.41199649223605,-34.41199649223605
2025-10-12,ar_lag1_7,hormuz_tanker_transits,fold_34,32.0,59.50614517694755,-27.50614517694755
2025-10-13,ar_lag1_7,hormuz_tanker_transits,fold_34,43.0,58.897872297292935,-15.897872297292935
2025-10-14,ar_lag1_7,hormuz_tanker_transits,fold_34,75.0,58.067286846624356,16.932713153375644
2025-10-15,ar_lag1_7,hormuz_tanker_transits,fold_34,39.0,57.65408327891509,-18.65408327891509
2025-10-16,ar_lag1_7,hormuz_tanker_transits,fold_34,26.0,57.97970991803171,-31.97970991803171
2025-10-17,ar_lag1_7,hormuz_tanker_transits,fold_35,28.0,39.77445331258135,-11.77445331258135
2025-10-18,ar_lag1_7,hormuz_tanker_transits,fold_35,51.0,45.75294159988611,5.247058400113893
2025-10-19,ar_lag1_7,hormuz_tanker_transits,fold_35,41.0,49.291964564842864,-8.291964564842864
2025-10-20,ar_lag1_7,hormuz_tanker_transits,fold_35,36.0,51.967755105579705,-15.967755105579705
2025-10-21,ar_lag1_7,hormuz_tanker_transits,fold_35,45.0,57.38074299139834,-12.380742991398343
2025-10-22,ar_lag1_7,hormuz_tanker_transits,fold_35,58.0,54.561067026888544,3.4389329731114557
2025-10-23,ar_lag1_7,hormuz_tanker_transits,fold_35,55.0,51.79572471619086,3.204275283809139
2025-10-24,ar_lag1_7,hormuz_tanker_transits,fold_35,71.0,53.10016302095057,17.899836979049432
2025-10-25,ar_lag1_7,hormuz_tanker_transits,fold_35,68.0,54.848758845419056,13.151241154580944
2025-10-26,ar_lag1_7,hormuz_tanker_transits,fold_35,41.0,55.95592061595188,-14.955920615951882
2025-10-27,ar_lag1_7,hormuz_tanker_transits,fold_35,51.0,56.31099038671291,-5.310990386712909
2025-10-28,ar_lag1_7,hormuz_tanker_transits,fold_35,71.0,56.79398752185419,14.206012478145809
2025-10-29,ar_lag1_7,hormuz_tanker_transits,fold_35,58.0,56.5600750005423,1.439924999457702
2025-10-30,ar_lag1_7,hormuz_tanker_transits,fold_35,42.0,56.46384570876548,-14.463845708765483
2025-10-31,ar_lag1_7,hormuz_tanker_transits,fold_35,56.0,57.16851628447313,-1.168516284473128
2025-11-01,ar_lag1_7,hormuz_tanker_transits,fold_35,55.0,58.02769585944359,-3.0276958594435897
2025-11-02,ar_lag1_7,hormuz_tanker_transits,fold_35,43.0,58.37531146179724,-15.375311461797239
2025-11-03,ar_lag1_7,hormuz_tanker_transits,fold_35,15.0,58.04621083157218,-43.04621083157218
2025-11-04,ar_lag1_7,hormuz_tanker_transits,fold_35,38.0,57.49935784919591,-19.49935784919591
2025-11-05,ar_lag1_7,hormuz_tanker_transits,fold_35,36.0,57.172698171719794,-21.172698171719794
2025-11-06,ar_lag1_7,hormuz_tanker_transits,fold_35,49.0,57.42294751704076,-8.422947517040761
2025-11-07,ar_lag1_7,hormuz_tanker_transits,fold_35,50.0,58.19817191724688,-8.198171917246881
2025-11-08,ar_lag1_7,hormuz_tanker_transits,fold_35,72.0,58.95996570293299,13.04003429706701
2025-11-09,ar_lag1_7,hormuz_tanker_transits,fold_35,56.0,59.152571955318884,-3.1525719553188836
2025-11-10,ar_lag1_7,hormuz_tanker_transits,fold_35,44.0,58.65317819924164,-14.653178199241637
2025-11-11,ar_lag1_7,hormuz_tanker_transits,fold_35,60.0,57.87871927217245,2.1212807278275534
2025-11-12,ar_lag1_7,hormuz_tanker_transits,fold_35,40.0,57.434819475346735,-17.434819475346735
2025-11-13,ar_lag1_7,hormuz_tanker_transits,fold_35,42.0,57.682100022083674,-15.682100022083674
2025-11-14,ar_lag1_7,hormuz_tanker_transits,fold_35,50.0,58.466247340408174,-8.466247340408174
2025-11-15,ar_lag1_7,hormuz_tanker_transits,fold_35,45.0,59.21792381234432,-14.217923812344317
2025-11-16,ar_lag1_7,hormuz_tanker_transits,fold_36,24.0,52.28969793855827,-28.28969793855827
2025-11-17,ar_lag1_7,hormuz_tanker_transits,fold_36,33.0,53.30748090720125,-20.307480907201253
2025-11-18,ar_lag1_7,hormuz_tanker_transits,fold_36,31.0,55.69082815736513,-24.690828157365132
2025-11-19,ar_lag1_7,hormuz_tanker_transits,fold_36,48.0,53.87533718361889,-5.875337183618889
2025-11-20,ar_lag1_7,hormuz_tanker_transits,fold_36,55.0,53.79717135503412,1.2028286449658765
2025-11-21,ar_lag1_7,hormuz_tanker_transits,fold_36,39.0,55.481257085511864,-16.481257085511864
2025-11-22,ar_lag1_7,hormuz_tanker_transits,fold_36,36.0,55.74199766143064,-19.741997661430638
2025-11-23,ar_lag1_7,hormuz_tanker_transits,fold_36,33.0,56.660697959281194,-23.660697959281194
2025-11-24,ar_lag1_7,hormuz_tanker_transits,fold_36,30.0,56.6715982287762,-26.671598228776197
2025-11-25,ar_lag1_7,hormuz_tanker_transits,fold_36,41.0,56.59841524277531,-15.59841524277531
2025-11-26,ar_lag1_7,hormuz_tanker_transits,fold_36,34.0,56.32435266087533,-22.324352660875327
2025-11-27,ar_lag1_7,hormuz_tanker_transits,fold_36,35.0,56.646838381908495,-21.646838381908495
2025-11-28,ar_lag1_7,hormuz_tanker_transits,fold_36,30.0,57.588487409806696,-27.588487409806696
2025-11-29,ar_lag1_7,hormuz_tanker_transits,fold_36,29.0,58.28062522698459,-29.28062522698459
2025-11-30,ar_lag1_7,hormuz_tanker_transits,fold_36,39.0,58.462882246565016,-19.462882246565016
2025-12-01,ar_lag1_7,hormuz_tanker_transits,fold_36,40.0,57.98925157977115,-17.98925157977115
2025-12-02,ar_lag1_7,hormuz_tanker_transits,fold_36,34.0,57.33431564238864,-23.33431564238864
2025-12-03,ar_lag1_7,hormuz_tanker_transits,fold_36,31.0,57.02001432644616,-26.02001432644616
2025-12-04,ar_lag1_7,hormuz_tanker_transits,fold_36,35.0,57.38281452653827,-22.38281452653827
2025-12-05,ar_lag1_7,hormuz_tanker_transits,fold_36,36.0,58.23408692732241,-22.23408692732241
2025-12-06,ar_lag1_7,hormuz_tanker_transits,fold_36,46.0,58.94810592945643,-12.948105929456432
2025-12-07,ar_lag1_7,hormuz_tanker_transits,fold_36,34.0,59.03243093530187,-25.032430935301868
2025-12-08,ar_lag1_7,hormuz_tanker_transits,fold_36,39.0,58.44297338216085,-19.44297338216085
2025-12-09,ar_lag1_7,hormuz_tanker_transits,fold_36,55.0,57.649772822287666,-2.649772822287666
2025-12-10,ar_lag1_7,hormuz_tanker_transits,fold_36,35.0,57.26631273150243,-22.26631273150243
2025-12-11,ar_lag1_7,hormuz_tanker_transits,fold_36,36.0,57.60337946442264,-21.603379464422638
2025-12-12,ar_lag1_7,hormuz_tanker_transits,fold_36,29.0,58.42963105786721,-29.429631057867212
2025-12-13,ar_lag1_7,hormuz_tanker_transits,fold_36,32.0,59.13540939134201,-27.13540939134201
2025-12-14,ar_lag1_7,hormuz_tanker_transits,fold_36,42.0,59.20160972435792,-17.201609724357922
2025-12-15,ar_lag1_7,hormuz_tanker_transits,fold_36,23.0,58.58688230387225,-35.58688230387225
2025-12-16,ar_lag1_7,hormuz_tanker_transits,fold_37,38.0,40.385317679393864,-2.3853176793938644
2025-12-17,ar_lag1_7,hormuz_tanker_transits,fold_37,32.0,45.51026419794197,-13.510264197941972
2025-12-18,ar_lag1_7,hormuz_tanker_transits,fold_37,41.0,48.53039344792439,-7.530393447924389
2025-12-19,ar_lag1_7,hormuz_tanker_transits,fold_37,23.0,49.335124334653486,-26.335124334653486
2025-12-20,ar_lag1_7,hormuz_tanker_transits,fold_37,25.0,50.34661797965817,-25.34661797965817
2025-12-21,ar_lag1_7,hormuz_tanker_transits,fold_37,36.0,52.11603865514679,-16.116038655146788
2025-12-22,ar_lag1_7,hormuz_tanker_transits,fold_37,27.0,49.44266707745936,-22.44266707745936
2025-12-23,ar_lag1_7,hormuz_tanker_transits,fold_37,13.0,50.56549203699129,-37.56549203699129
2025-12-24,ar_lag1_7,hormuz_tanker_transits,fold_37,34.0,51.97341986655375,-17.973419866553748
2025-12-25,ar_lag1_7,hormuz_tanker_transits,fold_37,26.0,53.55713436876894,-27.557134368768942
2025-12-26,ar_lag1_7,hormuz_tanker_transits,fold_37,37.0,54.914083761518434,-17.914083761518434
2025-12-27,ar_lag1_7,hormuz_tanker_transits,fold_37,45.0,55.87281223513592,-10.872812235135918
2025-12-28,ar_lag1_7,hormuz_tanker_transits,fold_37,23.0,56.31980997496811,-33.31980997496811
2025-12-29,ar_lag1_7,hormuz_tanker_transits,fold_37,34.0,55.59591107597003,-21.59591107597003
2025-12-30,ar_lag1_7,hormuz_tanker_transits,fold_37,42.0,55.0754166997232,-13.075416699723199
2025-12-31,ar_lag1_7,hormuz_tanker_transits,fold_37,52.0,55.12153057262717,-3.1215305726271723
2026-01-01,ar_lag1_7,hormuz_tanker_transits,fold_37,39.0,55.835861706135304,-16.835861706135304
2026-01-02,ar_lag1_7,hormuz_tanker_transits,fold_37,27.0,56.86941252287252,-29.869412522872523
2026-01-03,ar_lag1_7,hormuz_tanker_transits,fold_37,28.0,57.6671399192543,-29.667139919254303
2026-01-04,ar_lag1_7,hormuz_tanker_transits,fold_37,28.0,57.82965219980536,-29.82965219980536
2026-01-05,ar_lag1_7,hormuz_tanker_transits,fold_37,34.0,57.27876709672234,-23.27876709672234
2026-01-06,ar_lag1_7,hormuz_tanker_transits,fold_37,38.0,56.580894544630986,-18.580894544630986
2026-01-07,ar_lag1_7,hormuz_tanker_transits,fold_37,53.0,56.328581198262505,-3.328581198262505
2026-01-08,ar_lag1_7,hormuz_tanker_transits,fold_37,45.0,56.76496477731659,-11.764964777316592
2026-01-09,ar_lag1_7,hormuz_tanker_transits,fold_37,50.0,57.61630878685155,-7.6163087868515476
2026-01-10,ar_lag1_7,hormuz_tanker_transits,fold_37,40.0,58.30263167582228,-18.302631675822283
2026-01-11,ar_lag1_7,hormuz_tanker_transits,fold_37,39.0,58.36769990103895,-19.367699901038947
2026-01-12,ar_lag1_7,hormuz_tanker_transits,fold_37,39.0,57.79808431826506,-18.79808431826506
2026-01-13,ar_lag1_7,hormuz_tanker_transits,fold_37,34.0,57.06340591344492,-23.063405913444917
2026-01-14,ar_lag1_7,hormuz_tanker_transits,fold_37,40.0,56.746670168701286,-16.746670168701286
2026-01-15,ar_lag1_7,hormuz_tanker_transits,fold_38,42.0,46.87286271648704,-4.872862716487042
2026-01-16,ar_lag1_7,hormuz_tanker_transits,fold_38,39.0,51.476913314179356,-12.476913314179356
2026-01-17,ar_lag1_7,hormuz_tanker_transits,fold_38,27.0,52.108789813298856,-25.108789813298856
2026-01-18,ar_lag1_7,hormuz_tanker_transits,fold_38,25.0,51.955365140166045,-26.955365140166045
2026-01-19,ar_lag1_7,hormuz_tanker_transits,fold_38,33.0,51.40870463967052,-18.408704639670518
2026-01-20,ar_lag1_7,hormuz_tanker_transits,fold_38,37.0,49.990272251563646,-12.990272251563646
2026-01-21,ar_lag1_7,hormuz_tanker_transits,fold_38,34.0,50.425700425186704,-16.425700425186704
2026-01-22,ar_lag1_7,hormuz_tanker_transits,fold_38,41.0,52.23105229415306,-11.23105229415306
2026-01-23,ar_lag1_7,hormuz_tanker_transits,fold_38,35.0,54.318475494464444,-19.318475494464444
2026-01-24,ar_lag1_7,hormuz_tanker_transits,fold_38,24.0,55.54829957355795,-31.548299573557948
2026-01-25,ar_lag1_7,hormuz_tanker_transits,fold_38,48.0,55.828313216459264,-7.828313216459264
2026-01-26,ar_lag1_7,hormuz_tanker_transits,fold_38,28.0,55.39784690702881,-27.397846907028807
2026-01-27,ar_lag1_7,hormuz_tanker_transits,fold_38,35.0,54.64672101724958,-19.646721017249583
2026-01-28,ar_lag1_7,hormuz_tanker_transits,fold_38,46.0,54.4551228315716,-8.4551228315716
2026-01-29,ar_lag1_7,hormuz_tanker_transits,fold_38,51.0,55.09273123018548,-4.092731230185478
2026-01-30,ar_lag1_7,hormuz_tanker_transits,fold_38,48.0,56.18636677432726,-8.186366774327261
2026-01-31,ar_lag1_7,hormuz_tanker_transits,fold_38,49.0,57.03793848972588,-8.037938489725882
2026-02-01,ar_lag1_7,hormuz_tanker_transits,fold_38,28.0,57.209108608418134,-29.209108608418134
2026-02-02,ar_lag1_7,hormuz_tanker_transits,fold_38,48.0,56.74586674861378,-8.745866748613778
2026-02-03,ar_lag1_7,hormuz_tanker_transits,fold_38,45.0,56.09276866067882,-11.092768660678821
2026-02-04,ar_lag1_7,hormuz_tanker_transits,fold_38,21.0,55.84155157466976,-34.84155157466976
2026-02-05,ar_lag1_7,hormuz_tanker_transits,fold_38,36.0,56.25108557595314,-20.25108557595314
2026-02-06,ar_lag1_7,hormuz_tanker_transits,fold_38,45.0,57.064917790206884,-12.064917790206884
2026-02-07,ar_lag1_7,hormuz_tanker_transits,fold_38,46.0,57.716719917491304,-11.716719917491304
2026-02-08,ar_lag1_7,hormuz_tanker_transits,fold_38,39.0,57.77277110537041,-18.77277110537041
2026-02-09,ar_lag1_7,hormuz_tanker_transits,fold_38,38.0,57.24830098105076,-19.24830098105076
2026-02-10,ar_lag1_7,hormuz_tanker_transits,fold_38,49.0,56.58233931561465,-7.582339315614647
2026-02-11,ar_lag1_7,hormuz_tanker_transits,fold_38,54.0,56.314732180086644,-2.3147321800866436
2026-02-12,ar_lag1_7,hormuz_tanker_transits,fold_38,35.0,56.67742693353093,-21.67742693353093
2026-02-13,ar_lag1_7,hormuz_tanker_transits,fold_38,65.0,57.42087727188087,7.579122728119131
2023-01-01,arx_lag1_7_route,hormuz_tanker_transits,fold_01,50.0,52.601073158122446,-2.601073158122446
2023-01-02,arx_lag1_7_route,hormuz_tanker_transits,fold_01,60.0,58.310626205680705,1.6893737943192946
2023-01-03,arx_lag1_7_route,hormuz_tanker_transits,fold_01,53.0,59.68612691974475,-6.686126919744751
2023-01-04,arx_lag1_7_route,hormuz_tanker_transits,fold_01,58.0,61.589193075904916,-3.589193075904916
2023-01-05,arx_lag1_7_route,hormuz_tanker_transits,fold_01,51.0,62.42395571167201,-11.423955711672008
2023-01-06,arx_lag1_7_route,hormuz_tanker_transits,fold_01,46.0,63.117974749787,-17.117974749787003
2023-01-07,arx_lag1_7_route,hormuz_tanker_transits,fold_01,62.0,62.28280050789717,-0.28280050789717137
2023-01-08,arx_lag1_7_route,hormuz_tanker_transits,fold_01,51.0,63.54152548828888,-12.541525488288883
2023-01-09,arx_lag1_7_route,hormuz_tanker_transits,fold_01,55.0,63.409588840860984,-8.409588840860984
2023-01-10,arx_lag1_7_route,hormuz_tanker_transits,fold_01,49.0,62.305989862647905,-13.305989862647905
2023-01-11,arx_lag1_7_route,hormuz_tanker_transits,fold_01,37.0,63.61536319157645,-26.61536319157645
2023-01-12,arx_lag1_7_route,hormuz_tanker_transits,fold_01,46.0,63.49667036566073,-17.496670365660727
2023-01-13,arx_lag1_7_route,hormuz_tanker_transits,fold_01,40.0,64.5767539343904,-24.576753934390396
2023-01-14,arx_lag1_7_route,hormuz_tanker_transits,fold_01,55.0,64.370957489296,-9.370957489296003
2023-01-15,arx_lag1_7_route,hormuz_tanker_transits,fold_01,31.0,64.10048155912104,-33.100481559121036
2023-01-16,arx_lag1_7_route,hormuz_tanker_transits,fold_01,49.0,63.32746416968566,-14.327464169685662
2023-01-17,arx_lag1_7_route,hormuz_tanker_transits,fold_01,53.0,63.12982123087902,-10.129821230879017
2023-01-18,arx_lag1_7_route,hormuz_tanker_transits,fold_01,58.0,63.27242593963513,-5.272425939635127
2023-01-19,arx_lag1_7_route,hormuz_tanker_transits,fold_01,55.0,63.789215344139386,-8.789215344139386
2023-01-20,arx_lag1_7_route,hormuz_tanker_transits,fold_01,57.0,64.21195097680707,-7.211950976807074
2023-01-21,arx_lag1_7_route,hormuz_tanker_transits,fold_01,54.0,63.65584228834385,-9.655842288343848
2023-01-22,arx_lag1_7_route,hormuz_tanker_transits,fold_01,64.0,64.00841239351658,-0.008412393516579186
2023-01-23,arx_lag1_7_route,hormuz_tanker_transits,fold_01,55.0,63.76549194303472,-8.765491943034718
2023-01-24,arx_lag1_7_route,hormuz_tanker_transits,fold_01,50.0,63.99846697812078,-13.998466978120781
2023-01-25,arx_lag1_7_route,hormuz_tanker_transits,fold_01,72.0,63.58444931637047,8.415550683629533
2023-01-26,arx_lag1_7_route,hormuz_tanker_transits,fold_01,60.0,64.35739169358433,-4.357391693584333
2023-01-27,arx_lag1_7_route,hormuz_tanker_transits,fold_01,57.0,64.549651255476,-7.549651255475993
2023-01-28,arx_lag1_7_route,hormuz_tanker_transits,fold_01,61.0,65.08408567032455,-4.084085670324555
2023-01-29,arx_lag1_7_route,hormuz_tanker_transits,fold_01,54.0,64.28618849099574,-10.286188490995741
2023-01-30,arx_lag1_7_route,hormuz_tanker_transits,fold_01,52.0,64.59046194399272,-12.590461943992722
2023-01-31,arx_lag1_7_route,hormuz_tanker_transits,fold_02,57.0,57.315575593254806,-0.3155755932548061
2023-02-01,arx_lag1_7_route,hormuz_tanker_transits,fold_02,61.0,61.562181066804044,-0.5621810668040439
2023-02-02,arx_lag1_7_route,hormuz_tanker_transits,fold_02,48.0,62.35975997012543,-14.359759970125431
2023-02-03,arx_lag1_7_route,hormuz_tanker_transits,fold_02,63.0,62.64156166008861,0.3584383399113875
2023-02-04,arx_lag1_7_route,hormuz_tanker_transits,fold_02,63.0,63.21443390444827,-0.2144339044482706
2023-02-05,arx_lag1_7_route,hormuz_tanker_transits,fold_02,46.0,62.57523676382501,-16.57523676382501
2023-02-06,arx_lag1_7_route,hormuz_tanker_transits,fold_02,56.0,61.72631743099913,-5.726317430999131
2023-02-07,arx_lag1_7_route,hormuz_tanker_transits,fold_02,68.0,61.69307400694553,6.30692599305447
2023-02-08,arx_lag1_7_route,hormuz_tanker_transits,fold_02,56.0,61.866415451473266,-5.866415451473266
2023-02-09,arx_lag1_7_route,hormuz_tanker_transits,fold_02,52.0,62.772185701181776,-10.772185701181776
2023-02-10,arx_lag1_7_route,hormuz_tanker_transits,fold_02,41.0,63.70899603417453,-22.708996034174532
2023-02-11,arx_lag1_7_route,hormuz_tanker_transits,fold_02,39.0,64.03081485992722,-25.03081485992722
2023-02-12,arx_lag1_7_route,hormuz_tanker_transits,fold_02,71.0,63.11826132438804,7.881738675611963
2023-02-13,arx_lag1_7_route,hormuz_tanker_transits,fold_02,75.0,62.841156117366175,12.158843882633825
2023-02-14,arx_lag1_7_route,hormuz_tanker_transits,fold_02,45.0,62.62052770520528,-17.620527705205276
2023-02-15,arx_lag1_7_route,hormuz_tanker_transits,fold_02,33.0,62.721704045378424,-29.721704045378424
2023-02-16,arx_lag1_7_route,hormuz_tanker_transits,fold_02,87.0,63.377818069526626,23.622181930473374
2023-02-17,arx_lag1_7_route,hormuz_tanker_transits,fold_02,68.0,63.53365685547869,4.466343144521311
2023-02-18,arx_lag1_7_route,hormuz_tanker_transits,fold_02,50.0,64.15493871882452,-14.154938718824525
2023-02-19,arx_lag1_7_route,hormuz_tanker_transits,fold_02,47.0,63.596388813961035,-16.596388813961035
2023-02-20,arx_lag1_7_route,hormuz_tanker_transits,fold_02,61.0,63.240406668121146,-2.240406668121146
2023-02-21,arx_lag1_7_route,hormuz_tanker_transits,fold_02,49.0,62.52791831094343,-13.527918310943427
2023-02-22,arx_lag1_7_route,hormuz_tanker_transits,fold_02,81.0,62.38292606621901,18.617073933780993
2023-02-23,arx_lag1_7_route,hormuz_tanker_transits,fold_02,54.0,63.19862851585046,-9.198628515850459
2023-02-24,arx_lag1_7_route,hormuz_tanker_transits,fold_02,86.0,63.74899338820604,22.25100661179396
2023-02-25,arx_lag1_7_route,hormuz_tanker_transits,fold_02,62.0,64.21584020779936,-2.21584020779936
2023-02-26,arx_lag1_7_route,hormuz_tanker_transits,fold_02,78.0,63.34272619525842,14.657273804741578
2023-02-27,arx_lag1_7_route,hormuz_tanker_transits,fold_02,64.0,62.8915638591755,1.1084361408245016
2023-02-28,arx_lag1_7_route,hormuz_tanker_transits,fold_02,56.0,62.26368387697565,-6.263683876975648
2023-03-01,arx_lag1_7_route,hormuz_tanker_transits,fold_02,59.0,62.62169947047777,-3.621699470477772
2023-03-02,arx_lag1_7_route,hormuz_tanker_transits,fold_03,54.0,61.07990002944222,-7.079900029442221
2023-03-03,arx_lag1_7_route,hormuz_tanker_transits,fold_03,53.0,64.47785371906298,-11.477853719062978
2023-03-04,arx_lag1_7_route,hormuz_tanker_transits,fold_03,43.0,63.75373632974046,-20.753736329740462
2023-03-05,arx_lag1_7_route,hormuz_tanker_transits,fold_03,74.0,64.1831701839293,9.816829816070694
2023-03-06,arx_lag1_7_route,hormuz_tanker_transits,fold_03,67.0,63.05735526171733,3.9426447382826666
2023-03-07,arx_lag1_7_route,hormuz_tanker_transits,fold_03,78.0,61.897986998333785,16.102013001666215
2023-03-08,arx_lag1_7_route,hormuz_tanker_transits,fold_03,71.0,62.121967096574856,8.878032903425144
2023-03-09,arx_lag1_7_route,hormuz_tanker_transits,fold_03,65.0,62.831632541265556,2.168367458734444
2023-03-10,arx_lag1_7_route,hormuz_tanker_transits,fold_03,65.0,63.40236784468268,1.5976321553173207
2023-03-11,arx_lag1_7_route,hormuz_tanker_transits,fold_03,85.0,63.654690715108295,21.345309284891705
2023-03-12,arx_lag1_7_route,hormuz_tanker_transits,fold_03,71.0,63.236633602087466,7.7633663979125345
2023-03-13,arx_lag1_7_route,hormuz_tanker_transits,fold_03,61.0,62.42017216209021,-1.4201721620902106
2023-03-14,arx_lag1_7_route,hormuz_tanker_transits,fold_03,69.0,62.17434373479827,6.825656265201729
2023-03-15,arx_lag1_7_route,hormuz_tanker_transits,fold_03,51.0,62.39317398560469,-11.39317398560469
2023-03-16,arx_lag1_7_route,hormuz_tanker_transits,fold_03,55.0,62.96296780957957,-7.962967809579567
2023-03-17,arx_lag1_7_route,hormuz_tanker_transits,fold_03,56.0,63.40546458899843,-7.405464588998427
2023-03-18,arx_lag1_7_route,hormuz_tanker_transits,fold_03,65.0,63.50901327402028,1.4909867259797167
2023-03-19,arx_lag1_7_route,hormuz_tanker_transits,fold_03,68.0,63.14424602127465,4.855753978725353
2023-03-20,arx_lag1_7_route,hormuz_tanker_transits,fold_03,55.0,62.37100110166854,-7.37100110166854
2023-03-21,arx_lag1_7_route,hormuz_tanker_transits,fold_03,44.0,62.14349542797466,-18.143495427974663
2023-03-22,arx_lag1_7_route,hormuz_tanker_transits,fold_03,37.0,62.332986330274785,-25.332986330274785
2023-03-23,arx_lag1_7_route,hormuz_tanker_transits,fold_03,42.0,62.94930987793231,-20.949309877932308
2023-03-24,arx_lag1_7_route,hormuz_tanker_transits,fold_03,31.0,63.43488950128243,-32.43488950128243
2023-03-25,arx_lag1_7_route,hormuz_tanker_transits,fold_03,49.0,63.615149446452676,-14.615149446452676
2023-03-26,arx_lag1_7_route,hormuz_tanker_transits,fold_03,58.0,63.14351145428579,-5.143511454285793
2023-03-27,arx_lag1_7_route,hormuz_tanker_transits,fold_03,43.0,62.50726780818042,-19.507267808180423
2023-03-28,arx_lag1_7_route,hormuz_tanker_transits,fold_03,41.0,62.29634924505263,-21.29634924505263
2023-03-29,arx_lag1_7_route,hormuz_tanker_transits,fold_03,43.0,62.5251205716163,-19.5251205716163
2023-03-30,arx_lag1_7_route,hormuz_tanker_transits,fold_03,64.0,62.881516919901934,1.1184830800980663
2023-03-31,arx_lag1_7_route,hormuz_tanker_transits,fold_03,76.0,63.44646992606778,12.553530073932222
2023-04-01,arx_lag1_7_route,hormuz_tanker_transits,fold_04,66.0,67.52442320694118,-1.5244232069411794
2023-04-02,arx_lag1_7_route,hormuz_tanker_transits,fold_04,55.0,64.47646226923291,-9.476462269232911
2023-04-03,arx_lag1_7_route,hormuz_tanker_transits,fold_04,46.0,61.43538972052535,-15.43538972052535
2023-04-04,arx_lag1_7_route,hormuz_tanker_transits,fold_04,44.0,60.41363003304635,-16.413630033046353
2023-04-05,arx_lag1_7_route,hormuz_tanker_transits,fold_04,57.0,59.95664018860009,-2.9566401886000904
2023-04-06,arx_lag1_7_route,hormuz_tanker_transits,fold_04,75.0,61.85189416211564,13.148105837884358
2023-04-07,arx_lag1_7_route,hormuz_tanker_transits,fold_04,54.0,63.78142714431189,-9.781427144311891
2023-04-08,arx_lag1_7_route,hormuz_tanker_transits,fold_04,67.0,64.08151891542495,2.918481084575049
2023-04-09,arx_lag1_7_route,hormuz_tanker_transits,fold_04,82.0,63.208662012331224,18.791337987668776
2023-04-10,arx_lag1_7_route,hormuz_tanker_transits,fold_04,63.0,62.331242026133076,0.6687579738669243
2023-04-11,arx_lag1_7_route,hormuz_tanker_transits,fold_04,63.0,61.73746911431329,1.262530885686708
2023-04-12,arx_lag1_7_route,hormuz_tanker_transits,fold_04,67.0,61.56716396800445,5.432836031995549
2023-04-13,arx_lag1_7_route,hormuz_tanker_transits,fold_04,70.0,62.33075645342073,7.669243546579267
2023-04-14,arx_lag1_7_route,hormuz_tanker_transits,fold_04,65.0,63.3640811321028,1.6359188678972032
2023-04-15,arx_lag1_7_route,hormuz_tanker_transits,fold_04,56.0,63.64790522548595,-7.64790522548595
2023-04-16,arx_lag1_7_route,hormuz_tanker_transits,fold_04,57.0,62.967276909454824,-5.967276909454824
2023-04-17,arx_lag1_7_route,hormuz_tanker_transits,fold_04,56.0,62.17925986002444,-6.1792598600244375
2023-04-18,arx_lag1_7_route,hormuz_tanker_transits,fold_04,62.0,61.476006948944686,0.5239930510553137
2023-04-19,arx_lag1_7_route,hormuz_tanker_transits,fold_04,70.0,61.83281528617636,8.167184713823637
2023-04-20,arx_lag1_7_route,hormuz_tanker_transits,fold_04,102.0,62.50412208928116,39.49587791071884
2023-04-21,arx_lag1_7_route,hormuz_tanker_transits,fold_04,67.0,62.724031897792294,4.275968102207706
2023-04-22,arx_lag1_7_route,hormuz_tanker_transits,fold_04,83.0,63.559856495084276,19.440143504915724
2023-04-23,arx_lag1_7_route,hormuz_tanker_transits,fold_04,63.0,63.23339887940856,-0.2333988794085613
2023-04-24,arx_lag1_7_route,hormuz_tanker_transits,fold_04,66.0,62.58464407850033,3.4153559214996676
2023-04-25,arx_lag1_7_route,hormuz_tanker_transits,fold_04,66.0,62.01596828862878,3.984031711371223
2023-04-26,arx_lag1_7_route,hormuz_tanker_transits,fold_04,52.0,62.068702024723606,-10.068702024723606
2023-04-27,arx_lag1_7_route,hormuz_tanker_transits,fold_04,58.0,62.74472943003774,-4.7447294300377365
2023-04-28,arx_lag1_7_route,hormuz_tanker_transits,fold_04,60.0,63.18655248847436,-3.186552488474362
2023-04-29,arx_lag1_7_route,hormuz_tanker_transits,fold_04,71.0,63.68501896181496,7.314981038185039
2023-04-30,arx_lag1_7_route,hormuz_tanker_transits,fold_04,55.0,63.00369793380766,-8.003697933807658
2023-05-01,arx_lag1_7_route,hormuz_tanker_transits,fold_05,62.0,59.024029876655945,2.975970123344055
2023-05-02,arx_lag1_7_route,hormuz_tanker_transits,fold_05,58.0,60.73425189872697,-2.734251898726967
2023-05-03,arx_lag1_7_route,hormuz_tanker_transits,fold_05,58.0,60.67591376622577,-2.6759137662257686
2023-05-04,arx_lag1_7_route,hormuz_tanker_transits,fold_05,50.0,61.241968568462866,-11.241968568462866
2023-05-05,arx_lag1_7_route,hormuz_tanker_transits,fold_05,55.0,62.73066026581588,-7.730660265815878
2023-05-06,arx_lag1_7_route,hormuz_tanker_transits,fold_05,70.0,63.616658232903234,6.383341767096766
2023-05-07,arx_lag1_7_route,hormuz_tanker_transits,fold_05,69.0,62.416650254281535,6.583349745718465
2023-05-08,arx_lag1_7_route,hormuz_tanker_transits,fold_05,70.0,61.04812169040663,8.951878309593368
2023-05-09,arx_lag1_7_route,hormuz_tanker_transits,fold_05,62.0,61.15754148777835,0.842458512221647
2023-05-10,arx_lag1_7_route,hormuz_tanker_transits,fold_05,69.0,61.42412200462048,7.575877995379521
2023-05-11,arx_lag1_7_route,hormuz_tanker_transits,fold_05,83.0,61.7086303590859,21.2913696409141
2023-05-12,arx_lag1_7_route,hormuz_tanker_transits,fold_05,72.0,62.87422766796352,9.125772332036483
2023-05-13,arx_lag1_7_route,hormuz_tanker_transits,fold_05,76.0,63.094849156530316,12.905150843469684
2023-05-14,arx_lag1_7_route,hormuz_tanker_transits,fold_05,70.0,62.65965265139772,7.340347348602279
2023-05-15,arx_lag1_7_route,hormuz_tanker_transits,fold_05,58.0,61.81800445110724,-3.8180044511072424
2023-05-16,arx_lag1_7_route,hormuz_tanker_transits,fold_05,36.0,61.14706274860311,-25.147062748603112
2023-05-17,arx_lag1_7_route,hormuz_tanker_transits,fold_05,61.0,62.212372406041034,-1.212372406041034
2023-05-18,arx_lag1_7_route,hormuz_tanker_transits,fold_05,74.0,62.550448703962125,11.449551296037875
2023-05-19,arx_lag1_7_route,hormuz_tanker_transits,fold_05,86.0,64.2172496062243,21.7827503937757
2023-05-20,arx_lag1_7_route,hormuz_tanker_transits,fold_05,91.0,63.99968703170555,27.000312968294452
2023-05-21,arx_lag1_7_route,hormuz_tanker_transits,fold_05,47.0,62.9368816323224,-15.936881632322397
2023-05-22,arx_lag1_7_route,hormuz_tanker_transits,fold_05,66.0,62.19748557103433,3.8025144289656723
2023-05-23,arx_lag1_7_route,hormuz_tanker_transits,fold_05,59.0,61.28256689022956,-2.2825668902295604
2023-05-24,arx_lag1_7_route,hormuz_tanker_transits,fold_05,63.0,61.78900450779167,1.2109954922083332
2023-05-25,arx_lag1_7_route,hormuz_tanker_transits,fold_05,64.0,63.09566266917081,0.9043373308291933
2023-05-26,arx_lag1_7_route,hormuz_tanker_transits,fold_05,69.0,63.57527978586195,5.424720214138048
2023-05-27,arx_lag1_7_route,hormuz_tanker_transits,fold_05,65.0,63.535853342293606,1.4641466577063937
2023-05-28,arx_lag1_7_route,hormuz_tanker_transits,fold_05,50.0,62.599789028345214,-12.599789028345214
2023-05-29,arx_lag1_7_route,hormuz_tanker_transits,fold_05,68.0,61.73160378956241,6.2683962104375865
2023-05-30,arx_lag1_7_route,hormuz_tanker_transits,fold_05,64.0,61.04360999647904,2.9563900035209585
2023-05-31,arx_lag1_7_route,hormuz_tanker_transits,fold_06,74.0,62.89686289719037,11.103137102809633
2023-06-01,arx_lag1_7_route,hormuz_tanker_transits,fold_06,66.0,63.309547597803636,2.690452402196364
2023-06-02,arx_lag1_7_route,hormuz_tanker_transits,fold_06,53.0,64.10850381592824,-11.108503815928245
2023-06-03,arx_lag1_7_route,hormuz_tanker_transits,fold_06,27.0,63.33004596121496,-36.33004596121496
2023-06-04,arx_lag1_7_route,hormuz_tanker_transits,fold_06,70.0,61.70145570691111,8.298544293088888
2023-06-05,arx_lag1_7_route,hormuz_tanker_transits,fold_06,78.0,61.94640583820909,16.05359416179091
2023-06-06,arx_lag1_7_route,hormuz_tanker_transits,fold_06,62.0,61.914378900689194,0.08562109931080641
2023-06-07,arx_lag1_7_route,hormuz_tanker_transits,fold_06,62.0,61.86071061688939,0.1392893831106079
2023-06-08,arx_lag1_7_route,hormuz_tanker_transits,fold_06,64.0,63.835715767497184,0.16428423250281554
2023-06-09,arx_lag1_7_route,hormuz_tanker_transits,fold_06,80.0,64.31832287875285,15.681677121247148
2023-06-10,arx_lag1_7_route,hormuz_tanker_transits,fold_06,65.0,64.63514920015471,0.3648507998452857
2023-06-11,arx_lag1_7_route,hormuz_tanker_transits,fold_06,68.0,63.17436322854814,4.825636771451862
2023-06-12,arx_lag1_7_route,hormuz_tanker_transits,fold_06,37.0,61.539403863848705,-24.539403863848705
2023-06-13,arx_lag1_7_route,hormuz_tanker_transits,fold_06,33.0,61.56154713600349,-28.56154713600349
2023-06-14,arx_lag1_7_route,hormuz_tanker_transits,fold_06,43.0,61.3177545053593,-18.317754505359297
2023-06-15,arx_lag1_7_route,hormuz_tanker_transits,fold_06,61.0,62.64016106245076,-1.6401610624507583
2023-06-16,arx_lag1_7_route,hormuz_tanker_transits,fold_06,65.0,62.627839532903145,2.3721604670968546
2023-06-17,arx_lag1_7_route,hormuz_tanker_transits,fold_06,68.0,63.627450815343614,4.3725491846563855
2023-06-18,arx_lag1_7_route,hormuz_tanker_transits,fold_06,69.0,62.94341523131554,6.056584768684459
2023-06-19,arx_lag1_7_route,hormuz_tanker_transits,fold_06,61.0,61.79283807966129,-0.792838079661287
2023-06-20,arx_lag1_7_route,hormuz_tanker_transits,fold_06,57.0,61.36111342305753,-4.361113423057532
2023-06-21,arx_lag1_7_route,hormuz_tanker_transits,fold_06,70.0,61.48179393287519,8.518206067124808
2023-06-22,arx_lag1_7_route,hormuz_tanker_transits,fold_06,65.0,63.06579629909921,1.9342037009007882
2023-06-23,arx_lag1_7_route,hormuz_tanker_transits,fold_06,54.0,63.41817985627332,-9.41817985627332
2023-06-24,arx_lag1_7_route,hormuz_tanker_transits,fold_06,86.0,63.6482019528056,22.3517980471944
2023-06-25,arx_lag1_7_route,hormuz_tanker_transits,fold_06,55.0,62.975032266617134,-7.975032266617134
2023-06-26,arx_lag1_7_route,hormuz_tanker_transits,fold_06,60.0,61.77649755432061,-1.7764975543206134
2023-06-27,arx_lag1_7_route,hormuz_tanker_transits,fold_06,60.0,61.5891688469778,-1.589168846977799
2023-06-28,arx_lag1_7_route,hormuz_tanker_transits,fold_06,73.0,61.722750682015054,11.277249317984946
2023-06-29,arx_lag1_7_route,hormuz_tanker_transits,fold_06,75.0,63.28137500540342,11.718624994596581
2023-06-30,arx_lag1_7_route,hormuz_tanker_transits,fold_07,59.0,67.86114230493146,-8.861142304931462
2023-07-01,arx_lag1_7_route,hormuz_tanker_transits,fold_07,70.0,67.26379901325653,2.7362009867434693
2023-07-02,arx_lag1_7_route,hormuz_tanker_transits,fold_07,73.0,64.97546303180471,8.024536968195292
2023-07-03,arx_lag1_7_route,hormuz_tanker_transits,fold_07,59.0,63.01582973955985,-4.015829739559848
2023-07-04,arx_lag1_7_route,hormuz_tanker_transits,fold_07,56.0,60.88458486506666,-4.884584865066657
2023-07-05,arx_lag1_7_route,hormuz_tanker_transits,fold_07,97.0,63.24153637732896,33.75846362267104
2023-07-06,arx_lag1_7_route,hormuz_tanker_transits,fold_07,57.0,65.13238212477638,-8.132382124776385
2023-07-07,arx_lag1_7_route,hormuz_tanker_transits,fold_07,71.0,65.85794961512106,5.142050384878942
2023-07-08,arx_lag1_7_route,hormuz_tanker_transits,fold_07,47.0,65.28917687819136,-18.289176878191356
2023-07-09,arx_lag1_7_route,hormuz_tanker_transits,fold_07,62.0,64.36126825784181,-2.3612682578418145
2023-07-10,arx_lag1_7_route,hormuz_tanker_transits,fold_07,79.0,61.64696486952565,17.353035130474353
2023-07-11,arx_lag1_7_route,hormuz_tanker_transits,fold_07,74.0,60.846883952561036,13.153116047438964
2023-07-12,arx_lag1_7_route,hormuz_tanker_transits,fold_07,42.0,61.3651329891415,-19.3651329891415
2023-07-13,arx_lag1_7_route,hormuz_tanker_transits,fold_07,81.0,63.4792455297519,17.5207544702481
2023-07-14,arx_lag1_7_route,hormuz_tanker_transits,fold_07,80.0,65.57464926878114,14.425350731218856
2023-07-15,arx_lag1_7_route,hormuz_tanker_transits,fold_07,74.0,64.88839925318511,9.111600746814887
2023-07-16,arx_lag1_7_route,hormuz_tanker_transits,fold_07,63.0,62.76904417715842,0.23095582284157956
2023-07-17,arx_lag1_7_route,hormuz_tanker_transits,fold_07,67.0,61.61871420113929,5.381285798860709
2023-07-18,arx_lag1_7_route,hormuz_tanker_transits,fold_07,57.0,61.693066374888296,-4.693066374888296
2023-07-19,arx_lag1_7_route,hormuz_tanker_transits,fold_07,37.0,63.81711181681689,-26.81711181681689
2023-07-20,arx_lag1_7_route,hormuz_tanker_transits,fold_07,88.0,63.941906512593825,24.058093487406175
2023-07-21,arx_lag1_7_route,hormuz_tanker_transits,fold_07,77.0,64.18485136963604,12.815148630363964
2023-07-22,arx_lag1_7_route,hormuz_tanker_transits,fold_07,60.0,62.35217757096913,-2.3521775709691326
2023-07-23,arx_lag1_7_route,hormuz_tanker_transits,fold_07,60.0,61.38803009934023,-1.3880300993402273
2023-07-24,arx_lag1_7_route,hormuz_tanker_transits,fold_07,71.0,60.61037390217698,10.389626097823019
2023-07-25,arx_lag1_7_route,hormuz_tanker_transits,fold_07,50.0,60.91166853616494,-10.911668536164939
2023-07-26,arx_lag1_7_route,hormuz_tanker_transits,fold_07,43.0,61.983132746744616,-18.983132746744616
2023-07-27,arx_lag1_7_route,hormuz_tanker_transits,fold_07,46.0,63.11820840469504,-17.11820840469504
2023-07-28,arx_lag1_7_route,hormuz_tanker_transits,fold_07,51.0,63.46599968767571,-12.465999687675712
2023-07-29,arx_lag1_7_route,hormuz_tanker_transits,fold_07,30.0,63.253829921331764,-33.253829921331764
2023-07-30,arx_lag1_7_route,hormuz_tanker_transits,fold_08,65.0,50.64552446389114,14.354475536108858
2023-07-31,arx_lag1_7_route,hormuz_tanker_transits,fold_08,93.0,58.158641474762604,34.841358525237396
2023-08-01,arx_lag1_7_route,hormuz_tanker_transits,fold_08,72.0,59.593018197876226,12.406981802123774
2023-08-02,arx_lag1_7_route,hormuz_tanker_transits,fold_08,66.0,59.928256271394595,6.071743728605405
2023-08-03,arx_lag1_7_route,hormuz_tanker_transits,fold_08,69.0,61.29965136525308,7.700348634746923
2023-08-04,arx_lag1_7_route,hormuz_tanker_transits,fold_08,73.0,63.302721872515356,9.697278127484644
2023-08-05,arx_lag1_7_route,hormuz_tanker_transits,fold_08,48.0,61.42428456758289,-13.424284567582887
2023-08-06,arx_lag1_7_route,hormuz_tanker_transits,fold_08,59.0,62.57692313239144,-3.5769231323914426
2023-08-07,arx_lag1_7_route,hormuz_tanker_transits,fold_08,56.0,61.38461663979002,-5.384616639790018
2023-08-08,arx_lag1_7_route,hormuz_tanker_transits,fold_08,65.0,60.6545168765345,4.345483123465499
2023-08-09,arx_lag1_7_route,hormuz_tanker_transits,fold_08,52.0,61.59237674649668,-9.592376746496683
2023-08-10,arx_lag1_7_route,hormuz_tanker_transits,fold_08,73.0,63.09638486040855,9.903615139591452
2023-08-11,arx_lag1_7_route,hormuz_tanker_transits,fold_08,83.0,64.01787928030525,18.98212071969475
2023-08-12,arx_lag1_7_route,hormuz_tanker_transits,fold_08,89.0,62.95330759466793,26.046692405332067
2023-08-13,arx_lag1_7_route,hormuz_tanker_transits,fold_08,79.0,62.45938949967364,16.54061050032636
2023-08-14,arx_lag1_7_route,hormuz_tanker_transits,fold_08,76.0,60.890337909569034,15.109662090430966
2023-08-15,arx_lag1_7_route,hormuz_tanker_transits,fold_08,50.0,61.10241960144169,-11.102419601441689
2023-08-16,arx_lag1_7_route,hormuz_tanker_transits,fold_08,68.0,61.25875943775556,6.7412405622444425
2023-08-17,arx_lag1_7_route,hormuz_tanker_transits,fold_08,66.0,62.381491163946045,3.6185088360539552
2023-08-18,arx_lag1_7_route,hormuz_tanker_transits,fold_08,74.0,63.284047720474106,10.715952279525894
2023-08-19,arx_lag1_7_route,hormuz_tanker_transits,fold_08,77.0,63.71905484902968,13.280945150970318
2023-08-20,arx_lag1_7_route,hormuz_tanker_transits,fold_08,74.0,62.823237540441845,11.176762459558155
2023-08-21,arx_lag1_7_route,hormuz_tanker_transits,fold_08,57.0,60.85445877780123,-3.854458777801227
2023-08-22,arx_lag1_7_route,hormuz_tanker_transits,fold_08,74.0,62.68117493895002,11.318825061049978
2023-08-23,arx_lag1_7_route,hormuz_tanker_transits,fold_08,52.0,61.79309982548371,-9.793099825483708
2023-08-24,arx_lag1_7_route,hormuz_tanker_transits,fold_08,29.0,63.169604766644355,-34.169604766644355
2023-08-25,arx_lag1_7_route,hormuz_tanker_transits,fold_08,58.0,64.13754623405288,-6.137546234052877
2023-08-26,arx_lag1_7_route,hormuz_tanker_transits,fold_08,65.0,63.5087151996837,1.4912848003163006
2023-08-27,arx_lag1_7_route,hormuz_tanker_transits,fold_08,59.0,63.38182817000126,-4.381828170001263
2023-08-28,arx_lag1_7_route,hormuz_tanker_transits,fold_08,74.0,61.68176559765984,12.31823440234016
2023-08-29,arx_lag1_7_route,hormuz_tanker_transits,fold_09,79.0,66.48482755301102,12.515172446988984
2023-08-30,arx_lag1_7_route,hormuz_tanker_transits,fold_09,53.0,62.77723578415566,-9.777235784155657
2023-08-31,arx_lag1_7_route,hormuz_tanker_transits,fold_09,44.0,61.26972953310582,-17.269729533105817
2023-09-01,arx_lag1_7_route,hormuz_tanker_transits,fold_09,35.0,63.06702371189069,-28.06702371189069
2023-09-02,arx_lag1_7_route,hormuz_tanker_transits,fold_09,30.0,63.3490349932707,-33.3490349932707
2023-09-03,arx_lag1_7_route,hormuz_tanker_transits,fold_09,67.0,61.765873130014974,5.234126869985026
2023-09-04,arx_lag1_7_route,hormuz_tanker_transits,fold_09,62.0,63.38906035265911,-1.3890603526591079
2023-09-05,arx_lag1_7_route,hormuz_tanker_transits,fold_09,73.0,62.19089596228364,10.80910403771636
2023-09-06,arx_lag1_7_route,hormuz_tanker_transits,fold_09,82.0,60.94003329593706,21.059966704062937
2023-09-07,arx_lag1_7_route,hormuz_tanker_transits,fold_09,77.0,64.0040827977164,12.995917202283593
2023-09-08,arx_lag1_7_route,hormuz_tanker_transits,fold_09,80.0,65.99248875004446,14.007511249955542
2023-09-09,arx_lag1_7_route,hormuz_tanker_transits,fold_09,62.0,65.02047083025245,-3.0204708302524494
2023-09-10,arx_lag1_7_route,hormuz_tanker_transits,fold_09,56.0,62.989765905516265,-6.989765905516265
2023-09-11,arx_lag1_7_route,hormuz_tanker_transits,fold_09,53.0,62.04584621494696,-9.045846214946963
2023-09-12,arx_lag1_7_route,hormuz_tanker_transits,fold_09,46.0,60.88831854252265,-14.888318542522647
2023-09-13,arx_lag1_7_route,hormuz_tanker_transits,fold_09,79.0,61.818809012447616,17.181190987552384
2023-09-14,arx_lag1_7_route,hormuz_tanker_transits,fold_09,94.0,64.2746760617213,29.725323938278706
2023-09-15,arx_lag1_7_route,hormuz_tanker_transits,fold_09,59.0,63.81796853141376,-4.8179685314137615
2023-09-16,arx_lag1_7_route,hormuz_tanker_transits,fold_09,52.0,63.42194724707341,-11.421947247073412
2023-09-17,arx_lag1_7_route,hormuz_tanker_transits,fold_09,53.0,63.52370636052996,-10.523706360529957
2023-09-18,arx_lag1_7_route,hormuz_tanker_transits,fold_09,77.0,62.68745465877293,14.312545341227072
2023-09-19,arx_lag1_7_route,hormuz_tanker_transits,fold_09,73.0,61.49035694848593,11.509643051514068
2023-09-20,arx_lag1_7_route,hormuz_tanker_transits,fold_09,73.0,61.36636126932123,11.633638730678769
2023-09-21,arx_lag1_7_route,hormuz_tanker_transits,fold_09,62.0,62.72359454267905,-0.7235945426790522
2023-09-22,arx_lag1_7_route,hormuz_tanker_transits,fold_09,49.0,63.25268999505734,-14.252689995057338
2023-09-23,arx_lag1_7_route,hormuz_tanker_transits,fold_09,51.0,63.73940301898541,-12.739403018985413
2023-09-24,arx_lag1_7_route,hormuz_tanker_transits,fold_09,55.0,62.89901089621527,-7.899010896215273
2023-09-25,arx_lag1_7_route,hormuz_tanker_transits,fold_09,58.0,62.05760426087525,-4.057604260875252
2023-09-26,arx_lag1_7_route,hormuz_tanker_transits,fold_09,57.0,60.93163355425622,-3.931633554256223
2023-09-27,arx_lag1_7_route,hormuz_tanker_transits,fold_09,76.0,60.67490836110276,15.325091638897241
2023-09-28,arx_lag1_7_route,hormuz_tanker_transits,fold_10,60.0,68.2207984266372,-8.220798426637202
2023-09-29,arx_lag1_7_route,hormuz_tanker_transits,fold_10,84.0,63.2450002747549,20.7549997252451
2023-09-30,arx_lag1_7_route,hormuz_tanker_transits,fold_10,61.0,62.90650306720159,-1.9065030672015908
2023-10-01,arx_lag1_7_route,hormuz_tanker_transits,fold_10,75.0,60.75522828766472,14.244771712335279
2023-10-02,arx_lag1_7_route,hormuz_tanker_transits,fold_10,48.0,59.6723561304739,-11.6723561304739
2023-10-03,arx_lag1_7_route,hormuz_tanker_transits,fold_10,63.0,60.2745391373686,2.725460862631401
2023-10-04,arx_lag1_7_route,hormuz_tanker_transits,fold_10,57.0,63.067048280792854,-6.067048280792854
2023-10-05,arx_lag1_7_route,hormuz_tanker_transits,fold_10,82.0,64.28062838938538,17.719371610614616
2023-10-06,arx_lag1_7_route,hormuz_tanker_transits,fold_10,91.0,63.358359499136775,27.641640500863225
2023-10-07,arx_lag1_7_route,hormuz_tanker_transits,fold_10,58.0,63.847215076708345,-5.847215076708345
2023-10-08,arx_lag1_7_route,hormuz_tanker_transits,fold_10,84.0,62.54805365501628,21.451946344983718
2023-10-09,arx_lag1_7_route,hormuz_tanker_transits,fold_10,74.0,62.637990196772506,11.362009803227494
2023-10-10,arx_lag1_7_route,hormuz_tanker_transits,fold_10,45.0,61.70189383693437,-16.701893836934367
2023-10-11,arx_lag1_7_route,hormuz_tanker_transits,fold_10,56.0,63.07048651003289,-7.070486510032893
2023-10-12,arx_lag1_7_route,hormuz_tanker_transits,fold_10,48.0,64.20963339125436,-16.209633391254357
2023-10-13,arx_lag1_7_route,hormuz_tanker_transits,fold_10,60.0,64.69236347721203,-4.692363477212027
2023-10-14,arx_lag1_7_route,hormuz_tanker_transits,fold_10,63.0,62.909559903780966,0.0904400962190337
2023-10-15,arx_lag1_7_route,hormuz_tanker_transits,fold_10,69.0,63.67527323266336,5.324726767336642
2023-10-16,arx_lag1_7_route,hormuz_tanker_transits,fold_10,55.0,61.96895569474112,-6.968955694741119
2023-10-17,arx_lag1_7_route,hormuz_tanker_transits,fold_10,49.0,61.24664096417776,-12.246640964177757
2023-10-18,arx_lag1_7_route,hormuz_tanker_transits,fold_10,38.0,61.030586212929975,-23.030586212929975
2023-10-19,arx_lag1_7_route,hormuz_tanker_transits,fold_10,59.0,62.764678860242086,-3.7646788602420855
2023-10-20,arx_lag1_7_route,hormuz_tanker_transits,fold_10,74.0,63.074188289367484,10.925811710632516
2023-10-21,arx_lag1_7_route,hormuz_tanker_transits,fold_10,61.0,62.8428827233878,-1.8428827233878025
2023-10-22,arx_lag1_7_route,hormuz_tanker_transits,fold_10,41.0,61.36844716592833,-20.36844716592833
2023-10-23,arx_lag1_7_route,hormuz_tanker_transits,fold_10,57.0,61.0406939921062,-4.040693992106199
2023-10-24,arx_lag1_7_route,hormuz_tanker_transits,fold_10,57.0,60.805785854867636,-3.8057858548676364
2023-10-25,arx_lag1_7_route,hormuz_tanker_transits,fold_10,55.0,61.87174709492374,-6.871747094923741
2023-10-26,arx_lag1_7_route,hormuz_tanker_transits,fold_10,41.0,61.76206114070848,-20.762061140708482
2023-10-27,arx_lag1_7_route,hormuz_tanker_transits,fold_10,47.0,63.15162765856578,-16.15162765856578
2023-10-28,arx_lag1_7_route,hormuz_tanker_transits,fold_11,39.0,56.63809686762225,-17.638096867622252
2023-10-29,arx_lag1_7_route,hormuz_tanker_transits,fold_11,34.0,57.11204849404359,-23.11204849404359
2023-10-30,arx_lag1_7_route,hormuz_tanker_transits,fold_11,84.0,58.483954127053075,25.516045872946925
2023-10-31,arx_lag1_7_route,hormuz_tanker_transits,fold_11,68.0,60.35296911891129,7.64703088108871
2023-11-01,arx_lag1_7_route,hormuz_tanker_transits,fold_11,72.0,61.351932329949804,10.648067670050196
2023-11-02,arx_lag1_7_route,hormuz_tanker_transits,fold_11,52.0,59.766048014134306,-7.766048014134306
2023-11-03,arx_lag1_7_route,hormuz_tanker_transits,fold_11,56.0,61.31050358180835,-5.310503581808348
2023-11-04,arx_lag1_7_route,hormuz_tanker_transits,fold_11,22.0,61.8395153279851,-39.8395153279851
2023-11-05,arx_lag1_7_route,hormuz_tanker_transits,fold_11,46.0,61.37006279541066,-15.37006279541066
2023-11-06,arx_lag1_7_route,hormuz_tanker_transits,fold_11,29.0,59.3256474448044,-30.325647444804403
2023-11-07,arx_lag1_7_route,hormuz_tanker_transits,fold_11,32.0,60.57065333229536,-28.570653332295358
2023-11-08,arx_lag1_7_route,hormuz_tanker_transits,fold_11,46.0,61.018545606747615,-15.018545606747615
2023-11-09,arx_lag1_7_route,hormuz_tanker_transits,fold_11,41.0,61.80405175409279,-20.80405175409279
2023-11-10,arx_lag1_7_route,hormuz_tanker_transits,fold_11,59.0,62.40467786005223,-3.4046778600522316
2023-11-11,arx_lag1_7_route,hormuz_tanker_transits,fold_11,81.0,62.66427553113681,18.33572446886319
2023-11-12,arx_lag1_7_route,hormuz_tanker_transits,fold_11,77.0,62.29679904696152,14.703200953038483
2023-11-13,arx_lag1_7_route,hormuz_tanker_transits,fold_11,77.0,61.45600975768532,15.543990242314678
2023-11-14,arx_lag1_7_route,hormuz_tanker_transits,fold_11,74.0,60.15031813898958,13.849681861010417
2023-11-15,arx_lag1_7_route,hormuz_tanker_transits,fold_11,48.0,60.52892269494272,-12.528922694942722
2023-11-16,arx_lag1_7_route,hormuz_tanker_transits,fold_11,38.0,62.80210711747347,-24.80210711747347
2023-11-17,arx_lag1_7_route,hormuz_tanker_transits,fold_11,48.0,63.849461240182386,-15.849461240182386
2023-11-18,arx_lag1_7_route,hormuz_tanker_transits,fold_11,56.0,62.069922375637866,-6.069922375637866
2023-11-19,arx_lag1_7_route,hormuz_tanker_transits,fold_11,34.0,61.047330848663364,-27.047330848663364
2023-11-20,arx_lag1_7_route,hormuz_tanker_transits,fold_11,49.0,60.497151486858606,-11.497151486858606
2023-11-21,arx_lag1_7_route,hormuz_tanker_transits,fold_11,49.0,60.230902811505196,-11.230902811505196
2023-11-22,arx_lag1_7_route,hormuz_tanker_transits,fold_11,43.0,62.03821261244929,-19.038212612449293
2023-11-23,arx_lag1_7_route,hormuz_tanker_transits,fold_11,28.0,61.34215002773502,-33.34215002773502
2023-11-24,arx_lag1_7_route,hormuz_tanker_transits,fold_11,52.0,61.34356995956391,-9.343569959563908
2023-11-25,arx_lag1_7_route,hormuz_tanker_transits,fold_11,44.0,62.48250004355895,-18.48250004355895
2023-11-26,arx_lag1_7_route,hormuz_tanker_transits,fold_11,52.0,61.264277061448674,-9.264277061448674
2023-11-27,arx_lag1_7_route,hormuz_tanker_transits,fold_12,39.0,56.011374595997424,-17.011374595997424
2023-11-28,arx_lag1_7_route,hormuz_tanker_transits,fold_12,47.0,56.76354694001012,-9.763546940010123
2023-11-29,arx_lag1_7_route,hormuz_tanker_transits,fold_12,48.0,57.85496105033035,-9.854961050330353
2023-11-30,arx_lag1_7_route,hormuz_tanker_transits,fold_12,47.0,58.003038079168704,-11.003038079168704
2023-12-01,arx_lag1_7_route,hormuz_tanker_transits,fold_12,34.0,59.58110644798663,-25.581106447986627
2023-12-02,arx_lag1_7_route,hormuz_tanker_transits,fold_12,32.0,60.78418235215797,-28.78418235215797
2023-12-03,arx_lag1_7_route,hormuz_tanker_transits,fold_12,68.0,61.11542028484639,6.884579715153613
2023-12-04,arx_lag1_7_route,hormuz_tanker_transits,fold_12,61.0,59.46591038263906,1.5340896173609408
2023-12-05,arx_lag1_7_route,hormuz_tanker_transits,fold_12,63.0,58.71546403511159,4.284535964888413
2023-12-06,arx_lag1_7_route,hormuz_tanker_transits,fold_12,61.0,58.02572450471587,2.9742754952841324
2023-12-07,arx_lag1_7_route,hormuz_tanker_transits,fold_12,57.0,59.1834595263618,-2.1834595263618013
2023-12-08,arx_lag1_7_route,hormuz_tanker_transits,fold_12,30.0,58.992935392079744,-28.992935392079744
2023-12-09,arx_lag1_7_route,hormuz_tanker_transits,fold_12,39.0,60.614161096956984,-21.614161096956984
2023-12-10,arx_lag1_7_route,hormuz_tanker_transits,fold_12,56.0,60.062428846281875,-4.062428846281875
2023-12-11,arx_lag1_7_route,hormuz_tanker_transits,fold_12,52.0,59.38289326680386,-7.382893266803862
2023-12-12,arx_lag1_7_route,hormuz_tanker_transits,fold_12,58.0,59.43915649408833,-1.43915649408833
2023-12-13,arx_lag1_7_route,hormuz_tanker_transits,fold_12,41.0,58.92253160509783,-17.92253160509783
2023-12-14,arx_lag1_7_route,hormuz_tanker_transits,fold_12,41.0,59.530801533288574,-18.530801533288574
2023-12-15,arx_lag1_7_route,hormuz_tanker_transits,fold_12,53.0,61.635862656797535,-8.635862656797535
2023-12-16,arx_lag1_7_route,hormuz_tanker_transits,fold_12,26.0,62.05843022515653,-36.05843022515653
2023-12-17,arx_lag1_7_route,hormuz_tanker_transits,fold_12,36.0,60.120204264647036,-24.120204264647036
2023-12-18,arx_lag1_7_route,hormuz_tanker_transits,fold_12,42.0,58.69128931259095,-16.691289312590953
2023-12-19,arx_lag1_7_route,hormuz_tanker_transits,fold_12,39.0,57.06443066643945,-18.06443066643945
2023-12-20,arx_lag1_7_route,hormuz_tanker_transits,fold_12,56.0,57.40125696246126,-1.401256962461261
2023-12-21,arx_lag1_7_route,hormuz_tanker_transits,fold_12,38.0,58.68154998199078,-20.681549981990777
2023-12-22,arx_lag1_7_route,hormuz_tanker_transits,fold_12,35.0,60.658397190724656,-25.658397190724656
2023-12-23,arx_lag1_7_route,hormuz_tanker_transits,fold_12,64.0,61.406298215861256,2.5937017841387444
2023-12-24,arx_lag1_7_route,hormuz_tanker_transits,fold_12,47.0,61.94712909967422,-14.947129099674221
2023-12-25,arx_lag1_7_route,hormuz_tanker_transits,fold_12,58.0,58.83935456668801,-0.8393545666880087
2023-12-26,arx_lag1_7_route,hormuz_tanker_transits,fold_12,45.0,56.94778060513129,-11.947780605131292
2023-12-27,arx_lag1_7_route,hormuz_tanker_transits,fold_13,58.0,51.750541642632044,6.249458357367956
2023-12-28,arx_lag1_7_route,hormuz_tanker_transits,fold_13,64.0,55.66354112389345,8.336458876106548
2023-12-29,arx_lag1_7_route,hormuz_tanker_transits,fold_13,36.0,55.80200965393696,-19.802009653936963
2023-12-30,arx_lag1_7_route,hormuz_tanker_transits,fold_13,36.0,58.184239152761364,-22.184239152761364
2023-12-31,arx_lag1_7_route,hormuz_tanker_transits,fold_13,50.0,59.125117749535846,-9.125117749535846
2024-01-01,arx_lag1_7_route,hormuz_tanker_transits,fold_13,52.0,58.03522205830178,-6.035222058301777
2024-01-02,arx_lag1_7_route,hormuz_tanker_transits,fold_13,57.0,55.7446036931594,1.255396306840602
2024-01-03,arx_lag1_7_route,hormuz_tanker_transits,fold_13,44.0,56.443558686482945,-12.443558686482945
2024-01-04,arx_lag1_7_route,hormuz_tanker_transits,fold_13,52.0,57.394755504576274,-5.394755504576274
2024-01-05,arx_lag1_7_route,hormuz_tanker_transits,fold_13,63.0,58.053203061482606,4.946796938517394
2024-01-06,arx_lag1_7_route,hormuz_tanker_transits,fold_13,57.0,58.622218990154636,-1.6222189901546358
2024-01-07,arx_lag1_7_route,hormuz_tanker_transits,fold_13,49.0,58.07695132592723,-9.076951325927233
2024-01-08,arx_lag1_7_route,hormuz_tanker_transits,fold_13,49.0,55.950333491983955,-6.950333491983955
2024-01-09,arx_lag1_7_route,hormuz_tanker_transits,fold_13,40.0,52.745439183130145,-12.745439183130145
2024-01-10,arx_lag1_7_route,hormuz_tanker_transits,fold_13,44.0,54.45508777747548,-10.455087777475477
2024-01-11,arx_lag1_7_route,hormuz_tanker_transits,fold_13,62.0,56.28004355802216,5.719956441977843
2024-01-12,arx_lag1_7_route,hormuz_tanker_transits,fold_13,58.0,58.57690840177261,-0.5769084017726129
2024-01-13,arx_lag1_7_route,hormuz_tanker_transits,fold_13,52.0,58.820189710447146,-6.820189710447146
2024-01-14,arx_lag1_7_route,hormuz_tanker_transits,fold_13,61.0,58.52202086594591,2.477979134054088
2024-01-15,arx_lag1_7_route,hormuz_tanker_transits,fold_13,80.0,57.75119991215871,22.24880008784129
2024-01-16,arx_lag1_7_route,hormuz_tanker_transits,fold_13,64.0,57.09384705530689,6.906152944693112
2024-01-17,arx_lag1_7_route,hormuz_tanker_transits,fold_13,55.0,55.38467937823966,-0.38467937823966025
2024-01-18,arx_lag1_7_route,hormuz_tanker_transits,fold_13,49.0,55.921418220216815,-6.921418220216815
2024-01-19,arx_lag1_7_route,hormuz_tanker_transits,fold_13,44.0,57.15733618171365,-13.157336181713653
2024-01-20,arx_lag1_7_route,hormuz_tanker_transits,fold_13,59.0,58.93408204870684,0.0659179512931587
2024-01-21,arx_lag1_7_route,hormuz_tanker_transits,fold_13,56.0,58.33379630873893,-2.3337963087389326
2024-01-22,arx_lag1_7_route,hormuz_tanker_transits,fold_13,52.0,56.708685940284035,-4.708685940284035
2024-01-23,arx_lag1_7_route,hormuz_tanker_transits,fold_13,57.0,55.12371189649204,1.8762881035079602
2024-01-24,arx_lag1_7_route,hormuz_tanker_transits,fold_13,64.0,54.95115171337867,9.048848286621329
2024-01-25,arx_lag1_7_route,hormuz_tanker_transits,fold_13,39.0,54.754123493417346,-15.754123493417346
2024-01-26,arx_lag1_7_route,hormuz_tanker_transits,fold_14,61.0,48.55446027326312,12.445539726736882
2024-01-27,arx_lag1_7_route,hormuz_tanker_transits,fold_14,47.0,54.12142156685602,-7.1214215668560215
2024-01-28,arx_lag1_7_route,hormuz_tanker_transits,fold_14,44.0,57.26660568201937,-13.266605682019367
2024-01-29,arx_lag1_7_route,hormuz_tanker_transits,fold_14,40.0,55.608282361976315,-15.608282361976315
2024-01-30,arx_lag1_7_route,hormuz_tanker_transits,fold_14,43.0,58.06272116314839,-15.062721163148389
2024-01-31,arx_lag1_7_route,hormuz_tanker_transits,fold_14,58.0,57.87722738697915,0.12277261302084952
2024-02-01,arx_lag1_7_route,hormuz_tanker_transits,fold_14,55.0,54.29791431507802,0.7020856849219825
2024-02-02,arx_lag1_7_route,hormuz_tanker_transits,fold_14,44.0,55.354206625781565,-11.354206625781565
2024-02-03,arx_lag1_7_route,hormuz_tanker_transits,fold_14,38.0,55.85020936358809,-17.850209363588093
2024-02-04,arx_lag1_7_route,hormuz_tanker_transits,fold_14,40.0,54.17461851568554,-14.174618515685538
2024-02-05,arx_lag1_7_route,hormuz_tanker_transits,fold_14,51.0,57.018998117506925,-6.018998117506925
2024-02-06,arx_lag1_7_route,hormuz_tanker_transits,fold_14,31.0,56.00458616287174,-25.00458616287174
2024-02-07,arx_lag1_7_route,hormuz_tanker_transits,fold_14,54.0,56.64674450588159,-2.6467445058815926
2024-02-08,arx_lag1_7_route,hormuz_tanker_transits,fold_14,58.0,54.55568141921429,3.444318580785712
2024-02-09,arx_lag1_7_route,hormuz_tanker_transits,fold_14,44.0,56.94371757224573,-12.943717572245731
2024-02-10,arx_lag1_7_route,hormuz_tanker_transits,fold_14,56.0,57.476046371429554,-1.476046371429554
2024-02-11,arx_lag1_7_route,hormuz_tanker_transits,fold_14,57.0,56.3396082320023,0.6603917679977016
2024-02-12,arx_lag1_7_route,hormuz_tanker_transits,fold_14,56.0,56.10543779152389,-0.10543779152389021
2024-02-13,arx_lag1_7_route,hormuz_tanker_transits,fold_14,46.0,55.41909886245929,-9.419098862459293
2024-02-14,arx_lag1_7_route,hormuz_tanker_transits,fold_14,54.0,56.07249001245256,-2.072490012452562
2024-02-15,arx_lag1_7_route,hormuz_tanker_transits,fold_14,62.0,59.160760750145585,2.8392392498544154
2024-02-16,arx_lag1_7_route,hormuz_tanker_transits,fold_14,65.0,58.096435094442164,6.903564905557836
2024-02-17,arx_lag1_7_route,hormuz_tanker_transits,fold_14,38.0,57.17596129173173,-19.17596129173173
2024-02-18,arx_lag1_7_route,hormuz_tanker_transits,fold_14,44.0,58.01376919951844,-14.013769199518443
2024-02-19,arx_lag1_7_route,hormuz_tanker_transits,fold_14,44.0,57.361904611647255,-13.361904611647255
2024-02-20,arx_lag1_7_route,hormuz_tanker_transits,fold_14,42.0,56.11302399763672,-14.113023997636724
2024-02-21,arx_lag1_7_route,hormuz_tanker_transits,fold_14,48.0,56.224362202249694,-8.224362202249694
2024-02-22,arx_lag1_7_route,hormuz_tanker_transits,fold_14,38.0,57.47131863361883,-19.47131863361883
2024-02-23,arx_lag1_7_route,hormuz_tanker_transits,fold_14,36.0,57.19545734019422,-21.195457340194217
2024-02-24,arx_lag1_7_route,hormuz_tanker_transits,fold_14,58.0,57.48393207983635,0.5160679201636498
2024-02-25,arx_lag1_7_route,hormuz_tanker_transits,fold_15,44.0,56.72675103282447,-12.726751032824467
2024-02-26,arx_lag1_7_route,hormuz_tanker_transits,fold_15,53.0,53.95962481900446,-0.9596248190044605
2024-02-27,arx_lag1_7_route,hormuz_tanker_transits,fold_15,49.0,52.827214912598656,-3.827214912598656
2024-02-28,arx_lag1_7_route,hormuz_tanker_transits,fold_15,52.0,52.11788674542874,-0.11788674542874134
2024-02-29,arx_lag1_7_route,hormuz_tanker_transits,fold_15,45.0,53.597928714552026,-8.597928714552026
2024-03-01,arx_lag1_7_route,hormuz_tanker_transits,fold_15,48.0,51.91929539225236,-3.9192953922523586
2024-03-02,arx_lag1_7_route,hormuz_tanker_transits,fold_15,42.0,54.68482394082968,-12.68482394082968
2024-03-03,arx_lag1_7_route,hormuz_tanker_transits,fold_15,69.0,53.979197152970244,15.020802847029756
2024-03-04,arx_lag1_7_route,hormuz_tanker_transits,fold_15,72.0,55.76805903361514,16.23194096638486
2024-03-05,arx_lag1_7_route,hormuz_tanker_transits,fold_15,53.0,55.758899241728834,-2.758899241728834
2024-03-06,arx_lag1_7_route,hormuz_tanker_transits,fold_15,35.0,56.08404699225174,-21.084046992251743
2024-03-07,arx_lag1_7_route,hormuz_tanker_transits,fold_15,50.0,57.06024431493124,-7.060244314931239
2024-03-08,arx_lag1_7_route,hormuz_tanker_transits,fold_15,67.0,57.24425939875862,9.755740601241378
2024-03-09,arx_lag1_7_route,hormuz_tanker_transits,fold_15,43.0,57.82142594244162,-14.821425942441621
2024-03-10,arx_lag1_7_route,hormuz_tanker_transits,fold_15,45.0,56.174251476881146,-11.174251476881146
2024-03-11,arx_lag1_7_route,hormuz_tanker_transits,fold_15,69.0,56.01528279219411,12.984717207805893
2024-03-12,arx_lag1_7_route,hormuz_tanker_transits,fold_15,79.0,55.992964102953366,23.007035897046634
2024-03-13,arx_lag1_7_route,hormuz_tanker_transits,fold_15,52.0,53.20253013813163,-1.2025301381316282
2024-03-14,arx_lag1_7_route,hormuz_tanker_transits,fold_15,45.0,60.05069898942888,-15.05069898942888
2024-03-15,arx_lag1_7_route,hormuz_tanker_transits,fold_15,70.0,57.68594976388858,12.31405023611142
2024-03-16,arx_lag1_7_route,hormuz_tanker_transits,fold_15,89.0,58.64296197763224,30.35703802236776
2024-03-17,arx_lag1_7_route,hormuz_tanker_transits,fold_15,82.0,56.991691337643815,25.008308662356185
2024-03-18,arx_lag1_7_route,hormuz_tanker_transits,fold_15,69.0,57.52282580234452,11.47717419765548
2024-03-19,arx_lag1_7_route,hormuz_tanker_transits,fold_15,53.0,54.87512202206765,-1.87512202206765
2024-03-20,arx_lag1_7_route,hormuz_tanker_transits,fold_15,60.0,55.92677839819839,4.073221601801613
2024-03-21,arx_lag1_7_route,hormuz_tanker_transits,fold_15,62.0,57.37928004148973,4.620719958510271
2024-03-22,arx_lag1_7_route,hormuz_tanker_transits,fold_15,70.0,57.574992919529016,12.425007080470984
2024-03-23,arx_lag1_7_route,hormuz_tanker_transits,fold_15,64.0,58.5523630167422,5.4476369832578015
2024-03-24,arx_lag1_7_route,hormuz_tanker_transits,fold_15,69.0,57.884699333728264,11.115300666271736
2024-03-25,arx_lag1_7_route,hormuz_tanker_transits,fold_15,65.0,55.981620850755945,9.018379149244055
2024-03-26,arx_lag1_7_route,hormuz_tanker_transits,fold_16,57.0,58.49840326707639,-1.498403267076391
2024-03-27,arx_lag1_7_route,hormuz_tanker_transits,fold_16,65.0,58.37133781052011,6.62866218947989
2024-03-28,arx_lag1_7_route,hormuz_tanker_transits,fold_16,65.0,60.03123030828884,4.9687696917111595
2024-03-29,arx_lag1_7_route,hormuz_tanker_transits,fold_16,80.0,60.85276137478559,19.147238625214413
2024-03-30,arx_lag1_7_route,hormuz_tanker_transits,fold_16,65.0,59.12769813967184,5.872301860328157
2024-03-31,arx_lag1_7_route,hormuz_tanker_transits,fold_16,85.0,59.74119664364515,25.258803356354854
2024-04-01,arx_lag1_7_route,hormuz_tanker_transits,fold_16,69.0,59.89939644712736,9.100603552872641
2024-04-02,arx_lag1_7_route,hormuz_tanker_transits,fold_16,54.0,58.585726623123705,-4.585726623123705
2024-04-03,arx_lag1_7_route,hormuz_tanker_transits,fold_16,59.0,58.090960451451835,0.909039548548165
2024-04-04,arx_lag1_7_route,hormuz_tanker_transits,fold_16,58.0,59.313711258609004,-1.313711258609004
2024-04-05,arx_lag1_7_route,hormuz_tanker_transits,fold_16,53.0,60.99721758717121,-7.997217587171207
2024-04-06,arx_lag1_7_route,hormuz_tanker_transits,fold_16,77.0,58.81031572481636,18.189684275183637
2024-04-07,arx_lag1_7_route,hormuz_tanker_transits,fold_16,57.0,57.92445619734712,-0.9244561973471193
2024-04-08,arx_lag1_7_route,hormuz_tanker_transits,fold_16,77.0,59.29268587153218,17.70731412846782
2024-04-09,arx_lag1_7_route,hormuz_tanker_transits,fold_16,70.0,58.4364955125142,11.563504487485801
2024-04-10,arx_lag1_7_route,hormuz_tanker_transits,fold_16,76.0,57.58592779992458,18.414072200075417
2024-04-11,arx_lag1_7_route,hormuz_tanker_transits,fold_16,73.0,56.264872997966236,16.735127002033764
2024-04-12,arx_lag1_7_route,hormuz_tanker_transits,fold_16,45.0,57.08010690898432,-12.08010690898432
2024-04-13,arx_lag1_7_route,hormuz_tanker_transits,fold_16,75.0,57.46726805463014,17.53273194536986
2024-04-14,arx_lag1_7_route,hormuz_tanker_transits,fold_16,76.0,59.503397112601796,16.496602887398204
2024-04-15,arx_lag1_7_route,hormuz_tanker_transits,fold_16,65.0,55.28824124571425,9.711758754285754
2024-04-16,arx_lag1_7_route,hormuz_tanker_transits,fold_16,55.0,56.46399014797154,-1.4639901479715434
2024-04-17,arx_lag1_7_route,hormuz_tanker_transits,fold_16,50.0,56.42164363651699,-6.42164363651699
2024-04-18,arx_lag1_7_route,hormuz_tanker_transits,fold_16,62.0,57.46577665365781,4.534223346342188
2024-04-19,arx_lag1_7_route,hormuz_tanker_transits,fold_16,49.0,61.56614222789195,-12.566142227891952
2024-04-20,arx_lag1_7_route,hormuz_tanker_transits,fold_16,76.0,60.21900045733465,15.780999542665349
2024-04-21,arx_lag1_7_route,hormuz_tanker_transits,fold_16,77.0,62.10460853518141,14.895391464818587
2024-04-22,arx_lag1_7_route,hormuz_tanker_transits,fold_16,71.0,58.277716955237736,12.722283044762264
2024-04-23,arx_lag1_7_route,hormuz_tanker_transits,fold_16,84.0,60.46683432364526,23.53316567635474
2024-04-24,arx_lag1_7_route,hormuz_tanker_transits,fold_16,62.0,58.10142419920843,3.898575800791569
2024-04-25,arx_lag1_7_route,hormuz_tanker_transits,fold_17,46.0,61.322785167739745,-15.322785167739745
2024-04-26,arx_lag1_7_route,hormuz_tanker_transits,fold_17,61.0,59.04743301590896,1.9525669840910425
2024-04-27,arx_lag1_7_route,hormuz_tanker_transits,fold_17,79.0,62.041128817574844,16.958871182425156
2024-04-28,arx_lag1_7_route,hormuz_tanker_transits,fold_17,53.0,61.83777251648232,-8.837772516482318
2024-04-29,arx_lag1_7_route,hormuz_tanker_transits,fold_17,54.0,61.53659154933147,-7.536591549331469
2024-04-30,arx_lag1_7_route,hormuz_tanker_transits,fold_17,83.0,60.99860862833483,22.00139137166517
2024-05-01,arx_lag1_7_route,hormuz_tanker_transits,fold_17,57.0,58.35648265139218,-1.3564826513921773
2024-05-02,arx_lag1_7_route,hormuz_tanker_transits,fold_17,48.0,59.92530564098396,-11.925305640983957
2024-05-03,arx_lag1_7_route,hormuz_tanker_transits,fold_17,57.0,58.72856396617985,-1.7285639661798484
2024-05-04,arx_lag1_7_route,hormuz_tanker_transits,fold_17,74.0,59.47452635018939,14.525473649810607
2024-05-05,arx_lag1_7_route,hormuz_tanker_transits,fold_17,76.0,61.01303992474984,14.98696007525016
2024-05-06,arx_lag1_7_route,hormuz_tanker_transits,fold_17,74.0,60.749849790854505,13.250150209145495
2024-05-07,arx_lag1_7_route,hormuz_tanker_transits,fold_17,78.0,58.357772344287646,19.642227655712354
2024-05-08,arx_lag1_7_route,hormuz_tanker_transits,fold_17,51.0,56.37313364219058,-5.373133642190581
2024-05-09,arx_lag1_7_route,hormuz_tanker_transits,fold_17,72.0,60.36715923088976,11.632840769110238
2024-05-10,arx_lag1_7_route,hormuz_tanker_transits,fold_17,52.0,55.23097013191176,-3.2309701319117607
2024-05-11,arx_lag1_7_route,hormuz_tanker_transits,fold_17,58.0,59.34955989762405,-1.3495598976240473
2024-05-12,arx_lag1_7_route,hormuz_tanker_transits,fold_17,68.0,58.80662037362014,9.193379626379858
2024-05-13,arx_lag1_7_route,hormuz_tanker_transits,fold_17,92.0,57.24519218842899,34.75480781157101
2024-05-14,arx_lag1_7_route,hormuz_tanker_transits,fold_17,66.0,57.96987800583367,8.030121994166329
2024-05-15,arx_lag1_7_route,hormuz_tanker_transits,fold_17,79.0,57.166515269348395,21.833484730651605
2024-05-16,arx_lag1_7_route,hormuz_tanker_transits,fold_17,79.0,58.40289336659426,20.597106633405737
2024-05-17,arx_lag1_7_route,hormuz_tanker_transits,fold_17,73.0,60.05196689233631,12.94803310766369
2024-05-18,arx_lag1_7_route,hormuz_tanker_transits,fold_17,41.0,60.02224615409261,-19.022246154092613
2024-05-19,arx_lag1_7_route,hormuz_tanker_transits,fold_17,72.0,61.552506040861296,10.447493959138704
2024-05-20,arx_lag1_7_route,hormuz_tanker_transits,fold_17,49.0,59.23790561780856,-10.237905617808558
2024-05-21,arx_lag1_7_route,hormuz_tanker_transits,fold_17,76.0,57.961510126244804,18.038489873755196
2024-05-22,arx_lag1_7_route,hormuz_tanker_transits,fold_17,68.0,58.86440060149441,9.13559939850559
2024-05-23,arx_lag1_7_route,hormuz_tanker_transits,fold_17,80.0,59.54971278521373,20.45028721478627
2024-05-24,arx_lag1_7_route,hormuz_tanker_transits,fold_17,59.0,59.8366069083315,-0.8366069083314969
2024-05-25,arx_lag1_7_route,hormuz_tanker_transits,fold_18,59.0,56.9612382738115,2.038761726188497
2024-05-26,arx_lag1_7_route,hormuz_tanker_transits,fold_18,85.0,59.26371771350023,25.736282286499772
2024-05-27,arx_lag1_7_route,hormuz_tanker_transits,fold_18,81.0,58.15013195812102,22.849868041878977
2024-05-28,arx_lag1_7_route,hormuz_tanker_transits,fold_18,83.0,59.330317095775776,23.669682904224224
2024-05-29,arx_lag1_7_route,hormuz_tanker_transits,fold_18,74.0,61.53803012842725,12.461969871572748
2024-05-30,arx_lag1_7_route,hormuz_tanker_transits,fold_18,50.0,63.47568140506218,-13.475681405062183
2024-05-31,arx_lag1_7_route,hormuz_tanker_transits,fold_18,64.0,63.972753402335286,0.027246597664714045
2024-06-01,arx_lag1_7_route,hormuz_tanker_transits,fold_18,54.0,60.852885592536424,-6.852885592536424
2024-06-02,arx_lag1_7_route,hormuz_tanker_transits,fold_18,94.0,60.484075397800275,33.515924602199725
2024-06-03,arx_lag1_7_route,hormuz_tanker_transits,fold_18,78.0,60.08690566140072,17.91309433859928
2024-06-04,arx_lag1_7_route,hormuz_tanker_transits,fold_18,79.0,59.956892681704126,19.043107318295874
2024-06-05,arx_lag1_7_route,hormuz_tanker_transits,fold_18,55.0,60.610868517860794,-5.610868517860794
2024-06-06,arx_lag1_7_route,hormuz_tanker_transits,fold_18,49.0,61.91431183488847,-12.914311834888473
2024-06-07,arx_lag1_7_route,hormuz_tanker_transits,fold_18,52.0,62.04451953151326,-10.04451953151326
2024-06-08,arx_lag1_7_route,hormuz_tanker_transits,fold_18,57.0,60.61670706215352,-3.616707062153523
2024-06-09,arx_lag1_7_route,hormuz_tanker_transits,fold_18,48.0,59.99495558491425,-11.994955584914251
2024-06-10,arx_lag1_7_route,hormuz_tanker_transits,fold_18,73.0,60.9118218750478,12.0881781249522
2024-06-11,arx_lag1_7_route,hormuz_tanker_transits,fold_18,54.0,58.08932962616059,-4.089329626160591
2024-06-12,arx_lag1_7_route,hormuz_tanker_transits,fold_18,46.0,60.71387779287107,-14.713877792871067
2024-06-13,arx_lag1_7_route,hormuz_tanker_transits,fold_18,48.0,60.20676094548051,-12.20676094548051
2024-06-14,arx_lag1_7_route,hormuz_tanker_transits,fold_18,68.0,59.25610587823822,8.743894121761777
2024-06-15,arx_lag1_7_route,hormuz_tanker_transits,fold_18,76.0,60.7545521683299,15.245447831670099
2024-06-16,arx_lag1_7_route,hormuz_tanker_transits,fold_18,73.0,59.111619521528176,13.888380478471824
2024-06-17,arx_lag1_7_route,hormuz_tanker_transits,fold_18,75.0,60.56718138876212,14.432818611237877
2024-06-18,arx_lag1_7_route,hormuz_tanker_transits,fold_18,49.0,59.49985545432278,-10.499855454322777
2024-06-19,arx_lag1_7_route,hormuz_tanker_transits,fold_18,81.0,57.51838422578221,23.481615774217786
2024-06-20,arx_lag1_7_route,hormuz_tanker_transits,fold_18,53.0,58.641030833165765,-5.641030833165765
2024-06-21,arx_lag1_7_route,hormuz_tanker_transits,fold_18,62.0,58.6620245285457,3.3379754714542997
2024-06-22,arx_lag1_7_route,hormuz_tanker_transits,fold_18,70.0,60.61613251714649,9.38386748285351
2024-06-23,arx_lag1_7_route,hormuz_tanker_transits,fold_18,67.0,60.67121286309719,6.328787136902811
2024-06-24,arx_lag1_7_route,hormuz_tanker_transits,fold_19,76.0,62.82699432812176,13.173005671878236
2024-06-25,arx_lag1_7_route,hormuz_tanker_transits,fold_19,67.0,55.96265310507259,11.03734689492741
2024-06-26,arx_lag1_7_route,hormuz_tanker_transits,fold_19,73.0,63.09464828510235,9.905351714897648
2024-06-27,arx_lag1_7_route,hormuz_tanker_transits,fold_19,90.0,63.08595481184967,26.914045188150332
2024-06-28,arx_lag1_7_route,hormuz_tanker_transits,fold_19,76.0,62.222890786075446,13.777109213924554
2024-06-29,arx_lag1_7_route,hormuz_tanker_transits,fold_19,49.0,62.775761057675425,-13.775761057675425
2024-06-30,arx_lag1_7_route,hormuz_tanker_transits,fold_19,61.0,66.67283952180124,-5.672839521801237
2024-07-01,arx_lag1_7_route,hormuz_tanker_transits,fold_19,45.0,62.48920024547236,-17.48920024547236
2024-07-02,arx_lag1_7_route,hormuz_tanker_transits,fold_19,47.0,59.92094399594262,-12.920943995942622
2024-07-03,arx_lag1_7_route,hormuz_tanker_transits,fold_19,77.0,59.38037823595709,17.61962176404291
2024-07-04,arx_lag1_7_route,hormuz_tanker_transits,fold_19,89.0,61.02344356536412,27.97655643463588
2024-07-05,arx_lag1_7_route,hormuz_tanker_transits,fold_19,66.0,61.7826271695605,4.217372830439501
2024-07-06,arx_lag1_7_route,hormuz_tanker_transits,fold_19,73.0,62.39649355909038,10.60350644090962
2024-07-07,arx_lag1_7_route,hormuz_tanker_transits,fold_19,85.0,61.031342794817554,23.968657205182446
2024-07-08,arx_lag1_7_route,hormuz_tanker_transits,fold_19,79.0,62.591657573686845,16.408342426313155
2024-07-09,arx_lag1_7_route,hormuz_tanker_transits,fold_19,91.0,58.2026271990023,32.7973728009977
2024-07-10,arx_lag1_7_route,hormuz_tanker_transits,fold_19,75.0,59.89479914045271,15.105200859547288
2024-07-11,arx_lag1_7_route,hormuz_tanker_transits,fold_19,80.0,61.00250968524417,18.99749031475583
2024-07-12,arx_lag1_7_route,hormuz_tanker_transits,fold_19,74.0,61.81836306530505,12.18163693469495
2024-07-13,arx_lag1_7_route,hormuz_tanker_transits,fold_19,72.0,61.54066312008082,10.459336879919178
2024-07-14,arx_lag1_7_route,hormuz_tanker_transits,fold_19,82.0,61.37505635650788,20.624943643492117
2024-07-15,arx_lag1_7_route,hormuz_tanker_transits,fold_19,81.0,62.0006499992235,18.999350000776502
2024-07-16,arx_lag1_7_route,hormuz_tanker_transits,fold_19,84.0,58.959305686540844,25.040694313459156
2024-07-17,arx_lag1_7_route,hormuz_tanker_transits,fold_19,78.0,61.81401668076424,16.18598331923576
2024-07-18,arx_lag1_7_route,hormuz_tanker_transits,fold_19,40.0,58.73761038994522,-18.737610389945218
2024-07-19,arx_lag1_7_route,hormuz_tanker_transits,fold_19,62.0,61.24490900211318,0.7550909978868177
2024-07-20,arx_lag1_7_route,hormuz_tanker_transits,fold_19,66.0,63.106508420207675,2.8934915797923253
2024-07-21,arx_lag1_7_route,hormuz_tanker_transits,fold_19,73.0,62.56805896835946,10.431941031640541
2024-07-22,arx_lag1_7_route,hormuz_tanker_transits,fold_19,54.0,60.73824792142012,-6.738247921420118
2024-07-23,arx_lag1_7_route,hormuz_tanker_transits,fold_19,54.0,61.136305322269415,-7.136305322269415
2024-07-24,arx_lag1_7_route,hormuz_tanker_transits,fold_20,51.0,60.048380302239494,-9.048380302239494
2024-07-25,arx_lag1_7_route,hormuz_tanker_transits,fold_20,71.0,59.41378194205094,11.586218057949061
2024-07-26,arx_lag1_7_route,hormuz_tanker_transits,fold_20,58.0,62.06171620783646,-4.0617162078364615
2024-07-27,arx_lag1_7_route,hormuz_tanker_transits,fold_20,67.0,63.940065023650064,3.059934976349936
2024-07-28,arx_lag1_7_route,hormuz_tanker_transits,fold_20,64.0,62.48227693073259,1.5177230692674115
2024-07-29,arx_lag1_7_route,hormuz_tanker_transits,fold_20,78.0,59.16265581753351,18.837344182466488
2024-07-30,arx_lag1_7_route,hormuz_tanker_transits,fold_20,68.0,58.12294807582734,9.877051924172662
2024-07-31,arx_lag1_7_route,hormuz_tanker_transits,fold_20,76.0,59.51066922885954,16.48933077114046
2024-08-01,arx_lag1_7_route,hormuz_tanker_transits,fold_20,61.0,58.106910786157414,2.893089213842586
2024-08-02,arx_lag1_7_route,hormuz_tanker_transits,fold_20,59.0,61.752434068770036,-2.752434068770036
2024-08-03,arx_lag1_7_route,hormuz_tanker_transits,fold_20,50.0,59.50180933759825,-9.501809337598253
2024-08-04,arx_lag1_7_route,hormuz_tanker_transits,fold_20,68.0,59.595905074741445,8.404094925258555
2024-08-05,arx_lag1_7_route,hormuz_tanker_transits,fold_20,58.0,62.13673417122534,-4.136734171225342
2024-08-06,arx_lag1_7_route,hormuz_tanker_transits,fold_20,50.0,59.76268362360115,-9.762683623601148
2024-08-07,arx_lag1_7_route,hormuz_tanker_transits,fold_20,39.0,61.00873751791959,-22.00873751791959
2024-08-08,arx_lag1_7_route,hormuz_tanker_transits,fold_20,66.0,59.10975855600314,6.890241443996857
2024-08-09,arx_lag1_7_route,hormuz_tanker_transits,fold_20,65.0,60.204723628108056,4.795276371891944
2024-08-10,arx_lag1_7_route,hormuz_tanker_transits,fold_20,51.0,62.74564931374979,-11.745649313749787
2024-08-11,arx_lag1_7_route,hormuz_tanker_transits,fold_20,70.0,61.56453249269681,8.435467507303187
2024-08-12,arx_lag1_7_route,hormuz_tanker_transits,fold_20,78.0,60.76379016674445,17.23620983325555
2024-08-13,arx_lag1_7_route,hormuz_tanker_transits,fold_20,47.0,60.817077687753496,-13.817077687753496
2024-08-14,arx_lag1_7_route,hormuz_tanker_transits,fold_20,40.0,60.6347787416951,-20.6347787416951
2024-08-15,arx_lag1_7_route,hormuz_tanker_transits,fold_20,30.0,60.3685209072307,-30.368520907230703
2024-08-16,arx_lag1_7_route,hormuz_tanker_transits,fold_20,39.0,63.47783337218907,-24.477833372189068
2024-08-17,arx_lag1_7_route,hormuz_tanker_transits,fold_20,48.0,64.15464976660417,-16.154649766604166
2024-08-18,arx_lag1_7_route,hormuz_tanker_transits,fold_20,45.0,62.73295979510879,-17.73295979510879
2024-08-19,arx_lag1_7_route,hormuz_tanker_transits,fold_20,42.0,60.19861955375956,-18.198619553759563
2024-08-20,arx_lag1_7_route,hormuz_tanker_transits,fold_20,39.0,61.0936739288637,-22.0936739288637
2024-08-21,arx_lag1_7_route,hormuz_tanker_transits,fold_20,47.0,56.342771341241146,-9.342771341241146
2024-08-22,arx_lag1_7_route,hormuz_tanker_transits,fold_20,49.0,60.552516571538455,-11.552516571538455
2024-08-23,arx_lag1_7_route,hormuz_tanker_transits,fold_21,46.0,52.75950467313803,-6.759504673138032
2024-08-24,arx_lag1_7_route,hormuz_tanker_transits,fold_21,66.0,57.162018024757266,8.837981975242734
2024-08-25,arx_lag1_7_route,hormuz_tanker_transits,fold_21,69.0,58.93867595185359,10.06132404814641
2024-08-26,arx_lag1_7_route,hormuz_tanker_transits,fold_21,80.0,59.496358503691404,20.503641496308596
2024-08-27,arx_lag1_7_route,hormuz_tanker_transits,fold_21,67.0,59.02728866354487,7.972711336455127
2024-08-28,arx_lag1_7_route,hormuz_tanker_transits,fold_21,50.0,58.62650500182761,-8.62650500182761
2024-08-29,arx_lag1_7_route,hormuz_tanker_transits,fold_21,64.0,60.05534029495005,3.9446597050499506
2024-08-30,arx_lag1_7_route,hormuz_tanker_transits,fold_21,57.0,59.840253937605326,-2.8402539376053255
2024-08-31,arx_lag1_7_route,hormuz_tanker_transits,fold_21,64.0,59.176486762490356,4.823513237509644
2024-09-01,arx_lag1_7_route,hormuz_tanker_transits,fold_21,53.0,62.55570019827449,-9.555700198274486
2024-09-02,arx_lag1_7_route,hormuz_tanker_transits,fold_21,67.0,62.326124740378496,4.673875259621504
2024-09-03,arx_lag1_7_route,hormuz_tanker_transits,fold_21,67.0,59.1365634999532,7.863436500046802
2024-09-04,arx_lag1_7_route,hormuz_tanker_transits,fold_21,70.0,59.625691530731515,10.374308469268485
2024-09-05,arx_lag1_7_route,hormuz_tanker_transits,fold_21,65.0,60.848367567795,4.151632432204998
2024-09-06,arx_lag1_7_route,hormuz_tanker_transits,fold_21,70.0,62.933947590316144,7.066052409683856
2024-09-07,arx_lag1_7_route,hormuz_tanker_transits,fold_21,55.0,62.19638843781344,-7.1963884378134395
2024-09-08,arx_lag1_7_route,hormuz_tanker_transits,fold_21,36.0,61.95421087937748,-25.954210879377477
2024-09-09,arx_lag1_7_route,hormuz_tanker_transits,fold_21,61.0,62.887902977022755,-1.8879029770227547
2024-09-10,arx_lag1_7_route,hormuz_tanker_transits,fold_21,76.0,62.95441607768057,13.04558392231943
2024-09-11,arx_lag1_7_route,hormuz_tanker_transits,fold_21,71.0,61.78338923106842,9.21661076893158
2024-09-12,arx_lag1_7_route,hormuz_tanker_transits,fold_21,64.0,61.491743386156664,2.5082566138433364
2024-09-13,arx_lag1_7_route,hormuz_tanker_transits,fold_21,58.0,62.59567433255427,-4.5956743325542675
2024-09-14,arx_lag1_7_route,hormuz_tanker_transits,fold_21,62.0,59.409695225710685,2.590304774289315
2024-09-15,arx_lag1_7_route,hormuz_tanker_transits,fold_21,33.0,62.08142504591226,-29.081425045912262
2024-09-16,arx_lag1_7_route,hormuz_tanker_transits,fold_21,61.0,61.75582196589422,-0.7558219658942207
2024-09-17,arx_lag1_7_route,hormuz_tanker_transits,fold_21,46.0,60.976811801351744,-14.976811801351744
2024-09-18,arx_lag1_7_route,hormuz_tanker_transits,fold_21,56.0,57.82705546352224,-1.8270554635222425
2024-09-19,arx_lag1_7_route,hormuz_tanker_transits,fold_21,66.0,57.964435859441174,8.035564140558826
2024-09-20,arx_lag1_7_route,hormuz_tanker_transits,fold_21,60.0,59.893674295785175,0.10632570421482512
2024-09-21,arx_lag1_7_route,hormuz_tanker_transits,fold_21,61.0,61.922582233318735,-0.9225822333187352
2024-09-22,arx_lag1_7_route,hormuz_tanker_transits,fold_22,53.0,59.281601754982425,-6.281601754982425
2024-09-23,arx_lag1_7_route,hormuz_tanker_transits,fold_22,54.0,59.1017171441027,-5.1017171441027
2024-09-24,arx_lag1_7_route,hormuz_tanker_transits,fold_22,56.0,60.218914214625926,-4.218914214625926
2024-09-25,arx_lag1_7_route,hormuz_tanker_transits,fold_22,40.0,58.0230408125098,-18.023040812509798
2024-09-26,arx_lag1_7_route,hormuz_tanker_transits,fold_22,50.0,59.499085750558315,-9.499085750558315
2024-09-27,arx_lag1_7_route,hormuz_tanker_transits,fold_22,43.0,59.71933140093345,-16.71933140093345
2024-09-28,arx_lag1_7_route,hormuz_tanker_transits,fold_22,44.0,61.97418010569056,-17.974180105690557
2024-09-29,arx_lag1_7_route,hormuz_tanker_transits,fold_22,52.0,61.7788564514497,-9.778856451449698
2024-09-30,arx_lag1_7_route,hormuz_tanker_transits,fold_22,40.0,63.396704614483674,-23.396704614483674
2024-10-01,arx_lag1_7_route,hormuz_tanker_transits,fold_22,45.0,62.22717935761381,-17.227179357613807
2024-10-02,arx_lag1_7_route,hormuz_tanker_transits,fold_22,59.0,59.95109378898718,-0.9510937889871798
2024-10-03,arx_lag1_7_route,hormuz_tanker_transits,fold_22,68.0,61.77862308649396,6.221376913506042
2024-10-04,arx_lag1_7_route,hormuz_tanker_transits,fold_22,58.0,62.88030757823788,-4.880307578237883
2024-10-05,arx_lag1_7_route,hormuz_tanker_transits,fold_22,48.0,60.11401692043248,-12.114016920432483
2024-10-06,arx_lag1_7_route,hormuz_tanker_transits,fold_22,34.0,59.56764438213413,-25.567644382134127
2024-10-07,arx_lag1_7_route,hormuz_tanker_transits,fold_22,63.0,59.75430615634395,3.245693843656049
2024-10-08,arx_lag1_7_route,hormuz_tanker_transits,fold_22,65.0,57.95163589697732,7.048364103022678
2024-10-09,arx_lag1_7_route,hormuz_tanker_transits,fold_22,44.0,57.6125061116775,-13.612506111677497
2024-10-10,arx_lag1_7_route,hormuz_tanker_transits,fold_22,47.0,62.190606389317566,-15.190606389317566
2024-10-11,arx_lag1_7_route,hormuz_tanker_transits,fold_22,52.0,62.64182069473771,-10.64182069473771
2024-10-12,arx_lag1_7_route,hormuz_tanker_transits,fold_22,50.0,59.97944972238731,-9.979449722387308
2024-10-13,arx_lag1_7_route,hormuz_tanker_transits,fold_22,41.0,58.81641878763352,-17.816418787633523
2024-10-14,arx_lag1_7_route,hormuz_tanker_transits,fold_22,50.0,60.84450767394382,-10.844507673943824
2024-10-15,arx_lag1_7_route,hormuz_tanker_transits,fold_22,48.0,60.75957041774895,-12.759570417748947
2024-10-16,arx_lag1_7_route,hormuz_tanker_transits,fold_22,52.0,59.19502596122677,-7.195025961226769
2024-10-17,arx_lag1_7_route,hormuz_tanker_transits,fold_22,56.0,61.601728144941525,-5.601728144941525
2024-10-18,arx_lag1_7_route,hormuz_tanker_transits,fold_22,52.0,60.66716478129451,-8.66716478129451
2024-10-19,arx_lag1_7_route,hormuz_tanker_transits,fold_22,67.0,59.273069276492244,7.726930723507756
2024-10-20,arx_lag1_7_route,hormuz_tanker_transits,fold_22,63.0,61.412047328416676,1.5879526715833236
2024-10-21,arx_lag1_7_route,hormuz_tanker_transits,fold_22,55.0,62.707336593219516,-7.707336593219516
2024-10-22,arx_lag1_7_route,hormuz_tanker_transits,fold_23,46.0,56.48128867130375,-10.481288671303751
2024-10-23,arx_lag1_7_route,hormuz_tanker_transits,fold_23,43.0,58.42360771184947,-15.42360771184947
2024-10-24,arx_lag1_7_route,hormuz_tanker_transits,fold_23,40.0,59.95928363272687,-19.959283632726873
2024-10-25,arx_lag1_7_route,hormuz_tanker_transits,fold_23,68.0,59.064584353274824,8.935415646725176
2024-10-26,arx_lag1_7_route,hormuz_tanker_transits,fold_23,46.0,59.908010149221006,-13.908010149221006
2024-10-27,arx_lag1_7_route,hormuz_tanker_transits,fold_23,61.0,60.58926273922096,0.4107372607790367
2024-10-28,arx_lag1_7_route,hormuz_tanker_transits,fold_23,48.0,59.30636135739537,-11.306361357395367
2024-10-29,arx_lag1_7_route,hormuz_tanker_transits,fold_23,42.0,58.85355322635348,-16.853553226353483
2024-10-30,arx_lag1_7_route,hormuz_tanker_transits,fold_23,45.0,58.909612282359355,-13.909612282359355
2024-10-31,arx_lag1_7_route,hormuz_tanker_transits,fold_23,29.0,60.16603676795465,-31.16603676795465
2024-11-01,arx_lag1_7_route,hormuz_tanker_transits,fold_23,55.0,59.70133064426383,-4.701330644263827
2024-11-02,arx_lag1_7_route,hormuz_tanker_transits,fold_23,51.0,59.59678436261437,-8.596784362614372
2024-11-03,arx_lag1_7_route,hormuz_tanker_transits,fold_23,59.0,61.98165920220565,-2.9816592022056483
2024-11-04,arx_lag1_7_route,hormuz_tanker_transits,fold_23,53.0,60.60473139372749,-7.604731393727491
2024-11-05,arx_lag1_7_route,hormuz_tanker_transits,fold_23,44.0,62.94112813710702,-18.94112813710702
2024-11-06,arx_lag1_7_route,hormuz_tanker_transits,fold_23,61.0,62.70323020367244,-1.7032302036724403
2024-11-07,arx_lag1_7_route,hormuz_tanker_transits,fold_23,52.0,64.21303987420823,-12.213039874208235
2024-11-08,arx_lag1_7_route,hormuz_tanker_transits,fold_23,36.0,64.30484914970532,-28.30484914970532
2024-11-09,arx_lag1_7_route,hormuz_tanker_transits,fold_23,49.0,62.689932191563244,-13.689932191563244
2024-11-10,arx_lag1_7_route,hormuz_tanker_transits,fold_23,50.0,63.280829796651176,-13.280829796651176
2024-11-11,arx_lag1_7_route,hormuz_tanker_transits,fold_23,61.0,61.0791738124926,-0.07917381249259847
2024-11-12,arx_lag1_7_route,hormuz_tanker_transits,fold_23,59.0,61.34999493602322,-2.349994936023222
2024-11-13,arx_lag1_7_route,hormuz_tanker_transits,fold_23,34.0,62.39671427418185,-28.396714274181853
2024-11-14,arx_lag1_7_route,hormuz_tanker_transits,fold_23,45.0,61.34408018089768,-16.344080180897677
2024-11-15,arx_lag1_7_route,hormuz_tanker_transits,fold_23,39.0,64.46868737712127,-25.46868737712127
2024-11-16,arx_lag1_7_route,hormuz_tanker_transits,fold_23,32.0,62.53238360058974,-30.53238360058974
2024-11-17,arx_lag1_7_route,hormuz_tanker_transits,fold_23,36.0,61.68633041783242,-25.686330417832423
2024-11-18,arx_lag1_7_route,hormuz_tanker_transits,fold_23,54.0,60.87623207925401,-6.8762320792540095
2024-11-19,arx_lag1_7_route,hormuz_tanker_transits,fold_23,37.0,61.109219071362055,-24.109219071362055
2024-11-20,arx_lag1_7_route,hormuz_tanker_transits,fold_23,39.0,58.66262359594481,-19.662623595944808
2024-11-21,arx_lag1_7_route,hormuz_tanker_transits,fold_24,32.0,48.994093285957916,-16.994093285957916
2024-11-22,arx_lag1_7_route,hormuz_tanker_transits,fold_24,43.0,54.04232484427734,-11.042324844277339
2024-11-23,arx_lag1_7_route,hormuz_tanker_transits,fold_24,48.0,53.73465334224961,-5.734653342249608
2024-11-24,arx_lag1_7_route,hormuz_tanker_transits,fold_24,33.0,54.57669151798291,-21.57669151798291
2024-11-25,arx_lag1_7_route,hormuz_tanker_transits,fold_24,38.0,56.59316223892036,-18.593162238920357
2024-11-26,arx_lag1_7_route,hormuz_tanker_transits,fold_24,32.0,56.57369033985195,-24.57369033985195
2024-11-27,arx_lag1_7_route,hormuz_tanker_transits,fold_24,34.0,53.96011464778071,-19.960114647780713
2024-11-28,arx_lag1_7_route,hormuz_tanker_transits,fold_24,41.0,56.75439266322352,-15.75439266322352
2024-11-29,arx_lag1_7_route,hormuz_tanker_transits,fold_24,50.0,57.839664171323626,-7.839664171323626
2024-11-30,arx_lag1_7_route,hormuz_tanker_transits,fold_24,32.0,60.291656087385455,-28.291656087385455
2024-12-01,arx_lag1_7_route,hormuz_tanker_transits,fold_24,39.0,61.10725267017821,-22.107252670178212
2024-12-02,arx_lag1_7_route,hormuz_tanker_transits,fold_24,47.0,61.17439666769545,-14.174396667695447
2024-12-03,arx_lag1_7_route,hormuz_tanker_transits,fold_24,21.0,62.35340185238037,-41.35340185238037
2024-12-04,arx_lag1_7_route,hormuz_tanker_transits,fold_24,40.0,59.405644749117556,-19.405644749117556
2024-12-05,arx_lag1_7_route,hormuz_tanker_transits,fold_24,30.0,59.61619767181873,-29.616197671818732
2024-12-06,arx_lag1_7_route,hormuz_tanker_transits,fold_24,25.0,60.48674687097597,-35.48674687097597
2024-12-07,arx_lag1_7_route,hormuz_tanker_transits,fold_24,33.0,61.1720534924833,-28.1720534924833
2024-12-08,arx_lag1_7_route,hormuz_tanker_transits,fold_24,26.0,63.727370349107055,-37.727370349107055
2024-12-09,arx_lag1_7_route,hormuz_tanker_transits,fold_24,32.0,60.03664591920381,-28.036645919203814
2024-12-10,arx_lag1_7_route,hormuz_tanker_transits,fold_24,36.0,58.53771945942472,-22.53771945942472
2024-12-11,arx_lag1_7_route,hormuz_tanker_transits,fold_24,39.0,60.09151245589294,-21.09151245589294
2024-12-12,arx_lag1_7_route,hormuz_tanker_transits,fold_24,51.0,58.35099728849675,-7.35099728849675
2024-12-13,arx_lag1_7_route,hormuz_tanker_transits,fold_24,34.0,61.69124367981496,-27.69124367981496
2024-12-14,arx_lag1_7_route,hormuz_tanker_transits,fold_24,34.0,61.3296191771972,-27.329619177197202
2024-12-15,arx_lag1_7_route,hormuz_tanker_transits,fold_24,41.0,62.350374839329334,-21.350374839329334
2024-12-16,arx_lag1_7_route,hormuz_tanker_transits,fold_24,49.0,60.244635979608894,-11.244635979608894
2024-12-17,arx_lag1_7_route,hormuz_tanker_transits,fold_24,38.0,60.89845471185405,-22.89845471185405
2024-12-18,arx_lag1_7_route,hormuz_tanker_transits,fold_24,21.0,60.04804226118965,-39.04804226118965
2024-12-19,arx_lag1_7_route,hormuz_tanker_transits,fold_24,42.0,59.86711630368195,-17.867116303681946
2024-12-20,arx_lag1_7_route,hormuz_tanker_transits,fold_24,54.0,64.22931533386651,-10.22931533386651
2024-12-21,arx_lag1_7_route,hormuz_tanker_transits,fold_25,38.0,53.81328780941232,-15.813287809412323
2024-12-22,arx_lag1_7_route,hormuz_tanker_transits,fold_25,38.0,55.54976876544743,-17.549768765447432
2024-12-23,arx_lag1_7_route,hormuz_tanker_transits,fold_25,34.0,56.04371835705277,-22.043718357052768
2024-12-24,arx_lag1_7_route,hormuz_tanker_transits,fold_25,31.0,55.77176640303472,-24.771766403034718
2024-12-25,arx_lag1_7_route,hormuz_tanker_transits,fold_25,31.0,52.20291506119591,-21.20291506119591
2024-12-26,arx_lag1_7_route,hormuz_tanker_transits,fold_25,35.0,54.34921950370092,-19.349219503700922
2024-12-27,arx_lag1_7_route,hormuz_tanker_transits,fold_25,38.0,56.577044366360305,-18.577044366360305
2024-12-28,arx_lag1_7_route,hormuz_tanker_transits,fold_25,45.0,57.003919133555705,-12.003919133555705
2024-12-29,arx_lag1_7_route,hormuz_tanker_transits,fold_25,45.0,57.881909211387175,-12.881909211387175
2024-12-30,arx_lag1_7_route,hormuz_tanker_transits,fold_25,27.0,59.09030667414951,-32.09030667414951
2024-12-31,arx_lag1_7_route,hormuz_tanker_transits,fold_25,35.0,58.834554869766976,-23.834554869766976
2025-01-01,arx_lag1_7_route,hormuz_tanker_transits,fold_25,51.0,56.582989114845645,-5.582989114845645
2025-01-02,arx_lag1_7_route,hormuz_tanker_transits,fold_25,26.0,57.83566717706479,-31.835667177064792
2025-01-03,arx_lag1_7_route,hormuz_tanker_transits,fold_25,45.0,59.210463969640465,-14.210463969640465
2025-01-04,arx_lag1_7_route,hormuz_tanker_transits,fold_25,48.0,58.982876367928064,-10.982876367928064
2025-01-05,arx_lag1_7_route,hormuz_tanker_transits,fold_25,45.0,59.9676003646777,-14.9676003646777
2025-01-06,arx_lag1_7_route,hormuz_tanker_transits,fold_25,32.0,60.4142108331048,-28.414210833104796
2025-01-07,arx_lag1_7_route,hormuz_tanker_transits,fold_25,40.0,60.28032515231389,-20.280325152313893
2025-01-08,arx_lag1_7_route,hormuz_tanker_transits,fold_25,36.0,59.89487614046624,-23.894876140466238
2025-01-09,arx_lag1_7_route,hormuz_tanker_transits,fold_25,45.0,59.287254449305074,-14.287254449305074
2025-01-10,arx_lag1_7_route,hormuz_tanker_transits,fold_25,50.0,60.05272094923769,-10.052720949237688
2025-01-11,arx_lag1_7_route,hormuz_tanker_transits,fold_25,57.0,60.65561254650881,-3.655612546508813
2025-01-12,arx_lag1_7_route,hormuz_tanker_transits,fold_25,64.0,61.269800277726574,2.7301997222734258
2025-01-13,arx_lag1_7_route,hormuz_tanker_transits,fold_25,45.0,60.523217303328295,-15.523217303328295
2025-01-14,arx_lag1_7_route,hormuz_tanker_transits,fold_25,38.0,60.43962234249909,-22.439622342499092
2025-01-15,arx_lag1_7_route,hormuz_tanker_transits,fold_25,37.0,58.815806147144386,-21.815806147144386
2025-01-16,arx_lag1_7_route,hormuz_tanker_transits,fold_25,51.0,58.42877529420601,-7.428775294206012
2025-01-17,arx_lag1_7_route,hormuz_tanker_transits,fold_25,53.0,59.10887105239643,-6.108871052396431
2025-01-18,arx_lag1_7_route,hormuz_tanker_transits,fold_25,51.0,58.92830038110251,-7.92830038110251
2025-01-19,arx_lag1_7_route,hormuz_tanker_transits,fold_25,41.0,61.20258468876217,-20.202584688762173
2025-01-20,arx_lag1_7_route,hormuz_tanker_transits,fold_26,49.0,48.03366391109963,0.9663360889003698
2025-01-21,arx_lag1_7_route,hormuz_tanker_transits,fold_26,47.0,49.487655151899915,-2.487655151899915
2025-01-22,arx_lag1_7_route,hormuz_tanker_transits,fold_26,45.0,51.54324174489678,-6.543241744896783
2025-01-23,arx_lag1_7_route,hormuz_tanker_transits,fold_26,49.0,54.70354702896896,-5.703547028968963
2025-01-24,arx_lag1_7_route,hormuz_tanker_transits,fold_26,42.0,55.87236907762743,-13.872369077627432
2025-01-25,arx_lag1_7_route,hormuz_tanker_transits,fold_26,59.0,57.26621538338276,1.7337846166172426
2025-01-26,arx_lag1_7_route,hormuz_tanker_transits,fold_26,68.0,56.050339512016365,11.949660487983635
2025-01-27,arx_lag1_7_route,hormuz_tanker_transits,fold_26,47.0,56.52643701733401,-9.526437017334011
2025-01-28,arx_lag1_7_route,hormuz_tanker_transits,fold_26,44.0,55.48458480380113,-11.484584803801127
2025-01-29,arx_lag1_7_route,hormuz_tanker_transits,fold_26,54.0,56.03681453737377,-2.036814537373772
2025-01-30,arx_lag1_7_route,hormuz_tanker_transits,fold_26,53.0,56.36836500672966,-3.368365006729661
2025-01-31,arx_lag1_7_route,hormuz_tanker_transits,fold_26,50.0,57.501411689265,-7.501411689264998
2025-02-01,arx_lag1_7_route,hormuz_tanker_transits,fold_26,39.0,57.61105185625737,-18.61105185625737
2025-02-02,arx_lag1_7_route,hormuz_tanker_transits,fold_26,50.0,59.290891052885556,-9.290891052885556
2025-02-03,arx_lag1_7_route,hormuz_tanker_transits,fold_26,53.0,58.733310565891486,-5.733310565891486
2025-02-04,arx_lag1_7_route,hormuz_tanker_transits,fold_26,55.0,58.20578464012161,-3.205784640121607
2025-02-05,arx_lag1_7_route,hormuz_tanker_transits,fold_26,47.0,58.172843171673115,-11.172843171673115
2025-02-06,arx_lag1_7_route,hormuz_tanker_transits,fold_26,40.0,57.68551505800461,-17.68551505800461
2025-02-07,arx_lag1_7_route,hormuz_tanker_transits,fold_26,33.0,60.21649669146487,-27.21649669146487
2025-02-08,arx_lag1_7_route,hormuz_tanker_transits,fold_26,42.0,61.069089580049045,-19.069089580049045
2025-02-09,arx_lag1_7_route,hormuz_tanker_transits,fold_26,57.0,59.94504182271758,-2.9450418227175774
2025-02-10,arx_lag1_7_route,hormuz_tanker_transits,fold_26,57.0,59.245041142645086,-2.2450411426450856
2025-02-11,arx_lag1_7_route,hormuz_tanker_transits,fold_26,61.0,60.28685645599313,0.7131435440068685
2025-02-12,arx_lag1_7_route,hormuz_tanker_transits,fold_26,68.0,58.358198750834816,9.641801249165184
2025-02-13,arx_lag1_7_route,hormuz_tanker_transits,fold_26,72.0,58.40895017664793,13.591049823352073
2025-02-14,arx_lag1_7_route,hormuz_tanker_transits,fold_26,56.0,58.460708217096844,-2.460708217096844
2025-02-15,arx_lag1_7_route,hormuz_tanker_transits,fold_26,49.0,59.65698100198494,-10.656981001984938
2025-02-16,arx_lag1_7_route,hormuz_tanker_transits,fold_26,43.0,60.78757112655531,-17.787571126555306
2025-02-17,arx_lag1_7_route,hormuz_tanker_transits,fold_26,43.0,61.23303847660429,-18.233038476604293
2025-02-18,arx_lag1_7_route,hormuz_tanker_transits,fold_26,34.0,59.27303629636055,-25.27303629636055
2025-02-19,arx_lag1_7_route,hormuz_tanker_transits,fold_27,58.0,49.354530671101244,8.645469328898756
2025-02-20,arx_lag1_7_route,hormuz_tanker_transits,fold_27,57.0,57.38924876346457,-0.3892487634645718
2025-02-21,arx_lag1_7_route,hormuz_tanker_transits,fold_27,47.0,58.47647392319476,-11.47647392319476
2025-02-22,arx_lag1_7_route,hormuz_tanker_transits,fold_27,53.0,57.73875585572092,-4.7387558557209175
2025-02-23,arx_lag1_7_route,hormuz_tanker_transits,fold_27,33.0,56.12884943837441,-23.12884943837441
2025-02-24,arx_lag1_7_route,hormuz_tanker_transits,fold_27,43.0,56.1307050420181,-13.1307050420181
2025-02-25,arx_lag1_7_route,hormuz_tanker_transits,fold_27,44.0,54.443059387534035,-10.443059387534035
2025-02-26,arx_lag1_7_route,hormuz_tanker_transits,fold_27,28.0,55.26964898642772,-27.26964898642772
2025-02-27,arx_lag1_7_route,hormuz_tanker_transits,fold_27,43.0,56.986933791374994,-13.986933791374994
2025-02-28,arx_lag1_7_route,hormuz_tanker_transits,fold_27,46.0,58.9607483215957,-12.960748321595702
2025-03-01,arx_lag1_7_route,hormuz_tanker_transits,fold_27,42.0,59.96989982870346,-17.96989982870346
2025-03-02,arx_lag1_7_route,hormuz_tanker_transits,fold_27,42.0,58.85913174258609,-16.859131742586086
2025-03-03,arx_lag1_7_route,hormuz_tanker_transits,fold_27,61.0,60.360302940915496,0.6396970590845044
2025-03-04,arx_lag1_7_route,hormuz_tanker_transits,fold_27,51.0,58.81833670046884,-7.818336700468841
2025-03-05,arx_lag1_7_route,hormuz_tanker_transits,fold_27,54.0,58.28893201440694,-4.288932014406939
2025-03-06,arx_lag1_7_route,hormuz_tanker_transits,fold_27,85.0,58.42949832610347,26.57050167389653
2025-03-07,arx_lag1_7_route,hormuz_tanker_transits,fold_27,66.0,60.10825901841438,5.89174098158562
2025-03-08,arx_lag1_7_route,hormuz_tanker_transits,fold_27,59.0,59.730441852820334,-0.7304418528203342
2025-03-09,arx_lag1_7_route,hormuz_tanker_transits,fold_27,44.0,59.85864605559821,-15.858646055598207
2025-03-10,arx_lag1_7_route,hormuz_tanker_transits,fold_27,51.0,59.51775099537552,-8.517750995375522
2025-03-11,arx_lag1_7_route,hormuz_tanker_transits,fold_27,33.0,58.35710825254509,-25.35710825254509
2025-03-12,arx_lag1_7_route,hormuz_tanker_transits,fold_27,52.0,59.16249019002742,-7.16249019002742
2025-03-13,arx_lag1_7_route,hormuz_tanker_transits,fold_27,50.0,58.331224968369206,-8.331224968369206
2025-03-14,arx_lag1_7_route,hormuz_tanker_transits,fold_27,41.0,58.07275294138163,-17.07275294138163
2025-03-15,arx_lag1_7_route,hormuz_tanker_transits,fold_27,58.0,57.8165678024622,0.1834321975377975
2025-03-16,arx_lag1_7_route,hormuz_tanker_transits,fold_27,71.0,58.88200998653606,12.117990013463938
2025-03-17,arx_lag1_7_route,hormuz_tanker_transits,fold_27,48.0,59.71976323780822,-11.719763237808223
2025-03-18,arx_lag1_7_route,hormuz_tanker_transits,fold_27,57.0,59.63269303041654,-2.63269303041654
2025-03-19,arx_lag1_7_route,hormuz_tanker_transits,fold_27,50.0,57.344217671383106,-7.344217671383106
2025-03-20,arx_lag1_7_route,hormuz_tanker_transits,fold_27,63.0,60.842529001346364,2.1574709986536362
2025-03-21,arx_lag1_7_route,hormuz_tanker_transits,fold_28,62.0,55.51037157485638,6.489628425143621
2025-03-22,arx_lag1_7_route,hormuz_tanker_transits,fold_28,44.0,58.46604817967364,-14.466048179673642
2025-03-23,arx_lag1_7_route,hormuz_tanker_transits,fold_28,50.0,61.98272871940475,-11.982728719404747
2025-03-24,arx_lag1_7_route,hormuz_tanker_transits,fold_28,49.0,57.68207712737764,-8.682077127377639
2025-03-25,arx_lag1_7_route,hormuz_tanker_transits,fold_28,44.0,57.51705153442629,-13.517051534426287
2025-03-26,arx_lag1_7_route,hormuz_tanker_transits,fold_28,31.0,57.09281489659031,-26.092814896590312
2025-03-27,arx_lag1_7_route,hormuz_tanker_transits,fold_28,41.0,58.89292990721098,-17.892929907210977
2025-03-28,arx_lag1_7_route,hormuz_tanker_transits,fold_28,73.0,58.548217183465766,14.451782816534234
2025-03-29,arx_lag1_7_route,hormuz_tanker_transits,fold_28,90.0,58.94005955176722,31.05994044823278
2025-03-30,arx_lag1_7_route,hormuz_tanker_transits,fold_28,84.0,62.17750488529208,21.82249511470792
2025-03-31,arx_lag1_7_route,hormuz_tanker_transits,fold_28,57.0,59.944545920294914,-2.944545920294914
2025-04-01,arx_lag1_7_route,hormuz_tanker_transits,fold_28,73.0,59.3372742848075,13.6627257151925
2025-04-02,arx_lag1_7_route,hormuz_tanker_transits,fold_28,53.0,59.04033191545602,-6.040331915456022
2025-04-03,arx_lag1_7_route,hormuz_tanker_transits,fold_28,58.0,58.61606885635413,-0.6160688563541328
2025-04-04,arx_lag1_7_route,hormuz_tanker_transits,fold_28,76.0,59.07769368934464,16.922306310655358
2025-04-05,arx_lag1_7_route,hormuz_tanker_transits,fold_28,55.0,58.26709239794571,-3.26709239794571
2025-04-06,arx_lag1_7_route,hormuz_tanker_transits,fold_28,68.0,59.27614674884613,8.72385325115387
2025-04-07,arx_lag1_7_route,hormuz_tanker_transits,fold_28,67.0,58.62429078828283,8.375709211717172
2025-04-08,arx_lag1_7_route,hormuz_tanker_transits,fold_28,76.0,57.86965156786958,18.13034843213042
2025-04-09,arx_lag1_7_route,hormuz_tanker_transits,fold_28,74.0,57.959324327244495,16.040675672755505
2025-04-10,arx_lag1_7_route,hormuz_tanker_transits,fold_28,67.0,58.175442862962626,8.824557137037374
2025-04-11,arx_lag1_7_route,hormuz_tanker_transits,fold_28,69.0,58.93698349885976,10.06301650114024
2025-04-12,arx_lag1_7_route,hormuz_tanker_transits,fold_28,61.0,58.487450653958625,2.512549346041375
2025-04-13,arx_lag1_7_route,hormuz_tanker_transits,fold_28,71.0,60.34148442882802,10.658515571171982
2025-04-14,arx_lag1_7_route,hormuz_tanker_transits,fold_28,59.0,60.51317695687649,-1.5131769568764923
2025-04-15,arx_lag1_7_route,hormuz_tanker_transits,fold_28,32.0,58.7562298279727,-26.756229827972703
2025-04-16,arx_lag1_7_route,hormuz_tanker_transits,fold_28,71.0,57.95056244083289,13.04943755916711
2025-04-17,arx_lag1_7_route,hormuz_tanker_transits,fold_28,35.0,61.37701671109386,-26.37701671109386
2025-04-18,arx_lag1_7_route,hormuz_tanker_transits,fold_28,21.0,60.327594282145306,-39.327594282145306
2025-04-19,arx_lag1_7_route,hormuz_tanker_transits,fold_28,36.0,59.48654964189998,-23.486549641899977
2025-04-20,arx_lag1_7_route,hormuz_tanker_transits,fold_29,58.0,51.22455900505565,6.775440994944347
2025-04-21,arx_lag1_7_route,hormuz_tanker_transits,fold_29,74.0,56.14185941682956,17.85814058317044
2025-04-22,arx_lag1_7_route,hormuz_tanker_transits,fold_29,76.0,52.48420709587067,23.515792904129327
2025-04-23,arx_lag1_7_route,hormuz_tanker_transits,fold_29,61.0,57.23952127335624,3.760478726643761
2025-04-24,arx_lag1_7_route,hormuz_tanker_transits,fold_29,57.0,52.84810703795581,4.151892962044187
2025-04-25,arx_lag1_7_route,hormuz_tanker_transits,fold_29,44.0,49.097416383383155,-5.097416383383155
2025-04-26,arx_lag1_7_route,hormuz_tanker_transits,fold_29,90.0,50.95950697965748,39.04049302034252
2025-04-27,arx_lag1_7_route,hormuz_tanker_transits,fold_29,68.0,53.86459533932163,14.135404660678368
2025-04-28,arx_lag1_7_route,hormuz_tanker_transits,fold_29,53.0,56.42109072568379,-3.42109072568379
2025-04-29,arx_lag1_7_route,hormuz_tanker_transits,fold_29,48.0,54.90746290658295,-6.90746290658295
2025-04-30,arx_lag1_7_route,hormuz_tanker_transits,fold_29,50.0,57.26366336791736,-7.26366336791736
2025-05-01,arx_lag1_7_route,hormuz_tanker_transits,fold_29,75.0,58.793412786351695,16.206587213648305
2025-05-02,arx_lag1_7_route,hormuz_tanker_transits,fold_29,72.0,58.830046983396166,13.169953016603834
2025-05-03,arx_lag1_7_route,hormuz_tanker_transits,fold_29,50.0,57.64080981299504,-7.6408098129950375
2025-05-04,arx_lag1_7_route,hormuz_tanker_transits,fold_29,58.0,59.47133475906787,-1.4713347590678723
2025-05-05,arx_lag1_7_route,hormuz_tanker_transits,fold_29,75.0,59.2672364140861,15.7327635859139
2025-05-06,arx_lag1_7_route,hormuz_tanker_transits,fold_29,68.0,58.87541193014656,9.124588069853438
2025-05-07,arx_lag1_7_route,hormuz_tanker_transits,fold_29,44.0,58.95691317208452,-14.95691317208452
2025-05-08,arx_lag1_7_route,hormuz_tanker_transits,fold_29,27.0,58.2678733941081,-31.2678733941081
2025-05-09,arx_lag1_7_route,hormuz_tanker_transits,fold_29,62.0,59.539987661555735,2.4600123384442654
2025-05-10,arx_lag1_7_route,hormuz_tanker_transits,fold_29,50.0,59.173818517851146,-9.173818517851146
2025-05-11,arx_lag1_7_route,hormuz_tanker_transits,fold_29,65.0,58.69756621348072,6.3024337865192805
2025-05-12,arx_lag1_7_route,hormuz_tanker_transits,fold_29,82.0,57.84024361416472,24.15975638583528
2025-05-13,arx_lag1_7_route,hormuz_tanker_transits,fold_29,71.0,58.213069271028395,12.786930728971605
2025-05-14,arx_lag1_7_route,hormuz_tanker_transits,fold_29,72.0,57.515477869917504,14.484522130082496
2025-05-15,arx_lag1_7_route,hormuz_tanker_transits,fold_29,52.0,57.88850161935256,-5.88850161935256
2025-05-16,arx_lag1_7_route,hormuz_tanker_transits,fold_29,59.0,59.58723581414562,-0.5872358141456218
2025-05-17,arx_lag1_7_route,hormuz_tanker_transits,fold_29,67.0,58.52279816594054,8.477201834059457
2025-05-18,arx_lag1_7_route,hormuz_tanker_transits,fold_29,70.0,58.965374914298245,11.034625085701755
2025-05-19,arx_lag1_7_route,hormuz_tanker_transits,fold_29,54.0,58.410265827019224,-4.410265827019224
2025-05-20,arx_lag1_7_route,hormuz_tanker_transits,fold_30,71.0,57.61393663936194,13.386063360638062
2025-05-21,arx_lag1_7_route,hormuz_tanker_transits,fold_30,61.0,61.44355513930492,-0.4435551393049195
2025-05-22,arx_lag1_7_route,hormuz_tanker_transits,fold_30,69.0,58.27316556641333,10.726834433586667
2025-05-23,arx_lag1_7_route,hormuz_tanker_transits,fold_30,60.0,58.63112163399588,1.3688783660041182
2025-05-24,arx_lag1_7_route,hormuz_tanker_transits,fold_30,61.0,61.15650981564757,-0.15650981564756705
2025-05-25,arx_lag1_7_route,hormuz_tanker_transits,fold_30,57.0,61.73405153075096,-4.7340515307509605
2025-05-26,arx_lag1_7_route,hormuz_tanker_transits,fold_30,56.0,60.353337348364555,-4.353337348364555
2025-05-27,arx_lag1_7_route,hormuz_tanker_transits,fold_30,56.0,58.078383865276166,-2.078383865276166
2025-05-28,arx_lag1_7_route,hormuz_tanker_transits,fold_30,63.0,56.11952320830394,6.880476791696061
2025-05-29,arx_lag1_7_route,hormuz_tanker_transits,fold_30,85.0,57.10034909548445,27.899650904515553
2025-05-30,arx_lag1_7_route,hormuz_tanker_transits,fold_30,86.0,56.82780502725881,29.172194972741188
2025-05-31,arx_lag1_7_route,hormuz_tanker_transits,fold_30,68.0,58.836818908608855,9.163181091391145
2025-06-01,arx_lag1_7_route,hormuz_tanker_transits,fold_30,69.0,60.35699870622731,8.643001293772691
2025-06-02,arx_lag1_7_route,hormuz_tanker_transits,fold_30,57.0,61.3679981940688,-4.367998194068797
2025-06-03,arx_lag1_7_route,hormuz_tanker_transits,fold_30,60.0,61.12655099522719,-1.1265509952271913
2025-06-04,arx_lag1_7_route,hormuz_tanker_transits,fold_30,82.0,58.549175793665505,23.450824206334495
2025-06-05,arx_lag1_7_route,hormuz_tanker_transits,fold_30,65.0,58.7103987901161,6.289601209883898
2025-06-06,arx_lag1_7_route,hormuz_tanker_transits,fold_30,59.0,57.899004889509015,1.1009951104909845
2025-06-07,arx_lag1_7_route,hormuz_tanker_transits,fold_30,53.0,58.258768080476855,-5.258768080476855
2025-06-08,arx_lag1_7_route,hormuz_tanker_transits,fold_30,69.0,58.872559425183425,10.127440574816575
2025-06-09,arx_lag1_7_route,hormuz_tanker_transits,fold_30,58.0,57.99207995332636,0.007920046673639547
2025-06-10,arx_lag1_7_route,hormuz_tanker_transits,fold_30,52.0,57.78174975766975,-5.7817497576697505
2025-06-11,arx_lag1_7_route,hormuz_tanker_transits,fold_30,52.0,57.87360210792157,-5.87360210792157
2025-06-12,arx_lag1_7_route,hormuz_tanker_transits,fold_30,60.0,57.7132025412209,2.2867974587790982
2025-06-13,arx_lag1_7_route,hormuz_tanker_transits,fold_30,45.0,59.91145937376575,-14.911459373765751
2025-06-14,arx_lag1_7_route,hormuz_tanker_transits,fold_30,56.0,58.508969425987104,-2.508969425987104
2025-06-15,arx_lag1_7_route,hormuz_tanker_transits,fold_30,74.0,59.70510068931729,14.294899310682709
2025-06-16,arx_lag1_7_route,hormuz_tanker_transits,fold_30,29.0,58.10675027262165,-29.106750272621653
2025-06-17,arx_lag1_7_route,hormuz_tanker_transits,fold_30,49.0,58.04824782728455,-9.048247827284548
2025-06-18,arx_lag1_7_route,hormuz_tanker_transits,fold_30,63.0,57.427885453986846,5.572114546013154
2025-06-19,arx_lag1_7_route,hormuz_tanker_transits,fold_31,60.0,59.988903577110676,0.011096422889323776
2025-06-20,arx_lag1_7_route,hormuz_tanker_transits,fold_31,54.0,57.875135858449916,-3.875135858449916
2025-06-21,arx_lag1_7_route,hormuz_tanker_transits,fold_31,49.0,57.60125511977012,-8.601255119770123
2025-06-22,arx_lag1_7_route,hormuz_tanker_transits,fold_31,51.0,61.96807365795765,-10.968073657957653
2025-06-23,arx_lag1_7_route,hormuz_tanker_transits,fold_31,44.0,54.75960863503448,-10.759608635034482
2025-06-24,arx_lag1_7_route,hormuz_tanker_transits,fold_31,42.0,55.18266142151485,-13.182661421514851
2025-06-25,arx_lag1_7_route,hormuz_tanker_transits,fold_31,42.0,55.582942049655465,-13.582942049655465
2025-06-26,arx_lag1_7_route,hormuz_tanker_transits,fold_31,44.0,57.96931045268968,-13.969310452689683
2025-06-27,arx_lag1_7_route,hormuz_tanker_transits,fold_31,51.0,59.652298324140084,-8.652298324140084
2025-06-28,arx_lag1_7_route,hormuz_tanker_transits,fold_31,44.0,59.79029197048362,-15.790291970483622
2025-06-29,arx_lag1_7_route,hormuz_tanker_transits,fold_31,72.0,60.01606649480099,11.983933505199012
2025-06-30,arx_lag1_7_route,hormuz_tanker_transits,fold_31,60.0,58.989470616897364,1.0105293831026358
2025-07-01,arx_lag1_7_route,hormuz_tanker_transits,fold_31,48.0,58.2783548134731,-10.2783548134731
2025-07-02,arx_lag1_7_route,hormuz_tanker_transits,fold_31,48.0,57.672635006474856,-9.672635006474856
2025-07-03,arx_lag1_7_route,hormuz_tanker_transits,fold_31,41.0,56.67902000617838,-15.679020006178384
2025-07-04,arx_lag1_7_route,hormuz_tanker_transits,fold_31,66.0,60.50988148012569,5.490118519874308
2025-07-05,arx_lag1_7_route,hormuz_tanker_transits,fold_31,51.0,60.915032837076325,-9.915032837076325
2025-07-06,arx_lag1_7_route,hormuz_tanker_transits,fold_31,47.0,60.23769860594299,-13.237698605942988
2025-07-07,arx_lag1_7_route,hormuz_tanker_transits,fold_31,37.0,59.36810668705946,-22.36810668705946
2025-07-08,arx_lag1_7_route,hormuz_tanker_transits,fold_31,47.0,61.04809975527229,-14.04809975527229
2025-07-09,arx_lag1_7_route,hormuz_tanker_transits,fold_31,71.0,59.601413535825024,11.398586464174976
2025-07-10,arx_lag1_7_route,hormuz_tanker_transits,fold_31,58.0,59.488689929549544,-1.488689929549544
2025-07-11,arx_lag1_7_route,hormuz_tanker_transits,fold_31,50.0,61.95789024674729,-11.95789024674729
2025-07-12,arx_lag1_7_route,hormuz_tanker_transits,fold_31,67.0,62.30346678718943,4.6965332128105715
2025-07-13,arx_lag1_7_route,hormuz_tanker_transits,fold_31,54.0,61.498590888591316,-7.498590888591316
2025-07-14,arx_lag1_7_route,hormuz_tanker_transits,fold_31,63.0,59.52549027823157,3.4745097217684275
2025-07-15,arx_lag1_7_route,hormuz_tanker_transits,fold_31,68.0,58.572022790718464,9.427977209281536
2025-07-16,arx_lag1_7_route,hormuz_tanker_transits,fold_31,74.0,59.67274551101451,14.327254488985488
2025-07-17,arx_lag1_7_route,hormuz_tanker_transits,fold_31,58.0,59.67673154334939,-1.6767315433493906
2025-07-18,arx_lag1_7_route,hormuz_tanker_transits,fold_31,57.0,61.6685178779073,-4.668517877907298
2025-07-19,arx_lag1_7_route,hormuz_tanker_transits,fold_32,64.0,58.31065765822467,5.68934234177533
2025-07-20,arx_lag1_7_route,hormuz_tanker_transits,fold_32,80.0,59.56401069984922,20.43598930015078
2025-07-21,arx_lag1_7_route,hormuz_tanker_transits,fold_32,53.0,61.30328687507922,-8.303286875079223
2025-07-22,arx_lag1_7_route,hormuz_tanker_transits,fold_32,38.0,60.18721465477042,-22.187214654770422
2025-07-23,arx_lag1_7_route,hormuz_tanker_transits,fold_32,68.0,60.78529499637756,7.214705003622441
2025-07-24,arx_lag1_7_route,hormuz_tanker_transits,fold_32,58.0,57.74305306013161,0.2569469398683921
2025-07-25,arx_lag1_7_route,hormuz_tanker_transits,fold_32,57.0,57.956053502410064,-0.9560535024100645
2025-07-26,arx_lag1_7_route,hormuz_tanker_transits,fold_32,59.0,59.37791572318165,-0.37791572318165123
2025-07-27,arx_lag1_7_route,hormuz_tanker_transits,fold_32,68.0,59.754119227581924,8.245880772418076
2025-07-28,arx_lag1_7_route,hormuz_tanker_transits,fold_32,69.0,60.150506959535555,8.849493040464445
2025-07-29,arx_lag1_7_route,hormuz_tanker_transits,fold_32,66.0,58.0842070673715,7.915792932628499
2025-07-30,arx_lag1_7_route,hormuz_tanker_transits,fold_32,59.0,58.40965541372631,0.5903445862736874
2025-07-31,arx_lag1_7_route,hormuz_tanker_transits,fold_32,69.0,58.44739313961368,10.55260686038632
2025-08-01,arx_lag1_7_route,hormuz_tanker_transits,fold_32,48.0,58.58172043004602,-10.581720430046019
2025-08-02,arx_lag1_7_route,hormuz_tanker_transits,fold_32,66.0,58.875976075783676,7.124023924216324
2025-08-03,arx_lag1_7_route,hormuz_tanker_transits,fold_32,53.0,58.650476581179106,-5.650476581179106
2025-08-04,arx_lag1_7_route,hormuz_tanker_transits,fold_32,29.0,57.91742114286763,-28.91742114286763
2025-08-05,arx_lag1_7_route,hormuz_tanker_transits,fold_32,45.0,58.933902722235345,-13.933902722235345
2025-08-06,arx_lag1_7_route,hormuz_tanker_transits,fold_32,37.0,59.36247269436252,-22.362472694362523
2025-08-07,arx_lag1_7_route,hormuz_tanker_transits,fold_32,43.0,59.5993194169365,-16.599319416936503
2025-08-08,arx_lag1_7_route,hormuz_tanker_transits,fold_32,51.0,59.19781741258381,-8.19781741258381
2025-08-09,arx_lag1_7_route,hormuz_tanker_transits,fold_32,44.0,59.2856567117429,-15.285656711742902
2025-08-10,arx_lag1_7_route,hormuz_tanker_transits,fold_32,32.0,59.867173323824375,-27.867173323824375
2025-08-11,arx_lag1_7_route,hormuz_tanker_transits,fold_32,51.0,60.01756216429125,-9.017562164291249
2025-08-12,arx_lag1_7_route,hormuz_tanker_transits,fold_32,77.0,58.32670169866792,18.673298301332082
2025-08-13,arx_lag1_7_route,hormuz_tanker_transits,fold_32,51.0,59.51050368796339,-8.510503687963393
2025-08-14,arx_lag1_7_route,hormuz_tanker_transits,fold_32,56.0,60.3646216896211,-4.364621689621103
2025-08-15,arx_lag1_7_route,hormuz_tanker_transits,fold_32,43.0,59.28210143160078,-16.28210143160078
2025-08-16,arx_lag1_7_route,hormuz_tanker_transits,fold_32,44.0,59.24510218782254,-15.245102187822539
2025-08-17,arx_lag1_7_route,hormuz_tanker_transits,fold_32,45.0,58.74841122658054,-13.748411226580536
2025-08-18,arx_lag1_7_route,hormuz_tanker_transits,fold_33,52.0,50.4662881751955,1.5337118248044987
2025-08-19,arx_lag1_7_route,hormuz_tanker_transits,fold_33,60.0,57.214378395109414,2.7856216048905864
2025-08-20,arx_lag1_7_route,hormuz_tanker_transits,fold_33,49.0,57.000307202758194,-8.000307202758194
2025-08-21,arx_lag1_7_route,hormuz_tanker_transits,fold_33,49.0,56.58800485957119,-7.588004859571193
2025-08-22,arx_lag1_7_route,hormuz_tanker_transits,fold_33,83.0,56.02564976195586,26.97435023804414
2025-08-23,arx_lag1_7_route,hormuz_tanker_transits,fold_33,66.0,56.49801810928921,9.501981890710788
2025-08-24,arx_lag1_7_route,hormuz_tanker_transits,fold_33,72.0,55.536932215565606,16.463067784434394
2025-08-25,arx_lag1_7_route,hormuz_tanker_transits,fold_33,43.0,58.07053055628165,-15.070530556281653
2025-08-26,arx_lag1_7_route,hormuz_tanker_transits,fold_33,40.0,58.484081481391215,-18.484081481391215
2025-08-27,arx_lag1_7_route,hormuz_tanker_transits,fold_33,47.0,57.22070852033725,-10.220708520337247
2025-08-28,arx_lag1_7_route,hormuz_tanker_transits,fold_33,60.0,57.41867361832421,2.5813263816757868
2025-08-29,arx_lag1_7_route,hormuz_tanker_transits,fold_33,67.0,58.12632241952315,8.873677580476851
2025-08-30,arx_lag1_7_route,hormuz_tanker_transits,fold_33,64.0,59.81620676799186,4.183793232008142
2025-08-31,arx_lag1_7_route,hormuz_tanker_transits,fold_33,56.0,59.23157453195274,-3.231574531952738
2025-09-01,arx_lag1_7_route,hormuz_tanker_transits,fold_33,65.0,59.11273250476387,5.887267495236131
2025-09-02,arx_lag1_7_route,hormuz_tanker_transits,fold_33,54.0,59.69392828724236,-5.6939282872423576
2025-09-03,arx_lag1_7_route,hormuz_tanker_transits,fold_33,47.0,59.45781979374098,-12.457819793740981
2025-09-04,arx_lag1_7_route,hormuz_tanker_transits,fold_33,32.0,58.26157260220408,-26.261572602204083
2025-09-05,arx_lag1_7_route,hormuz_tanker_transits,fold_33,86.0,58.1847623341051,27.815237665894898
2025-09-06,arx_lag1_7_route,hormuz_tanker_transits,fold_33,54.0,59.09937897944138,-5.099378979441383
2025-09-07,arx_lag1_7_route,hormuz_tanker_transits,fold_33,65.0,59.88544232931214,5.114557670687859
2025-09-08,arx_lag1_7_route,hormuz_tanker_transits,fold_33,61.0,59.769506670267404,1.230493329732596
2025-09-09,arx_lag1_7_route,hormuz_tanker_transits,fold_33,51.0,59.597728200007616,-8.597728200007616
2025-09-10,arx_lag1_7_route,hormuz_tanker_transits,fold_33,53.0,59.13867248259404,-6.138672482594039
2025-09-11,arx_lag1_7_route,hormuz_tanker_transits,fold_33,38.0,58.53054167487973,-20.53054167487973
2025-09-12,arx_lag1_7_route,hormuz_tanker_transits,fold_33,43.0,58.5812905503717,-15.581290550371698
2025-09-13,arx_lag1_7_route,hormuz_tanker_transits,fold_33,40.0,59.133282378185044,-19.133282378185044
2025-09-14,arx_lag1_7_route,hormuz_tanker_transits,fold_33,35.0,59.55333199742591,-24.553331997425907
2025-09-15,arx_lag1_7_route,hormuz_tanker_transits,fold_33,37.0,58.270077139259385,-21.270077139259385
2025-09-16,arx_lag1_7_route,hormuz_tanker_transits,fold_33,48.0,58.56772259190901,-10.56772259190901
2025-09-17,arx_lag1_7_route,hormuz_tanker_transits,fold_34,71.0,53.58371724119788,17.41628275880212
2025-09-18,arx_lag1_7_route,hormuz_tanker_transits,fold_34,61.0,53.090064023555335,7.909935976444665
2025-09-19,arx_lag1_7_route,hormuz_tanker_transits,fold_34,36.0,54.2563073638338,-18.2563073638338
2025-09-20,arx_lag1_7_route,hormuz_tanker_transits,fold_34,55.0,53.730587564204576,1.2694124357954237
2025-09-21,arx_lag1_7_route,hormuz_tanker_transits,fold_34,54.0,53.69406583371604,0.3059341662839614
2025-09-22,arx_lag1_7_route,hormuz_tanker_transits,fold_34,30.0,52.87792653655687,-22.87792653655687
2025-09-23,arx_lag1_7_route,hormuz_tanker_transits,fold_34,63.0,55.1737405498208,7.826259450179201
2025-09-24,arx_lag1_7_route,hormuz_tanker_transits,fold_34,60.0,55.594892339365614,4.4051076606343855
2025-09-25,arx_lag1_7_route,hormuz_tanker_transits,fold_34,30.0,55.67327884993498,-25.67327884993498
2025-09-26,arx_lag1_7_route,hormuz_tanker_transits,fold_34,30.0,57.729475488079615,-27.729475488079615
2025-09-27,arx_lag1_7_route,hormuz_tanker_transits,fold_34,49.0,56.992675844983886,-7.992675844983886
2025-09-28,arx_lag1_7_route,hormuz_tanker_transits,fold_34,69.0,56.11599465483893,12.884005345161071
2025-09-29,arx_lag1_7_route,hormuz_tanker_transits,fold_34,56.0,56.9856736311432,-0.9856736311432002
2025-09-30,arx_lag1_7_route,hormuz_tanker_transits,fold_34,72.0,57.08310946724328,14.916890532756717
2025-10-01,arx_lag1_7_route,hormuz_tanker_transits,fold_34,69.0,57.80271080481046,11.19728919518954
2025-10-02,arx_lag1_7_route,hormuz_tanker_transits,fold_34,74.0,55.67590499484355,18.32409500515645
2025-10-03,arx_lag1_7_route,hormuz_tanker_transits,fold_34,76.0,58.12819508753375,17.871804912466253
2025-10-04,arx_lag1_7_route,hormuz_tanker_transits,fold_34,90.0,58.10736339103115,31.89263660896885
2025-10-05,arx_lag1_7_route,hormuz_tanker_transits,fold_34,77.0,59.532459346574754,17.467540653425246
2025-10-06,arx_lag1_7_route,hormuz_tanker_transits,fold_34,34.0,59.71288849784681,-25.712888497846812
2025-10-07,arx_lag1_7_route,hormuz_tanker_transits,fold_34,19.0,58.95013286476788,-39.95013286476788
2025-10-08,arx_lag1_7_route,hormuz_tanker_transits,fold_34,29.0,59.89429134410796,-30.894291344107963
2025-10-09,arx_lag1_7_route,hormuz_tanker_transits,fold_34,32.0,59.451934291883305,-27.451934291883305
2025-10-10,arx_lag1_7_route,hormuz_tanker_transits,fold_34,29.0,58.845979223513176,-29.845979223513176
2025-10-11,arx_lag1_7_route,hormuz_tanker_transits,fold_34,25.0,58.19078074387274,-33.19078074387274
2025-10-12,arx_lag1_7_route,hormuz_tanker_transits,fold_34,32.0,58.405119348462804,-26.405119348462804
2025-10-13,arx_lag1_7_route,hormuz_tanker_transits,fold_34,43.0,58.58114471018949,-15.581144710189491
2025-10-14,arx_lag1_7_route,hormuz_tanker_transits,fold_34,75.0,58.30137188486984,16.698628115130163
2025-10-15,arx_lag1_7_route,hormuz_tanker_transits,fold_34,39.0,57.7125153951068,-18.7125153951068
2025-10-16,arx_lag1_7_route,hormuz_tanker_transits,fold_34,26.0,58.409341344649505,-32.409341344649505
2025-10-17,arx_lag1_7_route,hormuz_tanker_transits,fold_35,28.0,40.4885213178957,-12.488521317895703
2025-10-18,arx_lag1_7_route,hormuz_tanker_transits,fold_35,51.0,46.0176226112834,4.9823773887166
2025-10-19,arx_lag1_7_route,hormuz_tanker_transits,fold_35,41.0,49.47197760577779,-8.471977605777788
2025-10-20,arx_lag1_7_route,hormuz_tanker_transits,fold_35,36.0,53.64943645667074,-17.649436456670742
2025-10-21,arx_lag1_7_route,hormuz_tanker_transits,fold_35,45.0,59.77093708624253,-14.770937086242533
2025-10-22,arx_lag1_7_route,hormuz_tanker_transits,fold_35,58.0,55.95972661504459,2.0402733849554124
2025-10-23,arx_lag1_7_route,hormuz_tanker_transits,fold_35,55.0,51.97357708699529,3.0264229130047084
2025-10-24,arx_lag1_7_route,hormuz_tanker_transits,fold_35,71.0,52.55879232906001,18.44120767093999
2025-10-25,arx_lag1_7_route,hormuz_tanker_transits,fold_35,68.0,54.66678372152273,13.333216278477273
2025-10-26,arx_lag1_7_route,hormuz_tanker_transits,fold_35,41.0,55.791269091996554,-14.791269091996554
2025-10-27,arx_lag1_7_route,hormuz_tanker_transits,fold_35,51.0,56.43862708922197,-5.438627089221967
2025-10-28,arx_lag1_7_route,hormuz_tanker_transits,fold_35,71.0,58.58324936310573,12.416750636894271
2025-10-29,arx_lag1_7_route,hormuz_tanker_transits,fold_35,58.0,58.03879743964549,-0.038797439645492204
2025-10-30,arx_lag1_7_route,hormuz_tanker_transits,fold_35,42.0,56.93631842194516,-14.93631842194516
2025-10-31,arx_lag1_7_route,hormuz_tanker_transits,fold_35,56.0,56.306646581735684,-0.30664658173568426
2025-11-01,arx_lag1_7_route,hormuz_tanker_transits,fold_35,55.0,57.48229686256395,-2.482296862563949
2025-11-02,arx_lag1_7_route,hormuz_tanker_transits,fold_35,43.0,59.12834677842339,-16.128346778423392
2025-11-03,arx_lag1_7_route,hormuz_tanker_transits,fold_35,15.0,59.32058188281351,-44.32058188281351
2025-11-04,arx_lag1_7_route,hormuz_tanker_transits,fold_35,38.0,58.19278284519985,-20.19278284519985
2025-11-05,arx_lag1_7_route,hormuz_tanker_transits,fold_35,36.0,58.01155630765117,-22.01155630765117
2025-11-06,arx_lag1_7_route,hormuz_tanker_transits,fold_35,49.0,57.60772494080425,-8.607724940804253
2025-11-07,arx_lag1_7_route,hormuz_tanker_transits,fold_35,50.0,57.82221254035208,-7.8222125403520835
2025-11-08,arx_lag1_7_route,hormuz_tanker_transits,fold_35,72.0,58.47013089591302,13.529869104086977
2025-11-09,arx_lag1_7_route,hormuz_tanker_transits,fold_35,56.0,59.9799598880387,-3.9799598880386995
2025-11-10,arx_lag1_7_route,hormuz_tanker_transits,fold_35,44.0,58.0404585456647,-14.040458545664698
2025-11-11,arx_lag1_7_route,hormuz_tanker_transits,fold_35,60.0,57.93899693994959,2.0610030600504103
2025-11-12,arx_lag1_7_route,hormuz_tanker_transits,fold_35,40.0,56.40242223845395,-16.40242223845395
2025-11-13,arx_lag1_7_route,hormuz_tanker_transits,fold_35,42.0,58.034631573995995,-16.034631573995995
2025-11-14,arx_lag1_7_route,hormuz_tanker_transits,fold_35,50.0,59.28530005752033,-9.285300057520331
2025-11-15,arx_lag1_7_route,hormuz_tanker_transits,fold_35,45.0,59.53804794656245,-14.53804794656245
2025-11-16,arx_lag1_7_route,hormuz_tanker_transits,fold_36,24.0,53.610728605984306,-29.610728605984306
2025-11-17,arx_lag1_7_route,hormuz_tanker_transits,fold_36,33.0,54.62679684482878,-21.62679684482878
2025-11-18,arx_lag1_7_route,hormuz_tanker_transits,fold_36,31.0,55.960434700835016,-24.960434700835016
2025-11-19,arx_lag1_7_route,hormuz_tanker_transits,fold_36,48.0,54.77434771657684,-6.774347716576841
2025-11-20,arx_lag1_7_route,hormuz_tanker_transits,fold_36,55.0,55.57687544699135,-0.5768754469913517
2025-11-21,arx_lag1_7_route,hormuz_tanker_transits,fold_36,39.0,55.85935525700706,-16.85935525700706
2025-11-22,arx_lag1_7_route,hormuz_tanker_transits,fold_36,36.0,56.30697467405251,-20.306974674052512
2025-11-23,arx_lag1_7_route,hormuz_tanker_transits,fold_36,33.0,57.35795558687796,-24.357955586877956
2025-11-24,arx_lag1_7_route,hormuz_tanker_transits,fold_36,30.0,57.17603988929092,-27.17603988929092
2025-11-25,arx_lag1_7_route,hormuz_tanker_transits,fold_36,41.0,58.27109434656978,-17.271094346569782
2025-11-26,arx_lag1_7_route,hormuz_tanker_transits,fold_36,34.0,56.76332206554462,-22.76332206554462
2025-11-27,arx_lag1_7_route,hormuz_tanker_transits,fold_36,35.0,56.29073854644483,-21.290738546444828
2025-11-28,arx_lag1_7_route,hormuz_tanker_transits,fold_36,30.0,58.54161074355776,-28.54161074355776
2025-11-29,arx_lag1_7_route,hormuz_tanker_transits,fold_36,29.0,59.61654186563529,-30.61654186563529
2025-11-30,arx_lag1_7_route,hormuz_tanker_transits,fold_36,39.0,59.35302800722283,-20.353028007222832
2025-12-01,arx_lag1_7_route,hormuz_tanker_transits,fold_36,40.0,59.66585832558793,-19.665858325587926
2025-12-02,arx_lag1_7_route,hormuz_tanker_transits,fold_36,34.0,58.04959726249623,-24.049597262496228
2025-12-03,arx_lag1_7_route,hormuz_tanker_transits,fold_36,31.0,57.717603121526025,-26.717603121526025
2025-12-04,arx_lag1_7_route,hormuz_tanker_transits,fold_36,35.0,57.43437679217162,-22.43437679217162
2025-12-05,arx_lag1_7_route,hormuz_tanker_transits,fold_36,36.0,59.5115089465171,-23.511508946517097
2025-12-06,arx_lag1_7_route,hormuz_tanker_transits,fold_36,46.0,59.80939872874719,-13.80939872874719
2025-12-07,arx_lag1_7_route,hormuz_tanker_transits,fold_36,34.0,60.16797309946493,-26.16797309946493
2025-12-08,arx_lag1_7_route,hormuz_tanker_transits,fold_36,39.0,59.540460957155986,-20.540460957155986
2025-12-09,arx_lag1_7_route,hormuz_tanker_transits,fold_36,55.0,58.90817604402847,-3.9081760440284725
2025-12-10,arx_lag1_7_route,hormuz_tanker_transits,fold_36,35.0,57.50670672963267,-22.50670672963267
2025-12-11,arx_lag1_7_route,hormuz_tanker_transits,fold_36,36.0,59.61805712225492,-23.618057122254918
2025-12-12,arx_lag1_7_route,hormuz_tanker_transits,fold_36,29.0,58.45881733934705,-29.45881733934705
2025-12-13,arx_lag1_7_route,hormuz_tanker_transits,fold_36,32.0,60.080091512553594,-28.080091512553594
2025-12-14,arx_lag1_7_route,hormuz_tanker_transits,fold_36,42.0,59.85473157372139,-17.854731573721388
2025-12-15,arx_lag1_7_route,hormuz_tanker_transits,fold_36,23.0,59.93350710883973,-36.93350710883973
2025-12-16,arx_lag1_7_route,hormuz_tanker_transits,fold_37,38.0,40.563541952966624,-2.5635419529666237
2025-12-17,arx_lag1_7_route,hormuz_tanker_transits,fold_37,32.0,47.29647759994997,-15.296477599949966
2025-12-18,arx_lag1_7_route,hormuz_tanker_transits,fold_37,41.0,50.047691533087395,-9.047691533087395
2025-12-19,arx_lag1_7_route,hormuz_tanker_transits,fold_37,23.0,49.953450571211604,-26.953450571211604
2025-12-20,arx_lag1_7_route,hormuz_tanker_transits,fold_37,25.0,51.028727856948805,-26.028727856948805
2025-12-21,arx_lag1_7_route,hormuz_tanker_transits,fold_37,36.0,52.16040525249294,-16.160405252492943
2025-12-22,arx_lag1_7_route,hormuz_tanker_transits,fold_37,27.0,49.135862886967736,-22.135862886967736
2025-12-23,arx_lag1_7_route,hormuz_tanker_transits,fold_37,13.0,49.70341639298888,-36.70341639298888
2025-12-24,arx_lag1_7_route,hormuz_tanker_transits,fold_37,34.0,51.26625592497967,-17.266255924979667
2025-12-25,arx_lag1_7_route,hormuz_tanker_transits,fold_37,26.0,53.21578584491415,-27.21578584491415
2025-12-26,arx_lag1_7_route,hormuz_tanker_transits,fold_37,37.0,54.83698719923387,-17.836987199233867
2025-12-27,arx_lag1_7_route,hormuz_tanker_transits,fold_37,45.0,55.74485906310312,-10.744859063103121
2025-12-28,arx_lag1_7_route,hormuz_tanker_transits,fold_37,23.0,55.12821767986777,-32.12821767986777
2025-12-29,arx_lag1_7_route,hormuz_tanker_transits,fold_37,34.0,54.83510247384235,-20.835102473842348
2025-12-30,arx_lag1_7_route,hormuz_tanker_transits,fold_37,42.0,56.22603219256009,-14.22603219256009
2025-12-31,arx_lag1_7_route,hormuz_tanker_transits,fold_37,52.0,55.824367516274506,-3.8243675162745063
2026-01-01,arx_lag1_7_route,hormuz_tanker_transits,fold_37,39.0,55.476267627543436,-16.476267627543436
2026-01-02,arx_lag1_7_route,hormuz_tanker_transits,fold_37,27.0,55.16309613207921,-28.16309613207921
2026-01-03,arx_lag1_7_route,hormuz_tanker_transits,fold_37,28.0,55.54177245437351,-27.541772454373508
2026-01-04,arx_lag1_7_route,hormuz_tanker_transits,fold_37,28.0,56.82683826037616,-28.826838260376157
2026-01-05,arx_lag1_7_route,hormuz_tanker_transits,fold_37,34.0,57.757118263597334,-23.757118263597334
2026-01-06,arx_lag1_7_route,hormuz_tanker_transits,fold_37,38.0,56.45635950172543,-18.45635950172543
2026-01-07,arx_lag1_7_route,hormuz_tanker_transits,fold_37,53.0,57.46068405346478,-4.460684053464782
2026-01-08,arx_lag1_7_route,hormuz_tanker_transits,fold_37,45.0,58.511107725577375,-13.511107725577375
2026-01-09,arx_lag1_7_route,hormuz_tanker_transits,fold_37,50.0,58.146025910594574,-8.146025910594574
2026-01-10,arx_lag1_7_route,hormuz_tanker_transits,fold_37,40.0,59.097035739187156,-19.097035739187156
2026-01-11,arx_lag1_7_route,hormuz_tanker_transits,fold_37,39.0,59.22125600923854,-20.221256009238537
2026-01-12,arx_lag1_7_route,hormuz_tanker_transits,fold_37,39.0,58.31692987886606,-19.316929878866063
2026-01-13,arx_lag1_7_route,hormuz_tanker_transits,fold_37,34.0,57.1822869597962,-23.1822869597962
2026-01-14,arx_lag1_7_route,hormuz_tanker_transits,fold_37,40.0,57.10328482926813,-17.103284829268127
2026-01-15,arx_lag1_7_route,hormuz_tanker_transits,fold_38,42.0,46.885289434970694,-4.885289434970694
2026-01-16,arx_lag1_7_route,hormuz_tanker_transits,fold_38,39.0,51.31100797769931,-12.311007977699312
2026-01-17,arx_lag1_7_route,hormuz_tanker_transits,fold_38,27.0,51.14741065560186,-24.14741065560186
2026-01-18,arx_lag1_7_route,hormuz_tanker_transits,fold_38,25.0,51.660163756819784,-26.660163756819784
2026-01-19,arx_lag1_7_route,hormuz_tanker_transits,fold_38,33.0,51.49953252488231,-18.499532524882312
2026-01-20,arx_lag1_7_route,hormuz_tanker_transits,fold_38,37.0,50.68556029523181,-13.68556029523181
2026-01-21,arx_lag1_7_route,hormuz_tanker_transits,fold_38,34.0,50.5959253281046,-16.5959253281046
2026-01-22,arx_lag1_7_route,hormuz_tanker_transits,fold_38,41.0,51.79701105292812,-10.79701105292812
2026-01-23,arx_lag1_7_route,hormuz_tanker_transits,fold_38,35.0,53.86607083048942,-18.86607083048942
2026-01-24,arx_lag1_7_route,hormuz_tanker_transits,fold_38,24.0,54.58261301074611,-30.58261301074611
2026-01-25,arx_lag1_7_route,hormuz_tanker_transits,fold_38,48.0,56.10609088701096,-8.106090887010957
2026-01-26,arx_lag1_7_route,hormuz_tanker_transits,fold_38,28.0,54.87694681279933,-26.876946812799332
2026-01-27,arx_lag1_7_route,hormuz_tanker_transits,fold_38,35.0,54.91115998049026,-19.91115998049026
2026-01-28,arx_lag1_7_route,hormuz_tanker_transits,fold_38,46.0,53.392664071249484,-7.392664071249484
2026-01-29,arx_lag1_7_route,hormuz_tanker_transits,fold_38,51.0,54.49668530709784,-3.4966853070978416
2026-01-30,arx_lag1_7_route,hormuz_tanker_transits,fold_38,48.0,56.554291129262644,-8.554291129262644
2026-01-31,arx_lag1_7_route,hormuz_tanker_transits,fold_38,49.0,56.3942868084934,-7.394286808493398
2026-02-01,arx_lag1_7_route,hormuz_tanker_transits,fold_38,28.0,57.036481666794,-29.036481666794003
2026-02-02,arx_lag1_7_route,hormuz_tanker_transits,fold_38,48.0,56.5384027222832,-8.538402722283202
2026-02-03,arx_lag1_7_route,hormuz_tanker_transits,fold_38,45.0,56.91760620378437,-11.917606203784374
2026-02-04,arx_lag1_7_route,hormuz_tanker_transits,fold_38,21.0,55.36431537473803,-34.36431537473803
2026-02-05,arx_lag1_7_route,hormuz_tanker_transits,fold_38,36.0,56.373734241358065,-20.373734241358065
2026-02-06,arx_lag1_7_route,hormuz_tanker_transits,fold_38,45.0,58.356187336897804,-13.356187336897804
2026-02-07,arx_lag1_7_route,hormuz_tanker_transits,fold_38,46.0,57.48814331319169,-11.488143313191692
2026-02-08,arx_lag1_7_route,hormuz_tanker_transits,fold_38,39.0,57.63505188088376,-18.635051880883758
2026-02-09,arx_lag1_7_route,hormuz_tanker_transits,fold_38,38.0,57.40152558686805,-19.401525586868047
2026-02-10,arx_lag1_7_route,hormuz_tanker_transits,fold_38,49.0,55.80581422751403,-6.805814227514027
2026-02-11,arx_lag1_7_route,hormuz_tanker_transits,fold_38,54.0,56.800683990237395,-2.8006839902373954
2026-02-12,arx_lag1_7_route,hormuz_tanker_transits,fold_38,35.0,58.40148714076323,-23.40148714076323
2026-02-13,arx_lag1_7_route,hormuz_tanker_transits,fold_38,65.0,58.89744515215482,6.102554847845177
2023-01-01,arx_lag1_7_route_energy,hormuz_tanker_transits,fold_01,50.0,50.88842051436427,-0.8884205143642703
2023-01-02,arx_lag1_7_route_energy,hormuz_tanker_transits,fold_01,60.0,55.03888290628764,4.96111709371236
2023-01-03,arx_lag1_7_route_energy,hormuz_tanker_transits,fold_01,53.0,55.44603208250707,-2.4460320825070667
2023-01-04,arx_lag1_7_route_energy,hormuz_tanker_transits,fold_01,58.0,55.19209438053116,2.8079056194688405
2023-01-05,arx_lag1_7_route_energy,hormuz_tanker_transits,fold_01,51.0,56.56257943632798,-5.5625794363279795
2023-01-06,arx_lag1_7_route_energy,hormuz_tanker_transits,fold_01,46.0,57.84880273991341,-11.84880273991341
2023-01-07,arx_lag1_7_route_energy,hormuz_tanker_transits,fold_01,62.0,56.75530191414005,5.244698085859952
2023-01-08,arx_lag1_7_route_energy,hormuz_tanker_transits,fold_01,51.0,57.585042139374984,-6.585042139374984
2023-01-09,arx_lag1_7_route_energy,hormuz_tanker_transits,fold_01,55.0,57.327605509252386,-2.327605509252386
2023-01-10,arx_lag1_7_route_energy,hormuz_tanker_transits,fold_01,49.0,55.2375175508479,-6.2375175508478975
2023-01-11,arx_lag1_7_route_energy,hormuz_tanker_transits,fold_01,37.0,57.11777732852334,-20.11777732852334
2023-01-12,arx_lag1_7_route_energy,hormuz_tanker_transits,fold_01,46.0,57.163284160049855,-11.163284160049855
2023-01-13,arx_lag1_7_route_energy,hormuz_tanker_transits,fold_01,40.0,58.5581708144569,-18.5581708144569
2023-01-14,arx_lag1_7_route_energy,hormuz_tanker_transits,fold_01,55.0,58.20568328964539,-3.2056832896453926
2023-01-15,arx_lag1_7_route_energy,hormuz_tanker_transits,fold_01,31.0,58.191240247239485,-27.191240247239485
2023-01-16,arx_lag1_7_route_energy,hormuz_tanker_transits,fold_01,49.0,57.23968577590928,-8.23968577590928
2023-01-17,arx_lag1_7_route_energy,hormuz_tanker_transits,fold_01,53.0,57.273517172152694,-4.273517172152694
2023-01-18,arx_lag1_7_route_energy,hormuz_tanker_transits,fold_01,58.0,57.36532497792046,0.6346750220795414
2023-01-19,arx_lag1_7_route_energy,hormuz_tanker_transits,fold_01,55.0,57.426589922024476,-2.426589922024476
2023-01-20,arx_lag1_7_route_energy,hormuz_tanker_transits,fold_01,57.0,58.49612993930239,-1.4961299393023921
2023-01-21,arx_lag1_7_route_energy,hormuz_tanker_transits,fold_01,54.0,57.80834055761166,-3.8083405576116576
2023-01-22,arx_lag1_7_route_energy,hormuz_tanker_transits,fold_01,64.0,58.45720189066236,5.542798109337639
2023-01-23,arx_lag1_7_route_energy,hormuz_tanker_transits,fold_01,55.0,58.524093068733784,-3.5240930687337837
2023-01-24,arx_lag1_7_route_energy,hormuz_tanker_transits,fold_01,50.0,58.40490163502863,-8.40490163502863
2023-01-25,arx_lag1_7_route_energy,hormuz_tanker_transits,fold_01,72.0,57.89841566464882,14.101584335351177
2023-01-26,arx_lag1_7_route_energy,hormuz_tanker_transits,fold_01,60.0,58.42169645024213,1.5783035497578695
2023-01-27,arx_lag1_7_route_energy,hormuz_tanker_transits,fold_01,57.0,58.719237206741695,-1.7192372067416954
2023-01-28,arx_lag1_7_route_energy,hormuz_tanker_transits,fold_01,61.0,59.256496957504545,1.7435030424954547
2023-01-29,arx_lag1_7_route_energy,hormuz_tanker_transits,fold_01,54.0,58.34328407066231,-4.343284070662307
2023-01-30,arx_lag1_7_route_energy,hormuz_tanker_transits,fold_01,52.0,58.643752848192705,-6.643752848192705
2023-01-31,arx_lag1_7_route_energy,hormuz_tanker_transits,fold_02,57.0,54.68275704629689,2.317242953703108
2023-02-01,arx_lag1_7_route_energy,hormuz_tanker_transits,fold_02,61.0,55.49958814810759,5.500411851892409
2023-02-02,arx_lag1_7_route_energy,hormuz_tanker_transits,fold_02,48.0,55.30819139979146,-7.308191399791461
2023-02-03,arx_lag1_7_route_energy,hormuz_tanker_transits,fold_02,63.0,54.732583776019,8.267416223981002
2023-02-04,arx_lag1_7_route_energy,hormuz_tanker_transits,fold_02,63.0,55.38625203622227,7.613747963777733
2023-02-05,arx_lag1_7_route_energy,hormuz_tanker_transits,fold_02,46.0,55.459997713036145,-9.459997713036145
2023-02-06,arx_lag1_7_route_energy,hormuz_tanker_transits,fold_02,56.0,55.08875287194778,0.9112471280522172
2023-02-07,arx_lag1_7_route_energy,hormuz_tanker_transits,fold_02,68.0,55.107394708824195,12.892605291175805
2023-02-08,arx_lag1_7_route_energy,hormuz_tanker_transits,fold_02,56.0,54.175145234333385,1.8248547656666148
2023-02-09,arx_lag1_7_route_energy,hormuz_tanker_transits,fold_02,52.0,55.15307237463764,-3.153072374637638
2023-02-10,arx_lag1_7_route_energy,hormuz_tanker_transits,fold_02,41.0,56.99326392281336,-15.993263922813362
2023-02-11,arx_lag1_7_route_energy,hormuz_tanker_transits,fold_02,39.0,57.75906656733824,-18.759066567338238
2023-02-12,arx_lag1_7_route_energy,hormuz_tanker_transits,fold_02,71.0,56.02772196579124,14.972278034208763
2023-02-13,arx_lag1_7_route_energy,hormuz_tanker_transits,fold_02,75.0,56.18621777534084,18.813782224659157
2023-02-14,arx_lag1_7_route_energy,hormuz_tanker_transits,fold_02,45.0,55.99595286050265,-10.995952860502648
2023-02-15,arx_lag1_7_route_energy,hormuz_tanker_transits,fold_02,33.0,55.65137137238442,-22.651371372384418
2023-02-16,arx_lag1_7_route_energy,hormuz_tanker_transits,fold_02,87.0,56.38326778290917,30.616732217090828
2023-02-17,arx_lag1_7_route_energy,hormuz_tanker_transits,fold_02,68.0,55.4991575566821,12.5008424433179
2023-02-18,arx_lag1_7_route_energy,hormuz_tanker_transits,fold_02,50.0,56.70215519981448,-6.702155199814477
2023-02-19,arx_lag1_7_route_energy,hormuz_tanker_transits,fold_02,47.0,56.066800918973136,-9.066800918973136
2023-02-20,arx_lag1_7_route_energy,hormuz_tanker_transits,fold_02,61.0,56.27742709858552,4.72257290141448
2023-02-21,arx_lag1_7_route_energy,hormuz_tanker_transits,fold_02,49.0,54.84445771917918,-5.844457719179182
2023-02-22,arx_lag1_7_route_energy,hormuz_tanker_transits,fold_02,81.0,53.41024307168166,27.589756928318337
2023-02-23,arx_lag1_7_route_energy,hormuz_tanker_transits,fold_02,54.0,54.53417660773491,-0.5341766077349135
2023-02-24,arx_lag1_7_route_energy,hormuz_tanker_transits,fold_02,86.0,55.67536332879073,30.32463667120927
2023-02-25,arx_lag1_7_route_energy,hormuz_tanker_transits,fold_02,62.0,57.00866485017632,4.9913351498236835
2023-02-26,arx_lag1_7_route_energy,hormuz_tanker_transits,fold_02,78.0,55.581695679935066,22.418304320064934
2023-02-27,arx_lag1_7_route_energy,hormuz_tanker_transits,fold_02,64.0,55.1593855828059,8.840614417194097
2023-02-28,arx_lag1_7_route_energy,hormuz_tanker_transits,fold_02,56.0,54.23758446613846,1.7624155338615424
2023-03-01,arx_lag1_7_route_energy,hormuz_tanker_transits,fold_02,59.0,55.03177661880243,3.968223381197568
2023-03-02,arx_lag1_7_route_energy,hormuz_tanker_transits,fold_03,54.0,57.83547374003047,-3.835473740030473
2023-03-03,arx_lag1_7_route_energy,hormuz_tanker_transits,fold_03,53.0,58.48046561813709,-5.480465618137089
2023-03-04,arx_lag1_7_route_energy,hormuz_tanker_transits,fold_03,43.0,58.499381287409854,-15.499381287409854
2023-03-05,arx_lag1_7_route_energy,hormuz_tanker_transits,fold_03,74.0,58.413088587854496,15.586911412145504
2023-03-06,arx_lag1_7_route_energy,hormuz_tanker_transits,fold_03,67.0,57.316475274048976,9.683524725951024
2023-03-07,arx_lag1_7_route_energy,hormuz_tanker_transits,fold_03,78.0,57.0896530243649,20.9103469756351
2023-03-08,arx_lag1_7_route_energy,hormuz_tanker_transits,fold_03,71.0,56.389396583736335,14.610603416263665
2023-03-09,arx_lag1_7_route_energy,hormuz_tanker_transits,fold_03,65.0,56.397922244321656,8.602077755678344
2023-03-10,arx_lag1_7_route_energy,hormuz_tanker_transits,fold_03,65.0,57.33612475128564,7.663875248714362
2023-03-11,arx_lag1_7_route_energy,hormuz_tanker_transits,fold_03,85.0,56.931800328954715,28.068199671045285
2023-03-12,arx_lag1_7_route_energy,hormuz_tanker_transits,fold_03,71.0,56.64520073036003,14.354799269639969
2023-03-13,arx_lag1_7_route_energy,hormuz_tanker_transits,fold_03,61.0,56.15792646779798,4.842073532202022
2023-03-14,arx_lag1_7_route_energy,hormuz_tanker_transits,fold_03,69.0,55.197039695324186,13.802960304675814
2023-03-15,arx_lag1_7_route_energy,hormuz_tanker_transits,fold_03,51.0,54.76295076996746,-3.7629507699674605
2023-03-16,arx_lag1_7_route_energy,hormuz_tanker_transits,fold_03,55.0,54.87173958827166,0.12826041172834124
2023-03-17,arx_lag1_7_route_energy,hormuz_tanker_transits,fold_03,56.0,54.996196613883455,1.0038033861165445
2023-03-18,arx_lag1_7_route_energy,hormuz_tanker_transits,fold_03,65.0,54.82943337312746,10.170566626872542
2023-03-19,arx_lag1_7_route_energy,hormuz_tanker_transits,fold_03,68.0,54.168474386288544,13.831525613711456
2023-03-20,arx_lag1_7_route_energy,hormuz_tanker_transits,fold_03,55.0,54.13536441331675,0.8646355866832494
2023-03-21,arx_lag1_7_route_energy,hormuz_tanker_transits,fold_03,44.0,53.820539670405076,-9.820539670405076
2023-03-22,arx_lag1_7_route_energy,hormuz_tanker_transits,fold_03,37.0,54.51386524952314,-17.513865249523143
2023-03-23,arx_lag1_7_route_energy,hormuz_tanker_transits,fold_03,42.0,54.87135870669984,-12.871358706699837
2023-03-24,arx_lag1_7_route_energy,hormuz_tanker_transits,fold_03,31.0,55.140036388916826,-24.140036388916826
2023-03-25,arx_lag1_7_route_energy,hormuz_tanker_transits,fold_03,49.0,54.6233466728725,-5.623346672872501
2023-03-26,arx_lag1_7_route_energy,hormuz_tanker_transits,fold_03,58.0,54.289562454577975,3.7104375454220246
2023-03-27,arx_lag1_7_route_energy,hormuz_tanker_transits,fold_03,43.0,54.24818428115906,-11.248184281159062
2023-03-28,arx_lag1_7_route_energy,hormuz_tanker_transits,fold_03,41.0,54.173528770756285,-13.173528770756285
2023-03-29,arx_lag1_7_route_energy,hormuz_tanker_transits,fold_03,43.0,54.45494093260947,-11.454940932609468
2023-03-30,arx_lag1_7_route_energy,hormuz_tanker_transits,fold_03,64.0,55.817239565086204,8.182760434913796
2023-03-31,arx_lag1_7_route_energy,hormuz_tanker_transits,fold_03,76.0,56.21420730250215,19.785792697497847
2023-04-01,arx_lag1_7_route_energy,hormuz_tanker_transits,fold_04,66.0,63.37645884513503,2.6235411548649665
2023-04-02,arx_lag1_7_route_energy,hormuz_tanker_transits,fold_04,55.0,59.15885569672972,-4.1588556967297166
2023-04-03,arx_lag1_7_route_energy,hormuz_tanker_transits,fold_04,46.0,57.101436858203655,-11.101436858203655
2023-04-04,arx_lag1_7_route_energy,hormuz_tanker_transits,fold_04,44.0,56.39618730890416,-12.39618730890416
2023-04-05,arx_lag1_7_route_energy,hormuz_tanker_transits,fold_04,57.0,56.674696143663645,0.3253038563363546
2023-04-06,arx_lag1_7_route_energy,hormuz_tanker_transits,fold_04,75.0,57.75251762068176,17.247482379318242
2023-04-07,arx_lag1_7_route_energy,hormuz_tanker_transits,fold_04,54.0,58.52212053448125,-4.522120534481253
2023-04-08,arx_lag1_7_route_energy,hormuz_tanker_transits,fold_04,67.0,59.4712147125146,7.528785287485398
2023-04-09,arx_lag1_7_route_energy,hormuz_tanker_transits,fold_04,82.0,58.14708248649134,23.852917513508658
2023-04-10,arx_lag1_7_route_energy,hormuz_tanker_transits,fold_04,63.0,57.65363216061048,5.346367839389522
2023-04-11,arx_lag1_7_route_energy,hormuz_tanker_transits,fold_04,63.0,57.74999382396895,5.25000617603105
2023-04-12,arx_lag1_7_route_energy,hormuz_tanker_transits,fold_04,67.0,57.13944107418517,9.860558925814829
2023-04-13,arx_lag1_7_route_energy,hormuz_tanker_transits,fold_04,70.0,57.870986217954474,12.129013782045526
2023-04-14,arx_lag1_7_route_energy,hormuz_tanker_transits,fold_04,65.0,58.83218462035044,6.167815379649561
2023-04-15,arx_lag1_7_route_energy,hormuz_tanker_transits,fold_04,56.0,58.945898169374665,-2.945898169374665
2023-04-16,arx_lag1_7_route_energy,hormuz_tanker_transits,fold_04,57.0,58.89662609947973,-1.8966260994797324
2023-04-17,arx_lag1_7_route_energy,hormuz_tanker_transits,fold_04,56.0,57.8787916402672,-1.8787916402672025
2023-04-18,arx_lag1_7_route_energy,hormuz_tanker_transits,fold_04,62.0,56.73015191098141,5.269848089018588
2023-04-19,arx_lag1_7_route_energy,hormuz_tanker_transits,fold_04,70.0,56.889909934404024,13.110090065595976
2023-04-20,arx_lag1_7_route_energy,hormuz_tanker_transits,fold_04,102.0,57.42384381407646,44.57615618592354
2023-04-21,arx_lag1_7_route_energy,hormuz_tanker_transits,fold_04,67.0,57.54685796549687,9.45314203450313
2023-04-22,arx_lag1_7_route_energy,hormuz_tanker_transits,fold_04,83.0,58.358837037224866,24.641162962775134
2023-04-23,arx_lag1_7_route_energy,hormuz_tanker_transits,fold_04,63.0,57.96749951530065,5.032500484699348
2023-04-24,arx_lag1_7_route_energy,hormuz_tanker_transits,fold_04,66.0,57.709374048234764,8.290625951765236
2023-04-25,arx_lag1_7_route_energy,hormuz_tanker_transits,fold_04,66.0,56.38891703570023,9.611082964299769
2023-04-26,arx_lag1_7_route_energy,hormuz_tanker_transits,fold_04,52.0,55.99190931438509,-3.99190931438509
2023-04-27,arx_lag1_7_route_energy,hormuz_tanker_transits,fold_04,58.0,56.846133225811144,1.153866774188856
2023-04-28,arx_lag1_7_route_energy,hormuz_tanker_transits,fold_04,60.0,57.31468285857003,2.6853171414299695
2023-04-29,arx_lag1_7_route_energy,hormuz_tanker_transits,fold_04,71.0,57.64982046526029,13.35017953473971
2023-04-30,arx_lag1_7_route_energy,hormuz_tanker_transits,fold_04,55.0,56.308192583299096,-1.3081925832990962
2023-05-01,arx_lag1_7_route_energy,hormuz_tanker_transits,fold_05,62.0,56.5974738708847,5.4025261291153015
2023-05-02,arx_lag1_7_route_energy,hormuz_tanker_transits,fold_05,58.0,56.36232497726961,1.6376750227303916
2023-05-03,arx_lag1_7_route_energy,hormuz_tanker_transits,fold_05,58.0,55.69033471848212,2.30966528151788
2023-05-04,arx_lag1_7_route_energy,hormuz_tanker_transits,fold_05,50.0,55.27041689405211,-5.2704168940521114
2023-05-05,arx_lag1_7_route_energy,hormuz_tanker_transits,fold_05,55.0,56.82959316336644,-1.8295931633664395
2023-05-06,arx_lag1_7_route_energy,hormuz_tanker_transits,fold_05,70.0,57.77799595151129,12.222004048488706
2023-05-07,arx_lag1_7_route_energy,hormuz_tanker_transits,fold_05,69.0,57.65922588319624,11.340774116803757
2023-05-08,arx_lag1_7_route_energy,hormuz_tanker_transits,fold_05,70.0,55.52420535354813,14.475794646451867
2023-05-09,arx_lag1_7_route_energy,hormuz_tanker_transits,fold_05,62.0,56.20498653315156,5.795013466848438
2023-05-10,arx_lag1_7_route_energy,hormuz_tanker_transits,fold_05,69.0,56.0504395685231,12.949560431476897
2023-05-11,arx_lag1_7_route_energy,hormuz_tanker_transits,fold_05,83.0,55.86627455044224,27.13372544955776
2023-05-12,arx_lag1_7_route_energy,hormuz_tanker_transits,fold_05,72.0,56.748713146788454,15.251286853211546
2023-05-13,arx_lag1_7_route_energy,hormuz_tanker_transits,fold_05,76.0,57.024827281948596,18.975172718051404
2023-05-14,arx_lag1_7_route_energy,hormuz_tanker_transits,fold_05,70.0,56.462884567667295,13.537115432332705
2023-05-15,arx_lag1_7_route_energy,hormuz_tanker_transits,fold_05,58.0,56.17608136059434,1.8239186394056617
2023-05-16,arx_lag1_7_route_energy,hormuz_tanker_transits,fold_05,36.0,55.528869694664664,-19.528869694664664
2023-05-17,arx_lag1_7_route_energy,hormuz_tanker_transits,fold_05,61.0,56.57574906319483,4.424250936805173
2023-05-18,arx_lag1_7_route_energy,hormuz_tanker_transits,fold_05,74.0,56.5493764917068,17.450623508293198
2023-05-19,arx_lag1_7_route_energy,hormuz_tanker_transits,fold_05,86.0,57.950298835678126,28.049701164321874
2023-05-20,arx_lag1_7_route_energy,hormuz_tanker_transits,fold_05,91.0,57.81314734097131,33.18685265902869
2023-05-21,arx_lag1_7_route_energy,hormuz_tanker_transits,fold_05,47.0,57.24166102840055,-10.24166102840055
2023-05-22,arx_lag1_7_route_energy,hormuz_tanker_transits,fold_05,66.0,56.346874439745754,9.653125560254246
2023-05-23,arx_lag1_7_route_energy,hormuz_tanker_transits,fold_05,59.0,55.402319893861154,3.5976801061388457
2023-05-24,arx_lag1_7_route_energy,hormuz_tanker_transits,fold_05,63.0,56.45049980383893,6.54950019616107
2023-05-25,arx_lag1_7_route_energy,hormuz_tanker_transits,fold_05,64.0,57.598274450444876,6.401725549555124
2023-05-26,arx_lag1_7_route_energy,hormuz_tanker_transits,fold_05,69.0,58.12006207692808,10.879937923071921
2023-05-27,arx_lag1_7_route_energy,hormuz_tanker_transits,fold_05,65.0,57.64609056109567,7.353909438904331
2023-05-28,arx_lag1_7_route_energy,hormuz_tanker_transits,fold_05,50.0,56.733410909114454,-6.733410909114454
2023-05-29,arx_lag1_7_route_energy,hormuz_tanker_transits,fold_05,68.0,55.69798886571285,12.302011134287149
2023-05-30,arx_lag1_7_route_energy,hormuz_tanker_transits,fold_05,64.0,54.8572247239711,9.1427752760289
2023-05-31,arx_lag1_7_route_energy,hormuz_tanker_transits,fold_06,74.0,59.78445978958736,14.215540210412641
2023-06-01,arx_lag1_7_route_energy,hormuz_tanker_transits,fold_06,66.0,59.07222763308799,6.927772366912009
2023-06-02,arx_lag1_7_route_energy,hormuz_tanker_transits,fold_06,53.0,60.132637730331155,-7.132637730331155
2023-06-03,arx_lag1_7_route_energy,hormuz_tanker_transits,fold_06,27.0,59.61877244225333,-32.61877244225333
2023-06-04,arx_lag1_7_route_energy,hormuz_tanker_transits,fold_06,70.0,58.05613275245216,11.943867247547843
2023-06-05,arx_lag1_7_route_energy,hormuz_tanker_transits,fold_06,78.0,57.75657346391411,20.24342653608589
2023-06-06,arx_lag1_7_route_energy,hormuz_tanker_transits,fold_06,62.0,57.896330086199896,4.103669913800104
2023-06-07,arx_lag1_7_route_energy,hormuz_tanker_transits,fold_06,62.0,57.570383564939675,4.429616435060325
2023-06-08,arx_lag1_7_route_energy,hormuz_tanker_transits,fold_06,64.0,59.36117205311316,4.638827946886842
2023-06-09,arx_lag1_7_route_energy,hormuz_tanker_transits,fold_06,80.0,59.663225295396366,20.336774704603634
2023-06-10,arx_lag1_7_route_energy,hormuz_tanker_transits,fold_06,65.0,59.89878000797123,5.101219992028767
2023-06-11,arx_lag1_7_route_energy,hormuz_tanker_transits,fold_06,68.0,58.40369985224341,9.596300147756587
2023-06-12,arx_lag1_7_route_energy,hormuz_tanker_transits,fold_06,37.0,56.19259231653292,-19.192592316532917
2023-06-13,arx_lag1_7_route_energy,hormuz_tanker_transits,fold_06,33.0,56.791415107910524,-23.791415107910524
2023-06-14,arx_lag1_7_route_energy,hormuz_tanker_transits,fold_06,43.0,56.92375937502175,-13.923759375021753
2023-06-15,arx_lag1_7_route_energy,hormuz_tanker_transits,fold_06,61.0,57.93437708941542,3.0656229105845796
2023-06-16,arx_lag1_7_route_energy,hormuz_tanker_transits,fold_06,65.0,58.4214738428285,6.578526157171503
2023-06-17,arx_lag1_7_route_energy,hormuz_tanker_transits,fold_06,68.0,59.248462930958574,8.751537069041426
2023-06-18,arx_lag1_7_route_energy,hormuz_tanker_transits,fold_06,69.0,58.774764394747066,10.225235605252934
2023-06-19,arx_lag1_7_route_energy,hormuz_tanker_transits,fold_06,61.0,57.654553243923495,3.3454467560765053
2023-06-20,arx_lag1_7_route_energy,hormuz_tanker_transits,fold_06,57.0,57.3673533303618,-0.3673533303618015
2023-06-21,arx_lag1_7_route_energy,hormuz_tanker_transits,fold_06,70.0,57.31837095945487,12.681629040545133
2023-06-22,arx_lag1_7_route_energy,hormuz_tanker_transits,fold_06,65.0,58.37763543338428,6.6223645666157225
2023-06-23,arx_lag1_7_route_energy,hormuz_tanker_transits,fold_06,54.0,58.95920760836756,-4.9592076083675565
2023-06-24,arx_lag1_7_route_energy,hormuz_tanker_transits,fold_06,86.0,58.89122385981203,27.10877614018797
2023-06-25,arx_lag1_7_route_energy,hormuz_tanker_transits,fold_06,55.0,58.055433034136875,-3.0554330341368754
2023-06-26,arx_lag1_7_route_energy,hormuz_tanker_transits,fold_06,60.0,56.91171533807558,3.088284661924419
2023-06-27,arx_lag1_7_route_energy,hormuz_tanker_transits,fold_06,60.0,56.317435076412714,3.682564923587286
2023-06-28,arx_lag1_7_route_energy,hormuz_tanker_transits,fold_06,73.0,56.6615133359341,16.338486664065897
2023-06-29,arx_lag1_7_route_energy,hormuz_tanker_transits,fold_06,75.0,58.26295967996822,16.73704032003178
2023-06-30,arx_lag1_7_route_energy,hormuz_tanker_transits,fold_07,59.0,65.54500024262602,-6.545000242626017
2023-07-01,arx_lag1_7_route_energy,hormuz_tanker_transits,fold_07,70.0,63.27785187468354,6.722148125316458
2023-07-02,arx_lag1_7_route_energy,hormuz_tanker_transits,fold_07,73.0,61.07849920565129,11.92150079434871
2023-07-03,arx_lag1_7_route_energy,hormuz_tanker_transits,fold_07,59.0,59.343512869748174,-0.3435128697481744
2023-07-04,arx_lag1_7_route_energy,hormuz_tanker_transits,fold_07,56.0,57.62977388145912,-1.6297738814591227
2023-07-05,arx_lag1_7_route_energy,hormuz_tanker_transits,fold_07,97.0,59.58523449957466,37.41476550042534
2023-07-06,arx_lag1_7_route_energy,hormuz_tanker_transits,fold_07,57.0,60.99578923171524,-3.995789231715243
2023-07-07,arx_lag1_7_route_energy,hormuz_tanker_transits,fold_07,71.0,61.92853002065589,9.071469979344108
2023-07-08,arx_lag1_7_route_energy,hormuz_tanker_transits,fold_07,47.0,61.56176220085106,-14.561762200851057
2023-07-09,arx_lag1_7_route_energy,hormuz_tanker_transits,fold_07,62.0,60.710647357145824,1.2893526428541762
2023-07-10,arx_lag1_7_route_energy,hormuz_tanker_transits,fold_07,79.0,58.22432825393555,20.775671746064447
2023-07-11,arx_lag1_7_route_energy,hormuz_tanker_transits,fold_07,74.0,57.66023827585233,16.33976172414767
2023-07-12,arx_lag1_7_route_energy,hormuz_tanker_transits,fold_07,42.0,58.514100665053405,-16.514100665053405
2023-07-13,arx_lag1_7_route_energy,hormuz_tanker_transits,fold_07,81.0,60.557943208974955,20.442056791025045
2023-07-14,arx_lag1_7_route_energy,hormuz_tanker_transits,fold_07,80.0,62.17363594541703,17.826364054582967
2023-07-15,arx_lag1_7_route_energy,hormuz_tanker_transits,fold_07,74.0,61.70030725525905,12.299692744740952
2023-07-16,arx_lag1_7_route_energy,hormuz_tanker_transits,fold_07,63.0,59.768510535112284,3.2314894648877157
2023-07-17,arx_lag1_7_route_energy,hormuz_tanker_transits,fold_07,67.0,58.514945011587294,8.485054988412706
2023-07-18,arx_lag1_7_route_energy,hormuz_tanker_transits,fold_07,57.0,58.54757067248786,-1.5475706724878577
2023-07-19,arx_lag1_7_route_energy,hormuz_tanker_transits,fold_07,37.0,60.430222536510605,-23.430222536510605
2023-07-20,arx_lag1_7_route_energy,hormuz_tanker_transits,fold_07,88.0,60.74098929904049,27.259010700959507
2023-07-21,arx_lag1_7_route_energy,hormuz_tanker_transits,fold_07,77.0,61.27139322892945,15.728606771070552
2023-07-22,arx_lag1_7_route_energy,hormuz_tanker_transits,fold_07,60.0,59.91077531303593,0.08922468696407293
2023-07-23,arx_lag1_7_route_energy,hormuz_tanker_transits,fold_07,60.0,59.08229873594465,0.9177012640553528
2023-07-24,arx_lag1_7_route_energy,hormuz_tanker_transits,fold_07,71.0,58.295420940941895,12.704579059058105
2023-07-25,arx_lag1_7_route_energy,hormuz_tanker_transits,fold_07,50.0,58.44104194916566,-8.441041949165658
2023-07-26,arx_lag1_7_route_energy,hormuz_tanker_transits,fold_07,43.0,59.68095690831821,-16.68095690831821
2023-07-27,arx_lag1_7_route_energy,hormuz_tanker_transits,fold_07,46.0,60.86503359515933,-14.865033595159332
2023-07-28,arx_lag1_7_route_energy,hormuz_tanker_transits,fold_07,51.0,61.582807532965475,-10.582807532965475
2023-07-29,arx_lag1_7_route_energy,hormuz_tanker_transits,fold_07,30.0,61.343851079185015,-31.343851079185015
2023-07-30,arx_lag1_7_route_energy,hormuz_tanker_transits,fold_08,65.0,50.47398257328608,14.52601742671392
2023-07-31,arx_lag1_7_route_energy,hormuz_tanker_transits,fold_08,93.0,56.98202593172595,36.01797406827405
2023-08-01,arx_lag1_7_route_energy,hormuz_tanker_transits,fold_08,72.0,58.659860266020644,13.340139733979356
2023-08-02,arx_lag1_7_route_energy,hormuz_tanker_transits,fold_08,66.0,58.88338868330727,7.116611316692733
2023-08-03,arx_lag1_7_route_energy,hormuz_tanker_transits,fold_08,69.0,60.457878383577395,8.542121616422605
2023-08-04,arx_lag1_7_route_energy,hormuz_tanker_transits,fold_08,73.0,62.52046275831361,10.479537241686387
2023-08-05,arx_lag1_7_route_energy,hormuz_tanker_transits,fold_08,48.0,61.33426142121706,-13.334261421217057
2023-08-06,arx_lag1_7_route_energy,hormuz_tanker_transits,fold_08,59.0,61.82840339591691,-2.828403395916908
2023-08-07,arx_lag1_7_route_energy,hormuz_tanker_transits,fold_08,56.0,60.19096767522157,-4.190967675221572
2023-08-08,arx_lag1_7_route_energy,hormuz_tanker_transits,fold_08,65.0,59.617683474776754,5.382316525223246
2023-08-09,arx_lag1_7_route_energy,hormuz_tanker_transits,fold_08,52.0,60.6595132585521,-8.659513258552103
2023-08-10,arx_lag1_7_route_energy,hormuz_tanker_transits,fold_08,73.0,62.02487944703627,10.97512055296373
2023-08-11,arx_lag1_7_route_energy,hormuz_tanker_transits,fold_08,83.0,62.988962185284315,20.011037814715685
2023-08-12,arx_lag1_7_route_energy,hormuz_tanker_transits,fold_08,89.0,62.16540566686821,26.83459433313179
2023-08-13,arx_lag1_7_route_energy,hormuz_tanker_transits,fold_08,79.0,61.449823868214324,17.550176131785676
2023-08-14,arx_lag1_7_route_energy,hormuz_tanker_transits,fold_08,76.0,59.682364255652125,16.317635744347875
2023-08-15,arx_lag1_7_route_energy,hormuz_tanker_transits,fold_08,50.0,59.85833526604744,-9.85833526604744
2023-08-16,arx_lag1_7_route_energy,hormuz_tanker_transits,fold_08,68.0,59.77433249877278,8.225667501227221
2023-08-17,arx_lag1_7_route_energy,hormuz_tanker_transits,fold_08,66.0,60.93419100742628,5.0658089925737215
2023-08-18,arx_lag1_7_route_energy,hormuz_tanker_transits,fold_08,74.0,62.07142716709875,11.928572832901253
2023-08-19,arx_lag1_7_route_energy,hormuz_tanker_transits,fold_08,77.0,62.539663050211935,14.460336949788065
2023-08-20,arx_lag1_7_route_energy,hormuz_tanker_transits,fold_08,74.0,61.42597005022557,12.574029949774427
2023-08-21,arx_lag1_7_route_energy,hormuz_tanker_transits,fold_08,57.0,59.49184109566814,-2.4918410956681427
2023-08-22,arx_lag1_7_route_energy,hormuz_tanker_transits,fold_08,74.0,60.89584359870078,13.104156401299221
2023-08-23,arx_lag1_7_route_energy,hormuz_tanker_transits,fold_08,52.0,60.07518026118159,-8.075180261181593
2023-08-24,arx_lag1_7_route_energy,hormuz_tanker_transits,fold_08,29.0,61.313345678412176,-32.313345678412176
2023-08-25,arx_lag1_7_route_energy,hormuz_tanker_transits,fold_08,58.0,62.542038248721724,-4.542038248721724
2023-08-26,arx_lag1_7_route_energy,hormuz_tanker_transits,fold_08,65.0,62.136589537826104,2.8634104621738956
2023-08-27,arx_lag1_7_route_energy,hormuz_tanker_transits,fold_08,59.0,61.6593207327622,-2.659320732762197
2023-08-28,arx_lag1_7_route_energy,hormuz_tanker_transits,fold_08,74.0,60.07131299322386,13.928687006776137
2023-08-29,arx_lag1_7_route_energy,hormuz_tanker_transits,fold_09,79.0,65.33089293548527,13.669107064514733
2023-08-30,arx_lag1_7_route_energy,hormuz_tanker_transits,fold_09,53.0,61.859914867332996,-8.859914867332996
2023-08-31,arx_lag1_7_route_energy,hormuz_tanker_transits,fold_09,44.0,61.03112246432535,-17.03112246432535
2023-09-01,arx_lag1_7_route_energy,hormuz_tanker_transits,fold_09,35.0,62.8674993326077,-27.8674993326077
2023-09-02,arx_lag1_7_route_energy,hormuz_tanker_transits,fold_09,30.0,63.00112406562995,-33.00112406562995
2023-09-03,arx_lag1_7_route_energy,hormuz_tanker_transits,fold_09,67.0,61.771420705030884,5.228579294969116
2023-09-04,arx_lag1_7_route_energy,hormuz_tanker_transits,fold_09,62.0,62.86836184346687,-0.8683618434668716
2023-09-05,arx_lag1_7_route_energy,hormuz_tanker_transits,fold_09,73.0,61.67172009487921,11.328279905120787
2023-09-06,arx_lag1_7_route_energy,hormuz_tanker_transits,fold_09,82.0,60.83772412016627,21.16227587983373
2023-09-07,arx_lag1_7_route_energy,hormuz_tanker_transits,fold_09,77.0,63.7059397728085,13.294060227191501
2023-09-08,arx_lag1_7_route_energy,hormuz_tanker_transits,fold_09,80.0,65.48330127208074,14.516698727919263
2023-09-09,arx_lag1_7_route_energy,hormuz_tanker_transits,fold_09,62.0,64.80717585457546,-2.807175854575462
2023-09-10,arx_lag1_7_route_energy,hormuz_tanker_transits,fold_09,56.0,62.998546951298735,-6.998546951298735
2023-09-11,arx_lag1_7_route_energy,hormuz_tanker_transits,fold_09,53.0,61.95965016969935,-8.959650169699351
2023-09-12,arx_lag1_7_route_energy,hormuz_tanker_transits,fold_09,46.0,61.32521770745887,-15.325217707458869
2023-09-13,arx_lag1_7_route_energy,hormuz_tanker_transits,fold_09,79.0,62.01416840483396,16.98583159516604
2023-09-14,arx_lag1_7_route_energy,hormuz_tanker_transits,fold_09,94.0,64.37643094533507,29.623569054664927
2023-09-15,arx_lag1_7_route_energy,hormuz_tanker_transits,fold_09,59.0,64.30056215331011,-5.300562153310111
2023-09-16,arx_lag1_7_route_energy,hormuz_tanker_transits,fold_09,52.0,64.1858076341896,-12.185807634189601
2023-09-17,arx_lag1_7_route_energy,hormuz_tanker_transits,fold_09,53.0,64.1210184299563,-11.121018429956294
2023-09-18,arx_lag1_7_route_energy,hormuz_tanker_transits,fold_09,77.0,63.2445983807497,13.7554016192503
2023-09-19,arx_lag1_7_route_energy,hormuz_tanker_transits,fold_09,73.0,62.18679356617272,10.813206433827283
2023-09-20,arx_lag1_7_route_energy,hormuz_tanker_transits,fold_09,73.0,61.79898130596213,11.20101869403787
2023-09-21,arx_lag1_7_route_energy,hormuz_tanker_transits,fold_09,62.0,63.03000736252356,-1.0300073625235626
2023-09-22,arx_lag1_7_route_energy,hormuz_tanker_transits,fold_09,49.0,63.71609506773779,-14.71609506773779
2023-09-23,arx_lag1_7_route_energy,hormuz_tanker_transits,fold_09,51.0,64.04468981609142,-13.04468981609142
2023-09-24,arx_lag1_7_route_energy,hormuz_tanker_transits,fold_09,55.0,63.17727254193279,-8.177272541932787
2023-09-25,arx_lag1_7_route_energy,hormuz_tanker_transits,fold_09,58.0,62.4766992811877,-4.476699281187699
2023-09-26,arx_lag1_7_route_energy,hormuz_tanker_transits,fold_09,57.0,61.56437999310267,-4.564379993102669
2023-09-27,arx_lag1_7_route_energy,hormuz_tanker_transits,fold_09,76.0,61.58161277682978,14.418387223170221
2023-09-28,arx_lag1_7_route_energy,hormuz_tanker_transits,fold_10,60.0,68.53285127247726,-8.53285127247726
2023-09-29,arx_lag1_7_route_energy,hormuz_tanker_transits,fold_10,84.0,64.31411908351159,19.685880916488415
2023-09-30,arx_lag1_7_route_energy,hormuz_tanker_transits,fold_10,61.0,63.923785107449596,-2.9237851074495964
2023-10-01,arx_lag1_7_route_energy,hormuz_tanker_transits,fold_10,75.0,61.69657403516628,13.303425964833721
2023-10-02,arx_lag1_7_route_energy,hormuz_tanker_transits,fold_10,48.0,60.25779210601167,-12.25779210601167
2023-10-03,arx_lag1_7_route_energy,hormuz_tanker_transits,fold_10,63.0,60.92478891404108,2.0752110859589195
2023-10-04,arx_lag1_7_route_energy,hormuz_tanker_transits,fold_10,57.0,62.94522633509561,-5.945226335095612
2023-10-05,arx_lag1_7_route_energy,hormuz_tanker_transits,fold_10,82.0,63.74728761258501,18.252712387414988
2023-10-06,arx_lag1_7_route_energy,hormuz_tanker_transits,fold_10,91.0,62.86937085582533,28.13062914417467
2023-10-07,arx_lag1_7_route_energy,hormuz_tanker_transits,fold_10,58.0,63.126118985555976,-5.126118985555976
2023-10-08,arx_lag1_7_route_energy,hormuz_tanker_transits,fold_10,84.0,61.764113323880714,22.235886676119286
2023-10-09,arx_lag1_7_route_energy,hormuz_tanker_transits,fold_10,74.0,62.287413020717,11.712586979283003
2023-10-10,arx_lag1_7_route_energy,hormuz_tanker_transits,fold_10,45.0,61.68198964100627,-16.68198964100627
2023-10-11,arx_lag1_7_route_energy,hormuz_tanker_transits,fold_10,56.0,62.54465031499288,-6.544650314992879
2023-10-12,arx_lag1_7_route_energy,hormuz_tanker_transits,fold_10,48.0,63.41713251531078,-15.417132515310783
2023-10-13,arx_lag1_7_route_energy,hormuz_tanker_transits,fold_10,60.0,64.67793668756684,-4.677936687566842
2023-10-14,arx_lag1_7_route_energy,hormuz_tanker_transits,fold_10,63.0,63.13496721917514,-0.1349672191751381
2023-10-15,arx_lag1_7_route_energy,hormuz_tanker_transits,fold_10,69.0,63.905244722786044,5.094755277213956
2023-10-16,arx_lag1_7_route_energy,hormuz_tanker_transits,fold_10,55.0,61.93489153915963,-6.934891539159629
2023-10-17,arx_lag1_7_route_energy,hormuz_tanker_transits,fold_10,49.0,61.451342473672064,-12.451342473672064
2023-10-18,arx_lag1_7_route_energy,hormuz_tanker_transits,fold_10,38.0,61.273246858583775,-23.273246858583775
2023-10-19,arx_lag1_7_route_energy,hormuz_tanker_transits,fold_10,59.0,62.86480206319062,-3.8648020631906235
2023-10-20,arx_lag1_7_route_energy,hormuz_tanker_transits,fold_10,74.0,63.2891670466938,10.710832953306202
2023-10-21,arx_lag1_7_route_energy,hormuz_tanker_transits,fold_10,61.0,63.283011315509164,-2.283011315509164
2023-10-22,arx_lag1_7_route_energy,hormuz_tanker_transits,fold_10,41.0,61.960680096947534,-20.960680096947534
2023-10-23,arx_lag1_7_route_energy,hormuz_tanker_transits,fold_10,57.0,61.229645423227325,-4.229645423227325
2023-10-24,arx_lag1_7_route_energy,hormuz_tanker_transits,fold_10,57.0,60.620172712444734,-3.6201727124447345
2023-10-25,arx_lag1_7_route_energy,hormuz_tanker_transits,fold_10,55.0,61.52157950916834,-6.52157950916834
2023-10-26,arx_lag1_7_route_energy,hormuz_tanker_transits,fold_10,41.0,61.39231346908167,-20.39231346908167
2023-10-27,arx_lag1_7_route_energy,hormuz_tanker_transits,fold_10,47.0,62.79862252137954,-15.798622521379542
2023-10-28,arx_lag1_7_route_energy,hormuz_tanker_transits,fold_11,39.0,56.9266625591686,-17.926662559168598
2023-10-29,arx_lag1_7_route_energy,hormuz_tanker_transits,fold_11,34.0,57.8762654186026,-23.8762654186026
2023-10-30,arx_lag1_7_route_energy,hormuz_tanker_transits,fold_11,84.0,58.85061528068092,25.14938471931908
2023-10-31,arx_lag1_7_route_energy,hormuz_tanker_transits,fold_11,68.0,60.078273767458704,7.921726232541296
2023-11-01,arx_lag1_7_route_energy,hormuz_tanker_transits,fold_11,72.0,60.7132293546378,11.286770645362203
2023-11-02,arx_lag1_7_route_energy,hormuz_tanker_transits,fold_11,52.0,59.87488363405945,-7.874883634059451
2023-11-03,arx_lag1_7_route_energy,hormuz_tanker_transits,fold_11,56.0,61.14357675160145,-5.143576751601451
2023-11-04,arx_lag1_7_route_energy,hormuz_tanker_transits,fold_11,22.0,61.62089308419353,-39.62089308419353
2023-11-05,arx_lag1_7_route_energy,hormuz_tanker_transits,fold_11,46.0,61.07754213134112,-15.077542131341119
2023-11-06,arx_lag1_7_route_energy,hormuz_tanker_transits,fold_11,29.0,59.02333461592241,-30.02333461592241
2023-11-07,arx_lag1_7_route_energy,hormuz_tanker_transits,fold_11,32.0,59.61276409255965,-27.61276409255965
2023-11-08,arx_lag1_7_route_energy,hormuz_tanker_transits,fold_11,46.0,59.717083499651714,-13.717083499651714
2023-11-09,arx_lag1_7_route_energy,hormuz_tanker_transits,fold_11,41.0,60.35028421738316,-19.350284217383162
2023-11-10,arx_lag1_7_route_energy,hormuz_tanker_transits,fold_11,59.0,61.14167781449781,-2.141677814497811
2023-11-11,arx_lag1_7_route_energy,hormuz_tanker_transits,fold_11,81.0,61.429748195694344,19.570251804305656
2023-11-12,arx_lag1_7_route_energy,hormuz_tanker_transits,fold_11,77.0,61.078539722671714,15.921460277328286
2023-11-13,arx_lag1_7_route_energy,hormuz_tanker_transits,fold_11,77.0,60.36061542460477,16.639384575395233
2023-11-14,arx_lag1_7_route_energy,hormuz_tanker_transits,fold_11,74.0,59.09505306848274,14.904946931517259
2023-11-15,arx_lag1_7_route_energy,hormuz_tanker_transits,fold_11,48.0,59.30194314072892,-11.301943140728923
2023-11-16,arx_lag1_7_route_energy,hormuz_tanker_transits,fold_11,38.0,60.711747991480244,-22.711747991480244
2023-11-17,arx_lag1_7_route_energy,hormuz_tanker_transits,fold_11,48.0,61.91331851477365,-13.91331851477365
2023-11-18,arx_lag1_7_route_energy,hormuz_tanker_transits,fold_11,56.0,60.30375163353564,-4.30375163353564
2023-11-19,arx_lag1_7_route_energy,hormuz_tanker_transits,fold_11,34.0,59.45301942571378,-25.453019425713777
2023-11-20,arx_lag1_7_route_energy,hormuz_tanker_transits,fold_11,49.0,59.14937829209587,-10.149378292095868
2023-11-21,arx_lag1_7_route_energy,hormuz_tanker_transits,fold_11,49.0,58.81552835975588,-9.81552835975588
2023-11-22,arx_lag1_7_route_energy,hormuz_tanker_transits,fold_11,43.0,60.33774994972911,-17.33774994972911
2023-11-23,arx_lag1_7_route_energy,hormuz_tanker_transits,fold_11,28.0,59.69183453199893,-31.69183453199893
2023-11-24,arx_lag1_7_route_energy,hormuz_tanker_transits,fold_11,52.0,59.56898744975222,-7.568987449752221
2023-11-25,arx_lag1_7_route_energy,hormuz_tanker_transits,fold_11,44.0,60.396736296669175,-16.396736296669175
2023-11-26,arx_lag1_7_route_energy,hormuz_tanker_transits,fold_11,52.0,59.28572129753776,-7.285721297537762
2023-11-27,arx_lag1_7_route_energy,hormuz_tanker_transits,fold_12,39.0,55.22562413471605,-16.22562413471605
2023-11-28,arx_lag1_7_route_energy,hormuz_tanker_transits,fold_12,47.0,55.92814085587969,-8.92814085587969
2023-11-29,arx_lag1_7_route_energy,hormuz_tanker_transits,fold_12,48.0,57.08740840946987,-9.087408409469873
2023-11-30,arx_lag1_7_route_energy,hormuz_tanker_transits,fold_12,47.0,57.43582368573805,-10.43582368573805
2023-12-01,arx_lag1_7_route_energy,hormuz_tanker_transits,fold_12,34.0,58.286309008797545,-24.286309008797545
2023-12-02,arx_lag1_7_route_energy,hormuz_tanker_transits,fold_12,32.0,59.01276694565881,-27.01276694565881
2023-12-03,arx_lag1_7_route_energy,hormuz_tanker_transits,fold_12,68.0,59.04513702560389,8.954862974396107
2023-12-04,arx_lag1_7_route_energy,hormuz_tanker_transits,fold_12,61.0,57.433423632753815,3.566576367246185
2023-12-05,arx_lag1_7_route_energy,hormuz_tanker_transits,fold_12,63.0,56.562158613507336,6.437841386492664
2023-12-06,arx_lag1_7_route_energy,hormuz_tanker_transits,fold_12,61.0,55.61752622989693,5.3824737701030685
2023-12-07,arx_lag1_7_route_energy,hormuz_tanker_transits,fold_12,57.0,56.647598263939706,0.352401736060294
2023-12-08,arx_lag1_7_route_energy,hormuz_tanker_transits,fold_12,30.0,56.63700289944252,-26.63700289944252
2023-12-09,arx_lag1_7_route_energy,hormuz_tanker_transits,fold_12,39.0,58.03294595812193,-19.03294595812193
2023-12-10,arx_lag1_7_route_energy,hormuz_tanker_transits,fold_12,56.0,57.46820871444826,-1.4682087144482594
2023-12-11,arx_lag1_7_route_energy,hormuz_tanker_transits,fold_12,52.0,56.68063591378936,-4.680635913789359
2023-12-12,arx_lag1_7_route_energy,hormuz_tanker_transits,fold_12,58.0,56.531868935196755,1.468131064803245
2023-12-13,arx_lag1_7_route_energy,hormuz_tanker_transits,fold_12,41.0,55.97505927885907,-14.97505927885907
2023-12-14,arx_lag1_7_route_energy,hormuz_tanker_transits,fold_12,41.0,56.95312521497072,-15.953125214970719
2023-12-15,arx_lag1_7_route_energy,hormuz_tanker_transits,fold_12,53.0,59.079095323308614,-6.079095323308614
2023-12-16,arx_lag1_7_route_energy,hormuz_tanker_transits,fold_12,26.0,59.35299233792086,-33.35299233792086
2023-12-17,arx_lag1_7_route_energy,hormuz_tanker_transits,fold_12,36.0,57.41677186850343,-21.41677186850343
2023-12-18,arx_lag1_7_route_energy,hormuz_tanker_transits,fold_12,42.0,56.38755131163381,-14.387551311633807
2023-12-19,arx_lag1_7_route_energy,hormuz_tanker_transits,fold_12,39.0,55.15778248695457,-16.157782486954567
2023-12-20,arx_lag1_7_route_energy,hormuz_tanker_transits,fold_12,56.0,55.71307552695385,0.2869244730461489
2023-12-21,arx_lag1_7_route_energy,hormuz_tanker_transits,fold_12,38.0,56.96284932399926,-18.962849323999258
2023-12-22,arx_lag1_7_route_energy,hormuz_tanker_transits,fold_12,35.0,58.75267860258228,-23.75267860258228
2023-12-23,arx_lag1_7_route_energy,hormuz_tanker_transits,fold_12,64.0,59.35193543872548,4.6480645612745235
2023-12-24,arx_lag1_7_route_energy,hormuz_tanker_transits,fold_12,47.0,59.68233380243606,-12.682333802436062
2023-12-25,arx_lag1_7_route_energy,hormuz_tanker_transits,fold_12,58.0,56.79611196600608,1.2038880339939197
2023-12-26,arx_lag1_7_route_energy,hormuz_tanker_transits,fold_12,45.0,55.28830663100293,-10.288306631002932
2023-12-27,arx_lag1_7_route_energy,hormuz_tanker_transits,fold_13,58.0,51.21350615367256,6.7864938463274385
2023-12-28,arx_lag1_7_route_energy,hormuz_tanker_transits,fold_13,64.0,54.721814440450004,9.278185559549996
2023-12-29,arx_lag1_7_route_energy,hormuz_tanker_transits,fold_13,36.0,54.82546000335623,-18.825460003356227
2023-12-30,arx_lag1_7_route_energy,hormuz_tanker_transits,fold_13,36.0,56.48176234955327,-20.48176234955327
2023-12-31,arx_lag1_7_route_energy,hormuz_tanker_transits,fold_13,50.0,57.14490440406599,-7.14490440406599
2024-01-01,arx_lag1_7_route_energy,hormuz_tanker_transits,fold_13,52.0,55.97652422492467,-3.976524224924667
2024-01-02,arx_lag1_7_route_energy,hormuz_tanker_transits,fold_13,57.0,53.858676441613326,3.1413235583866737
2024-01-03,arx_lag1_7_route_energy,hormuz_tanker_transits,fold_13,44.0,54.53151066344647,-10.531510663446468
2024-01-04,arx_lag1_7_route_energy,hormuz_tanker_transits,fold_13,52.0,55.12572838917681,-3.125728389176807
2024-01-05,arx_lag1_7_route_energy,hormuz_tanker_transits,fold_13,63.0,55.97882869258196,7.021171307418037
2024-01-06,arx_lag1_7_route_energy,hormuz_tanker_transits,fold_13,57.0,56.46403127660271,0.5359687233972892
2024-01-07,arx_lag1_7_route_energy,hormuz_tanker_transits,fold_13,49.0,55.79785150392445,-6.7978515039244485
2024-01-08,arx_lag1_7_route_energy,hormuz_tanker_transits,fold_13,49.0,53.603971421208875,-4.603971421208875
2024-01-09,arx_lag1_7_route_energy,hormuz_tanker_transits,fold_13,40.0,51.16449645773867,-11.164496457738672
2024-01-10,arx_lag1_7_route_energy,hormuz_tanker_transits,fold_13,44.0,52.93087638527992,-8.930876385279923
2024-01-11,arx_lag1_7_route_energy,hormuz_tanker_transits,fold_13,62.0,54.671230761379356,7.328769238620644
2024-01-12,arx_lag1_7_route_energy,hormuz_tanker_transits,fold_13,58.0,57.16153488307458,0.8384651169254198
2024-01-13,arx_lag1_7_route_energy,hormuz_tanker_transits,fold_13,52.0,57.539352149554176,-5.539352149554176
2024-01-14,arx_lag1_7_route_energy,hormuz_tanker_transits,fold_13,61.0,57.30419093353394,3.6958090664660617
2024-01-15,arx_lag1_7_route_energy,hormuz_tanker_transits,fold_13,80.0,56.527146367332634,23.472853632667366
2024-01-16,arx_lag1_7_route_energy,hormuz_tanker_transits,fold_13,64.0,55.6426418417741,8.3573581582259
2024-01-17,arx_lag1_7_route_energy,hormuz_tanker_transits,fold_13,55.0,53.975965026243955,1.024034973756045
2024-01-18,arx_lag1_7_route_energy,hormuz_tanker_transits,fold_13,49.0,54.675146977626575,-5.675146977626575
2024-01-19,arx_lag1_7_route_energy,hormuz_tanker_transits,fold_13,44.0,55.61724574131109,-11.617245741311088
2024-01-20,arx_lag1_7_route_energy,hormuz_tanker_transits,fold_13,59.0,57.225006130591936,1.774993869408064
2024-01-21,arx_lag1_7_route_energy,hormuz_tanker_transits,fold_13,56.0,56.58150676307974,-0.5815067630797373
2024-01-22,arx_lag1_7_route_energy,hormuz_tanker_transits,fold_13,52.0,55.27994054728951,-3.279940547289513
2024-01-23,arx_lag1_7_route_energy,hormuz_tanker_transits,fold_13,57.0,54.102985340588916,2.8970146594110844
2024-01-24,arx_lag1_7_route_energy,hormuz_tanker_transits,fold_13,64.0,54.004521922452085,9.995478077547915
2024-01-25,arx_lag1_7_route_energy,hormuz_tanker_transits,fold_13,39.0,54.01019093859447,-15.01019093859447
2024-01-26,arx_lag1_7_route_energy,hormuz_tanker_transits,fold_14,61.0,48.95749246496014,12.04250753503986
2024-01-27,arx_lag1_7_route_energy,hormuz_tanker_transits,fold_14,47.0,53.857267498827184,-6.857267498827184
2024-01-28,arx_lag1_7_route_energy,hormuz_tanker_transits,fold_14,44.0,56.568447995008896,-12.568447995008896
2024-01-29,arx_lag1_7_route_energy,hormuz_tanker_transits,fold_14,40.0,55.14202554084095,-15.142025540840947
2024-01-30,arx_lag1_7_route_energy,hormuz_tanker_transits,fold_14,43.0,57.04515296470623,-14.045152964706233
2024-01-31,arx_lag1_7_route_energy,hormuz_tanker_transits,fold_14,58.0,56.664564065053305,1.3354359349466947
2024-02-01,arx_lag1_7_route_energy,hormuz_tanker_transits,fold_14,55.0,53.72493510445065,1.2750648955493489
2024-02-02,arx_lag1_7_route_energy,hormuz_tanker_transits,fold_14,44.0,54.47037709326979,-10.47037709326979
2024-02-03,arx_lag1_7_route_energy,hormuz_tanker_transits,fold_14,38.0,54.68363527054953,-16.68363527054953
2024-02-04,arx_lag1_7_route_energy,hormuz_tanker_transits,fold_14,40.0,53.038311136153794,-13.038311136153794
2024-02-05,arx_lag1_7_route_energy,hormuz_tanker_transits,fold_14,51.0,55.28011553210005,-4.280115532100048
2024-02-06,arx_lag1_7_route_energy,hormuz_tanker_transits,fold_14,31.0,54.284084290561005,-23.284084290561005
2024-02-07,arx_lag1_7_route_energy,hormuz_tanker_transits,fold_14,54.0,54.95236092810179,-0.9523609281017897
2024-02-08,arx_lag1_7_route_energy,hormuz_tanker_transits,fold_14,58.0,53.6295090896185,4.370490910381498
2024-02-09,arx_lag1_7_route_energy,hormuz_tanker_transits,fold_14,44.0,55.99364118231883,-11.993641182318832
2024-02-10,arx_lag1_7_route_energy,hormuz_tanker_transits,fold_14,56.0,56.479801172046194,-0.4798011720461943
2024-02-11,arx_lag1_7_route_energy,hormuz_tanker_transits,fold_14,57.0,55.28854467852412,1.7114553214758814
2024-02-12,arx_lag1_7_route_energy,hormuz_tanker_transits,fold_14,56.0,55.06372034841816,0.9362796515818417
2024-02-13,arx_lag1_7_route_energy,hormuz_tanker_transits,fold_14,46.0,54.51541149593555,-8.515411495935552
2024-02-14,arx_lag1_7_route_energy,hormuz_tanker_transits,fold_14,54.0,55.11191174228453,-1.1119117422845335
2024-02-15,arx_lag1_7_route_energy,hormuz_tanker_transits,fold_14,62.0,57.76771704795091,4.23228295204909
2024-02-16,arx_lag1_7_route_energy,hormuz_tanker_transits,fold_14,65.0,56.84938590302762,8.150614096972383
2024-02-17,arx_lag1_7_route_energy,hormuz_tanker_transits,fold_14,38.0,56.18512055332326,-18.18512055332326
2024-02-18,arx_lag1_7_route_energy,hormuz_tanker_transits,fold_14,44.0,56.90167260011648,-12.901672600116477
2024-02-19,arx_lag1_7_route_energy,hormuz_tanker_transits,fold_14,44.0,56.40542559956622,-12.405425599566222
2024-02-20,arx_lag1_7_route_energy,hormuz_tanker_transits,fold_14,42.0,55.29847506709978,-13.29847506709978
2024-02-21,arx_lag1_7_route_energy,hormuz_tanker_transits,fold_14,48.0,55.39006652761362,-7.3900665276136195
2024-02-22,arx_lag1_7_route_energy,hormuz_tanker_transits,fold_14,38.0,56.50515398418184,-18.505153984181838
2024-02-23,arx_lag1_7_route_energy,hormuz_tanker_transits,fold_14,36.0,56.12278951640584,-20.122789516405838
2024-02-24,arx_lag1_7_route_energy,hormuz_tanker_transits,fold_14,58.0,56.42893137296885,1.5710686270311527
2024-02-25,arx_lag1_7_route_energy,hormuz_tanker_transits,fold_15,44.0,56.175296097770605,-12.175296097770605
2024-02-26,arx_lag1_7_route_energy,hormuz_tanker_transits,fold_15,53.0,53.43339193357511,-0.4333919335751091
2024-02-27,arx_lag1_7_route_energy,hormuz_tanker_transits,fold_15,49.0,52.48810023751986,-3.488100237519859
2024-02-28,arx_lag1_7_route_energy,hormuz_tanker_transits,fold_15,52.0,51.82606049778453,0.17393950221546817
2024-02-29,arx_lag1_7_route_energy,hormuz_tanker_transits,fold_15,45.0,53.40997498874169,-8.409974988741688
2024-03-01,arx_lag1_7_route_energy,hormuz_tanker_transits,fold_15,48.0,52.11259093777989,-4.112590937779892
2024-03-02,arx_lag1_7_route_energy,hormuz_tanker_transits,fold_15,42.0,54.20859306382877,-12.208593063828772
2024-03-03,arx_lag1_7_route_energy,hormuz_tanker_transits,fold_15,69.0,53.37346880028957,15.626531199710428
2024-03-04,arx_lag1_7_route_energy,hormuz_tanker_transits,fold_15,72.0,55.09478940211893,16.905210597881073
2024-03-05,arx_lag1_7_route_energy,hormuz_tanker_transits,fold_15,53.0,54.826685496347345,-1.826685496347345
2024-03-06,arx_lag1_7_route_energy,hormuz_tanker_transits,fold_15,35.0,55.40029236826867,-20.400292368268673
2024-03-07,arx_lag1_7_route_energy,hormuz_tanker_transits,fold_15,50.0,56.21508320813157,-6.215083208131567
2024-03-08,arx_lag1_7_route_energy,hormuz_tanker_transits,fold_15,67.0,56.22023980219776,10.77976019780224
2024-03-09,arx_lag1_7_route_energy,hormuz_tanker_transits,fold_15,43.0,56.58463438176879,-13.584634381768787
2024-03-10,arx_lag1_7_route_energy,hormuz_tanker_transits,fold_15,45.0,55.036255853489735,-10.036255853489735
2024-03-11,arx_lag1_7_route_energy,hormuz_tanker_transits,fold_15,69.0,54.614515730237486,14.385484269762514
2024-03-12,arx_lag1_7_route_energy,hormuz_tanker_transits,fold_15,79.0,54.75764971349108,24.242350286508923
2024-03-13,arx_lag1_7_route_energy,hormuz_tanker_transits,fold_15,52.0,52.35727450416585,-0.3572745041658507
2024-03-14,arx_lag1_7_route_energy,hormuz_tanker_transits,fold_15,45.0,58.573847712415485,-13.573847712415485
2024-03-15,arx_lag1_7_route_energy,hormuz_tanker_transits,fold_15,70.0,56.38733593158237,13.61266406841763
2024-03-16,arx_lag1_7_route_energy,hormuz_tanker_transits,fold_15,89.0,57.10516774118618,31.89483225881382
2024-03-17,arx_lag1_7_route_energy,hormuz_tanker_transits,fold_15,82.0,55.73507211006225,26.264927889937752
2024-03-18,arx_lag1_7_route_energy,hormuz_tanker_transits,fold_15,69.0,56.11357251112586,12.88642748887414
2024-03-19,arx_lag1_7_route_energy,hormuz_tanker_transits,fold_15,53.0,54.09954855001055,-1.099548550010553
2024-03-20,arx_lag1_7_route_energy,hormuz_tanker_transits,fold_15,60.0,54.991326492519335,5.008673507480665
2024-03-21,arx_lag1_7_route_energy,hormuz_tanker_transits,fold_15,62.0,56.14378912992078,5.856210870079217
2024-03-22,arx_lag1_7_route_energy,hormuz_tanker_transits,fold_15,70.0,56.30675042381125,13.693249576188748
2024-03-23,arx_lag1_7_route_energy,hormuz_tanker_transits,fold_15,64.0,57.10391527639575,6.896084723604247
2024-03-24,arx_lag1_7_route_energy,hormuz_tanker_transits,fold_15,69.0,56.36075890862662,12.639241091373378
2024-03-25,arx_lag1_7_route_energy,hormuz_tanker_transits,fold_15,65.0,54.800522348863275,10.199477651136725
2024-03-26,arx_lag1_7_route_energy,hormuz_tanker_transits,fold_16,57.0,57.96392559745752,-0.9639255974575178
2024-03-27,arx_lag1_7_route_energy,hormuz_tanker_transits,fold_16,65.0,57.35760156405921,7.642398435940791
2024-03-28,arx_lag1_7_route_energy,hormuz_tanker_transits,fold_16,65.0,58.69308294561537,6.306917054384627
2024-03-29,arx_lag1_7_route_energy,hormuz_tanker_transits,fold_16,80.0,59.29120614736247,20.708793852637527
2024-03-30,arx_lag1_7_route_energy,hormuz_tanker_transits,fold_16,65.0,57.91461252450483,7.085387475495168
2024-03-31,arx_lag1_7_route_energy,hormuz_tanker_transits,fold_16,85.0,58.535174346552544,26.464825653447456
2024-04-01,arx_lag1_7_route_energy,hormuz_tanker_transits,fold_16,69.0,58.46142941107357,10.538570588926433
2024-04-02,arx_lag1_7_route_energy,hormuz_tanker_transits,fold_16,54.0,57.517563516046714,-3.517563516046714
2024-04-03,arx_lag1_7_route_energy,hormuz_tanker_transits,fold_16,59.0,57.51694255026376,1.4830574497362434
2024-04-04,arx_lag1_7_route_energy,hormuz_tanker_transits,fold_16,58.0,58.70587255203741,-0.7058725520374125
2024-04-05,arx_lag1_7_route_energy,hormuz_tanker_transits,fold_16,53.0,60.404529012106885,-7.4045290121068845
2024-04-06,arx_lag1_7_route_energy,hormuz_tanker_transits,fold_16,77.0,58.73675312716667,18.263246872833328
2024-04-07,arx_lag1_7_route_energy,hormuz_tanker_transits,fold_16,57.0,57.96562254627307,-0.9656225462730674
2024-04-08,arx_lag1_7_route_energy,hormuz_tanker_transits,fold_16,77.0,58.91816620243898,18.081833797561018
2024-04-09,arx_lag1_7_route_energy,hormuz_tanker_transits,fold_16,70.0,58.262373427565805,11.737626572434195
2024-04-10,arx_lag1_7_route_energy,hormuz_tanker_transits,fold_16,76.0,57.61463927091418,18.385360729085818
2024-04-11,arx_lag1_7_route_energy,hormuz_tanker_transits,fold_16,73.0,56.58590856236405,16.414091437635953
2024-04-12,arx_lag1_7_route_energy,hormuz_tanker_transits,fold_16,45.0,57.49882905149742,-12.498829051497417
2024-04-13,arx_lag1_7_route_energy,hormuz_tanker_transits,fold_16,75.0,57.98696459376321,17.01303540623679
2024-04-14,arx_lag1_7_route_energy,hormuz_tanker_transits,fold_16,76.0,59.69467785775606,16.305322142243938
2024-04-15,arx_lag1_7_route_energy,hormuz_tanker_transits,fold_16,65.0,55.6903733000207,9.309626699979297
2024-04-16,arx_lag1_7_route_energy,hormuz_tanker_transits,fold_16,55.0,56.50598636253873,-1.505986362538728
2024-04-17,arx_lag1_7_route_energy,hormuz_tanker_transits,fold_16,50.0,56.4822957372477,-6.4822957372477035
2024-04-18,arx_lag1_7_route_energy,hormuz_tanker_transits,fold_16,62.0,57.351012405063514,4.648987594936486
2024-04-19,arx_lag1_7_route_energy,hormuz_tanker_transits,fold_16,49.0,60.591026721162876,-11.591026721162876
2024-04-20,arx_lag1_7_route_energy,hormuz_tanker_transits,fold_16,76.0,59.42751432527561,16.57248567472439
2024-04-21,arx_lag1_7_route_energy,hormuz_tanker_transits,fold_16,77.0,60.81449491994717,16.185505080052828
2024-04-22,arx_lag1_7_route_energy,hormuz_tanker_transits,fold_16,71.0,57.48045881559567,13.519541184404332
2024-04-23,arx_lag1_7_route_energy,hormuz_tanker_transits,fold_16,84.0,59.31893778829375,24.681062211706248
2024-04-24,arx_lag1_7_route_energy,hormuz_tanker_transits,fold_16,62.0,57.47504570079907,4.524954299200928
2024-04-25,arx_lag1_7_route_energy,hormuz_tanker_transits,fold_17,46.0,60.87762615879452,-14.87762615879452
2024-04-26,arx_lag1_7_route_energy,hormuz_tanker_transits,fold_17,61.0,59.05761646341228,1.9423835365877196
2024-04-27,arx_lag1_7_route_energy,hormuz_tanker_transits,fold_17,79.0,61.5715955674568,17.428404432543203
2024-04-28,arx_lag1_7_route_energy,hormuz_tanker_transits,fold_17,53.0,61.19184687074467,-8.19184687074467
2024-04-29,arx_lag1_7_route_energy,hormuz_tanker_transits,fold_17,54.0,60.75710241259866,-6.7571024125986625
2024-04-30,arx_lag1_7_route_energy,hormuz_tanker_transits,fold_17,83.0,60.03367696187801,22.966323038121992
2024-05-01,arx_lag1_7_route_energy,hormuz_tanker_transits,fold_17,57.0,57.33952104984976,-0.3395210498497576
2024-05-02,arx_lag1_7_route_energy,hormuz_tanker_transits,fold_17,48.0,58.79024115737158,-10.790241157371582
2024-05-03,arx_lag1_7_route_energy,hormuz_tanker_transits,fold_17,57.0,57.69803636040249,-0.6980363604024902
2024-05-04,arx_lag1_7_route_energy,hormuz_tanker_transits,fold_17,74.0,58.28631417682628,15.71368582317372
2024-05-05,arx_lag1_7_route_energy,hormuz_tanker_transits,fold_17,76.0,59.47696835608618,16.523031643913818
2024-05-06,arx_lag1_7_route_energy,hormuz_tanker_transits,fold_17,74.0,59.18215058722034,14.817849412779658
2024-05-07,arx_lag1_7_route_energy,hormuz_tanker_transits,fold_17,78.0,56.97938164153062,21.020618358469378
2024-05-08,arx_lag1_7_route_energy,hormuz_tanker_transits,fold_17,51.0,55.249571609081265,-4.249571609081265
2024-05-09,arx_lag1_7_route_energy,hormuz_tanker_transits,fold_17,72.0,58.8683690201432,13.131630979856801
2024-05-10,arx_lag1_7_route_energy,hormuz_tanker_transits,fold_17,52.0,54.61240307745949,-2.61240307745949
2024-05-11,arx_lag1_7_route_energy,hormuz_tanker_transits,fold_17,58.0,58.216973957141775,-0.21697395714177503
2024-05-12,arx_lag1_7_route_energy,hormuz_tanker_transits,fold_17,68.0,57.600361750264874,10.399638249735126
2024-05-13,arx_lag1_7_route_energy,hormuz_tanker_transits,fold_17,92.0,56.22410505982198,35.77589494017802
2024-05-14,arx_lag1_7_route_energy,hormuz_tanker_transits,fold_17,66.0,56.43651356000122,9.563486439998783
2024-05-15,arx_lag1_7_route_energy,hormuz_tanker_transits,fold_17,79.0,55.56444841442086,23.43555158557914
2024-05-16,arx_lag1_7_route_energy,hormuz_tanker_transits,fold_17,79.0,56.751825212306706,22.248174787693294
2024-05-17,arx_lag1_7_route_energy,hormuz_tanker_transits,fold_17,73.0,58.41568645320694,14.584313546793062
2024-05-18,arx_lag1_7_route_energy,hormuz_tanker_transits,fold_17,41.0,58.46235470282369,-17.46235470282369
2024-05-19,arx_lag1_7_route_energy,hormuz_tanker_transits,fold_17,72.0,59.673077658029165,12.326922341970835
2024-05-20,arx_lag1_7_route_energy,hormuz_tanker_transits,fold_17,49.0,57.62392573925622,-8.623925739256222
2024-05-21,arx_lag1_7_route_energy,hormuz_tanker_transits,fold_17,76.0,56.38646375739535,19.613536242604653
2024-05-22,arx_lag1_7_route_energy,hormuz_tanker_transits,fold_17,68.0,56.91694197602055,11.083058023979447
2024-05-23,arx_lag1_7_route_energy,hormuz_tanker_transits,fold_17,80.0,57.30547386791769,22.69452613208231
2024-05-24,arx_lag1_7_route_energy,hormuz_tanker_transits,fold_17,59.0,57.61896917201736,1.3810308279826415
2024-05-25,arx_lag1_7_route_energy,hormuz_tanker_transits,fold_18,59.0,56.33529360582449,2.6647063941755107
2024-05-26,arx_lag1_7_route_energy,hormuz_tanker_transits,fold_18,85.0,57.77845156313783,27.22154843686217
2024-05-27,arx_lag1_7_route_energy,hormuz_tanker_transits,fold_18,81.0,56.682435978648925,24.317564021351075
2024-05-28,arx_lag1_7_route_energy,hormuz_tanker_transits,fold_18,83.0,57.78242669478245,25.21757330521755
2024-05-29,arx_lag1_7_route_energy,hormuz_tanker_transits,fold_18,74.0,59.6185659875923,14.381434012407702
2024-05-30,arx_lag1_7_route_energy,hormuz_tanker_transits,fold_18,50.0,61.32247709057889,-11.322477090578893
2024-05-31,arx_lag1_7_route_energy,hormuz_tanker_transits,fold_18,64.0,61.54500003856728,2.454999961432719
2024-06-01,arx_lag1_7_route_energy,hormuz_tanker_transits,fold_18,54.0,58.89347590963867,-4.893475909638667
2024-06-02,arx_lag1_7_route_energy,hormuz_tanker_transits,fold_18,94.0,58.46625498057875,35.53374501942125
2024-06-03,arx_lag1_7_route_energy,hormuz_tanker_transits,fold_18,78.0,57.6755118857551,20.3244881142449
2024-06-04,arx_lag1_7_route_energy,hormuz_tanker_transits,fold_18,79.0,57.27370653264028,21.726293467359717
2024-06-05,arx_lag1_7_route_energy,hormuz_tanker_transits,fold_18,55.0,57.67824491611796,-2.6782449161179613
2024-06-06,arx_lag1_7_route_energy,hormuz_tanker_transits,fold_18,49.0,58.959889869938706,-9.959889869938706
2024-06-07,arx_lag1_7_route_energy,hormuz_tanker_transits,fold_18,52.0,59.13185601464658,-7.13185601464658
2024-06-08,arx_lag1_7_route_energy,hormuz_tanker_transits,fold_18,57.0,58.07100067612306,-1.071000676123063
2024-06-09,arx_lag1_7_route_energy,hormuz_tanker_transits,fold_18,48.0,57.62313239466043,-9.62313239466043
2024-06-10,arx_lag1_7_route_energy,hormuz_tanker_transits,fold_18,73.0,58.44968736041911,14.550312639580888
2024-06-11,arx_lag1_7_route_energy,hormuz_tanker_transits,fold_18,54.0,56.09453160445578,-2.0945316044557813
2024-06-12,arx_lag1_7_route_energy,hormuz_tanker_transits,fold_18,46.0,58.41670980382646,-12.416709803826457
2024-06-13,arx_lag1_7_route_energy,hormuz_tanker_transits,fold_18,48.0,58.06948287142062,-10.069482871420618
2024-06-14,arx_lag1_7_route_energy,hormuz_tanker_transits,fold_18,68.0,57.415480001822054,10.584519998177946
2024-06-15,arx_lag1_7_route_energy,hormuz_tanker_transits,fold_18,76.0,58.81758167252271,17.182418327477293
2024-06-16,arx_lag1_7_route_energy,hormuz_tanker_transits,fold_18,73.0,57.50166895098905,15.49833104901095
2024-06-17,arx_lag1_7_route_energy,hormuz_tanker_transits,fold_18,75.0,58.79361824076687,16.206381759233132
2024-06-18,arx_lag1_7_route_energy,hormuz_tanker_transits,fold_18,49.0,58.14991685103678,-9.149916851036778
2024-06-19,arx_lag1_7_route_energy,hormuz_tanker_transits,fold_18,81.0,56.63057315734544,24.369426842654562
2024-06-20,arx_lag1_7_route_energy,hormuz_tanker_transits,fold_18,53.0,57.808252804885704,-4.808252804885704
2024-06-21,arx_lag1_7_route_energy,hormuz_tanker_transits,fold_18,62.0,58.06697281538155,3.933027184618453
2024-06-22,arx_lag1_7_route_energy,hormuz_tanker_transits,fold_18,70.0,59.77774177531334,10.222258224686662
2024-06-23,arx_lag1_7_route_energy,hormuz_tanker_transits,fold_18,67.0,59.868765976127754,7.131234023872246
2024-06-24,arx_lag1_7_route_energy,hormuz_tanker_transits,fold_19,76.0,62.481808039952114,13.518191960047886
2024-06-25,arx_lag1_7_route_energy,hormuz_tanker_transits,fold_19,67.0,56.356858031827805,10.643141968172195
2024-06-26,arx_lag1_7_route_energy,hormuz_tanker_transits,fold_19,73.0,62.132558973577915,10.867441026422085
2024-06-27,arx_lag1_7_route_energy,hormuz_tanker_transits,fold_19,90.0,62.12776100300501,27.872238996994987
2024-06-28,arx_lag1_7_route_energy,hormuz_tanker_transits,fold_19,76.0,61.52143595810429,14.478564041895709
2024-06-29,arx_lag1_7_route_energy,hormuz_tanker_transits,fold_19,49.0,62.1084626404395,-13.108462640439498
2024-06-30,arx_lag1_7_route_energy,hormuz_tanker_transits,fold_19,61.0,65.41049940208707,-4.410499402087069
2024-07-01,arx_lag1_7_route_energy,hormuz_tanker_transits,fold_19,45.0,61.701317532979665,-16.701317532979665
2024-07-02,arx_lag1_7_route_energy,hormuz_tanker_transits,fold_19,47.0,59.72813786847141,-12.728137868471407
2024-07-03,arx_lag1_7_route_energy,hormuz_tanker_transits,fold_19,77.0,59.18523195225351,17.81476804774649
2024-07-04,arx_lag1_7_route_energy,hormuz_tanker_transits,fold_19,89.0,60.57255619717685,28.42744380282315
2024-07-05,arx_lag1_7_route_energy,hormuz_tanker_transits,fold_19,66.0,61.334913469046306,4.665086530953694
2024-07-06,arx_lag1_7_route_energy,hormuz_tanker_transits,fold_19,73.0,61.973500690004705,11.026499309995295
2024-07-07,arx_lag1_7_route_energy,hormuz_tanker_transits,fold_19,85.0,60.819599548695926,24.180400451304074
2024-07-08,arx_lag1_7_route_energy,hormuz_tanker_transits,fold_19,79.0,61.92688326166115,17.073116738338847
2024-07-09,arx_lag1_7_route_energy,hormuz_tanker_transits,fold_19,91.0,58.056065896819504,32.943934103180496
2024-07-10,arx_lag1_7_route_energy,hormuz_tanker_transits,fold_19,75.0,59.43337508759728,15.566624912402723
2024-07-11,arx_lag1_7_route_energy,hormuz_tanker_transits,fold_19,80.0,60.31815764150971,19.681842358490293
2024-07-12,arx_lag1_7_route_energy,hormuz_tanker_transits,fold_19,74.0,61.15810640692431,12.841893593075689
2024-07-13,arx_lag1_7_route_energy,hormuz_tanker_transits,fold_19,72.0,61.06625598612939,10.933744013870609
2024-07-14,arx_lag1_7_route_energy,hormuz_tanker_transits,fold_19,82.0,60.99203617534148,21.007963824658518
2024-07-15,arx_lag1_7_route_energy,hormuz_tanker_transits,fold_19,81.0,61.33186042208313,19.668139577916868
2024-07-16,arx_lag1_7_route_energy,hormuz_tanker_transits,fold_19,84.0,58.69851322161274,25.301486778387257
2024-07-17,arx_lag1_7_route_energy,hormuz_tanker_transits,fold_19,78.0,60.92799792769295,17.07200207230705
2024-07-18,arx_lag1_7_route_energy,hormuz_tanker_transits,fold_19,40.0,58.31856081650647,-18.31856081650647
2024-07-19,arx_lag1_7_route_energy,hormuz_tanker_transits,fold_19,62.0,60.43355358628245,1.56644641371755
2024-07-20,arx_lag1_7_route_energy,hormuz_tanker_transits,fold_19,66.0,62.04559772643047,3.954402273569528
2024-07-21,arx_lag1_7_route_energy,hormuz_tanker_transits,fold_19,73.0,61.5967667736553,11.403233226344703
2024-07-22,arx_lag1_7_route_energy,hormuz_tanker_transits,fold_19,54.0,59.77124069680813,-5.771240696808128
2024-07-23,arx_lag1_7_route_energy,hormuz_tanker_transits,fold_19,54.0,59.845621775868075,-5.845621775868075
2024-07-24,arx_lag1_7_route_energy,hormuz_tanker_transits,fold_20,51.0,59.271916503510596,-8.271916503510596
2024-07-25,arx_lag1_7_route_energy,hormuz_tanker_transits,fold_20,71.0,58.6588746644758,12.341125335524197
2024-07-26,arx_lag1_7_route_energy,hormuz_tanker_transits,fold_20,58.0,60.831736796691295,-2.8317367966912954
2024-07-27,arx_lag1_7_route_energy,hormuz_tanker_transits,fold_20,67.0,62.41947918326011,4.580520816739892
2024-07-28,arx_lag1_7_route_energy,hormuz_tanker_transits,fold_20,64.0,61.136180086748055,2.8638199132519446
2024-07-29,arx_lag1_7_route_energy,hormuz_tanker_transits,fold_20,78.0,58.20040988504231,19.799590114957688
2024-07-30,arx_lag1_7_route_energy,hormuz_tanker_transits,fold_20,68.0,57.09026068354981,10.909739316450192
2024-07-31,arx_lag1_7_route_energy,hormuz_tanker_transits,fold_20,76.0,58.32899403913388,17.67100596086612
2024-08-01,arx_lag1_7_route_energy,hormuz_tanker_transits,fold_20,61.0,57.14670690631864,3.8532930936813585
2024-08-02,arx_lag1_7_route_energy,hormuz_tanker_transits,fold_20,59.0,59.96234061205529,-0.9623406120552929
2024-08-03,arx_lag1_7_route_energy,hormuz_tanker_transits,fold_20,50.0,57.88497106793909,-7.884971067939091
2024-08-04,arx_lag1_7_route_energy,hormuz_tanker_transits,fold_20,68.0,57.98220840146828,10.017791598531723
2024-08-05,arx_lag1_7_route_energy,hormuz_tanker_transits,fold_20,58.0,60.078379331562516,-2.078379331562516
2024-08-06,arx_lag1_7_route_energy,hormuz_tanker_transits,fold_20,50.0,57.7898912479062,-7.789891247906198
2024-08-07,arx_lag1_7_route_energy,hormuz_tanker_transits,fold_20,39.0,58.920899282884605,-19.920899282884605
2024-08-08,arx_lag1_7_route_energy,hormuz_tanker_transits,fold_20,66.0,57.65441027219726,8.34558972780274
2024-08-09,arx_lag1_7_route_energy,hormuz_tanker_transits,fold_20,65.0,58.745332668489354,6.254667331510646
2024-08-10,arx_lag1_7_route_energy,hormuz_tanker_transits,fold_20,51.0,61.03962405846488,-10.03962405846488
2024-08-11,arx_lag1_7_route_energy,hormuz_tanker_transits,fold_20,70.0,60.0324061513454,9.967593848654602
2024-08-12,arx_lag1_7_route_energy,hormuz_tanker_transits,fold_20,78.0,59.48638532241265,18.51361467758735
2024-08-13,arx_lag1_7_route_energy,hormuz_tanker_transits,fold_20,47.0,59.48428038839881,-12.484280388398808
2024-08-14,arx_lag1_7_route_energy,hormuz_tanker_transits,fold_20,40.0,59.21236896944994,-19.21236896944994
2024-08-15,arx_lag1_7_route_energy,hormuz_tanker_transits,fold_20,30.0,59.143533809982884,-29.143533809982884
2024-08-16,arx_lag1_7_route_energy,hormuz_tanker_transits,fold_20,39.0,61.775860843238995,-22.775860843238995
2024-08-17,arx_lag1_7_route_energy,hormuz_tanker_transits,fold_20,48.0,62.33342103335256,-14.333421033352558
2024-08-18,arx_lag1_7_route_energy,hormuz_tanker_transits,fold_20,45.0,61.120228310962176,-16.120228310962176
2024-08-19,arx_lag1_7_route_energy,hormuz_tanker_transits,fold_20,42.0,58.867808232428786,-16.867808232428786
2024-08-20,arx_lag1_7_route_energy,hormuz_tanker_transits,fold_20,39.0,59.31136371452496,-20.31136371452496
2024-08-21,arx_lag1_7_route_energy,hormuz_tanker_transits,fold_20,47.0,55.04800255382757,-8.048002553827573
2024-08-22,arx_lag1_7_route_energy,hormuz_tanker_transits,fold_20,49.0,58.74708430044612,-9.747084300446119
2024-08-23,arx_lag1_7_route_energy,hormuz_tanker_transits,fold_21,46.0,52.619198210671065,-6.619198210671065
2024-08-24,arx_lag1_7_route_energy,hormuz_tanker_transits,fold_21,66.0,56.50796523713705,9.49203476286295
2024-08-25,arx_lag1_7_route_energy,hormuz_tanker_transits,fold_21,69.0,58.01563613029105,10.98436386970895
2024-08-26,arx_lag1_7_route_energy,hormuz_tanker_transits,fold_21,80.0,58.36874204769612,21.631257952303883
2024-08-27,arx_lag1_7_route_energy,hormuz_tanker_transits,fold_21,67.0,57.98992294507895,9.010077054921048
2024-08-28,arx_lag1_7_route_energy,hormuz_tanker_transits,fold_21,50.0,57.4520047186086,-7.452004718608599
2024-08-29,arx_lag1_7_route_energy,hormuz_tanker_transits,fold_21,64.0,58.79436144132106,5.205638558678942
2024-08-30,arx_lag1_7_route_energy,hormuz_tanker_transits,fold_21,57.0,58.54488298243478,-1.5448829824347783
2024-08-31,arx_lag1_7_route_energy,hormuz_tanker_transits,fold_21,64.0,58.007934181275,5.992065818725003
2024-09-01,arx_lag1_7_route_energy,hormuz_tanker_transits,fold_21,53.0,60.85642954239878,-7.856429542398779
2024-09-02,arx_lag1_7_route_energy,hormuz_tanker_transits,fold_21,67.0,60.22791196710409,6.772088032895908
2024-09-03,arx_lag1_7_route_energy,hormuz_tanker_transits,fold_21,67.0,57.153020135581684,9.846979864418316
2024-09-04,arx_lag1_7_route_energy,hormuz_tanker_transits,fold_21,70.0,57.18072620648187,12.819273793518128
2024-09-05,arx_lag1_7_route_energy,hormuz_tanker_transits,fold_21,65.0,58.05317843093776,6.946821569062237
2024-09-06,arx_lag1_7_route_energy,hormuz_tanker_transits,fold_21,70.0,59.59680017269633,10.403199827303673
2024-09-07,arx_lag1_7_route_energy,hormuz_tanker_transits,fold_21,55.0,58.97450721446414,-3.97450721446414
2024-09-08,arx_lag1_7_route_energy,hormuz_tanker_transits,fold_21,36.0,58.73133820469617,-22.731338204696172
2024-09-09,arx_lag1_7_route_energy,hormuz_tanker_transits,fold_21,61.0,59.36901562352977,1.6309843764702308
2024-09-10,arx_lag1_7_route_energy,hormuz_tanker_transits,fold_21,76.0,59.0170477482099,16.982952251790103
2024-09-11,arx_lag1_7_route_energy,hormuz_tanker_transits,fold_21,71.0,57.78270180836043,13.217298191639571
2024-09-12,arx_lag1_7_route_energy,hormuz_tanker_transits,fold_21,64.0,57.88097225131181,6.11902774868819
2024-09-13,arx_lag1_7_route_energy,hormuz_tanker_transits,fold_21,58.0,58.9320097774198,-0.9320097774198004
2024-09-14,arx_lag1_7_route_energy,hormuz_tanker_transits,fold_21,62.0,56.385830329664756,5.614169670335244
2024-09-15,arx_lag1_7_route_energy,hormuz_tanker_transits,fold_21,33.0,58.72109268110582,-25.721092681105823
2024-09-16,arx_lag1_7_route_energy,hormuz_tanker_transits,fold_21,61.0,58.39629275425863,2.6037072457413686
2024-09-17,arx_lag1_7_route_energy,hormuz_tanker_transits,fold_21,46.0,57.66631131412087,-11.666311314120868
2024-09-18,arx_lag1_7_route_energy,hormuz_tanker_transits,fold_21,56.0,54.94636871946585,1.0536312805341481
2024-09-19,arx_lag1_7_route_energy,hormuz_tanker_transits,fold_21,66.0,55.32199326509955,10.67800673490045
2024-09-20,arx_lag1_7_route_energy,hormuz_tanker_transits,fold_21,60.0,57.12228620032921,2.8777137996707935
2024-09-21,arx_lag1_7_route_energy,hormuz_tanker_transits,fold_21,61.0,59.005214860944314,1.9947851390556863
2024-09-22,arx_lag1_7_route_energy,hormuz_tanker_transits,fold_22,53.0,58.20416951250788,-5.204169512507882
2024-09-23,arx_lag1_7_route_energy,hormuz_tanker_transits,fold_22,54.0,57.41658406220566,-3.416584062205658
2024-09-24,arx_lag1_7_route_energy,hormuz_tanker_transits,fold_22,56.0,58.070765116504255,-2.070765116504255
2024-09-25,arx_lag1_7_route_energy,hormuz_tanker_transits,fold_22,40.0,56.06741676926252,-16.067416769262522
2024-09-26,arx_lag1_7_route_energy,hormuz_tanker_transits,fold_22,50.0,57.03473985855259,-7.034739858552591
2024-09-27,arx_lag1_7_route_energy,hormuz_tanker_transits,fold_22,43.0,57.00482575270071,-14.004825752700711
2024-09-28,arx_lag1_7_route_energy,hormuz_tanker_transits,fold_22,44.0,58.907287097157564,-14.907287097157564
2024-09-29,arx_lag1_7_route_energy,hormuz_tanker_transits,fold_22,52.0,58.58473759800448,-6.58473759800448
2024-09-30,arx_lag1_7_route_energy,hormuz_tanker_transits,fold_22,40.0,59.86992577143833,-19.869925771438332
2024-10-01,arx_lag1_7_route_energy,hormuz_tanker_transits,fold_22,45.0,59.06215354074605,-14.062153540746053
2024-10-02,arx_lag1_7_route_energy,hormuz_tanker_transits,fold_22,59.0,57.13689607086767,1.863103929132329
2024-10-03,arx_lag1_7_route_energy,hormuz_tanker_transits,fold_22,68.0,59.0361379970984,8.9638620029016
2024-10-04,arx_lag1_7_route_energy,hormuz_tanker_transits,fold_22,58.0,60.31929179353454,-2.319291793534539
2024-10-05,arx_lag1_7_route_energy,hormuz_tanker_transits,fold_22,48.0,58.0921058270152,-10.092105827015203
2024-10-06,arx_lag1_7_route_energy,hormuz_tanker_transits,fold_22,34.0,57.724650227869866,-23.724650227869866
2024-10-07,arx_lag1_7_route_energy,hormuz_tanker_transits,fold_22,63.0,58.12398979353095,4.876010206469047
2024-10-08,arx_lag1_7_route_energy,hormuz_tanker_transits,fold_22,65.0,56.25181000416493,8.74818999583507
2024-10-09,arx_lag1_7_route_energy,hormuz_tanker_transits,fold_22,44.0,55.727176293853205,-11.727176293853205
2024-10-10,arx_lag1_7_route_energy,hormuz_tanker_transits,fold_22,47.0,59.85136852699915,-12.851368526999153
2024-10-11,arx_lag1_7_route_energy,hormuz_tanker_transits,fold_22,52.0,60.40752807214583,-8.40752807214583
2024-10-12,arx_lag1_7_route_energy,hormuz_tanker_transits,fold_22,50.0,58.334532864246505,-8.334532864246505
2024-10-13,arx_lag1_7_route_energy,hormuz_tanker_transits,fold_22,41.0,57.485998648031945,-16.485998648031945
2024-10-14,arx_lag1_7_route_energy,hormuz_tanker_transits,fold_22,50.0,59.05933120559093,-9.05933120559093
2024-10-15,arx_lag1_7_route_energy,hormuz_tanker_transits,fold_22,48.0,58.22301172699293,-10.22301172699293
2024-10-16,arx_lag1_7_route_energy,hormuz_tanker_transits,fold_22,52.0,56.575520855058535,-4.575520855058535
2024-10-17,arx_lag1_7_route_energy,hormuz_tanker_transits,fold_22,56.0,58.6025715239689,-2.602571523968898
2024-10-18,arx_lag1_7_route_energy,hormuz_tanker_transits,fold_22,52.0,57.66447866439874,-5.664478664398743
2024-10-19,arx_lag1_7_route_energy,hormuz_tanker_transits,fold_22,67.0,56.57110052882254,10.42889947117746
2024-10-20,arx_lag1_7_route_energy,hormuz_tanker_transits,fold_22,63.0,58.49145653736686,4.508543462633142
2024-10-21,arx_lag1_7_route_energy,hormuz_tanker_transits,fold_22,55.0,59.570960338292224,-4.570960338292224
2024-10-22,arx_lag1_7_route_energy,hormuz_tanker_transits,fold_23,46.0,55.42884786323347,-9.428847863233472
2024-10-23,arx_lag1_7_route_energy,hormuz_tanker_transits,fold_23,43.0,56.573567444275724,-13.573567444275724
2024-10-24,arx_lag1_7_route_energy,hormuz_tanker_transits,fold_23,40.0,57.54838053926315,-17.54838053926315
2024-10-25,arx_lag1_7_route_energy,hormuz_tanker_transits,fold_23,68.0,56.913104172731124,11.086895827268876
2024-10-26,arx_lag1_7_route_energy,hormuz_tanker_transits,fold_23,46.0,57.754339805084754,-11.754339805084754
2024-10-27,arx_lag1_7_route_energy,hormuz_tanker_transits,fold_23,61.0,58.37789260349594,2.622107396504063
2024-10-28,arx_lag1_7_route_energy,hormuz_tanker_transits,fold_23,48.0,56.74161319464623,-8.741613194646227
2024-10-29,arx_lag1_7_route_energy,hormuz_tanker_transits,fold_23,42.0,55.970206599974844,-13.970206599974844
2024-10-30,arx_lag1_7_route_energy,hormuz_tanker_transits,fold_23,45.0,55.98497662572721,-10.984976625727207
2024-10-31,arx_lag1_7_route_energy,hormuz_tanker_transits,fold_23,29.0,56.99307800184987,-27.993078001849867
2024-11-01,arx_lag1_7_route_energy,hormuz_tanker_transits,fold_23,55.0,56.76812860190602,-1.768128601906021
2024-11-02,arx_lag1_7_route_energy,hormuz_tanker_transits,fold_23,51.0,56.805053996825734,-5.805053996825734
2024-11-03,arx_lag1_7_route_energy,hormuz_tanker_transits,fold_23,59.0,58.87571586464126,0.12428413535874228
2024-11-04,arx_lag1_7_route_energy,hormuz_tanker_transits,fold_23,53.0,57.77598259792148,-4.775982597921477
2024-11-05,arx_lag1_7_route_energy,hormuz_tanker_transits,fold_23,44.0,59.955493789818846,-15.955493789818846
2024-11-06,arx_lag1_7_route_energy,hormuz_tanker_transits,fold_23,61.0,59.6733975809125,1.3266024190875
2024-11-07,arx_lag1_7_route_energy,hormuz_tanker_transits,fold_23,52.0,60.811345626841614,-8.811345626841614
2024-11-08,arx_lag1_7_route_energy,hormuz_tanker_transits,fold_23,36.0,60.73598009370561,-24.735980093705606
2024-11-09,arx_lag1_7_route_energy,hormuz_tanker_transits,fold_23,49.0,59.369540064209055,-10.369540064209055
2024-11-10,arx_lag1_7_route_energy,hormuz_tanker_transits,fold_23,50.0,59.879075281726884,-9.879075281726884
2024-11-11,arx_lag1_7_route_energy,hormuz_tanker_transits,fold_23,61.0,57.787413524095484,3.2125864759045157
2024-11-12,arx_lag1_7_route_energy,hormuz_tanker_transits,fold_23,59.0,57.862276472249576,1.137723527750424
2024-11-13,arx_lag1_7_route_energy,hormuz_tanker_transits,fold_23,34.0,58.64236964966831,-24.64236964966831
2024-11-14,arx_lag1_7_route_energy,hormuz_tanker_transits,fold_23,45.0,57.72859903637061,-12.72859903637061
2024-11-15,arx_lag1_7_route_energy,hormuz_tanker_transits,fold_23,39.0,60.468282656389675,-21.468282656389675
2024-11-16,arx_lag1_7_route_energy,hormuz_tanker_transits,fold_23,32.0,58.89634569324884,-26.89634569324884
2024-11-17,arx_lag1_7_route_energy,hormuz_tanker_transits,fold_23,36.0,58.23673654199882,-22.236736541998823
2024-11-18,arx_lag1_7_route_energy,hormuz_tanker_transits,fold_23,54.0,57.66217422513533,-3.662174225135331
2024-11-19,arx_lag1_7_route_energy,hormuz_tanker_transits,fold_23,37.0,57.840168261825845,-20.840168261825845
2024-11-20,arx_lag1_7_route_energy,hormuz_tanker_transits,fold_23,39.0,55.67194991111184,-16.671949911111838
2024-11-21,arx_lag1_7_route_energy,hormuz_tanker_transits,fold_24,32.0,48.190528470379995,-16.190528470379995
2024-11-22,arx_lag1_7_route_energy,hormuz_tanker_transits,fold_24,43.0,52.66018615098974,-9.660186150989738
2024-11-23,arx_lag1_7_route_energy,hormuz_tanker_transits,fold_24,48.0,52.61945091679317,-4.61945091679317
2024-11-24,arx_lag1_7_route_energy,hormuz_tanker_transits,fold_24,33.0,53.41915322444044,-20.419153224440443
2024-11-25,arx_lag1_7_route_energy,hormuz_tanker_transits,fold_24,38.0,54.688405372523434,-16.688405372523434
2024-11-26,arx_lag1_7_route_energy,hormuz_tanker_transits,fold_24,32.0,54.49285717606139,-22.492857176061392
2024-11-27,arx_lag1_7_route_energy,hormuz_tanker_transits,fold_24,34.0,52.095232704388486,-18.095232704388486
2024-11-28,arx_lag1_7_route_energy,hormuz_tanker_transits,fold_24,41.0,54.297394173586135,-13.297394173586135
2024-11-29,arx_lag1_7_route_energy,hormuz_tanker_transits,fold_24,50.0,55.08945645521569,-5.089456455215689
2024-11-30,arx_lag1_7_route_energy,hormuz_tanker_transits,fold_24,32.0,57.15840455438582,-25.158404554385818
2024-12-01,arx_lag1_7_route_energy,hormuz_tanker_transits,fold_24,39.0,57.792070801292695,-18.792070801292695
2024-12-02,arx_lag1_7_route_energy,hormuz_tanker_transits,fold_24,47.0,57.532562561467444,-10.532562561467444
2024-12-03,arx_lag1_7_route_energy,hormuz_tanker_transits,fold_24,21.0,58.55284405721919,-37.55284405721919
2024-12-04,arx_lag1_7_route_energy,hormuz_tanker_transits,fold_24,40.0,56.104964047011215,-16.104964047011215
2024-12-05,arx_lag1_7_route_energy,hormuz_tanker_transits,fold_24,30.0,56.15615133132124,-26.15615133132124
2024-12-06,arx_lag1_7_route_energy,hormuz_tanker_transits,fold_24,25.0,56.80936046250798,-31.809360462507982
2024-12-07,arx_lag1_7_route_energy,hormuz_tanker_transits,fold_24,33.0,57.418881197110906,-24.418881197110906
2024-12-08,arx_lag1_7_route_energy,hormuz_tanker_transits,fold_24,26.0,59.5017726710579,-33.5017726710579
2024-12-09,arx_lag1_7_route_energy,hormuz_tanker_transits,fold_24,32.0,56.38802597544436,-24.388025975444357
2024-12-10,arx_lag1_7_route_energy,hormuz_tanker_transits,fold_24,36.0,55.04655293406354,-19.04655293406354
2024-12-11,arx_lag1_7_route_energy,hormuz_tanker_transits,fold_24,39.0,56.400949583841616,-17.400949583841616
2024-12-12,arx_lag1_7_route_energy,hormuz_tanker_transits,fold_24,51.0,54.90251731580492,-3.9025173158049213
2024-12-13,arx_lag1_7_route_energy,hormuz_tanker_transits,fold_24,34.0,57.763197879139554,-23.763197879139554
2024-12-14,arx_lag1_7_route_energy,hormuz_tanker_transits,fold_24,34.0,57.579482377922616,-23.579482377922616
2024-12-15,arx_lag1_7_route_energy,hormuz_tanker_transits,fold_24,41.0,58.429699224380755,-17.429699224380755
2024-12-16,arx_lag1_7_route_energy,hormuz_tanker_transits,fold_24,49.0,56.69571802060502,-7.695718020605021
2024-12-17,arx_lag1_7_route_energy,hormuz_tanker_transits,fold_24,38.0,56.934052475402595,-18.934052475402595
2024-12-18,arx_lag1_7_route_energy,hormuz_tanker_transits,fold_24,21.0,56.26150080311539,-35.26150080311539
2024-12-19,arx_lag1_7_route_energy,hormuz_tanker_transits,fold_24,42.0,56.0586224097668,-14.058622409766798
2024-12-20,arx_lag1_7_route_energy,hormuz_tanker_transits,fold_24,54.0,59.50191549208649,-5.501915492086489
2024-12-21,arx_lag1_7_route_energy,hormuz_tanker_transits,fold_25,38.0,52.45474440565833,-14.454744405658332
2024-12-22,arx_lag1_7_route_energy,hormuz_tanker_transits,fold_25,38.0,53.27038832256359,-15.27038832256359
2024-12-23,arx_lag1_7_route_energy,hormuz_tanker_transits,fold_25,34.0,53.25978233771406,-19.259782337714057
2024-12-24,arx_lag1_7_route_energy,hormuz_tanker_transits,fold_25,31.0,52.92993425306155,-21.929934253061553
2024-12-25,arx_lag1_7_route_energy,hormuz_tanker_transits,fold_25,31.0,49.86812545433423,-18.868125454334233
2024-12-26,arx_lag1_7_route_energy,hormuz_tanker_transits,fold_25,35.0,51.76982901519314,-16.76982901519314
2024-12-27,arx_lag1_7_route_energy,hormuz_tanker_transits,fold_25,38.0,53.74327679066459,-15.743276790664588
2024-12-28,arx_lag1_7_route_energy,hormuz_tanker_transits,fold_25,45.0,53.998410634537926,-8.998410634537926
2024-12-29,arx_lag1_7_route_energy,hormuz_tanker_transits,fold_25,45.0,54.5691434218155,-9.569143421815497
2024-12-30,arx_lag1_7_route_energy,hormuz_tanker_transits,fold_25,27.0,55.30425888955482,-28.304258889554823
2024-12-31,arx_lag1_7_route_energy,hormuz_tanker_transits,fold_25,35.0,54.97334540712625,-19.973345407126253
2025-01-01,arx_lag1_7_route_energy,hormuz_tanker_transits,fold_25,51.0,53.11916773263566,-2.1191677326356597
2025-01-02,arx_lag1_7_route_energy,hormuz_tanker_transits,fold_25,26.0,54.39318099279691,-28.393180992796907
2025-01-03,arx_lag1_7_route_energy,hormuz_tanker_transits,fold_25,45.0,55.679817488763284,-10.679817488763284
2025-01-04,arx_lag1_7_route_energy,hormuz_tanker_transits,fold_25,48.0,55.641250652516106,-7.641250652516106
2025-01-05,arx_lag1_7_route_energy,hormuz_tanker_transits,fold_25,45.0,56.441049627714456,-11.441049627714456
2025-01-06,arx_lag1_7_route_energy,hormuz_tanker_transits,fold_25,32.0,56.66060031713892,-24.660600317138922
2025-01-07,arx_lag1_7_route_energy,hormuz_tanker_transits,fold_25,40.0,56.503061919838146,-16.503061919838146
2025-01-08,arx_lag1_7_route_energy,hormuz_tanker_transits,fold_25,36.0,56.130180238617456,-20.130180238617456
2025-01-09,arx_lag1_7_route_energy,hormuz_tanker_transits,fold_25,45.0,55.782445283876626,-10.782445283876626
2025-01-10,arx_lag1_7_route_energy,hormuz_tanker_transits,fold_25,50.0,56.740077664530354,-6.740077664530354
2025-01-11,arx_lag1_7_route_energy,hormuz_tanker_transits,fold_25,57.0,57.42607330031478,-0.4260733003147834
2025-01-12,arx_lag1_7_route_energy,hormuz_tanker_transits,fold_25,64.0,58.014945120395566,5.985054879604434
2025-01-13,arx_lag1_7_route_energy,hormuz_tanker_transits,fold_25,45.0,57.77582588102333,-12.77582588102333
2025-01-14,arx_lag1_7_route_energy,hormuz_tanker_transits,fold_25,38.0,57.74348708078612,-19.743487080786117
2025-01-15,arx_lag1_7_route_energy,hormuz_tanker_transits,fold_25,37.0,56.61038826645947,-19.610388266459474
2025-01-16,arx_lag1_7_route_energy,hormuz_tanker_transits,fold_25,51.0,56.207984203244486,-5.207984203244486
2025-01-17,arx_lag1_7_route_energy,hormuz_tanker_transits,fold_25,53.0,56.233425636202945,-3.233425636202945
2025-01-18,arx_lag1_7_route_energy,hormuz_tanker_transits,fold_25,51.0,55.98797667105423,-4.987976671054227
2025-01-19,arx_lag1_7_route_energy,hormuz_tanker_transits,fold_25,41.0,57.76035734793151,-16.76035734793151
2025-01-20,arx_lag1_7_route_energy,hormuz_tanker_transits,fold_26,49.0,46.82300945333894,2.1769905466610595
2025-01-21,arx_lag1_7_route_energy,hormuz_tanker_transits,fold_26,47.0,48.81839600124546,-1.8183960012454605
2025-01-22,arx_lag1_7_route_energy,hormuz_tanker_transits,fold_26,45.0,50.6894669580478,-5.689466958047802
2025-01-23,arx_lag1_7_route_energy,hormuz_tanker_transits,fold_26,49.0,53.079053286556054,-4.079053286556054
2025-01-24,arx_lag1_7_route_energy,hormuz_tanker_transits,fold_26,42.0,54.011446260360636,-12.011446260360636
2025-01-25,arx_lag1_7_route_energy,hormuz_tanker_transits,fold_26,59.0,55.20816116321268,3.7918388367873206
2025-01-26,arx_lag1_7_route_energy,hormuz_tanker_transits,fold_26,68.0,54.169455035850284,13.830544964149716
2025-01-27,arx_lag1_7_route_energy,hormuz_tanker_transits,fold_26,47.0,54.10645815180885,-7.106458151808852
2025-01-28,arx_lag1_7_route_energy,hormuz_tanker_transits,fold_26,44.0,53.29340076913771,-9.293400769137712
2025-01-29,arx_lag1_7_route_energy,hormuz_tanker_transits,fold_26,54.0,53.48937871673427,0.5106212832657278
2025-01-30,arx_lag1_7_route_energy,hormuz_tanker_transits,fold_26,53.0,53.74669247466543,-0.74669247466543
2025-01-31,arx_lag1_7_route_energy,hormuz_tanker_transits,fold_26,50.0,54.7075708650377,-4.707570865037702
2025-02-01,arx_lag1_7_route_energy,hormuz_tanker_transits,fold_26,39.0,54.8649026003543,-15.864902600354299
2025-02-02,arx_lag1_7_route_energy,hormuz_tanker_transits,fold_26,50.0,56.20802087391505,-6.2080208739150535
2025-02-03,arx_lag1_7_route_energy,hormuz_tanker_transits,fold_26,53.0,55.37966330504567,-2.3796633050456677
2025-02-04,arx_lag1_7_route_energy,hormuz_tanker_transits,fold_26,55.0,54.7831770641365,0.21682293586349743
2025-02-05,arx_lag1_7_route_energy,hormuz_tanker_transits,fold_26,47.0,54.2648859265517,-7.264885926551699
2025-02-06,arx_lag1_7_route_energy,hormuz_tanker_transits,fold_26,40.0,53.68648193088926,-13.686481930889258
2025-02-07,arx_lag1_7_route_energy,hormuz_tanker_transits,fold_26,33.0,55.724298737738785,-22.724298737738785
2025-02-08,arx_lag1_7_route_energy,hormuz_tanker_transits,fold_26,42.0,56.405555473597154,-14.405555473597154
2025-02-09,arx_lag1_7_route_energy,hormuz_tanker_transits,fold_26,57.0,55.48890394745795,1.511096052542051
2025-02-10,arx_lag1_7_route_energy,hormuz_tanker_transits,fold_26,57.0,55.07914240413957,1.9208575958604328
2025-02-11,arx_lag1_7_route_energy,hormuz_tanker_transits,fold_26,61.0,56.047835698873506,4.952164301126494
2025-02-12,arx_lag1_7_route_energy,hormuz_tanker_transits,fold_26,68.0,53.97235576214306,14.02764423785694
2025-02-13,arx_lag1_7_route_energy,hormuz_tanker_transits,fold_26,72.0,53.782042587304915,18.217957412695085
2025-02-14,arx_lag1_7_route_energy,hormuz_tanker_transits,fold_26,56.0,53.708770761834266,2.2912292381657338
2025-02-15,arx_lag1_7_route_energy,hormuz_tanker_transits,fold_26,49.0,54.653673845775614,-5.653673845775614
2025-02-16,arx_lag1_7_route_energy,hormuz_tanker_transits,fold_26,43.0,55.52135870645537,-12.521358706455374
2025-02-17,arx_lag1_7_route_energy,hormuz_tanker_transits,fold_26,43.0,55.88951280673345,-12.88951280673345
2025-02-18,arx_lag1_7_route_energy,hormuz_tanker_transits,fold_26,34.0,53.99404640865704,-19.99404640865704
2025-02-19,arx_lag1_7_route_energy,hormuz_tanker_transits,fold_27,58.0,46.91670463399989,11.083295366000108
2025-02-20,arx_lag1_7_route_energy,hormuz_tanker_transits,fold_27,57.0,53.72364080311259,3.2763591968874124
2025-02-21,arx_lag1_7_route_energy,hormuz_tanker_transits,fold_27,47.0,54.53567302615443,-7.535673026154427
2025-02-22,arx_lag1_7_route_energy,hormuz_tanker_transits,fold_27,53.0,53.969542925969016,-0.9695429259690158
2025-02-23,arx_lag1_7_route_energy,hormuz_tanker_transits,fold_27,33.0,52.70911385670062,-19.70911385670062
2025-02-24,arx_lag1_7_route_energy,hormuz_tanker_transits,fold_27,43.0,52.81127607014821,-9.81127607014821
2025-02-25,arx_lag1_7_route_energy,hormuz_tanker_transits,fold_27,44.0,51.07417280500195,-7.07417280500195
2025-02-26,arx_lag1_7_route_energy,hormuz_tanker_transits,fold_27,28.0,51.33048829635101,-23.330488296351007
2025-02-27,arx_lag1_7_route_energy,hormuz_tanker_transits,fold_27,43.0,52.65048938141356,-9.650489381413557
2025-02-28,arx_lag1_7_route_energy,hormuz_tanker_transits,fold_27,46.0,54.167006878531815,-8.167006878531815
2025-03-01,arx_lag1_7_route_energy,hormuz_tanker_transits,fold_27,42.0,55.02826015436081,-13.028260154360808
2025-03-02,arx_lag1_7_route_energy,hormuz_tanker_transits,fold_27,42.0,54.19978043099974,-12.199780430999738
2025-03-03,arx_lag1_7_route_energy,hormuz_tanker_transits,fold_27,61.0,55.015323919998714,5.984676080001286
2025-03-04,arx_lag1_7_route_energy,hormuz_tanker_transits,fold_27,51.0,53.255920377646355,-2.255920377646355
2025-03-05,arx_lag1_7_route_energy,hormuz_tanker_transits,fold_27,54.0,52.2448990511579,1.7551009488420988
2025-03-06,arx_lag1_7_route_energy,hormuz_tanker_transits,fold_27,85.0,52.18938476605289,32.81061523394711
2025-03-07,arx_lag1_7_route_energy,hormuz_tanker_transits,fold_27,66.0,53.72904895771521,12.270951042284793
2025-03-08,arx_lag1_7_route_energy,hormuz_tanker_transits,fold_27,59.0,53.555995687267426,5.444004312732574
2025-03-09,arx_lag1_7_route_energy,hormuz_tanker_transits,fold_27,44.0,53.75510705129988,-9.75510705129988
2025-03-10,arx_lag1_7_route_energy,hormuz_tanker_transits,fold_27,51.0,53.12935108942793,-2.129351089427928
2025-03-11,arx_lag1_7_route_energy,hormuz_tanker_transits,fold_27,33.0,51.95340120038644,-18.953401200386438
2025-03-12,arx_lag1_7_route_energy,hormuz_tanker_transits,fold_27,52.0,52.61446576634969,-0.6144657663496886
2025-03-13,arx_lag1_7_route_energy,hormuz_tanker_transits,fold_27,50.0,51.77069109382435,-1.7706910938243468
2025-03-14,arx_lag1_7_route_energy,hormuz_tanker_transits,fold_27,41.0,51.789416109267535,-10.789416109267535
2025-03-15,arx_lag1_7_route_energy,hormuz_tanker_transits,fold_27,58.0,51.8301981389161,6.169801861083897
2025-03-16,arx_lag1_7_route_energy,hormuz_tanker_transits,fold_27,71.0,52.781283145273356,18.218716854726644
2025-03-17,arx_lag1_7_route_energy,hormuz_tanker_transits,fold_27,48.0,53.2656791497509,-5.265679149750902
2025-03-18,arx_lag1_7_route_energy,hormuz_tanker_transits,fold_27,57.0,52.98243312277836,4.01756687722164
2025-03-19,arx_lag1_7_route_energy,hormuz_tanker_transits,fold_27,50.0,51.042942828375246,-1.0429428283752458
2025-03-20,arx_lag1_7_route_energy,hormuz_tanker_transits,fold_27,63.0,53.909124590077894,9.090875409922106
2025-03-21,arx_lag1_7_route_energy,hormuz_tanker_transits,fold_28,62.0,53.72495491135524,8.27504508864476
2025-03-22,arx_lag1_7_route_energy,hormuz_tanker_transits,fold_28,44.0,54.99807528058746,-10.998075280587457
2025-03-23,arx_lag1_7_route_energy,hormuz_tanker_transits,fold_28,50.0,57.28055050922705,-7.280550509227048
2025-03-24,arx_lag1_7_route_energy,hormuz_tanker_transits,fold_28,49.0,53.70689452688554,-4.7068945268855416
2025-03-25,arx_lag1_7_route_energy,hormuz_tanker_transits,fold_28,44.0,53.4955956503162,-9.495595650316197
2025-03-26,arx_lag1_7_route_energy,hormuz_tanker_transits,fold_28,31.0,53.32151701021745,-22.32151701021745
2025-03-27,arx_lag1_7_route_energy,hormuz_tanker_transits,fold_28,41.0,54.876364766404905,-13.876364766404905
2025-03-28,arx_lag1_7_route_energy,hormuz_tanker_transits,fold_28,73.0,54.41350830105014,18.586491698949857
2025-03-29,arx_lag1_7_route_energy,hormuz_tanker_transits,fold_28,90.0,54.4941063795971,35.5058936204029
2025-03-30,arx_lag1_7_route_energy,hormuz_tanker_transits,fold_28,84.0,56.79108668142431,27.20891331857569
2025-03-31,arx_lag1_7_route_energy,hormuz_tanker_transits,fold_28,57.0,55.24192051841227,1.7580794815877283
2025-04-01,arx_lag1_7_route_energy,hormuz_tanker_transits,fold_28,73.0,55.01463597832085,17.985364021679153
2025-04-02,arx_lag1_7_route_energy,hormuz_tanker_transits,fold_28,53.0,54.753871466232816,-1.753871466232816
2025-04-03,arx_lag1_7_route_energy,hormuz_tanker_transits,fold_28,58.0,53.498031469849785,4.501968530150215
2025-04-04,arx_lag1_7_route_energy,hormuz_tanker_transits,fold_28,76.0,52.85870648864143,23.14129351135857
2025-04-05,arx_lag1_7_route_energy,hormuz_tanker_transits,fold_28,55.0,51.791677156746516,3.208322843253484
2025-04-06,arx_lag1_7_route_energy,hormuz_tanker_transits,fold_28,68.0,52.3125064111659,15.687493588834101
2025-04-07,arx_lag1_7_route_energy,hormuz_tanker_transits,fold_28,67.0,51.31262154275843,15.687378457241572
2025-04-08,arx_lag1_7_route_energy,hormuz_tanker_transits,fold_28,76.0,50.27303675997474,25.726963240025263
2025-04-09,arx_lag1_7_route_energy,hormuz_tanker_transits,fold_28,74.0,50.70104828695009,23.29895171304991
2025-04-10,arx_lag1_7_route_energy,hormuz_tanker_transits,fold_28,67.0,50.5411928593893,16.458807140610702
2025-04-11,arx_lag1_7_route_energy,hormuz_tanker_transits,fold_28,69.0,51.2693716317476,17.730628368252397
2025-04-12,arx_lag1_7_route_energy,hormuz_tanker_transits,fold_28,61.0,50.9698760779443,10.0301239220557
2025-04-13,arx_lag1_7_route_energy,hormuz_tanker_transits,fold_28,71.0,52.426805602473195,18.573194397526805
2025-04-14,arx_lag1_7_route_energy,hormuz_tanker_transits,fold_28,59.0,52.42205658093487,6.577943419065129
2025-04-15,arx_lag1_7_route_energy,hormuz_tanker_transits,fold_28,32.0,50.77407262402796,-18.77407262402796
2025-04-16,arx_lag1_7_route_energy,hormuz_tanker_transits,fold_28,71.0,50.35695063329841,20.64304936670159
2025-04-17,arx_lag1_7_route_energy,hormuz_tanker_transits,fold_28,35.0,53.52902546922293,-18.52902546922293
2025-04-18,arx_lag1_7_route_energy,hormuz_tanker_transits,fold_28,21.0,52.85194733103233,-31.851947331032328
2025-04-19,arx_lag1_7_route_energy,hormuz_tanker_transits,fold_28,36.0,52.367659567464,-16.367659567464003
2025-04-20,arx_lag1_7_route_energy,hormuz_tanker_transits,fold_29,58.0,48.73591116153843,9.264088838461568
2025-04-21,arx_lag1_7_route_energy,hormuz_tanker_transits,fold_29,74.0,52.306293078049045,21.693706921950955
2025-04-22,arx_lag1_7_route_energy,hormuz_tanker_transits,fold_29,76.0,48.95685313031146,27.04314686968854
2025-04-23,arx_lag1_7_route_energy,hormuz_tanker_transits,fold_29,61.0,52.546245550039444,8.453754449960556
2025-04-24,arx_lag1_7_route_energy,hormuz_tanker_transits,fold_29,57.0,48.78404469981593,8.21595530018407
2025-04-25,arx_lag1_7_route_energy,hormuz_tanker_transits,fold_29,44.0,45.869480826774684,-1.8694808267746836
2025-04-26,arx_lag1_7_route_energy,hormuz_tanker_transits,fold_29,90.0,47.53254052577425,42.46745947422575
2025-04-27,arx_lag1_7_route_energy,hormuz_tanker_transits,fold_29,68.0,49.54682991447151,18.45317008552849
2025-04-28,arx_lag1_7_route_energy,hormuz_tanker_transits,fold_29,53.0,50.9131555027797,2.086844497220298
2025-04-29,arx_lag1_7_route_energy,hormuz_tanker_transits,fold_29,48.0,48.92069983304085,-0.9206998330408496
2025-04-30,arx_lag1_7_route_energy,hormuz_tanker_transits,fold_29,50.0,50.16551311919215,-0.1655131191921484
2025-05-01,arx_lag1_7_route_energy,hormuz_tanker_transits,fold_29,75.0,51.03318292321373,23.96681707678627
2025-05-02,arx_lag1_7_route_energy,hormuz_tanker_transits,fold_29,72.0,50.94670762263801,21.05329237736199
2025-05-03,arx_lag1_7_route_energy,hormuz_tanker_transits,fold_29,50.0,50.0236985822329,-0.02369858223290322
2025-05-04,arx_lag1_7_route_energy,hormuz_tanker_transits,fold_29,58.0,51.39448550245706,6.605514497542941
2025-05-05,arx_lag1_7_route_energy,hormuz_tanker_transits,fold_29,75.0,50.81091217749556,24.18908782250444
2025-05-06,arx_lag1_7_route_energy,hormuz_tanker_transits,fold_29,68.0,50.359396838664615,17.640603161335385
2025-05-07,arx_lag1_7_route_energy,hormuz_tanker_transits,fold_29,44.0,49.809989362745235,-5.809989362745235
2025-05-08,arx_lag1_7_route_energy,hormuz_tanker_transits,fold_29,27.0,49.32838955225736,-22.328389552257363
2025-05-09,arx_lag1_7_route_energy,hormuz_tanker_transits,fold_29,62.0,50.81892861080604,11.18107138919396
2025-05-10,arx_lag1_7_route_energy,hormuz_tanker_transits,fold_29,50.0,50.833320909343605,-0.8333209093436054
2025-05-11,arx_lag1_7_route_energy,hormuz_tanker_transits,fold_29,65.0,50.51204963491595,14.487950365084053
2025-05-12,arx_lag1_7_route_energy,hormuz_tanker_transits,fold_29,82.0,49.91080413775593,32.08919586224407
2025-05-13,arx_lag1_7_route_energy,hormuz_tanker_transits,fold_29,71.0,50.42798212124406,20.572017878755943
2025-05-14,arx_lag1_7_route_energy,hormuz_tanker_transits,fold_29,72.0,49.6374408967076,22.362559103292398
2025-05-15,arx_lag1_7_route_energy,hormuz_tanker_transits,fold_29,52.0,49.69107247571851,2.3089275242814935
2025-05-16,arx_lag1_7_route_energy,hormuz_tanker_transits,fold_29,59.0,51.2091055404457,7.790894459554302
2025-05-17,arx_lag1_7_route_energy,hormuz_tanker_transits,fold_29,67.0,50.58369876890369,16.416301231096313
2025-05-18,arx_lag1_7_route_energy,hormuz_tanker_transits,fold_29,70.0,51.005525518937354,18.994474481062646
2025-05-19,arx_lag1_7_route_energy,hormuz_tanker_transits,fold_29,54.0,50.758453626002435,3.241546373997565
2025-05-20,arx_lag1_7_route_energy,hormuz_tanker_transits,fold_30,71.0,54.64750258756642,16.35249741243358
2025-05-21,arx_lag1_7_route_energy,hormuz_tanker_transits,fold_30,61.0,56.474988555183046,4.525011444816954
2025-05-22,arx_lag1_7_route_energy,hormuz_tanker_transits,fold_30,69.0,53.21669653644315,15.783303463556848
2025-05-23,arx_lag1_7_route_energy,hormuz_tanker_transits,fold_30,60.0,53.48935433459237,6.51064566540763
2025-05-24,arx_lag1_7_route_energy,hormuz_tanker_transits,fold_30,61.0,55.61664218515902,5.383357814840977
2025-05-25,arx_lag1_7_route_energy,hormuz_tanker_transits,fold_30,57.0,56.088899552708426,0.9111004472915738
2025-05-26,arx_lag1_7_route_energy,hormuz_tanker_transits,fold_30,56.0,54.85031808472775,1.1496819152722466
2025-05-27,arx_lag1_7_route_energy,hormuz_tanker_transits,fold_30,56.0,52.2961036611576,3.703896338842398
2025-05-28,arx_lag1_7_route_energy,hormuz_tanker_transits,fold_30,63.0,50.36760553296177,12.632394467038232
2025-05-29,arx_lag1_7_route_energy,hormuz_tanker_transits,fold_30,85.0,50.934739029687776,34.065260970312224
2025-05-30,arx_lag1_7_route_energy,hormuz_tanker_transits,fold_30,86.0,50.69496313290825,35.30503686709175
2025-05-31,arx_lag1_7_route_energy,hormuz_tanker_transits,fold_30,68.0,52.36074529048732,15.639254709512677
2025-06-01,arx_lag1_7_route_energy,hormuz_tanker_transits,fold_30,69.0,53.56290261961334,15.43709738038666
2025-06-02,arx_lag1_7_route_energy,hormuz_tanker_transits,fold_30,57.0,54.5685953532657,2.4314046467343005
2025-06-03,arx_lag1_7_route_energy,hormuz_tanker_transits,fold_30,60.0,54.44311753755722,5.556882462442779
2025-06-04,arx_lag1_7_route_energy,hormuz_tanker_transits,fold_30,82.0,52.21115245747055,29.788847542529453
2025-06-05,arx_lag1_7_route_energy,hormuz_tanker_transits,fold_30,65.0,52.405388407120604,12.594611592879396
2025-06-06,arx_lag1_7_route_energy,hormuz_tanker_transits,fold_30,59.0,52.0589833993763,6.941016600623698
2025-06-07,arx_lag1_7_route_energy,hormuz_tanker_transits,fold_30,53.0,52.539804985026144,0.4601950149738556
2025-06-08,arx_lag1_7_route_energy,hormuz_tanker_transits,fold_30,69.0,53.084048411013256,15.915951588986744
2025-06-09,arx_lag1_7_route_energy,hormuz_tanker_transits,fold_30,58.0,52.328649631953574,5.671350368046426
2025-06-10,arx_lag1_7_route_energy,hormuz_tanker_transits,fold_30,52.0,52.04570762133382,-0.04570762133381834
2025-06-11,arx_lag1_7_route_energy,hormuz_tanker_transits,fold_30,52.0,52.53987472896834,-0.5398747289683428
2025-06-12,arx_lag1_7_route_energy,hormuz_tanker_transits,fold_30,60.0,52.529379668723735,7.470620331276265
2025-06-13,arx_lag1_7_route_energy,hormuz_tanker_transits,fold_30,45.0,55.37579921870386,-10.375799218703861
2025-06-14,arx_lag1_7_route_energy,hormuz_tanker_transits,fold_30,56.0,54.74618408436721,1.2538159156327922
2025-06-15,arx_lag1_7_route_energy,hormuz_tanker_transits,fold_30,74.0,55.94585039790389,18.05414960209611
2025-06-16,arx_lag1_7_route_energy,hormuz_tanker_transits,fold_30,29.0,54.456382846619746,-25.456382846619746
2025-06-17,arx_lag1_7_route_energy,hormuz_tanker_transits,fold_30,49.0,54.81409316213098,-5.81409316213098
2025-06-18,arx_lag1_7_route_energy,hormuz_tanker_transits,fold_30,63.0,54.323243255468185,8.676756744531815
2025-06-19,arx_lag1_7_route_energy,hormuz_tanker_transits,fold_31,60.0,59.27161458750887,0.7283854124911286
2025-06-20,arx_lag1_7_route_energy,hormuz_tanker_transits,fold_31,54.0,56.905490805581465,-2.905490805581465
2025-06-21,arx_lag1_7_route_energy,hormuz_tanker_transits,fold_31,49.0,56.61728032333756,-7.61728032333756
2025-06-22,arx_lag1_7_route_energy,hormuz_tanker_transits,fold_31,51.0,60.17515237138939,-9.175152371389387
2025-06-23,arx_lag1_7_route_energy,hormuz_tanker_transits,fold_31,44.0,53.29888848477719,-9.298888484777187
2025-06-24,arx_lag1_7_route_energy,hormuz_tanker_transits,fold_31,42.0,52.67464595834886,-10.674645958348862
2025-06-25,arx_lag1_7_route_energy,hormuz_tanker_transits,fold_31,42.0,52.53173365119047,-10.531733651190471
2025-06-26,arx_lag1_7_route_energy,hormuz_tanker_transits,fold_31,44.0,54.21260158928706,-10.212601589287061
2025-06-27,arx_lag1_7_route_energy,hormuz_tanker_transits,fold_31,51.0,55.57135151842991,-4.571351518429907
2025-06-28,arx_lag1_7_route_energy,hormuz_tanker_transits,fold_31,44.0,55.71999293837544,-11.71999293837544
2025-06-29,arx_lag1_7_route_energy,hormuz_tanker_transits,fold_31,72.0,55.818512255028764,16.181487744971236
2025-06-30,arx_lag1_7_route_energy,hormuz_tanker_transits,fold_31,60.0,54.707137156549244,5.292862843450756
2025-07-01,arx_lag1_7_route_energy,hormuz_tanker_transits,fold_31,48.0,53.731708664423635,-5.7317086644236355
2025-07-02,arx_lag1_7_route_energy,hormuz_tanker_transits,fold_31,48.0,53.44679092262744,-5.446790922627443
2025-07-03,arx_lag1_7_route_energy,hormuz_tanker_transits,fold_31,41.0,52.6534223496991,-11.653422349699099
2025-07-04,arx_lag1_7_route_energy,hormuz_tanker_transits,fold_31,66.0,55.857985354681844,10.142014645318156
2025-07-05,arx_lag1_7_route_energy,hormuz_tanker_transits,fold_31,51.0,56.287569309039576,-5.287569309039576
2025-07-06,arx_lag1_7_route_energy,hormuz_tanker_transits,fold_31,47.0,55.73795133993643,-8.73795133993643
2025-07-07,arx_lag1_7_route_energy,hormuz_tanker_transits,fold_31,37.0,55.05333361840304,-18.053333618403038
2025-07-08,arx_lag1_7_route_energy,hormuz_tanker_transits,fold_31,47.0,56.348754367488404,-9.348754367488404
2025-07-09,arx_lag1_7_route_energy,hormuz_tanker_transits,fold_31,71.0,55.136751117549714,15.863248882450286
2025-07-10,arx_lag1_7_route_energy,hormuz_tanker_transits,fold_31,58.0,54.87759548000734,3.1224045199926636
2025-07-11,arx_lag1_7_route_energy,hormuz_tanker_transits,fold_31,50.0,57.040723061449796,-7.040723061449796
2025-07-12,arx_lag1_7_route_energy,hormuz_tanker_transits,fold_31,67.0,57.439625582066945,9.560374417933055
2025-07-13,arx_lag1_7_route_energy,hormuz_tanker_transits,fold_31,54.0,56.8364470347905,-2.8364470347905026
2025-07-14,arx_lag1_7_route_energy,hormuz_tanker_transits,fold_31,63.0,55.10033709709371,7.899662902906293
2025-07-15,arx_lag1_7_route_energy,hormuz_tanker_transits,fold_31,68.0,54.04890559600228,13.951094403997722
2025-07-16,arx_lag1_7_route_energy,hormuz_tanker_transits,fold_31,74.0,54.71371617087161,19.286283829128386
2025-07-17,arx_lag1_7_route_energy,hormuz_tanker_transits,fold_31,58.0,54.85795882185664,3.1420411781433586
2025-07-18,arx_lag1_7_route_energy,hormuz_tanker_transits,fold_31,57.0,56.545982493823246,0.4540175061767542
2025-07-19,arx_lag1_7_route_energy,hormuz_tanker_transits,fold_32,64.0,56.46733247338898,7.5326675266110215
2025-07-20,arx_lag1_7_route_energy,hormuz_tanker_transits,fold_32,80.0,56.725937936892876,23.274062063107124
2025-07-21,arx_lag1_7_route_energy,hormuz_tanker_transits,fold_32,53.0,57.87574628652428,-4.875746286524283
2025-07-22,arx_lag1_7_route_energy,hormuz_tanker_transits,fold_32,38.0,56.47756199880039,-18.47756199880039
2025-07-23,arx_lag1_7_route_energy,hormuz_tanker_transits,fold_32,68.0,56.697479495786375,11.302520504213625
2025-07-24,arx_lag1_7_route_energy,hormuz_tanker_transits,fold_32,58.0,54.27093041378054,3.7290695862194596
2025-07-25,arx_lag1_7_route_energy,hormuz_tanker_transits,fold_32,57.0,54.4298205852609,2.5701794147391013
2025-07-26,arx_lag1_7_route_energy,hormuz_tanker_transits,fold_32,59.0,55.423518005188384,3.5764819948116156
2025-07-27,arx_lag1_7_route_energy,hormuz_tanker_transits,fold_32,68.0,55.49887702635871,12.501122973641287
2025-07-28,arx_lag1_7_route_energy,hormuz_tanker_transits,fold_32,69.0,55.78511216981931,13.214887830180693
2025-07-29,arx_lag1_7_route_energy,hormuz_tanker_transits,fold_32,66.0,54.28834842829952,11.711651571700479
2025-07-30,arx_lag1_7_route_energy,hormuz_tanker_transits,fold_32,59.0,54.72034283544213,4.279657164557868
2025-07-31,arx_lag1_7_route_energy,hormuz_tanker_transits,fold_32,69.0,54.84657716005094,14.153422839949059
2025-08-01,arx_lag1_7_route_energy,hormuz_tanker_transits,fold_32,48.0,54.682701293267634,-6.682701293267634
2025-08-02,arx_lag1_7_route_energy,hormuz_tanker_transits,fold_32,66.0,54.80696830244806,11.193031697551937
2025-08-03,arx_lag1_7_route_energy,hormuz_tanker_transits,fold_32,53.0,54.532847470098986,-1.5328474700989858
2025-08-04,arx_lag1_7_route_energy,hormuz_tanker_transits,fold_32,29.0,53.67142660705814,-24.671426607058137
2025-08-05,arx_lag1_7_route_energy,hormuz_tanker_transits,fold_32,45.0,54.33782885297904,-9.337828852979037
2025-08-06,arx_lag1_7_route_energy,hormuz_tanker_transits,fold_32,37.0,54.42023342834936,-17.420233428349363
2025-08-07,arx_lag1_7_route_energy,hormuz_tanker_transits,fold_32,43.0,54.39702261194085,-11.397022611940848
2025-08-08,arx_lag1_7_route_energy,hormuz_tanker_transits,fold_32,51.0,54.06029373199245,-3.060293731992452
2025-08-09,arx_lag1_7_route_energy,hormuz_tanker_transits,fold_32,44.0,54.204539755576924,-10.204539755576924
2025-08-10,arx_lag1_7_route_energy,hormuz_tanker_transits,fold_32,32.0,54.66371645524412,-22.66371645524412
2025-08-11,arx_lag1_7_route_energy,hormuz_tanker_transits,fold_32,51.0,54.69683278761082,-3.6968327876108233
2025-08-12,arx_lag1_7_route_energy,hormuz_tanker_transits,fold_32,77.0,53.06322091288751,23.93677908711249
2025-08-13,arx_lag1_7_route_energy,hormuz_tanker_transits,fold_32,51.0,53.826552872840445,-2.8265528728404448
2025-08-14,arx_lag1_7_route_energy,hormuz_tanker_transits,fold_32,56.0,54.734412897654224,1.2655871023457763
2025-08-15,arx_lag1_7_route_energy,hormuz_tanker_transits,fold_32,43.0,53.84648602338788,-10.846486023387882
2025-08-16,arx_lag1_7_route_energy,hormuz_tanker_transits,fold_32,44.0,53.918357577012245,-9.918357577012245
2025-08-17,arx_lag1_7_route_energy,hormuz_tanker_transits,fold_32,45.0,53.51853640589453,-8.51853640589453
2025-08-18,arx_lag1_7_route_energy,hormuz_tanker_transits,fold_33,52.0,48.93704729176098,3.062952708239017
2025-08-19,arx_lag1_7_route_energy,hormuz_tanker_transits,fold_33,60.0,53.819477261617344,6.180522738382656
2025-08-20,arx_lag1_7_route_energy,hormuz_tanker_transits,fold_33,49.0,53.31809807766707,-4.3180980776670665
2025-08-21,arx_lag1_7_route_energy,hormuz_tanker_transits,fold_33,49.0,53.01799647184685,-4.01799647184685
2025-08-22,arx_lag1_7_route_energy,hormuz_tanker_transits,fold_33,83.0,52.66521355102871,30.334786448971293
2025-08-23,arx_lag1_7_route_energy,hormuz_tanker_transits,fold_33,66.0,53.155019960633126,12.844980039366874
2025-08-24,arx_lag1_7_route_energy,hormuz_tanker_transits,fold_33,72.0,52.415465137286645,19.584534862713355
2025-08-25,arx_lag1_7_route_energy,hormuz_tanker_transits,fold_33,43.0,54.233111698206066,-11.233111698206066
2025-08-26,arx_lag1_7_route_energy,hormuz_tanker_transits,fold_33,40.0,53.8918368861734,-13.891836886173401
2025-08-27,arx_lag1_7_route_energy,hormuz_tanker_transits,fold_33,47.0,52.607355960165386,-5.6073559601653855
2025-08-28,arx_lag1_7_route_energy,hormuz_tanker_transits,fold_33,60.0,52.88780267001244,7.112197329987559
2025-08-29,arx_lag1_7_route_energy,hormuz_tanker_transits,fold_33,67.0,53.53042824593271,13.469571754067289
2025-08-30,arx_lag1_7_route_energy,hormuz_tanker_transits,fold_33,64.0,54.988446906398465,9.011553093601535
2025-08-31,arx_lag1_7_route_energy,hormuz_tanker_transits,fold_33,56.0,54.514644315935655,1.485355684064345
2025-09-01,arx_lag1_7_route_energy,hormuz_tanker_transits,fold_33,65.0,54.16413152140772,10.835868478592282
2025-09-02,arx_lag1_7_route_energy,hormuz_tanker_transits,fold_33,54.0,54.492882534188524,-0.49288253418852435
2025-09-03,arx_lag1_7_route_energy,hormuz_tanker_transits,fold_33,47.0,54.12888886466874,-7.128888864668738
2025-09-04,arx_lag1_7_route_energy,hormuz_tanker_transits,fold_33,32.0,52.94289350723554,-20.94289350723554
2025-09-05,arx_lag1_7_route_energy,hormuz_tanker_transits,fold_33,86.0,52.7010756320677,33.2989243679323
2025-09-06,arx_lag1_7_route_energy,hormuz_tanker_transits,fold_33,54.0,53.414053224561165,0.5859467754388348
2025-09-07,arx_lag1_7_route_energy,hormuz_tanker_transits,fold_33,65.0,54.03032649381671,10.969673506183291
2025-09-08,arx_lag1_7_route_energy,hormuz_tanker_transits,fold_33,61.0,53.840075645818985,7.159924354181015
2025-09-09,arx_lag1_7_route_energy,hormuz_tanker_transits,fold_33,51.0,53.908531530640545,-2.908531530640545
2025-09-10,arx_lag1_7_route_energy,hormuz_tanker_transits,fold_33,53.0,53.56451153107836,-0.5645115310783595
2025-09-11,arx_lag1_7_route_energy,hormuz_tanker_transits,fold_33,38.0,53.091575415704554,-15.091575415704554
2025-09-12,arx_lag1_7_route_energy,hormuz_tanker_transits,fold_33,43.0,53.31015422963269,-10.310154229632687
2025-09-13,arx_lag1_7_route_energy,hormuz_tanker_transits,fold_33,40.0,53.87769409174899,-13.877694091748992
2025-09-14,arx_lag1_7_route_energy,hormuz_tanker_transits,fold_33,35.0,54.21322095937852,-19.213220959378518
2025-09-15,arx_lag1_7_route_energy,hormuz_tanker_transits,fold_33,37.0,53.066455676282395,-16.066455676282395
2025-09-16,arx_lag1_7_route_energy,hormuz_tanker_transits,fold_33,48.0,53.47035185867493,-5.470351858674931
2025-09-17,arx_lag1_7_route_energy,hormuz_tanker_transits,fold_34,71.0,51.6222234854024,19.3777765145976
2025-09-18,arx_lag1_7_route_energy,hormuz_tanker_transits,fold_34,61.0,50.5773757246603,10.4226242753397
2025-09-19,arx_lag1_7_route_energy,hormuz_tanker_transits,fold_34,36.0,51.333406255571724,-15.333406255571724
2025-09-20,arx_lag1_7_route_energy,hormuz_tanker_transits,fold_34,55.0,50.86255820366112,4.1374417963388765
2025-09-21,arx_lag1_7_route_energy,hormuz_tanker_transits,fold_34,54.0,50.81016643523501,3.1898335647649887
2025-09-22,arx_lag1_7_route_energy,hormuz_tanker_transits,fold_34,30.0,49.99481520453962,-19.99481520453962
2025-09-23,arx_lag1_7_route_energy,hormuz_tanker_transits,fold_34,63.0,51.901627732302664,11.098372267697336
2025-09-24,arx_lag1_7_route_energy,hormuz_tanker_transits,fold_34,60.0,52.18260225711083,7.81739774288917
2025-09-25,arx_lag1_7_route_energy,hormuz_tanker_transits,fold_34,30.0,52.2710883740591,-22.271088374059097
2025-09-26,arx_lag1_7_route_energy,hormuz_tanker_transits,fold_34,30.0,54.15678958249316,-24.15678958249316
2025-09-27,arx_lag1_7_route_energy,hormuz_tanker_transits,fold_34,49.0,53.65441353454665,-4.654413534546649
2025-09-28,arx_lag1_7_route_energy,hormuz_tanker_transits,fold_34,69.0,52.93096150628483,16.06903849371517
2025-09-29,arx_lag1_7_route_energy,hormuz_tanker_transits,fold_34,56.0,53.28993222120962,2.710067778790382
2025-09-30,arx_lag1_7_route_energy,hormuz_tanker_transits,fold_34,72.0,52.956691023165476,19.043308976834524
2025-10-01,arx_lag1_7_route_energy,hormuz_tanker_transits,fold_34,69.0,53.05303686064834,15.94696313935166
2025-10-02,arx_lag1_7_route_energy,hormuz_tanker_transits,fold_34,74.0,50.98160482905862,23.018395170941382
2025-10-03,arx_lag1_7_route_energy,hormuz_tanker_transits,fold_34,76.0,53.13828236833358,22.861717631666423
2025-10-04,arx_lag1_7_route_energy,hormuz_tanker_transits,fold_34,90.0,53.2078854023381,36.7921145976619
2025-10-05,arx_lag1_7_route_energy,hormuz_tanker_transits,fold_34,77.0,54.41195781500898,22.588042184991018
2025-10-06,arx_lag1_7_route_energy,hormuz_tanker_transits,fold_34,34.0,54.473819601355025,-20.473819601355025
2025-10-07,arx_lag1_7_route_energy,hormuz_tanker_transits,fold_34,19.0,53.66266568260985,-34.66266568260985
2025-10-08,arx_lag1_7_route_energy,hormuz_tanker_transits,fold_34,29.0,54.3084319266256,-25.3084319266256
2025-10-09,arx_lag1_7_route_energy,hormuz_tanker_transits,fold_34,32.0,53.950681082940754,-21.950681082940754
2025-10-10,arx_lag1_7_route_energy,hormuz_tanker_transits,fold_34,29.0,53.125520160080846,-24.125520160080846
2025-10-11,arx_lag1_7_route_energy,hormuz_tanker_transits,fold_34,25.0,52.579706931692854,-27.579706931692854
2025-10-12,arx_lag1_7_route_energy,hormuz_tanker_transits,fold_34,32.0,52.71052034975482,-20.710520349754823
2025-10-13,arx_lag1_7_route_energy,hormuz_tanker_transits,fold_34,43.0,52.70476719724573,-9.70476719724573
2025-10-14,arx_lag1_7_route_energy,hormuz_tanker_transits,fold_34,75.0,52.1532358881387,22.846764111861297
2025-10-15,arx_lag1_7_route_energy,hormuz_tanker_transits,fold_34,39.0,51.3443485413793,-12.344348541379297
2025-10-16,arx_lag1_7_route_energy,hormuz_tanker_transits,fold_34,26.0,51.71342879126617,-25.713428791266168
2025-10-17,arx_lag1_7_route_energy,hormuz_tanker_transits,fold_35,28.0,38.87034554324594,-10.87034554324594
2025-10-18,arx_lag1_7_route_energy,hormuz_tanker_transits,fold_35,51.0,43.559433679052816,7.440566320947184
2025-10-19,arx_lag1_7_route_energy,hormuz_tanker_transits,fold_35,41.0,46.22307068455697,-5.223070684556973
2025-10-20,arx_lag1_7_route_energy,hormuz_tanker_transits,fold_35,36.0,49.25353280410686,-13.253532804106861
2025-10-21,arx_lag1_7_route_energy,hormuz_tanker_transits,fold_35,45.0,53.771837256787244,-8.771837256787244
2025-10-22,arx_lag1_7_route_energy,hormuz_tanker_transits,fold_35,58.0,50.59687274173115,7.403127258268853
2025-10-23,arx_lag1_7_route_energy,hormuz_tanker_transits,fold_35,55.0,48.18045158826647,6.819548411733528
2025-10-24,arx_lag1_7_route_energy,hormuz_tanker_transits,fold_35,71.0,48.865176168255616,22.134823831744384
2025-10-25,arx_lag1_7_route_energy,hormuz_tanker_transits,fold_35,68.0,50.62376099404345,17.37623900595655
2025-10-26,arx_lag1_7_route_energy,hormuz_tanker_transits,fold_35,41.0,51.41712186147085,-10.417121861470847
2025-10-27,arx_lag1_7_route_energy,hormuz_tanker_transits,fold_35,51.0,51.563581589665624,-0.563581589665624
2025-10-28,arx_lag1_7_route_energy,hormuz_tanker_transits,fold_35,71.0,52.516945370233145,18.483054629766855
2025-10-29,arx_lag1_7_route_energy,hormuz_tanker_transits,fold_35,58.0,51.93572162651452,6.064278373485479
2025-10-30,arx_lag1_7_route_energy,hormuz_tanker_transits,fold_35,42.0,51.261635072075556,-9.261635072075556
2025-10-31,arx_lag1_7_route_energy,hormuz_tanker_transits,fold_35,56.0,51.020089785222886,4.979910214777114
2025-11-01,arx_lag1_7_route_energy,hormuz_tanker_transits,fold_35,55.0,52.157975828611946,2.8420241713880543
2025-11-02,arx_lag1_7_route_energy,hormuz_tanker_transits,fold_35,43.0,53.488468507360885,-10.488468507360885
2025-11-03,arx_lag1_7_route_energy,hormuz_tanker_transits,fold_35,15.0,53.492080797360146,-38.492080797360146
2025-11-04,arx_lag1_7_route_energy,hormuz_tanker_transits,fold_35,38.0,52.22523956789774,-14.225239567897738
2025-11-05,arx_lag1_7_route_energy,hormuz_tanker_transits,fold_35,36.0,51.504640134165435,-15.504640134165435
2025-11-06,arx_lag1_7_route_energy,hormuz_tanker_transits,fold_35,49.0,51.11235638921993,-2.112356389219933
2025-11-07,arx_lag1_7_route_energy,hormuz_tanker_transits,fold_35,50.0,51.47396526482152,-1.4739652648215227
2025-11-08,arx_lag1_7_route_energy,hormuz_tanker_transits,fold_35,72.0,52.142115812382414,19.857884187617586
2025-11-09,arx_lag1_7_route_energy,hormuz_tanker_transits,fold_35,56.0,53.36167803981456,2.6383219601854435
2025-11-10,arx_lag1_7_route_energy,hormuz_tanker_transits,fold_35,44.0,51.49379337964579,-7.493793379645787
2025-11-11,arx_lag1_7_route_energy,hormuz_tanker_transits,fold_35,60.0,51.35832130059986,8.641678699400138
2025-11-12,arx_lag1_7_route_energy,hormuz_tanker_transits,fold_35,40.0,49.73261966516383,-9.732619665163831
2025-11-13,arx_lag1_7_route_energy,hormuz_tanker_transits,fold_35,42.0,51.01165279456969,-9.011652794569692
2025-11-14,arx_lag1_7_route_energy,hormuz_tanker_transits,fold_35,50.0,52.27277314457498,-2.272773144574977
2025-11-15,arx_lag1_7_route_energy,hormuz_tanker_transits,fold_35,45.0,52.71783884529681,-7.717838845296811
2025-11-16,arx_lag1_7_route_energy,hormuz_tanker_transits,fold_36,24.0,50.77871876182703,-26.77871876182703
2025-11-17,arx_lag1_7_route_energy,hormuz_tanker_transits,fold_36,33.0,50.732863231774324,-17.732863231774324
2025-11-18,arx_lag1_7_route_energy,hormuz_tanker_transits,fold_36,31.0,51.50817128851978,-20.508171288519783
2025-11-19,arx_lag1_7_route_energy,hormuz_tanker_transits,fold_36,48.0,50.262163299624504,-2.262163299624504
2025-11-20,arx_lag1_7_route_energy,hormuz_tanker_transits,fold_36,55.0,50.85114639818578,4.148853601814217
2025-11-21,arx_lag1_7_route_energy,hormuz_tanker_transits,fold_36,39.0,50.95432128343477,-11.954321283434773
2025-11-22,arx_lag1_7_route_energy,hormuz_tanker_transits,fold_36,36.0,51.35675528606692,-15.356755286066921
2025-11-23,arx_lag1_7_route_energy,hormuz_tanker_transits,fold_36,33.0,51.80917369745981,-18.809173697459812
2025-11-24,arx_lag1_7_route_energy,hormuz_tanker_transits,fold_36,30.0,51.55582291230396,-21.55582291230396
2025-11-25,arx_lag1_7_route_energy,hormuz_tanker_transits,fold_36,41.0,52.10861171579933,-11.108611715799327
2025-11-26,arx_lag1_7_route_energy,hormuz_tanker_transits,fold_36,34.0,50.76403221959644,-16.764032219596437
2025-11-27,arx_lag1_7_route_energy,hormuz_tanker_transits,fold_36,35.0,50.31232423462957,-15.312324234629571
2025-11-28,arx_lag1_7_route_energy,hormuz_tanker_transits,fold_36,30.0,52.18808407857747,-22.188084078577468
2025-11-29,arx_lag1_7_route_energy,hormuz_tanker_transits,fold_36,29.0,53.0811214115139,-24.081121411513898
2025-11-30,arx_lag1_7_route_energy,hormuz_tanker_transits,fold_36,39.0,52.76365111274209,-13.763651112742089
2025-12-01,arx_lag1_7_route_energy,hormuz_tanker_transits,fold_36,40.0,52.83849407896118,-12.838494078961183
2025-12-02,arx_lag1_7_route_energy,hormuz_tanker_transits,fold_36,34.0,51.15132527288028,-17.15132527288028
2025-12-03,arx_lag1_7_route_energy,hormuz_tanker_transits,fold_36,31.0,50.82671176728925,-19.826711767289247
2025-12-04,arx_lag1_7_route_energy,hormuz_tanker_transits,fold_36,35.0,50.72654691636742,-15.726546916367418
2025-12-05,arx_lag1_7_route_energy,hormuz_tanker_transits,fold_36,36.0,52.53771981958089,-16.537719819580893
2025-12-06,arx_lag1_7_route_energy,hormuz_tanker_transits,fold_36,46.0,52.8212402697531,-6.821240269753098
2025-12-07,arx_lag1_7_route_energy,hormuz_tanker_transits,fold_36,34.0,53.09765623524302,-19.097656235243022
2025-12-08,arx_lag1_7_route_energy,hormuz_tanker_transits,fold_36,39.0,52.25348770778013,-13.253487707780131
2025-12-09,arx_lag1_7_route_energy,hormuz_tanker_transits,fold_36,55.0,51.46040850552524,3.539591494474763
2025-12-10,arx_lag1_7_route_energy,hormuz_tanker_transits,fold_36,35.0,50.31848777759338,-15.318487777593383
2025-12-11,arx_lag1_7_route_energy,hormuz_tanker_transits,fold_36,36.0,51.98226000132308,-15.982260001323077
2025-12-12,arx_lag1_7_route_energy,hormuz_tanker_transits,fold_36,29.0,51.12250919767276,-22.122509197672763
2025-12-13,arx_lag1_7_route_energy,hormuz_tanker_transits,fold_36,32.0,52.56160568128336,-20.56160568128336
2025-12-14,arx_lag1_7_route_energy,hormuz_tanker_transits,fold_36,42.0,52.35339512199265,-10.353395121992648
2025-12-15,arx_lag1_7_route_energy,hormuz_tanker_transits,fold_36,23.0,52.21636466659939,-29.21636466659939
2025-12-16,arx_lag1_7_route_energy,hormuz_tanker_transits,fold_37,38.0,37.922518788321504,0.07748121167849575
2025-12-17,arx_lag1_7_route_energy,hormuz_tanker_transits,fold_37,32.0,43.41334143582187,-11.41334143582187
2025-12-18,arx_lag1_7_route_energy,hormuz_tanker_transits,fold_37,41.0,45.42050504851387,-4.420505048513867
2025-12-19,arx_lag1_7_route_energy,hormuz_tanker_transits,fold_37,23.0,45.49864567196314,-22.49864567196314
2025-12-20,arx_lag1_7_route_energy,hormuz_tanker_transits,fold_37,25.0,46.48935162550963,-21.489351625509627
2025-12-21,arx_lag1_7_route_energy,hormuz_tanker_transits,fold_37,36.0,47.284661309786266,-11.284661309786266
2025-12-22,arx_lag1_7_route_energy,hormuz_tanker_transits,fold_37,27.0,44.945461971143324,-17.945461971143324
2025-12-23,arx_lag1_7_route_energy,hormuz_tanker_transits,fold_37,13.0,45.30252801719639,-32.30252801719639
2025-12-24,arx_lag1_7_route_energy,hormuz_tanker_transits,fold_37,34.0,46.298400427218695,-12.298400427218695
2025-12-25,arx_lag1_7_route_energy,hormuz_tanker_transits,fold_37,26.0,47.67686919275282,-21.676869192752818
2025-12-26,arx_lag1_7_route_energy,hormuz_tanker_transits,fold_37,37.0,48.98052020188106,-11.980520201881063
2025-12-27,arx_lag1_7_route_energy,hormuz_tanker_transits,fold_37,45.0,49.69916241787872,-4.699162417878718
2025-12-28,arx_lag1_7_route_energy,hormuz_tanker_transits,fold_37,23.0,49.04626257254019,-26.046262572540194
2025-12-29,arx_lag1_7_route_energy,hormuz_tanker_transits,fold_37,34.0,48.45260244745612,-14.452602447456123
2025-12-30,arx_lag1_7_route_energy,hormuz_tanker_transits,fold_37,42.0,49.214534120697884,-7.214534120697884
2025-12-31,arx_lag1_7_route_energy,hormuz_tanker_transits,fold_37,52.0,48.46301797638146,3.536982023618542
2026-01-01,arx_lag1_7_route_energy,hormuz_tanker_transits,fold_37,39.0,47.962554552845006,-8.962554552845006
2026-01-02,arx_lag1_7_route_energy,hormuz_tanker_transits,fold_37,27.0,47.75965833156452,-20.759658331564523
2026-01-03,arx_lag1_7_route_energy,hormuz_tanker_transits,fold_37,28.0,48.145203178314894,-20.145203178314894
2026-01-04,arx_lag1_7_route_energy,hormuz_tanker_transits,fold_37,28.0,49.24608216727609,-21.246082167276093
2026-01-05,arx_lag1_7_route_energy,hormuz_tanker_transits,fold_37,34.0,50.35974585989157,-16.359745859891568
2026-01-06,arx_lag1_7_route_energy,hormuz_tanker_transits,fold_37,38.0,49.02301160460904,-11.023011604609039
2026-01-07,arx_lag1_7_route_energy,hormuz_tanker_transits,fold_37,53.0,49.50068101606919,3.499318983930813
2026-01-08,arx_lag1_7_route_energy,hormuz_tanker_transits,fold_37,45.0,50.687677862349375,-5.687677862349375
2026-01-09,arx_lag1_7_route_energy,hormuz_tanker_transits,fold_37,50.0,50.90163497065669,-0.9016349706566871
2026-01-10,arx_lag1_7_route_energy,hormuz_tanker_transits,fold_37,40.0,52.00032282864224,-12.00032282864224
2026-01-11,arx_lag1_7_route_energy,hormuz_tanker_transits,fold_37,39.0,52.14848148260014,-13.14848148260014
2026-01-12,arx_lag1_7_route_energy,hormuz_tanker_transits,fold_37,39.0,51.36481638235808,-12.364816382358079
2026-01-13,arx_lag1_7_route_energy,hormuz_tanker_transits,fold_37,34.0,50.72590437830518,-16.72590437830518
2026-01-14,arx_lag1_7_route_energy,hormuz_tanker_transits,fold_37,40.0,50.93392724719492,-10.933927247194923
2026-01-15,arx_lag1_7_route_energy,hormuz_tanker_transits,fold_38,42.0,45.22347506262879,-3.2234750626287934
2026-01-16,arx_lag1_7_route_energy,hormuz_tanker_transits,fold_38,39.0,48.53386080920611,-9.53386080920611
2026-01-17,arx_lag1_7_route_energy,hormuz_tanker_transits,fold_38,27.0,48.233322137473884,-21.233322137473884
2026-01-18,arx_lag1_7_route_energy,hormuz_tanker_transits,fold_38,25.0,48.64479465013537,-23.644794650135367
2026-01-19,arx_lag1_7_route_energy,hormuz_tanker_transits,fold_38,33.0,48.40329460868388,-15.40329460868388
2026-01-20,arx_lag1_7_route_energy,hormuz_tanker_transits,fold_38,37.0,47.56878760992551,-10.568787609925508
2026-01-21,arx_lag1_7_route_energy,hormuz_tanker_transits,fold_38,34.0,46.82771448405925,-12.82771448405925
2026-01-22,arx_lag1_7_route_energy,hormuz_tanker_transits,fold_38,41.0,45.94953441021728,-4.949534410217282
2026-01-23,arx_lag1_7_route_energy,hormuz_tanker_transits,fold_38,35.0,40.33873134689506,-5.3387313468950595
2026-01-24,arx_lag1_7_route_energy,hormuz_tanker_transits,fold_38,24.0,37.67424997415359,-13.67424997415359
2026-01-25,arx_lag1_7_route_energy,hormuz_tanker_transits,fold_38,48.0,37.51817482118183,10.48182517881817
2026-01-26,arx_lag1_7_route_energy,hormuz_tanker_transits,fold_38,28.0,37.33931812890165,-9.339318128901652
2026-01-27,arx_lag1_7_route_energy,hormuz_tanker_transits,fold_38,35.0,40.65960501320989,-5.659605013209891
2026-01-28,arx_lag1_7_route_energy,hormuz_tanker_transits,fold_38,46.0,43.183463190192654,2.8165368098073458
2026-01-29,arx_lag1_7_route_energy,hormuz_tanker_transits,fold_38,51.0,45.38081521572095,5.619184784279049
2026-01-30,arx_lag1_7_route_energy,hormuz_tanker_transits,fold_38,48.0,47.9076535561473,0.09234644385269775
2026-01-31,arx_lag1_7_route_energy,hormuz_tanker_transits,fold_38,49.0,47.58900652922094,1.4109934707790615
2026-02-01,arx_lag1_7_route_energy,hormuz_tanker_transits,fold_38,28.0,47.8440295740089,-19.8440295740089
2026-02-02,arx_lag1_7_route_energy,hormuz_tanker_transits,fold_38,48.0,47.348819434424456,0.6511805655755438
2026-02-03,arx_lag1_7_route_energy,hormuz_tanker_transits,fold_38,45.0,48.561149506859906,-3.5611495068599055
2026-02-04,arx_lag1_7_route_energy,hormuz_tanker_transits,fold_38,21.0,47.448243472156896,-26.448243472156896
2026-02-05,arx_lag1_7_route_energy,hormuz_tanker_transits,fold_38,36.0,48.90877892604749,-12.90877892604749
2026-02-06,arx_lag1_7_route_energy,hormuz_tanker_transits,fold_38,45.0,51.32566105319328,-6.325661053193279
2026-02-07,arx_lag1_7_route_energy,hormuz_tanker_transits,fold_38,46.0,50.79633081796913,-4.796330817969128
2026-02-08,arx_lag1_7_route_energy,hormuz_tanker_transits,fold_38,39.0,51.000678703947585,-12.000678703947585
2026-02-09,arx_lag1_7_route_energy,hormuz_tanker_transits,fold_38,38.0,51.26125823544213,-13.261258235442128
2026-02-10,arx_lag1_7_route_energy,hormuz_tanker_transits,fold_38,49.0,50.09018501574501,-1.090185015745007
2026-02-11,arx_lag1_7_route_energy,hormuz_tanker_transits,fold_38,54.0,51.277492849612926,2.7225071503870737
2026-02-12,arx_lag1_7_route_energy,hormuz_tanker_transits,fold_38,35.0,52.479394896887506,-17.479394896887506
2026-02-13,arx_lag1_7_route_energy,hormuz_tanker_transits,fold_38,65.0,52.91414189600377,12.08585810399623
2023-01-01,seasonal_naive_7d,hormuz_tanker_capacity,fold_01,3141243.0,2598093.0,543150.0
2023-01-02,seasonal_naive_7d,hormuz_tanker_capacity,fold_01,2938466.0,2374534.0,563932.0
2023-01-03,seasonal_naive_7d,hormuz_tanker_capacity,fold_01,2760422.0,646929.0,2113493.0
2023-01-04,seasonal_naive_7d,hormuz_tanker_capacity,fold_01,4063870.0,3122498.0,941372.0
2023-01-05,seasonal_naive_7d,hormuz_tanker_capacity,fold_01,2022234.0,2453419.0,-431185.0
2023-01-06,seasonal_naive_7d,hormuz_tanker_capacity,fold_01,2337082.0,1246297.0,1090785.0
2023-01-07,seasonal_naive_7d,hormuz_tanker_capacity,fold_01,3346647.0,2240372.0,1106275.0
2023-01-08,seasonal_naive_7d,hormuz_tanker_capacity,fold_01,2861132.0,2598093.0,263039.0
2023-01-09,seasonal_naive_7d,hormuz_tanker_capacity,fold_01,1708179.0,2374534.0,-666355.0
2023-01-10,seasonal_naive_7d,hormuz_tanker_capacity,fold_01,1696284.0,646929.0,1049355.0
2023-01-11,seasonal_naive_7d,hormuz_tanker_capacity,fold_01,1883288.0,3122498.0,-1239210.0
2023-01-12,seasonal_naive_7d,hormuz_tanker_capacity,fold_01,1958713.0,2453419.0,-494706.0
2023-01-13,seasonal_naive_7d,hormuz_tanker_capacity,fold_01,2244655.0,1246297.0,998358.0
2023-01-14,seasonal_naive_7d,hormuz_tanker_capacity,fold_01,4633693.0,2240372.0,2393321.0
2023-01-15,seasonal_naive_7d,hormuz_tanker_capacity,fold_01,1873256.0,2598093.0,-724837.0
2023-01-16,seasonal_naive_7d,hormuz_tanker_capacity,fold_01,3240184.0,2374534.0,865650.0
2023-01-17,seasonal_naive_7d,hormuz_tanker_capacity,fold_01,3070881.0,646929.0,2423952.0
2023-01-18,seasonal_naive_7d,hormuz_tanker_capacity,fold_01,2907996.0,3122498.0,-214502.0
2023-01-19,seasonal_naive_7d,hormuz_tanker_capacity,fold_01,2048739.0,2453419.0,-404680.0
2023-01-20,seasonal_naive_7d,hormuz_tanker_capacity,fold_01,2982778.0,1246297.0,1736481.0
2023-01-21,seasonal_naive_7d,hormuz_tanker_capacity,fold_01,2749758.0,2240372.0,509386.0
2023-01-22,seasonal_naive_7d,hormuz_tanker_capacity,fold_01,3662741.0,2598093.0,1064648.0
2023-01-23,seasonal_naive_7d,hormuz_tanker_capacity,fold_01,2710989.0,2374534.0,336455.0
2023-01-24,seasonal_naive_7d,hormuz_tanker_capacity,fold_01,2257143.0,646929.0,1610214.0
2023-01-25,seasonal_naive_7d,hormuz_tanker_capacity,fold_01,4441824.0,3122498.0,1319326.0
2023-01-26,seasonal_naive_7d,hormuz_tanker_capacity,fold_01,3022280.0,2453419.0,568861.0
2023-01-27,seasonal_naive_7d,hormuz_tanker_capacity,fold_01,1781374.0,1246297.0,535077.0
2023-01-28,seasonal_naive_7d,hormuz_tanker_capacity,fold_01,2938002.0,2240372.0,697630.0
2023-01-29,seasonal_naive_7d,hormuz_tanker_capacity,fold_01,2742204.0,2598093.0,144111.0
2023-01-30,seasonal_naive_7d,hormuz_tanker_capacity,fold_01,2542514.0,2374534.0,167980.0
2023-01-31,seasonal_naive_7d,hormuz_tanker_capacity,fold_02,2376106.0,2257143.0,118963.0
2023-02-01,seasonal_naive_7d,hormuz_tanker_capacity,fold_02,2663972.0,4441824.0,-1777852.0
2023-02-02,seasonal_naive_7d,hormuz_tanker_capacity,fold_02,2601079.0,3022280.0,-421201.0
2023-02-03,seasonal_naive_7d,hormuz_tanker_capacity,fold_02,3126421.0,1781374.0,1345047.0
2023-02-04,seasonal_naive_7d,hormuz_tanker_capacity,fold_02,3034277.0,2938002.0,96275.0
2023-02-05,seasonal_naive_7d,hormuz_tanker_capacity,fold_02,2560133.0,2742204.0,-182071.0
2023-02-06,seasonal_naive_7d,hormuz_tanker_capacity,fold_02,3342370.0,2542514.0,799856.0
2023-02-07,seasonal_naive_7d,hormuz_tanker_capacity,fold_02,2561128.0,2257143.0,303985.0
2023-02-08,seasonal_naive_7d,hormuz_tanker_capacity,fold_02,3645018.0,4441824.0,-796806.0
2023-02-09,seasonal_naive_7d,hormuz_tanker_capacity,fold_02,3132923.0,3022280.0,110643.0
2023-02-10,seasonal_naive_7d,hormuz_tanker_capacity,fold_02,1870571.0,1781374.0,89197.0
2023-02-11,seasonal_naive_7d,hormuz_tanker_capacity,fold_02,1535288.0,2938002.0,-1402714.0
2023-02-12,seasonal_naive_7d,hormuz_tanker_capacity,fold_02,3181979.0,2742204.0,439775.0
2023-02-13,seasonal_naive_7d,hormuz_tanker_capacity,fold_02,3507701.0,2542514.0,965187.0
2023-02-14,seasonal_naive_7d,hormuz_tanker_capacity,fold_02,1727408.0,2257143.0,-529735.0
2023-02-15,seasonal_naive_7d,hormuz_tanker_capacity,fold_02,1396110.0,4441824.0,-3045714.0
2023-02-16,seasonal_naive_7d,hormuz_tanker_capacity,fold_02,4326647.0,3022280.0,1304367.0
2023-02-17,seasonal_naive_7d,hormuz_tanker_capacity,fold_02,3672566.0,1781374.0,1891192.0
2023-02-18,seasonal_naive_7d,hormuz_tanker_capacity,fold_02,2853705.0,2938002.0,-84297.0
2023-02-19,seasonal_naive_7d,hormuz_tanker_capacity,fold_02,1982634.0,2742204.0,-759570.0
2023-02-20,seasonal_naive_7d,hormuz_tanker_capacity,fold_02,2263823.0,2542514.0,-278691.0
2023-02-21,seasonal_naive_7d,hormuz_tanker_capacity,fold_02,1761053.0,2257143.0,-496090.0
2023-02-22,seasonal_naive_7d,hormuz_tanker_capacity,fold_02,3990638.0,4441824.0,-451186.0
2023-02-23,seasonal_naive_7d,hormuz_tanker_capacity,fold_02,3165736.0,3022280.0,143456.0
2023-02-24,seasonal_naive_7d,hormuz_tanker_capacity,fold_02,4736267.0,1781374.0,2954893.0
2023-02-25,seasonal_naive_7d,hormuz_tanker_capacity,fold_02,2705278.0,2938002.0,-232724.0
2023-02-26,seasonal_naive_7d,hormuz_tanker_capacity,fold_02,4430079.0,2742204.0,1687875.0
2023-02-27,seasonal_naive_7d,hormuz_tanker_capacity,fold_02,2999219.0,2542514.0,456705.0
2023-02-28,seasonal_naive_7d,hormuz_tanker_capacity,fold_02,3547560.0,2257143.0,1290417.0
2023-03-01,seasonal_naive_7d,hormuz_tanker_capacity,fold_02,2705716.0,4441824.0,-1736108.0
2023-03-02,seasonal_naive_7d,hormuz_tanker_capacity,fold_03,2391253.0,3165736.0,-774483.0
2023-03-03,seasonal_naive_7d,hormuz_tanker_capacity,fold_03,3551143.0,4736267.0,-1185124.0
2023-03-04,seasonal_naive_7d,hormuz_tanker_capacity,fold_03,2547650.0,2705278.0,-157628.0
2023-03-05,seasonal_naive_7d,hormuz_tanker_capacity,fold_03,4123895.0,4430079.0,-306184.0
2023-03-06,seasonal_naive_7d,hormuz_tanker_capacity,fold_03,2275103.0,2999219.0,-724116.0
2023-03-07,seasonal_naive_7d,hormuz_tanker_capacity,fold_03,3905339.0,3547560.0,357779.0
2023-03-08,seasonal_naive_7d,hormuz_tanker_capacity,fold_03,3226421.0,2705716.0,520705.0
2023-03-09,seasonal_naive_7d,hormuz_tanker_capacity,fold_03,2622357.0,3165736.0,-543379.0
2023-03-10,seasonal_naive_7d,hormuz_tanker_capacity,fold_03,2284890.0,4736267.0,-2451377.0
2023-03-11,seasonal_naive_7d,hormuz_tanker_capacity,fold_03,4141955.0,2705278.0,1436677.0
2023-03-12,seasonal_naive_7d,hormuz_tanker_capacity,fold_03,3749260.0,4430079.0,-680819.0
2023-03-13,seasonal_naive_7d,hormuz_tanker_capacity,fold_03,3207795.0,2999219.0,208576.0
2023-03-14,seasonal_naive_7d,hormuz_tanker_capacity,fold_03,3748865.0,3547560.0,201305.0
2023-03-15,seasonal_naive_7d,hormuz_tanker_capacity,fold_03,2699861.0,2705716.0,-5855.0
2023-03-16,seasonal_naive_7d,hormuz_tanker_capacity,fold_03,3073175.0,3165736.0,-92561.0
2023-03-17,seasonal_naive_7d,hormuz_tanker_capacity,fold_03,1664847.0,4736267.0,-3071420.0
2023-03-18,seasonal_naive_7d,hormuz_tanker_capacity,fold_03,3270623.0,2705278.0,565345.0
2023-03-19,seasonal_naive_7d,hormuz_tanker_capacity,fold_03,3705906.0,4430079.0,-724173.0
2023-03-20,seasonal_naive_7d,hormuz_tanker_capacity,fold_03,2971180.0,2999219.0,-28039.0
2023-03-21,seasonal_naive_7d,hormuz_tanker_capacity,fold_03,1528713.0,3547560.0,-2018847.0
2023-03-22,seasonal_naive_7d,hormuz_tanker_capacity,fold_03,1996398.0,2705716.0,-709318.0
2023-03-23,seasonal_naive_7d,hormuz_tanker_capacity,fold_03,2603874.0,3165736.0,-561862.0
2023-03-24,seasonal_naive_7d,hormuz_tanker_capacity,fold_03,2271504.0,4736267.0,-2464763.0
2023-03-25,seasonal_naive_7d,hormuz_tanker_capacity,fold_03,1641434.0,2705278.0,-1063844.0
2023-03-26,seasonal_naive_7d,hormuz_tanker_capacity,fold_03,3265841.0,4430079.0,-1164238.0
2023-03-27,seasonal_naive_7d,hormuz_tanker_capacity,fold_03,2200155.0,2999219.0,-799064.0
2023-03-28,seasonal_naive_7d,hormuz_tanker_capacity,fold_03,2321167.0,3547560.0,-1226393.0
2023-03-29,seasonal_naive_7d,hormuz_tanker_capacity,fold_03,2325626.0,2705716.0,-380090.0
2023-03-30,seasonal_naive_7d,hormuz_tanker_capacity,fold_03,3119592.0,3165736.0,-46144.0
2023-03-31,seasonal_naive_7d,hormuz_tanker_capacity,fold_03,3808337.0,4736267.0,-927930.0
2023-04-01,seasonal_naive_7d,hormuz_tanker_capacity,fold_04,2770109.0,1641434.0,1128675.0
2023-04-02,seasonal_naive_7d,hormuz_tanker_capacity,fold_04,3485074.0,3265841.0,219233.0
2023-04-03,seasonal_naive_7d,hormuz_tanker_capacity,fold_04,2264006.0,2200155.0,63851.0
2023-04-04,seasonal_naive_7d,hormuz_tanker_capacity,fold_04,2227354.0,2321167.0,-93813.0
2023-04-05,seasonal_naive_7d,hormuz_tanker_capacity,fold_04,3119716.0,2325626.0,794090.0
2023-04-06,seasonal_naive_7d,hormuz_tanker_capacity,fold_04,4378481.0,3119592.0,1258889.0
2023-04-07,seasonal_naive_7d,hormuz_tanker_capacity,fold_04,2782762.0,3808337.0,-1025575.0
2023-04-08,seasonal_naive_7d,hormuz_tanker_capacity,fold_04,3682520.0,1641434.0,2041086.0
2023-04-09,seasonal_naive_7d,hormuz_tanker_capacity,fold_04,3630071.0,3265841.0,364230.0
2023-04-10,seasonal_naive_7d,hormuz_tanker_capacity,fold_04,2709065.0,2200155.0,508910.0
2023-04-11,seasonal_naive_7d,hormuz_tanker_capacity,fold_04,3748348.0,2321167.0,1427181.0
2023-04-12,seasonal_naive_7d,hormuz_tanker_capacity,fold_04,2841980.0,2325626.0,516354.0
2023-04-13,seasonal_naive_7d,hormuz_tanker_capacity,fold_04,3918245.0,3119592.0,798653.0
2023-04-14,seasonal_naive_7d,hormuz_tanker_capacity,fold_04,2951958.0,3808337.0,-856379.0
2023-04-15,seasonal_naive_7d,hormuz_tanker_capacity,fold_04,2201418.0,1641434.0,559984.0
2023-04-16,seasonal_naive_7d,hormuz_tanker_capacity,fold_04,3906170.0,3265841.0,640329.0
2023-04-17,seasonal_naive_7d,hormuz_tanker_capacity,fold_04,2888816.0,2200155.0,688661.0
2023-04-18,seasonal_naive_7d,hormuz_tanker_capacity,fold_04,3726015.0,2321167.0,1404848.0
2023-04-19,seasonal_naive_7d,hormuz_tanker_capacity,fold_04,2813249.0,2325626.0,487623.0
2023-04-20,seasonal_naive_7d,hormuz_tanker_capacity,fold_04,4694748.0,3119592.0,1575156.0
2023-04-21,seasonal_naive_7d,hormuz_tanker_capacity,fold_04,3901962.0,3808337.0,93625.0
2023-04-22,seasonal_naive_7d,hormuz_tanker_capacity,fold_04,4278590.0,1641434.0,2637156.0
2023-04-23,seasonal_naive_7d,hormuz_tanker_capacity,fold_04,3948958.0,3265841.0,683117.0
2023-04-24,seasonal_naive_7d,hormuz_tanker_capacity,fold_04,2749883.0,2200155.0,549728.0
2023-04-25,seasonal_naive_7d,hormuz_tanker_capacity,fold_04,3448866.0,2321167.0,1127699.0
2023-04-26,seasonal_naive_7d,hormuz_tanker_capacity,fold_04,2273157.0,2325626.0,-52469.0
2023-04-27,seasonal_naive_7d,hormuz_tanker_capacity,fold_04,3105954.0,3119592.0,-13638.0
2023-04-28,seasonal_naive_7d,hormuz_tanker_capacity,fold_04,2088589.0,3808337.0,-1719748.0
2023-04-29,seasonal_naive_7d,hormuz_tanker_capacity,fold_04,3881570.0,1641434.0,2240136.0
2023-04-30,seasonal_naive_7d,hormuz_tanker_capacity,fold_04,1978027.0,3265841.0,-1287814.0
2023-05-01,seasonal_naive_7d,hormuz_tanker_capacity,fold_05,4430493.0,2749883.0,1680610.0
2023-05-02,seasonal_naive_7d,hormuz_tanker_capacity,fold_05,2652509.0,3448866.0,-796357.0
2023-05-03,seasonal_naive_7d,hormuz_tanker_capacity,fold_05,3167245.0,2273157.0,894088.0
2023-05-04,seasonal_naive_7d,hormuz_tanker_capacity,fold_05,2095988.0,3105954.0,-1009966.0
2023-05-05,seasonal_naive_7d,hormuz_tanker_capacity,fold_05,2925990.0,2088589.0,837401.0
2023-05-06,seasonal_naive_7d,hormuz_tanker_capacity,fold_05,4169023.0,3881570.0,287453.0
2023-05-07,seasonal_naive_7d,hormuz_tanker_capacity,fold_05,3110076.0,1978027.0,1132049.0
2023-05-08,seasonal_naive_7d,hormuz_tanker_capacity,fold_05,4137207.0,2749883.0,1387324.0
2023-05-09,seasonal_naive_7d,hormuz_tanker_capacity,fold_05,3052630.0,3448866.0,-396236.0
2023-05-10,seasonal_naive_7d,hormuz_tanker_capacity,fold_05,3634358.0,2273157.0,1361201.0
2023-05-11,seasonal_naive_7d,hormuz_tanker_capacity,fold_05,4456709.0,3105954.0,1350755.0
2023-05-12,seasonal_naive_7d,hormuz_tanker_capacity,fold_05,3089835.0,2088589.0,1001246.0
2023-05-13,seasonal_naive_7d,hormuz_tanker_capacity,fold_05,3252860.0,3881570.0,-628710.0
2023-05-14,seasonal_naive_7d,hormuz_tanker_capacity,fold_05,3825284.0,1978027.0,1847257.0
2023-05-15,seasonal_naive_7d,hormuz_tanker_capacity,fold_05,2780462.0,2749883.0,30579.0
2023-05-16,seasonal_naive_7d,hormuz_tanker_capacity,fold_05,1608645.0,3448866.0,-1840221.0
2023-05-17,seasonal_naive_7d,hormuz_tanker_capacity,fold_05,4067596.0,2273157.0,1794439.0
2023-05-18,seasonal_naive_7d,hormuz_tanker_capacity,fold_05,3358580.0,3105954.0,252626.0
2023-05-19,seasonal_naive_7d,hormuz_tanker_capacity,fold_05,3475121.0,2088589.0,1386532.0
2023-05-20,seasonal_naive_7d,hormuz_tanker_capacity,fold_05,4065420.0,3881570.0,183850.0
2023-05-21,seasonal_naive_7d,hormuz_tanker_capacity,fold_05,1769237.0,1978027.0,-208790.0
2023-05-22,seasonal_naive_7d,hormuz_tanker_capacity,fold_05,2459435.0,2749883.0,-290448.0
2023-05-23,seasonal_naive_7d,hormuz_tanker_capacity,fold_05,1125285.0,3448866.0,-2323581.0
2023-05-24,seasonal_naive_7d,hormuz_tanker_capacity,fold_05,2378560.0,2273157.0,105403.0
2023-05-25,seasonal_naive_7d,hormuz_tanker_capacity,fold_05,2814457.0,3105954.0,-291497.0
2023-05-26,seasonal_naive_7d,hormuz_tanker_capacity,fold_05,2448965.0,2088589.0,360376.0
2023-05-27,seasonal_naive_7d,hormuz_tanker_capacity,fold_05,2617777.0,3881570.0,-1263793.0
2023-05-28,seasonal_naive_7d,hormuz_tanker_capacity,fold_05,2109274.0,1978027.0,131247.0
2023-05-29,seasonal_naive_7d,hormuz_tanker_capacity,fold_05,3550259.0,2749883.0,800376.0
2023-05-30,seasonal_naive_7d,hormuz_tanker_capacity,fold_05,3035054.0,3448866.0,-413812.0
2023-05-31,seasonal_naive_7d,hormuz_tanker_capacity,fold_06,3542017.0,2378560.0,1163457.0
2023-06-01,seasonal_naive_7d,hormuz_tanker_capacity,fold_06,2944251.0,2814457.0,129794.0
2023-06-02,seasonal_naive_7d,hormuz_tanker_capacity,fold_06,3022194.0,2448965.0,573229.0
2023-06-03,seasonal_naive_7d,hormuz_tanker_capacity,fold_06,2130474.0,2617777.0,-487303.0
2023-06-04,seasonal_naive_7d,hormuz_tanker_capacity,fold_06,4256025.0,2109274.0,2146751.0
2023-06-05,seasonal_naive_7d,hormuz_tanker_capacity,fold_06,4930552.0,3550259.0,1380293.0
2023-06-06,seasonal_naive_7d,hormuz_tanker_capacity,fold_06,2797651.0,3035054.0,-237403.0
2023-06-07,seasonal_naive_7d,hormuz_tanker_capacity,fold_06,3065390.0,2378560.0,686830.0
2023-06-08,seasonal_naive_7d,hormuz_tanker_capacity,fold_06,2966420.0,2814457.0,151963.0
2023-06-09,seasonal_naive_7d,hormuz_tanker_capacity,fold_06,3660981.0,2448965.0,1212016.0
2023-06-10,seasonal_naive_7d,hormuz_tanker_capacity,fold_06,3507066.0,2617777.0,889289.0
2023-06-11,seasonal_naive_7d,hormuz_tanker_capacity,fold_06,2781464.0,2109274.0,672190.0
2023-06-12,seasonal_naive_7d,hormuz_tanker_capacity,fold_06,2704129.0,3550259.0,-846130.0
2023-06-13,seasonal_naive_7d,hormuz_tanker_capacity,fold_06,2258120.0,3035054.0,-776934.0
2023-06-14,seasonal_naive_7d,hormuz_tanker_capacity,fold_06,2639941.0,2378560.0,261381.0
2023-06-15,seasonal_naive_7d,hormuz_tanker_capacity,fold_06,4441258.0,2814457.0,1626801.0
2023-06-16,seasonal_naive_7d,hormuz_tanker_capacity,fold_06,3837976.0,2448965.0,1389011.0
2023-06-17,seasonal_naive_7d,hormuz_tanker_capacity,fold_06,2682588.0,2617777.0,64811.0
2023-06-18,seasonal_naive_7d,hormuz_tanker_capacity,fold_06,3582741.0,2109274.0,1473467.0
2023-06-19,seasonal_naive_7d,hormuz_tanker_capacity,fold_06,2556783.0,3550259.0,-993476.0
2023-06-20,seasonal_naive_7d,hormuz_tanker_capacity,fold_06,2050222.0,3035054.0,-984832.0
2023-06-21,seasonal_naive_7d,hormuz_tanker_capacity,fold_06,2234129.0,2378560.0,-144431.0
2023-06-22,seasonal_naive_7d,hormuz_tanker_capacity,fold_06,4224072.0,2814457.0,1409615.0
2023-06-23,seasonal_naive_7d,hormuz_tanker_capacity,fold_06,3102763.0,2448965.0,653798.0
2023-06-24,seasonal_naive_7d,hormuz_tanker_capacity,fold_06,4681026.0,2617777.0,2063249.0
2023-06-25,seasonal_naive_7d,hormuz_tanker_capacity,fold_06,3225487.0,2109274.0,1116213.0
2023-06-26,seasonal_naive_7d,hormuz_tanker_capacity,fold_06,3008044.0,3550259.0,-542215.0
2023-06-27,seasonal_naive_7d,hormuz_tanker_capacity,fold_06,2793046.0,3035054.0,-242008.0
2023-06-28,seasonal_naive_7d,hormuz_tanker_capacity,fold_06,3150994.0,2378560.0,772434.0
2023-06-29,seasonal_naive_7d,hormuz_tanker_capacity,fold_06,3972057.0,2814457.0,1157600.0
2023-06-30,seasonal_naive_7d,hormuz_tanker_capacity,fold_07,1787611.0,3102763.0,-1315152.0
2023-07-01,seasonal_naive_7d,hormuz_tanker_capacity,fold_07,2862372.0,4681026.0,-1818654.0
2023-07-02,seasonal_naive_7d,hormuz_tanker_capacity,fold_07,4199883.0,3225487.0,974396.0
2023-07-03,seasonal_naive_7d,hormuz_tanker_capacity,fold_07,4396761.0,3008044.0,1388717.0
2023-07-04,seasonal_naive_7d,hormuz_tanker_capacity,fold_07,2884533.0,2793046.0,91487.0
2023-07-05,seasonal_naive_7d,hormuz_tanker_capacity,fold_07,4898618.0,3150994.0,1747624.0
2023-07-06,seasonal_naive_7d,hormuz_tanker_capacity,fold_07,2693377.0,3972057.0,-1278680.0
2023-07-07,seasonal_naive_7d,hormuz_tanker_capacity,fold_07,3338484.0,3102763.0,235721.0
2023-07-08,seasonal_naive_7d,hormuz_tanker_capacity,fold_07,2783748.0,4681026.0,-1897278.0
2023-07-09,seasonal_naive_7d,hormuz_tanker_capacity,fold_07,2399992.0,3225487.0,-825495.0
2023-07-10,seasonal_naive_7d,hormuz_tanker_capacity,fold_07,3891305.0,3008044.0,883261.0
2023-07-11,seasonal_naive_7d,hormuz_tanker_capacity,fold_07,4127397.0,2793046.0,1334351.0
2023-07-12,seasonal_naive_7d,hormuz_tanker_capacity,fold_07,1686366.0,3150994.0,-1464628.0
2023-07-13,seasonal_naive_7d,hormuz_tanker_capacity,fold_07,3953893.0,3972057.0,-18164.0
2023-07-14,seasonal_naive_7d,hormuz_tanker_capacity,fold_07,3502551.0,3102763.0,399788.0
2023-07-15,seasonal_naive_7d,hormuz_tanker_capacity,fold_07,3179714.0,4681026.0,-1501312.0
2023-07-16,seasonal_naive_7d,hormuz_tanker_capacity,fold_07,2974464.0,3225487.0,-251023.0
2023-07-17,seasonal_naive_7d,hormuz_tanker_capacity,fold_07,3609772.0,3008044.0,601728.0
2023-07-18,seasonal_naive_7d,hormuz_tanker_capacity,fold_07,2298885.0,2793046.0,-494161.0
2023-07-19,seasonal_naive_7d,hormuz_tanker_capacity,fold_07,1886191.0,3150994.0,-1264803.0
2023-07-20,seasonal_naive_7d,hormuz_tanker_capacity,fold_07,4540307.0,3972057.0,568250.0
2023-07-21,seasonal_naive_7d,hormuz_tanker_capacity,fold_07,2965342.0,3102763.0,-137421.0
2023-07-22,seasonal_naive_7d,hormuz_tanker_capacity,fold_07,2691394.0,4681026.0,-1989632.0
2023-07-23,seasonal_naive_7d,hormuz_tanker_capacity,fold_07,2692469.0,3225487.0,-533018.0
2023-07-24,seasonal_naive_7d,hormuz_tanker_capacity,fold_07,3966516.0,3008044.0,958472.0
2023-07-25,seasonal_naive_7d,hormuz_tanker_capacity,fold_07,2294501.0,2793046.0,-498545.0
2023-07-26,seasonal_naive_7d,hormuz_tanker_capacity,fold_07,1529898.0,3150994.0,-1621096.0
2023-07-27,seasonal_naive_7d,hormuz_tanker_capacity,fold_07,3057441.0,3972057.0,-914616.0
2023-07-28,seasonal_naive_7d,hormuz_tanker_capacity,fold_07,2600680.0,3102763.0,-502083.0
2023-07-29,seasonal_naive_7d,hormuz_tanker_capacity,fold_07,1163691.0,4681026.0,-3517335.0
2023-07-30,seasonal_naive_7d,hormuz_tanker_capacity,fold_08,2528410.0,2692469.0,-164059.0
2023-07-31,seasonal_naive_7d,hormuz_tanker_capacity,fold_08,3940730.0,3966516.0,-25786.0
2023-08-01,seasonal_naive_7d,hormuz_tanker_capacity,fold_08,2979490.0,2294501.0,684989.0
2023-08-02,seasonal_naive_7d,hormuz_tanker_capacity,fold_08,1894108.0,1529898.0,364210.0
2023-08-03,seasonal_naive_7d,hormuz_tanker_capacity,fold_08,3504411.0,3057441.0,446970.0
2023-08-04,seasonal_naive_7d,hormuz_tanker_capacity,fold_08,2675935.0,2600680.0,75255.0
2023-08-05,seasonal_naive_7d,hormuz_tanker_capacity,fold_08,2365948.0,1163691.0,1202257.0
2023-08-06,seasonal_naive_7d,hormuz_tanker_capacity,fold_08,3184994.0,2692469.0,492525.0
2023-08-07,seasonal_naive_7d,hormuz_tanker_capacity,fold_08,2492795.0,3966516.0,-1473721.0
2023-08-08,seasonal_naive_7d,hormuz_tanker_capacity,fold_08,2803223.0,2294501.0,508722.0
2023-08-09,seasonal_naive_7d,hormuz_tanker_capacity,fold_08,2285632.0,1529898.0,755734.0
2023-08-10,seasonal_naive_7d,hormuz_tanker_capacity,fold_08,2966042.0,3057441.0,-91399.0
2023-08-11,seasonal_naive_7d,hormuz_tanker_capacity,fold_08,3522202.0,2600680.0,921522.0
2023-08-12,seasonal_naive_7d,hormuz_tanker_capacity,fold_08,4107095.0,1163691.0,2943404.0
2023-08-13,seasonal_naive_7d,hormuz_tanker_capacity,fold_08,3584557.0,2692469.0,892088.0
2023-08-14,seasonal_naive_7d,hormuz_tanker_capacity,fold_08,3079828.0,3966516.0,-886688.0
2023-08-15,seasonal_naive_7d,hormuz_tanker_capacity,fold_08,2176198.0,2294501.0,-118303.0
2023-08-16,seasonal_naive_7d,hormuz_tanker_capacity,fold_08,2588348.0,1529898.0,1058450.0
2023-08-17,seasonal_naive_7d,hormuz_tanker_capacity,fold_08,2826402.0,3057441.0,-231039.0
2023-08-18,seasonal_naive_7d,hormuz_tanker_capacity,fold_08,3783013.0,2600680.0,1182333.0
2023-08-19,seasonal_naive_7d,hormuz_tanker_capacity,fold_08,3579655.0,1163691.0,2415964.0
2023-08-20,seasonal_naive_7d,hormuz_tanker_capacity,fold_08,3781747.0,2692469.0,1089278.0
2023-08-21,seasonal_naive_7d,hormuz_tanker_capacity,fold_08,2779080.0,3966516.0,-1187436.0
2023-08-22,seasonal_naive_7d,hormuz_tanker_capacity,fold_08,3252371.0,2294501.0,957870.0
2023-08-23,seasonal_naive_7d,hormuz_tanker_capacity,fold_08,2877438.0,1529898.0,1347540.0
2023-08-24,seasonal_naive_7d,hormuz_tanker_capacity,fold_08,2171189.0,3057441.0,-886252.0
2023-08-25,seasonal_naive_7d,hormuz_tanker_capacity,fold_08,2245226.0,2600680.0,-355454.0
2023-08-26,seasonal_naive_7d,hormuz_tanker_capacity,fold_08,3320936.0,1163691.0,2157245.0
2023-08-27,seasonal_naive_7d,hormuz_tanker_capacity,fold_08,1910172.0,2692469.0,-782297.0
2023-08-28,seasonal_naive_7d,hormuz_tanker_capacity,fold_08,3633623.0,3966516.0,-332893.0
2023-08-29,seasonal_naive_7d,hormuz_tanker_capacity,fold_09,2519718.0,3252371.0,-732653.0
2023-08-30,seasonal_naive_7d,hormuz_tanker_capacity,fold_09,2242978.0,2877438.0,-634460.0
2023-08-31,seasonal_naive_7d,hormuz_tanker_capacity,fold_09,1814292.0,2171189.0,-356897.0
2023-09-01,seasonal_naive_7d,hormuz_tanker_capacity,fold_09,1256677.0,2245226.0,-988549.0
2023-09-02,seasonal_naive_7d,hormuz_tanker_capacity,fold_09,2046525.0,3320936.0,-1274411.0
2023-09-03,seasonal_naive_7d,hormuz_tanker_capacity,fold_09,2749574.0,1910172.0,839402.0
2023-09-04,seasonal_naive_7d,hormuz_tanker_capacity,fold_09,2467161.0,3633623.0,-1166462.0
2023-09-05,seasonal_naive_7d,hormuz_tanker_capacity,fold_09,3342639.0,3252371.0,90268.0
2023-09-06,seasonal_naive_7d,hormuz_tanker_capacity,fold_09,3994780.0,2877438.0,1117342.0
2023-09-07,seasonal_naive_7d,hormuz_tanker_capacity,fold_09,3705777.0,2171189.0,1534588.0
2023-09-08,seasonal_naive_7d,hormuz_tanker_capacity,fold_09,3566045.0,2245226.0,1320819.0
2023-09-09,seasonal_naive_7d,hormuz_tanker_capacity,fold_09,2836321.0,3320936.0,-484615.0
2023-09-10,seasonal_naive_7d,hormuz_tanker_capacity,fold_09,2150468.0,1910172.0,240296.0
2023-09-11,seasonal_naive_7d,hormuz_tanker_capacity,fold_09,3501939.0,3633623.0,-131684.0
2023-09-12,seasonal_naive_7d,hormuz_tanker_capacity,fold_09,1740118.0,3252371.0,-1512253.0
2023-09-13,seasonal_naive_7d,hormuz_tanker_capacity,fold_09,3557952.0,2877438.0,680514.0
2023-09-14,seasonal_naive_7d,hormuz_tanker_capacity,fold_09,5018863.0,2171189.0,2847674.0
2023-09-15,seasonal_naive_7d,hormuz_tanker_capacity,fold_09,1764500.0,2245226.0,-480726.0
2023-09-16,seasonal_naive_7d,hormuz_tanker_capacity,fold_09,2290475.0,3320936.0,-1030461.0
2023-09-17,seasonal_naive_7d,hormuz_tanker_capacity,fold_09,2281987.0,1910172.0,371815.0
2023-09-18,seasonal_naive_7d,hormuz_tanker_capacity,fold_09,3387634.0,3633623.0,-245989.0
2023-09-19,seasonal_naive_7d,hormuz_tanker_capacity,fold_09,3432396.0,3252371.0,180025.0
2023-09-20,seasonal_naive_7d,hormuz_tanker_capacity,fold_09,4234171.0,2877438.0,1356733.0
2023-09-21,seasonal_naive_7d,hormuz_tanker_capacity,fold_09,1919939.0,2171189.0,-251250.0
2023-09-22,seasonal_naive_7d,hormuz_tanker_capacity,fold_09,1747663.0,2245226.0,-497563.0
2023-09-23,seasonal_naive_7d,hormuz_tanker_capacity,fold_09,2289506.0,3320936.0,-1031430.0
2023-09-24,seasonal_naive_7d,hormuz_tanker_capacity,fold_09,2239462.0,1910172.0,329290.0
2023-09-25,seasonal_naive_7d,hormuz_tanker_capacity,fold_09,2946230.0,3633623.0,-687393.0
2023-09-26,seasonal_naive_7d,hormuz_tanker_capacity,fold_09,2294702.0,3252371.0,-957669.0
2023-09-27,seasonal_naive_7d,hormuz_tanker_capacity,fold_09,3395128.0,2877438.0,517690.0
2023-09-28,seasonal_naive_7d,hormuz_tanker_capacity,fold_10,2523881.0,1919939.0,603942.0
2023-09-29,seasonal_naive_7d,hormuz_tanker_capacity,fold_10,3281975.0,1747663.0,1534312.0
2023-09-30,seasonal_naive_7d,hormuz_tanker_capacity,fold_10,2595484.0,2289506.0,305978.0
2023-10-01,seasonal_naive_7d,hormuz_tanker_capacity,fold_10,3034634.0,2239462.0,795172.0
2023-10-02,seasonal_naive_7d,hormuz_tanker_capacity,fold_10,2709561.0,2946230.0,-236669.0
2023-10-03,seasonal_naive_7d,hormuz_tanker_capacity,fold_10,3268028.0,2294702.0,973326.0
2023-10-04,seasonal_naive_7d,hormuz_tanker_capacity,fold_10,2407648.0,3395128.0,-987480.0
2023-10-05,seasonal_naive_7d,hormuz_tanker_capacity,fold_10,3212601.0,1919939.0,1292662.0
2023-10-06,seasonal_naive_7d,hormuz_tanker_capacity,fold_10,4314111.0,1747663.0,2566448.0
2023-10-07,seasonal_naive_7d,hormuz_tanker_capacity,fold_10,2688339.0,2289506.0,398833.0
2023-10-08,seasonal_naive_7d,hormuz_tanker_capacity,fold_10,3452036.0,2239462.0,1212574.0
2023-10-09,seasonal_naive_7d,hormuz_tanker_capacity,fold_10,3753567.0,2946230.0,807337.0
2023-10-10,seasonal_naive_7d,hormuz_tanker_capacity,fold_10,2633335.0,2294702.0,338633.0
2023-10-11,seasonal_naive_7d,hormuz_tanker_capacity,fold_10,2519862.0,3395128.0,-875266.0
2023-10-12,seasonal_naive_7d,hormuz_tanker_capacity,fold_10,2178623.0,1919939.0,258684.0
2023-10-13,seasonal_naive_7d,hormuz_tanker_capacity,fold_10,1844039.0,1747663.0,96376.0
2023-10-14,seasonal_naive_7d,hormuz_tanker_capacity,fold_10,3425232.0,2289506.0,1135726.0
2023-10-15,seasonal_naive_7d,hormuz_tanker_capacity,fold_10,3876657.0,2239462.0,1637195.0
2023-10-16,seasonal_naive_7d,hormuz_tanker_capacity,fold_10,2656976.0,2946230.0,-289254.0
2023-10-17,seasonal_naive_7d,hormuz_tanker_capacity,fold_10,1207586.0,2294702.0,-1087116.0
2023-10-18,seasonal_naive_7d,hormuz_tanker_capacity,fold_10,3043765.0,3395128.0,-351363.0
2023-10-19,seasonal_naive_7d,hormuz_tanker_capacity,fold_10,4219257.0,1919939.0,2299318.0
2023-10-20,seasonal_naive_7d,hormuz_tanker_capacity,fold_10,3177047.0,1747663.0,1429384.0
2023-10-21,seasonal_naive_7d,hormuz_tanker_capacity,fold_10,2474071.0,2289506.0,184565.0
2023-10-22,seasonal_naive_7d,hormuz_tanker_capacity,fold_10,2351101.0,2239462.0,111639.0
2023-10-23,seasonal_naive_7d,hormuz_tanker_capacity,fold_10,2272067.0,2946230.0,-674163.0
2023-10-24,seasonal_naive_7d,hormuz_tanker_capacity,fold_10,2269760.0,2294702.0,-24942.0
2023-10-25,seasonal_naive_7d,hormuz_tanker_capacity,fold_10,2329104.0,3395128.0,-1066024.0
2023-10-26,seasonal_naive_7d,hormuz_tanker_capacity,fold_10,894073.0,1919939.0,-1025866.0
2023-10-27,seasonal_naive_7d,hormuz_tanker_capacity,fold_10,1944925.0,1747663.0,197262.0
2023-10-28,seasonal_naive_7d,hormuz_tanker_capacity,fold_11,1655734.0,2474071.0,-818337.0
2023-10-29,seasonal_naive_7d,hormuz_tanker_capacity,fold_11,2055946.0,2351101.0,-295155.0
2023-10-30,seasonal_naive_7d,hormuz_tanker_capacity,fold_11,3765395.0,2272067.0,1493328.0
2023-10-31,seasonal_naive_7d,hormuz_tanker_capacity,fold_11,3627066.0,2269760.0,1357306.0
2023-11-01,seasonal_naive_7d,hormuz_tanker_capacity,fold_11,2527510.0,2329104.0,198406.0
2023-11-02,seasonal_naive_7d,hormuz_tanker_capacity,fold_11,1664167.0,894073.0,770094.0
2023-11-03,seasonal_naive_7d,hormuz_tanker_capacity,fold_11,2126743.0,1944925.0,181818.0
2023-11-04,seasonal_naive_7d,hormuz_tanker_capacity,fold_11,1292319.0,2474071.0,-1181752.0
2023-11-05,seasonal_naive_7d,hormuz_tanker_capacity,fold_11,2077133.0,2351101.0,-273968.0
2023-11-06,seasonal_naive_7d,hormuz_tanker_capacity,fold_11,2076666.0,2272067.0,-195401.0
2023-11-07,seasonal_naive_7d,hormuz_tanker_capacity,fold_11,1014890.0,2269760.0,-1254870.0
2023-11-08,seasonal_naive_7d,hormuz_tanker_capacity,fold_11,2364394.0,2329104.0,35290.0
2023-11-09,seasonal_naive_7d,hormuz_tanker_capacity,fold_11,2264850.0,894073.0,1370777.0
2023-11-10,seasonal_naive_7d,hormuz_tanker_capacity,fold_11,2799288.0,1944925.0,854363.0
2023-11-11,seasonal_naive_7d,hormuz_tanker_capacity,fold_11,3672758.0,2474071.0,1198687.0
2023-11-12,seasonal_naive_7d,hormuz_tanker_capacity,fold_11,3107665.0,2351101.0,756564.0
2023-11-13,seasonal_naive_7d,hormuz_tanker_capacity,fold_11,2365075.0,2272067.0,93008.0
2023-11-14,seasonal_naive_7d,hormuz_tanker_capacity,fold_11,4192408.0,2269760.0,1922648.0
2023-11-15,seasonal_naive_7d,hormuz_tanker_capacity,fold_11,1464002.0,2329104.0,-865102.0
2023-11-16,seasonal_naive_7d,hormuz_tanker_capacity,fold_11,2592078.0,894073.0,1698005.0
2023-11-17,seasonal_naive_7d,hormuz_tanker_capacity,fold_11,2534031.0,1944925.0,589106.0
2023-11-18,seasonal_naive_7d,hormuz_tanker_capacity,fold_11,2292146.0,2474071.0,-181925.0
2023-11-19,seasonal_naive_7d,hormuz_tanker_capacity,fold_11,1278090.0,2351101.0,-1073011.0
2023-11-20,seasonal_naive_7d,hormuz_tanker_capacity,fold_11,1442930.0,2272067.0,-829137.0
2023-11-21,seasonal_naive_7d,hormuz_tanker_capacity,fold_11,2160121.0,2269760.0,-109639.0
2023-11-22,seasonal_naive_7d,hormuz_tanker_capacity,fold_11,1223317.0,2329104.0,-1105787.0
2023-11-23,seasonal_naive_7d,hormuz_tanker_capacity,fold_11,937892.0,894073.0,43819.0
2023-11-24,seasonal_naive_7d,hormuz_tanker_capacity,fold_11,1779344.0,1944925.0,-165581.0
2023-11-25,seasonal_naive_7d,hormuz_tanker_capacity,fold_11,2336066.0,2474071.0,-138005.0
2023-11-26,seasonal_naive_7d,hormuz_tanker_capacity,fold_11,3577174.0,2351101.0,1226073.0
2023-11-27,seasonal_naive_7d,hormuz_tanker_capacity,fold_12,2616653.0,1442930.0,1173723.0
2023-11-28,seasonal_naive_7d,hormuz_tanker_capacity,fold_12,2655951.0,2160121.0,495830.0
2023-11-29,seasonal_naive_7d,hormuz_tanker_capacity,fold_12,2639475.0,1223317.0,1416158.0
2023-11-30,seasonal_naive_7d,hormuz_tanker_capacity,fold_12,2070994.0,937892.0,1133102.0
2023-12-01,seasonal_naive_7d,hormuz_tanker_capacity,fold_12,1831329.0,1779344.0,51985.0
2023-12-02,seasonal_naive_7d,hormuz_tanker_capacity,fold_12,1908841.0,2336066.0,-427225.0
2023-12-03,seasonal_naive_7d,hormuz_tanker_capacity,fold_12,3871351.0,3577174.0,294177.0
2023-12-04,seasonal_naive_7d,hormuz_tanker_capacity,fold_12,2794981.0,1442930.0,1352051.0
2023-12-05,seasonal_naive_7d,hormuz_tanker_capacity,fold_12,3046375.0,2160121.0,886254.0
2023-12-06,seasonal_naive_7d,hormuz_tanker_capacity,fold_12,2417967.0,1223317.0,1194650.0
2023-12-07,seasonal_naive_7d,hormuz_tanker_capacity,fold_12,3552027.0,937892.0,2614135.0
2023-12-08,seasonal_naive_7d,hormuz_tanker_capacity,fold_12,703313.0,1779344.0,-1076031.0
2023-12-09,seasonal_naive_7d,hormuz_tanker_capacity,fold_12,2318097.0,2336066.0,-17969.0
2023-12-10,seasonal_naive_7d,hormuz_tanker_capacity,fold_12,1474713.0,3577174.0,-2102461.0
2023-12-11,seasonal_naive_7d,hormuz_tanker_capacity,fold_12,1818775.0,1442930.0,375845.0
2023-12-12,seasonal_naive_7d,hormuz_tanker_capacity,fold_12,2297669.0,2160121.0,137548.0
2023-12-13,seasonal_naive_7d,hormuz_tanker_capacity,fold_12,1085290.0,1223317.0,-138027.0
2023-12-14,seasonal_naive_7d,hormuz_tanker_capacity,fold_12,2238260.0,937892.0,1300368.0
2023-12-15,seasonal_naive_7d,hormuz_tanker_capacity,fold_12,2455996.0,1779344.0,676652.0
2023-12-16,seasonal_naive_7d,hormuz_tanker_capacity,fold_12,1359534.0,2336066.0,-976532.0
2023-12-17,seasonal_naive_7d,hormuz_tanker_capacity,fold_12,1775413.0,3577174.0,-1801761.0
2023-12-18,seasonal_naive_7d,hormuz_tanker_capacity,fold_12,1970018.0,1442930.0,527088.0
2023-12-19,seasonal_naive_7d,hormuz_tanker_capacity,fold_12,726558.0,2160121.0,-1433563.0
2023-12-20,seasonal_naive_7d,hormuz_tanker_capacity,fold_12,2422926.0,1223317.0,1199609.0
2023-12-21,seasonal_naive_7d,hormuz_tanker_capacity,fold_12,1634620.0,937892.0,696728.0
2023-12-22,seasonal_naive_7d,hormuz_tanker_capacity,fold_12,1289960.0,1779344.0,-489384.0
2023-12-23,seasonal_naive_7d,hormuz_tanker_capacity,fold_12,2544820.0,2336066.0,208754.0
2023-12-24,seasonal_naive_7d,hormuz_tanker_capacity,fold_12,2283897.0,3577174.0,-1293277.0
2023-12-25,seasonal_naive_7d,hormuz_tanker_capacity,fold_12,3263118.0,1442930.0,1820188.0
2023-12-26,seasonal_naive_7d,hormuz_tanker_capacity,fold_12,2694782.0,2160121.0,534661.0
2023-12-27,seasonal_naive_7d,hormuz_tanker_capacity,fold_13,2169194.0,2422926.0,-253732.0
2023-12-28,seasonal_naive_7d,hormuz_tanker_capacity,fold_13,3076405.0,1634620.0,1441785.0
2023-12-29,seasonal_naive_7d,hormuz_tanker_capacity,fold_13,1929778.0,1289960.0,639818.0
2023-12-30,seasonal_naive_7d,hormuz_tanker_capacity,fold_13,2020779.0,2544820.0,-524041.0
2023-12-31,seasonal_naive_7d,hormuz_tanker_capacity,fold_13,2907125.0,2283897.0,623228.0
2024-01-01,seasonal_naive_7d,hormuz_tanker_capacity,fold_13,2652578.0,3263118.0,-610540.0
2024-01-02,seasonal_naive_7d,hormuz_tanker_capacity,fold_13,2557152.0,2694782.0,-137630.0
2024-01-03,seasonal_naive_7d,hormuz_tanker_capacity,fold_13,3246564.0,2422926.0,823638.0
2024-01-04,seasonal_naive_7d,hormuz_tanker_capacity,fold_13,2229185.0,1634620.0,594565.0
2024-01-05,seasonal_naive_7d,hormuz_tanker_capacity,fold_13,2717910.0,1289960.0,1427950.0
2024-01-06,seasonal_naive_7d,hormuz_tanker_capacity,fold_13,2820336.0,2544820.0,275516.0
2024-01-07,seasonal_naive_7d,hormuz_tanker_capacity,fold_13,2670911.0,2283897.0,387014.0
2024-01-08,seasonal_naive_7d,hormuz_tanker_capacity,fold_13,1900380.0,3263118.0,-1362738.0
2024-01-09,seasonal_naive_7d,hormuz_tanker_capacity,fold_13,1746332.0,2694782.0,-948450.0
2024-01-10,seasonal_naive_7d,hormuz_tanker_capacity,fold_13,1180786.0,2422926.0,-1242140.0
2024-01-11,seasonal_naive_7d,hormuz_tanker_capacity,fold_13,3503009.0,1634620.0,1868389.0
2024-01-12,seasonal_naive_7d,hormuz_tanker_capacity,fold_13,2302529.0,1289960.0,1012569.0
2024-01-13,seasonal_naive_7d,hormuz_tanker_capacity,fold_13,2379437.0,2544820.0,-165383.0
2024-01-14,seasonal_naive_7d,hormuz_tanker_capacity,fold_13,2255799.0,2283897.0,-28098.0
2024-01-15,seasonal_naive_7d,hormuz_tanker_capacity,fold_13,4839313.0,3263118.0,1576195.0
2024-01-16,seasonal_naive_7d,hormuz_tanker_capacity,fold_13,3115056.0,2694782.0,420274.0
2024-01-17,seasonal_naive_7d,hormuz_tanker_capacity,fold_13,3020521.0,2422926.0,597595.0
2024-01-18,seasonal_naive_7d,hormuz_tanker_capacity,fold_13,1386796.0,1634620.0,-247824.0
2024-01-19,seasonal_naive_7d,hormuz_tanker_capacity,fold_13,1830843.0,1289960.0,540883.0
2024-01-20,seasonal_naive_7d,hormuz_tanker_capacity,fold_13,1706463.0,2544820.0,-838357.0
2024-01-21,seasonal_naive_7d,hormuz_tanker_capacity,fold_13,1971989.0,2283897.0,-311908.0
2024-01-22,seasonal_naive_7d,hormuz_tanker_capacity,fold_13,2575217.0,3263118.0,-687901.0
2024-01-23,seasonal_naive_7d,hormuz_tanker_capacity,fold_13,2519141.0,2694782.0,-175641.0
2024-01-24,seasonal_naive_7d,hormuz_tanker_capacity,fold_13,3030528.0,2422926.0,607602.0
2024-01-25,seasonal_naive_7d,hormuz_tanker_capacity,fold_13,2303084.0,1634620.0,668464.0
2024-01-26,seasonal_naive_7d,hormuz_tanker_capacity,fold_14,2164295.0,1830843.0,333452.0
2024-01-27,seasonal_naive_7d,hormuz_tanker_capacity,fold_14,2884455.0,1706463.0,1177992.0
2024-01-28,seasonal_naive_7d,hormuz_tanker_capacity,fold_14,2435870.0,1971989.0,463881.0
2024-01-29,seasonal_naive_7d,hormuz_tanker_capacity,fold_14,2742152.0,2575217.0,166935.0
2024-01-30,seasonal_naive_7d,hormuz_tanker_capacity,fold_14,2489222.0,2519141.0,-29919.0
2024-01-31,seasonal_naive_7d,hormuz_tanker_capacity,fold_14,2211268.0,3030528.0,-819260.0
2024-02-01,seasonal_naive_7d,hormuz_tanker_capacity,fold_14,3162567.0,2303084.0,859483.0
2024-02-02,seasonal_naive_7d,hormuz_tanker_capacity,fold_14,3422820.0,1830843.0,1591977.0
2024-02-03,seasonal_naive_7d,hormuz_tanker_capacity,fold_14,1881067.0,1706463.0,174604.0
2024-02-04,seasonal_naive_7d,hormuz_tanker_capacity,fold_14,2551326.0,1971989.0,579337.0
2024-02-05,seasonal_naive_7d,hormuz_tanker_capacity,fold_14,2479224.0,2575217.0,-95993.0
2024-02-06,seasonal_naive_7d,hormuz_tanker_capacity,fold_14,1251600.0,2519141.0,-1267541.0
2024-02-07,seasonal_naive_7d,hormuz_tanker_capacity,fold_14,2050265.0,3030528.0,-980263.0
2024-02-08,seasonal_naive_7d,hormuz_tanker_capacity,fold_14,2524994.0,2303084.0,221910.0
2024-02-09,seasonal_naive_7d,hormuz_tanker_capacity,fold_14,1190470.0,1830843.0,-640373.0
2024-02-10,seasonal_naive_7d,hormuz_tanker_capacity,fold_14,3008870.0,1706463.0,1302407.0
2024-02-11,seasonal_naive_7d,hormuz_tanker_capacity,fold_14,2823538.0,1971989.0,851549.0
2024-02-12,seasonal_naive_7d,hormuz_tanker_capacity,fold_14,2072148.0,2575217.0,-503069.0
2024-02-13,seasonal_naive_7d,hormuz_tanker_capacity,fold_14,2601106.0,2519141.0,81965.0
2024-02-14,seasonal_naive_7d,hormuz_tanker_capacity,fold_14,2734260.0,3030528.0,-296268.0
2024-02-15,seasonal_naive_7d,hormuz_tanker_capacity,fold_14,2530926.0,2303084.0,227842.0
2024-02-16,seasonal_naive_7d,hormuz_tanker_capacity,fold_14,3476028.0,1830843.0,1645185.0
2024-02-17,seasonal_naive_7d,hormuz_tanker_capacity,fold_14,2467847.0,1706463.0,761384.0
2024-02-18,seasonal_naive_7d,hormuz_tanker_capacity,fold_14,2109851.0,1971989.0,137862.0
2024-02-19,seasonal_naive_7d,hormuz_tanker_capacity,fold_14,2554722.0,2575217.0,-20495.0
2024-02-20,seasonal_naive_7d,hormuz_tanker_capacity,fold_14,1633100.0,2519141.0,-886041.0
2024-02-21,seasonal_naive_7d,hormuz_tanker_capacity,fold_14,2577806.0,3030528.0,-452722.0
2024-02-22,seasonal_naive_7d,hormuz_tanker_capacity,fold_14,1981681.0,2303084.0,-321403.0
2024-02-23,seasonal_naive_7d,hormuz_tanker_capacity,fold_14,1493624.0,1830843.0,-337219.0
2024-02-24,seasonal_naive_7d,hormuz_tanker_capacity,fold_14,3024910.0,1706463.0,1318447.0
2024-02-25,seasonal_naive_7d,hormuz_tanker_capacity,fold_15,1771153.0,2109851.0,-338698.0
2024-02-26,seasonal_naive_7d,hormuz_tanker_capacity,fold_15,2749883.0,2554722.0,195161.0
2024-02-27,seasonal_naive_7d,hormuz_tanker_capacity,fold_15,1869005.0,1633100.0,235905.0
2024-02-28,seasonal_naive_7d,hormuz_tanker_capacity,fold_15,1288865.0,2577806.0,-1288941.0
2024-02-29,seasonal_naive_7d,hormuz_tanker_capacity,fold_15,1716145.0,1981681.0,-265536.0
2024-03-01,seasonal_naive_7d,hormuz_tanker_capacity,fold_15,3043725.0,1493624.0,1550101.0
2024-03-02,seasonal_naive_7d,hormuz_tanker_capacity,fold_15,1553743.0,3024910.0,-1471167.0
2024-03-03,seasonal_naive_7d,hormuz_tanker_capacity,fold_15,3374892.0,2109851.0,1265041.0
2024-03-04,seasonal_naive_7d,hormuz_tanker_capacity,fold_15,3676369.0,2554722.0,1121647.0
2024-03-05,seasonal_naive_7d,hormuz_tanker_capacity,fold_15,2359655.0,1633100.0,726555.0
2024-03-06,seasonal_naive_7d,hormuz_tanker_capacity,fold_15,1779453.0,2577806.0,-798353.0
2024-03-07,seasonal_naive_7d,hormuz_tanker_capacity,fold_15,2056671.0,1981681.0,74990.0
2024-03-08,seasonal_naive_7d,hormuz_tanker_capacity,fold_15,3121047.0,1493624.0,1627423.0
2024-03-09,seasonal_naive_7d,hormuz_tanker_capacity,fold_15,1748532.0,3024910.0,-1276378.0
2024-03-10,seasonal_naive_7d,hormuz_tanker_capacity,fold_15,2642858.0,2109851.0,533007.0
2024-03-11,seasonal_naive_7d,hormuz_tanker_capacity,fold_15,2715201.0,2554722.0,160479.0
2024-03-12,seasonal_naive_7d,hormuz_tanker_capacity,fold_15,3435584.0,1633100.0,1802484.0
2024-03-13,seasonal_naive_7d,hormuz_tanker_capacity,fold_15,2634960.0,2577806.0,57154.0
2024-03-14,seasonal_naive_7d,hormuz_tanker_capacity,fold_15,2640966.0,1981681.0,659285.0
2024-03-15,seasonal_naive_7d,hormuz_tanker_capacity,fold_15,3628514.0,1493624.0,2134890.0
2024-03-16,seasonal_naive_7d,hormuz_tanker_capacity,fold_15,4950944.0,3024910.0,1926034.0
2024-03-17,seasonal_naive_7d,hormuz_tanker_capacity,fold_15,3824417.0,2109851.0,1714566.0
2024-03-18,seasonal_naive_7d,hormuz_tanker_capacity,fold_15,2547219.0,2554722.0,-7503.0
2024-03-19,seasonal_naive_7d,hormuz_tanker_capacity,fold_15,3168961.0,1633100.0,1535861.0
2024-03-20,seasonal_naive_7d,hormuz_tanker_capacity,fold_15,4222015.0,2577806.0,1644209.0
2024-03-21,seasonal_naive_7d,hormuz_tanker_capacity,fold_15,2537288.0,1981681.0,555607.0
2024-03-22,seasonal_naive_7d,hormuz_tanker_capacity,fold_15,3029540.0,1493624.0,1535916.0
2024-03-23,seasonal_naive_7d,hormuz_tanker_capacity,fold_15,2874292.0,3024910.0,-150618.0
2024-03-24,seasonal_naive_7d,hormuz_tanker_capacity,fold_15,2563076.0,2109851.0,453225.0
2024-03-25,seasonal_naive_7d,hormuz_tanker_capacity,fold_15,3602003.0,2554722.0,1047281.0
2024-03-26,seasonal_naive_7d,hormuz_tanker_capacity,fold_16,1805901.0,3168961.0,-1363060.0
2024-03-27,seasonal_naive_7d,hormuz_tanker_capacity,fold_16,2996646.0,4222015.0,-1225369.0
2024-03-28,seasonal_naive_7d,hormuz_tanker_capacity,fold_16,2800927.0,2537288.0,263639.0
2024-03-29,seasonal_naive_7d,hormuz_tanker_capacity,fold_16,5677550.0,3029540.0,2648010.0
2024-03-30,seasonal_naive_7d,hormuz_tanker_capacity,fold_16,4450671.0,2874292.0,1576379.0
2024-03-31,seasonal_naive_7d,hormuz_tanker_capacity,fold_16,4492703.0,2563076.0,1929627.0
2024-04-01,seasonal_naive_7d,hormuz_tanker_capacity,fold_16,2462421.0,3602003.0,-1139582.0
2024-04-02,seasonal_naive_7d,hormuz_tanker_capacity,fold_16,2451059.0,3168961.0,-717902.0
2024-04-03,seasonal_naive_7d,hormuz_tanker_capacity,fold_16,2709860.0,4222015.0,-1512155.0
2024-04-04,seasonal_naive_7d,hormuz_tanker_capacity,fold_16,2196270.0,2537288.0,-341018.0
2024-04-05,seasonal_naive_7d,hormuz_tanker_capacity,fold_16,2524839.0,3029540.0,-504701.0
2024-04-06,seasonal_naive_7d,hormuz_tanker_capacity,fold_16,4321109.0,2874292.0,1446817.0
2024-04-07,seasonal_naive_7d,hormuz_tanker_capacity,fold_16,2999441.0,2563076.0,436365.0
2024-04-08,seasonal_naive_7d,hormuz_tanker_capacity,fold_16,2742900.0,3602003.0,-859103.0
2024-04-09,seasonal_naive_7d,hormuz_tanker_capacity,fold_16,3011057.0,3168961.0,-157904.0
2024-04-10,seasonal_naive_7d,hormuz_tanker_capacity,fold_16,3512303.0,4222015.0,-709712.0
2024-04-11,seasonal_naive_7d,hormuz_tanker_capacity,fold_16,3023112.0,2537288.0,485824.0
2024-04-12,seasonal_naive_7d,hormuz_tanker_capacity,fold_16,1695516.0,3029540.0,-1334024.0
2024-04-13,seasonal_naive_7d,hormuz_tanker_capacity,fold_16,3459494.0,2874292.0,585202.0
2024-04-14,seasonal_naive_7d,hormuz_tanker_capacity,fold_16,4218705.0,2563076.0,1655629.0
2024-04-15,seasonal_naive_7d,hormuz_tanker_capacity,fold_16,3393840.0,3602003.0,-208163.0
2024-04-16,seasonal_naive_7d,hormuz_tanker_capacity,fold_16,3351360.0,3168961.0,182399.0
2024-04-17,seasonal_naive_7d,hormuz_tanker_capacity,fold_16,1619583.0,4222015.0,-2602432.0
2024-04-18,seasonal_naive_7d,hormuz_tanker_capacity,fold_16,2236310.0,2537288.0,-300978.0
2024-04-19,seasonal_naive_7d,hormuz_tanker_capacity,fold_16,2537049.0,3029540.0,-492491.0
2024-04-20,seasonal_naive_7d,hormuz_tanker_capacity,fold_16,3640682.0,2874292.0,766390.0
2024-04-21,seasonal_naive_7d,hormuz_tanker_capacity,fold_16,3828096.0,2563076.0,1265020.0
2024-04-22,seasonal_naive_7d,hormuz_tanker_capacity,fold_16,3007034.0,3602003.0,-594969.0
2024-04-23,seasonal_naive_7d,hormuz_tanker_capacity,fold_16,3323937.0,3168961.0,154976.0
2024-04-24,seasonal_naive_7d,hormuz_tanker_capacity,fold_16,2979537.0,4222015.0,-1242478.0
2024-04-25,seasonal_naive_7d,hormuz_tanker_capacity,fold_17,2623240.0,2236310.0,386930.0
2024-04-26,seasonal_naive_7d,hormuz_tanker_capacity,fold_17,2890869.0,2537049.0,353820.0
2024-04-27,seasonal_naive_7d,hormuz_tanker_capacity,fold_17,2651484.0,3640682.0,-989198.0
2024-04-28,seasonal_naive_7d,hormuz_tanker_capacity,fold_17,2908460.0,3828096.0,-919636.0
2024-04-29,seasonal_naive_7d,hormuz_tanker_capacity,fold_17,1957761.0,3007034.0,-1049273.0
2024-04-30,seasonal_naive_7d,hormuz_tanker_capacity,fold_17,2974952.0,3323937.0,-348985.0
2024-05-01,seasonal_naive_7d,hormuz_tanker_capacity,fold_17,2910338.0,2979537.0,-69199.0
2024-05-02,seasonal_naive_7d,hormuz_tanker_capacity,fold_17,1802353.0,2236310.0,-433957.0
2024-05-03,seasonal_naive_7d,hormuz_tanker_capacity,fold_17,2631772.0,2537049.0,94723.0
2024-05-04,seasonal_naive_7d,hormuz_tanker_capacity,fold_17,3240224.0,3640682.0,-400458.0
2024-05-05,seasonal_naive_7d,hormuz_tanker_capacity,fold_17,4149172.0,3828096.0,321076.0
2024-05-06,seasonal_naive_7d,hormuz_tanker_capacity,fold_17,3963821.0,3007034.0,956787.0
2024-05-07,seasonal_naive_7d,hormuz_tanker_capacity,fold_17,4073059.0,3323937.0,749122.0
2024-05-08,seasonal_naive_7d,hormuz_tanker_capacity,fold_17,2236449.0,2979537.0,-743088.0
2024-05-09,seasonal_naive_7d,hormuz_tanker_capacity,fold_17,3539913.0,2236310.0,1303603.0
2024-05-10,seasonal_naive_7d,hormuz_tanker_capacity,fold_17,3671197.0,2537049.0,1134148.0
2024-05-11,seasonal_naive_7d,hormuz_tanker_capacity,fold_17,2354442.0,3640682.0,-1286240.0
2024-05-12,seasonal_naive_7d,hormuz_tanker_capacity,fold_17,1937216.0,3828096.0,-1890880.0
2024-05-13,seasonal_naive_7d,hormuz_tanker_capacity,fold_17,5919231.0,3007034.0,2912197.0
2024-05-14,seasonal_naive_7d,hormuz_tanker_capacity,fold_17,3113333.0,3323937.0,-210604.0
2024-05-15,seasonal_naive_7d,hormuz_tanker_capacity,fold_17,3277892.0,2979537.0,298355.0
2024-05-16,seasonal_naive_7d,hormuz_tanker_capacity,fold_17,2899266.0,2236310.0,662956.0
2024-05-17,seasonal_naive_7d,hormuz_tanker_capacity,fold_17,3299871.0,2537049.0,762822.0
2024-05-18,seasonal_naive_7d,hormuz_tanker_capacity,fold_17,1720500.0,3640682.0,-1920182.0
2024-05-19,seasonal_naive_7d,hormuz_tanker_capacity,fold_17,3490721.0,3828096.0,-337375.0
2024-05-20,seasonal_naive_7d,hormuz_tanker_capacity,fold_17,3198293.0,3007034.0,191259.0
2024-05-21,seasonal_naive_7d,hormuz_tanker_capacity,fold_17,3484309.0,3323937.0,160372.0
2024-05-22,seasonal_naive_7d,hormuz_tanker_capacity,fold_17,2373638.0,2979537.0,-605899.0
2024-05-23,seasonal_naive_7d,hormuz_tanker_capacity,fold_17,3961350.0,2236310.0,1725040.0
2024-05-24,seasonal_naive_7d,hormuz_tanker_capacity,fold_17,3041089.0,2537049.0,504040.0
2024-05-25,seasonal_naive_7d,hormuz_tanker_capacity,fold_18,2156888.0,1720500.0,436388.0
2024-05-26,seasonal_naive_7d,hormuz_tanker_capacity,fold_18,2305855.0,3490721.0,-1184866.0
2024-05-27,seasonal_naive_7d,hormuz_tanker_capacity,fold_18,5099593.0,3198293.0,1901300.0
2024-05-28,seasonal_naive_7d,hormuz_tanker_capacity,fold_18,4485330.0,3484309.0,1001021.0
2024-05-29,seasonal_naive_7d,hormuz_tanker_capacity,fold_18,3173260.0,2373638.0,799622.0
2024-05-30,seasonal_naive_7d,hormuz_tanker_capacity,fold_18,1598907.0,3961350.0,-2362443.0
2024-05-31,seasonal_naive_7d,hormuz_tanker_capacity,fold_18,3468196.0,3041089.0,427107.0
2024-06-01,seasonal_naive_7d,hormuz_tanker_capacity,fold_18,2372436.0,1720500.0,651936.0
2024-06-02,seasonal_naive_7d,hormuz_tanker_capacity,fold_18,4107539.0,3490721.0,616818.0
2024-06-03,seasonal_naive_7d,hormuz_tanker_capacity,fold_18,3780277.0,3198293.0,581984.0
2024-06-04,seasonal_naive_7d,hormuz_tanker_capacity,fold_18,3901804.0,3484309.0,417495.0
2024-06-05,seasonal_naive_7d,hormuz_tanker_capacity,fold_18,2577887.0,2373638.0,204249.0
2024-06-06,seasonal_naive_7d,hormuz_tanker_capacity,fold_18,2502000.0,3961350.0,-1459350.0
2024-06-07,seasonal_naive_7d,hormuz_tanker_capacity,fold_18,1746983.0,3041089.0,-1294106.0
2024-06-08,seasonal_naive_7d,hormuz_tanker_capacity,fold_18,3003782.0,1720500.0,1283282.0
2024-06-09,seasonal_naive_7d,hormuz_tanker_capacity,fold_18,2231180.0,3490721.0,-1259541.0
2024-06-10,seasonal_naive_7d,hormuz_tanker_capacity,fold_18,2616205.0,3198293.0,-582088.0
2024-06-11,seasonal_naive_7d,hormuz_tanker_capacity,fold_18,2601504.0,3484309.0,-882805.0
2024-06-12,seasonal_naive_7d,hormuz_tanker_capacity,fold_18,2242930.0,2373638.0,-130708.0
2024-06-13,seasonal_naive_7d,hormuz_tanker_capacity,fold_18,2105614.0,3961350.0,-1855736.0
2024-06-14,seasonal_naive_7d,hormuz_tanker_capacity,fold_18,3705727.0,3041089.0,664638.0
2024-06-15,seasonal_naive_7d,hormuz_tanker_capacity,fold_18,3279054.0,1720500.0,1558554.0
2024-06-16,seasonal_naive_7d,hormuz_tanker_capacity,fold_18,3415474.0,3490721.0,-75247.0
2024-06-17,seasonal_naive_7d,hormuz_tanker_capacity,fold_18,2805607.0,3198293.0,-392686.0
2024-06-18,seasonal_naive_7d,hormuz_tanker_capacity,fold_18,2121829.0,3484309.0,-1362480.0
2024-06-19,seasonal_naive_7d,hormuz_tanker_capacity,fold_18,4313882.0,2373638.0,1940244.0
2024-06-20,seasonal_naive_7d,hormuz_tanker_capacity,fold_18,2147311.0,3961350.0,-1814039.0
2024-06-21,seasonal_naive_7d,hormuz_tanker_capacity,fold_18,2622541.0,3041089.0,-418548.0
2024-06-22,seasonal_naive_7d,hormuz_tanker_capacity,fold_18,3670308.0,1720500.0,1949808.0
2024-06-23,seasonal_naive_7d,hormuz_tanker_capacity,fold_18,3024131.0,3490721.0,-466590.0
2024-06-24,seasonal_naive_7d,hormuz_tanker_capacity,fold_19,3780486.0,2805607.0,974879.0
2024-06-25,seasonal_naive_7d,hormuz_tanker_capacity,fold_19,3033206.0,2121829.0,911377.0
2024-06-26,seasonal_naive_7d,hormuz_tanker_capacity,fold_19,3330282.0,4313882.0,-983600.0
2024-06-27,seasonal_naive_7d,hormuz_tanker_capacity,fold_19,3185011.0,2147311.0,1037700.0
2024-06-28,seasonal_naive_7d,hormuz_tanker_capacity,fold_19,3984124.0,2622541.0,1361583.0
2024-06-29,seasonal_naive_7d,hormuz_tanker_capacity,fold_19,1705541.0,3670308.0,-1964767.0
2024-06-30,seasonal_naive_7d,hormuz_tanker_capacity,fold_19,3282626.0,3024131.0,258495.0
2024-07-01,seasonal_naive_7d,hormuz_tanker_capacity,fold_19,1700369.0,2805607.0,-1105238.0
2024-07-02,seasonal_naive_7d,hormuz_tanker_capacity,fold_19,1752264.0,2121829.0,-369565.0
2024-07-03,seasonal_naive_7d,hormuz_tanker_capacity,fold_19,3117349.0,4313882.0,-1196533.0
2024-07-04,seasonal_naive_7d,hormuz_tanker_capacity,fold_19,2770643.0,2147311.0,623332.0
2024-07-05,seasonal_naive_7d,hormuz_tanker_capacity,fold_19,2540674.0,2622541.0,-81867.0
2024-07-06,seasonal_naive_7d,hormuz_tanker_capacity,fold_19,3763535.0,3670308.0,93227.0
2024-07-07,seasonal_naive_7d,hormuz_tanker_capacity,fold_19,4795577.0,3024131.0,1771446.0
2024-07-08,seasonal_naive_7d,hormuz_tanker_capacity,fold_19,3082240.0,2805607.0,276633.0
2024-07-09,seasonal_naive_7d,hormuz_tanker_capacity,fold_19,4681992.0,2121829.0,2560163.0
2024-07-10,seasonal_naive_7d,hormuz_tanker_capacity,fold_19,3176211.0,4313882.0,-1137671.0
2024-07-11,seasonal_naive_7d,hormuz_tanker_capacity,fold_19,3233010.0,2147311.0,1085699.0
2024-07-12,seasonal_naive_7d,hormuz_tanker_capacity,fold_19,3192456.0,2622541.0,569915.0
2024-07-13,seasonal_naive_7d,hormuz_tanker_capacity,fold_19,2973063.0,3670308.0,-697245.0
2024-07-14,seasonal_naive_7d,hormuz_tanker_capacity,fold_19,4528991.0,3024131.0,1504860.0
2024-07-15,seasonal_naive_7d,hormuz_tanker_capacity,fold_19,3000541.0,2805607.0,194934.0
2024-07-16,seasonal_naive_7d,hormuz_tanker_capacity,fold_19,3014351.0,2121829.0,892522.0
2024-07-17,seasonal_naive_7d,hormuz_tanker_capacity,fold_19,4655091.0,4313882.0,341209.0
2024-07-18,seasonal_naive_7d,hormuz_tanker_capacity,fold_19,2360122.0,2147311.0,212811.0
2024-07-19,seasonal_naive_7d,hormuz_tanker_capacity,fold_19,3594949.0,2622541.0,972408.0
2024-07-20,seasonal_naive_7d,hormuz_tanker_capacity,fold_19,1801528.0,3670308.0,-1868780.0
2024-07-21,seasonal_naive_7d,hormuz_tanker_capacity,fold_19,4204074.0,3024131.0,1179943.0
2024-07-22,seasonal_naive_7d,hormuz_tanker_capacity,fold_19,2542658.0,2805607.0,-262949.0
2024-07-23,seasonal_naive_7d,hormuz_tanker_capacity,fold_19,2865364.0,2121829.0,743535.0
2024-07-24,seasonal_naive_7d,hormuz_tanker_capacity,fold_20,2678556.0,4655091.0,-1976535.0
2024-07-25,seasonal_naive_7d,hormuz_tanker_capacity,fold_20,3828984.0,2360122.0,1468862.0
2024-07-26,seasonal_naive_7d,hormuz_tanker_capacity,fold_20,3375894.0,3594949.0,-219055.0
2024-07-27,seasonal_naive_7d,hormuz_tanker_capacity,fold_20,3042355.0,1801528.0,1240827.0
2024-07-28,seasonal_naive_7d,hormuz_tanker_capacity,fold_20,3467467.0,4204074.0,-736607.0
2024-07-29,seasonal_naive_7d,hormuz_tanker_capacity,fold_20,3620688.0,2542658.0,1078030.0
2024-07-30,seasonal_naive_7d,hormuz_tanker_capacity,fold_20,2927615.0,2865364.0,62251.0
2024-07-31,seasonal_naive_7d,hormuz_tanker_capacity,fold_20,3125784.0,4655091.0,-1529307.0
2024-08-01,seasonal_naive_7d,hormuz_tanker_capacity,fold_20,2545278.0,2360122.0,185156.0
2024-08-02,seasonal_naive_7d,hormuz_tanker_capacity,fold_20,2890402.0,3594949.0,-704547.0
2024-08-03,seasonal_naive_7d,hormuz_tanker_capacity,fold_20,2343051.0,1801528.0,541523.0
2024-08-04,seasonal_naive_7d,hormuz_tanker_capacity,fold_20,2695198.0,4204074.0,-1508876.0
2024-08-05,seasonal_naive_7d,hormuz_tanker_capacity,fold_20,2760264.0,2542658.0,217606.0
2024-08-06,seasonal_naive_7d,hormuz_tanker_capacity,fold_20,2171109.0,2865364.0,-694255.0
2024-08-07,seasonal_naive_7d,hormuz_tanker_capacity,fold_20,1817751.0,4655091.0,-2837340.0
2024-08-08,seasonal_naive_7d,hormuz_tanker_capacity,fold_20,3186082.0,2360122.0,825960.0
2024-08-09,seasonal_naive_7d,hormuz_tanker_capacity,fold_20,3203153.0,3594949.0,-391796.0
2024-08-10,seasonal_naive_7d,hormuz_tanker_capacity,fold_20,2719334.0,1801528.0,917806.0
2024-08-11,seasonal_naive_7d,hormuz_tanker_capacity,fold_20,3685303.0,4204074.0,-518771.0
2024-08-12,seasonal_naive_7d,hormuz_tanker_capacity,fold_20,2680540.0,2542658.0,137882.0
2024-08-13,seasonal_naive_7d,hormuz_tanker_capacity,fold_20,2653762.0,2865364.0,-211602.0
2024-08-14,seasonal_naive_7d,hormuz_tanker_capacity,fold_20,2712198.0,4655091.0,-1942893.0
2024-08-15,seasonal_naive_7d,hormuz_tanker_capacity,fold_20,1751917.0,2360122.0,-608205.0
2024-08-16,seasonal_naive_7d,hormuz_tanker_capacity,fold_20,1751954.0,3594949.0,-1842995.0
2024-08-17,seasonal_naive_7d,hormuz_tanker_capacity,fold_20,3342427.0,1801528.0,1540899.0
2024-08-18,seasonal_naive_7d,hormuz_tanker_capacity,fold_20,2103196.0,4204074.0,-2100878.0
2024-08-19,seasonal_naive_7d,hormuz_tanker_capacity,fold_20,1509927.0,2542658.0,-1032731.0
2024-08-20,seasonal_naive_7d,hormuz_tanker_capacity,fold_20,2582693.0,2865364.0,-282671.0
2024-08-21,seasonal_naive_7d,hormuz_tanker_capacity,fold_20,2428978.0,4655091.0,-2226113.0
2024-08-22,seasonal_naive_7d,hormuz_tanker_capacity,fold_20,1615910.0,2360122.0,-744212.0
2024-08-23,seasonal_naive_7d,hormuz_tanker_capacity,fold_21,2721198.0,1751954.0,969244.0
2024-08-24,seasonal_naive_7d,hormuz_tanker_capacity,fold_21,2681160.0,3342427.0,-661267.0
2024-08-25,seasonal_naive_7d,hormuz_tanker_capacity,fold_21,3463562.0,2103196.0,1360366.0
2024-08-26,seasonal_naive_7d,hormuz_tanker_capacity,fold_21,3500190.0,1509927.0,1990263.0
2024-08-27,seasonal_naive_7d,hormuz_tanker_capacity,fold_21,2135125.0,2582693.0,-447568.0
2024-08-28,seasonal_naive_7d,hormuz_tanker_capacity,fold_21,2665125.0,2428978.0,236147.0
2024-08-29,seasonal_naive_7d,hormuz_tanker_capacity,fold_21,2090686.0,1615910.0,474776.0
2024-08-30,seasonal_naive_7d,hormuz_tanker_capacity,fold_21,1970641.0,1751954.0,218687.0
2024-08-31,seasonal_naive_7d,hormuz_tanker_capacity,fold_21,2546253.0,3342427.0,-796174.0
2024-09-01,seasonal_naive_7d,hormuz_tanker_capacity,fold_21,2111323.0,2103196.0,8127.0
2024-09-02,seasonal_naive_7d,hormuz_tanker_capacity,fold_21,3114861.0,1509927.0,1604934.0
2024-09-03,seasonal_naive_7d,hormuz_tanker_capacity,fold_21,3707625.0,2582693.0,1124932.0
2024-09-04,seasonal_naive_7d,hormuz_tanker_capacity,fold_21,3316344.0,2428978.0,887366.0
2024-09-05,seasonal_naive_7d,hormuz_tanker_capacity,fold_21,3492996.0,1615910.0,1877086.0
2024-09-06,seasonal_naive_7d,hormuz_tanker_capacity,fold_21,3945465.0,1751954.0,2193511.0
2024-09-07,seasonal_naive_7d,hormuz_tanker_capacity,fold_21,1299582.0,3342427.0,-2042845.0
2024-09-08,seasonal_naive_7d,hormuz_tanker_capacity,fold_21,1246355.0,2103196.0,-856841.0
2024-09-09,seasonal_naive_7d,hormuz_tanker_capacity,fold_21,3175676.0,1509927.0,1665749.0
2024-09-10,seasonal_naive_7d,hormuz_tanker_capacity,fold_21,3673345.0,2582693.0,1090652.0
2024-09-11,seasonal_naive_7d,hormuz_tanker_capacity,fold_21,3994481.0,2428978.0,1565503.0
2024-09-12,seasonal_naive_7d,hormuz_tanker_capacity,fold_21,2543213.0,1615910.0,927303.0
2024-09-13,seasonal_naive_7d,hormuz_tanker_capacity,fold_21,1530300.0,1751954.0,-221654.0
2024-09-14,seasonal_naive_7d,hormuz_tanker_capacity,fold_21,2467647.0,3342427.0,-874780.0
2024-09-15,seasonal_naive_7d,hormuz_tanker_capacity,fold_21,1460630.0,2103196.0,-642566.0
2024-09-16,seasonal_naive_7d,hormuz_tanker_capacity,fold_21,3088664.0,1509927.0,1578737.0
2024-09-17,seasonal_naive_7d,hormuz_tanker_capacity,fold_21,1780654.0,2582693.0,-802039.0
2024-09-18,seasonal_naive_7d,hormuz_tanker_capacity,fold_21,4062403.0,2428978.0,1633425.0
2024-09-19,seasonal_naive_7d,hormuz_tanker_capacity,fold_21,3637770.0,1615910.0,2021860.0
2024-09-20,seasonal_naive_7d,hormuz_tanker_capacity,fold_21,1920381.0,1751954.0,168427.0
2024-09-21,seasonal_naive_7d,hormuz_tanker_capacity,fold_21,2364983.0,3342427.0,-977444.0
2024-09-22,seasonal_naive_7d,hormuz_tanker_capacity,fold_22,2194264.0,1460630.0,733634.0
2024-09-23,seasonal_naive_7d,hormuz_tanker_capacity,fold_22,3479178.0,3088664.0,390514.0
2024-09-24,seasonal_naive_7d,hormuz_tanker_capacity,fold_22,2041537.0,1780654.0,260883.0
2024-09-25,seasonal_naive_7d,hormuz_tanker_capacity,fold_22,2762883.0,4062403.0,-1299520.0
2024-09-26,seasonal_naive_7d,hormuz_tanker_capacity,fold_22,1713994.0,3637770.0,-1923776.0
2024-09-27,seasonal_naive_7d,hormuz_tanker_capacity,fold_22,1920975.0,1920381.0,594.0
2024-09-28,seasonal_naive_7d,hormuz_tanker_capacity,fold_22,1340119.0,2364983.0,-1024864.0
2024-09-29,seasonal_naive_7d,hormuz_tanker_capacity,fold_22,3267740.0,1460630.0,1807110.0
2024-09-30,seasonal_naive_7d,hormuz_tanker_capacity,fold_22,2122718.0,3088664.0,-965946.0
2024-10-01,seasonal_naive_7d,hormuz_tanker_capacity,fold_22,1845809.0,1780654.0,65155.0
2024-10-02,seasonal_naive_7d,hormuz_tanker_capacity,fold_22,2759995.0,4062403.0,-1302408.0
2024-10-03,seasonal_naive_7d,hormuz_tanker_capacity,fold_22,2217982.0,3637770.0,-1419788.0
2024-10-04,seasonal_naive_7d,hormuz_tanker_capacity,fold_22,3261463.0,1920381.0,1341082.0
2024-10-05,seasonal_naive_7d,hormuz_tanker_capacity,fold_22,3158267.0,2364983.0,793284.0
2024-10-06,seasonal_naive_7d,hormuz_tanker_capacity,fold_22,1909132.0,1460630.0,448502.0
2024-10-07,seasonal_naive_7d,hormuz_tanker_capacity,fold_22,3147431.0,3088664.0,58767.0
2024-10-08,seasonal_naive_7d,hormuz_tanker_capacity,fold_22,3057779.0,1780654.0,1277125.0
2024-10-09,seasonal_naive_7d,hormuz_tanker_capacity,fold_22,1681085.0,4062403.0,-2381318.0
2024-10-10,seasonal_naive_7d,hormuz_tanker_capacity,fold_22,2160936.0,3637770.0,-1476834.0
2024-10-11,seasonal_naive_7d,hormuz_tanker_capacity,fold_22,2063791.0,1920381.0,143410.0
2024-10-12,seasonal_naive_7d,hormuz_tanker_capacity,fold_22,2922762.0,2364983.0,557779.0
2024-10-13,seasonal_naive_7d,hormuz_tanker_capacity,fold_22,1485666.0,1460630.0,25036.0
2024-10-14,seasonal_naive_7d,hormuz_tanker_capacity,fold_22,2856860.0,3088664.0,-231804.0
2024-10-15,seasonal_naive_7d,hormuz_tanker_capacity,fold_22,1473306.0,1780654.0,-307348.0
2024-10-16,seasonal_naive_7d,hormuz_tanker_capacity,fold_22,1717560.0,4062403.0,-2344843.0
2024-10-17,seasonal_naive_7d,hormuz_tanker_capacity,fold_22,2068660.0,3637770.0,-1569110.0
2024-10-18,seasonal_naive_7d,hormuz_tanker_capacity,fold_22,3408583.0,1920381.0,1488202.0
2024-10-19,seasonal_naive_7d,hormuz_tanker_capacity,fold_22,2629338.0,2364983.0,264355.0
2024-10-20,seasonal_naive_7d,hormuz_tanker_capacity,fold_22,2545334.0,1460630.0,1084704.0
2024-10-21,seasonal_naive_7d,hormuz_tanker_capacity,fold_22,1674631.0,3088664.0,-1414033.0
2024-10-22,seasonal_naive_7d,hormuz_tanker_capacity,fold_23,1954469.0,1473306.0,481163.0
2024-10-23,seasonal_naive_7d,hormuz_tanker_capacity,fold_23,2634847.0,1717560.0,917287.0
2024-10-24,seasonal_naive_7d,hormuz_tanker_capacity,fold_23,2031136.0,2068660.0,-37524.0
2024-10-25,seasonal_naive_7d,hormuz_tanker_capacity,fold_23,3916053.0,3408583.0,507470.0
2024-10-26,seasonal_naive_7d,hormuz_tanker_capacity,fold_23,2446881.0,2629338.0,-182457.0
2024-10-27,seasonal_naive_7d,hormuz_tanker_capacity,fold_23,2250346.0,2545334.0,-294988.0
2024-10-28,seasonal_naive_7d,hormuz_tanker_capacity,fold_23,1628999.0,1674631.0,-45632.0
2024-10-29,seasonal_naive_7d,hormuz_tanker_capacity,fold_23,1261246.0,1473306.0,-212060.0
2024-10-30,seasonal_naive_7d,hormuz_tanker_capacity,fold_23,742883.0,1717560.0,-974677.0
2024-10-31,seasonal_naive_7d,hormuz_tanker_capacity,fold_23,959228.0,2068660.0,-1109432.0
2024-11-01,seasonal_naive_7d,hormuz_tanker_capacity,fold_23,1985441.0,3408583.0,-1423142.0
2024-11-02,seasonal_naive_7d,hormuz_tanker_capacity,fold_23,2207188.0,2629338.0,-422150.0
2024-11-03,seasonal_naive_7d,hormuz_tanker_capacity,fold_23,2657512.0,2545334.0,112178.0
2024-11-04,seasonal_naive_7d,hormuz_tanker_capacity,fold_23,2660950.0,1674631.0,986319.0
2024-11-05,seasonal_naive_7d,hormuz_tanker_capacity,fold_23,1909709.0,1473306.0,436403.0
2024-11-06,seasonal_naive_7d,hormuz_tanker_capacity,fold_23,3852482.0,1717560.0,2134922.0
2024-11-07,seasonal_naive_7d,hormuz_tanker_capacity,fold_23,2988558.0,2068660.0,919898.0
2024-11-08,seasonal_naive_7d,hormuz_tanker_capacity,fold_23,1598119.0,3408583.0,-1810464.0
2024-11-09,seasonal_naive_7d,hormuz_tanker_capacity,fold_23,1921029.0,2629338.0,-708309.0
2024-11-10,seasonal_naive_7d,hormuz_tanker_capacity,fold_23,2329919.0,2545334.0,-215415.0
2024-11-11,seasonal_naive_7d,hormuz_tanker_capacity,fold_23,3484800.0,1674631.0,1810169.0
2024-11-12,seasonal_naive_7d,hormuz_tanker_capacity,fold_23,3333357.0,1473306.0,1860051.0
2024-11-13,seasonal_naive_7d,hormuz_tanker_capacity,fold_23,1420187.0,1717560.0,-297373.0
2024-11-14,seasonal_naive_7d,hormuz_tanker_capacity,fold_23,1907145.0,2068660.0,-161515.0
2024-11-15,seasonal_naive_7d,hormuz_tanker_capacity,fold_23,1373889.0,3408583.0,-2034694.0
2024-11-16,seasonal_naive_7d,hormuz_tanker_capacity,fold_23,1551174.0,2629338.0,-1078164.0
2024-11-17,seasonal_naive_7d,hormuz_tanker_capacity,fold_23,1581361.0,2545334.0,-963973.0
2024-11-18,seasonal_naive_7d,hormuz_tanker_capacity,fold_23,3143712.0,1674631.0,1469081.0
2024-11-19,seasonal_naive_7d,hormuz_tanker_capacity,fold_23,1814003.0,1473306.0,340697.0
2024-11-20,seasonal_naive_7d,hormuz_tanker_capacity,fold_23,1697998.0,1717560.0,-19562.0
2024-11-21,seasonal_naive_7d,hormuz_tanker_capacity,fold_24,2600904.0,1907145.0,693759.0
2024-11-22,seasonal_naive_7d,hormuz_tanker_capacity,fold_24,1837346.0,1373889.0,463457.0
2024-11-23,seasonal_naive_7d,hormuz_tanker_capacity,fold_24,1702351.0,1551174.0,151177.0
2024-11-24,seasonal_naive_7d,hormuz_tanker_capacity,fold_24,834506.0,1581361.0,-746855.0
2024-11-25,seasonal_naive_7d,hormuz_tanker_capacity,fold_24,2638101.0,3143712.0,-505611.0
2024-11-26,seasonal_naive_7d,hormuz_tanker_capacity,fold_24,2181097.0,1814003.0,367094.0
2024-11-27,seasonal_naive_7d,hormuz_tanker_capacity,fold_24,1647715.0,1697998.0,-50283.0
2024-11-28,seasonal_naive_7d,hormuz_tanker_capacity,fold_24,880462.0,1907145.0,-1026683.0
2024-11-29,seasonal_naive_7d,hormuz_tanker_capacity,fold_24,1651464.0,1373889.0,277575.0
2024-11-30,seasonal_naive_7d,hormuz_tanker_capacity,fold_24,1591526.0,1551174.0,40352.0
2024-12-01,seasonal_naive_7d,hormuz_tanker_capacity,fold_24,287064.0,1581361.0,-1294297.0
2024-12-02,seasonal_naive_7d,hormuz_tanker_capacity,fold_24,1816869.0,3143712.0,-1326843.0
2024-12-03,seasonal_naive_7d,hormuz_tanker_capacity,fold_24,491464.0,1814003.0,-1322539.0
2024-12-04,seasonal_naive_7d,hormuz_tanker_capacity,fold_24,1375778.0,1697998.0,-322220.0
2024-12-05,seasonal_naive_7d,hormuz_tanker_capacity,fold_24,1358820.0,1907145.0,-548325.0
2024-12-06,seasonal_naive_7d,hormuz_tanker_capacity,fold_24,1004632.0,1373889.0,-369257.0
2024-12-07,seasonal_naive_7d,hormuz_tanker_capacity,fold_24,1641862.0,1551174.0,90688.0
2024-12-08,seasonal_naive_7d,hormuz_tanker_capacity,fold_24,830705.0,1581361.0,-750656.0
2024-12-09,seasonal_naive_7d,hormuz_tanker_capacity,fold_24,1648631.0,3143712.0,-1495081.0
2024-12-10,seasonal_naive_7d,hormuz_tanker_capacity,fold_24,1611980.0,1814003.0,-202023.0
2024-12-11,seasonal_naive_7d,hormuz_tanker_capacity,fold_24,1665606.0,1697998.0,-32392.0
2024-12-12,seasonal_naive_7d,hormuz_tanker_capacity,fold_24,2195337.0,1907145.0,288192.0
2024-12-13,seasonal_naive_7d,hormuz_tanker_capacity,fold_24,1835831.0,1373889.0,461942.0
2024-12-14,seasonal_naive_7d,hormuz_tanker_capacity,fold_24,1627282.0,1551174.0,76108.0
2024-12-15,seasonal_naive_7d,hormuz_tanker_capacity,fold_24,2463148.0,1581361.0,881787.0
2024-12-16,seasonal_naive_7d,hormuz_tanker_capacity,fold_24,2041656.0,3143712.0,-1102056.0
2024-12-17,seasonal_naive_7d,hormuz_tanker_capacity,fold_24,1192108.0,1814003.0,-621895.0
2024-12-18,seasonal_naive_7d,hormuz_tanker_capacity,fold_24,1482889.0,1697998.0,-215109.0
2024-12-19,seasonal_naive_7d,hormuz_tanker_capacity,fold_24,1209144.0,1907145.0,-698001.0
2024-12-20,seasonal_naive_7d,hormuz_tanker_capacity,fold_24,1638616.0,1373889.0,264727.0
2024-12-21,seasonal_naive_7d,hormuz_tanker_capacity,fold_25,1979180.0,1627282.0,351898.0
2024-12-22,seasonal_naive_7d,hormuz_tanker_capacity,fold_25,2376161.0,2463148.0,-86987.0
2024-12-23,seasonal_naive_7d,hormuz_tanker_capacity,fold_25,1282898.0,2041656.0,-758758.0
2024-12-24,seasonal_naive_7d,hormuz_tanker_capacity,fold_25,936846.0,1192108.0,-255262.0
2024-12-25,seasonal_naive_7d,hormuz_tanker_capacity,fold_25,1350125.0,1482889.0,-132764.0
2024-12-26,seasonal_naive_7d,hormuz_tanker_capacity,fold_25,1276105.0,1209144.0,66961.0
2024-12-27,seasonal_naive_7d,hormuz_tanker_capacity,fold_25,1933372.0,1638616.0,294756.0
2024-12-28,seasonal_naive_7d,hormuz_tanker_capacity,fold_25,2277920.0,1627282.0,650638.0
2024-12-29,seasonal_naive_7d,hormuz_tanker_capacity,fold_25,2076179.0,2463148.0,-386969.0
2024-12-30,seasonal_naive_7d,hormuz_tanker_capacity,fold_25,849004.0,2041656.0,-1192652.0
2024-12-31,seasonal_naive_7d,hormuz_tanker_capacity,fold_25,1678052.0,1192108.0,485944.0
2025-01-01,seasonal_naive_7d,hormuz_tanker_capacity,fold_25,2351307.0,1482889.0,868418.0
2025-01-02,seasonal_naive_7d,hormuz_tanker_capacity,fold_25,1469954.0,1209144.0,260810.0
2025-01-03,seasonal_naive_7d,hormuz_tanker_capacity,fold_25,3038303.0,1638616.0,1399687.0
2025-01-04,seasonal_naive_7d,hormuz_tanker_capacity,fold_25,1621874.0,1627282.0,-5408.0
2025-01-05,seasonal_naive_7d,hormuz_tanker_capacity,fold_25,1752372.0,2463148.0,-710776.0
2025-01-06,seasonal_naive_7d,hormuz_tanker_capacity,fold_25,620856.0,2041656.0,-1420800.0
2025-01-07,seasonal_naive_7d,hormuz_tanker_capacity,fold_25,2096115.0,1192108.0,904007.0
2025-01-08,seasonal_naive_7d,hormuz_tanker_capacity,fold_25,1160485.0,1482889.0,-322404.0
2025-01-09,seasonal_naive_7d,hormuz_tanker_capacity,fold_25,1832266.0,1209144.0,623122.0
2025-01-10,seasonal_naive_7d,hormuz_tanker_capacity,fold_25,2291835.0,1638616.0,653219.0
2025-01-11,seasonal_naive_7d,hormuz_tanker_capacity,fold_25,3317436.0,1627282.0,1690154.0
2025-01-12,seasonal_naive_7d,hormuz_tanker_capacity,fold_25,3124955.0,2463148.0,661807.0
2025-01-13,seasonal_naive_7d,hormuz_tanker_capacity,fold_25,2127133.0,2041656.0,85477.0
2025-01-14,seasonal_naive_7d,hormuz_tanker_capacity,fold_25,1728676.0,1192108.0,536568.0
2025-01-15,seasonal_naive_7d,hormuz_tanker_capacity,fold_25,1981160.0,1482889.0,498271.0
2025-01-16,seasonal_naive_7d,hormuz_tanker_capacity,fold_25,2355638.0,1209144.0,1146494.0
2025-01-17,seasonal_naive_7d,hormuz_tanker_capacity,fold_25,2814758.0,1638616.0,1176142.0
2025-01-18,seasonal_naive_7d,hormuz_tanker_capacity,fold_25,2643122.0,1627282.0,1015840.0
2025-01-19,seasonal_naive_7d,hormuz_tanker_capacity,fold_25,1258774.0,2463148.0,-1204374.0
2025-01-20,seasonal_naive_7d,hormuz_tanker_capacity,fold_26,1805317.0,2127133.0,-321816.0
2025-01-21,seasonal_naive_7d,hormuz_tanker_capacity,fold_26,1656884.0,1728676.0,-71792.0
2025-01-22,seasonal_naive_7d,hormuz_tanker_capacity,fold_26,2269515.0,1981160.0,288355.0
2025-01-23,seasonal_naive_7d,hormuz_tanker_capacity,fold_26,2079759.0,2355638.0,-275879.0
2025-01-24,seasonal_naive_7d,hormuz_tanker_capacity,fold_26,2169879.0,2814758.0,-644879.0
2025-01-25,seasonal_naive_7d,hormuz_tanker_capacity,fold_26,2187162.0,2643122.0,-455960.0
2025-01-26,seasonal_naive_7d,hormuz_tanker_capacity,fold_26,3170629.0,1258774.0,1911855.0
2025-01-27,seasonal_naive_7d,hormuz_tanker_capacity,fold_26,1103355.0,2127133.0,-1023778.0
2025-01-28,seasonal_naive_7d,hormuz_tanker_capacity,fold_26,1978312.0,1728676.0,249636.0
2025-01-29,seasonal_naive_7d,hormuz_tanker_capacity,fold_26,1834211.0,1981160.0,-146949.0
2025-01-30,seasonal_naive_7d,hormuz_tanker_capacity,fold_26,2705647.0,2355638.0,350009.0
2025-01-31,seasonal_naive_7d,hormuz_tanker_capacity,fold_26,1630114.0,2814758.0,-1184644.0
2025-02-01,seasonal_naive_7d,hormuz_tanker_capacity,fold_26,1674602.0,2643122.0,-968520.0
2025-02-02,seasonal_naive_7d,hormuz_tanker_capacity,fold_26,1378171.0,1258774.0,119397.0
2025-02-03,seasonal_naive_7d,hormuz_tanker_capacity,fold_26,2493210.0,2127133.0,366077.0
2025-02-04,seasonal_naive_7d,hormuz_tanker_capacity,fold_26,1865766.0,1728676.0,137090.0
2025-02-05,seasonal_naive_7d,hormuz_tanker_capacity,fold_26,1753702.0,1981160.0,-227458.0
2025-02-06,seasonal_naive_7d,hormuz_tanker_capacity,fold_26,2256102.0,2355638.0,-99536.0
2025-02-07,seasonal_naive_7d,hormuz_tanker_capacity,fold_26,1383643.0,2814758.0,-1431115.0
2025-02-08,seasonal_naive_7d,hormuz_tanker_capacity,fold_26,1405240.0,2643122.0,-1237882.0
2025-02-09,seasonal_naive_7d,hormuz_tanker_capacity,fold_26,1717641.0,1258774.0,458867.0
2025-02-10,seasonal_naive_7d,hormuz_tanker_capacity,fold_26,3078664.0,2127133.0,951531.0
2025-02-11,seasonal_naive_7d,hormuz_tanker_capacity,fold_26,2248740.0,1728676.0,520064.0
2025-02-12,seasonal_naive_7d,hormuz_tanker_capacity,fold_26,3636376.0,1981160.0,1655216.0
2025-02-13,seasonal_naive_7d,hormuz_tanker_capacity,fold_26,3877773.0,2355638.0,1522135.0
2025-02-14,seasonal_naive_7d,hormuz_tanker_capacity,fold_26,2741438.0,2814758.0,-73320.0
2025-02-15,seasonal_naive_7d,hormuz_tanker_capacity,fold_26,2157988.0,2643122.0,-485134.0
2025-02-16,seasonal_naive_7d,hormuz_tanker_capacity,fold_26,2428946.0,1258774.0,1170172.0
2025-02-17,seasonal_naive_7d,hormuz_tanker_capacity,fold_26,2310561.0,2127133.0,183428.0
2025-02-18,seasonal_naive_7d,hormuz_tanker_capacity,fold_26,2464650.0,1728676.0,735974.0
2025-02-19,seasonal_naive_7d,hormuz_tanker_capacity,fold_27,2725974.0,3636376.0,-910402.0
2025-02-20,seasonal_naive_7d,hormuz_tanker_capacity,fold_27,2611064.0,3877773.0,-1266709.0
2025-02-21,seasonal_naive_7d,hormuz_tanker_capacity,fold_27,2158389.0,2741438.0,-583049.0
2025-02-22,seasonal_naive_7d,hormuz_tanker_capacity,fold_27,3287427.0,2157988.0,1129439.0
2025-02-23,seasonal_naive_7d,hormuz_tanker_capacity,fold_27,891467.0,2428946.0,-1537479.0
2025-02-24,seasonal_naive_7d,hormuz_tanker_capacity,fold_27,1778785.0,2310561.0,-531776.0
2025-02-25,seasonal_naive_7d,hormuz_tanker_capacity,fold_27,1721897.0,2464650.0,-742753.0
2025-02-26,seasonal_naive_7d,hormuz_tanker_capacity,fold_27,1199614.0,3636376.0,-2436762.0
2025-02-27,seasonal_naive_7d,hormuz_tanker_capacity,fold_27,940050.0,3877773.0,-2937723.0
2025-02-28,seasonal_naive_7d,hormuz_tanker_capacity,fold_27,1405031.0,2741438.0,-1336407.0
2025-03-01,seasonal_naive_7d,hormuz_tanker_capacity,fold_27,1932263.0,2157988.0,-225725.0
2025-03-02,seasonal_naive_7d,hormuz_tanker_capacity,fold_27,2383995.0,2428946.0,-44951.0
2025-03-03,seasonal_naive_7d,hormuz_tanker_capacity,fold_27,3551132.0,2310561.0,1240571.0
2025-03-04,seasonal_naive_7d,hormuz_tanker_capacity,fold_27,2385768.0,2464650.0,-78882.0
2025-03-05,seasonal_naive_7d,hormuz_tanker_capacity,fold_27,2426495.0,3636376.0,-1209881.0
2025-03-06,seasonal_naive_7d,hormuz_tanker_capacity,fold_27,4403693.0,3877773.0,525920.0
2025-03-07,seasonal_naive_7d,hormuz_tanker_capacity,fold_27,2012782.0,2741438.0,-728656.0
2025-03-08,seasonal_naive_7d,hormuz_tanker_capacity,fold_27,2095831.0,2157988.0,-62157.0
2025-03-09,seasonal_naive_7d,hormuz_tanker_capacity,fold_27,2080133.0,2428946.0,-348813.0
2025-03-10,seasonal_naive_7d,hormuz_tanker_capacity,fold_27,3465041.0,2310561.0,1154480.0
2025-03-11,seasonal_naive_7d,hormuz_tanker_capacity,fold_27,2542311.0,2464650.0,77661.0
2025-03-12,seasonal_naive_7d,hormuz_tanker_capacity,fold_27,2745555.0,3636376.0,-890821.0
2025-03-13,seasonal_naive_7d,hormuz_tanker_capacity,fold_27,2076567.0,3877773.0,-1801206.0
2025-03-14,seasonal_naive_7d,hormuz_tanker_capacity,fold_27,1663097.0,2741438.0,-1078341.0
2025-03-15,seasonal_naive_7d,hormuz_tanker_capacity,fold_27,2385028.0,2157988.0,227040.0
2025-03-16,seasonal_naive_7d,hormuz_tanker_capacity,fold_27,3348158.0,2428946.0,919212.0
2025-03-17,seasonal_naive_7d,hormuz_tanker_capacity,fold_27,2368542.0,2310561.0,57981.0
2025-03-18,seasonal_naive_7d,hormuz_tanker_capacity,fold_27,3311561.0,2464650.0,846911.0
2025-03-19,seasonal_naive_7d,hormuz_tanker_capacity,fold_27,2007546.0,3636376.0,-1628830.0
2025-03-20,seasonal_naive_7d,hormuz_tanker_capacity,fold_27,3178055.0,3877773.0,-699718.0
2025-03-21,seasonal_naive_7d,hormuz_tanker_capacity,fold_28,2482614.0,1663097.0,819517.0
2025-03-22,seasonal_naive_7d,hormuz_tanker_capacity,fold_28,3006368.0,2385028.0,621340.0
2025-03-23,seasonal_naive_7d,hormuz_tanker_capacity,fold_28,2014740.0,3348158.0,-1333418.0
2025-03-24,seasonal_naive_7d,hormuz_tanker_capacity,fold_28,1984315.0,2368542.0,-384227.0
2025-03-25,seasonal_naive_7d,hormuz_tanker_capacity,fold_28,897553.0,3311561.0,-2414008.0
2025-03-26,seasonal_naive_7d,hormuz_tanker_capacity,fold_28,952272.0,2007546.0,-1055274.0
2025-03-27,seasonal_naive_7d,hormuz_tanker_capacity,fold_28,2694788.0,3178055.0,-483267.0
2025-03-28,seasonal_naive_7d,hormuz_tanker_capacity,fold_28,3042317.0,1663097.0,1379220.0
2025-03-29,seasonal_naive_7d,hormuz_tanker_capacity,fold_28,4029481.0,2385028.0,1644453.0
2025-03-30,seasonal_naive_7d,hormuz_tanker_capacity,fold_28,2978000.0,3348158.0,-370158.0
2025-03-31,seasonal_naive_7d,hormuz_tanker_capacity,fold_28,3027645.0,2368542.0,659103.0
2025-04-01,seasonal_naive_7d,hormuz_tanker_capacity,fold_28,3116039.0,3311561.0,-195522.0
2025-04-02,seasonal_naive_7d,hormuz_tanker_capacity,fold_28,1690664.0,2007546.0,-316882.0
2025-04-03,seasonal_naive_7d,hormuz_tanker_capacity,fold_28,2659881.0,3178055.0,-518174.0
2025-04-04,seasonal_naive_7d,hormuz_tanker_capacity,fold_28,4503955.0,1663097.0,2840858.0
2025-04-05,seasonal_naive_7d,hormuz_tanker_capacity,fold_28,2468248.0,2385028.0,83220.0
2025-04-06,seasonal_naive_7d,hormuz_tanker_capacity,fold_28,2716688.0,3348158.0,-631470.0
2025-04-07,seasonal_naive_7d,hormuz_tanker_capacity,fold_28,2780154.0,2368542.0,411612.0
2025-04-08,seasonal_naive_7d,hormuz_tanker_capacity,fold_28,3525756.0,3311561.0,214195.0
2025-04-09,seasonal_naive_7d,hormuz_tanker_capacity,fold_28,2684985.0,2007546.0,677439.0
2025-04-10,seasonal_naive_7d,hormuz_tanker_capacity,fold_28,3633402.0,3178055.0,455347.0
2025-04-11,seasonal_naive_7d,hormuz_tanker_capacity,fold_28,3561353.0,1663097.0,1898256.0
2025-04-12,seasonal_naive_7d,hormuz_tanker_capacity,fold_28,3862368.0,2385028.0,1477340.0
2025-04-13,seasonal_naive_7d,hormuz_tanker_capacity,fold_28,3880730.0,3348158.0,532572.0
2025-04-14,seasonal_naive_7d,hormuz_tanker_capacity,fold_28,3216563.0,2368542.0,848021.0
2025-04-15,seasonal_naive_7d,hormuz_tanker_capacity,fold_28,1219726.0,3311561.0,-2091835.0
2025-04-16,seasonal_naive_7d,hormuz_tanker_capacity,fold_28,3439877.0,2007546.0,1432331.0
2025-04-17,seasonal_naive_7d,hormuz_tanker_capacity,fold_28,1069913.0,3178055.0,-2108142.0
2025-04-18,seasonal_naive_7d,hormuz_tanker_capacity,fold_28,903863.0,1663097.0,-759234.0
2025-04-19,seasonal_naive_7d,hormuz_tanker_capacity,fold_28,1928138.0,2385028.0,-456890.0
2025-04-20,seasonal_naive_7d,hormuz_tanker_capacity,fold_29,3186428.0,3880730.0,-694302.0
2025-04-21,seasonal_naive_7d,hormuz_tanker_capacity,fold_29,3273360.0,3216563.0,56797.0
2025-04-22,seasonal_naive_7d,hormuz_tanker_capacity,fold_29,3558785.0,1219726.0,2339059.0
2025-04-23,seasonal_naive_7d,hormuz_tanker_capacity,fold_29,2815428.0,3439877.0,-624449.0
2025-04-24,seasonal_naive_7d,hormuz_tanker_capacity,fold_29,1844101.0,1069913.0,774188.0
2025-04-25,seasonal_naive_7d,hormuz_tanker_capacity,fold_29,2071577.0,903863.0,1167714.0
2025-04-26,seasonal_naive_7d,hormuz_tanker_capacity,fold_29,3963917.0,1928138.0,2035779.0
2025-04-27,seasonal_naive_7d,hormuz_tanker_capacity,fold_29,3229002.0,3880730.0,-651728.0
2025-04-28,seasonal_naive_7d,hormuz_tanker_capacity,fold_29,2053672.0,3216563.0,-1162891.0
2025-04-29,seasonal_naive_7d,hormuz_tanker_capacity,fold_29,1994277.0,1219726.0,774551.0
2025-04-30,seasonal_naive_7d,hormuz_tanker_capacity,fold_29,2285155.0,3439877.0,-1154722.0
2025-05-01,seasonal_naive_7d,hormuz_tanker_capacity,fold_29,4317040.0,1069913.0,3247127.0
2025-05-02,seasonal_naive_7d,hormuz_tanker_capacity,fold_29,2371651.0,903863.0,1467788.0
2025-05-03,seasonal_naive_7d,hormuz_tanker_capacity,fold_29,2438429.0,1928138.0,510291.0
2025-05-04,seasonal_naive_7d,hormuz_tanker_capacity,fold_29,3786372.0,3880730.0,-94358.0
2025-05-05,seasonal_naive_7d,hormuz_tanker_capacity,fold_29,3418375.0,3216563.0,201812.0
2025-05-06,seasonal_naive_7d,hormuz_tanker_capacity,fold_29,2810352.0,1219726.0,1590626.0
2025-05-07,seasonal_naive_7d,hormuz_tanker_capacity,fold_29,2284570.0,3439877.0,-1155307.0
2025-05-08,seasonal_naive_7d,hormuz_tanker_capacity,fold_29,626423.0,1069913.0,-443490.0
2025-05-09,seasonal_naive_7d,hormuz_tanker_capacity,fold_29,1787170.0,903863.0,883307.0
2025-05-10,seasonal_naive_7d,hormuz_tanker_capacity,fold_29,1668370.0,1928138.0,-259768.0
2025-05-11,seasonal_naive_7d,hormuz_tanker_capacity,fold_29,2738553.0,3880730.0,-1142177.0
2025-05-12,seasonal_naive_7d,hormuz_tanker_capacity,fold_29,3829192.0,3216563.0,612629.0
2025-05-13,seasonal_naive_7d,hormuz_tanker_capacity,fold_29,2539034.0,1219726.0,1319308.0
2025-05-14,seasonal_naive_7d,hormuz_tanker_capacity,fold_29,3110562.0,3439877.0,-329315.0
2025-05-15,seasonal_naive_7d,hormuz_tanker_capacity,fold_29,2171805.0,1069913.0,1101892.0
2025-05-16,seasonal_naive_7d,hormuz_tanker_capacity,fold_29,3527356.0,903863.0,2623493.0
2025-05-17,seasonal_naive_7d,hormuz_tanker_capacity,fold_29,2657617.0,1928138.0,729479.0
2025-05-18,seasonal_naive_7d,hormuz_tanker_capacity,fold_29,3292912.0,3880730.0,-587818.0
2025-05-19,seasonal_naive_7d,hormuz_tanker_capacity,fold_29,1953777.0,3216563.0,-1262786.0
2025-05-20,seasonal_naive_7d,hormuz_tanker_capacity,fold_30,3709997.0,2539034.0,1170963.0
2025-05-21,seasonal_naive_7d,hormuz_tanker_capacity,fold_30,1510259.0,3110562.0,-1600303.0
2025-05-22,seasonal_naive_7d,hormuz_tanker_capacity,fold_30,1927775.0,2171805.0,-244030.0
2025-05-23,seasonal_naive_7d,hormuz_tanker_capacity,fold_30,2829349.0,3527356.0,-698007.0
2025-05-24,seasonal_naive_7d,hormuz_tanker_capacity,fold_30,2853695.0,2657617.0,196078.0
2025-05-25,seasonal_naive_7d,hormuz_tanker_capacity,fold_30,2515692.0,3292912.0,-777220.0
2025-05-26,seasonal_naive_7d,hormuz_tanker_capacity,fold_30,3225735.0,1953777.0,1271958.0
2025-05-27,seasonal_naive_7d,hormuz_tanker_capacity,fold_30,2845632.0,2539034.0,306598.0
2025-05-28,seasonal_naive_7d,hormuz_tanker_capacity,fold_30,3455462.0,3110562.0,344900.0
2025-05-29,seasonal_naive_7d,hormuz_tanker_capacity,fold_30,4444130.0,2171805.0,2272325.0
2025-05-30,seasonal_naive_7d,hormuz_tanker_capacity,fold_30,2585922.0,3527356.0,-941434.0
2025-05-31,seasonal_naive_7d,hormuz_tanker_capacity,fold_30,3046521.0,2657617.0,388904.0
2025-06-01,seasonal_naive_7d,hormuz_tanker_capacity,fold_30,3318106.0,3292912.0,25194.0
2025-06-02,seasonal_naive_7d,hormuz_tanker_capacity,fold_30,2749722.0,1953777.0,795945.0
2025-06-03,seasonal_naive_7d,hormuz_tanker_capacity,fold_30,2739637.0,2539034.0,200603.0
2025-06-04,seasonal_naive_7d,hormuz_tanker_capacity,fold_30,4132863.0,3110562.0,1022301.0
2025-06-05,seasonal_naive_7d,hormuz_tanker_capacity,fold_30,3037199.0,2171805.0,865394.0
2025-06-06,seasonal_naive_7d,hormuz_tanker_capacity,fold_30,1900548.0,3527356.0,-1626808.0
2025-06-07,seasonal_naive_7d,hormuz_tanker_capacity,fold_30,3083227.0,2657617.0,425610.0
2025-06-08,seasonal_naive_7d,hormuz_tanker_capacity,fold_30,3686265.0,3292912.0,393353.0
2025-06-09,seasonal_naive_7d,hormuz_tanker_capacity,fold_30,2402310.0,1953777.0,448533.0
2025-06-10,seasonal_naive_7d,hormuz_tanker_capacity,fold_30,2578770.0,2539034.0,39736.0
2025-06-11,seasonal_naive_7d,hormuz_tanker_capacity,fold_30,3124022.0,3110562.0,13460.0
2025-06-12,seasonal_naive_7d,hormuz_tanker_capacity,fold_30,2973832.0,2171805.0,802027.0
2025-06-13,seasonal_naive_7d,hormuz_tanker_capacity,fold_30,2197216.0,3527356.0,-1330140.0
2025-06-14,seasonal_naive_7d,hormuz_tanker_capacity,fold_30,2550939.0,2657617.0,-106678.0
2025-06-15,seasonal_naive_7d,hormuz_tanker_capacity,fold_30,4007382.0,3292912.0,714470.0
2025-06-16,seasonal_naive_7d,hormuz_tanker_capacity,fold_30,1162917.0,1953777.0,-790860.0
2025-06-17,seasonal_naive_7d,hormuz_tanker_capacity,fold_30,2332753.0,2539034.0,-206281.0
2025-06-18,seasonal_naive_7d,hormuz_tanker_capacity,fold_30,2219969.0,3110562.0,-890593.0
2025-06-19,seasonal_naive_7d,hormuz_tanker_capacity,fold_31,3941677.0,2973832.0,967845.0
2025-06-20,seasonal_naive_7d,hormuz_tanker_capacity,fold_31,2460794.0,2197216.0,263578.0
2025-06-21,seasonal_naive_7d,hormuz_tanker_capacity,fold_31,1656722.0,2550939.0,-894217.0
2025-06-22,seasonal_naive_7d,hormuz_tanker_capacity,fold_31,2936162.0,4007382.0,-1071220.0
2025-06-23,seasonal_naive_7d,hormuz_tanker_capacity,fold_31,2222171.0,1162917.0,1059254.0
2025-06-24,seasonal_naive_7d,hormuz_tanker_capacity,fold_31,1267133.0,2332753.0,-1065620.0
2025-06-25,seasonal_naive_7d,hormuz_tanker_capacity,fold_31,1473448.0,2219969.0,-746521.0
2025-06-26,seasonal_naive_7d,hormuz_tanker_capacity,fold_31,2337881.0,2973832.0,-635951.0
2025-06-27,seasonal_naive_7d,hormuz_tanker_capacity,fold_31,1639505.0,2197216.0,-557711.0
2025-06-28,seasonal_naive_7d,hormuz_tanker_capacity,fold_31,1980483.0,2550939.0,-570456.0
2025-06-29,seasonal_naive_7d,hormuz_tanker_capacity,fold_31,3465006.0,4007382.0,-542376.0
2025-06-30,seasonal_naive_7d,hormuz_tanker_capacity,fold_31,2592790.0,1162917.0,1429873.0
2025-07-01,seasonal_naive_7d,hormuz_tanker_capacity,fold_31,1775752.0,2332753.0,-557001.0
2025-07-02,seasonal_naive_7d,hormuz_tanker_capacity,fold_31,1797959.0,2219969.0,-422010.0
2025-07-03,seasonal_naive_7d,hormuz_tanker_capacity,fold_31,2021659.0,2973832.0,-952173.0
2025-07-04,seasonal_naive_7d,hormuz_tanker_capacity,fold_31,3346527.0,2197216.0,1149311.0
2025-07-05,seasonal_naive_7d,hormuz_tanker_capacity,fold_31,1789242.0,2550939.0,-761697.0
2025-07-06,seasonal_naive_7d,hormuz_tanker_capacity,fold_31,1413450.0,4007382.0,-2593932.0
2025-07-07,seasonal_naive_7d,hormuz_tanker_capacity,fold_31,2279290.0,1162917.0,1116373.0
2025-07-08,seasonal_naive_7d,hormuz_tanker_capacity,fold_31,1478452.0,2332753.0,-854301.0
2025-07-09,seasonal_naive_7d,hormuz_tanker_capacity,fold_31,3801840.0,2219969.0,1581871.0
2025-07-10,seasonal_naive_7d,hormuz_tanker_capacity,fold_31,2937781.0,2973832.0,-36051.0
2025-07-11,seasonal_naive_7d,hormuz_tanker_capacity,fold_31,3621565.0,2197216.0,1424349.0
2025-07-12,seasonal_naive_7d,hormuz_tanker_capacity,fold_31,4089853.0,2550939.0,1538914.0
2025-07-13,seasonal_naive_7d,hormuz_tanker_capacity,fold_31,1805657.0,4007382.0,-2201725.0
2025-07-14,seasonal_naive_7d,hormuz_tanker_capacity,fold_31,2616893.0,1162917.0,1453976.0
2025-07-15,seasonal_naive_7d,hormuz_tanker_capacity,fold_31,3803838.0,2332753.0,1471085.0
2025-07-16,seasonal_naive_7d,hormuz_tanker_capacity,fold_31,3388965.0,2219969.0,1168996.0
2025-07-17,seasonal_naive_7d,hormuz_tanker_capacity,fold_31,2602317.0,2973832.0,-371515.0
2025-07-18,seasonal_naive_7d,hormuz_tanker_capacity,fold_31,2658816.0,2197216.0,461600.0
2025-07-19,seasonal_naive_7d,hormuz_tanker_capacity,fold_32,3029488.0,4089853.0,-1060365.0
2025-07-20,seasonal_naive_7d,hormuz_tanker_capacity,fold_32,3917967.0,1805657.0,2112310.0
2025-07-21,seasonal_naive_7d,hormuz_tanker_capacity,fold_32,3204741.0,2616893.0,587848.0
2025-07-22,seasonal_naive_7d,hormuz_tanker_capacity,fold_32,1560459.0,3803838.0,-2243379.0
2025-07-23,seasonal_naive_7d,hormuz_tanker_capacity,fold_32,2737792.0,3388965.0,-651173.0
2025-07-24,seasonal_naive_7d,hormuz_tanker_capacity,fold_32,2780090.0,2602317.0,177773.0
2025-07-25,seasonal_naive_7d,hormuz_tanker_capacity,fold_32,2930353.0,2658816.0,271537.0
2025-07-26,seasonal_naive_7d,hormuz_tanker_capacity,fold_32,2488567.0,4089853.0,-1601286.0
2025-07-27,seasonal_naive_7d,hormuz_tanker_capacity,fold_32,3657144.0,1805657.0,1851487.0
2025-07-28,seasonal_naive_7d,hormuz_tanker_capacity,fold_32,2596979.0,2616893.0,-19914.0
2025-07-29,seasonal_naive_7d,hormuz_tanker_capacity,fold_32,2836982.0,3803838.0,-966856.0
2025-07-30,seasonal_naive_7d,hormuz_tanker_capacity,fold_32,3615903.0,3388965.0,226938.0
2025-07-31,seasonal_naive_7d,hormuz_tanker_capacity,fold_32,3249668.0,2602317.0,647351.0
2025-08-01,seasonal_naive_7d,hormuz_tanker_capacity,fold_32,1900730.0,2658816.0,-758086.0
2025-08-02,seasonal_naive_7d,hormuz_tanker_capacity,fold_32,4234230.0,4089853.0,144377.0
2025-08-03,seasonal_naive_7d,hormuz_tanker_capacity,fold_32,2919725.0,1805657.0,1114068.0
2025-08-04,seasonal_naive_7d,hormuz_tanker_capacity,fold_32,1328092.0,2616893.0,-1288801.0
2025-08-05,seasonal_naive_7d,hormuz_tanker_capacity,fold_32,2584327.0,3803838.0,-1219511.0
2025-08-06,seasonal_naive_7d,hormuz_tanker_capacity,fold_32,1795994.0,3388965.0,-1592971.0
2025-08-07,seasonal_naive_7d,hormuz_tanker_capacity,fold_32,2372921.0,2602317.0,-229396.0
2025-08-08,seasonal_naive_7d,hormuz_tanker_capacity,fold_32,2254429.0,2658816.0,-404387.0
2025-08-09,seasonal_naive_7d,hormuz_tanker_capacity,fold_32,2266293.0,4089853.0,-1823560.0
2025-08-10,seasonal_naive_7d,hormuz_tanker_capacity,fold_32,1905686.0,1805657.0,100029.0
2025-08-11,seasonal_naive_7d,hormuz_tanker_capacity,fold_32,2521965.0,2616893.0,-94928.0
2025-08-12,seasonal_naive_7d,hormuz_tanker_capacity,fold_32,3227213.0,3803838.0,-576625.0
2025-08-13,seasonal_naive_7d,hormuz_tanker_capacity,fold_32,2279216.0,3388965.0,-1109749.0
2025-08-14,seasonal_naive_7d,hormuz_tanker_capacity,fold_32,2816918.0,2602317.0,214601.0
2025-08-15,seasonal_naive_7d,hormuz_tanker_capacity,fold_32,1388712.0,2658816.0,-1270104.0
2025-08-16,seasonal_naive_7d,hormuz_tanker_capacity,fold_32,1850637.0,4089853.0,-2239216.0
2025-08-17,seasonal_naive_7d,hormuz_tanker_capacity,fold_32,2665643.0,1805657.0,859986.0
2025-08-18,seasonal_naive_7d,hormuz_tanker_capacity,fold_33,2144480.0,2521965.0,-377485.0
2025-08-19,seasonal_naive_7d,hormuz_tanker_capacity,fold_33,4316194.0,3227213.0,1088981.0
2025-08-20,seasonal_naive_7d,hormuz_tanker_capacity,fold_33,2631654.0,2279216.0,352438.0
2025-08-21,seasonal_naive_7d,hormuz_tanker_capacity,fold_33,2479865.0,2816918.0,-337053.0
2025-08-22,seasonal_naive_7d,hormuz_tanker_capacity,fold_33,3195372.0,1388712.0,1806660.0
2025-08-23,seasonal_naive_7d,hormuz_tanker_capacity,fold_33,2899090.0,1850637.0,1048453.0
2025-08-24,seasonal_naive_7d,hormuz_tanker_capacity,fold_33,3411960.0,2665643.0,746317.0
2025-08-25,seasonal_naive_7d,hormuz_tanker_capacity,fold_33,2086984.0,2521965.0,-434981.0
2025-08-26,seasonal_naive_7d,hormuz_tanker_capacity,fold_33,1667814.0,3227213.0,-1559399.0
2025-08-27,seasonal_naive_7d,hormuz_tanker_capacity,fold_33,2929045.0,2279216.0,649829.0
2025-08-28,seasonal_naive_7d,hormuz_tanker_capacity,fold_33,2289529.0,2816918.0,-527389.0
2025-08-29,seasonal_naive_7d,hormuz_tanker_capacity,fold_33,3416770.0,1388712.0,2028058.0
2025-08-30,seasonal_naive_7d,hormuz_tanker_capacity,fold_33,3905491.0,1850637.0,2054854.0
2025-08-31,seasonal_naive_7d,hormuz_tanker_capacity,fold_33,3162921.0,2665643.0,497278.0
2025-09-01,seasonal_naive_7d,hormuz_tanker_capacity,fold_33,3235585.0,2521965.0,713620.0
2025-09-02,seasonal_naive_7d,hormuz_tanker_capacity,fold_33,1906566.0,3227213.0,-1320647.0
2025-09-03,seasonal_naive_7d,hormuz_tanker_capacity,fold_33,2429378.0,2279216.0,150162.0
2025-09-04,seasonal_naive_7d,hormuz_tanker_capacity,fold_33,1136592.0,2816918.0,-1680326.0
2025-09-05,seasonal_naive_7d,hormuz_tanker_capacity,fold_33,4471592.0,1388712.0,3082880.0
2025-09-06,seasonal_naive_7d,hormuz_tanker_capacity,fold_33,3071388.0,1850637.0,1220751.0
2025-09-07,seasonal_naive_7d,hormuz_tanker_capacity,fold_33,3178836.0,2665643.0,513193.0
2025-09-08,seasonal_naive_7d,hormuz_tanker_capacity,fold_33,2687850.0,2521965.0,165885.0
2025-09-09,seasonal_naive_7d,hormuz_tanker_capacity,fold_33,1990812.0,3227213.0,-1236401.0
2025-09-10,seasonal_naive_7d,hormuz_tanker_capacity,fold_33,2747988.0,2279216.0,468772.0
2025-09-11,seasonal_naive_7d,hormuz_tanker_capacity,fold_33,1821857.0,2816918.0,-995061.0
2025-09-12,seasonal_naive_7d,hormuz_tanker_capacity,fold_33,1208459.0,1388712.0,-180253.0
2025-09-13,seasonal_naive_7d,hormuz_tanker_capacity,fold_33,1671420.0,1850637.0,-179217.0
2025-09-14,seasonal_naive_7d,hormuz_tanker_capacity,fold_33,1339968.0,2665643.0,-1325675.0
2025-09-15,seasonal_naive_7d,hormuz_tanker_capacity,fold_33,911409.0,2521965.0,-1610556.0
2025-09-16,seasonal_naive_7d,hormuz_tanker_capacity,fold_33,1699926.0,3227213.0,-1527287.0
2025-09-17,seasonal_naive_7d,hormuz_tanker_capacity,fold_34,3174206.0,2747988.0,426218.0
2025-09-18,seasonal_naive_7d,hormuz_tanker_capacity,fold_34,2932554.0,1821857.0,1110697.0
2025-09-19,seasonal_naive_7d,hormuz_tanker_capacity,fold_34,1852708.0,1208459.0,644249.0
2025-09-20,seasonal_naive_7d,hormuz_tanker_capacity,fold_34,2166435.0,1671420.0,495015.0
2025-09-21,seasonal_naive_7d,hormuz_tanker_capacity,fold_34,1683122.0,1339968.0,343154.0
2025-09-22,seasonal_naive_7d,hormuz_tanker_capacity,fold_34,1067634.0,911409.0,156225.0
2025-09-23,seasonal_naive_7d,hormuz_tanker_capacity,fold_34,3058164.0,1699926.0,1358238.0
2025-09-24,seasonal_naive_7d,hormuz_tanker_capacity,fold_34,2236283.0,2747988.0,-511705.0
2025-09-25,seasonal_naive_7d,hormuz_tanker_capacity,fold_34,1745296.0,1821857.0,-76561.0
2025-09-26,seasonal_naive_7d,hormuz_tanker_capacity,fold_34,936954.0,1208459.0,-271505.0
2025-09-27,seasonal_naive_7d,hormuz_tanker_capacity,fold_34,2749108.0,1671420.0,1077688.0
2025-09-28,seasonal_naive_7d,hormuz_tanker_capacity,fold_34,3983107.0,1339968.0,2643139.0
2025-09-29,seasonal_naive_7d,hormuz_tanker_capacity,fold_34,1705959.0,911409.0,794550.0
2025-09-30,seasonal_naive_7d,hormuz_tanker_capacity,fold_34,3249270.0,1699926.0,1549344.0
2025-10-01,seasonal_naive_7d,hormuz_tanker_capacity,fold_34,3340995.0,2747988.0,593007.0
2025-10-02,seasonal_naive_7d,hormuz_tanker_capacity,fold_34,4499513.0,1821857.0,2677656.0
2025-10-03,seasonal_naive_7d,hormuz_tanker_capacity,fold_34,3787354.0,1208459.0,2578895.0
2025-10-04,seasonal_naive_7d,hormuz_tanker_capacity,fold_34,2487738.0,1671420.0,816318.0
2025-10-05,seasonal_naive_7d,hormuz_tanker_capacity,fold_34,3713327.0,1339968.0,2373359.0
2025-10-06,seasonal_naive_7d,hormuz_tanker_capacity,fold_34,2137777.0,911409.0,1226368.0
2025-10-07,seasonal_naive_7d,hormuz_tanker_capacity,fold_34,811976.0,1699926.0,-887950.0
2025-10-08,seasonal_naive_7d,hormuz_tanker_capacity,fold_34,1074042.0,2747988.0,-1673946.0
2025-10-09,seasonal_naive_7d,hormuz_tanker_capacity,fold_34,1793483.0,1821857.0,-28374.0
2025-10-10,seasonal_naive_7d,hormuz_tanker_capacity,fold_34,981963.0,1208459.0,-226496.0
2025-10-11,seasonal_naive_7d,hormuz_tanker_capacity,fold_34,933019.0,1671420.0,-738401.0
2025-10-12,seasonal_naive_7d,hormuz_tanker_capacity,fold_34,964918.0,1339968.0,-375050.0
2025-10-13,seasonal_naive_7d,hormuz_tanker_capacity,fold_34,1699831.0,911409.0,788422.0
2025-10-14,seasonal_naive_7d,hormuz_tanker_capacity,fold_34,4942766.0,1699926.0,3242840.0
2025-10-15,seasonal_naive_7d,hormuz_tanker_capacity,fold_34,1908487.0,2747988.0,-839501.0
2025-10-16,seasonal_naive_7d,hormuz_tanker_capacity,fold_34,1289034.0,1821857.0,-532823.0
2025-10-17,seasonal_naive_7d,hormuz_tanker_capacity,fold_35,1337493.0,981963.0,355530.0
2025-10-18,seasonal_naive_7d,hormuz_tanker_capacity,fold_35,1777863.0,933019.0,844844.0
2025-10-19,seasonal_naive_7d,hormuz_tanker_capacity,fold_35,2085315.0,964918.0,1120397.0
2025-10-20,seasonal_naive_7d,hormuz_tanker_capacity,fold_35,1738882.0,1699831.0,39051.0
2025-10-21,seasonal_naive_7d,hormuz_tanker_capacity,fold_35,1666895.0,4942766.0,-3275871.0
2025-10-22,seasonal_naive_7d,hormuz_tanker_capacity,fold_35,3167612.0,1908487.0,1259125.0
2025-10-23,seasonal_naive_7d,hormuz_tanker_capacity,fold_35,2645992.0,1289034.0,1356958.0
2025-10-24,seasonal_naive_7d,hormuz_tanker_capacity,fold_35,2434384.0,981963.0,1452421.0
2025-10-25,seasonal_naive_7d,hormuz_tanker_capacity,fold_35,3622719.0,933019.0,2689700.0
2025-10-26,seasonal_naive_7d,hormuz_tanker_capacity,fold_35,2548983.0,964918.0,1584065.0
2025-10-27,seasonal_naive_7d,hormuz_tanker_capacity,fold_35,2442008.0,1699831.0,742177.0
2025-10-28,seasonal_naive_7d,hormuz_tanker_capacity,fold_35,2979192.0,4942766.0,-1963574.0
2025-10-29,seasonal_naive_7d,hormuz_tanker_capacity,fold_35,2449676.0,1908487.0,541189.0
2025-10-30,seasonal_naive_7d,hormuz_tanker_capacity,fold_35,2134991.0,1289034.0,845957.0
2025-10-31,seasonal_naive_7d,hormuz_tanker_capacity,fold_35,4082819.0,981963.0,3100856.0
2025-11-01,seasonal_naive_7d,hormuz_tanker_capacity,fold_35,2064402.0,933019.0,1131383.0
2025-11-02,seasonal_naive_7d,hormuz_tanker_capacity,fold_35,1929112.0,964918.0,964194.0
2025-11-03,seasonal_naive_7d,hormuz_tanker_capacity,fold_35,438854.0,1699831.0,-1260977.0
2025-11-04,seasonal_naive_7d,hormuz_tanker_capacity,fold_35,1404930.0,4942766.0,-3537836.0
2025-11-05,seasonal_naive_7d,hormuz_tanker_capacity,fold_35,2510242.0,1908487.0,601755.0
2025-11-06,seasonal_naive_7d,hormuz_tanker_capacity,fold_35,2218214.0,1289034.0,929180.0
2025-11-07,seasonal_naive_7d,hormuz_tanker_capacity,fold_35,3135684.0,981963.0,2153721.0
2025-11-08,seasonal_naive_7d,hormuz_tanker_capacity,fold_35,3915654.0,933019.0,2982635.0
2025-11-09,seasonal_naive_7d,hormuz_tanker_capacity,fold_35,3482241.0,964918.0,2517323.0
2025-11-10,seasonal_naive_7d,hormuz_tanker_capacity,fold_35,2061760.0,1699831.0,361929.0
2025-11-11,seasonal_naive_7d,hormuz_tanker_capacity,fold_35,2256665.0,4942766.0,-2686101.0
2025-11-12,seasonal_naive_7d,hormuz_tanker_capacity,fold_35,1473268.0,1908487.0,-435219.0
2025-11-13,seasonal_naive_7d,hormuz_tanker_capacity,fold_35,2082408.0,1289034.0,793374.0
2025-11-14,seasonal_naive_7d,hormuz_tanker_capacity,fold_35,3242326.0,981963.0,2260363.0
2025-11-15,seasonal_naive_7d,hormuz_tanker_capacity,fold_35,2803891.0,933019.0,1870872.0
2025-11-16,seasonal_naive_7d,hormuz_tanker_capacity,fold_36,962361.0,3482241.0,-2519880.0
2025-11-17,seasonal_naive_7d,hormuz_tanker_capacity,fold_36,1353855.0,2061760.0,-707905.0
2025-11-18,seasonal_naive_7d,hormuz_tanker_capacity,fold_36,1821907.0,2256665.0,-434758.0
2025-11-19,seasonal_naive_7d,hormuz_tanker_capacity,fold_36,2280048.0,1473268.0,806780.0
2025-11-20,seasonal_naive_7d,hormuz_tanker_capacity,fold_36,2706942.0,2082408.0,624534.0
2025-11-21,seasonal_naive_7d,hormuz_tanker_capacity,fold_36,1675995.0,3242326.0,-1566331.0
2025-11-22,seasonal_naive_7d,hormuz_tanker_capacity,fold_36,1357911.0,2803891.0,-1445980.0
2025-11-23,seasonal_naive_7d,hormuz_tanker_capacity,fold_36,1141843.0,3482241.0,-2340398.0
2025-11-24,seasonal_naive_7d,hormuz_tanker_capacity,fold_36,1243561.0,2061760.0,-818199.0
2025-11-25,seasonal_naive_7d,hormuz_tanker_capacity,fold_36,1704153.0,2256665.0,-552512.0
2025-11-26,seasonal_naive_7d,hormuz_tanker_capacity,fold_36,1521052.0,1473268.0,47784.0
2025-11-27,seasonal_naive_7d,hormuz_tanker_capacity,fold_36,2125050.0,2082408.0,42642.0
2025-11-28,seasonal_naive_7d,hormuz_tanker_capacity,fold_36,1443139.0,3242326.0,-1799187.0
2025-11-29,seasonal_naive_7d,hormuz_tanker_capacity,fold_36,1142364.0,2803891.0,-1661527.0
2025-11-30,seasonal_naive_7d,hormuz_tanker_capacity,fold_36,2787210.0,3482241.0,-695031.0
2025-12-01,seasonal_naive_7d,hormuz_tanker_capacity,fold_36,3349927.0,2061760.0,1288167.0
2025-12-02,seasonal_naive_7d,hormuz_tanker_capacity,fold_36,1412492.0,2256665.0,-844173.0
2025-12-03,seasonal_naive_7d,hormuz_tanker_capacity,fold_36,1587414.0,1473268.0,114146.0
2025-12-04,seasonal_naive_7d,hormuz_tanker_capacity,fold_36,2109436.0,2082408.0,27028.0
2025-12-05,seasonal_naive_7d,hormuz_tanker_capacity,fold_36,1300447.0,3242326.0,-1941879.0
2025-12-06,seasonal_naive_7d,hormuz_tanker_capacity,fold_36,1955064.0,2803891.0,-848827.0
2025-12-07,seasonal_naive_7d,hormuz_tanker_capacity,fold_36,1517508.0,3482241.0,-1964733.0
2025-12-08,seasonal_naive_7d,hormuz_tanker_capacity,fold_36,1325305.0,2061760.0,-736455.0
2025-12-09,seasonal_naive_7d,hormuz_tanker_capacity,fold_36,1900812.0,2256665.0,-355853.0
2025-12-10,seasonal_naive_7d,hormuz_tanker_capacity,fold_36,1052150.0,1473268.0,-421118.0
2025-12-11,seasonal_naive_7d,hormuz_tanker_capacity,fold_36,2032889.0,2082408.0,-49519.0
2025-12-12,seasonal_naive_7d,hormuz_tanker_capacity,fold_36,1488358.0,3242326.0,-1753968.0
2025-12-13,seasonal_naive_7d,hormuz_tanker_capacity,fold_36,1809445.0,2803891.0,-994446.0
2025-12-14,seasonal_naive_7d,hormuz_tanker_capacity,fold_36,2544154.0,3482241.0,-938087.0
2025-12-15,seasonal_naive_7d,hormuz_tanker_capacity,fold_36,1423276.0,2061760.0,-638484.0
2025-12-16,seasonal_naive_7d,hormuz_tanker_capacity,fold_37,2001520.0,1900812.0,100708.0
2025-12-17,seasonal_naive_7d,hormuz_tanker_capacity,fold_37,1315910.0,1052150.0,263760.0
2025-12-18,seasonal_naive_7d,hormuz_tanker_capacity,fold_37,2204155.0,2032889.0,171266.0
2025-12-19,seasonal_naive_7d,hormuz_tanker_capacity,fold_37,1169346.0,1488358.0,-319012.0
2025-12-20,seasonal_naive_7d,hormuz_tanker_capacity,fold_37,1169573.0,1809445.0,-639872.0
2025-12-21,seasonal_naive_7d,hormuz_tanker_capacity,fold_37,1018482.0,2544154.0,-1525672.0
2025-12-22,seasonal_naive_7d,hormuz_tanker_capacity,fold_37,858100.0,1423276.0,-565176.0
2025-12-23,seasonal_naive_7d,hormuz_tanker_capacity,fold_37,1113473.0,1900812.0,-787339.0
2025-12-24,seasonal_naive_7d,hormuz_tanker_capacity,fold_37,1099189.0,1052150.0,47039.0
2025-12-25,seasonal_naive_7d,hormuz_tanker_capacity,fold_37,1149095.0,2032889.0,-883794.0
2025-12-26,seasonal_naive_7d,hormuz_tanker_capacity,fold_37,2503352.0,1488358.0,1014994.0
2025-12-27,seasonal_naive_7d,hormuz_tanker_capacity,fold_37,2021134.0,1809445.0,211689.0
2025-12-28,seasonal_naive_7d,hormuz_tanker_capacity,fold_37,1598548.0,2544154.0,-945606.0
2025-12-29,seasonal_naive_7d,hormuz_tanker_capacity,fold_37,802818.0,1423276.0,-620458.0
2025-12-30,seasonal_naive_7d,hormuz_tanker_capacity,fold_37,1766483.0,1900812.0,-134329.0
2025-12-31,seasonal_naive_7d,hormuz_tanker_capacity,fold_37,2166981.0,1052150.0,1114831.0
2026-01-01,seasonal_naive_7d,hormuz_tanker_capacity,fold_37,2297725.0,2032889.0,264836.0
2026-01-02,seasonal_naive_7d,hormuz_tanker_capacity,fold_37,1562902.0,1488358.0,74544.0
2026-01-03,seasonal_naive_7d,hormuz_tanker_capacity,fold_37,1011537.0,1809445.0,-797908.0
2026-01-04,seasonal_naive_7d,hormuz_tanker_capacity,fold_37,1414835.0,2544154.0,-1129319.0
2026-01-05,seasonal_naive_7d,hormuz_tanker_capacity,fold_37,1948403.0,1423276.0,525127.0
2026-01-06,seasonal_naive_7d,hormuz_tanker_capacity,fold_37,995188.0,1900812.0,-905624.0
2026-01-07,seasonal_naive_7d,hormuz_tanker_capacity,fold_37,2045098.0,1052150.0,992948.0
2026-01-08,seasonal_naive_7d,hormuz_tanker_capacity,fold_37,2536474.0,2032889.0,503585.0
2026-01-09,seasonal_naive_7d,hormuz_tanker_capacity,fold_37,3108586.0,1488358.0,1620228.0
2026-01-10,seasonal_naive_7d,hormuz_tanker_capacity,fold_37,1412672.0,1809445.0,-396773.0
2026-01-11,seasonal_naive_7d,hormuz_tanker_capacity,fold_37,2105864.0,2544154.0,-438290.0
2026-01-12,seasonal_naive_7d,hormuz_tanker_capacity,fold_37,1716419.0,1423276.0,293143.0
2026-01-13,seasonal_naive_7d,hormuz_tanker_capacity,fold_37,1143290.0,1900812.0,-757522.0
2026-01-14,seasonal_naive_7d,hormuz_tanker_capacity,fold_37,1636097.0,1052150.0,583947.0
2026-01-15,seasonal_naive_7d,hormuz_tanker_capacity,fold_38,2127519.0,2536474.0,-408955.0
2026-01-16,seasonal_naive_7d,hormuz_tanker_capacity,fold_38,1559037.0,3108586.0,-1549549.0
2026-01-17,seasonal_naive_7d,hormuz_tanker_capacity,fold_38,1213332.0,1412672.0,-199340.0
2026-01-18,seasonal_naive_7d,hormuz_tanker_capacity,fold_38,1341986.0,2105864.0,-763878.0
2026-01-19,seasonal_naive_7d,hormuz_tanker_capacity,fold_38,926797.0,1716419.0,-789622.0
2026-01-20,seasonal_naive_7d,hormuz_tanker_capacity,fold_38,1300282.0,1143290.0,156992.0
2026-01-21,seasonal_naive_7d,hormuz_tanker_capacity,fold_38,2520181.0,1636097.0,884084.0
2026-01-22,seasonal_naive_7d,hormuz_tanker_capacity,fold_38,1481859.0,2536474.0,-1054615.0
2026-01-23,seasonal_naive_7d,hormuz_tanker_capacity,fold_38,1357386.0,3108586.0,-1751200.0
2026-01-24,seasonal_naive_7d,hormuz_tanker_capacity,fold_38,907050.0,1412672.0,-505622.0
2026-01-25,seasonal_naive_7d,hormuz_tanker_capacity,fold_38,2790838.0,2105864.0,684974.0
2026-01-26,seasonal_naive_7d,hormuz_tanker_capacity,fold_38,1566326.0,1716419.0,-150093.0
2026-01-27,seasonal_naive_7d,hormuz_tanker_capacity,fold_38,1556260.0,1143290.0,412970.0
2026-01-28,seasonal_naive_7d,hormuz_tanker_capacity,fold_38,1791378.0,1636097.0,155281.0
2026-01-29,seasonal_naive_7d,hormuz_tanker_capacity,fold_38,2309923.0,2536474.0,-226551.0
2026-01-30,seasonal_naive_7d,hormuz_tanker_capacity,fold_38,1987117.0,3108586.0,-1121469.0
2026-01-31,seasonal_naive_7d,hormuz_tanker_capacity,fold_38,2228666.0,1412672.0,815994.0
2026-02-01,seasonal_naive_7d,hormuz_tanker_capacity,fold_38,1153914.0,2105864.0,-951950.0
2026-02-02,seasonal_naive_7d,hormuz_tanker_capacity,fold_38,2822308.0,1716419.0,1105889.0
2026-02-03,seasonal_naive_7d,hormuz_tanker_capacity,fold_38,1790511.0,1143290.0,647221.0
2026-02-04,seasonal_naive_7d,hormuz_tanker_capacity,fold_38,983924.0,1636097.0,-652173.0
2026-02-05,seasonal_naive_7d,hormuz_tanker_capacity,fold_38,1814047.0,2536474.0,-722427.0
2026-02-06,seasonal_naive_7d,hormuz_tanker_capacity,fold_38,2124033.0,3108586.0,-984553.0
2026-02-07,seasonal_naive_7d,hormuz_tanker_capacity,fold_38,2487346.0,1412672.0,1074674.0
2026-02-08,seasonal_naive_7d,hormuz_tanker_capacity,fold_38,1188475.0,2105864.0,-917389.0
2026-02-09,seasonal_naive_7d,hormuz_tanker_capacity,fold_38,1002564.0,1716419.0,-713855.0
2026-02-10,seasonal_naive_7d,hormuz_tanker_capacity,fold_38,2942094.0,1143290.0,1798804.0
2026-02-11,seasonal_naive_7d,hormuz_tanker_capacity,fold_38,1454258.0,1636097.0,-181839.0
2026-02-12,seasonal_naive_7d,hormuz_tanker_capacity,fold_38,1818114.0,2536474.0,-718360.0
2026-02-13,seasonal_naive_7d,hormuz_tanker_capacity,fold_38,2783046.0,3108586.0,-325540.0
2023-01-01,ar_lag1_7,hormuz_tanker_capacity,fold_01,3141243.0,2967618.1607188964,173624.83928110357
2023-01-02,ar_lag1_7,hormuz_tanker_capacity,fold_01,2938466.0,3056085.3370744875,-117619.33707448747
2023-01-03,ar_lag1_7,hormuz_tanker_capacity,fold_01,2760422.0,3040104.493068071,-279682.4930680711
2023-01-04,ar_lag1_7,hormuz_tanker_capacity,fold_01,4063870.0,3096255.4011997753,967614.5988002247
2023-01-05,ar_lag1_7,hormuz_tanker_capacity,fold_01,2022234.0,3154922.7491978006,-1132688.7491978006
2023-01-06,ar_lag1_7,hormuz_tanker_capacity,fold_01,2337082.0,3189365.1296120174,-852283.1296120174
2023-01-07,ar_lag1_7,hormuz_tanker_capacity,fold_01,3346647.0,3196840.8323761234,149806.1676238766
2023-01-08,ar_lag1_7,hormuz_tanker_capacity,fold_01,2861132.0,3157626.7274250044,-296494.72742500436
2023-01-09,ar_lag1_7,hormuz_tanker_capacity,fold_01,1708179.0,3100411.785824967,-1392232.785824967
2023-01-10,ar_lag1_7,hormuz_tanker_capacity,fold_01,1696284.0,3074618.8629635354,-1378334.8629635354
2023-01-11,ar_lag1_7,hormuz_tanker_capacity,fold_01,1883288.0,3102683.6791819413,-1219395.6791819413
2023-01-12,ar_lag1_7,hormuz_tanker_capacity,fold_01,1958713.0,3163763.100514152,-1205050.100514152
2023-01-13,ar_lag1_7,hormuz_tanker_capacity,fold_01,2244655.0,3212108.1817906303,-967453.1817906303
2023-01-14,ar_lag1_7,hormuz_tanker_capacity,fold_01,4633693.0,3211612.7158362516,1422080.2841637484
2023-01-15,ar_lag1_7,hormuz_tanker_capacity,fold_01,1873256.0,3162555.38075858,-1289299.3807585798
2023-01-16,ar_lag1_7,hormuz_tanker_capacity,fold_01,3240184.0,3101849.8991798586,138334.10082014138
2023-01-17,ar_lag1_7,hormuz_tanker_capacity,fold_01,3070881.0,3075271.983903529,-4390.9839035291225
2023-01-18,ar_lag1_7,hormuz_tanker_capacity,fold_01,2907996.0,3102880.248967786,-194884.24896778585
2023-01-19,ar_lag1_7,hormuz_tanker_capacity,fold_01,2048739.0,3163896.98041431,-1115157.98041431
2023-01-20,ar_lag1_7,hormuz_tanker_capacity,fold_01,2982778.0,3212380.2959257844,-229602.2959257844
2023-01-21,ar_lag1_7,hormuz_tanker_capacity,fold_01,2749758.0,3211825.465929507,-462067.4659295068
2023-01-22,ar_lag1_7,hormuz_tanker_capacity,fold_01,3662741.0,3162650.0831364854,500090.9168635146
2023-01-23,ar_lag1_7,hormuz_tanker_capacity,fold_01,2710989.0,3101883.8767817453,-390894.87678174535
2023-01-24,ar_lag1_7,hormuz_tanker_capacity,fold_01,2257143.0,3075285.658442767,-818142.6584427669
2023-01-25,ar_lag1_7,hormuz_tanker_capacity,fold_01,4441824.0,3102885.035205658,1338938.964794342
2023-01-26,ar_lag1_7,hormuz_tanker_capacity,fold_01,3022280.0,3163899.35979121,-141619.35979120992
2023-01-27,ar_lag1_7,hormuz_tanker_capacity,fold_01,1781374.0,3212383.7029071874,-1431009.7029071874
2023-01-28,ar_lag1_7,hormuz_tanker_capacity,fold_01,2938002.0,3211828.4304420687,-273826.4304420687
2023-01-29,ar_lag1_7,hormuz_tanker_capacity,fold_01,2742204.0,3162651.684334213,-420447.6843342129
2023-01-30,ar_lag1_7,hormuz_tanker_capacity,fold_01,2542514.0,3101884.555810921,-559370.5558109209
2023-01-31,ar_lag1_7,hormuz_tanker_capacity,fold_02,2376106.0,2924065.9525104216,-547959.9525104216
2023-02-01,ar_lag1_7,hormuz_tanker_capacity,fold_02,2663972.0,3079997.406305811,-416025.4063058109
2023-02-02,ar_lag1_7,hormuz_tanker_capacity,fold_02,2601079.0,3125688.8667659056,-524609.8667659056
2023-02-03,ar_lag1_7,hormuz_tanker_capacity,fold_02,3126421.0,3141877.617048594,-15456.61704859417
2023-02-04,ar_lag1_7,hormuz_tanker_capacity,fold_02,3034277.0,3171799.141088415,-137522.14108841494
2023-02-05,ar_lag1_7,hormuz_tanker_capacity,fold_02,2560133.0,3127421.09547578,-567288.0954757798
2023-02-06,ar_lag1_7,hormuz_tanker_capacity,fold_02,3342370.0,3061548.7768519083,280821.2231480917
2023-02-07,ar_lag1_7,hormuz_tanker_capacity,fold_02,2561128.0,3038876.7322167275,-477748.73221672745
2023-02-08,ar_lag1_7,hormuz_tanker_capacity,fold_02,3645018.0,3065610.4983707,579407.5016293
2023-02-09,ar_lag1_7,hormuz_tanker_capacity,fold_02,3132923.0,3125719.356403965,7203.643596034963
2023-02-10,ar_lag1_7,hormuz_tanker_capacity,fold_02,1870571.0,3177743.176784242,-1307172.176784242
2023-02-11,ar_lag1_7,hormuz_tanker_capacity,fold_02,1535288.0,3184680.3048454938,-1649392.3048454938
2023-02-12,ar_lag1_7,hormuz_tanker_capacity,fold_02,3181979.0,3139987.623850579,41991.37614942109
2023-02-13,ar_lag1_7,hormuz_tanker_capacity,fold_02,3507701.0,3077583.500055557,430117.4999444429
2023-02-14,ar_lag1_7,hormuz_tanker_capacity,fold_02,1727408.0,3044906.7165366844,-1317498.7165366844
2023-02-15,ar_lag1_7,hormuz_tanker_capacity,fold_02,1396110.0,3066360.9046008857,-1670250.9046008857
2023-02-16,ar_lag1_7,hormuz_tanker_capacity,fold_02,4326647.0,3125860.735651603,1200786.264348397
2023-02-17,ar_lag1_7,hormuz_tanker_capacity,fold_02,3672566.0,3178714.9980859305,493851.0019140695
2023-02-18,ar_lag1_7,hormuz_tanker_capacity,fold_02,2853705.0,3185201.8775465945,-331496.8775465945
2023-02-19,ar_lag1_7,hormuz_tanker_capacity,fold_02,1982634.0,3140416.5571870375,-1157782.5571870375
2023-02-20,ar_lag1_7,hormuz_tanker_capacity,fold_02,2263823.0,3078086.492910215,-814263.4929102152
2023-02-21,ar_lag1_7,hormuz_tanker_capacity,fold_02,1761053.0,3045159.880504214,-1284106.8805042142
2023-02-22,ar_lag1_7,hormuz_tanker_capacity,fold_02,3990638.0,3066428.1095233406,924209.8904766594
2023-02-23,ar_lag1_7,hormuz_tanker_capacity,fold_02,3165736.0,3125877.051772074,39858.94822792616
2023-02-24,ar_lag1_7,hormuz_tanker_capacity,fold_02,4736267.0,3178743.669675542,1557523.330324458
2023-02-25,ar_lag1_7,hormuz_tanker_capacity,fold_02,2705278.0,3185220.9961680835,-479942.9961680835
2023-02-26,ar_lag1_7,hormuz_tanker_capacity,fold_02,4430079.0,3140431.4444579096,1289647.5555420904
2023-02-27,ar_lag1_7,hormuz_tanker_capacity,fold_02,2999219.0,3078102.539554952,-78883.53955495218
2023-02-28,ar_lag1_7,hormuz_tanker_capacity,fold_02,3547560.0,3045169.5594040025,502390.4405959975
2023-03-01,ar_lag1_7,hormuz_tanker_capacity,fold_02,2705716.0,3066431.6940697725,-360715.6940697725
2023-03-02,ar_lag1_7,hormuz_tanker_capacity,fold_03,2391253.0,3060897.7792189405,-669644.7792189405
2023-03-03,ar_lag1_7,hormuz_tanker_capacity,fold_03,3551143.0,3196497.6699298234,354645.3300701766
2023-03-04,ar_lag1_7,hormuz_tanker_capacity,fold_03,2547650.0,3171356.43554995,-623706.4355499502
2023-03-05,ar_lag1_7,hormuz_tanker_capacity,fold_03,4123895.0,3144216.2893857225,979678.7106142775
2023-03-06,ar_lag1_7,hormuz_tanker_capacity,fold_03,2275103.0,3054195.2460953556,-779092.2460953556
2023-03-07,ar_lag1_7,hormuz_tanker_capacity,fold_03,3905339.0,3031439.24467639,873899.7553236098
2023-03-08,ar_lag1_7,hormuz_tanker_capacity,fold_03,3226421.0,3048207.3248129287,178213.67518707132
2023-03-09,ar_lag1_7,hormuz_tanker_capacity,fold_03,2622357.0,3120856.6961779883,-498499.6961779883
2023-03-10,ar_lag1_7,hormuz_tanker_capacity,fold_03,2284890.0,3178096.2834350867,-893206.2834350867
2023-03-11,ar_lag1_7,hormuz_tanker_capacity,fold_03,4141955.0,3176880.8002973427,965074.1997026573
2023-03-12,ar_lag1_7,hormuz_tanker_capacity,fold_03,3749260.0,3120791.4917084277,628468.5082915723
2023-03-13,ar_lag1_7,hormuz_tanker_capacity,fold_03,3207795.0,3051002.375240753,156792.62475924706
2023-03-14,ar_lag1_7,hormuz_tanker_capacity,fold_03,3748865.0,3021058.3661439377,727806.6338560623
2023-03-15,ar_lag1_7,hormuz_tanker_capacity,fold_03,2699861.0,3052834.9990975005,-352973.99909750046
2023-03-16,ar_lag1_7,hormuz_tanker_capacity,fold_03,3073175.0,3122832.6326552653,-49657.632655265275
2023-03-17,ar_lag1_7,hormuz_tanker_capacity,fold_03,1664847.0,3178104.1719095814,-1513257.1719095814
2023-03-18,ar_lag1_7,hormuz_tanker_capacity,fold_03,3270623.0,3176987.1585697704,93635.8414302296
2023-03-19,ar_lag1_7,hormuz_tanker_capacity,fold_03,3705906.0,3120365.7924805,585540.2075195
2023-03-20,ar_lag1_7,hormuz_tanker_capacity,fold_03,2971180.0,3050864.727929513,-79684.72792951297
2023-03-21,ar_lag1_7,hormuz_tanker_capacity,fold_03,1528713.0,3020836.2908966965,-1492123.2908966965
2023-03-22,ar_lag1_7,hormuz_tanker_capacity,fold_03,1996398.0,3052882.7292538043,-1056484.7292538043
2023-03-23,ar_lag1_7,hormuz_tanker_capacity,fold_03,2603874.0,3122878.797657503,-519004.7976575028
2023-03-24,ar_lag1_7,hormuz_tanker_capacity,fold_03,2271504.0,3178112.672126959,-906608.6721269591
2023-03-25,ar_lag1_7,hormuz_tanker_capacity,fold_03,1641434.0,3176990.716299416,-1535556.716299416
2023-03-26,ar_lag1_7,hormuz_tanker_capacity,fold_03,3265841.0,3120358.3501516134,145482.64984838665
2023-03-27,ar_lag1_7,hormuz_tanker_capacity,fold_03,2200155.0,3050860.767238885,-850705.7672388852
2023-03-28,ar_lag1_7,hormuz_tanker_capacity,fold_03,2321167.0,3020831.356320158,-699664.3563201581
2023-03-29,ar_lag1_7,hormuz_tanker_capacity,fold_03,2325626.0,3052882.74328215,-727256.74328215
2023-03-30,ar_lag1_7,hormuz_tanker_capacity,fold_03,3119592.0,3122879.6770664873,-3287.67706648726
2023-03-31,ar_lag1_7,hormuz_tanker_capacity,fold_03,3808337.0,3178112.9926511277,630224.0073488723
2023-04-01,ar_lag1_7,hormuz_tanker_capacity,fold_04,2770109.0,3227717.286516181,-457608.2865161812
2023-04-02,ar_lag1_7,hormuz_tanker_capacity,fold_04,3485074.0,3141496.022171861,343577.977828139
2023-04-03,ar_lag1_7,hormuz_tanker_capacity,fold_04,2264006.0,3021855.6741993125,-757849.6741993125
2023-04-04,ar_lag1_7,hormuz_tanker_capacity,fold_04,2227354.0,2973334.1450069137,-745980.1450069137
2023-04-05,ar_lag1_7,hormuz_tanker_capacity,fold_04,3119716.0,2987815.310581119,131900.6894188812
2023-04-06,ar_lag1_7,hormuz_tanker_capacity,fold_04,4378481.0,3081888.501998131,1296592.4980018688
2023-04-07,ar_lag1_7,hormuz_tanker_capacity,fold_04,2782762.0,3178035.2724866723,-395273.2724866723
2023-04-08,ar_lag1_7,hormuz_tanker_capacity,fold_04,3682520.0,3177521.500856462,504998.49914353807
2023-04-09,ar_lag1_7,hormuz_tanker_capacity,fold_04,3630071.0,3127733.112488585,502337.88751141494
2023-04-10,ar_lag1_7,hormuz_tanker_capacity,fold_04,2709065.0,3051421.1546683037,-342356.1546683037
2023-04-11,ar_lag1_7,hormuz_tanker_capacity,fold_04,3748348.0,3003993.7463703197,744354.2536296803
2023-04-12,ar_lag1_7,hormuz_tanker_capacity,fold_04,2841980.0,3019059.7482000077,-177079.7482000077
2023-04-13,ar_lag1_7,hormuz_tanker_capacity,fold_04,3918245.0,3085971.2233873275,832273.7766126725
2023-04-14,ar_lag1_7,hormuz_tanker_capacity,fold_04,2951958.0,3154206.1131224115,-202248.11312241154
2023-04-15,ar_lag1_7,hormuz_tanker_capacity,fold_04,2201418.0,3171332.0502051283,-969914.0502051283
2023-04-16,ar_lag1_7,hormuz_tanker_capacity,fold_04,3906170.0,3126097.207141355,780072.7928586449
2023-04-17,ar_lag1_7,hormuz_tanker_capacity,fold_04,2888816.0,3052282.2644266365,-163466.2644266365
2023-04-18,ar_lag1_7,hormuz_tanker_capacity,fold_04,3726015.0,3005341.1508783624,720673.8491216376
2023-04-19,ar_lag1_7,hormuz_tanker_capacity,fold_04,2813249.0,3020516.3412554055,-207267.34125540545
2023-04-20,ar_lag1_7,hormuz_tanker_capacity,fold_04,4694748.0,3086389.081795629,1608358.918204371
2023-04-21,ar_lag1_7,hormuz_tanker_capacity,fold_04,3901962.0,3153352.0491031082,748609.9508968918
2023-04-22,ar_lag1_7,hormuz_tanker_capacity,fold_04,4278590.0,3170939.1779689547,1107650.8220310453
2023-04-23,ar_lag1_7,hormuz_tanker_capacity,fold_04,3948958.0,3125963.67160781,822994.3283921899
2023-04-24,ar_lag1_7,hormuz_tanker_capacity,fold_04,2749883.0,3052292.0838856893,-302409.08388568927
2023-04-25,ar_lag1_7,hormuz_tanker_capacity,fold_04,3448866.0,3005395.3862628476,443470.6137371524
2023-04-26,ar_lag1_7,hormuz_tanker_capacity,fold_04,2273157.0,3020582.7221333105,-747425.7221333105
2023-04-27,ar_lag1_7,hormuz_tanker_capacity,fold_04,3105954.0,3086417.154846133,19536.8451538668
2023-04-28,ar_lag1_7,hormuz_tanker_capacity,fold_04,2088589.0,3153323.765483046,-1064734.765483046
2023-04-29,ar_lag1_7,hormuz_tanker_capacity,fold_04,3881570.0,3170918.8474463606,710651.1525536394
2023-04-30,ar_lag1_7,hormuz_tanker_capacity,fold_04,1978027.0,3125954.8571417755,-1147927.8571417755
2023-05-01,ar_lag1_7,hormuz_tanker_capacity,fold_05,4430493.0,2845066.637888113,1585426.362111887
2023-05-02,ar_lag1_7,hormuz_tanker_capacity,fold_05,2652509.0,2993759.0329285017,-341250.0329285017
2023-05-03,ar_lag1_7,hormuz_tanker_capacity,fold_05,3167245.0,2991404.1033287873,175840.89667121274
2023-05-04,ar_lag1_7,hormuz_tanker_capacity,fold_05,2095988.0,3097714.5185583415,-1001726.5185583415
2023-05-05,ar_lag1_7,hormuz_tanker_capacity,fold_05,2925990.0,3116670.127091677,-190680.12709167693
2023-05-06,ar_lag1_7,hormuz_tanker_capacity,fold_05,4169023.0,3205650.587154312,963372.4128456879
2023-05-07,ar_lag1_7,hormuz_tanker_capacity,fold_05,3110076.0,3073322.2000992135,36753.799900786486
2023-05-08,ar_lag1_7,hormuz_tanker_capacity,fold_05,4137207.0,3029016.028222668,1108190.971777332
2023-05-09,ar_lag1_7,hormuz_tanker_capacity,fold_05,3052630.0,3001591.8548874944,51038.14511250565
2023-05-10,ar_lag1_7,hormuz_tanker_capacity,fold_05,3634358.0,3027845.35033565,606512.6496643499
2023-05-11,ar_lag1_7,hormuz_tanker_capacity,fold_05,4456709.0,3103276.292141513,1353432.707858487
2023-05-12,ar_lag1_7,hormuz_tanker_capacity,fold_05,3089835.0,3167906.3824601998,-78071.38246019976
2023-05-13,ar_lag1_7,hormuz_tanker_capacity,fold_05,3252860.0,3180950.4128959295,71909.58710407047
2023-05-14,ar_lag1_7,hormuz_tanker_capacity,fold_05,3825284.0,3122895.057121478,702388.942878522
2023-05-15,ar_lag1_7,hormuz_tanker_capacity,fold_05,2780462.0,3046135.2119647968,-265673.21196479676
2023-05-16,ar_lag1_7,hormuz_tanker_capacity,fold_05,1608645.0,3004777.538562459,-1396132.538562459
2023-05-17,ar_lag1_7,hormuz_tanker_capacity,fold_05,4067596.0,3030150.662389957,1037445.3376100431
2023-05-18,ar_lag1_7,hormuz_tanker_capacity,fold_05,3358580.0,3103925.906813824,254654.09318617592
2023-05-19,ar_lag1_7,hormuz_tanker_capacity,fold_05,3475121.0,3170520.796646863,304600.2033531368
2023-05-20,ar_lag1_7,hormuz_tanker_capacity,fold_05,4065420.0,3180169.2650480676,885250.7349519324
2023-05-21,ar_lag1_7,hormuz_tanker_capacity,fold_05,1769237.0,3125193.842866602,-1355956.842866602
2023-05-22,ar_lag1_7,hormuz_tanker_capacity,fold_05,2459435.0,3047349.5078606484,-587914.5078606484
2023-05-23,ar_lag1_7,hormuz_tanker_capacity,fold_05,1125285.0,3005132.251102241,-1879847.2511022412
2023-05-24,ar_lag1_7,hormuz_tanker_capacity,fold_05,2378560.0,3030321.5735383565,-651761.5735383565
2023-05-25,ar_lag1_7,hormuz_tanker_capacity,fold_05,2814457.0,3103985.6828827434,-289528.6828827434
2023-05-26,ar_lag1_7,hormuz_tanker_capacity,fold_05,2448965.0,3170658.5602630777,-721693.5602630777
2023-05-27,ar_lag1_7,hormuz_tanker_capacity,fold_05,2617777.0,3180153.5775672756,-562376.5775672756
2023-05-28,ar_lag1_7,hormuz_tanker_capacity,fold_05,2109274.0,3125303.803371692,-1016029.8033716921
2023-05-29,ar_lag1_7,hormuz_tanker_capacity,fold_05,3550259.0,3047426.948698405,502832.0513015948
2023-05-30,ar_lag1_7,hormuz_tanker_capacity,fold_05,3035054.0,3005162.2910926943,29891.70890730573
2023-05-31,ar_lag1_7,hormuz_tanker_capacity,fold_06,3542017.0,2996412.4539073035,545604.5460926965
2023-06-01,ar_lag1_7,hormuz_tanker_capacity,fold_06,2944251.0,3084146.0348567246,-139895.03485672455
2023-06-02,ar_lag1_7,hormuz_tanker_capacity,fold_06,3022194.0,3132824.0836437135,-110630.0836437135
2023-06-03,ar_lag1_7,hormuz_tanker_capacity,fold_06,2130474.0,3147088.287258887,-1016614.2872588872
2023-06-04,ar_lag1_7,hormuz_tanker_capacity,fold_06,4256025.0,3064580.6587859266,1191444.3412140734
2023-06-05,ar_lag1_7,hormuz_tanker_capacity,fold_06,4930552.0,3059491.716168689,1871060.283831311
2023-06-06,ar_lag1_7,hormuz_tanker_capacity,fold_06,2797651.0,3002131.7886039126,-204480.78860391257
2023-06-07,ar_lag1_7,hormuz_tanker_capacity,fold_06,3065390.0,3024357.6301869974,41032.369813002646
2023-06-08,ar_lag1_7,hormuz_tanker_capacity,fold_06,2966420.0,3102926.798860702,-136506.7988607022
2023-06-09,ar_lag1_7,hormuz_tanker_capacity,fold_06,3660981.0,3172345.080819542,488635.91918045795
2023-06-10,ar_lag1_7,hormuz_tanker_capacity,fold_06,3507066.0,3181564.538456865,325501.4615431349
2023-06-11,ar_lag1_7,hormuz_tanker_capacity,fold_06,2781464.0,3121070.9005732564,-339606.9005732564
2023-06-12,ar_lag1_7,hormuz_tanker_capacity,fold_06,2704129.0,3042014.3745927573,-337885.3745927573
2023-06-13,ar_lag1_7,hormuz_tanker_capacity,fold_06,2258120.0,2997650.950663924,-739530.9506639242
2023-06-14,ar_lag1_7,hormuz_tanker_capacity,fold_06,2639941.0,3025156.1580279856,-385215.1580279856
2023-06-15,ar_lag1_7,hormuz_tanker_capacity,fold_06,4441258.0,3104056.1474395036,1337201.8525604964
2023-06-16,ar_lag1_7,hormuz_tanker_capacity,fold_06,3837976.0,3174635.8872115747,663340.1127884253
2023-06-17,ar_lag1_7,hormuz_tanker_capacity,fold_06,2682588.0,3183766.039139704,-501178.03913970385
2023-06-18,ar_lag1_7,hormuz_tanker_capacity,fold_06,3582741.0,3124436.671730941,458304.32826905884
2023-06-19,ar_lag1_7,hormuz_tanker_capacity,fold_06,2556783.0,3041602.6067831153,-484819.6067831153
2023-06-20,ar_lag1_7,hormuz_tanker_capacity,fold_06,2050222.0,2997347.0843343884,-947125.0843343884
2023-06-21,ar_lag1_7,hormuz_tanker_capacity,fold_06,2234129.0,3025151.623065321,-791022.6230653208
2023-06-22,ar_lag1_7,hormuz_tanker_capacity,fold_06,4224072.0,3104115.8833879437,1119956.1166120563
2023-06-23,ar_lag1_7,hormuz_tanker_capacity,fold_06,3102763.0,3174767.7814083495,-72004.78140834952
2023-06-24,ar_lag1_7,hormuz_tanker_capacity,fold_06,4681026.0,3183904.379163853,1497121.620836147
2023-06-25,ar_lag1_7,hormuz_tanker_capacity,fold_06,3225487.0,3124638.3249201174,100848.67507988261
2023-06-26,ar_lag1_7,hormuz_tanker_capacity,fold_06,3008044.0,3041611.9398132265,-33567.93981322646
2023-06-27,ar_lag1_7,hormuz_tanker_capacity,fold_06,2793046.0,2997332.2736603213,-204286.27366032125
2023-06-28,ar_lag1_7,hormuz_tanker_capacity,fold_06,3150994.0,3025149.076322859,125844.92367714085
2023-06-29,ar_lag1_7,hormuz_tanker_capacity,fold_06,3972057.0,3104118.684200655,867938.3157993448
2023-06-30,ar_lag1_7,hormuz_tanker_capacity,fold_07,1787611.0,3322731.118147203,-1535120.1181472028
2023-07-01,ar_lag1_7,hormuz_tanker_capacity,fold_07,2862372.0,3304702.013979787,-442330.013979787
2023-07-02,ar_lag1_7,hormuz_tanker_capacity,fold_07,4199883.0,3153849.256987371,1046033.743012629
2023-07-03,ar_lag1_7,hormuz_tanker_capacity,fold_07,4396761.0,3039540.488751815,1357220.5112481848
2023-07-04,ar_lag1_7,hormuz_tanker_capacity,fold_07,2884533.0,2979706.683684346,-95173.6836843458
2023-07-05,ar_lag1_7,hormuz_tanker_capacity,fold_07,4898618.0,3031425.8476863764,1867192.1523136236
2023-07-06,ar_lag1_7,hormuz_tanker_capacity,fold_07,2693377.0,3166322.145730444,-472945.14573044423
2023-07-07,ar_lag1_7,hormuz_tanker_capacity,fold_07,3338484.0,3212413.344636151,126070.6553638489
2023-07-08,ar_lag1_7,hormuz_tanker_capacity,fold_07,2783748.0,3212596.1361400546,-428848.13614005456
2023-07-09,ar_lag1_7,hormuz_tanker_capacity,fold_07,2399992.0,3135939.717587508,-735947.7175875078
2023-07-10,ar_lag1_7,hormuz_tanker_capacity,fold_07,3891305.0,3038545.1123478394,852759.8876521606
2023-07-11,ar_lag1_7,hormuz_tanker_capacity,fold_07,4127397.0,2989775.0618330436,1137621.9381669564
2023-07-12,ar_lag1_7,hormuz_tanker_capacity,fold_07,1686366.0,3026408.58575804,-1340042.5857580402
2023-07-13,ar_lag1_7,hormuz_tanker_capacity,fold_07,3953893.0,3121446.8071085303,832446.1928914697
2023-07-14,ar_lag1_7,hormuz_tanker_capacity,fold_07,3502551.0,3199558.6467936174,302992.3532063826
2023-07-15,ar_lag1_7,hormuz_tanker_capacity,fold_07,3179714.0,3205601.2595151397,-25887.25951513974
2023-07-16,ar_lag1_7,hormuz_tanker_capacity,fold_07,2974464.0,3133896.9240495763,-159432.92404957628
2023-07-17,ar_lag1_7,hormuz_tanker_capacity,fold_07,3609772.0,3038180.392569962,571591.607430038
2023-07-18,ar_lag1_7,hormuz_tanker_capacity,fold_07,2298885.0,2990270.911070233,-691385.9110702332
2023-07-19,ar_lag1_7,hormuz_tanker_capacity,fold_07,1886191.0,3026209.19514943,-1140018.19514943
2023-07-20,ar_lag1_7,hormuz_tanker_capacity,fold_07,4540307.0,3118959.634583249,1421347.3654167508
2023-07-21,ar_lag1_7,hormuz_tanker_capacity,fold_07,2965342.0,3198477.153197089,-233135.1531970892
2023-07-22,ar_lag1_7,hormuz_tanker_capacity,fold_07,2691394.0,3205054.056772082,-513660.0567720821
2023-07-23,ar_lag1_7,hormuz_tanker_capacity,fold_07,2692469.0,3133701.9830197277,-441232.98301972775
2023-07-24,ar_lag1_7,hormuz_tanker_capacity,fold_07,3966516.0,3038130.8202012563,928385.1797987437
2023-07-25,ar_lag1_7,hormuz_tanker_capacity,fold_07,2294501.0,2990290.5302786264,-695789.5302786264
2023-07-26,ar_lag1_7,hormuz_tanker_capacity,fold_07,1529898.0,3026201.2580778077,-1496303.2580778077
2023-07-27,ar_lag1_7,hormuz_tanker_capacity,fold_07,3057441.0,3118822.258329593,-61381.25832959311
2023-07-28,ar_lag1_7,hormuz_tanker_capacity,fold_07,2600680.0,3198397.079904325,-597717.0799043248
2023-07-29,ar_lag1_7,hormuz_tanker_capacity,fold_07,1163691.0,3205011.937688148,-2041320.937688148
2023-07-30,ar_lag1_7,hormuz_tanker_capacity,fold_08,2528410.0,2827815.1036770223,-299405.10367702227
2023-07-31,ar_lag1_7,hormuz_tanker_capacity,fold_08,3940730.0,3063155.081733871,877574.9182661292
2023-08-01,ar_lag1_7,hormuz_tanker_capacity,fold_08,2979490.0,2962100.834497761,17389.16550223902
2023-08-02,ar_lag1_7,hormuz_tanker_capacity,fold_08,1894108.0,2930928.462146686,-1036820.4621466859
2023-08-03,ar_lag1_7,hormuz_tanker_capacity,fold_08,3504411.0,3087126.9751492874,417284.0248507126
2023-08-04,ar_lag1_7,hormuz_tanker_capacity,fold_08,2675935.0,3136157.688420237,-460222.68842023704
2023-08-05,ar_lag1_7,hormuz_tanker_capacity,fold_08,2365948.0,3057087.4978241706,-691139.4978241706
2023-08-06,ar_lag1_7,hormuz_tanker_capacity,fold_08,3184994.0,3093640.7606708393,91353.23932916066
2023-08-07,ar_lag1_7,hormuz_tanker_capacity,fold_08,2492795.0,3044503.146321167,-551708.1463211668
2023-08-08,ar_lag1_7,hormuz_tanker_capacity,fold_08,2803223.0,3000075.8348755706,-196852.8348755706
2023-08-09,ar_lag1_7,hormuz_tanker_capacity,fold_08,2285632.0,3021115.6652950007,-735483.6652950007
2023-08-10,ar_lag1_7,hormuz_tanker_capacity,fold_08,2966042.0,3101199.1609232663,-135157.16092326632
2023-08-11,ar_lag1_7,hormuz_tanker_capacity,fold_08,3522202.0,3170567.352211788,351634.64778821217
2023-08-12,ar_lag1_7,hormuz_tanker_capacity,fold_08,4107095.0,3176668.438194509,930426.5618054909
2023-08-13,ar_lag1_7,hormuz_tanker_capacity,fold_08,3584557.0,3126042.151825482,458514.848174518
2023-08-14,ar_lag1_7,hormuz_tanker_capacity,fold_08,3079828.0,3047779.7467157072,32048.25328429276
2023-08-15,ar_lag1_7,hormuz_tanker_capacity,fold_08,2176198.0,3002826.125409676,-826628.1254096762
2023-08-16,ar_lag1_7,hormuz_tanker_capacity,fold_08,2588348.0,3026962.801899472,-438614.8018994718
2023-08-17,ar_lag1_7,hormuz_tanker_capacity,fold_08,2826402.0,3102848.671431963,-276446.67143196287
2023-08-18,ar_lag1_7,hormuz_tanker_capacity,fold_08,3783013.0,3172879.9041394773,610133.0958605227
2023-08-19,ar_lag1_7,hormuz_tanker_capacity,fold_08,3579655.0,3184239.7517739157,395415.2482260843
2023-08-20,ar_lag1_7,hormuz_tanker_capacity,fold_08,3781747.0,3129038.543765836,652708.4562341641
2023-08-21,ar_lag1_7,hormuz_tanker_capacity,fold_08,2779080.0,3048386.2684977194,-269306.26849771943
2023-08-22,ar_lag1_7,hormuz_tanker_capacity,fold_08,3252371.0,3003075.5468612383,249295.4531387617
2023-08-23,ar_lag1_7,hormuz_tanker_capacity,fold_08,2877438.0,3027351.566465788,-149913.56646578806
2023-08-24,ar_lag1_7,hormuz_tanker_capacity,fold_08,2171189.0,3103001.665272218,-931812.6652722182
2023-08-25,ar_lag1_7,hormuz_tanker_capacity,fold_08,2245226.0,3173041.055545071,-927815.0555450711
2023-08-26,ar_lag1_7,hormuz_tanker_capacity,fold_08,3320936.0,3184721.136740546,136214.8632594538
2023-08-27,ar_lag1_7,hormuz_tanker_capacity,fold_08,1910172.0,3129285.873779196,-1219113.8737791958
2023-08-28,ar_lag1_7,hormuz_tanker_capacity,fold_08,3633623.0,3048456.726075398,585166.2739246022
2023-08-29,ar_lag1_7,hormuz_tanker_capacity,fold_09,2519718.0,3088586.468749961,-568868.4687499609
2023-08-30,ar_lag1_7,hormuz_tanker_capacity,fold_09,2242978.0,3013204.4420925966,-770226.4420925966
2023-08-31,ar_lag1_7,hormuz_tanker_capacity,fold_09,1814292.0,3025625.891886913,-1211333.8918869132
2023-09-01,ar_lag1_7,hormuz_tanker_capacity,fold_09,1256677.0,3096433.7745837164,-1839756.7745837164
2023-09-02,ar_lag1_7,hormuz_tanker_capacity,fold_09,2046525.0,3188337.0578510915,-1141812.0578510915
2023-09-03,ar_lag1_7,hormuz_tanker_capacity,fold_09,2749574.0,3053205.1616770374,-303631.16167703737
2023-09-04,ar_lag1_7,hormuz_tanker_capacity,fold_09,2467161.0,3076849.1920249364,-609688.1920249364
2023-09-05,ar_lag1_7,hormuz_tanker_capacity,fold_09,3342639.0,3002277.689048425,340361.3109515752
2023-09-06,ar_lag1_7,hormuz_tanker_capacity,fold_09,3994780.0,3010722.3899542196,984057.6100457804
2023-09-07,ar_lag1_7,hormuz_tanker_capacity,fold_09,3705777.0,3083066.6495617474,622710.3504382526
2023-09-08,ar_lag1_7,hormuz_tanker_capacity,fold_09,3566045.0,3161753.2283774237,404291.7716225763
2023-09-09,ar_lag1_7,hormuz_tanker_capacity,fold_09,2836321.0,3188197.118809638,-351876.1188096381
2023-09-10,ar_lag1_7,hormuz_tanker_capacity,fold_09,2150468.0,3130476.9794353633,-980008.9794353633
2023-09-11,ar_lag1_7,hormuz_tanker_capacity,fold_09,3501939.0,3049642.043152953,452296.95684704697
2023-09-12,ar_lag1_7,hormuz_tanker_capacity,fold_09,1740118.0,2992765.223009809,-1252647.223009809
2023-09-13,ar_lag1_7,hormuz_tanker_capacity,fold_09,3557952.0,3009269.187971996,548682.8120280039
2023-09-14,ar_lag1_7,hormuz_tanker_capacity,fold_09,5018863.0,3086754.371190414,1932108.6288095862
2023-09-15,ar_lag1_7,hormuz_tanker_capacity,fold_09,1764500.0,3166668.3645825093,-1402168.3645825093
2023-09-16,ar_lag1_7,hormuz_tanker_capacity,fold_09,2290475.0,3188851.812089496,-898376.8120894958
2023-09-17,ar_lag1_7,hormuz_tanker_capacity,fold_09,2281987.0,3135790.485458044,-853803.4854580439
2023-09-18,ar_lag1_7,hormuz_tanker_capacity,fold_09,3387634.0,3048520.309100656,339113.69089934416
2023-09-19,ar_lag1_7,hormuz_tanker_capacity,fold_09,3432396.0,2991970.4259731453,440425.5740268547
2023-09-20,ar_lag1_7,hormuz_tanker_capacity,fold_09,4234171.0,3009063.527316639,1225107.4726833608
2023-09-21,ar_lag1_7,hormuz_tanker_capacity,fold_09,1919939.0,3086975.9413209083,-1167036.9413209083
2023-09-22,ar_lag1_7,hormuz_tanker_capacity,fold_09,1747663.0,3167030.6606135317,-1419367.6606135317
2023-09-23,ar_lag1_7,hormuz_tanker_capacity,fold_09,2289506.0,3188945.0368821267,-899439.0368821267
2023-09-24,ar_lag1_7,hormuz_tanker_capacity,fold_09,2239462.0,3136162.376234024,-896700.3762340238
2023-09-25,ar_lag1_7,hormuz_tanker_capacity,fold_09,2946230.0,3048494.7101899325,-102264.71018993249
2023-09-26,ar_lag1_7,hormuz_tanker_capacity,fold_09,2294702.0,2991913.2235722747,-697211.2235722747
2023-09-27,ar_lag1_7,hormuz_tanker_capacity,fold_09,3395128.0,3009041.891303073,386086.10869692685
2023-09-28,ar_lag1_7,hormuz_tanker_capacity,fold_10,2523881.0,3052096.834468344,-528215.8344683442
2023-09-29,ar_lag1_7,hormuz_tanker_capacity,fold_10,3281975.0,3033625.4726618924,248349.52733810758
2023-09-30,ar_lag1_7,hormuz_tanker_capacity,fold_10,2595484.0,3069882.6207997366,-474398.6207997366
2023-10-01,ar_lag1_7,hormuz_tanker_capacity,fold_10,3034634.0,3028741.3263118854,5892.673688114621
2023-10-02,ar_lag1_7,hormuz_tanker_capacity,fold_10,2709561.0,3018993.500285254,-309432.50028525386
2023-10-03,ar_lag1_7,hormuz_tanker_capacity,fold_10,3268028.0,2946965.557942905,321062.442057095
2023-10-04,ar_lag1_7,hormuz_tanker_capacity,fold_10,2407648.0,3038093.612648993,-630445.6126489928
2023-10-05,ar_lag1_7,hormuz_tanker_capacity,fold_10,3212601.0,3080668.6863179444,131932.31368205557
2023-10-06,ar_lag1_7,hormuz_tanker_capacity,fold_10,4314111.0,3128992.5134503543,1185118.4865496457
2023-10-07,ar_lag1_7,hormuz_tanker_capacity,fold_10,2688339.0,3139063.719541204,-450724.71954120416
2023-10-08,ar_lag1_7,hormuz_tanker_capacity,fold_10,3452036.0,3094758.96569248,357277.0343075199
2023-10-09,ar_lag1_7,hormuz_tanker_capacity,fold_10,3753567.0,3033723.0037380834,719843.9962619166
2023-10-10,ar_lag1_7,hormuz_tanker_capacity,fold_10,2633335.0,2995371.85251814,-362036.8525181399
2023-10-11,ar_lag1_7,hormuz_tanker_capacity,fold_10,2519862.0,3019780.8944274094,-499918.8944274094
2023-10-12,ar_lag1_7,hormuz_tanker_capacity,fold_10,2178623.0,3080041.5902027483,-901418.5902027483
2023-10-13,ar_lag1_7,hormuz_tanker_capacity,fold_10,1844039.0,3135666.9737902507,-1291627.9737902507
2023-10-14,ar_lag1_7,hormuz_tanker_capacity,fold_10,3425232.0,3144938.7314915387,280293.2685084613
2023-10-15,ar_lag1_7,hormuz_tanker_capacity,fold_10,3876657.0,3100293.7010035566,776363.2989964434
2023-10-16,ar_lag1_7,hormuz_tanker_capacity,fold_10,2656976.0,3035570.0412240173,-378594.0412240173
2023-10-17,ar_lag1_7,hormuz_tanker_capacity,fold_10,1207586.0,2999073.4808429102,-1791487.4808429102
2023-10-18,ar_lag1_7,hormuz_tanker_capacity,fold_10,3043765.0,3019018.2505901856,24746.749409814365
2023-10-19,ar_lag1_7,hormuz_tanker_capacity,fold_10,4219257.0,3079886.5772291683,1139370.4227708317
2023-10-20,ar_lag1_7,hormuz_tanker_capacity,fold_10,3177047.0,3136117.994972208,40929.00502779195
2023-10-21,ar_lag1_7,hormuz_tanker_capacity,fold_10,2474071.0,3145420.86972905,-671349.86972905
2023-10-22,ar_lag1_7,hormuz_tanker_capacity,fold_10,2351101.0,3100756.209662118,-749655.209662118
2023-10-23,ar_lag1_7,hormuz_tanker_capacity,fold_10,2272067.0,3035768.0995794525,-763701.0995794525
2023-10-24,ar_lag1_7,hormuz_tanker_capacity,fold_10,2269760.0,2999364.778303724,-729604.7783037238
2023-10-25,ar_lag1_7,hormuz_tanker_capacity,fold_10,2329104.0,3019006.3651055843,-689902.3651055843
2023-10-26,ar_lag1_7,hormuz_tanker_capacity,fold_10,894073.0,3079873.85808796,-2185800.85808796
2023-10-27,ar_lag1_7,hormuz_tanker_capacity,fold_10,1944925.0,3136148.1471065045,-1191223.1471065045
2023-10-28,ar_lag1_7,hormuz_tanker_capacity,fold_11,1655734.0,2916466.4204559666,-1260732.4204559666
2023-10-29,ar_lag1_7,hormuz_tanker_capacity,fold_11,2055946.0,3016878.2173594018,-960932.2173594018
2023-10-30,ar_lag1_7,hormuz_tanker_capacity,fold_11,3765395.0,2967878.5518326377,797516.4481673623
2023-10-31,ar_lag1_7,hormuz_tanker_capacity,fold_11,3627066.0,2927890.17607869,699175.8239213098
2023-11-01,ar_lag1_7,hormuz_tanker_capacity,fold_11,2527510.0,2944775.6366678523,-417265.6366678523
2023-11-02,ar_lag1_7,hormuz_tanker_capacity,fold_11,1664167.0,2917012.22745568,-1252845.2274556798
2023-11-03,ar_lag1_7,hormuz_tanker_capacity,fold_11,2126743.0,3027436.2848322685,-900693.2848322685
2023-11-04,ar_lag1_7,hormuz_tanker_capacity,fold_11,1292319.0,3110453.013332467,-1818134.013332467
2023-11-05,ar_lag1_7,hormuz_tanker_capacity,fold_11,2077133.0,3087167.8369947406,-1010034.8369947406
2023-11-06,ar_lag1_7,hormuz_tanker_capacity,fold_11,2076666.0,3020883.104395521,-944217.1043955209
2023-11-07,ar_lag1_7,hormuz_tanker_capacity,fold_11,1014890.0,2975942.5918312212,-1961052.5918312212
2023-11-08,ar_lag1_7,hormuz_tanker_capacity,fold_11,2364394.0,2989491.3004223066,-625097.3004223066
2023-11-09,ar_lag1_7,hormuz_tanker_capacity,fold_11,2264850.0,3046457.5384231224,-781607.5384231224
2023-11-10,ar_lag1_7,hormuz_tanker_capacity,fold_11,2799288.0,3113001.4140107394,-313713.4140107394
2023-11-11,ar_lag1_7,hormuz_tanker_capacity,fold_11,3672758.0,3135418.8329740935,537339.1670259065
2023-11-12,ar_lag1_7,hormuz_tanker_capacity,fold_11,3107665.0,3095281.467186703,12383.532813297119
2023-11-13,ar_lag1_7,hormuz_tanker_capacity,fold_11,2365075.0,3025346.9564955425,-660271.9564955425
2023-11-14,ar_lag1_7,hormuz_tanker_capacity,fold_11,4192408.0,2979542.7787442156,1212865.2212557844
2023-11-15,ar_lag1_7,hormuz_tanker_capacity,fold_11,1464002.0,2992755.9752986724,-1528753.9752986724
2023-11-16,ar_lag1_7,hormuz_tanker_capacity,fold_11,2592078.0,3054802.8789123376,-462724.8789123376
2023-11-17,ar_lag1_7,hormuz_tanker_capacity,fold_11,2534031.0,3119473.403958421,-585442.4039584212
2023-11-18,ar_lag1_7,hormuz_tanker_capacity,fold_11,2292146.0,3137930.7003550935,-845784.7003550935
2023-11-19,ar_lag1_7,hormuz_tanker_capacity,fold_11,1278090.0,3096160.8945550094,-1818070.8945550094
2023-11-20,ar_lag1_7,hormuz_tanker_capacity,fold_11,1442930.0,3025753.1768186535,-1582823.1768186535
2023-11-21,ar_lag1_7,hormuz_tanker_capacity,fold_11,2160121.0,2979823.5981865814,-819702.5981865814
2023-11-22,ar_lag1_7,hormuz_tanker_capacity,fold_11,1223317.0,2992997.103605253,-1769680.1036052532
2023-11-23,ar_lag1_7,hormuz_tanker_capacity,fold_11,937892.0,3055345.637562845,-2117453.637562845
2023-11-24,ar_lag1_7,hormuz_tanker_capacity,fold_11,1779344.0,3119949.2700515487,-1340605.2700515487
2023-11-25,ar_lag1_7,hormuz_tanker_capacity,fold_11,2336066.0,3138156.351477126,-802090.3514771261
2023-11-26,ar_lag1_7,hormuz_tanker_capacity,fold_11,3577174.0,3096249.0164272366,480924.9835727634
2023-11-27,ar_lag1_7,hormuz_tanker_capacity,fold_12,2616653.0,2990918.181176804,-374265.181176804
2023-11-28,ar_lag1_7,hormuz_tanker_capacity,fold_12,2655951.0,2897008.858512834,-241057.85851283418
2023-11-29,ar_lag1_7,hormuz_tanker_capacity,fold_12,2639475.0,2825548.081742589,-186073.0817425889
2023-11-30,ar_lag1_7,hormuz_tanker_capacity,fold_12,2070994.0,2840159.21739879,-769165.2173987902
2023-12-01,ar_lag1_7,hormuz_tanker_capacity,fold_12,1831329.0,2950042.9579215865,-1118713.9579215865
2023-12-02,ar_lag1_7,hormuz_tanker_capacity,fold_12,1908841.0,3021544.9607795533,-1112703.9607795533
2023-12-03,ar_lag1_7,hormuz_tanker_capacity,fold_12,3871351.0,3088849.0978214033,782501.9021785967
2023-12-04,ar_lag1_7,hormuz_tanker_capacity,fold_12,2794981.0,3007015.372389602,-212034.372389602
2023-12-05,ar_lag1_7,hormuz_tanker_capacity,fold_12,3046375.0,2951928.545734242,94446.45426575793
2023-12-06,ar_lag1_7,hormuz_tanker_capacity,fold_12,2417967.0,2948748.3244608077,-530781.3244608077
2023-12-07,ar_lag1_7,hormuz_tanker_capacity,fold_12,3552027.0,2997456.7846063846,554570.2153936154
2023-12-08,ar_lag1_7,hormuz_tanker_capacity,fold_12,703313.0,3062338.5601470442,-2359025.5601470442
2023-12-09,ar_lag1_7,hormuz_tanker_capacity,fold_12,2318097.0,3091136.6482532285,-773039.6482532285
2023-12-10,ar_lag1_7,hormuz_tanker_capacity,fold_12,1474713.0,3067714.060488834,-1593001.060488834
2023-12-11,ar_lag1_7,hormuz_tanker_capacity,fold_12,1818775.0,3004129.8785059997,-1185354.8785059997
2023-12-12,ar_lag1_7,hormuz_tanker_capacity,fold_12,2297669.0,2955244.9586641192,-657575.9586641192
2023-12-13,ar_lag1_7,hormuz_tanker_capacity,fold_12,1085290.0,2958049.197352006,-1872759.197352006
2023-12-14,ar_lag1_7,hormuz_tanker_capacity,fold_12,2238260.0,3010295.0980760893,-772035.0980760893
2023-12-15,ar_lag1_7,hormuz_tanker_capacity,fold_12,2455996.0,3072682.3825469655,-616686.3825469655
2023-12-16,ar_lag1_7,hormuz_tanker_capacity,fold_12,1359534.0,3098000.8718051296,-1738466.8718051296
2023-12-17,ar_lag1_7,hormuz_tanker_capacity,fold_12,1775413.0,3067531.7391757127,-1292118.7391757127
2023-12-18,ar_lag1_7,hormuz_tanker_capacity,fold_12,1970018.0,3003892.144911712,-1033874.144911712
2023-12-19,ar_lag1_7,hormuz_tanker_capacity,fold_12,726558.0,2955433.1546601155,-2228875.1546601155
2023-12-20,ar_lag1_7,hormuz_tanker_capacity,fold_12,2422926.0,2958739.536169841,-535813.536169841
2023-12-21,ar_lag1_7,hormuz_tanker_capacity,fold_12,1634620.0,3011329.8586628144,-1376709.8586628144
2023-12-22,ar_lag1_7,hormuz_tanker_capacity,fold_12,1289960.0,3073607.074996178,-1783647.074996178
2023-12-23,ar_lag1_7,hormuz_tanker_capacity,fold_12,2544820.0,3098659.7572738086,-553839.7572738086
2023-12-24,ar_lag1_7,hormuz_tanker_capacity,fold_12,2283897.0,3067644.1802943507,-783747.1802943507
2023-12-25,ar_lag1_7,hormuz_tanker_capacity,fold_12,3263118.0,3003896.792320567,259221.20767943282
2023-12-26,ar_lag1_7,hormuz_tanker_capacity,fold_12,2694782.0,2955447.2827285435,-260665.2827285435
2023-12-27,ar_lag1_7,hormuz_tanker_capacity,fold_13,2169194.0,2830275.0621779365,-661081.0621779365
2023-12-28,ar_lag1_7,hormuz_tanker_capacity,fold_13,3076405.0,2823045.075168705,253359.92483129492
2023-12-29,ar_lag1_7,hormuz_tanker_capacity,fold_13,1929778.0,2830640.9941696613,-900862.9941696613
2023-12-30,ar_lag1_7,hormuz_tanker_capacity,fold_13,2020779.0,2965208.907396134,-944429.907396134
2023-12-31,ar_lag1_7,hormuz_tanker_capacity,fold_13,2907125.0,2942152.56463818,-35027.56463818019
2024-01-01,ar_lag1_7,hormuz_tanker_capacity,fold_13,2652578.0,2985651.3776521324,-333073.3776521324
2024-01-02,ar_lag1_7,hormuz_tanker_capacity,fold_13,2557152.0,2909878.400690996,-352726.4006909961
2024-01-03,ar_lag1_7,hormuz_tanker_capacity,fold_13,3246564.0,2914505.7451563585,332058.25484364154
2024-01-04,ar_lag1_7,hormuz_tanker_capacity,fold_13,2229185.0,2954648.082644772,-725463.0826447718
2024-01-05,ar_lag1_7,hormuz_tanker_capacity,fold_13,2717910.0,3005958.87435767,-288048.8743576701
2024-01-06,ar_lag1_7,hormuz_tanker_capacity,fold_13,2820336.0,3042332.811658287,-221996.81165828696
2024-01-07,ar_lag1_7,hormuz_tanker_capacity,fold_13,2670911.0,3021447.004853577,-350536.0048535769
2024-01-08,ar_lag1_7,hormuz_tanker_capacity,fold_13,1900380.0,2975714.8823079844,-1075334.8823079844
2024-01-09,ar_lag1_7,hormuz_tanker_capacity,fold_13,1746332.0,2928407.4729587873,-1182075.4729587873
2024-01-10,ar_lag1_7,hormuz_tanker_capacity,fold_13,1180786.0,2926471.6344746426,-1745685.6344746426
2024-01-11,ar_lag1_7,hormuz_tanker_capacity,fold_13,3503009.0,2969775.720501147,533233.2794988528
2024-01-12,ar_lag1_7,hormuz_tanker_capacity,fold_13,2302529.0,3025940.702839597,-723411.7028395971
2024-01-13,ar_lag1_7,hormuz_tanker_capacity,fold_13,2379437.0,3053922.724941935,-674485.7249419349
2024-01-14,ar_lag1_7,hormuz_tanker_capacity,fold_13,2255799.0,3031481.996738128,-775682.9967381279
2024-01-15,ar_lag1_7,hormuz_tanker_capacity,fold_13,4839313.0,2976870.628925343,1862442.371074657
2024-01-16,ar_lag1_7,hormuz_tanker_capacity,fold_13,3115056.0,2930426.241617272,184629.75838272786
2024-01-17,ar_lag1_7,hormuz_tanker_capacity,fold_13,3020521.0,2928042.6389807253,92478.36101927469
2024-01-18,ar_lag1_7,hormuz_tanker_capacity,fold_13,1386796.0,2971555.7059642933,-1584759.7059642933
2024-01-19,ar_lag1_7,hormuz_tanker_capacity,fold_13,1830843.0,3028229.8542700335,-1197386.8542700335
2024-01-20,ar_lag1_7,hormuz_tanker_capacity,fold_13,1706463.0,3055514.49462704,-1349051.4946270399
2024-01-21,ar_lag1_7,hormuz_tanker_capacity,fold_13,1971989.0,3032778.22557828,-1060789.2255782802
2024-01-22,ar_lag1_7,hormuz_tanker_capacity,fold_13,2575217.0,2977253.7147532846,-402036.7147532846
2024-01-23,ar_lag1_7,hormuz_tanker_capacity,fold_13,2519141.0,2930700.2143314863,-411559.21433148626
2024-01-24,ar_lag1_7,hormuz_tanker_capacity,fold_13,3030528.0,2928250.7721437695,102277.22785623046
2024-01-25,ar_lag1_7,hormuz_tanker_capacity,fold_13,2303084.0,2971770.0380072994,-668686.0380072994
2024-01-26,ar_lag1_7,hormuz_tanker_capacity,fold_14,2164295.0,2746845.0955033973,-582550.0955033973
2024-01-27,ar_lag1_7,hormuz_tanker_capacity,fold_14,2884455.0,2847691.9221877237,36763.077812276315
2024-01-28,ar_lag1_7,hormuz_tanker_capacity,fold_14,2435870.0,2876130.6238951213,-440260.6238951213
2024-01-29,ar_lag1_7,hormuz_tanker_capacity,fold_14,2742152.0,2899871.9844010803,-157719.9844010803
2024-01-30,ar_lag1_7,hormuz_tanker_capacity,fold_14,2489222.0,2868966.9076682287,-379744.9076682287
2024-01-31,ar_lag1_7,hormuz_tanker_capacity,fold_14,2211268.0,2911909.3971780245,-700641.3971780245
2024-02-01,ar_lag1_7,hormuz_tanker_capacity,fold_14,3162567.0,2884592.5541091976,277974.4458908024
2024-02-02,ar_lag1_7,hormuz_tanker_capacity,fold_14,3422820.0,2959704.252758752,463115.7472412479
2024-02-03,ar_lag1_7,hormuz_tanker_capacity,fold_14,1881067.0,3001930.6337596294,-1120863.6337596294
2024-02-04,ar_lag1_7,hormuz_tanker_capacity,fold_14,2551326.0,2995203.8007055465,-443877.8007055465
2024-02-05,ar_lag1_7,hormuz_tanker_capacity,fold_14,2479224.0,2956440.7626759936,-477216.7626759936
2024-02-06,ar_lag1_7,hormuz_tanker_capacity,fold_14,1251600.0,2914363.956814367,-1662763.9568143669
2024-02-07,ar_lag1_7,hormuz_tanker_capacity,fold_14,2050265.0,2910521.432444044,-860256.4324440439
2024-02-08,ar_lag1_7,hormuz_tanker_capacity,fold_14,2524994.0,2939361.006682087,-414367.0066820872
2024-02-09,ar_lag1_7,hormuz_tanker_capacity,fold_14,1190470.0,2991739.96874966,-1801269.96874966
2024-02-10,ar_lag1_7,hormuz_tanker_capacity,fold_14,3008870.0,3023484.8431767724,-14614.843176772352
2024-02-11,ar_lag1_7,hormuz_tanker_capacity,fold_14,2823538.0,3011154.6542829387,-187616.6542829387
2024-02-12,ar_lag1_7,hormuz_tanker_capacity,fold_14,2072148.0,2965257.175018199,-893109.1750181988
2024-02-13,ar_lag1_7,hormuz_tanker_capacity,fold_14,2601106.0,2920575.135684892,-319469.13568489207
2024-02-14,ar_lag1_7,hormuz_tanker_capacity,fold_14,2734260.0,2911737.020310435,-177477.02031043498
2024-02-15,ar_lag1_7,hormuz_tanker_capacity,fold_14,2530926.0,2944811.2626585946,-413885.26265859464
2024-02-16,ar_lag1_7,hormuz_tanker_capacity,fold_14,3476028.0,2995955.7911141035,480072.2088858965
2024-02-17,ar_lag1_7,hormuz_tanker_capacity,fold_14,2467847.0,3026440.3421571464,-558593.3421571464
2024-02-18,ar_lag1_7,hormuz_tanker_capacity,fold_14,2109851.0,3013306.181049917,-903455.1810499169
2024-02-19,ar_lag1_7,hormuz_tanker_capacity,fold_14,2554722.0,2966558.703898967,-411836.7038989668
2024-02-20,ar_lag1_7,hormuz_tanker_capacity,fold_14,1633100.0,2921445.605679897,-1288345.6056798971
2024-02-21,ar_lag1_7,hormuz_tanker_capacity,fold_14,2577806.0,2912040.9181397404,-334234.91813974036
2024-02-22,ar_lag1_7,hormuz_tanker_capacity,fold_14,1981681.0,2945393.3144208845,-963712.3144208845
2024-02-23,ar_lag1_7,hormuz_tanker_capacity,fold_14,1493624.0,2996481.2644786546,-1502857.2644786546
2024-02-24,ar_lag1_7,hormuz_tanker_capacity,fold_14,3024910.0,3026834.1913313325,-1924.1913313325495
2024-02-25,ar_lag1_7,hormuz_tanker_capacity,fold_15,1771153.0,2915114.514006496,-1143961.514006496
2024-02-26,ar_lag1_7,hormuz_tanker_capacity,fold_15,2749883.0,2890385.855624657,-140502.85562465712
2024-02-27,ar_lag1_7,hormuz_tanker_capacity,fold_15,1869005.0,2767507.144512779,-898502.1445127791
2024-02-28,ar_lag1_7,hormuz_tanker_capacity,fold_15,1288865.0,2830522.7870987896,-1541657.7870987896
2024-02-29,ar_lag1_7,hormuz_tanker_capacity,fold_15,1716145.0,2823547.427720602,-1107402.4277206021
2024-03-01,ar_lag1_7,hormuz_tanker_capacity,fold_15,3043725.0,2817176.687293523,226548.312706477
2024-03-02,ar_lag1_7,hormuz_tanker_capacity,fold_15,1553743.0,2974554.4802194135,-1420811.4802194135
2024-03-03,ar_lag1_7,hormuz_tanker_capacity,fold_15,3374892.0,2978902.641974732,395989.3580252682
2024-03-04,ar_lag1_7,hormuz_tanker_capacity,fold_15,3676369.0,2935859.9303474617,740509.0696525383
2024-03-05,ar_lag1_7,hormuz_tanker_capacity,fold_15,2359655.0,2883299.442308717,-523644.44230871694
2024-03-06,ar_lag1_7,hormuz_tanker_capacity,fold_15,1779453.0,2879855.091441169,-1100402.091441169
2024-03-07,ar_lag1_7,hormuz_tanker_capacity,fold_15,2056671.0,2912950.8888953407,-856279.8888953407
2024-03-08,ar_lag1_7,hormuz_tanker_capacity,fold_15,3121047.0,2960372.181952484,160674.81804751605
2024-03-09,ar_lag1_7,hormuz_tanker_capacity,fold_15,1748532.0,3001761.7686063615,-1253229.7686063615
2024-03-10,ar_lag1_7,hormuz_tanker_capacity,fold_15,2642858.0,2990904.6664493605,-348046.66644936055
2024-03-11,ar_lag1_7,hormuz_tanker_capacity,fold_15,2715201.0,2942769.0633232067,-227568.06332320673
2024-03-12,ar_lag1_7,hormuz_tanker_capacity,fold_15,3435584.0,2895623.7941654585,539960.2058345415
2024-03-13,ar_lag1_7,hormuz_tanker_capacity,fold_15,2634960.0,2887195.393775116,-252235.3937751162
2024-03-14,ar_lag1_7,hormuz_tanker_capacity,fold_15,2640966.0,2922913.3363881614,-281947.3363881614
2024-03-15,ar_lag1_7,hormuz_tanker_capacity,fold_15,3628514.0,2975929.107124521,652584.8928754791
2024-03-16,ar_lag1_7,hormuz_tanker_capacity,fold_15,4950944.0,3007761.3419906325,1943182.6580093675
2024-03-17,ar_lag1_7,hormuz_tanker_capacity,fold_15,3824417.0,2993359.0153071983,831057.9846928017
2024-03-18,ar_lag1_7,hormuz_tanker_capacity,fold_15,2547219.0,2943959.324072181,-396740.3240721808
2024-03-19,ar_lag1_7,hormuz_tanker_capacity,fold_15,3168961.0,2897036.8650368345,271924.1349631655
2024-03-20,ar_lag1_7,hormuz_tanker_capacity,fold_15,4222015.0,2888193.8647969565,1333821.1352030435
2024-03-21,ar_lag1_7,hormuz_tanker_capacity,fold_15,2537288.0,2924063.688911582,-386775.6889115819
2024-03-22,ar_lag1_7,hormuz_tanker_capacity,fold_15,3029540.0,2977634.381546866,51905.61845313385
2024-03-23,ar_lag1_7,hormuz_tanker_capacity,fold_15,2874292.0,3008700.02270956,-134408.02270956011
2024-03-24,ar_lag1_7,hormuz_tanker_capacity,fold_15,2563076.0,2993796.718317222,-430720.71831722185
2024-03-25,ar_lag1_7,hormuz_tanker_capacity,fold_15,3602003.0,2944167.6899136454,657835.3100863546
2024-03-26,ar_lag1_7,hormuz_tanker_capacity,fold_16,1805901.0,3066008.913876455,-1260107.9138764548
2024-03-27,ar_lag1_7,hormuz_tanker_capacity,fold_16,2996646.0,3045919.6184693547,-49273.6184693547
2024-03-28,ar_lag1_7,hormuz_tanker_capacity,fold_16,2800927.0,2914676.224149643,-113749.22414964298
2024-03-29,ar_lag1_7,hormuz_tanker_capacity,fold_16,5677550.0,2976510.0638246564,2701039.9361753436
2024-03-30,ar_lag1_7,hormuz_tanker_capacity,fold_16,4450671.0,2995628.4163755453,1455042.5836244547
2024-03-31,ar_lag1_7,hormuz_tanker_capacity,fold_16,4492703.0,2951024.0938246013,1541678.9061753987
2024-04-01,ar_lag1_7,hormuz_tanker_capacity,fold_16,2462421.0,2996812.095361801,-534391.0953618009
2024-04-02,ar_lag1_7,hormuz_tanker_capacity,fold_16,2451059.0,2920040.9663810185,-468981.9663810185
2024-04-03,ar_lag1_7,hormuz_tanker_capacity,fold_16,2709860.0,2900259.9306542873,-190399.93065428734
2024-04-04,ar_lag1_7,hormuz_tanker_capacity,fold_16,2196270.0,2918128.335365125,-721858.335365125
2024-04-05,ar_lag1_7,hormuz_tanker_capacity,fold_16,2524839.0,2972198.612656781,-447359.612656781
2024-04-06,ar_lag1_7,hormuz_tanker_capacity,fold_16,4321109.0,3006300.005072369,1314808.9949276312
2024-04-07,ar_lag1_7,hormuz_tanker_capacity,fold_16,2999441.0,2990643.8934816504,8797.10651834961
2024-04-08,ar_lag1_7,hormuz_tanker_capacity,fold_16,2742900.0,2947658.9815108855,-204758.98151088553
2024-04-09,ar_lag1_7,hormuz_tanker_capacity,fold_16,3011057.0,2894983.5115115223,116073.48848847765
2024-04-10,ar_lag1_7,hormuz_tanker_capacity,fold_16,3512303.0,2880650.49552968,631652.50447032
2024-04-11,ar_lag1_7,hormuz_tanker_capacity,fold_16,3023112.0,2914049.9159154347,109062.08408456529
2024-04-12,ar_lag1_7,hormuz_tanker_capacity,fold_16,1695516.0,2970867.8451670636,-1275351.8451670636
2024-04-13,ar_lag1_7,hormuz_tanker_capacity,fold_16,3459494.0,3007024.593286858,452469.40671314206
2024-04-14,ar_lag1_7,hormuz_tanker_capacity,fold_16,4218705.0,2994607.989050786,1224097.010949214
2024-04-15,ar_lag1_7,hormuz_tanker_capacity,fold_16,3393840.0,2943834.606902138,450005.39309786214
2024-04-16,ar_lag1_7,hormuz_tanker_capacity,fold_16,3351360.0,2891719.483196979,459640.5168030211
2024-04-17,ar_lag1_7,hormuz_tanker_capacity,fold_16,1619583.0,2878035.160990444,-1258452.160990444
2024-04-18,ar_lag1_7,hormuz_tanker_capacity,fold_16,2236310.0,2913070.5128745683,-676760.5128745683
2024-04-19,ar_lag1_7,hormuz_tanker_capacity,fold_16,2537049.0,2970519.929686426,-433470.9296864262
2024-04-20,ar_lag1_7,hormuz_tanker_capacity,fold_16,3640682.0,3007015.8743320983,633666.1256679017
2024-04-21,ar_lag1_7,hormuz_tanker_capacity,fold_16,3828096.0,2994986.3469511922,833109.6530488078
2024-04-22,ar_lag1_7,hormuz_tanker_capacity,fold_16,3007034.0,2943552.7754858043,63481.224514195696
2024-04-23,ar_lag1_7,hormuz_tanker_capacity,fold_16,3323937.0,2891342.9536022665,432594.0463977335
2024-04-24,ar_lag1_7,hormuz_tanker_capacity,fold_16,2979537.0,2877699.5726113855,101837.42738861451
2024-04-25,ar_lag1_7,hormuz_tanker_capacity,fold_17,2623240.0,2867943.526181543,-244703.52618154278
2024-04-26,ar_lag1_7,hormuz_tanker_capacity,fold_17,2890869.0,2930265.940400526,-39396.94040052593
2024-04-27,ar_lag1_7,hormuz_tanker_capacity,fold_17,2651484.0,3079395.5465899343,-427911.54658993427
2024-04-28,ar_lag1_7,hormuz_tanker_capacity,fold_17,2908460.0,3108520.716693402,-200060.7166934018
2024-04-29,ar_lag1_7,hormuz_tanker_capacity,fold_17,1957761.0,2979047.6967772385,-1021286.6967772385
2024-04-30,ar_lag1_7,hormuz_tanker_capacity,fold_17,2974952.0,2931718.0801689983,43233.919831001665
2024-05-01,ar_lag1_7,hormuz_tanker_capacity,fold_17,2910338.0,2884414.7655472592,25923.234452740755
2024-05-02,ar_lag1_7,hormuz_tanker_capacity,fold_17,1802353.0,2907206.9721543733,-1104853.9721543733
2024-05-03,ar_lag1_7,hormuz_tanker_capacity,fold_17,2631772.0,2976968.8621411948,-345196.86214119475
2024-05-04,ar_lag1_7,hormuz_tanker_capacity,fold_17,3240224.0,3035955.2624838687,204268.73751613125
2024-05-05,ar_lag1_7,hormuz_tanker_capacity,fold_17,4149172.0,3029477.4934686767,1119694.5065313233
2024-05-06,ar_lag1_7,hormuz_tanker_capacity,fold_17,3963821.0,2958489.028629592,1005331.9713704078
2024-05-07,ar_lag1_7,hormuz_tanker_capacity,fold_17,4073059.0,2889339.058067621,1183719.9419323788
2024-05-08,ar_lag1_7,hormuz_tanker_capacity,fold_17,2236449.0,2865684.8148063286,-629235.8148063286
2024-05-09,ar_lag1_7,hormuz_tanker_capacity,fold_17,3539913.0,2906750.6007815967,633162.3992184033
2024-05-10,ar_lag1_7,hormuz_tanker_capacity,fold_17,3671197.0,2981358.6039278843,689838.3960721157
2024-05-11,ar_lag1_7,hormuz_tanker_capacity,fold_17,2354442.0,3032768.4614182445,-678326.4614182445
2024-05-12,ar_lag1_7,hormuz_tanker_capacity,fold_17,1937216.0,3021153.0868797353,-1083937.0868797353
2024-05-13,ar_lag1_7,hormuz_tanker_capacity,fold_17,5919231.0,2954629.6647527916,2964601.3352472084
2024-05-14,ar_lag1_7,hormuz_tanker_capacity,fold_17,3113333.0,2884389.7858142406,228943.21418575943
2024-05-15,ar_lag1_7,hormuz_tanker_capacity,fold_17,3277892.0,2862764.2666878533,415127.73331214674
2024-05-16,ar_lag1_7,hormuz_tanker_capacity,fold_17,2899266.0,2906046.5582075776,-6780.55820757756
2024-05-17,ar_lag1_7,hormuz_tanker_capacity,fold_17,3299871.0,2981621.7676523738,318249.23234762624
2024-05-18,ar_lag1_7,hormuz_tanker_capacity,fold_17,1720500.0,3032521.369569378,-1312021.369569378
2024-05-19,ar_lag1_7,hormuz_tanker_capacity,fold_17,3490721.0,3020296.4147110763,470424.5852889237
2024-05-20,ar_lag1_7,hormuz_tanker_capacity,fold_17,3198293.0,2954064.751922658,244228.24807734182
2024-05-21,ar_lag1_7,hormuz_tanker_capacity,fold_17,3484309.0,2883785.9691408654,600523.0308591346
2024-05-22,ar_lag1_7,hormuz_tanker_capacity,fold_17,2373638.0,2862346.823021202,-488708.8230212019
2024-05-23,ar_lag1_7,hormuz_tanker_capacity,fold_17,3961350.0,2905884.472321465,1055465.5276785349
2024-05-24,ar_lag1_7,hormuz_tanker_capacity,fold_17,3041089.0,2981610.447743496,59478.552256504074
2024-05-25,ar_lag1_7,hormuz_tanker_capacity,fold_18,2156888.0,2918860.9216632084,-761972.9216632084
2024-05-26,ar_lag1_7,hormuz_tanker_capacity,fold_18,2305855.0,3046181.614487719,-740326.6144877188
2024-05-27,ar_lag1_7,hormuz_tanker_capacity,fold_18,5099593.0,2994649.989203225,2104943.010796775
2024-05-28,ar_lag1_7,hormuz_tanker_capacity,fold_18,4485330.0,2960537.8440316543,1524792.1559683457
2024-05-29,ar_lag1_7,hormuz_tanker_capacity,fold_18,3173260.0,2836906.3489192617,336353.6510807383
2024-05-30,ar_lag1_7,hormuz_tanker_capacity,fold_18,1598907.0,2996720.600600361,-1397813.600600361
2024-05-31,ar_lag1_7,hormuz_tanker_capacity,fold_18,3468196.0,3000323.7273173137,467872.27268268634
2024-06-01,ar_lag1_7,hormuz_tanker_capacity,fold_18,2372436.0,3023505.882001124,-651069.8820011239
2024-06-02,ar_lag1_7,hormuz_tanker_capacity,fold_18,4107539.0,3026662.412870809,1080876.587129191
2024-06-03,ar_lag1_7,hormuz_tanker_capacity,fold_18,3780277.0,2971165.7747283475,809111.2252716525
2024-06-04,ar_lag1_7,hormuz_tanker_capacity,fold_18,3901804.0,2905896.485447714,995907.5145522859
2024-06-05,ar_lag1_7,hormuz_tanker_capacity,fold_18,2577887.0,2868978.2437721784,-291091.2437721784
2024-06-06,ar_lag1_7,hormuz_tanker_capacity,fold_18,2502000.0,2912325.8234053864,-410325.8234053864
2024-06-07,ar_lag1_7,hormuz_tanker_capacity,fold_18,1746983.0,2978271.0324430573,-1231288.0324430573
2024-06-08,ar_lag1_7,hormuz_tanker_capacity,fold_18,3003782.0,3028657.097033631,-24875.097033631057
2024-06-09,ar_lag1_7,hormuz_tanker_capacity,fold_18,2231180.0,3025925.292629441,-794745.2926294408
2024-06-10,ar_lag1_7,hormuz_tanker_capacity,fold_18,2616205.0,2968783.9204897718,-352578.92048977176
2024-06-11,ar_lag1_7,hormuz_tanker_capacity,fold_18,2601504.0,2900210.8157127365,-298706.81571273645
2024-06-12,ar_lag1_7,hormuz_tanker_capacity,fold_18,2242930.0,2870788.3451867444,-627858.3451867444
2024-06-13,ar_lag1_7,hormuz_tanker_capacity,fold_18,2105614.0,2904727.494619859,-799113.4946198589
2024-06-14,ar_lag1_7,hormuz_tanker_capacity,fold_18,3705727.0,2974545.5298376936,731181.4701623064
2024-06-15,ar_lag1_7,hormuz_tanker_capacity,fold_18,3279054.0,3028341.5448802686,250712.45511973137
2024-06-16,ar_lag1_7,hormuz_tanker_capacity,fold_18,3415474.0,3025787.4917620854,389686.50823791465
2024-06-17,ar_lag1_7,hormuz_tanker_capacity,fold_18,2805607.0,2968528.7540312614,-162921.75403126143
2024-06-18,ar_lag1_7,hormuz_tanker_capacity,fold_18,2121829.0,2899617.6182122547,-777788.6182122547
2024-06-19,ar_lag1_7,hormuz_tanker_capacity,fold_18,4313882.0,2870831.8013144797,1443050.1986855203
2024-06-20,ar_lag1_7,hormuz_tanker_capacity,fold_18,2147311.0,2904017.6282072715,-756706.6282072715
2024-06-21,ar_lag1_7,hormuz_tanker_capacity,fold_18,2622541.0,2974039.8507805085,-351498.8507805085
2024-06-22,ar_lag1_7,hormuz_tanker_capacity,fold_18,3670308.0,3028202.660470127,642105.3395298729
2024-06-23,ar_lag1_7,hormuz_tanker_capacity,fold_18,3024131.0,3025744.506999037,-1613.5069990372285
2024-06-24,ar_lag1_7,hormuz_tanker_capacity,fold_19,3780486.0,2965077.692114625,815408.3078853749
2024-06-25,ar_lag1_7,hormuz_tanker_capacity,fold_19,3033206.0,2833975.777233966,199230.22276603384
2024-06-26,ar_lag1_7,hormuz_tanker_capacity,fold_19,3330282.0,2988591.697721875,341690.3022781252
2024-06-27,ar_lag1_7,hormuz_tanker_capacity,fold_19,3185011.0,2847922.8628856353,337088.13711436465
2024-06-28,ar_lag1_7,hormuz_tanker_capacity,fold_19,3984124.0,2919242.374126362,1064881.6258736379
2024-06-29,ar_lag1_7,hormuz_tanker_capacity,fold_19,1705541.0,3074211.5036774375,-1368670.5036774375
2024-06-30,ar_lag1_7,hormuz_tanker_capacity,fold_19,3282626.0,3043075.230821334,239550.76917866617
2024-07-01,ar_lag1_7,hormuz_tanker_capacity,fold_19,1700369.0,2983889.580985415,-1283520.5809854148
2024-07-02,ar_lag1_7,hormuz_tanker_capacity,fold_19,1752264.0,2904138.6641278444,-1151874.6641278444
2024-07-03,ar_lag1_7,hormuz_tanker_capacity,fold_19,3117349.0,2880153.7948257457,237195.20517425425
2024-07-04,ar_lag1_7,hormuz_tanker_capacity,fold_19,2770643.0,2890233.168170701,-119590.16817070078
2024-07-05,ar_lag1_7,hormuz_tanker_capacity,fold_19,2540674.0,2955729.232331135,-415055.23233113484
2024-07-06,ar_lag1_7,hormuz_tanker_capacity,fold_19,3763535.0,3026474.9411981557,737060.0588018443
2024-07-07,ar_lag1_7,hormuz_tanker_capacity,fold_19,4795577.0,3034789.9980056905,1760787.0019943095
2024-07-08,ar_lag1_7,hormuz_tanker_capacity,fold_19,3082240.0,2983894.7430042517,98345.25699574826
2024-07-09,ar_lag1_7,hormuz_tanker_capacity,fold_19,4681992.0,2910662.356656221,1771329.6433437788
2024-07-10,ar_lag1_7,hormuz_tanker_capacity,fold_19,3176211.0,2871445.937517895,304765.0624821051
2024-07-11,ar_lag1_7,hormuz_tanker_capacity,fold_19,3233010.0,2892333.888363856,340676.1116361441
2024-07-12,ar_lag1_7,hormuz_tanker_capacity,fold_19,3192456.0,2959563.293436899,232892.70656310115
2024-07-13,ar_lag1_7,hormuz_tanker_capacity,fold_19,2973063.0,3022844.0648458814,-49781.064845881425
2024-07-14,ar_lag1_7,hormuz_tanker_capacity,fold_19,4528991.0,3033255.6384043987,1495735.3615956013
2024-07-15,ar_lag1_7,hormuz_tanker_capacity,fold_19,3000541.0,2983572.3104696665,16968.689530333504
2024-07-16,ar_lag1_7,hormuz_tanker_capacity,fold_19,3014351.0,2911200.966398611,103150.0336013888
2024-07-17,ar_lag1_7,hormuz_tanker_capacity,fold_19,4655091.0,2870749.7749935873,1784341.2250064127
2024-07-18,ar_lag1_7,hormuz_tanker_capacity,fold_19,2360122.0,2892382.668899251,-532260.6688992511
2024-07-19,ar_lag1_7,hormuz_tanker_capacity,fold_19,3594949.0,2959929.9882625476,635019.0117374524
2024-07-20,ar_lag1_7,hormuz_tanker_capacity,fold_19,1801528.0,3022583.697372801,-1221055.6973728011
2024-07-21,ar_lag1_7,hormuz_tanker_capacity,fold_19,4204074.0,3033058.203131275,1171015.7968687252
2024-07-22,ar_lag1_7,hormuz_tanker_capacity,fold_19,2542658.0,2983500.784845608,-440842.7848456078
2024-07-23,ar_lag1_7,hormuz_tanker_capacity,fold_19,2865364.0,2911235.9847207074,-45871.984720707405
2024-07-24,ar_lag1_7,hormuz_tanker_capacity,fold_20,2678556.0,3032030.476810691,-353474.47681069095
2024-07-25,ar_lag1_7,hormuz_tanker_capacity,fold_20,3828984.0,2879963.4693098324,949020.5306901676
2024-07-26,ar_lag1_7,hormuz_tanker_capacity,fold_20,3375894.0,3018914.894651454,356979.10534854606
2024-07-27,ar_lag1_7,hormuz_tanker_capacity,fold_20,3042355.0,2925755.520794559,116599.4792054412
2024-07-28,ar_lag1_7,hormuz_tanker_capacity,fold_20,3467467.0,3127157.119728378,340309.880271622
2024-07-29,ar_lag1_7,hormuz_tanker_capacity,fold_20,3620688.0,2969470.4929057215,651217.5070942785
2024-07-30,ar_lag1_7,hormuz_tanker_capacity,fold_20,2927615.0,2912071.967994594,15543.032005405985
2024-07-31,ar_lag1_7,hormuz_tanker_capacity,fold_20,3125784.0,2892027.670460896,233756.3295391039
2024-08-01,ar_lag1_7,hormuz_tanker_capacity,fold_20,2545278.0,2899672.354110395,-354394.35411039507
2024-08-02,ar_lag1_7,hormuz_tanker_capacity,fold_20,2890402.0,2969856.518598032,-79454.51859803218
2024-08-03,ar_lag1_7,hormuz_tanker_capacity,fold_20,2343051.0,3019372.12177109,-676321.1217710902
2024-08-04,ar_lag1_7,hormuz_tanker_capacity,fold_20,2695198.0,3046850.681149228,-351652.681149228
2024-08-05,ar_lag1_7,hormuz_tanker_capacity,fold_20,2760264.0,2992614.89289794,-232350.89289793978
2024-08-06,ar_lag1_7,hormuz_tanker_capacity,fold_20,2171109.0,2921022.7817347334,-749913.7817347334
2024-08-07,ar_lag1_7,hormuz_tanker_capacity,fold_20,1817751.0,2880940.458117383,-1063189.458117383
2024-08-08,ar_lag1_7,hormuz_tanker_capacity,fold_20,3186082.0,2899258.0344249327,286823.9655750673
2024-08-09,ar_lag1_7,hormuz_tanker_capacity,fold_20,3203153.0,2965257.7935654796,237895.20643452043
2024-08-10,ar_lag1_7,hormuz_tanker_capacity,fold_20,2719334.0,3027064.5431446806,-307730.54314468056
2024-08-11,ar_lag1_7,hormuz_tanker_capacity,fold_20,3685303.0,3041005.148984512,644297.8510154882
2024-08-12,ar_lag1_7,hormuz_tanker_capacity,fold_20,2680540.0,2993570.2903011036,-313030.2903011036
2024-08-13,ar_lag1_7,hormuz_tanker_capacity,fold_20,2653762.0,2922038.657888857,-268276.6578888572
2024-08-14,ar_lag1_7,hormuz_tanker_capacity,fold_20,2712198.0,2880124.1408445565,-167926.1408445565
2024-08-15,ar_lag1_7,hormuz_tanker_capacity,fold_20,1751917.0,2899055.8311559437,-1147138.8311559437
2024-08-16,ar_lag1_7,hormuz_tanker_capacity,fold_20,1751954.0,2964793.875685632,-1212839.8756856322
2024-08-17,ar_lag1_7,hormuz_tanker_capacity,fold_20,3342427.0,3027679.3314140034,314747.6685859966
2024-08-18,ar_lag1_7,hormuz_tanker_capacity,fold_20,2103196.0,3040590.6757268594,-937394.6757268594
2024-08-19,ar_lag1_7,hormuz_tanker_capacity,fold_20,1509927.0,2993574.924121682,-1483647.924121682
2024-08-20,ar_lag1_7,hormuz_tanker_capacity,fold_20,2582693.0,2922133.0929410127,-339440.0929410127
2024-08-21,ar_lag1_7,hormuz_tanker_capacity,fold_20,2428978.0,2880067.985126747,-451089.9851267468
2024-08-22,ar_lag1_7,hormuz_tanker_capacity,fold_20,1615910.0,2899025.933365432,-1283115.933365432
2024-08-23,ar_lag1_7,hormuz_tanker_capacity,fold_21,2721198.0,2589573.09125104,131624.90874896012
2024-08-24,ar_lag1_7,hormuz_tanker_capacity,fold_21,2681160.0,2976299.9126347895,-295139.9126347895
2024-08-25,ar_lag1_7,hormuz_tanker_capacity,fold_21,3463562.0,2943118.8340097587,520443.16599024134
2024-08-26,ar_lag1_7,hormuz_tanker_capacity,fold_21,3500190.0,2835103.9017740292,665086.0982259708
2024-08-27,ar_lag1_7,hormuz_tanker_capacity,fold_21,2135125.0,2850114.734226927,-714989.7342269272
2024-08-28,ar_lag1_7,hormuz_tanker_capacity,fold_21,2665125.0,2815097.4855630086,-149972.48556300858
2024-08-29,ar_lag1_7,hormuz_tanker_capacity,fold_21,2090686.0,2763513.989299252,-672827.9892992522
2024-08-30,ar_lag1_7,hormuz_tanker_capacity,fold_21,1970641.0,2898912.98620924,-928271.9862092398
2024-08-31,ar_lag1_7,hormuz_tanker_capacity,fold_21,2546253.0,3006989.319125449,-460736.3191254488
2024-09-01,ar_lag1_7,hormuz_tanker_capacity,fold_21,2111323.0,3024170.2440166515,-912847.2440166515
2024-09-02,ar_lag1_7,hormuz_tanker_capacity,fold_21,3114861.0,2969657.3036037665,145203.6963962335
2024-09-03,ar_lag1_7,hormuz_tanker_capacity,fold_21,3707625.0,2901447.982371305,806177.0176286949
2024-09-04,ar_lag1_7,hormuz_tanker_capacity,fold_21,3316344.0,2859972.8354423232,456371.16455767676
2024-09-05,ar_lag1_7,hormuz_tanker_capacity,fold_21,3492996.0,2874858.4371785806,618137.5628214194
2024-09-06,ar_lag1_7,hormuz_tanker_capacity,fold_21,3945465.0,2949229.959568824,996235.0404311758
2024-09-07,ar_lag1_7,hormuz_tanker_capacity,fold_21,1299582.0,3020015.0356254573,-1720433.0356254573
2024-09-08,ar_lag1_7,hormuz_tanker_capacity,fold_21,1246355.0,3034050.491660989,-1787695.491660989
2024-09-09,ar_lag1_7,hormuz_tanker_capacity,fold_21,3175676.0,2983657.0141965034,192018.98580349656
2024-09-10,ar_lag1_7,hormuz_tanker_capacity,fold_21,3673345.0,2908881.8625021903,764463.1374978097
2024-09-11,ar_lag1_7,hormuz_tanker_capacity,fold_21,3994481.0,2865488.599769889,1128992.400230111
2024-09-12,ar_lag1_7,hormuz_tanker_capacity,fold_21,2543213.0,2885899.131828272,-342686.1318282718
2024-09-13,ar_lag1_7,hormuz_tanker_capacity,fold_21,1530300.0,2955968.0243474897,-1425668.0243474897
2024-09-14,ar_lag1_7,hormuz_tanker_capacity,fold_21,2467647.0,3022553.078372155,-554906.0783721549
2024-09-15,ar_lag1_7,hormuz_tanker_capacity,fold_21,1460630.0,3035449.2904778523,-1574819.2904778523
2024-09-16,ar_lag1_7,hormuz_tanker_capacity,fold_21,3088664.0,2985189.481551712,103474.51844828809
2024-09-17,ar_lag1_7,hormuz_tanker_capacity,fold_21,1780654.0,2909857.1601611376,-1129203.1601611376
2024-09-18,ar_lag1_7,hormuz_tanker_capacity,fold_21,4062403.0,2866179.156138664,1196223.843861336
2024-09-19,ar_lag1_7,hormuz_tanker_capacity,fold_21,3637770.0,2887023.287218277,750746.7127817231
2024-09-20,ar_lag1_7,hormuz_tanker_capacity,fold_21,1920381.0,2956797.847192843,-1036416.847192843
2024-09-21,ar_lag1_7,hormuz_tanker_capacity,fold_21,2364983.0,3022948.786107021,-657965.7861070209
2024-09-22,ar_lag1_7,hormuz_tanker_capacity,fold_22,2194264.0,2738337.2689308757,-544073.2689308757
2024-09-23,ar_lag1_7,hormuz_tanker_capacity,fold_22,3479178.0,2933201.324675981,545976.675324019
2024-09-24,ar_lag1_7,hormuz_tanker_capacity,fold_22,2041537.0,2804178.6473356117,-762641.6473356117
2024-09-25,ar_lag1_7,hormuz_tanker_capacity,fold_22,2762883.0,2967098.5831241217,-204215.58312412165
2024-09-26,ar_lag1_7,hormuz_tanker_capacity,fold_22,1713994.0,2977343.164008225,-1263349.1640082248
2024-09-27,ar_lag1_7,hormuz_tanker_capacity,fold_22,1920975.0,2863514.850095763,-942539.8500957629
2024-09-28,ar_lag1_7,hormuz_tanker_capacity,fold_22,1340119.0,2921006.9976424403,-1580887.9976424403
2024-09-29,ar_lag1_7,hormuz_tanker_capacity,fold_22,3267740.0,2971911.885025312,295828.1149746878
2024-09-30,ar_lag1_7,hormuz_tanker_capacity,fold_22,2122718.0,2966559.4008084806,-843841.4008084806
2024-10-01,ar_lag1_7,hormuz_tanker_capacity,fold_22,1845809.0,2906780.241829958,-1060971.2418299578
2024-10-02,ar_lag1_7,hormuz_tanker_capacity,fold_22,2759995.0,2885664.8492964255,-125669.84929642547
2024-10-03,ar_lag1_7,hormuz_tanker_capacity,fold_22,2217982.0,2898853.0815269756,-680871.0815269756
2024-10-04,ar_lag1_7,hormuz_tanker_capacity,fold_22,3261463.0,2935656.557474808,325806.44252519216
2024-10-05,ar_lag1_7,hormuz_tanker_capacity,fold_22,3158267.0,2987823.547419822,170443.45258017816
2024-10-06,ar_lag1_7,hormuz_tanker_capacity,fold_22,1909132.0,3007468.1628382825,-1098336.1628382825
2024-10-07,ar_lag1_7,hormuz_tanker_capacity,fold_22,3147431.0,2976972.482470351,170458.5175296492
2024-10-08,ar_lag1_7,hormuz_tanker_capacity,fold_22,3057779.0,2918515.1649257103,139263.8350742897
2024-10-09,ar_lag1_7,hormuz_tanker_capacity,fold_22,1681085.0,2880452.639974165,-1199367.6399741648
2024-10-10,ar_lag1_7,hormuz_tanker_capacity,fold_22,2160936.0,2890440.645754905,-729504.645754905
2024-10-11,ar_lag1_7,hormuz_tanker_capacity,fold_22,2063791.0,2940680.8090697653,-876889.8090697653
2024-10-12,ar_lag1_7,hormuz_tanker_capacity,fold_22,2922762.0,2995105.267487412,-72343.26748741185
2024-10-13,ar_lag1_7,hormuz_tanker_capacity,fold_22,1485666.0,3012288.169268943,-1526622.169268943
2024-10-14,ar_lag1_7,hormuz_tanker_capacity,fold_22,2856860.0,2978935.2430792665,-122075.24307926651
2024-10-15,ar_lag1_7,hormuz_tanker_capacity,fold_22,1473306.0,2920015.6128538973,-1446709.6128538973
2024-10-16,ar_lag1_7,hormuz_tanker_capacity,fold_22,1717560.0,2880272.711098382,-1162712.7110983818
2024-10-17,ar_lag1_7,hormuz_tanker_capacity,fold_22,2068660.0,2889616.682751416,-820956.6827514162
2024-10-18,ar_lag1_7,hormuz_tanker_capacity,fold_22,3408583.0,2940981.8908476634,467601.1091523366
2024-10-19,ar_lag1_7,hormuz_tanker_capacity,fold_22,2629338.0,2995848.2883278714,-366510.28832787136
2024-10-20,ar_lag1_7,hormuz_tanker_capacity,fold_22,2545334.0,3012891.5096483184,-467557.5096483184
2024-10-21,ar_lag1_7,hormuz_tanker_capacity,fold_22,1674631.0,2979242.6148000807,-1304611.6148000807
2024-10-22,ar_lag1_7,hormuz_tanker_capacity,fold_23,1954469.0,2491385.29385385,-536916.2938538501
2024-10-23,ar_lag1_7,hormuz_tanker_capacity,fold_23,2634847.0,2662097.367530227,-27250.367530227173
2024-10-24,ar_lag1_7,hormuz_tanker_capacity,fold_23,2031136.0,2751708.0113701546,-720572.0113701546
2024-10-25,ar_lag1_7,hormuz_tanker_capacity,fold_23,3916053.0,2949045.8706311733,967007.1293688267
2024-10-26,ar_lag1_7,hormuz_tanker_capacity,fold_23,2446881.0,2952919.721710065,-506038.7217100649
2024-10-27,ar_lag1_7,hormuz_tanker_capacity,fold_23,2250346.0,2947137.984166766,-696791.984166766
2024-10-28,ar_lag1_7,hormuz_tanker_capacity,fold_23,1628999.0,2823316.603528238,-1194317.603528238
2024-10-29,ar_lag1_7,hormuz_tanker_capacity,fold_23,1261246.0,2829582.2116337894,-1568336.2116337894
2024-10-30,ar_lag1_7,hormuz_tanker_capacity,fold_23,742883.0,2824884.199875562,-2082001.199875562
2024-10-31,ar_lag1_7,hormuz_tanker_capacity,fold_23,959228.0,2852456.0779969837,-1893228.0779969837
2024-11-01,ar_lag1_7,hormuz_tanker_capacity,fold_23,1985441.0,2924901.6955770333,-939460.6955770333
2024-11-02,ar_lag1_7,hormuz_tanker_capacity,fold_23,2207188.0,2979632.578201261,-772444.5782012609
2024-11-03,ar_lag1_7,hormuz_tanker_capacity,fold_23,2657512.0,2992073.9608686846,-334561.9608686846
2024-11-04,ar_lag1_7,hormuz_tanker_capacity,fold_23,2660950.0,2945257.596005682,-284307.5960056819
2024-11-05,ar_lag1_7,hormuz_tanker_capacity,fold_23,1909709.0,2888044.8718606387,-978335.8718606387
2024-11-06,ar_lag1_7,hormuz_tanker_capacity,fold_23,3852482.0,2852976.297899426,999505.702100574
2024-11-07,ar_lag1_7,hormuz_tanker_capacity,fold_23,2988558.0,2868163.204680999,120394.79531900119
2024-11-08,ar_lag1_7,hormuz_tanker_capacity,fold_23,1598119.0,2925794.324734452,-1327675.3247344522
2024-11-09,ar_lag1_7,hormuz_tanker_capacity,fold_23,1921029.0,2982436.7143843477,-1061407.7143843477
2024-11-10,ar_lag1_7,hormuz_tanker_capacity,fold_23,2329919.0,2997061.3588745818,-667142.3588745818
2024-11-11,ar_lag1_7,hormuz_tanker_capacity,fold_23,3484800.0,2958247.5442165895,526552.4557834105
2024-11-12,ar_lag1_7,hormuz_tanker_capacity,fold_23,3333357.0,2896472.2605367918,436884.73946320824
2024-11-13,ar_lag1_7,hormuz_tanker_capacity,fold_23,1420187.0,2857479.3362107337,-1437292.3362107337
2024-11-14,ar_lag1_7,hormuz_tanker_capacity,fold_23,1907145.0,2870637.620818369,-963492.6208183691
2024-11-15,ar_lag1_7,hormuz_tanker_capacity,fold_23,1373889.0,2926395.3506214675,-1552506.3506214675
2024-11-16,ar_lag1_7,hormuz_tanker_capacity,fold_23,1551174.0,2982836.3582817744,-1431662.3582817744
2024-11-17,ar_lag1_7,hormuz_tanker_capacity,fold_23,1581361.0,2997633.2539151073,-1416272.2539151073
2024-11-18,ar_lag1_7,hormuz_tanker_capacity,fold_23,3143712.0,2959639.744764273,184072.25523572695
2024-11-19,ar_lag1_7,hormuz_tanker_capacity,fold_23,1814003.0,2897587.391822874,-1083584.391822874
2024-11-20,ar_lag1_7,hormuz_tanker_capacity,fold_23,1697998.0,2858152.2299237135,-1160154.2299237135
2024-11-21,ar_lag1_7,hormuz_tanker_capacity,fold_24,2600904.0,2490132.3510642257,110771.64893577434
2024-11-22,ar_lag1_7,hormuz_tanker_capacity,fold_24,1837346.0,2659339.7554335906,-821993.7554335906
2024-11-23,ar_lag1_7,hormuz_tanker_capacity,fold_24,1702351.0,2757575.593092576,-1055224.5930925761
2024-11-24,ar_lag1_7,hormuz_tanker_capacity,fold_24,834506.0,2786311.7492542993,-1951805.7492542993
2024-11-25,ar_lag1_7,hormuz_tanker_capacity,fold_24,2638101.0,2921117.5759743075,-283016.5759743075
2024-11-26,ar_lag1_7,hormuz_tanker_capacity,fold_24,2181097.0,2760582.7562194453,-579485.7562194453
2024-11-27,ar_lag1_7,hormuz_tanker_capacity,fold_24,1647715.0,2687313.3499899944,-1039598.3499899944
2024-11-28,ar_lag1_7,hormuz_tanker_capacity,fold_24,880462.0,2773474.986040918,-1893012.9860409182
2024-11-29,ar_lag1_7,hormuz_tanker_capacity,fold_24,1651464.0,2858982.6480340986,-1207518.6480340986
2024-11-30,ar_lag1_7,hormuz_tanker_capacity,fold_24,1591526.0,2930097.4255912607,-1338571.4255912607
2024-12-01,ar_lag1_7,hormuz_tanker_capacity,fold_24,287064.0,2952605.4769574776,-2665541.4769574776
2024-12-02,ar_lag1_7,hormuz_tanker_capacity,fold_24,1816869.0,2934781.158346464,-1117912.158346464
2024-12-03,ar_lag1_7,hormuz_tanker_capacity,fold_24,491464.0,2863924.412483236,-2372460.412483236
2024-12-04,ar_lag1_7,hormuz_tanker_capacity,fold_24,1375778.0,2815267.9678579695,-1439489.9678579695
2024-12-05,ar_lag1_7,hormuz_tanker_capacity,fold_24,1358820.0,2832150.974512929,-1473330.974512929
2024-12-06,ar_lag1_7,hormuz_tanker_capacity,fold_24,1004632.0,2893274.8389444486,-1888642.8389444486
2024-12-07,ar_lag1_7,hormuz_tanker_capacity,fold_24,1641862.0,2956055.064127353,-1314193.064127353
2024-12-08,ar_lag1_7,hormuz_tanker_capacity,fold_24,830705.0,2976036.5857162396,-2145331.5857162396
2024-12-09,ar_lag1_7,hormuz_tanker_capacity,fold_24,1648631.0,2941476.6382264034,-1292845.6382264034
2024-12-10,ar_lag1_7,hormuz_tanker_capacity,fold_24,1611980.0,2876372.1163252094,-1264392.1163252094
2024-12-11,ar_lag1_7,hormuz_tanker_capacity,fold_24,1665606.0,2831611.533723988,-1166005.533723988
2024-12-12,ar_lag1_7,hormuz_tanker_capacity,fold_24,2195337.0,2842027.680252615,-646690.6802526149
2024-12-13,ar_lag1_7,hormuz_tanker_capacity,fold_24,1835831.0,2899119.9008418196,-1063288.9008418196
2024-12-14,ar_lag1_7,hormuz_tanker_capacity,fold_24,1627282.0,2960114.1754876417,-1332832.1754876417
2024-12-15,ar_lag1_7,hormuz_tanker_capacity,fold_24,2463148.0,2979428.0288424357,-516280.0288424357
2024-12-16,ar_lag1_7,hormuz_tanker_capacity,fold_24,2041656.0,2942945.556129703,-901289.5561297028
2024-12-17,ar_lag1_7,hormuz_tanker_capacity,fold_24,1192108.0,2878019.8342978004,-1685911.8342978004
2024-12-18,ar_lag1_7,hormuz_tanker_capacity,fold_24,1482889.0,2833712.028757255,-1350823.028757255
2024-12-19,ar_lag1_7,hormuz_tanker_capacity,fold_24,1209144.0,2843544.481343254,-1634400.481343254
2024-12-20,ar_lag1_7,hormuz_tanker_capacity,fold_24,1638616.0,2900078.8545073736,-1261462.8545073736
2024-12-21,ar_lag1_7,hormuz_tanker_capacity,fold_25,1979180.0,2421206.7165532485,-442026.71655324847
2024-12-22,ar_lag1_7,hormuz_tanker_capacity,fold_25,2376161.0,2744525.473174326,-368364.4731743261
2024-12-23,ar_lag1_7,hormuz_tanker_capacity,fold_25,1282898.0,2733409.023634148,-1450511.0236341478
2024-12-24,ar_lag1_7,hormuz_tanker_capacity,fold_25,936846.0,2563876.4149753335,-1627030.4149753335
2024-12-25,ar_lag1_7,hormuz_tanker_capacity,fold_25,1350125.0,2539000.8460314884,-1188875.8460314884
2024-12-26,ar_lag1_7,hormuz_tanker_capacity,fold_25,1276105.0,2510950.493366923,-1234845.4933669232
2024-12-27,ar_lag1_7,hormuz_tanker_capacity,fold_25,1933372.0,2609244.462416353,-675872.4624163532
2024-12-28,ar_lag1_7,hormuz_tanker_capacity,fold_25,2277920.0,2783940.327558873,-506020.3275588732
2024-12-29,ar_lag1_7,hormuz_tanker_capacity,fold_25,2076179.0,2877900.1867673225,-801721.1867673225
2024-12-30,ar_lag1_7,hormuz_tanker_capacity,fold_25,849004.0,2866257.015365672,-2017253.0153656718
2024-12-31,ar_lag1_7,hormuz_tanker_capacity,fold_25,1678052.0,2793462.624362019,-1115410.624362019
2025-01-01,ar_lag1_7,hormuz_tanker_capacity,fold_25,2351307.0,2748499.0006418023,-397192.0006418023
2025-01-02,ar_lag1_7,hormuz_tanker_capacity,fold_25,1469954.0,2750283.4561071475,-1280329.4561071475
2025-01-03,ar_lag1_7,hormuz_tanker_capacity,fold_25,3038303.0,2809071.5530316234,229231.44696837664
2025-01-04,ar_lag1_7,hormuz_tanker_capacity,fold_25,1621874.0,2887007.507452453,-1265133.507452453
2025-01-05,ar_lag1_7,hormuz_tanker_capacity,fold_25,1752372.0,2923407.988222347,-1171035.988222347
2025-01-06,ar_lag1_7,hormuz_tanker_capacity,fold_25,620856.0,2896886.280776503,-2276030.280776503
2025-01-07,ar_lag1_7,hormuz_tanker_capacity,fold_25,2096115.0,2834046.47006621,-737931.4700662098
2025-01-08,ar_lag1_7,hormuz_tanker_capacity,fold_25,1160485.0,2788781.3252972816,-1628296.3252972816
2025-01-09,ar_lag1_7,hormuz_tanker_capacity,fold_25,1832266.0,2794738.4429191896,-962472.4429191896
2025-01-10,ar_lag1_7,hormuz_tanker_capacity,fold_25,2291835.0,2848971.7621103837,-557136.7621103837
2025-01-11,ar_lag1_7,hormuz_tanker_capacity,fold_25,3317436.0,2911952.0581829557,405483.9418170443
2025-01-12,ar_lag1_7,hormuz_tanker_capacity,fold_25,3124955.0,2936306.3459449015,188648.65405509854
2025-01-13,ar_lag1_7,hormuz_tanker_capacity,fold_25,2127133.0,2904566.9515970885,-777433.9515970885
2025-01-14,ar_lag1_7,hormuz_tanker_capacity,fold_25,1728676.0,2841803.3321284954,-1113127.3321284954
2025-01-15,ar_lag1_7,hormuz_tanker_capacity,fold_25,1981160.0,2796514.828617108,-815354.828617108
2025-01-16,ar_lag1_7,hormuz_tanker_capacity,fold_25,2355638.0,2803060.3681011256,-447422.3681011256
2025-01-17,ar_lag1_7,hormuz_tanker_capacity,fold_25,2814758.0,2856796.156637682,-42038.156637682114
2025-01-18,ar_lag1_7,hormuz_tanker_capacity,fold_25,2643122.0,2917517.940202784,-274395.9402027838
2025-01-19,ar_lag1_7,hormuz_tanker_capacity,fold_25,1258774.0,2939575.291370465,-1680801.291370465
2025-01-20,ar_lag1_7,hormuz_tanker_capacity,fold_26,1805317.0,2303857.8703841767,-498540.8703841767
2025-01-21,ar_lag1_7,hormuz_tanker_capacity,fold_26,1656884.0,2480063.5115769934,-823179.5115769934
2025-01-22,ar_lag1_7,hormuz_tanker_capacity,fold_26,2269515.0,2554917.762169069,-285402.76216906914
2025-01-23,ar_lag1_7,hormuz_tanker_capacity,fold_26,2079759.0,2660888.520729538,-581129.520729538
2025-01-24,ar_lag1_7,hormuz_tanker_capacity,fold_26,2169879.0,2808256.582572163,-638377.5825721631
2025-01-25,ar_lag1_7,hormuz_tanker_capacity,fold_26,2187162.0,2851272.5019026487,-664110.5019026487
2025-01-26,ar_lag1_7,hormuz_tanker_capacity,fold_26,3170629.0,2634468.0869696247,536160.9130303753
2025-01-27,ar_lag1_7,hormuz_tanker_capacity,fold_26,1103355.0,2703452.4498869833,-1600097.4498869833
2025-01-28,ar_lag1_7,hormuz_tanker_capacity,fold_26,1978312.0,2708039.4821107714,-729727.4821107714
2025-01-29,ar_lag1_7,hormuz_tanker_capacity,fold_26,1834211.0,2708173.451251842,-873962.4512518421
2025-01-30,ar_lag1_7,hormuz_tanker_capacity,fold_26,2705647.0,2751052.77359078,-45405.77359077986
2025-01-31,ar_lag1_7,hormuz_tanker_capacity,fold_26,1630114.0,2831555.5540244505,-1201441.5540244505
2025-02-01,ar_lag1_7,hormuz_tanker_capacity,fold_26,1674602.0,2890835.3830143595,-1216233.3830143595
2025-02-02,ar_lag1_7,hormuz_tanker_capacity,fold_26,1378171.0,2865057.883982964,-1486886.8839829639
2025-02-03,ar_lag1_7,hormuz_tanker_capacity,fold_26,2493210.0,2829572.9769509514,-336362.9769509514
2025-02-04,ar_lag1_7,hormuz_tanker_capacity,fold_26,1865766.0,2778526.4140329007,-912760.4140329007
2025-02-05,ar_lag1_7,hormuz_tanker_capacity,fold_26,1753702.0,2751698.7232747404,-997996.7232747404
2025-02-06,ar_lag1_7,hormuz_tanker_capacity,fold_26,2256102.0,2777214.7890265016,-521112.7890265016
2025-02-07,ar_lag1_7,hormuz_tanker_capacity,fold_26,1383643.0,2842341.967571827,-1458698.9675718271
2025-02-08,ar_lag1_7,hormuz_tanker_capacity,fold_26,1405240.0,2900071.2783813803,-1494831.2783813803
2025-02-09,ar_lag1_7,hormuz_tanker_capacity,fold_26,1717641.0,2904411.7014918746,-1186770.7014918746
2025-02-10,ar_lag1_7,hormuz_tanker_capacity,fold_26,3078664.0,2860356.7436790806,218307.25632091938
2025-02-11,ar_lag1_7,hormuz_tanker_capacity,fold_26,2248740.0,2798103.582113208,-549363.5821132078
2025-02-12,ar_lag1_7,hormuz_tanker_capacity,fold_26,3636376.0,2763940.9327204227,872435.0672795773
2025-02-13,ar_lag1_7,hormuz_tanker_capacity,fold_26,3877773.0,2784701.4660017095,1093071.5339982905
2025-02-14,ar_lag1_7,hormuz_tanker_capacity,fold_26,2741438.0,2846087.117669275,-104649.11766927503
2025-02-15,ar_lag1_7,hormuz_tanker_capacity,fold_26,2157988.0,2902558.6124008186,-744570.6124008186
2025-02-16,ar_lag1_7,hormuz_tanker_capacity,fold_26,2428946.0,2911373.9869600837,-482427.9869600837
2025-02-17,ar_lag1_7,hormuz_tanker_capacity,fold_26,2310561.0,2867157.004677269,-556596.0046772691
2025-02-18,ar_lag1_7,hormuz_tanker_capacity,fold_26,2464650.0,2803068.685461791,-338418.68546179123
2025-02-19,ar_lag1_7,hormuz_tanker_capacity,fold_27,2725974.0,2815074.487486744,-89100.48748674383
2025-02-20,ar_lag1_7,hormuz_tanker_capacity,fold_27,2611064.0,2976258.745104353,-365194.74510435294
2025-02-21,ar_lag1_7,hormuz_tanker_capacity,fold_27,2158389.0,2872711.6867055,-714322.6867054999
2025-02-22,ar_lag1_7,hormuz_tanker_capacity,fold_27,3287427.0,2773184.588033593,514242.4119664072
2025-02-23,ar_lag1_7,hormuz_tanker_capacity,fold_27,891467.0,2782603.0448676776,-1891136.0448676776
2025-02-24,ar_lag1_7,hormuz_tanker_capacity,fold_27,1778785.0,2729932.1210024287,-951147.1210024287
2025-02-25,ar_lag1_7,hormuz_tanker_capacity,fold_27,1721897.0,2704320.628484071,-982423.6284840712
2025-02-26,ar_lag1_7,hormuz_tanker_capacity,fold_27,1199614.0,2745362.5982812,-1545748.5982812
2025-02-27,ar_lag1_7,hormuz_tanker_capacity,fold_27,940050.0,2807613.422719987,-1867563.422719987
2025-02-28,ar_lag1_7,hormuz_tanker_capacity,fold_27,1405031.0,2847773.3959841533,-1442742.3959841533
2025-03-01,ar_lag1_7,hormuz_tanker_capacity,fold_27,1932263.0,2868196.118159385,-935933.1181593849
2025-03-02,ar_lag1_7,hormuz_tanker_capacity,fold_27,2383995.0,2867492.4886266035,-483497.4886266035
2025-03-03,ar_lag1_7,hormuz_tanker_capacity,fold_27,3551132.0,2822905.8748525735,728226.1251474265
2025-03-04,ar_lag1_7,hormuz_tanker_capacity,fold_27,2385768.0,2769762.669795993,-383994.6697959928
2025-03-05,ar_lag1_7,hormuz_tanker_capacity,fold_27,2426495.0,2751930.0110476473,-325435.01104764733
2025-03-06,ar_lag1_7,hormuz_tanker_capacity,fold_27,4403693.0,2781493.222169212,1622199.777830788
2025-03-07,ar_lag1_7,hormuz_tanker_capacity,fold_27,2012782.0,2836411.297420747,-823629.2974207471
2025-03-08,ar_lag1_7,hormuz_tanker_capacity,fold_27,2095831.0,2880790.6545084356,-784959.6545084356
2025-03-09,ar_lag1_7,hormuz_tanker_capacity,fold_27,2080133.0,2885041.9967136662,-804908.9967136662
2025-03-10,ar_lag1_7,hormuz_tanker_capacity,fold_27,3465041.0,2843166.3170762905,621874.6829237095
2025-03-11,ar_lag1_7,hormuz_tanker_capacity,fold_27,2542311.0,2786212.592868791,-243901.59286879096
2025-03-12,ar_lag1_7,hormuz_tanker_capacity,fold_27,2745555.0,2757571.7552829157,-12016.755282915663
2025-03-13,ar_lag1_7,hormuz_tanker_capacity,fold_27,2076567.0,2778727.8627766757,-702160.8627766757
2025-03-14,ar_lag1_7,hormuz_tanker_capacity,fold_27,1663097.0,2833763.498132463,-1170666.498132463
2025-03-15,ar_lag1_7,hormuz_tanker_capacity,fold_27,2385028.0,2882144.1187357716,-497116.1187357716
2025-03-16,ar_lag1_7,hormuz_tanker_capacity,fold_27,3348158.0,2888323.9691765946,459834.03082340537
2025-03-17,ar_lag1_7,hormuz_tanker_capacity,fold_27,2368542.0,2847431.251639055,-478889.2516390551
2025-03-18,ar_lag1_7,hormuz_tanker_capacity,fold_27,3311561.0,2790118.376335217,521442.62366478285
2025-03-19,ar_lag1_7,hormuz_tanker_capacity,fold_27,2007546.0,2759587.6046992126,-752041.6046992126
2025-03-20,ar_lag1_7,hormuz_tanker_capacity,fold_27,3178055.0,2778827.7858621245,399227.2141378755
2025-03-21,ar_lag1_7,hormuz_tanker_capacity,fold_28,2482614.0,2745170.3560397606,-262556.35603976063
2025-03-22,ar_lag1_7,hormuz_tanker_capacity,fold_28,3006368.0,2769103.637932639,237264.3620673609
2025-03-23,ar_lag1_7,hormuz_tanker_capacity,fold_28,2014740.0,2927042.0352326008,-912302.0352326008
2025-03-24,ar_lag1_7,hormuz_tanker_capacity,fold_28,1984315.0,2779446.6598548605,-795131.6598548605
2025-03-25,ar_lag1_7,hormuz_tanker_capacity,fold_28,897553.0,2852743.095596686,-1955190.095596686
2025-03-26,ar_lag1_7,hormuz_tanker_capacity,fold_28,952272.0,2649340.7362177693,-1697068.7362177693
2025-03-27,ar_lag1_7,hormuz_tanker_capacity,fold_28,2694788.0,2802431.730960361,-107643.7309603612
2025-03-28,ar_lag1_7,hormuz_tanker_capacity,fold_28,3042317.0,2814887.899005949,227429.10099405097
2025-03-29,ar_lag1_7,hormuz_tanker_capacity,fold_28,4029481.0,2850577.1968699633,1178903.8031300367
2025-03-30,ar_lag1_7,hormuz_tanker_capacity,fold_28,2978000.0,2881830.609306164,96169.39069383591
2025-03-31,ar_lag1_7,hormuz_tanker_capacity,fold_28,3027645.0,2833141.0379540115,194503.96204598853
2025-04-01,ar_lag1_7,hormuz_tanker_capacity,fold_28,3116039.0,2793684.867247419,322354.13275258103
2025-04-02,ar_lag1_7,hormuz_tanker_capacity,fold_28,1690664.0,2736435.4546343707,-1045771.4546343707
2025-04-03,ar_lag1_7,hormuz_tanker_capacity,fold_28,2659881.0,2766133.962922692,-106252.96292269183
2025-04-04,ar_lag1_7,hormuz_tanker_capacity,fold_28,4503955.0,2816000.151200677,1687954.8487993232
2025-04-05,ar_lag1_7,hormuz_tanker_capacity,fold_28,2468248.0,2864038.9477874506,-395790.9477874506
2025-04-06,ar_lag1_7,hormuz_tanker_capacity,fold_28,2716688.0,2878293.88774489,-161605.88774489006
2025-04-07,ar_lag1_7,hormuz_tanker_capacity,fold_28,2780154.0,2840819.963347167,-60665.96334716678
2025-04-08,ar_lag1_7,hormuz_tanker_capacity,fold_28,3525756.0,2786297.421351714,739458.5786482859
2025-04-09,ar_lag1_7,hormuz_tanker_capacity,fold_28,2684985.0,2748429.828036758,-63444.82803675812
2025-04-10,ar_lag1_7,hormuz_tanker_capacity,fold_28,3633402.0,2763626.065994074,869775.9340059259
2025-04-11,ar_lag1_7,hormuz_tanker_capacity,fold_28,3561353.0,2815479.0084598246,745873.9915401754
2025-04-12,ar_lag1_7,hormuz_tanker_capacity,fold_28,3862368.0,2866066.266471982,996301.733528018
2025-04-13,ar_lag1_7,hormuz_tanker_capacity,fold_28,3880730.0,2878289.41858025,1002440.5814197501
2025-04-14,ar_lag1_7,hormuz_tanker_capacity,fold_28,3216563.0,2842058.2034194698,374504.79658053024
2025-04-15,ar_lag1_7,hormuz_tanker_capacity,fold_28,1219726.0,2785450.930984361,-1565724.930984361
2025-04-16,ar_lag1_7,hormuz_tanker_capacity,fold_28,3439877.0,2750129.392734005,689747.6072659949
2025-04-17,ar_lag1_7,hormuz_tanker_capacity,fold_28,1069913.0,2763696.0933654862,-1693783.0933654862
2025-04-18,ar_lag1_7,hormuz_tanker_capacity,fold_28,903863.0,2815414.4533505314,-1911551.4533505314
2025-04-19,ar_lag1_7,hormuz_tanker_capacity,fold_28,1928138.0,2866375.468866937,-938237.4688669369
2025-04-20,ar_lag1_7,hormuz_tanker_capacity,fold_29,3186428.0,2768165.8993805884,418262.10061941156
2025-04-21,ar_lag1_7,hormuz_tanker_capacity,fold_29,3273360.0,2863671.544048972,409688.45595102804
2025-04-22,ar_lag1_7,hormuz_tanker_capacity,fold_29,3558785.0,2539698.9494028185,1019086.0505971815
2025-04-23,ar_lag1_7,hormuz_tanker_capacity,fold_29,2815428.0,2780033.780386022,35394.21961397817
2025-04-24,ar_lag1_7,hormuz_tanker_capacity,fold_29,1844101.0,2506711.6001423276,-662610.6001423276
2025-04-25,ar_lag1_7,hormuz_tanker_capacity,fold_29,2071577.0,2448369.1005118378,-376792.10051183775
2025-04-26,ar_lag1_7,hormuz_tanker_capacity,fold_29,3963917.0,2620415.568567389,1343501.4314326108
2025-04-27,ar_lag1_7,hormuz_tanker_capacity,fold_29,3229002.0,2791668.8915082305,437333.1084917695
2025-04-28,ar_lag1_7,hormuz_tanker_capacity,fold_29,2053672.0,2815603.2536172965,-761931.2536172965
2025-04-29,ar_lag1_7,hormuz_tanker_capacity,fold_29,1994277.0,2730778.37947385,-736501.3794738501
2025-04-30,ar_lag1_7,hormuz_tanker_capacity,fold_29,2285155.0,2731818.07393203,-446663.0739320298
2025-05-01,ar_lag1_7,hormuz_tanker_capacity,fold_29,4317040.0,2715865.6707303068,1601174.3292696932
2025-05-02,ar_lag1_7,hormuz_tanker_capacity,fold_29,2371651.0,2747104.338801076,-375453.33880107617
2025-05-03,ar_lag1_7,hormuz_tanker_capacity,fold_29,2438429.0,2812360.5227834317,-373931.5227834317
2025-05-04,ar_lag1_7,hormuz_tanker_capacity,fold_29,3786372.0,2849666.1173888696,936705.8826111304
2025-05-05,ar_lag1_7,hormuz_tanker_capacity,fold_29,3418375.0,2824572.137846776,593802.8621532242
2025-05-06,ar_lag1_7,hormuz_tanker_capacity,fold_29,2810352.0,2762949.1397617217,47402.860238278285
2025-05-07,ar_lag1_7,hormuz_tanker_capacity,fold_29,2284570.0,2733450.882676644,-448880.8826766438
2025-05-08,ar_lag1_7,hormuz_tanker_capacity,fold_29,626423.0,2748761.963082572,-2122338.963082572
2025-05-09,ar_lag1_7,hormuz_tanker_capacity,fold_29,1787170.0,2802744.961533625,-1015574.9615336251
2025-05-10,ar_lag1_7,hormuz_tanker_capacity,fold_29,1668370.0,2857881.4205696904,-1189511.4205696904
2025-05-11,ar_lag1_7,hormuz_tanker_capacity,fold_29,2738553.0,2871549.8998157457,-132996.89981574565
2025-05-12,ar_lag1_7,hormuz_tanker_capacity,fold_29,3829192.0,2832159.736106049,997032.2638939512
2025-05-13,ar_lag1_7,hormuz_tanker_capacity,fold_29,2539034.0,2770086.4841138963,-231052.48411389627
2025-05-14,ar_lag1_7,hormuz_tanker_capacity,fold_29,3110562.0,2735725.149420013,374836.8505799868
2025-05-15,ar_lag1_7,hormuz_tanker_capacity,fold_29,2171805.0,2754507.2543826285,-582702.2543826285
2025-05-16,ar_lag1_7,hormuz_tanker_capacity,fold_29,3527356.0,2813000.1422836604,714355.8577163396
2025-05-17,ar_lag1_7,hormuz_tanker_capacity,fold_29,2657617.0,2867844.3696924876,-210227.36969248764
2025-05-18,ar_lag1_7,hormuz_tanker_capacity,fold_29,3292912.0,2877764.644371465,415147.35562853515
2025-05-19,ar_lag1_7,hormuz_tanker_capacity,fold_29,1953777.0,2835096.1735302713,-881319.1735302713
2025-05-20,ar_lag1_7,hormuz_tanker_capacity,fold_30,3709997.0,2487264.6626220816,1222732.3373779184
2025-05-21,ar_lag1_7,hormuz_tanker_capacity,fold_30,1510259.0,2705953.1114247893,-1195694.1114247893
2025-05-22,ar_lag1_7,hormuz_tanker_capacity,fold_30,1927775.0,2654823.2265898585,-727048.2265898585
2025-05-23,ar_lag1_7,hormuz_tanker_capacity,fold_30,2829349.0,2889691.4660683544,-60342.466068354435
2025-05-24,ar_lag1_7,hormuz_tanker_capacity,fold_30,2853695.0,2862374.9787518587,-8679.978751858696
2025-05-25,ar_lag1_7,hormuz_tanker_capacity,fold_30,2515692.0,2943376.531925337,-427684.5319253369
2025-05-26,ar_lag1_7,hormuz_tanker_capacity,fold_30,3225735.0,2726717.117925049,499017.8820749512
2025-05-27,ar_lag1_7,hormuz_tanker_capacity,fold_30,2845632.0,2697907.752546348,147724.24745365186
2025-05-28,ar_lag1_7,hormuz_tanker_capacity,fold_30,3455462.0,2705608.804908331,749853.195091669
2025-05-29,ar_lag1_7,hormuz_tanker_capacity,fold_30,4444130.0,2726157.1026216736,1717972.8973783264
2025-05-30,ar_lag1_7,hormuz_tanker_capacity,fold_30,2585922.0,2815537.087550101,-229615.08755010087
2025-05-31,ar_lag1_7,hormuz_tanker_capacity,fold_30,3046521.0,2871712.4154972406,174808.5845027594
2025-06-01,ar_lag1_7,hormuz_tanker_capacity,fold_30,3318106.0,2894322.64539521,423783.35460479
2025-06-02,ar_lag1_7,hormuz_tanker_capacity,fold_30,2749722.0,2827169.1828056364,-77447.18280563643
2025-06-03,ar_lag1_7,hormuz_tanker_capacity,fold_30,2739637.0,2757429.0455330852,-17792.045533085242
2025-06-04,ar_lag1_7,hormuz_tanker_capacity,fold_30,4132863.0,2722368.2947601546,1410494.7052398454
2025-06-05,ar_lag1_7,hormuz_tanker_capacity,fold_30,3037199.0,2741439.6368893767,295759.3631106233
2025-06-06,ar_lag1_7,hormuz_tanker_capacity,fold_30,1900548.0,2808886.969418996,-908338.969418996
2025-06-07,ar_lag1_7,hormuz_tanker_capacity,fold_30,3083227.0,2871215.110188163,212011.8898118371
2025-06-08,ar_lag1_7,hormuz_tanker_capacity,fold_30,3686265.0,2886927.862398397,799337.1376016028
2025-06-09,ar_lag1_7,hormuz_tanker_capacity,fold_30,2402310.0,2839936.0447426615,-437626.0447426615
2025-06-10,ar_lag1_7,hormuz_tanker_capacity,fold_30,2578770.0,2769837.051687028,-191067.0516870278
2025-06-11,ar_lag1_7,hormuz_tanker_capacity,fold_30,3124022.0,2728351.124094927,395670.8759050728
2025-06-12,ar_lag1_7,hormuz_tanker_capacity,fold_30,2973832.0,2745389.404697026,228442.59530297387
2025-06-13,ar_lag1_7,hormuz_tanker_capacity,fold_30,2197216.0,2809019.037389213,-611803.0373892132
2025-06-14,ar_lag1_7,hormuz_tanker_capacity,fold_30,2550939.0,2871178.86575916,-320239.8657591599
2025-06-15,ar_lag1_7,hormuz_tanker_capacity,fold_30,4007382.0,2885824.049022827,1121557.9509771732
2025-06-16,ar_lag1_7,hormuz_tanker_capacity,fold_30,1162917.0,2841512.324781106,-1678595.3247811059
2025-06-17,ar_lag1_7,hormuz_tanker_capacity,fold_30,2332753.0,2772117.192537059,-439364.1925370591
2025-06-18,ar_lag1_7,hormuz_tanker_capacity,fold_30,2219969.0,2729879.8672585795,-509910.86725857947
2025-06-19,ar_lag1_7,hormuz_tanker_capacity,fold_31,3941677.0,2640077.6678813463,1301599.3321186537
2025-06-20,ar_lag1_7,hormuz_tanker_capacity,fold_31,2460794.0,2688608.2285289145,-227814.2285289145
2025-06-21,ar_lag1_7,hormuz_tanker_capacity,fold_31,1656722.0,2789643.177281219,-1132921.177281219
2025-06-22,ar_lag1_7,hormuz_tanker_capacity,fold_31,2936162.0,3029574.771031163,-93412.77103116317
2025-06-23,ar_lag1_7,hormuz_tanker_capacity,fold_31,2222171.0,2632931.80095771,-410760.80095771
2025-06-24,ar_lag1_7,hormuz_tanker_capacity,fold_31,1267133.0,2651145.4611935574,-1384012.4611935574
2025-06-25,ar_lag1_7,hormuz_tanker_capacity,fold_31,1473448.0,2622269.0398649015,-1148821.0398649015
2025-06-26,ar_lag1_7,hormuz_tanker_capacity,fold_31,2337881.0,2701448.366761657,-363567.36676165694
2025-06-27,ar_lag1_7,hormuz_tanker_capacity,fold_31,1639505.0,2778506.0851320415,-1139001.0851320415
2025-06-28,ar_lag1_7,hormuz_tanker_capacity,fold_31,1980483.0,2849881.7578952643,-869398.7578952643
2025-06-29,ar_lag1_7,hormuz_tanker_capacity,fold_31,3465006.0,2900975.3946827077,564030.6053172923
2025-06-30,ar_lag1_7,hormuz_tanker_capacity,fold_31,2592790.0,2815776.3321583546,-222986.33215835458
2025-07-01,ar_lag1_7,hormuz_tanker_capacity,fold_31,1775752.0,2748848.515050402,-973096.5150504019
2025-07-02,ar_lag1_7,hormuz_tanker_capacity,fold_31,1797959.0,2708954.903056909,-910995.9030569089
2025-07-03,ar_lag1_7,hormuz_tanker_capacity,fold_31,2021659.0,2734466.132845071,-712807.1328450711
2025-07-04,ar_lag1_7,hormuz_tanker_capacity,fold_31,3346527.0,2800961.1950496794,545565.8049503206
2025-07-05,ar_lag1_7,hormuz_tanker_capacity,fold_31,1789242.0,2865019.6061288505,-1075777.6061288505
2025-07-06,ar_lag1_7,hormuz_tanker_capacity,fold_31,1413450.0,2886051.905372084,-1472601.9053720841
2025-07-07,ar_lag1_7,hormuz_tanker_capacity,fold_31,2279290.0,2838814.666650427,-559524.666650427
2025-07-08,ar_lag1_7,hormuz_tanker_capacity,fold_31,1478452.0,2769710.890890932,-1291258.8908909322
2025-07-09,ar_lag1_7,hormuz_tanker_capacity,fold_31,3801840.0,2727581.133067853,1074258.8669321472
2025-07-10,ar_lag1_7,hormuz_tanker_capacity,fold_31,2937781.0,2744505.701443246,193275.2985567539
2025-07-11,ar_lag1_7,hormuz_tanker_capacity,fold_31,3621565.0,2807064.3515793104,814500.6484206896
2025-07-12,ar_lag1_7,hormuz_tanker_capacity,fold_31,4089853.0,2868950.6293211463,1220902.3706788537
2025-07-13,ar_lag1_7,hormuz_tanker_capacity,fold_31,1805657.0,2884919.666022391,-1079262.666022391
2025-07-14,ar_lag1_7,hormuz_tanker_capacity,fold_31,2616893.0,2841923.781495875,-225030.7814958752
2025-07-15,ar_lag1_7,hormuz_tanker_capacity,fold_31,3803838.0,2773666.4267155128,1030171.5732844872
2025-07-16,ar_lag1_7,hormuz_tanker_capacity,fold_31,3388965.0,2731437.99035571,657527.00964429
2025-07-17,ar_lag1_7,hormuz_tanker_capacity,fold_31,2602317.0,2747060.1764717274,-144743.17647172743
2025-07-18,ar_lag1_7,hormuz_tanker_capacity,fold_31,2658816.0,2808675.110315628,-149859.11031562788
2025-07-19,ar_lag1_7,hormuz_tanker_capacity,fold_32,3029488.0,3008574.239619016,20913.76038098382
2025-07-20,ar_lag1_7,hormuz_tanker_capacity,fold_32,3917967.0,2751035.3640004997,1166931.6359995003
2025-07-21,ar_lag1_7,hormuz_tanker_capacity,fold_32,3204741.0,2764036.5432712124,440704.4567287876
2025-07-22,ar_lag1_7,hormuz_tanker_capacity,fold_32,1560459.0,2905653.290960037,-1345194.2909600371
2025-07-23,ar_lag1_7,hormuz_tanker_capacity,fold_32,2737792.0,2868363.9718586197,-130571.97185861971
2025-07-24,ar_lag1_7,hormuz_tanker_capacity,fold_32,2780090.0,2764337.998423147,15752.001576852985
2025-07-25,ar_lag1_7,hormuz_tanker_capacity,fold_32,2930353.0,2789557.5360631733,140795.46393682668
2025-07-26,ar_lag1_7,hormuz_tanker_capacity,fold_32,2488567.0,2880350.876522613,-391783.8765226132
2025-07-27,ar_lag1_7,hormuz_tanker_capacity,fold_32,3657144.0,2859316.91568643,797827.08431357
2025-07-28,ar_lag1_7,hormuz_tanker_capacity,fold_32,2596979.0,2816153.024186249,-219174.0241862489
2025-07-29,ar_lag1_7,hormuz_tanker_capacity,fold_32,2836982.0,2783609.541818888,53372.45818111207
2025-07-30,ar_lag1_7,hormuz_tanker_capacity,fold_32,3615903.0,2755759.757726409,860143.242273591
2025-07-31,ar_lag1_7,hormuz_tanker_capacity,fold_32,3249668.0,2757974.463263797,491693.5367362029
2025-08-01,ar_lag1_7,hormuz_tanker_capacity,fold_32,1900730.0,2807658.6654991554,-906928.6654991554
2025-08-02,ar_lag1_7,hormuz_tanker_capacity,fold_32,4234230.0,2865859.6807444966,1368370.3192555034
2025-08-03,ar_lag1_7,hormuz_tanker_capacity,fold_32,2919725.0,2871772.9285014886,47952.07149851136
2025-08-04,ar_lag1_7,hormuz_tanker_capacity,fold_32,1328092.0,2827491.2007948803,-1499399.2007948803
2025-08-05,ar_lag1_7,hormuz_tanker_capacity,fold_32,2584327.0,2768196.9504815945,-183869.95048159454
2025-08-06,ar_lag1_7,hormuz_tanker_capacity,fold_32,1795994.0,2734424.510114551,-938430.510114551
2025-08-07,ar_lag1_7,hormuz_tanker_capacity,fold_32,2372921.0,2751141.522446083,-378220.5224460829
2025-08-08,ar_lag1_7,hormuz_tanker_capacity,fold_32,2254429.0,2808528.1121515306,-554099.1121515306
2025-08-09,ar_lag1_7,hormuz_tanker_capacity,fold_32,2266293.0,2863898.5087730545,-597605.5087730545
2025-08-10,ar_lag1_7,hormuz_tanker_capacity,fold_32,1905686.0,2873124.8898009723,-967438.8898009723
2025-08-11,ar_lag1_7,hormuz_tanker_capacity,fold_32,2521965.0,2829584.478511171,-307619.47851117095
2025-08-12,ar_lag1_7,hormuz_tanker_capacity,fold_32,3227213.0,2766432.407305299,460780.59269470116
2025-08-13,ar_lag1_7,hormuz_tanker_capacity,fold_32,2279216.0,2730699.8891425827,-451483.88914258266
2025-08-14,ar_lag1_7,hormuz_tanker_capacity,fold_32,2816918.0,2749079.8599703666,67838.14002963342
2025-08-15,ar_lag1_7,hormuz_tanker_capacity,fold_32,1388712.0,2808093.2098421417,-1419381.2098421417
2025-08-16,ar_lag1_7,hormuz_tanker_capacity,fold_32,1850637.0,2863481.1478996957,-1012844.1478996957
2025-08-17,ar_lag1_7,hormuz_tanker_capacity,fold_32,2665643.0,2873215.3976301686,-207572.3976301686
2025-08-18,ar_lag1_7,hormuz_tanker_capacity,fold_33,2144480.0,2725942.271011682,-581462.2710116822
2025-08-19,ar_lag1_7,hormuz_tanker_capacity,fold_33,4316194.0,2803986.7437683083,1512207.2562316917
2025-08-20,ar_lag1_7,hormuz_tanker_capacity,fold_33,2631654.0,2670228.518252556,-38574.51825255621
2025-08-21,ar_lag1_7,hormuz_tanker_capacity,fold_33,2479865.0,2738486.1753236977,-258621.17532369774
2025-08-22,ar_lag1_7,hormuz_tanker_capacity,fold_33,3195372.0,2590891.183260738,604480.8167392621
2025-08-23,ar_lag1_7,hormuz_tanker_capacity,fold_33,2899090.0,2651021.040019416,248068.95998058422
2025-08-24,ar_lag1_7,hormuz_tanker_capacity,fold_33,3411960.0,2782449.302398464,629510.6976015358
2025-08-25,ar_lag1_7,hormuz_tanker_capacity,fold_33,2086984.0,2788061.7727716276,-701077.7727716276
2025-08-26,ar_lag1_7,hormuz_tanker_capacity,fold_33,1667814.0,2758160.997839332,-1090346.997839332
2025-08-27,ar_lag1_7,hormuz_tanker_capacity,fold_33,2929045.0,2715721.4357974036,213323.56420259643
2025-08-28,ar_lag1_7,hormuz_tanker_capacity,fold_33,2289529.0,2739264.116735863,-449735.11673586303
2025-08-29,ar_lag1_7,hormuz_tanker_capacity,fold_33,3416770.0,2769409.4330296707,647360.5669703293
2025-08-30,ar_lag1_7,hormuz_tanker_capacity,fold_33,3905491.0,2818434.5672964714,1087056.4327035286
2025-08-31,ar_lag1_7,hormuz_tanker_capacity,fold_33,3162921.0,2845445.792862105,317475.2071378948
2025-09-01,ar_lag1_7,hormuz_tanker_capacity,fold_33,3235585.0,2814461.277112506,421123.72288749414
2025-09-02,ar_lag1_7,hormuz_tanker_capacity,fold_33,1906566.0,2758566.187852016,-852000.1878520162
2025-09-03,ar_lag1_7,hormuz_tanker_capacity,fold_33,2429378.0,2722579.439499263,-293201.4394992632
2025-09-04,ar_lag1_7,hormuz_tanker_capacity,fold_33,1136592.0,2741250.4245011965,-1604658.4245011965
2025-09-05,ar_lag1_7,hormuz_tanker_capacity,fold_33,4471592.0,2796428.964618018,1675163.035381982
2025-09-06,ar_lag1_7,hormuz_tanker_capacity,fold_33,3071388.0,2850636.343100862,220751.6568991379
2025-09-07,ar_lag1_7,hormuz_tanker_capacity,fold_33,3178836.0,2863574.2998581147,315261.7001418853
2025-09-08,ar_lag1_7,hormuz_tanker_capacity,fold_33,2687850.0,2823322.4429164063,-135472.44291640632
2025-09-09,ar_lag1_7,hormuz_tanker_capacity,fold_33,1990812.0,2761043.6898984774,-770231.6898984774
2025-09-10,ar_lag1_7,hormuz_tanker_capacity,fold_33,2747988.0,2724272.4963295707,23715.503670429345
2025-09-11,ar_lag1_7,hormuz_tanker_capacity,fold_33,1821857.0,2742006.912620631,-920149.912620631
2025-09-12,ar_lag1_7,hormuz_tanker_capacity,fold_33,1208459.0,2800642.8513344484,-1592183.8513344484
2025-09-13,ar_lag1_7,hormuz_tanker_capacity,fold_33,1671420.0,2856562.064142593,-1185142.0641425932
2025-09-14,ar_lag1_7,hormuz_tanker_capacity,fold_33,1339968.0,2867879.6912663425,-1527911.6912663425
2025-09-15,ar_lag1_7,hormuz_tanker_capacity,fold_33,911409.0,2825811.2711957106,-1914402.2711957106
2025-09-16,ar_lag1_7,hormuz_tanker_capacity,fold_33,1699926.0,2762090.12497812,-1062164.12497812
2025-09-17,ar_lag1_7,hormuz_tanker_capacity,fold_34,3174206.0,2430674.0595848095,743531.9404151905
2025-09-18,ar_lag1_7,hormuz_tanker_capacity,fold_34,2932554.0,2523756.272382055,408797.72761794506
2025-09-19,ar_lag1_7,hormuz_tanker_capacity,fold_34,1852708.0,2506881.037756066,-654173.0377560658
2025-09-20,ar_lag1_7,hormuz_tanker_capacity,fold_34,2166435.0,2601388.793480013,-434953.79348001303
2025-09-21,ar_lag1_7,hormuz_tanker_capacity,fold_34,1683122.0,2568127.6206725943,-885005.6206725943
2025-09-22,ar_lag1_7,hormuz_tanker_capacity,fold_34,1067634.0,2452305.9493133817,-1384671.9493133817
2025-09-23,ar_lag1_7,hormuz_tanker_capacity,fold_34,3058164.0,2493368.847248723,564795.1527512772
2025-09-24,ar_lag1_7,hormuz_tanker_capacity,fold_34,2236283.0,2601382.668491687,-365099.66849168716
2025-09-25,ar_lag1_7,hormuz_tanker_capacity,fold_34,1745296.0,2674438.543780248,-929142.5437802481
2025-09-26,ar_lag1_7,hormuz_tanker_capacity,fold_34,936954.0,2740331.335593915,-1803377.335593915
2025-09-27,ar_lag1_7,hormuz_tanker_capacity,fold_34,2749108.0,2803027.695147288,-53919.69514728803
2025-09-28,ar_lag1_7,hormuz_tanker_capacity,fold_34,3983107.0,2805160.372604787,1177946.627395213
2025-09-29,ar_lag1_7,hormuz_tanker_capacity,fold_34,1705959.0,2745320.7035137606,-1039361.7035137606
2025-09-30,ar_lag1_7,hormuz_tanker_capacity,fold_34,3249270.0,2691147.144106238,558122.8558937619
2025-10-01,ar_lag1_7,hormuz_tanker_capacity,fold_34,3340995.0,2680895.613121457,660099.3868785431
2025-10-02,ar_lag1_7,hormuz_tanker_capacity,fold_34,4499513.0,2718545.6508739763,1780967.3491260237
2025-10-03,ar_lag1_7,hormuz_tanker_capacity,fold_34,3787354.0,2786972.2397763846,1000381.7602236154
2025-10-04,ar_lag1_7,hormuz_tanker_capacity,fold_34,2487738.0,2845656.8510176805,-357918.8510176805
2025-10-05,ar_lag1_7,hormuz_tanker_capacity,fold_34,3713327.0,2851925.9038690366,861401.0961309634
2025-10-06,ar_lag1_7,hormuz_tanker_capacity,fold_34,2137777.0,2801504.045077552,-663727.0450775521
2025-10-07,ar_lag1_7,hormuz_tanker_capacity,fold_34,811976.0,2735822.779980841,-1923846.779980841
2025-10-08,ar_lag1_7,hormuz_tanker_capacity,fold_34,1074042.0,2704915.8613097556,-1630873.8613097556
2025-10-09,ar_lag1_7,hormuz_tanker_capacity,fold_34,1793483.0,2731661.023034365,-938178.0230343649
2025-10-10,ar_lag1_7,hormuz_tanker_capacity,fold_34,981963.0,2797471.0707930545,-1815508.0707930545
2025-10-11,ar_lag1_7,hormuz_tanker_capacity,fold_34,933019.0,2854844.3289601556,-1921825.3289601556
2025-10-12,ar_lag1_7,hormuz_tanker_capacity,fold_34,964918.0,2861365.6687129564,-1896447.6687129564
2025-10-13,ar_lag1_7,hormuz_tanker_capacity,fold_34,1699831.0,2812406.479614955,-1112575.479614955
2025-10-14,ar_lag1_7,hormuz_tanker_capacity,fold_34,4942766.0,2745423.772845388,2197342.227154612
2025-10-15,ar_lag1_7,hormuz_tanker_capacity,fold_34,1908487.0,2711103.66348856,-802616.6634885599
2025-10-16,ar_lag1_7,hormuz_tanker_capacity,fold_34,1289034.0,2735299.0248135272,-1446265.0248135272
2025-10-17,ar_lag1_7,hormuz_tanker_capacity,fold_35,1337493.0,2122355.0660050735,-784862.0660050735
2025-10-18,ar_lag1_7,hormuz_tanker_capacity,fold_35,1777863.0,2380394.385901474,-602531.3859014739
2025-10-19,ar_lag1_7,hormuz_tanker_capacity,fold_35,2085315.0,2450941.1612254847,-365626.1612254847
2025-10-20,ar_lag1_7,hormuz_tanker_capacity,fold_35,1738882.0,2537055.496722863,-798173.496722863
2025-10-21,ar_lag1_7,hormuz_tanker_capacity,fold_35,1666895.0,2982499.5952431,-1315604.5952431
2025-10-22,ar_lag1_7,hormuz_tanker_capacity,fold_35,3167612.0,2662099.7485257452,505512.25147425476
2025-10-23,ar_lag1_7,hormuz_tanker_capacity,fold_35,2645992.0,2508604.269770989,137387.7302290108
2025-10-24,ar_lag1_7,hormuz_tanker_capacity,fold_35,2434384.0,2628641.3369703735,-194257.33697037352
2025-10-25,ar_lag1_7,hormuz_tanker_capacity,fold_35,3622719.0,2729507.586160922,893211.413839078
2025-10-26,ar_lag1_7,hormuz_tanker_capacity,fold_35,2548983.0,2761284.7055901666,-212301.70559016662
2025-10-27,ar_lag1_7,hormuz_tanker_capacity,fold_35,2442008.0,2743924.174442004,-301916.17444200395
2025-10-28,ar_lag1_7,hormuz_tanker_capacity,fold_35,2979192.0,2761150.194242707,218041.805757293
2025-10-29,ar_lag1_7,hormuz_tanker_capacity,fold_35,2449676.0,2707239.0794035327,-257563.07940353267
2025-10-30,ar_lag1_7,hormuz_tanker_capacity,fold_35,2134991.0,2695294.828664196,-560303.8286641962
2025-10-31,ar_lag1_7,hormuz_tanker_capacity,fold_35,4082819.0,2753462.725494153,1329356.2745058471
2025-11-01,ar_lag1_7,hormuz_tanker_capacity,fold_35,2064402.0,2814476.7434828994,-750074.7434828994
2025-11-02,ar_lag1_7,hormuz_tanker_capacity,fold_35,1929112.0,2829495.1537368963,-900383.1537368963
2025-11-03,ar_lag1_7,hormuz_tanker_capacity,fold_35,438854.0,2792652.15320713,-2353798.15320713
2025-11-04,ar_lag1_7,hormuz_tanker_capacity,fold_35,1404930.0,2743303.3952677683,-1338373.3952677683
2025-11-05,ar_lag1_7,hormuz_tanker_capacity,fold_35,2510242.0,2708649.990095782,-198407.9900957821
2025-11-06,ar_lag1_7,hormuz_tanker_capacity,fold_35,2218214.0,2722323.916742987,-504109.916742987
2025-11-07,ar_lag1_7,hormuz_tanker_capacity,fold_35,3135684.0,2778883.9271049197,356800.0728950803
2025-11-08,ar_lag1_7,hormuz_tanker_capacity,fold_35,3915654.0,2833759.975019371,1081894.0249806289
2025-11-09,ar_lag1_7,hormuz_tanker_capacity,fold_35,3482241.0,2844658.3958212207,637582.6041787793
2025-11-10,ar_lag1_7,hormuz_tanker_capacity,fold_35,2061760.0,2803875.4159003887,-742115.4159003887
2025-11-11,ar_lag1_7,hormuz_tanker_capacity,fold_35,2256665.0,2743919.6368775964,-487254.6368775964
2025-11-12,ar_lag1_7,hormuz_tanker_capacity,fold_35,1473268.0,2709024.880990202,-1235756.880990202
2025-11-13,ar_lag1_7,hormuz_tanker_capacity,fold_35,2082408.0,2726285.2634391547,-643877.2634391547
2025-11-14,ar_lag1_7,hormuz_tanker_capacity,fold_35,3242326.0,2783626.374936759,458699.625063241
2025-11-15,ar_lag1_7,hormuz_tanker_capacity,fold_35,2803891.0,2837846.9077634877,-33955.90776348766
2025-11-16,ar_lag1_7,hormuz_tanker_capacity,fold_36,962361.0,2922273.413780389,-1959912.413780389
2025-11-17,ar_lag1_7,hormuz_tanker_capacity,fold_36,1353855.0,2711538.7920056796,-1357683.7920056796
2025-11-18,ar_lag1_7,hormuz_tanker_capacity,fold_36,1821907.0,2638021.5858971165,-816114.5858971165
2025-11-19,ar_lag1_7,hormuz_tanker_capacity,fold_36,2280048.0,2499085.712346905,-219037.7123469049
2025-11-20,ar_lag1_7,hormuz_tanker_capacity,fold_36,2706942.0,2577401.7548154136,129540.24518458638
2025-11-21,ar_lag1_7,hormuz_tanker_capacity,fold_36,1675995.0,2810672.902417398,-1134677.902417398
2025-11-22,ar_lag1_7,hormuz_tanker_capacity,fold_36,1357911.0,2842017.416902562,-1484106.4169025621
2025-11-23,ar_lag1_7,hormuz_tanker_capacity,fold_36,1141843.0,2854021.105968437,-1712178.1059684372
2025-11-24,ar_lag1_7,hormuz_tanker_capacity,fold_36,1243561.0,2783885.836921442,-1540324.8369214418
2025-11-25,ar_lag1_7,hormuz_tanker_capacity,fold_36,1704153.0,2712559.1258435943,-1008406.1258435943
2025-11-26,ar_lag1_7,hormuz_tanker_capacity,fold_36,1521052.0,2665321.111452126,-1144269.111452126
2025-11-27,ar_lag1_7,hormuz_tanker_capacity,fold_36,2125050.0,2694791.0115205385,-569741.0115205385
2025-11-28,ar_lag1_7,hormuz_tanker_capacity,fold_36,1443139.0,2783172.7655586433,-1340033.7655586433
2025-11-29,ar_lag1_7,hormuz_tanker_capacity,fold_36,1142364.0,2839557.571609116,-1697193.5716091162
2025-11-30,ar_lag1_7,hormuz_tanker_capacity,fold_36,2787210.0,2843673.986610929,-56463.986610929016
2025-12-01,ar_lag1_7,hormuz_tanker_capacity,fold_36,3349927.0,2791156.8809246174,558770.1190753826
2025-12-02,ar_lag1_7,hormuz_tanker_capacity,fold_36,1412492.0,2725167.4233109835,-1312675.4233109835
2025-12-03,ar_lag1_7,hormuz_tanker_capacity,fold_36,1587414.0,2692410.889955678,-1104996.889955678
2025-12-04,ar_lag1_7,hormuz_tanker_capacity,fold_36,2109436.0,2719110.6269557015,-609674.6269557015
2025-12-05,ar_lag1_7,hormuz_tanker_capacity,fold_36,1300447.0,2786226.6492369883,-1485779.6492369883
2025-12-06,ar_lag1_7,hormuz_tanker_capacity,fold_36,1955064.0,2840081.443580793,-885017.4435807932
2025-12-07,ar_lag1_7,hormuz_tanker_capacity,fold_36,1517508.0,2842361.269193576,-1324853.2691935762
2025-12-08,ar_lag1_7,hormuz_tanker_capacity,fold_36,1325305.0,2791809.7861671094,-1466504.7861671094
2025-12-09,ar_lag1_7,hormuz_tanker_capacity,fold_36,1900812.0,2727135.498990997,-826323.4989909972
2025-12-10,ar_lag1_7,hormuz_tanker_capacity,fold_36,1052150.0,2696800.7432217156,-1644650.7432217156
2025-12-11,ar_lag1_7,hormuz_tanker_capacity,fold_36,2032889.0,2723800.1149573196,-690911.1149573196
2025-12-12,ar_lag1_7,hormuz_tanker_capacity,fold_36,1488358.0,2787996.4530401616,-1299638.4530401616
2025-12-13,ar_lag1_7,hormuz_tanker_capacity,fold_36,1809445.0,2840660.5246471176,-1031215.5246471176
2025-12-14,ar_lag1_7,hormuz_tanker_capacity,fold_36,2544154.0,2842341.0135966297,-298187.0135966297
2025-12-15,ar_lag1_7,hormuz_tanker_capacity,fold_36,1423276.0,2791896.2718673567,-1368620.2718673567
2025-12-16,ar_lag1_7,hormuz_tanker_capacity,fold_37,2001520.0,2187012.0507832295,-185492.05078322953
2025-12-17,ar_lag1_7,hormuz_tanker_capacity,fold_37,1315910.0,2283620.735595782,-967710.7355957818
2025-12-18,ar_lag1_7,hormuz_tanker_capacity,fold_37,2204155.0,2489152.81883406,-284997.8188340599
2025-12-19,ar_lag1_7,hormuz_tanker_capacity,fold_37,1169346.0,2512509.3043439463,-1343163.3043439463
2025-12-20,ar_lag1_7,hormuz_tanker_capacity,fold_37,1169573.0,2589766.4951316947,-1420193.4951316947
2025-12-21,ar_lag1_7,hormuz_tanker_capacity,fold_37,1018482.0,2706896.89470124,-1688414.8947012401
2025-12-22,ar_lag1_7,hormuz_tanker_capacity,fold_37,858100.0,2533984.399405197,-1675884.3994051968
2025-12-23,ar_lag1_7,hormuz_tanker_capacity,fold_37,1113473.0,2559518.8101023794,-1446045.8101023794
2025-12-24,ar_lag1_7,hormuz_tanker_capacity,fold_37,1099189.0,2577178.6203953307,-1477989.6203953307
2025-12-25,ar_lag1_7,hormuz_tanker_capacity,fold_37,1149095.0,2644130.52345057,-1495035.5234505702
2025-12-26,ar_lag1_7,hormuz_tanker_capacity,fold_37,2503352.0,2710648.47160036,-207296.47160035977
2025-12-27,ar_lag1_7,hormuz_tanker_capacity,fold_37,2021134.0,2764519.0149103864,-743385.0149103864
2025-12-28,ar_lag1_7,hormuz_tanker_capacity,fold_37,1598548.0,2782986.294886769,-1184438.2948867688
2025-12-29,ar_lag1_7,hormuz_tanker_capacity,fold_37,802818.0,2721539.281124145,-1918721.2811241448
2025-12-30,ar_lag1_7,hormuz_tanker_capacity,fold_37,1766483.0,2670563.317850234,-904080.317850234
2025-12-31,ar_lag1_7,hormuz_tanker_capacity,fold_37,2166981.0,2653766.574916016,-486785.57491601584
2026-01-01,ar_lag1_7,hormuz_tanker_capacity,fold_37,2297725.0,2689900.9323133775,-392175.9323133775
2026-01-02,ar_lag1_7,hormuz_tanker_capacity,fold_37,1562902.0,2753672.4125483907,-1190770.4125483907
2026-01-03,ar_lag1_7,hormuz_tanker_capacity,fold_37,1011537.0,2803253.870625845,-1791716.8706258452
2026-01-04,ar_lag1_7,hormuz_tanker_capacity,fold_37,1414835.0,2805794.6610225653,-1390959.6610225653
2026-01-05,ar_lag1_7,hormuz_tanker_capacity,fold_37,1948403.0,2756169.0990397786,-807766.0990397786
2026-01-06,ar_lag1_7,hormuz_tanker_capacity,fold_37,995188.0,2697343.105168613,-1702155.1051686131
2026-01-07,ar_lag1_7,hormuz_tanker_capacity,fold_37,2045098.0,2673096.9932321743,-627998.9932321743
2026-01-08,ar_lag1_7,hormuz_tanker_capacity,fold_37,2536474.0,2702441.4404559853,-165967.44045598526
2026-01-09,ar_lag1_7,hormuz_tanker_capacity,fold_37,3108586.0,2763787.6918503223,344798.3081496777
2026-01-10,ar_lag1_7,hormuz_tanker_capacity,fold_37,1412672.0,2812011.6281644492,-1399339.6281644492
2026-01-11,ar_lag1_7,hormuz_tanker_capacity,fold_37,2105864.0,2811783.889896376,-705919.8898963761
2026-01-12,ar_lag1_7,hormuz_tanker_capacity,fold_37,1716419.0,2763091.33372073,-1046672.3337207302
2026-01-13,ar_lag1_7,hormuz_tanker_capacity,fold_37,1143290.0,2703376.7627911577,-1560086.7627911577
2026-01-14,ar_lag1_7,hormuz_tanker_capacity,fold_37,1636097.0,2677760.3618518542,-1041663.3618518542
2026-01-15,ar_lag1_7,hormuz_tanker_capacity,fold_38,2127519.0,2348650.054576008,-221131.05457600811
2026-01-16,ar_lag1_7,hormuz_tanker_capacity,fold_38,1559037.0,2703075.973976075,-1144038.9739760752
2026-01-17,ar_lag1_7,hormuz_tanker_capacity,fold_38,1213332.0,2555118.726923465,-1341786.7269234648
2026-01-18,ar_lag1_7,hormuz_tanker_capacity,fold_38,1341986.0,2602046.816093174,-1260060.8160931738
2026-01-19,ar_lag1_7,hormuz_tanker_capacity,fold_38,926797.0,2512339.403363132,-1585542.403363132
2026-01-20,ar_lag1_7,hormuz_tanker_capacity,fold_38,1300282.0,2359765.9988596337,-1059483.9988596337
2026-01-21,ar_lag1_7,hormuz_tanker_capacity,fold_38,2520181.0,2393722.112928629,126458.88707137108
2026-01-22,ar_lag1_7,hormuz_tanker_capacity,fold_38,1481859.0,2553396.080106258,-1071537.080106258
2026-01-23,ar_lag1_7,hormuz_tanker_capacity,fold_38,1357386.0,2700915.952998729,-1343529.952998729
2026-01-24,ar_lag1_7,hormuz_tanker_capacity,fold_38,907050.0,2739596.5997582288,-1832546.5997582288
2026-01-25,ar_lag1_7,hormuz_tanker_capacity,fold_38,2790838.0,2739726.153590226,51111.84640977392
2026-01-26,ar_lag1_7,hormuz_tanker_capacity,fold_38,1566326.0,2684067.7183636823,-1117741.7183636823
2026-01-27,ar_lag1_7,hormuz_tanker_capacity,fold_38,1556260.0,2610220.469094186,-1053960.469094186
2026-01-28,ar_lag1_7,hormuz_tanker_capacity,fold_38,1791378.0,2594252.333172832,-802874.3331728322
2026-01-29,ar_lag1_7,hormuz_tanker_capacity,fold_38,2309923.0,2648827.3245383613,-338904.3245383613
2026-01-30,ar_lag1_7,hormuz_tanker_capacity,fold_38,1987117.0,2730190.0833730884,-743073.0833730884
2026-01-31,ar_lag1_7,hormuz_tanker_capacity,fold_38,2228666.0,2778581.0510211233,-549915.0510211233
2026-02-01,ar_lag1_7,hormuz_tanker_capacity,fold_38,1153914.0,2774140.612538738,-1620226.6125387382
2026-02-02,ar_lag1_7,hormuz_tanker_capacity,fold_38,2822308.0,2722581.621036131,99726.37896386907
2026-02-03,ar_lag1_7,hormuz_tanker_capacity,fold_38,1790511.0,2662765.5397546086,-872254.5397546086
2026-02-04,ar_lag1_7,hormuz_tanker_capacity,fold_38,983924.0,2643062.145193607,-1659138.145193607
2026-02-05,ar_lag1_7,hormuz_tanker_capacity,fold_38,1814047.0,2679444.9608927495,-865397.9608927495
2026-02-06,ar_lag1_7,hormuz_tanker_capacity,fold_38,2124033.0,2744438.8005100857,-620405.8005100857
2026-02-07,ar_lag1_7,hormuz_tanker_capacity,fold_38,2487346.0,2789322.1398676033,-301976.1398676033
2026-02-08,ar_lag1_7,hormuz_tanker_capacity,fold_38,1188475.0,2783052.220988292,-1594577.2209882918
2026-02-09,ar_lag1_7,hormuz_tanker_capacity,fold_38,1002564.0,2731589.6824062048,-1729025.6824062048
2026-02-10,ar_lag1_7,hormuz_tanker_capacity,fold_38,2942094.0,2674077.4762868,268016.5237131999
2026-02-11,ar_lag1_7,hormuz_tanker_capacity,fold_38,1454258.0,2654483.9134752876,-1200225.9134752876
2026-02-12,ar_lag1_7,hormuz_tanker_capacity,fold_38,1818114.0,2687952.5442364877,-869838.5442364877
2026-02-13,ar_lag1_7,hormuz_tanker_capacity,fold_38,2783046.0,2749388.9527432313,33657.04725676868
2023-01-01,arx_lag1_7_route,hormuz_tanker_capacity,fold_01,3141243.0,3077198.262838479,64044.73716152087
2023-01-02,arx_lag1_7_route,hormuz_tanker_capacity,fold_01,2938466.0,3131197.4193388256,-192731.41933882562
2023-01-03,arx_lag1_7_route,hormuz_tanker_capacity,fold_01,2760422.0,3047861.7476473493,-287439.74764734926
2023-01-04,arx_lag1_7_route,hormuz_tanker_capacity,fold_01,4063870.0,3013130.490934821,1050739.5090651792
2023-01-05,arx_lag1_7_route,hormuz_tanker_capacity,fold_01,2022234.0,3205081.6311455076,-1182847.6311455076
2023-01-06,arx_lag1_7_route,hormuz_tanker_capacity,fold_01,2337082.0,3373779.228858561,-1036697.2288585608
2023-01-07,arx_lag1_7_route,hormuz_tanker_capacity,fold_01,3346647.0,3233779.4063854977,112867.59361450234
2023-01-08,arx_lag1_7_route,hormuz_tanker_capacity,fold_01,2861132.0,3317484.055019178,-456352.05501917796
2023-01-09,arx_lag1_7_route,hormuz_tanker_capacity,fold_01,1708179.0,3245794.668769011,-1537615.6687690108
2023-01-10,arx_lag1_7_route,hormuz_tanker_capacity,fold_01,1696284.0,2973196.8772590305,-1276912.8772590305
2023-01-11,arx_lag1_7_route,hormuz_tanker_capacity,fold_01,1883288.0,3180866.249365609,-1297578.2493656091
2023-01-12,arx_lag1_7_route,hormuz_tanker_capacity,fold_01,1958713.0,3128187.16977752,-1169474.16977752
2023-01-13,arx_lag1_7_route,hormuz_tanker_capacity,fold_01,2244655.0,3259636.721681641,-1014981.721681641
2023-01-14,arx_lag1_7_route,hormuz_tanker_capacity,fold_01,4633693.0,3186641.2999633243,1447051.7000366757
2023-01-15,arx_lag1_7_route,hormuz_tanker_capacity,fold_01,1873256.0,3203672.5499010123,-1330416.5499010123
2023-01-16,arx_lag1_7_route,hormuz_tanker_capacity,fold_01,3240184.0,3105764.333260475,134419.6667395248
2023-01-17,arx_lag1_7_route,hormuz_tanker_capacity,fold_01,3070881.0,3098729.1200273796,-27848.1200273796
2023-01-18,arx_lag1_7_route,hormuz_tanker_capacity,fold_01,2907996.0,3129302.9723922675,-221306.97239226755
2023-01-19,arx_lag1_7_route,hormuz_tanker_capacity,fold_01,2048739.0,3103378.00266318,-1054639.0026631802
2023-01-20,arx_lag1_7_route,hormuz_tanker_capacity,fold_01,2982778.0,3204494.320116622,-221716.3201166219
2023-01-21,arx_lag1_7_route,hormuz_tanker_capacity,fold_01,2749758.0,3095615.5669728946,-345857.5669728946
2023-01-22,arx_lag1_7_route,hormuz_tanker_capacity,fold_01,3662741.0,3179395.4576797234,483345.5423202766
2023-01-23,arx_lag1_7_route,hormuz_tanker_capacity,fold_01,2710989.0,3152887.9391629854,-441898.9391629854
2023-01-24,arx_lag1_7_route,hormuz_tanker_capacity,fold_01,2257143.0,3155037.6298923446,-897894.6298923446
2023-01-25,arx_lag1_7_route,hormuz_tanker_capacity,fold_01,4441824.0,3139677.348657611,1302146.6513423892
2023-01-26,arx_lag1_7_route,hormuz_tanker_capacity,fold_01,3022280.0,3196164.414496831,-173884.41449683113
2023-01-27,arx_lag1_7_route,hormuz_tanker_capacity,fold_01,1781374.0,3251940.4504735456,-1470566.4504735456
2023-01-28,arx_lag1_7_route,hormuz_tanker_capacity,fold_01,2938002.0,3302566.975178571,-364564.97517857095
2023-01-29,arx_lag1_7_route,hormuz_tanker_capacity,fold_01,2742204.0,3192929.2757716035,-450725.27577160345
2023-01-30,arx_lag1_7_route,hormuz_tanker_capacity,fold_01,2542514.0,3236514.964851689,-694000.9648516891
2023-01-31,arx_lag1_7_route,hormuz_tanker_capacity,fold_02,2376106.0,3029247.624674467,-653141.6246744669
2023-02-01,arx_lag1_7_route,hormuz_tanker_capacity,fold_02,2663972.0,3129533.2977072857,-465561.29770728573
2023-02-02,arx_lag1_7_route,hormuz_tanker_capacity,fold_02,2601079.0,3092854.5305822426,-491775.53058224265
2023-02-03,arx_lag1_7_route,hormuz_tanker_capacity,fold_02,3126421.0,3082962.0241666064,43458.97583339363
2023-02-04,arx_lag1_7_route,hormuz_tanker_capacity,fold_02,3034277.0,3200809.777558514,-166532.77755851392
2023-02-05,arx_lag1_7_route,hormuz_tanker_capacity,fold_02,2560133.0,3224114.4843362086,-663981.4843362086
2023-02-06,arx_lag1_7_route,hormuz_tanker_capacity,fold_02,3342370.0,3157556.5280104107,184813.47198958928
2023-02-07,arx_lag1_7_route,hormuz_tanker_capacity,fold_02,2561128.0,3096901.555755654,-535773.5557556539
2023-02-08,arx_lag1_7_route,hormuz_tanker_capacity,fold_02,3645018.0,2953662.0688056992,691355.9311943008
2023-02-09,arx_lag1_7_route,hormuz_tanker_capacity,fold_02,3132923.0,3084418.3842487955,48504.61575120455
2023-02-10,arx_lag1_7_route,hormuz_tanker_capacity,fold_02,1870571.0,3254978.6067009326,-1384407.6067009326
2023-02-11,arx_lag1_7_route,hormuz_tanker_capacity,fold_02,1535288.0,3309912.1229580753,-1774624.1229580753
2023-02-12,arx_lag1_7_route,hormuz_tanker_capacity,fold_02,3181979.0,3103678.9759285552,78300.02407144476
2023-02-13,arx_lag1_7_route,hormuz_tanker_capacity,fold_02,3507701.0,3149074.7189833084,358626.2810166916
2023-02-14,arx_lag1_7_route,hormuz_tanker_capacity,fold_02,1727408.0,3118403.4424226265,-1390995.4424226265
2023-02-15,arx_lag1_7_route,hormuz_tanker_capacity,fold_02,1396110.0,3086243.0891966596,-1690133.0891966596
2023-02-16,arx_lag1_7_route,hormuz_tanker_capacity,fold_02,4326647.0,3175586.157050239,1151060.842949761
2023-02-17,arx_lag1_7_route,hormuz_tanker_capacity,fold_02,3672566.0,3119829.0954418187,552736.9045581813
2023-02-18,arx_lag1_7_route,hormuz_tanker_capacity,fold_02,2853705.0,3305785.8592239125,-452080.85922391247
2023-02-19,arx_lag1_7_route,hormuz_tanker_capacity,fold_02,1982634.0,3210432.063617203,-1227798.063617203
2023-02-20,arx_lag1_7_route,hormuz_tanker_capacity,fold_02,2263823.0,3217075.382640272,-953252.3826402719
2023-02-21,arx_lag1_7_route,hormuz_tanker_capacity,fold_02,1761053.0,3046027.654031912,-1284974.6540319119
2023-02-22,arx_lag1_7_route,hormuz_tanker_capacity,fold_02,3990638.0,2965565.291800808,1025072.7081991918
2023-02-23,arx_lag1_7_route,hormuz_tanker_capacity,fold_02,3165736.0,3106227.0181000503,59508.98189994972
2023-02-24,arx_lag1_7_route,hormuz_tanker_capacity,fold_02,4736267.0,3192072.846690439,1544194.1533095608
2023-02-25,arx_lag1_7_route,hormuz_tanker_capacity,fold_02,2705278.0,3322499.791145134,-617221.7911451338
2023-02-26,arx_lag1_7_route,hormuz_tanker_capacity,fold_02,4430079.0,3129406.7962015416,1300672.2037984584
2023-02-27,arx_lag1_7_route,hormuz_tanker_capacity,fold_02,2999219.0,3113302.7442327538,-114083.74423275376
2023-02-28,arx_lag1_7_route,hormuz_tanker_capacity,fold_02,3547560.0,2977149.7702638656,570410.2297361344
2023-03-01,arx_lag1_7_route,hormuz_tanker_capacity,fold_02,2705716.0,3060764.457964341,-355048.45796434116
2023-03-02,arx_lag1_7_route,hormuz_tanker_capacity,fold_03,2391253.0,3045324.050371024,-654071.0503710238
2023-03-03,arx_lag1_7_route,hormuz_tanker_capacity,fold_03,3551143.0,3198125.9918560516,353017.0081439484
2023-03-04,arx_lag1_7_route,hormuz_tanker_capacity,fold_03,2547650.0,3166655.857597096,-619005.8575970959
2023-03-05,arx_lag1_7_route,hormuz_tanker_capacity,fold_03,4123895.0,3167832.8800150454,956062.1199849546
2023-03-06,arx_lag1_7_route,hormuz_tanker_capacity,fold_03,2275103.0,3040528.3166495683,-765425.3166495683
2023-03-07,arx_lag1_7_route,hormuz_tanker_capacity,fold_03,3905339.0,3023019.733841137,882319.266158863
2023-03-08,arx_lag1_7_route,hormuz_tanker_capacity,fold_03,3226421.0,3023712.6895351736,202708.3104648264
2023-03-09,arx_lag1_7_route,hormuz_tanker_capacity,fold_03,2622357.0,3090410.9725944893,-468053.97259448934
2023-03-10,arx_lag1_7_route,hormuz_tanker_capacity,fold_03,2284890.0,3198332.2218437223,-913442.2218437223
2023-03-11,arx_lag1_7_route,hormuz_tanker_capacity,fold_03,4141955.0,3135735.3476296263,1006219.6523703737
2023-03-12,arx_lag1_7_route,hormuz_tanker_capacity,fold_03,3749260.0,3101697.481449964,647562.518550036
2023-03-13,arx_lag1_7_route,hormuz_tanker_capacity,fold_03,3207795.0,3091076.2624439476,116718.7375560524
2023-03-14,arx_lag1_7_route,hormuz_tanker_capacity,fold_03,3748865.0,3006281.654048995,742583.3459510049
2023-03-15,arx_lag1_7_route,hormuz_tanker_capacity,fold_03,2699861.0,3039285.152932395,-339424.1529323952
2023-03-16,arx_lag1_7_route,hormuz_tanker_capacity,fold_03,3073175.0,3123977.5298613682,-50802.52986136824
2023-03-17,arx_lag1_7_route,hormuz_tanker_capacity,fold_03,1664847.0,3198165.0405054274,-1533318.0405054274
2023-03-18,arx_lag1_7_route,hormuz_tanker_capacity,fold_03,3270623.0,3168730.0441602324,101892.95583976759
2023-03-19,arx_lag1_7_route,hormuz_tanker_capacity,fold_03,3705906.0,3094171.2366694342,611734.7633305658
2023-03-20,arx_lag1_7_route,hormuz_tanker_capacity,fold_03,2971180.0,3074393.249508532,-103213.24950853223
2023-03-21,arx_lag1_7_route,hormuz_tanker_capacity,fold_03,1528713.0,3028246.3921414027,-1499533.3921414027
2023-03-22,arx_lag1_7_route,hormuz_tanker_capacity,fold_03,1996398.0,3066248.2806646074,-1069850.2806646074
2023-03-23,arx_lag1_7_route,hormuz_tanker_capacity,fold_03,2603874.0,3120257.9587529204,-516383.9587529204
2023-03-24,arx_lag1_7_route,hormuz_tanker_capacity,fold_03,2271504.0,3184032.9131858004,-912528.9131858004
2023-03-25,arx_lag1_7_route,hormuz_tanker_capacity,fold_03,1641434.0,3158069.6187598794,-1516635.6187598794
2023-03-26,arx_lag1_7_route,hormuz_tanker_capacity,fold_03,3265841.0,3110969.130953052,154871.86904694792
2023-03-27,arx_lag1_7_route,hormuz_tanker_capacity,fold_03,2200155.0,3053353.016893429,-853198.0168934292
2023-03-28,arx_lag1_7_route,hormuz_tanker_capacity,fold_03,2321167.0,2991201.3493403527,-670034.3493403527
2023-03-29,arx_lag1_7_route,hormuz_tanker_capacity,fold_03,2325626.0,3022272.4656518498,-696646.4656518498
2023-03-30,arx_lag1_7_route,hormuz_tanker_capacity,fold_03,3119592.0,3145524.770381359,-25932.770381358918
2023-03-31,arx_lag1_7_route,hormuz_tanker_capacity,fold_03,3808337.0,3181319.2281943355,627017.7718056645
2023-04-01,arx_lag1_7_route,hormuz_tanker_capacity,fold_04,2770109.0,3220348.295488652,-450239.29548865184
2023-04-02,arx_lag1_7_route,hormuz_tanker_capacity,fold_04,3485074.0,3156612.8775411327,328461.12245886726
2023-04-03,arx_lag1_7_route,hormuz_tanker_capacity,fold_04,2264006.0,2989100.973497781,-725094.973497781
2023-04-04,arx_lag1_7_route,hormuz_tanker_capacity,fold_04,2227354.0,2916010.440912279,-688656.4409122788
2023-04-05,arx_lag1_7_route,hormuz_tanker_capacity,fold_04,3119716.0,2978027.2557784687,141688.74422153132
2023-04-06,arx_lag1_7_route,hormuz_tanker_capacity,fold_04,4378481.0,3078561.4300689176,1299919.5699310824
2023-04-07,arx_lag1_7_route,hormuz_tanker_capacity,fold_04,2782762.0,3162938.380212797,-380176.38021279685
2023-04-08,arx_lag1_7_route,hormuz_tanker_capacity,fold_04,3682520.0,3221090.3188283956,461429.68117160443
2023-04-09,arx_lag1_7_route,hormuz_tanker_capacity,fold_04,3630071.0,3109025.3733980795,521045.62660192046
2023-04-10,arx_lag1_7_route,hormuz_tanker_capacity,fold_04,2709065.0,3051492.9119706186,-342427.91197061865
2023-04-11,arx_lag1_7_route,hormuz_tanker_capacity,fold_04,3748348.0,3038028.607270981,710319.3927290188
2023-04-12,arx_lag1_7_route,hormuz_tanker_capacity,fold_04,2841980.0,2984673.967608626,-142693.967608626
2023-04-13,arx_lag1_7_route,hormuz_tanker_capacity,fold_04,3918245.0,3088520.5811850335,829724.4188149665
2023-04-14,arx_lag1_7_route,hormuz_tanker_capacity,fold_04,2951958.0,3165918.5966501827,-213960.59665018274
2023-04-15,arx_lag1_7_route,hormuz_tanker_capacity,fold_04,2201418.0,3175330.523605149,-973912.5236051488
2023-04-16,arx_lag1_7_route,hormuz_tanker_capacity,fold_04,3906170.0,3178769.771700886,727400.2282991139
2023-04-17,arx_lag1_7_route,hormuz_tanker_capacity,fold_04,2888816.0,3081424.3888624692,-192608.38886246923
2023-04-18,arx_lag1_7_route,hormuz_tanker_capacity,fold_04,3726015.0,2996652.5219975184,729362.4780024816
2023-04-19,arx_lag1_7_route,hormuz_tanker_capacity,fold_04,2813249.0,3004409.4707831843,-191160.47078318428
2023-04-20,arx_lag1_7_route,hormuz_tanker_capacity,fold_04,4694748.0,3094422.1553701097,1600325.8446298903
2023-04-21,arx_lag1_7_route,hormuz_tanker_capacity,fold_04,3901962.0,3159472.4877139954,742489.5122860046
2023-04-22,arx_lag1_7_route,hormuz_tanker_capacity,fold_04,4278590.0,3184413.79623353,1094176.2037664698
2023-04-23,arx_lag1_7_route,hormuz_tanker_capacity,fold_04,3948958.0,3135171.6657407884,813786.3342592116
2023-04-24,arx_lag1_7_route,hormuz_tanker_capacity,fold_04,2749883.0,3082478.4292934216,-332595.42929342156
2023-04-25,arx_lag1_7_route,hormuz_tanker_capacity,fold_04,3448866.0,2985650.508450437,463215.4915495631
2023-04-26,arx_lag1_7_route,hormuz_tanker_capacity,fold_04,2273157.0,3014533.2484906763,-741376.2484906763
2023-04-27,arx_lag1_7_route,hormuz_tanker_capacity,fold_04,3105954.0,3104567.3899703086,1386.6100296913646
2023-04-28,arx_lag1_7_route,hormuz_tanker_capacity,fold_04,2088589.0,3152337.879473219,-1063748.8794732192
2023-04-29,arx_lag1_7_route,hormuz_tanker_capacity,fold_04,3881570.0,3157878.2596520297,723691.7403479703
2023-04-30,arx_lag1_7_route,hormuz_tanker_capacity,fold_04,1978027.0,3054726.6548209484,-1076699.6548209484
2023-05-01,arx_lag1_7_route,hormuz_tanker_capacity,fold_05,4430493.0,2902130.780101325,1528362.219898675
2023-05-02,arx_lag1_7_route,hormuz_tanker_capacity,fold_05,2652509.0,3031913.12863026,-379404.12863026
2023-05-03,arx_lag1_7_route,hormuz_tanker_capacity,fold_05,3167245.0,3031416.840210902,135828.15978909796
2023-05-04,arx_lag1_7_route,hormuz_tanker_capacity,fold_05,2095988.0,3033347.680225445,-937359.680225445
2023-05-05,arx_lag1_7_route,hormuz_tanker_capacity,fold_05,2925990.0,3062596.35213313,-136606.3521331302
2023-05-06,arx_lag1_7_route,hormuz_tanker_capacity,fold_05,4169023.0,3256592.1699782964,912430.8300217036
2023-05-07,arx_lag1_7_route,hormuz_tanker_capacity,fold_05,3110076.0,3209587.667896747,-99511.66789674712
2023-05-08,arx_lag1_7_route,hormuz_tanker_capacity,fold_05,4137207.0,3004472.430934104,1132734.5690658959
2023-05-09,arx_lag1_7_route,hormuz_tanker_capacity,fold_05,3052630.0,3076924.7376687624,-24294.73766876245
2023-05-10,arx_lag1_7_route,hormuz_tanker_capacity,fold_05,3634358.0,3040067.788102446,594290.2118975539
2023-05-11,arx_lag1_7_route,hormuz_tanker_capacity,fold_05,4456709.0,3074319.544779352,1382389.455220648
2023-05-12,arx_lag1_7_route,hormuz_tanker_capacity,fold_05,3089835.0,3148364.859834723,-58529.859834723175
2023-05-13,arx_lag1_7_route,hormuz_tanker_capacity,fold_05,3252860.0,3205863.4684611736,46996.53153882641
2023-05-14,arx_lag1_7_route,hormuz_tanker_capacity,fold_05,3825284.0,3127810.3441450936,697473.6558549064
2023-05-15,arx_lag1_7_route,hormuz_tanker_capacity,fold_05,2780462.0,3111279.065373478,-330817.065373478
2023-05-16,arx_lag1_7_route,hormuz_tanker_capacity,fold_05,1608645.0,3057220.132855916,-1448575.132855916
2023-05-17,arx_lag1_7_route,hormuz_tanker_capacity,fold_05,4067596.0,3039548.476200153,1028047.5237998469
2023-05-18,arx_lag1_7_route,hormuz_tanker_capacity,fold_05,3358580.0,3062269.528879767,296310.4711202332
2023-05-19,arx_lag1_7_route,hormuz_tanker_capacity,fold_05,3475121.0,3123110.279468324,352010.72053167596
2023-05-20,arx_lag1_7_route,hormuz_tanker_capacity,fold_05,4065420.0,3163855.9606595202,901564.0393404798
2023-05-21,arx_lag1_7_route,hormuz_tanker_capacity,fold_05,1769237.0,3189946.433988045,-1420709.433988045
2023-05-22,arx_lag1_7_route,hormuz_tanker_capacity,fold_05,2459435.0,3061580.9327825606,-602145.9327825606
2023-05-23,arx_lag1_7_route,hormuz_tanker_capacity,fold_05,1125285.0,2983730.028358821,-1858445.0283588208
2023-05-24,arx_lag1_7_route,hormuz_tanker_capacity,fold_05,2378560.0,3070843.2007963522,-692283.2007963522
2023-05-25,arx_lag1_7_route,hormuz_tanker_capacity,fold_05,2814457.0,3158449.2208060655,-343992.2208060655
2023-05-26,arx_lag1_7_route,hormuz_tanker_capacity,fold_05,2448965.0,3247585.5750993895,-798620.5750993895
2023-05-27,arx_lag1_7_route,hormuz_tanker_capacity,fold_05,2617777.0,3179000.7311957204,-561223.7311957204
2023-05-28,arx_lag1_7_route,hormuz_tanker_capacity,fold_05,2109274.0,3135875.609838601,-1026601.6098386012
2023-05-29,arx_lag1_7_route,hormuz_tanker_capacity,fold_05,3550259.0,3025873.59406317,524385.4059368302
2023-05-30,arx_lag1_7_route,hormuz_tanker_capacity,fold_05,3035054.0,3017559.428424507,17494.571575493086
2023-05-31,arx_lag1_7_route,hormuz_tanker_capacity,fold_06,3542017.0,3017552.309801605,524464.6901983949
2023-06-01,arx_lag1_7_route,hormuz_tanker_capacity,fold_06,2944251.0,3049187.011008421,-104936.01100842096
2023-06-02,arx_lag1_7_route,hormuz_tanker_capacity,fold_06,3022194.0,3182629.0350750065,-160435.03507500654
2023-06-03,arx_lag1_7_route,hormuz_tanker_capacity,fold_06,2130474.0,3195621.833294305,-1065147.833294305
2023-06-04,arx_lag1_7_route,hormuz_tanker_capacity,fold_06,4256025.0,3047278.950897054,1208746.0491029462
2023-06-05,arx_lag1_7_route,hormuz_tanker_capacity,fold_06,4930552.0,3030895.3724398846,1899656.6275601154
2023-06-06,arx_lag1_7_route,hormuz_tanker_capacity,fold_06,2797651.0,3041347.65960621,-243696.65960620996
2023-06-07,arx_lag1_7_route,hormuz_tanker_capacity,fold_06,3065390.0,2991144.706383719,74245.29361628089
2023-06-08,arx_lag1_7_route,hormuz_tanker_capacity,fold_06,2966420.0,3117984.417328532,-151564.41732853185
2023-06-09,arx_lag1_7_route,hormuz_tanker_capacity,fold_06,3660981.0,3176974.7615203224,484006.2384796776
2023-06-10,arx_lag1_7_route,hormuz_tanker_capacity,fold_06,3507066.0,3196614.5463423533,310451.45365764666
2023-06-11,arx_lag1_7_route,hormuz_tanker_capacity,fold_06,2781464.0,3098854.931210489,-317390.931210489
2023-06-12,arx_lag1_7_route,hormuz_tanker_capacity,fold_06,2704129.0,2965115.427834515,-260986.427834515
2023-06-13,arx_lag1_7_route,hormuz_tanker_capacity,fold_06,2258120.0,3029913.4055636,-771793.4055635999
2023-06-14,arx_lag1_7_route,hormuz_tanker_capacity,fold_06,2639941.0,3080637.811249399,-440696.8112493991
2023-06-15,arx_lag1_7_route,hormuz_tanker_capacity,fold_06,4441258.0,3056455.916458223,1384802.083541777
2023-06-16,arx_lag1_7_route,hormuz_tanker_capacity,fold_06,3837976.0,3155132.1087865764,682843.8912134236
2023-06-17,arx_lag1_7_route,hormuz_tanker_capacity,fold_06,2682588.0,3165189.7780341734,-482601.7780341734
2023-06-18,arx_lag1_7_route,hormuz_tanker_capacity,fold_06,3582741.0,3147403.3019998535,435337.69800014654
2023-06-19,arx_lag1_7_route,hormuz_tanker_capacity,fold_06,2556783.0,3072449.9688647175,-515666.9688647175
2023-06-20,arx_lag1_7_route,hormuz_tanker_capacity,fold_06,2050222.0,3061476.374879384,-1011254.374879384
2023-06-21,arx_lag1_7_route,hormuz_tanker_capacity,fold_06,2234129.0,3011466.3777193176,-777337.3777193176
2023-06-22,arx_lag1_7_route,hormuz_tanker_capacity,fold_06,4224072.0,3086651.729575769,1137420.270424231
2023-06-23,arx_lag1_7_route,hormuz_tanker_capacity,fold_06,3102763.0,3205369.159030647,-102606.15903064702
2023-06-24,arx_lag1_7_route,hormuz_tanker_capacity,fold_06,4681026.0,3174844.3418427072,1506181.6581572928
2023-06-25,arx_lag1_7_route,hormuz_tanker_capacity,fold_06,3225487.0,3105908.946666497,119578.0533335032
2023-06-26,arx_lag1_7_route,hormuz_tanker_capacity,fold_06,3008044.0,3020588.9225211022,-12544.922521102242
2023-06-27,arx_lag1_7_route,hormuz_tanker_capacity,fold_06,2793046.0,2958079.360191863,-165033.36019186303
2023-06-28,arx_lag1_7_route,hormuz_tanker_capacity,fold_06,3150994.0,2984236.702231555,166757.29776844522
2023-06-29,arx_lag1_7_route,hormuz_tanker_capacity,fold_06,3972057.0,3089433.169093258,882623.8309067418
2023-06-30,arx_lag1_7_route,hormuz_tanker_capacity,fold_07,1787611.0,3346161.682712924,-1558550.6827129242
2023-07-01,arx_lag1_7_route,hormuz_tanker_capacity,fold_07,2862372.0,3325213.951128,-462841.9511279999
2023-07-02,arx_lag1_7_route,hormuz_tanker_capacity,fold_07,4199883.0,3175665.165738342,1024217.8342616581
2023-07-03,arx_lag1_7_route,hormuz_tanker_capacity,fold_07,4396761.0,3088047.2829958075,1308713.7170041925
2023-07-04,arx_lag1_7_route,hormuz_tanker_capacity,fold_07,2884533.0,2986276.8273196938,-101743.82731969375
2023-07-05,arx_lag1_7_route,hormuz_tanker_capacity,fold_07,4898618.0,3047231.766562044,1851386.2334379558
2023-07-06,arx_lag1_7_route,hormuz_tanker_capacity,fold_07,2693377.0,3135176.027185785,-441799.0271857851
2023-07-07,arx_lag1_7_route,hormuz_tanker_capacity,fold_07,3338484.0,3187236.271410228,151247.72858977178
2023-07-08,arx_lag1_7_route,hormuz_tanker_capacity,fold_07,2783748.0,3206995.200115972,-423247.2001159722
2023-07-09,arx_lag1_7_route,hormuz_tanker_capacity,fold_07,2399992.0,3140713.2290506368,-740721.2290506368
2023-07-10,arx_lag1_7_route,hormuz_tanker_capacity,fold_07,3891305.0,3024129.0758476574,867175.9241523426
2023-07-11,arx_lag1_7_route,hormuz_tanker_capacity,fold_07,4127397.0,2953581.4304565573,1173815.5695434427
2023-07-12,arx_lag1_7_route,hormuz_tanker_capacity,fold_07,1686366.0,3022981.6166015267,-1336615.6166015267
2023-07-13,arx_lag1_7_route,hormuz_tanker_capacity,fold_07,3953893.0,3114989.436969348,838903.5630306518
2023-07-14,arx_lag1_7_route,hormuz_tanker_capacity,fold_07,3502551.0,3184990.2642275104,317560.73577248957
2023-07-15,arx_lag1_7_route,hormuz_tanker_capacity,fold_07,3179714.0,3219773.9696149277,-40059.96961492766
2023-07-16,arx_lag1_7_route,hormuz_tanker_capacity,fold_07,2974464.0,3128985.0446449923,-154521.04464499233
2023-07-17,arx_lag1_7_route,hormuz_tanker_capacity,fold_07,3609772.0,3050316.0359859695,559455.9640140305
2023-07-18,arx_lag1_7_route,hormuz_tanker_capacity,fold_07,2298885.0,2982438.0049969093,-683553.0049969093
2023-07-19,arx_lag1_7_route,hormuz_tanker_capacity,fold_07,1886191.0,3038481.1664244365,-1152290.1664244365
2023-07-20,arx_lag1_7_route,hormuz_tanker_capacity,fold_07,4540307.0,3113277.2776298905,1427029.7223701095
2023-07-21,arx_lag1_7_route,hormuz_tanker_capacity,fold_07,2965342.0,3192447.5045725727,-227105.50457257265
2023-07-22,arx_lag1_7_route,hormuz_tanker_capacity,fold_07,2691394.0,3196027.054776102,-504633.05477610184
2023-07-23,arx_lag1_7_route,hormuz_tanker_capacity,fold_07,2692469.0,3137346.8256402486,-444877.8256402486
2023-07-24,arx_lag1_7_route,hormuz_tanker_capacity,fold_07,3966516.0,3017385.9246068466,949130.0753931534
2023-07-25,arx_lag1_7_route,hormuz_tanker_capacity,fold_07,2294501.0,2944381.7477547275,-649880.7477547275
2023-07-26,arx_lag1_7_route,hormuz_tanker_capacity,fold_07,1529898.0,3046733.952303465,-1516835.952303465
2023-07-27,arx_lag1_7_route,hormuz_tanker_capacity,fold_07,3057441.0,3106994.8879350782,-49553.88793507824
2023-07-28,arx_lag1_7_route,hormuz_tanker_capacity,fold_07,2600680.0,3217612.415651969,-616932.4156519691
2023-07-29,arx_lag1_7_route,hormuz_tanker_capacity,fold_07,1163691.0,3195390.2594281877,-2031699.2594281877
2023-07-30,arx_lag1_7_route,hormuz_tanker_capacity,fold_08,2528410.0,2829535.1590098795,-301125.15900987945
2023-07-31,arx_lag1_7_route,hormuz_tanker_capacity,fold_08,3940730.0,3033655.3075273,907074.6924727
2023-08-01,arx_lag1_7_route,hormuz_tanker_capacity,fold_08,2979490.0,2992573.616327875,-13083.616327874828
2023-08-02,arx_lag1_7_route,hormuz_tanker_capacity,fold_08,1894108.0,2912903.6089930474,-1018795.6089930474
2023-08-03,arx_lag1_7_route,hormuz_tanker_capacity,fold_08,3504411.0,3077295.757665656,427115.24233434396
2023-08-04,arx_lag1_7_route,hormuz_tanker_capacity,fold_08,2675935.0,3157377.5943935774,-481442.5943935774
2023-08-05,arx_lag1_7_route,hormuz_tanker_capacity,fold_08,2365948.0,3087593.580340806,-721645.5803408059
2023-08-06,arx_lag1_7_route,hormuz_tanker_capacity,fold_08,3184994.0,3108993.729203371,76000.27079662913
2023-08-07,arx_lag1_7_route,hormuz_tanker_capacity,fold_08,2492795.0,3025199.3891100744,-532404.3891100744
2023-08-08,arx_lag1_7_route,hormuz_tanker_capacity,fold_08,2803223.0,2990253.217497829,-187030.21749782888
2023-08-09,arx_lag1_7_route,hormuz_tanker_capacity,fold_08,2285632.0,3008215.891152457,-722583.8911524569
2023-08-10,arx_lag1_7_route,hormuz_tanker_capacity,fold_08,2966042.0,3104694.58773828,-138652.58773828018
2023-08-11,arx_lag1_7_route,hormuz_tanker_capacity,fold_08,3522202.0,3187701.9588866797,334500.0411133203
2023-08-12,arx_lag1_7_route,hormuz_tanker_capacity,fold_08,4107095.0,3186842.855275404,920252.1447245958
2023-08-13,arx_lag1_7_route,hormuz_tanker_capacity,fold_08,3584557.0,3121183.2164583993,463373.7835416007
2023-08-14,arx_lag1_7_route,hormuz_tanker_capacity,fold_08,3079828.0,3002628.4985868125,77199.50141318748
2023-08-15,arx_lag1_7_route,hormuz_tanker_capacity,fold_08,2176198.0,3015235.1932203756,-839037.1932203756
2023-08-16,arx_lag1_7_route,hormuz_tanker_capacity,fold_08,2588348.0,3010855.0735999304,-422507.0735999304
2023-08-17,arx_lag1_7_route,hormuz_tanker_capacity,fold_08,2826402.0,3094313.831143587,-267911.8311435869
2023-08-18,arx_lag1_7_route,hormuz_tanker_capacity,fold_08,3783013.0,3199180.5589161543,583832.4410838457
2023-08-19,arx_lag1_7_route,hormuz_tanker_capacity,fold_08,3579655.0,3228872.0879224315,350782.9120775685
2023-08-20,arx_lag1_7_route,hormuz_tanker_capacity,fold_08,3781747.0,3132803.394861714,648943.605138286
2023-08-21,arx_lag1_7_route,hormuz_tanker_capacity,fold_08,2779080.0,3034993.383474982,-255913.38347498188
2023-08-22,arx_lag1_7_route,hormuz_tanker_capacity,fold_08,3252371.0,3037518.6173474723,214852.38265252765
2023-08-23,arx_lag1_7_route,hormuz_tanker_capacity,fold_08,2877438.0,3026716.094672742,-149278.09467274183
2023-08-24,arx_lag1_7_route,hormuz_tanker_capacity,fold_08,2171189.0,3090996.8312896686,-919807.8312896686
2023-08-25,arx_lag1_7_route,hormuz_tanker_capacity,fold_08,2245226.0,3193330.2589688282,-948104.2589688282
2023-08-26,arx_lag1_7_route,hormuz_tanker_capacity,fold_08,3320936.0,3213605.479007219,107330.52099278104
2023-08-27,arx_lag1_7_route,hormuz_tanker_capacity,fold_08,1910172.0,3124137.8126139236,-1213965.8126139236
2023-08-28,arx_lag1_7_route,hormuz_tanker_capacity,fold_08,3633623.0,3042704.7749094213,590918.2250905787
2023-08-29,arx_lag1_7_route,hormuz_tanker_capacity,fold_09,2519718.0,3091050.710414097,-571332.7104140972
2023-08-30,arx_lag1_7_route,hormuz_tanker_capacity,fold_09,2242978.0,2991459.8729114397,-748481.8729114397
2023-08-31,arx_lag1_7_route,hormuz_tanker_capacity,fold_09,1814292.0,2997657.9982146174,-1183365.9982146174
2023-09-01,arx_lag1_7_route,hormuz_tanker_capacity,fold_09,1256677.0,3077602.1338405786,-1820925.1338405786
2023-09-02,arx_lag1_7_route,hormuz_tanker_capacity,fold_09,2046525.0,3147564.666184095,-1101039.6661840952
2023-09-03,arx_lag1_7_route,hormuz_tanker_capacity,fold_09,2749574.0,3065384.556732295,-315810.5567322951
2023-09-04,arx_lag1_7_route,hormuz_tanker_capacity,fold_09,2467161.0,3097442.5407467415,-630281.5407467415
2023-09-05,arx_lag1_7_route,hormuz_tanker_capacity,fold_09,3342639.0,2981686.9731040336,360952.0268959664
2023-09-06,arx_lag1_7_route,hormuz_tanker_capacity,fold_09,3994780.0,2984950.072873869,1009829.927126131
2023-09-07,arx_lag1_7_route,hormuz_tanker_capacity,fold_09,3705777.0,3082674.4957103925,623102.5042896075
2023-09-08,arx_lag1_7_route,hormuz_tanker_capacity,fold_09,3566045.0,3137147.621334436,428897.3786655641
2023-09-09,arx_lag1_7_route,hormuz_tanker_capacity,fold_09,2836321.0,3195991.663819255,-359670.66381925484
2023-09-10,arx_lag1_7_route,hormuz_tanker_capacity,fold_09,2150468.0,3128265.9374020356,-977797.9374020356
2023-09-11,arx_lag1_7_route,hormuz_tanker_capacity,fold_09,3501939.0,3036270.0398707357,465668.9601292643
2023-09-12,arx_lag1_7_route,hormuz_tanker_capacity,fold_09,1740118.0,3042287.062484572,-1302169.0624845722
2023-09-13,arx_lag1_7_route,hormuz_tanker_capacity,fold_09,3557952.0,2994514.816441646,563437.1835583542
2023-09-14,arx_lag1_7_route,hormuz_tanker_capacity,fold_09,5018863.0,3062742.480045066,1956120.5199549338
2023-09-15,arx_lag1_7_route,hormuz_tanker_capacity,fold_09,1764500.0,3158297.48818132,-1393797.48818132
2023-09-16,arx_lag1_7_route,hormuz_tanker_capacity,fold_09,2290475.0,3212229.801446285,-921754.8014462851
2023-09-17,arx_lag1_7_route,hormuz_tanker_capacity,fold_09,2281987.0,3141631.381812813,-859644.3818128132
2023-09-18,arx_lag1_7_route,hormuz_tanker_capacity,fold_09,3387634.0,3047162.5500284773,340471.44997152267
2023-09-19,arx_lag1_7_route,hormuz_tanker_capacity,fold_09,3432396.0,2985124.583123631,447271.41687636916
2023-09-20,arx_lag1_7_route,hormuz_tanker_capacity,fold_09,4234171.0,2950901.5421525477,1283269.4578474523
2023-09-21,arx_lag1_7_route,hormuz_tanker_capacity,fold_09,1919939.0,3057293.4714495847,-1137354.4714495847
2023-09-22,arx_lag1_7_route,hormuz_tanker_capacity,fold_09,1747663.0,3152294.1488186554,-1404631.1488186554
2023-09-23,arx_lag1_7_route,hormuz_tanker_capacity,fold_09,2289506.0,3143667.8884866303,-854161.8884866303
2023-09-24,arx_lag1_7_route,hormuz_tanker_capacity,fold_09,2239462.0,3094529.4005271913,-855067.4005271913
2023-09-25,arx_lag1_7_route,hormuz_tanker_capacity,fold_09,2946230.0,3061975.676782428,-115745.67678242782
2023-09-26,arx_lag1_7_route,hormuz_tanker_capacity,fold_09,2294702.0,3007444.893609729,-712742.8936097291
2023-09-27,arx_lag1_7_route,hormuz_tanker_capacity,fold_09,3395128.0,2971375.161233781,423752.8387662191
2023-09-28,arx_lag1_7_route,hormuz_tanker_capacity,fold_10,2523881.0,3064410.4213780933,-540529.4213780933
2023-09-29,arx_lag1_7_route,hormuz_tanker_capacity,fold_10,3281975.0,3040857.5352055146,241117.46479448536
2023-09-30,arx_lag1_7_route,hormuz_tanker_capacity,fold_10,2595484.0,3076811.603383509,-481327.603383509
2023-10-01,arx_lag1_7_route,hormuz_tanker_capacity,fold_10,3034634.0,2960643.9502058914,73990.0497941086
2023-10-02,arx_lag1_7_route,hormuz_tanker_capacity,fold_10,2709561.0,2988627.8029226013,-279066.80292260135
2023-10-03,arx_lag1_7_route,hormuz_tanker_capacity,fold_10,3268028.0,2923972.9856203967,344055.0143796033
2023-10-04,arx_lag1_7_route,hormuz_tanker_capacity,fold_10,2407648.0,3074665.8340880116,-667017.8340880116
2023-10-05,arx_lag1_7_route,hormuz_tanker_capacity,fold_10,3212601.0,3110899.046678646,101701.953321354
2023-10-06,arx_lag1_7_route,hormuz_tanker_capacity,fold_10,4314111.0,3123966.533068859,1190144.466931141
2023-10-07,arx_lag1_7_route,hormuz_tanker_capacity,fold_10,2688339.0,3128886.891559738,-440547.8915597382
2023-10-08,arx_lag1_7_route,hormuz_tanker_capacity,fold_10,3452036.0,3047188.8088602903,404847.19113970967
2023-10-09,arx_lag1_7_route,hormuz_tanker_capacity,fold_10,3753567.0,3048297.6954287514,705269.3045712486
2023-10-10,arx_lag1_7_route,hormuz_tanker_capacity,fold_10,2633335.0,3027342.2914356203,-394007.2914356203
2023-10-11,arx_lag1_7_route,hormuz_tanker_capacity,fold_10,2519862.0,3062188.630514123,-542326.630514123
2023-10-12,arx_lag1_7_route,hormuz_tanker_capacity,fold_10,2178623.0,3091653.6574862255,-913030.6574862255
2023-10-13,arx_lag1_7_route,hormuz_tanker_capacity,fold_10,1844039.0,3173978.485775254,-1329939.4857752542
2023-10-14,arx_lag1_7_route,hormuz_tanker_capacity,fold_10,3425232.0,3108094.8944690963,317137.1055309037
2023-10-15,arx_lag1_7_route,hormuz_tanker_capacity,fold_10,3876657.0,3129538.394871066,747118.6051289341
2023-10-16,arx_lag1_7_route,hormuz_tanker_capacity,fold_10,2656976.0,3030344.1249478334,-373368.12494783336
2023-10-17,arx_lag1_7_route,hormuz_tanker_capacity,fold_10,1207586.0,3003614.277560641,-1796028.277560641
2023-10-18,arx_lag1_7_route,hormuz_tanker_capacity,fold_10,3043765.0,3006624.29499205,37140.705007949844
2023-10-19,arx_lag1_7_route,hormuz_tanker_capacity,fold_10,4219257.0,3057405.16314819,1161851.83685181
2023-10-20,arx_lag1_7_route,hormuz_tanker_capacity,fold_10,3177047.0,3098988.069692717,78058.93030728307
2023-10-21,arx_lag1_7_route,hormuz_tanker_capacity,fold_10,2474071.0,3137817.1353569054,-663746.1353569054
2023-10-22,arx_lag1_7_route,hormuz_tanker_capacity,fold_10,2351101.0,3085427.1993741984,-734326.1993741984
2023-10-23,arx_lag1_7_route,hormuz_tanker_capacity,fold_10,2272067.0,2997967.6550981523,-725900.6550981523
2023-10-24,arx_lag1_7_route,hormuz_tanker_capacity,fold_10,2269760.0,2993747.8923451053,-723987.8923451053
2023-10-25,arx_lag1_7_route,hormuz_tanker_capacity,fold_10,2329104.0,2982070.095717875,-652966.0957178748
2023-10-26,arx_lag1_7_route,hormuz_tanker_capacity,fold_10,894073.0,3035710.3323604967,-2141637.3323604967
2023-10-27,arx_lag1_7_route,hormuz_tanker_capacity,fold_10,1944925.0,3097408.907471742,-1152483.907471742
2023-10-28,arx_lag1_7_route,hormuz_tanker_capacity,fold_11,1655734.0,2887772.275195076,-1232038.2751950761
2023-10-29,arx_lag1_7_route,hormuz_tanker_capacity,fold_11,2055946.0,2995131.015108818,-939185.0151088182
2023-10-30,arx_lag1_7_route,hormuz_tanker_capacity,fold_11,3765395.0,2935208.9297553846,830186.0702446154
2023-10-31,arx_lag1_7_route,hormuz_tanker_capacity,fold_11,3627066.0,2960075.153764091,666990.846235909
2023-11-01,arx_lag1_7_route,hormuz_tanker_capacity,fold_11,2527510.0,2943939.452309936,-416429.4523099358
2023-11-02,arx_lag1_7_route,hormuz_tanker_capacity,fold_11,1664167.0,2901640.7551299776,-1237473.7551299776
2023-11-03,arx_lag1_7_route,hormuz_tanker_capacity,fold_11,2126743.0,3009396.997212643,-882653.9972126428
2023-11-04,arx_lag1_7_route,hormuz_tanker_capacity,fold_11,1292319.0,3119916.654077433,-1827597.654077433
2023-11-05,arx_lag1_7_route,hormuz_tanker_capacity,fold_11,2077133.0,3095489.9043934694,-1018356.9043934694
2023-11-06,arx_lag1_7_route,hormuz_tanker_capacity,fold_11,2076666.0,2982970.0614086487,-906304.0614086487
2023-11-07,arx_lag1_7_route,hormuz_tanker_capacity,fold_11,1014890.0,2988309.549860588,-1973419.5498605878
2023-11-08,arx_lag1_7_route,hormuz_tanker_capacity,fold_11,2364394.0,3007655.6567931483,-643261.6567931483
2023-11-09,arx_lag1_7_route,hormuz_tanker_capacity,fold_11,2264850.0,3030885.9961628653,-766035.9961628653
2023-11-10,arx_lag1_7_route,hormuz_tanker_capacity,fold_11,2799288.0,3097576.7409163653,-298288.7409163653
2023-11-11,arx_lag1_7_route,hormuz_tanker_capacity,fold_11,3672758.0,3135126.600974999,537631.3990250011
2023-11-12,arx_lag1_7_route,hormuz_tanker_capacity,fold_11,3107665.0,3120621.6354085547,-12956.635408554692
2023-11-13,arx_lag1_7_route,hormuz_tanker_capacity,fold_11,2365075.0,3066749.5575868892,-701674.5575868892
2023-11-14,arx_lag1_7_route,hormuz_tanker_capacity,fold_11,4192408.0,2983779.3823560593,1208628.6176439407
2023-11-15,arx_lag1_7_route,hormuz_tanker_capacity,fold_11,1464002.0,3005191.7040576776,-1541189.7040576776
2023-11-16,arx_lag1_7_route,hormuz_tanker_capacity,fold_11,2592078.0,3072084.656376605,-480006.6563766049
2023-11-17,arx_lag1_7_route,hormuz_tanker_capacity,fold_11,2534031.0,3142873.570313376,-608842.5703133759
2023-11-18,arx_lag1_7_route,hormuz_tanker_capacity,fold_11,2292146.0,3099123.853669782,-806977.8536697822
2023-11-19,arx_lag1_7_route,hormuz_tanker_capacity,fold_11,1278090.0,3089089.703047085,-1810999.703047085
2023-11-20,arx_lag1_7_route,hormuz_tanker_capacity,fold_11,1442930.0,3038785.500545826,-1595855.5005458258
2023-11-21,arx_lag1_7_route,hormuz_tanker_capacity,fold_11,2160121.0,2980394.6186238634,-820273.6186238634
2023-11-22,arx_lag1_7_route,hormuz_tanker_capacity,fold_11,1223317.0,3017350.130707656,-1794033.130707656
2023-11-23,arx_lag1_7_route,hormuz_tanker_capacity,fold_11,937892.0,3043494.1633059075,-2105602.1633059075
2023-11-24,arx_lag1_7_route,hormuz_tanker_capacity,fold_11,1779344.0,3080646.6882135663,-1301302.6882135663
2023-11-25,arx_lag1_7_route,hormuz_tanker_capacity,fold_11,2336066.0,3102918.9369920124,-766852.9369920124
2023-11-26,arx_lag1_7_route,hormuz_tanker_capacity,fold_11,3577174.0,3072274.632344883,504899.36765511706
2023-11-27,arx_lag1_7_route,hormuz_tanker_capacity,fold_12,2616653.0,2975234.644572052,-358581.6445720522
2023-11-28,arx_lag1_7_route,hormuz_tanker_capacity,fold_12,2655951.0,2854601.5408228356,-198650.54082283564
2023-11-29,arx_lag1_7_route,hormuz_tanker_capacity,fold_12,2639475.0,2803514.385871339,-164039.38587133912
2023-11-30,arx_lag1_7_route,hormuz_tanker_capacity,fold_12,2070994.0,2832019.877209996,-761025.8772099959
2023-12-01,arx_lag1_7_route,hormuz_tanker_capacity,fold_12,1831329.0,2915625.0411772844,-1084296.0411772844
2023-12-02,arx_lag1_7_route,hormuz_tanker_capacity,fold_12,1908841.0,3022588.613871742,-1113747.613871742
2023-12-03,arx_lag1_7_route,hormuz_tanker_capacity,fold_12,3871351.0,3095408.3436774337,775942.6563225663
2023-12-04,arx_lag1_7_route,hormuz_tanker_capacity,fold_12,2794981.0,2970100.239297461,-175119.23929746123
2023-12-05,arx_lag1_7_route,hormuz_tanker_capacity,fold_12,3046375.0,2898869.2410366964,147505.75896330364
2023-12-06,arx_lag1_7_route,hormuz_tanker_capacity,fold_12,2417967.0,2860108.2555134776,-442141.2555134776
2023-12-07,arx_lag1_7_route,hormuz_tanker_capacity,fold_12,3552027.0,2931157.4186700447,620869.5813299553
2023-12-08,arx_lag1_7_route,hormuz_tanker_capacity,fold_12,703313.0,2956594.240074782,-2253281.240074782
2023-12-09,arx_lag1_7_route,hormuz_tanker_capacity,fold_12,2318097.0,3043240.7031135806,-725143.7031135806
2023-12-10,arx_lag1_7_route,hormuz_tanker_capacity,fold_12,1474713.0,3014820.1285944087,-1540107.1285944087
2023-12-11,arx_lag1_7_route,hormuz_tanker_capacity,fold_12,1818775.0,2951459.502613516,-1132684.502613516
2023-12-12,arx_lag1_7_route,hormuz_tanker_capacity,fold_12,2297669.0,2921926.66002671,-624257.66002671
2023-12-13,arx_lag1_7_route,hormuz_tanker_capacity,fold_12,1085290.0,2887357.548271572,-1802067.5482715722
2023-12-14,arx_lag1_7_route,hormuz_tanker_capacity,fold_12,2238260.0,2939270.1373013607,-701010.1373013607
2023-12-15,arx_lag1_7_route,hormuz_tanker_capacity,fold_12,2455996.0,3057234.9824576774,-601238.9824576774
2023-12-16,arx_lag1_7_route,hormuz_tanker_capacity,fold_12,1359534.0,3080583.2846501297,-1721049.2846501297
2023-12-17,arx_lag1_7_route,hormuz_tanker_capacity,fold_12,1775413.0,2992095.9661448575,-1216682.9661448575
2023-12-18,arx_lag1_7_route,hormuz_tanker_capacity,fold_12,1970018.0,2922332.838870562,-952314.8388705621
2023-12-19,arx_lag1_7_route,hormuz_tanker_capacity,fold_12,726558.0,2840133.9192384803,-2113575.9192384803
2023-12-20,arx_lag1_7_route,hormuz_tanker_capacity,fold_12,2422926.0,2850783.6291363738,-427857.62913637375
2023-12-21,arx_lag1_7_route,hormuz_tanker_capacity,fold_12,1634620.0,2918575.8056123285,-1283955.8056123285
2023-12-22,arx_lag1_7_route,hormuz_tanker_capacity,fold_12,1289960.0,3024357.700822598,-1734397.7008225978
2023-12-23,arx_lag1_7_route,hormuz_tanker_capacity,fold_12,2544820.0,3063149.8777510202,-518329.87775102025
2023-12-24,arx_lag1_7_route,hormuz_tanker_capacity,fold_12,2283897.0,3065241.1175155398,-781344.1175155398
2023-12-25,arx_lag1_7_route,hormuz_tanker_capacity,fold_12,3263118.0,2911091.2814216707,352026.7185783293
2023-12-26,arx_lag1_7_route,hormuz_tanker_capacity,fold_12,2694782.0,2832955.7675446323,-138173.7675446323
2023-12-27,arx_lag1_7_route,hormuz_tanker_capacity,fold_13,2169194.0,2714238.5276729874,-545044.5276729874
2023-12-28,arx_lag1_7_route,hormuz_tanker_capacity,fold_13,3076405.0,2807008.9925080845,269396.0074919155
2023-12-29,arx_lag1_7_route,hormuz_tanker_capacity,fold_13,1929778.0,2768820.7695672237,-839042.7695672237
2023-12-30,arx_lag1_7_route,hormuz_tanker_capacity,fold_13,2020779.0,2866248.6105307923,-845469.6105307923
2023-12-31,arx_lag1_7_route,hormuz_tanker_capacity,fold_13,2907125.0,2939655.687916891,-32530.687916891184
2024-01-01,arx_lag1_7_route,hormuz_tanker_capacity,fold_13,2652578.0,2898873.7467936208,-246295.74679362075
2024-01-02,arx_lag1_7_route,hormuz_tanker_capacity,fold_13,2557152.0,2787975.6685992833,-230823.66859928332
2024-01-03,arx_lag1_7_route,hormuz_tanker_capacity,fold_13,3246564.0,2802881.361287625,443682.63871237496
2024-01-04,arx_lag1_7_route,hormuz_tanker_capacity,fold_13,2229185.0,2845506.061172277,-616321.0611722772
2024-01-05,arx_lag1_7_route,hormuz_tanker_capacity,fold_13,2717910.0,2889855.7661453565,-171945.76614535647
2024-01-06,arx_lag1_7_route,hormuz_tanker_capacity,fold_13,2820336.0,2928717.1349171624,-108381.13491716236
2024-01-07,arx_lag1_7_route,hormuz_tanker_capacity,fold_13,2670911.0,2898811.0088467007,-227900.00884670066
2024-01-08,arx_lag1_7_route,hormuz_tanker_capacity,fold_13,1900380.0,2778149.7169851167,-877769.7169851167
2024-01-09,arx_lag1_7_route,hormuz_tanker_capacity,fold_13,1746332.0,2615944.293526326,-869612.2935263258
2024-01-10,arx_lag1_7_route,hormuz_tanker_capacity,fold_13,1180786.0,2713341.8838287066,-1532555.8838287066
2024-01-11,arx_lag1_7_route,hormuz_tanker_capacity,fold_13,3503009.0,2806131.7424072307,696877.2575927693
2024-01-12,arx_lag1_7_route,hormuz_tanker_capacity,fold_13,2302529.0,2928462.806481976,-625933.8064819761
2024-01-13,arx_lag1_7_route,hormuz_tanker_capacity,fold_13,2379437.0,2940255.6775782243,-560818.6775782243
2024-01-14,arx_lag1_7_route,hormuz_tanker_capacity,fold_13,2255799.0,2918163.3427986884,-662364.3427986884
2024-01-15,arx_lag1_7_route,hormuz_tanker_capacity,fold_13,4839313.0,2858820.460958907,1980492.539041093
2024-01-16,arx_lag1_7_route,hormuz_tanker_capacity,fold_13,3115056.0,2804376.8906796183,310679.10932038166
2024-01-17,arx_lag1_7_route,hormuz_tanker_capacity,fold_13,3020521.0,2717743.562390742,302777.4376092581
2024-01-18,arx_lag1_7_route,hormuz_tanker_capacity,fold_13,1386796.0,2773128.288196777,-1386332.288196777
2024-01-19,arx_lag1_7_route,hormuz_tanker_capacity,fold_13,1830843.0,2863166.4147828156,-1032323.4147828156
2024-01-20,arx_lag1_7_route,hormuz_tanker_capacity,fold_13,1706463.0,2957890.077846307,-1251427.0778463068
2024-01-21,arx_lag1_7_route,hormuz_tanker_capacity,fold_13,1971989.0,2911466.9059201074,-939477.9059201074
2024-01-22,arx_lag1_7_route,hormuz_tanker_capacity,fold_13,2575217.0,2809009.4304968887,-233792.4304968887
2024-01-23,arx_lag1_7_route,hormuz_tanker_capacity,fold_13,2519141.0,2714613.120760013,-195472.12076001288
2024-01-24,arx_lag1_7_route,hormuz_tanker_capacity,fold_13,3030528.0,2711876.6951058004,318651.3048941996
2024-01-25,arx_lag1_7_route,hormuz_tanker_capacity,fold_13,2303084.0,2723103.1228906317,-420019.12289063167
2024-01-26,arx_lag1_7_route,hormuz_tanker_capacity,fold_14,2164295.0,2610680.842789259,-446385.8427892588
2024-01-27,arx_lag1_7_route,hormuz_tanker_capacity,fold_14,2884455.0,2702863.1942476747,181591.80575232534
2024-01-28,arx_lag1_7_route,hormuz_tanker_capacity,fold_14,2435870.0,2812019.1005060743,-376149.10050607426
2024-01-29,arx_lag1_7_route,hormuz_tanker_capacity,fold_14,2742152.0,2736159.6694914596,5992.3305085403845
2024-01-30,arx_lag1_7_route,hormuz_tanker_capacity,fold_14,2489222.0,2834585.3830498015,-345363.38304980146
2024-01-31,arx_lag1_7_route,hormuz_tanker_capacity,fold_14,2211268.0,2789745.507736476,-578477.5077364761
2024-02-01,arx_lag1_7_route,hormuz_tanker_capacity,fold_14,3162567.0,2674028.7544895876,488538.2455104124
2024-02-02,arx_lag1_7_route,hormuz_tanker_capacity,fold_14,3422820.0,2777833.3712081746,644986.6287918254
2024-02-03,arx_lag1_7_route,hormuz_tanker_capacity,fold_14,1881067.0,2800383.9235434025,-919316.9235434025
2024-02-04,arx_lag1_7_route,hormuz_tanker_capacity,fold_14,2551326.0,2697489.142937199,-146163.1429371992
2024-02-05,arx_lag1_7_route,hormuz_tanker_capacity,fold_14,2479224.0,2849321.4422202357,-370097.4422202357
2024-02-06,arx_lag1_7_route,hormuz_tanker_capacity,fold_14,1251600.0,2739276.607992758,-1487676.607992758
2024-02-07,arx_lag1_7_route,hormuz_tanker_capacity,fold_14,2050265.0,2759894.270038204,-709629.2700382038
2024-02-08,arx_lag1_7_route,hormuz_tanker_capacity,fold_14,2524994.0,2656334.113409298,-131340.113409298
2024-02-09,arx_lag1_7_route,hormuz_tanker_capacity,fold_14,1190470.0,2831417.287558277,-1640947.2875582771
2024-02-10,arx_lag1_7_route,hormuz_tanker_capacity,fold_14,3008870.0,2864090.395225942,144779.60477405787
2024-02-11,arx_lag1_7_route,hormuz_tanker_capacity,fold_14,2823538.0,2801489.7859128043,22048.214087195694
2024-02-12,arx_lag1_7_route,hormuz_tanker_capacity,fold_14,2072148.0,2777655.299539568,-705507.2995395679
2024-02-13,arx_lag1_7_route,hormuz_tanker_capacity,fold_14,2601106.0,2714681.9313578517,-113575.93135785172
2024-02-14,arx_lag1_7_route,hormuz_tanker_capacity,fold_14,2734260.0,2738889.60562684,-4629.605626840144
2024-02-15,arx_lag1_7_route,hormuz_tanker_capacity,fold_14,2530926.0,2909855.2199380873,-378929.2199380873
2024-02-16,arx_lag1_7_route,hormuz_tanker_capacity,fold_14,3476028.0,2849290.4533057287,626737.5466942713
2024-02-17,arx_lag1_7_route,hormuz_tanker_capacity,fold_14,2467847.0,2825562.127595037,-357715.1275950372
2024-02-18,arx_lag1_7_route,hormuz_tanker_capacity,fold_14,2109851.0,2885593.4296751004,-775742.4296751004
2024-02-19,arx_lag1_7_route,hormuz_tanker_capacity,fold_14,2554722.0,2826157.362252219,-271435.3622522191
2024-02-20,arx_lag1_7_route,hormuz_tanker_capacity,fold_14,1633100.0,2736007.1061033085,-1102907.1061033085
2024-02-21,arx_lag1_7_route,hormuz_tanker_capacity,fold_14,2577806.0,2738489.4455466354,-160683.44554663543
2024-02-22,arx_lag1_7_route,hormuz_tanker_capacity,fold_14,1981681.0,2812729.0703076352,-831048.0703076352
2024-02-23,arx_lag1_7_route,hormuz_tanker_capacity,fold_14,1493624.0,2810385.780459938,-1316761.780459938
2024-02-24,arx_lag1_7_route,hormuz_tanker_capacity,fold_14,3024910.0,2850663.424187446,174246.575812554
2024-02-25,arx_lag1_7_route,hormuz_tanker_capacity,fold_15,1771153.0,2858775.9960089475,-1087622.9960089475
2024-02-26,arx_lag1_7_route,hormuz_tanker_capacity,fold_15,2749883.0,2719449.5010296134,30433.498970386572
2024-02-27,arx_lag1_7_route,hormuz_tanker_capacity,fold_15,1869005.0,2589924.952646977,-720919.9526469768
2024-02-28,arx_lag1_7_route,hormuz_tanker_capacity,fold_15,1288865.0,2584690.879650967,-1295825.8796509672
2024-02-29,arx_lag1_7_route,hormuz_tanker_capacity,fold_15,1716145.0,2693713.0215573814,-977568.0215573814
2024-03-01,arx_lag1_7_route,hormuz_tanker_capacity,fold_15,3043725.0,2595999.342704318,447725.657295682
2024-03-02,arx_lag1_7_route,hormuz_tanker_capacity,fold_15,1553743.0,2787362.274914887,-1233619.2749148868
2024-03-03,arx_lag1_7_route,hormuz_tanker_capacity,fold_15,3374892.0,2724532.4194775173,650359.5805224827
2024-03-04,arx_lag1_7_route,hormuz_tanker_capacity,fold_15,3676369.0,2797963.348969187,878405.6510308129
2024-03-05,arx_lag1_7_route,hormuz_tanker_capacity,fold_15,2359655.0,2753138.9496050193,-393483.9496050193
2024-03-06,arx_lag1_7_route,hormuz_tanker_capacity,fold_15,1779453.0,2742562.277053789,-963109.2770537888
2024-03-07,arx_lag1_7_route,hormuz_tanker_capacity,fold_15,2056671.0,2798079.5721251755,-741408.5721251755
2024-03-08,arx_lag1_7_route,hormuz_tanker_capacity,fold_15,3121047.0,2835278.974366563,285768.0256334371
2024-03-09,arx_lag1_7_route,hormuz_tanker_capacity,fold_15,1748532.0,2891502.2862617727,-1142970.2862617727
2024-03-10,arx_lag1_7_route,hormuz_tanker_capacity,fold_15,2642858.0,2802566.009153535,-159708.00915353512
2024-03-11,arx_lag1_7_route,hormuz_tanker_capacity,fold_15,2715201.0,2787251.3155382853,-72050.3155382853
2024-03-12,arx_lag1_7_route,hormuz_tanker_capacity,fold_15,3435584.0,2742510.402776994,693073.5972230062
2024-03-13,arx_lag1_7_route,hormuz_tanker_capacity,fold_15,2634960.0,2574358.059790653,60601.94020934682
2024-03-14,arx_lag1_7_route,hormuz_tanker_capacity,fold_15,2640966.0,2973595.9552006335,-332629.9552006335
2024-03-15,arx_lag1_7_route,hormuz_tanker_capacity,fold_15,3628514.0,2823503.5352610126,805010.4647389874
2024-03-16,arx_lag1_7_route,hormuz_tanker_capacity,fold_15,4950944.0,2918629.441522536,2032314.5584774641
2024-03-17,arx_lag1_7_route,hormuz_tanker_capacity,fold_15,3824417.0,2826009.5439589755,998407.4560410245
2024-03-18,arx_lag1_7_route,hormuz_tanker_capacity,fold_15,2547219.0,2854865.672959102,-307646.67295910185
2024-03-19,arx_lag1_7_route,hormuz_tanker_capacity,fold_15,3168961.0,2668367.385552523,500593.6144474768
2024-03-20,arx_lag1_7_route,hormuz_tanker_capacity,fold_15,4222015.0,2734508.883899652,1487506.116100348
2024-03-21,arx_lag1_7_route,hormuz_tanker_capacity,fold_15,2537288.0,2807489.668568159,-270201.668568159
2024-03-22,arx_lag1_7_route,hormuz_tanker_capacity,fold_15,3029540.0,2832307.2873147125,197232.71268528746
2024-03-23,arx_lag1_7_route,hormuz_tanker_capacity,fold_15,2874292.0,2909829.270430681,-35537.27043068083
2024-03-24,arx_lag1_7_route,hormuz_tanker_capacity,fold_15,2563076.0,2876327.1649708836,-313251.16497088363
2024-03-25,arx_lag1_7_route,hormuz_tanker_capacity,fold_15,3602003.0,2755549.071735998,846453.9282640019
2024-03-26,arx_lag1_7_route,hormuz_tanker_capacity,fold_16,1805901.0,2914370.645442683,-1108469.6454426828
2024-03-27,arx_lag1_7_route,hormuz_tanker_capacity,fold_16,2996646.0,2934994.8158401144,61651.184159885626
2024-03-28,arx_lag1_7_route,hormuz_tanker_capacity,fold_16,2800927.0,2895473.4372178507,-94546.4372178507
2024-03-29,arx_lag1_7_route,hormuz_tanker_capacity,fold_16,5677550.0,2916642.8061831594,2760907.1938168406
2024-03-30,arx_lag1_7_route,hormuz_tanker_capacity,fold_16,4450671.0,2848695.623322755,1601975.376677245
2024-03-31,arx_lag1_7_route,hormuz_tanker_capacity,fold_16,4492703.0,2849671.1008451562,1643031.8991548438
2024-04-01,arx_lag1_7_route,hormuz_tanker_capacity,fold_16,2462421.0,2938263.893429195,-475842.89342919504
2024-04-02,arx_lag1_7_route,hormuz_tanker_capacity,fold_16,2451059.0,2834541.739535252,-383482.7395352521
2024-04-03,arx_lag1_7_route,hormuz_tanker_capacity,fold_16,2709860.0,2804584.400783574,-94724.40078357421
2024-04-04,arx_lag1_7_route,hormuz_tanker_capacity,fold_16,2196270.0,2873664.6876902236,-677394.6876902236
2024-04-05,arx_lag1_7_route,hormuz_tanker_capacity,fold_16,2524839.0,2976956.2262227195,-452117.22622271953
2024-04-06,arx_lag1_7_route,hormuz_tanker_capacity,fold_16,4321109.0,2865634.1114256023,1455474.8885743977
2024-04-07,arx_lag1_7_route,hormuz_tanker_capacity,fold_16,2999441.0,2839673.0284100473,159767.9715899527
2024-04-08,arx_lag1_7_route,hormuz_tanker_capacity,fold_16,2742900.0,2916121.3633475616,-173221.36334756156
2024-04-09,arx_lag1_7_route,hormuz_tanker_capacity,fold_16,3011057.0,2827282.668229589,183774.33177041123
2024-04-10,arx_lag1_7_route,hormuz_tanker_capacity,fold_16,3512303.0,2768299.773377898,744003.2266221019
2024-04-11,arx_lag1_7_route,hormuz_tanker_capacity,fold_16,3023112.0,2709766.0404201006,313345.95957989944
2024-04-12,arx_lag1_7_route,hormuz_tanker_capacity,fold_16,1695516.0,2794870.490269798,-1099354.4902697979
2024-04-13,arx_lag1_7_route,hormuz_tanker_capacity,fold_16,3459494.0,2839776.8029520917,619717.1970479083
2024-04-14,arx_lag1_7_route,hormuz_tanker_capacity,fold_16,4218705.0,2957273.242991202,1261431.757008798
2024-04-15,arx_lag1_7_route,hormuz_tanker_capacity,fold_16,3393840.0,2686354.211513904,707485.7884860961
2024-04-16,arx_lag1_7_route,hormuz_tanker_capacity,fold_16,3351360.0,2758699.8419939205,592660.1580060795
2024-04-17,arx_lag1_7_route,hormuz_tanker_capacity,fold_16,1619583.0,2730777.269147152,-1111194.269147152
2024-04-18,arx_lag1_7_route,hormuz_tanker_capacity,fold_16,2236310.0,2796106.827907509,-559796.8279075092
2024-04-19,arx_lag1_7_route,hormuz_tanker_capacity,fold_16,2537049.0,3043815.329143537,-506766.3291435372
2024-04-20,arx_lag1_7_route,hormuz_tanker_capacity,fold_16,3640682.0,2953072.946183546,687609.053816454
2024-04-21,arx_lag1_7_route,hormuz_tanker_capacity,fold_16,3828096.0,3068266.7297494817,759829.2702505183
2024-04-22,arx_lag1_7_route,hormuz_tanker_capacity,fold_16,3007034.0,2822211.884014378,184822.11598562216
2024-04-23,arx_lag1_7_route,hormuz_tanker_capacity,fold_16,3323937.0,2948870.7598290527,375066.2401709473
2024-04-24,arx_lag1_7_route,hormuz_tanker_capacity,fold_16,2979537.0,2782498.687264412,197038.31273558782
2024-04-25,arx_lag1_7_route,hormuz_tanker_capacity,fold_17,2623240.0,2865099.632664086,-241859.63266408583
2024-04-26,arx_lag1_7_route,hormuz_tanker_capacity,fold_17,2890869.0,2880884.841377679,9984.158622321207
2024-04-27,arx_lag1_7_route,hormuz_tanker_capacity,fold_17,2651484.0,3038276.327541448,-386792.3275414482
2024-04-28,arx_lag1_7_route,hormuz_tanker_capacity,fold_17,2908460.0,3011910.44504988,-103450.44504988007
2024-04-29,arx_lag1_7_route,hormuz_tanker_capacity,fold_17,1957761.0,2920469.4503107863,-962708.4503107863
2024-04-30,arx_lag1_7_route,hormuz_tanker_capacity,fold_17,2974952.0,2797719.684308832,177232.31569116795
2024-05-01,arx_lag1_7_route,hormuz_tanker_capacity,fold_17,2910338.0,2732644.5711413706,177693.42885862943
2024-05-02,arx_lag1_7_route,hormuz_tanker_capacity,fold_17,1802353.0,2867903.899590925,-1065550.8995909248
2024-05-03,arx_lag1_7_route,hormuz_tanker_capacity,fold_17,2631772.0,2857679.1144972024,-225907.11449720245
2024-05-04,arx_lag1_7_route,hormuz_tanker_capacity,fold_17,3240224.0,2939248.150094685,300975.84990531486
2024-05-05,arx_lag1_7_route,hormuz_tanker_capacity,fold_17,4149172.0,3020107.746071888,1129064.2539281119
2024-05-06,arx_lag1_7_route,hormuz_tanker_capacity,fold_17,3963821.0,2946260.139509392,1017560.860490608
2024-05-07,arx_lag1_7_route,hormuz_tanker_capacity,fold_17,4073059.0,2766036.6220168355,1307022.3779831645
2024-05-08,arx_lag1_7_route,hormuz_tanker_capacity,fold_17,2236449.0,2674616.1257311213,-438167.1257311213
2024-05-09,arx_lag1_7_route,hormuz_tanker_capacity,fold_17,3539913.0,2926147.0328944535,613765.9671055465
2024-05-10,arx_lag1_7_route,hormuz_tanker_capacity,fold_17,3671197.0,2663269.8714859765,1007927.1285140235
2024-05-11,arx_lag1_7_route,hormuz_tanker_capacity,fold_17,2354442.0,2964878.53403002,-610436.5340300198
2024-05-12,arx_lag1_7_route,hormuz_tanker_capacity,fold_17,1937216.0,2909528.1327694296,-972312.1327694296
2024-05-13,arx_lag1_7_route,hormuz_tanker_capacity,fold_17,5919231.0,2779391.024690318,3139839.975309682
2024-05-14,arx_lag1_7_route,hormuz_tanker_capacity,fold_17,3113333.0,2804722.2769245077,308610.7230754923
2024-05-15,arx_lag1_7_route,hormuz_tanker_capacity,fold_17,3277892.0,2741236.5323978076,536655.4676021924
2024-05-16,arx_lag1_7_route,hormuz_tanker_capacity,fold_17,2899266.0,2829949.061339882,69316.9386601178
2024-05-17,arx_lag1_7_route,hormuz_tanker_capacity,fold_17,3299871.0,2957788.758331957,342082.2416680432
2024-05-18,arx_lag1_7_route,hormuz_tanker_capacity,fold_17,1720500.0,2966593.5636711214,-1246093.5636711214
2024-05-19,arx_lag1_7_route,hormuz_tanker_capacity,fold_17,3490721.0,3051760.654496555,438960.3455034448
2024-05-20,arx_lag1_7_route,hormuz_tanker_capacity,fold_17,3198293.0,2874977.615064223,323315.38493577717
2024-05-21,arx_lag1_7_route,hormuz_tanker_capacity,fold_17,3484309.0,2780731.2292347574,703577.7707652426
2024-05-22,arx_lag1_7_route,hormuz_tanker_capacity,fold_17,2373638.0,2831546.984198561,-457908.98419856094
2024-05-23,arx_lag1_7_route,hormuz_tanker_capacity,fold_17,3961350.0,2887791.2178216106,1073558.7821783894
2024-05-24,arx_lag1_7_route,hormuz_tanker_capacity,fold_17,3041089.0,2920357.934026551,120731.06597344903
2024-05-25,arx_lag1_7_route,hormuz_tanker_capacity,fold_18,2156888.0,2853984.728200062,-697096.7282000622
2024-05-26,arx_lag1_7_route,hormuz_tanker_capacity,fold_18,2305855.0,2935944.98617583,-630089.98617583
2024-05-27,arx_lag1_7_route,hormuz_tanker_capacity,fold_18,5099593.0,2932939.080143481,2166653.919856519
2024-05-28,arx_lag1_7_route,hormuz_tanker_capacity,fold_18,4485330.0,2840652.3701981804,1644677.6298018196
2024-05-29,arx_lag1_7_route,hormuz_tanker_capacity,fold_18,3173260.0,2862443.47178214,310816.52821786003
2024-05-30,arx_lag1_7_route,hormuz_tanker_capacity,fold_18,1598907.0,2992089.8312645904,-1393182.8312645904
2024-05-31,arx_lag1_7_route,hormuz_tanker_capacity,fold_18,3468196.0,3099796.998690172,368399.0013098279
2024-06-01,arx_lag1_7_route,hormuz_tanker_capacity,fold_18,2372436.0,2966906.0443158885,-594470.0443158885
2024-06-02,arx_lag1_7_route,hormuz_tanker_capacity,fold_18,4107539.0,2975148.34421429,1132390.65578571
2024-06-03,arx_lag1_7_route,hormuz_tanker_capacity,fold_18,3780277.0,2941263.1329935864,839013.8670064136
2024-06-04,arx_lag1_7_route,hormuz_tanker_capacity,fold_18,3901804.0,2881455.991944105,1020348.0080558951
2024-06-05,arx_lag1_7_route,hormuz_tanker_capacity,fold_18,2577887.0,2882327.365517968,-304440.36551796785
2024-06-06,arx_lag1_7_route,hormuz_tanker_capacity,fold_18,2502000.0,2957092.8423576686,-455092.84235766856
2024-06-07,arx_lag1_7_route,hormuz_tanker_capacity,fold_18,1746983.0,3001372.8492767755,-1254389.8492767755
2024-06-08,arx_lag1_7_route,hormuz_tanker_capacity,fold_18,3003782.0,2964460.5690549337,39321.43094506627
2024-06-09,arx_lag1_7_route,hormuz_tanker_capacity,fold_18,2231180.0,2949712.7103041974,-718532.7103041974
2024-06-10,arx_lag1_7_route,hormuz_tanker_capacity,fold_18,2616205.0,2981300.1171383676,-365095.1171383676
2024-06-11,arx_lag1_7_route,hormuz_tanker_capacity,fold_18,2601504.0,2784098.64407724,-182594.64407724002
2024-06-12,arx_lag1_7_route,hormuz_tanker_capacity,fold_18,2242930.0,2913758.3388210633,-670828.3388210633
2024-06-13,arx_lag1_7_route,hormuz_tanker_capacity,fold_18,2105614.0,2885569.5166323762,-779955.5166323762
2024-06-14,arx_lag1_7_route,hormuz_tanker_capacity,fold_18,3705727.0,2875319.9054773073,830407.0945226927
2024-06-15,arx_lag1_7_route,hormuz_tanker_capacity,fold_18,3279054.0,2999870.634841804,279183.3651581961
2024-06-16,arx_lag1_7_route,hormuz_tanker_capacity,fold_18,3415474.0,2906581.30066751,508892.6993324901
2024-06-17,arx_lag1_7_route,hormuz_tanker_capacity,fold_18,2805607.0,2964521.1297513656,-158914.12975136563
2024-06-18,arx_lag1_7_route,hormuz_tanker_capacity,fold_18,2121829.0,2862248.5986231924,-740419.5986231924
2024-06-19,arx_lag1_7_route,hormuz_tanker_capacity,fold_18,4313882.0,2744317.7496070024,1569564.2503929976
2024-06-20,arx_lag1_7_route,hormuz_tanker_capacity,fold_18,2147311.0,2831289.024176526,-683978.0241765259
2024-06-21,arx_lag1_7_route,hormuz_tanker_capacity,fold_18,2622541.0,2866189.330368918,-243648.3303689179
2024-06-22,arx_lag1_7_route,hormuz_tanker_capacity,fold_18,3670308.0,3003724.6511269086,666583.3488730914
2024-06-23,arx_lag1_7_route,hormuz_tanker_capacity,fold_18,3024131.0,2991848.6250593155,32282.37494068453
2024-06-24,arx_lag1_7_route,hormuz_tanker_capacity,fold_19,3780486.0,2845897.8332844377,934588.1667155623
2024-06-25,arx_lag1_7_route,hormuz_tanker_capacity,fold_19,3033206.0,2611798.899939878,421407.1000601221
2024-06-26,arx_lag1_7_route,hormuz_tanker_capacity,fold_19,3330282.0,3041303.1479824134,288978.8520175866
2024-06-27,arx_lag1_7_route,hormuz_tanker_capacity,fold_19,3185011.0,2997142.054400591,187868.94559940882
2024-06-28,arx_lag1_7_route,hormuz_tanker_capacity,fold_19,3984124.0,2952352.9714488075,1031771.0285511925
2024-06-29,arx_lag1_7_route,hormuz_tanker_capacity,fold_19,1705541.0,3047572.0443781023,-1342031.0443781023
2024-06-30,arx_lag1_7_route,hormuz_tanker_capacity,fold_19,3282626.0,3226135.518446332,56490.481553668156
2024-07-01,arx_lag1_7_route,hormuz_tanker_capacity,fold_19,1700369.0,2956954.1293065697,-1256585.1293065697
2024-07-02,arx_lag1_7_route,hormuz_tanker_capacity,fold_19,1752264.0,2846413.022697471,-1094149.022697471
2024-07-03,arx_lag1_7_route,hormuz_tanker_capacity,fold_19,3117349.0,2823449.1491174237,293899.8508825763
2024-07-04,arx_lag1_7_route,hormuz_tanker_capacity,fold_19,2770643.0,2923149.476923162,-152506.47692316212
2024-07-05,arx_lag1_7_route,hormuz_tanker_capacity,fold_19,2540674.0,2979769.9118640185,-439095.91186401853
2024-07-06,arx_lag1_7_route,hormuz_tanker_capacity,fold_19,3763535.0,3036330.747282269,727204.252717731
2024-07-07,arx_lag1_7_route,hormuz_tanker_capacity,fold_19,4795577.0,2955322.024769263,1840254.9752307371
2024-07-08,arx_lag1_7_route,hormuz_tanker_capacity,fold_19,3082240.0,3027982.560792878,54257.439207122196
2024-07-09,arx_lag1_7_route,hormuz_tanker_capacity,fold_19,4681992.0,2762406.694781907,1919585.305218093
2024-07-10,arx_lag1_7_route,hormuz_tanker_capacity,fold_19,3176211.0,2872741.180225986,303469.81977401394
2024-07-11,arx_lag1_7_route,hormuz_tanker_capacity,fold_19,3233010.0,2928976.5879363446,304033.41206365544
2024-07-12,arx_lag1_7_route,hormuz_tanker_capacity,fold_19,3192456.0,2988800.0530147,203655.94698530016
2024-07-13,arx_lag1_7_route,hormuz_tanker_capacity,fold_19,2973063.0,2995093.743471452,-22030.743471452035
2024-07-14,arx_lag1_7_route,hormuz_tanker_capacity,fold_19,4528991.0,2993770.952560506,1535220.0474394942
2024-07-15,arx_lag1_7_route,hormuz_tanker_capacity,fold_19,3000541.0,3004850.0112264,-4309.011226399802
2024-07-16,arx_lag1_7_route,hormuz_tanker_capacity,fold_19,3014351.0,2813661.39544875,200689.60455125012
2024-07-17,arx_lag1_7_route,hormuz_tanker_capacity,fold_19,4655091.0,2969965.792065846,1685125.2079341542
2024-07-18,arx_lag1_7_route,hormuz_tanker_capacity,fold_19,2360122.0,2793358.510127409,-433236.5101274089
2024-07-19,arx_lag1_7_route,hormuz_tanker_capacity,fold_19,3594949.0,2977623.826925546,617325.1730744541
2024-07-20,arx_lag1_7_route,hormuz_tanker_capacity,fold_19,1801528.0,3087294.204529091,-1285766.2045290908
2024-07-21,arx_lag1_7_route,hormuz_tanker_capacity,fold_19,4204074.0,3045590.245301379,1158483.754698621
2024-07-22,arx_lag1_7_route,hormuz_tanker_capacity,fold_19,2542658.0,2927010.23636107,-384352.23636107007
2024-07-23,arx_lag1_7_route,hormuz_tanker_capacity,fold_19,2865364.0,2936279.468571357,-70915.46857135696
2024-07-24,arx_lag1_7_route,hormuz_tanker_capacity,fold_20,2678556.0,3017819.4084988637,-339263.4084988637
2024-07-25,arx_lag1_7_route,hormuz_tanker_capacity,fold_20,3828984.0,2951780.8533869716,877203.1466130284
2024-07-26,arx_lag1_7_route,hormuz_tanker_capacity,fold_20,3375894.0,3084659.9155746847,291234.08442531526
2024-07-27,arx_lag1_7_route,hormuz_tanker_capacity,fold_20,3042355.0,3007275.0315977675,35079.96840223251
2024-07-28,arx_lag1_7_route,hormuz_tanker_capacity,fold_20,3467467.0,3037721.1585077755,429745.8414922245
2024-07-29,arx_lag1_7_route,hormuz_tanker_capacity,fold_20,3620688.0,2856567.5159759144,764120.4840240856
2024-07-30,arx_lag1_7_route,hormuz_tanker_capacity,fold_20,2927615.0,2830796.1269448926,96818.87305510743
2024-07-31,arx_lag1_7_route,hormuz_tanker_capacity,fold_20,3125784.0,2876984.6975105586,248799.30248944135
2024-08-01,arx_lag1_7_route,hormuz_tanker_capacity,fold_20,2545278.0,2796944.950911089,-251666.95091108885
2024-08-02,arx_lag1_7_route,hormuz_tanker_capacity,fold_20,2890402.0,3020614.9128308725,-130212.91283087246
2024-08-03,arx_lag1_7_route,hormuz_tanker_capacity,fold_20,2343051.0,2883973.0691928365,-540922.0691928365
2024-08-04,arx_lag1_7_route,hormuz_tanker_capacity,fold_20,2695198.0,2921425.4463414266,-226227.44634142658
2024-08-05,arx_lag1_7_route,hormuz_tanker_capacity,fold_20,2760264.0,3040588.9019362875,-280324.9019362875
2024-08-06,arx_lag1_7_route,hormuz_tanker_capacity,fold_20,2171109.0,2864045.704932057,-692936.7049320568
2024-08-07,arx_lag1_7_route,hormuz_tanker_capacity,fold_20,1817751.0,2919688.3488079263,-1101937.3488079263
2024-08-08,arx_lag1_7_route,hormuz_tanker_capacity,fold_20,3186082.0,2822908.747342718,363173.25265728217
2024-08-09,arx_lag1_7_route,hormuz_tanker_capacity,fold_20,3203153.0,2922895.368562081,280257.6314379191
2024-08-10,arx_lag1_7_route,hormuz_tanker_capacity,fold_20,2719334.0,3079773.327495076,-360439.3274950762
2024-08-11,arx_lag1_7_route,hormuz_tanker_capacity,fold_20,3685303.0,3003414.140371172,681888.8596288278
2024-08-12,arx_lag1_7_route,hormuz_tanker_capacity,fold_20,2680540.0,2941640.721382468,-261100.721382468
2024-08-13,arx_lag1_7_route,hormuz_tanker_capacity,fold_20,2653762.0,2918609.3272878416,-264847.3272878416
2024-08-14,arx_lag1_7_route,hormuz_tanker_capacity,fold_20,2712198.0,2884554.670806083,-172356.6708060829
2024-08-15,arx_lag1_7_route,hormuz_tanker_capacity,fold_20,1751917.0,2883579.2070517377,-1131662.2070517377
2024-08-16,arx_lag1_7_route,hormuz_tanker_capacity,fold_20,1751954.0,3080104.109882624,-1328150.109882624
2024-08-17,arx_lag1_7_route,hormuz_tanker_capacity,fold_20,3342427.0,3115437.6610897235,226989.33891027654
2024-08-18,arx_lag1_7_route,hormuz_tanker_capacity,fold_20,2103196.0,3038886.04216586,-935690.0421658601
2024-08-19,arx_lag1_7_route,hormuz_tanker_capacity,fold_20,1509927.0,2897070.885469217,-1387143.8854692169
2024-08-20,arx_lag1_7_route,hormuz_tanker_capacity,fold_20,2582693.0,2932904.1654419266,-350211.16544192657
2024-08-21,arx_lag1_7_route,hormuz_tanker_capacity,fold_20,2428978.0,2660243.5453968295,-231265.5453968295
2024-08-22,arx_lag1_7_route,hormuz_tanker_capacity,fold_20,1615910.0,2932431.8654413326,-1316521.8654413326
2024-08-23,arx_lag1_7_route,hormuz_tanker_capacity,fold_21,2721198.0,2532566.797159496,188631.20284050377
2024-08-24,arx_lag1_7_route,hormuz_tanker_capacity,fold_21,2681160.0,2969048.821301959,-287888.821301959
2024-08-25,arx_lag1_7_route,hormuz_tanker_capacity,fold_21,3463562.0,2978591.330512721,484970.6694872789
2024-08-26,arx_lag1_7_route,hormuz_tanker_capacity,fold_21,3500190.0,2921971.4909725967,578218.5090274033
2024-08-27,arx_lag1_7_route,hormuz_tanker_capacity,fold_21,2135125.0,2949730.462657791,-814605.4626577911
2024-08-28,arx_lag1_7_route,hormuz_tanker_capacity,fold_21,2665125.0,2868129.917596525,-203004.91759652505
2024-08-29,arx_lag1_7_route,hormuz_tanker_capacity,fold_21,2090686.0,2872058.5684538186,-781372.5684538186
2024-08-30,arx_lag1_7_route,hormuz_tanker_capacity,fold_21,1970641.0,2908996.832095535,-938355.832095535
2024-08-31,arx_lag1_7_route,hormuz_tanker_capacity,fold_21,2546253.0,2915622.7670129896,-369369.7670129896
2024-09-01,arx_lag1_7_route,hormuz_tanker_capacity,fold_21,2111323.0,3105235.99776408,-993912.9977640798
2024-09-02,arx_lag1_7_route,hormuz_tanker_capacity,fold_21,3114861.0,3028868.165192686,85992.83480731398
2024-09-03,arx_lag1_7_route,hormuz_tanker_capacity,fold_21,3707625.0,2822031.0487241545,885593.9512758455
2024-09-04,arx_lag1_7_route,hormuz_tanker_capacity,fold_21,3316344.0,2857860.4859755053,458483.5140244947
2024-09-05,arx_lag1_7_route,hormuz_tanker_capacity,fold_21,3492996.0,2924102.7274627285,568893.2725372715
2024-09-06,arx_lag1_7_route,hormuz_tanker_capacity,fold_21,3945465.0,3056804.62017676,888660.37982324
2024-09-07,arx_lag1_7_route,hormuz_tanker_capacity,fold_21,1299582.0,3026226.9864789094,-1726644.9864789094
2024-09-08,arx_lag1_7_route,hormuz_tanker_capacity,fold_21,1246355.0,3018194.9826555788,-1771839.9826555788
2024-09-09,arx_lag1_7_route,hormuz_tanker_capacity,fold_21,3175676.0,3045575.03938344,130100.96061656019
2024-09-10,arx_lag1_7_route,hormuz_tanker_capacity,fold_21,3673345.0,3009627.2410220215,663717.7589779785
2024-09-11,arx_lag1_7_route,hormuz_tanker_capacity,fold_21,3994481.0,2923921.151993569,1070559.848006431
2024-09-12,arx_lag1_7_route,hormuz_tanker_capacity,fold_21,2543213.0,2925315.488176783,-382102.4881767831
2024-09-13,arx_lag1_7_route,hormuz_tanker_capacity,fold_21,1530300.0,3017660.761624707,-1487360.761624707
2024-09-14,arx_lag1_7_route,hormuz_tanker_capacity,fold_21,2467647.0,2864580.269718955,-396933.2697189548
2024-09-15,arx_lag1_7_route,hormuz_tanker_capacity,fold_21,1460630.0,3049208.3099739617,-1588578.3099739617
2024-09-16,arx_lag1_7_route,hormuz_tanker_capacity,fold_21,3088664.0,2985636.446415496,103027.55358450394
2024-09-17,arx_lag1_7_route,hormuz_tanker_capacity,fold_21,1780654.0,2905891.48968087,-1125237.48968087
2024-09-18,arx_lag1_7_route,hormuz_tanker_capacity,fold_21,4062403.0,2722565.0094386926,1339837.9905613074
2024-09-19,arx_lag1_7_route,hormuz_tanker_capacity,fold_21,3637770.0,2774238.671628722,863531.328371278
2024-09-20,arx_lag1_7_route,hormuz_tanker_capacity,fold_21,1920381.0,2914870.6467901533,-994489.6467901533
2024-09-21,arx_lag1_7_route,hormuz_tanker_capacity,fold_21,2364983.0,3042441.159609808,-677458.1596098081
2024-09-22,arx_lag1_7_route,hormuz_tanker_capacity,fold_22,2194264.0,2799701.608519036,-605437.6085190359
2024-09-23,arx_lag1_7_route,hormuz_tanker_capacity,fold_22,3479178.0,2869651.6864852514,609526.3135147486
2024-09-24,arx_lag1_7_route,hormuz_tanker_capacity,fold_22,2041537.0,2899828.5780425966,-858291.5780425966
2024-09-25,arx_lag1_7_route,hormuz_tanker_capacity,fold_22,2762883.0,2892693.6254046243,-129810.62540462427
2024-09-26,arx_lag1_7_route,hormuz_tanker_capacity,fold_22,1713994.0,2919322.324039109,-1205328.324039109
2024-09-27,arx_lag1_7_route,hormuz_tanker_capacity,fold_22,1920975.0,2814588.467892656,-893613.4678926561
2024-09-28,arx_lag1_7_route,hormuz_tanker_capacity,fold_22,1340119.0,2955408.457166092,-1615289.457166092
2024-09-29,arx_lag1_7_route,hormuz_tanker_capacity,fold_22,3267740.0,2983654.942803881,284085.05719611887
2024-09-30,arx_lag1_7_route,hormuz_tanker_capacity,fold_22,2122718.0,3069123.725323943,-946405.725323943
2024-10-01,arx_lag1_7_route,hormuz_tanker_capacity,fold_22,1845809.0,2967706.3542483957,-1121897.3542483957
2024-10-02,arx_lag1_7_route,hormuz_tanker_capacity,fold_22,2759995.0,2852693.765494946,-92698.76549494592
2024-10-03,arx_lag1_7_route,hormuz_tanker_capacity,fold_22,2217982.0,2963967.331823187,-745985.331823187
2024-10-04,arx_lag1_7_route,hormuz_tanker_capacity,fold_22,3261463.0,3017568.59788872,243894.40211127978
2024-10-05,arx_lag1_7_route,hormuz_tanker_capacity,fold_22,3158267.0,2885883.840535535,272383.159464465
2024-10-06,arx_lag1_7_route,hormuz_tanker_capacity,fold_22,1909132.0,2894436.9541186797,-985304.9541186797
2024-10-07,arx_lag1_7_route,hormuz_tanker_capacity,fold_22,3147431.0,2901358.3023384083,246072.6976615917
2024-10-08,arx_lag1_7_route,hormuz_tanker_capacity,fold_22,3057779.0,2781570.4417934064,276208.5582065936
2024-10-09,arx_lag1_7_route,hormuz_tanker_capacity,fold_22,1681085.0,2765987.793601632,-1084902.7936016321
2024-10-10,arx_lag1_7_route,hormuz_tanker_capacity,fold_22,2160936.0,3006079.752815669,-845143.7528156689
2024-10-11,arx_lag1_7_route,hormuz_tanker_capacity,fold_22,2063791.0,3006014.054575065,-942223.0545750652
2024-10-12,arx_lag1_7_route,hormuz_tanker_capacity,fold_22,2922762.0,2885540.2644935497,37221.73550645029
2024-10-13,arx_lag1_7_route,hormuz_tanker_capacity,fold_22,1485666.0,2864175.170462682,-1378509.170462682
2024-10-14,arx_lag1_7_route,hormuz_tanker_capacity,fold_22,2856860.0,2970557.39877697,-113697.39877696987
2024-10-15,arx_lag1_7_route,hormuz_tanker_capacity,fold_22,1473306.0,2928378.002287761,-1455072.0022877608
2024-10-16,arx_lag1_7_route,hormuz_tanker_capacity,fold_22,1717560.0,2827772.265389199,-1110212.265389199
2024-10-17,arx_lag1_7_route,hormuz_tanker_capacity,fold_22,2068660.0,2957493.6638378426,-888833.6638378426
2024-10-18,arx_lag1_7_route,hormuz_tanker_capacity,fold_22,3408583.0,2907079.4444999536,501503.55550004635
2024-10-19,arx_lag1_7_route,hormuz_tanker_capacity,fold_22,2629338.0,2869200.951859261,-239862.9518592609
2024-10-20,arx_lag1_7_route,hormuz_tanker_capacity,fold_22,2545334.0,3007860.8876666813,-462526.8876666813
2024-10-21,arx_lag1_7_route,hormuz_tanker_capacity,fold_22,1674631.0,3043342.7712629316,-1368711.7712629316
2024-10-22,arx_lag1_7_route,hormuz_tanker_capacity,fold_23,1954469.0,2495139.3054220644,-540670.3054220644
2024-10-23,arx_lag1_7_route,hormuz_tanker_capacity,fold_23,2634847.0,2710729.707767523,-75882.7077675229
2024-10-24,arx_lag1_7_route,hormuz_tanker_capacity,fold_23,2031136.0,2810361.7541207206,-779225.7541207206
2024-10-25,arx_lag1_7_route,hormuz_tanker_capacity,fold_23,3916053.0,2929098.054730116,986954.9452698841
2024-10-26,arx_lag1_7_route,hormuz_tanker_capacity,fold_23,2446881.0,2877076.9133079792,-430195.91330797924
2024-10-27,arx_lag1_7_route,hormuz_tanker_capacity,fold_23,2250346.0,2901362.7523378446,-651016.7523378446
2024-10-28,arx_lag1_7_route,hormuz_tanker_capacity,fold_23,1628999.0,2779987.502769386,-1150988.502769386
2024-10-29,arx_lag1_7_route,hormuz_tanker_capacity,fold_23,1261246.0,2796011.1001542686,-1534765.1001542686
2024-10-30,arx_lag1_7_route,hormuz_tanker_capacity,fold_23,742883.0,2804831.3784674467,-2061948.3784674467
2024-10-31,arx_lag1_7_route,hormuz_tanker_capacity,fold_23,959228.0,2875204.3841979145,-1915976.3841979145
2024-11-01,arx_lag1_7_route,hormuz_tanker_capacity,fold_23,1985441.0,2884831.605075922,-899390.6050759219
2024-11-02,arx_lag1_7_route,hormuz_tanker_capacity,fold_23,2207188.0,2904293.1388779264,-697105.1388779264
2024-11-03,arx_lag1_7_route,hormuz_tanker_capacity,fold_23,2657512.0,3025171.3183721257,-367659.31837212574
2024-11-04,arx_lag1_7_route,hormuz_tanker_capacity,fold_23,2660950.0,2916576.738767265,-255626.73876726488
2024-11-05,arx_lag1_7_route,hormuz_tanker_capacity,fold_23,1909709.0,3007992.485696836,-1098283.485696836
2024-11-06,arx_lag1_7_route,hormuz_tanker_capacity,fold_23,3852482.0,2957237.111468818,895244.888531182
2024-11-07,arx_lag1_7_route,hormuz_tanker_capacity,fold_23,2988558.0,3032160.869796162,-43602.869796162006
2024-11-08,arx_lag1_7_route,hormuz_tanker_capacity,fold_23,1598119.0,3052229.751483076,-1454110.7514830758
2024-11-09,arx_lag1_7_route,hormuz_tanker_capacity,fold_23,1921029.0,3003647.4648851673,-1082618.4648851673
2024-11-10,arx_lag1_7_route,hormuz_tanker_capacity,fold_23,2329919.0,3052740.374722621,-722821.3747226209
2024-11-11,arx_lag1_7_route,hormuz_tanker_capacity,fold_23,3484800.0,2925008.750578363,559791.249421637
2024-11-12,arx_lag1_7_route,hormuz_tanker_capacity,fold_23,3333357.0,2921040.780620453,412316.21937954705
2024-11-13,arx_lag1_7_route,hormuz_tanker_capacity,fold_23,1420187.0,2947497.6305902917,-1527310.6305902917
2024-11-14,arx_lag1_7_route,hormuz_tanker_capacity,fold_23,1907145.0,2890567.110375145,-983422.110375145
2024-11-15,arx_lag1_7_route,hormuz_tanker_capacity,fold_23,1373889.0,3074675.1887975754,-1700786.1887975754
2024-11-16,arx_lag1_7_route,hormuz_tanker_capacity,fold_23,1551174.0,2989379.5011305553,-1438205.5011305553
2024-11-17,arx_lag1_7_route,hormuz_tanker_capacity,fold_23,1581361.0,2972497.122242351,-1391136.122242351
2024-11-18,arx_lag1_7_route,hormuz_tanker_capacity,fold_23,3143712.0,2927239.069019149,216472.93098085094
2024-11-19,arx_lag1_7_route,hormuz_tanker_capacity,fold_23,1814003.0,2914862.5828217077,-1100859.5828217077
2024-11-20,arx_lag1_7_route,hormuz_tanker_capacity,fold_23,1697998.0,2773459.849112499,-1075461.849112499
2024-11-21,arx_lag1_7_route,hormuz_tanker_capacity,fold_24,2600904.0,2476936.861188884,123967.1388111161
2024-11-22,arx_lag1_7_route,hormuz_tanker_capacity,fold_24,1837346.0,2700667.2603856325,-863321.2603856325
2024-11-23,arx_lag1_7_route,hormuz_tanker_capacity,fold_24,1702351.0,2725537.057588729,-1023186.0575887291
2024-11-24,arx_lag1_7_route,hormuz_tanker_capacity,fold_24,834506.0,2760191.6805344042,-1925685.6805344042
2024-11-25,arx_lag1_7_route,hormuz_tanker_capacity,fold_24,2638101.0,2872535.9198869616,-234434.91988696158
2024-11-26,arx_lag1_7_route,hormuz_tanker_capacity,fold_24,2181097.0,2810028.6506609423,-628931.6506609423
2024-11-27,arx_lag1_7_route,hormuz_tanker_capacity,fold_24,1647715.0,2628890.2647352493,-981175.2647352493
2024-11-28,arx_lag1_7_route,hormuz_tanker_capacity,fold_24,880462.0,2799822.359748525,-1919360.359748525
2024-11-29,arx_lag1_7_route,hormuz_tanker_capacity,fold_24,1651464.0,2846071.654102211,-1194607.654102211
2024-11-30,arx_lag1_7_route,hormuz_tanker_capacity,fold_24,1591526.0,2981529.3509804322,-1390003.3509804322
2024-12-01,arx_lag1_7_route,hormuz_tanker_capacity,fold_24,287064.0,3004116.3826098787,-2717052.3826098787
2024-12-02,arx_lag1_7_route,hormuz_tanker_capacity,fold_24,1816869.0,2978800.9650281426,-1161931.9650281426
2024-12-03,arx_lag1_7_route,hormuz_tanker_capacity,fold_24,491464.0,2997977.891586513,-2506513.891586513
2024-12-04,arx_lag1_7_route,hormuz_tanker_capacity,fold_24,1375778.0,2819335.4945127214,-1443557.4945127214
2024-12-05,arx_lag1_7_route,hormuz_tanker_capacity,fold_24,1358820.0,2855496.98334655,-1496676.9833465498
2024-12-06,arx_lag1_7_route,hormuz_tanker_capacity,fold_24,1004632.0,2919202.515657913,-1914570.515657913
2024-12-07,arx_lag1_7_route,hormuz_tanker_capacity,fold_24,1641862.0,2972137.810498765,-1330275.8104987652
2024-12-08,arx_lag1_7_route,hormuz_tanker_capacity,fold_24,830705.0,3095494.5501167267,-2264789.5501167267
2024-12-09,arx_lag1_7_route,hormuz_tanker_capacity,fold_24,1648631.0,2876802.329659297,-1228171.3296592971
2024-12-10,arx_lag1_7_route,hormuz_tanker_capacity,fold_24,1611980.0,2794998.120849421,-1183018.1208494208
2024-12-11,arx_lag1_7_route,hormuz_tanker_capacity,fold_24,1665606.0,2868066.436053398,-1202460.436053398
2024-12-12,arx_lag1_7_route,hormuz_tanker_capacity,fold_24,2195337.0,2781220.049545307,-585883.0495453072
2024-12-13,arx_lag1_7_route,hormuz_tanker_capacity,fold_24,1835831.0,2976610.063048742,-1140779.0630487418
2024-12-14,arx_lag1_7_route,hormuz_tanker_capacity,fold_24,1627282.0,2962461.1275435314,-1335179.1275435314
2024-12-15,arx_lag1_7_route,hormuz_tanker_capacity,fold_24,2463148.0,3016386.1282278434,-553238.1282278434
2024-12-16,arx_lag1_7_route,hormuz_tanker_capacity,fold_24,2041656.0,2893314.537449065,-851658.5374490651
2024-12-17,arx_lag1_7_route,hormuz_tanker_capacity,fold_24,1192108.0,2910183.765155085,-1718075.765155085
2024-12-18,arx_lag1_7_route,hormuz_tanker_capacity,fold_24,1482889.0,2844692.0704337214,-1361803.0704337214
2024-12-19,arx_lag1_7_route,hormuz_tanker_capacity,fold_24,1209144.0,2847377.6469787657,-1638233.6469787657
2024-12-20,arx_lag1_7_route,hormuz_tanker_capacity,fold_24,1638616.0,3082496.5009241346,-1443880.5009241346
2024-12-21,arx_lag1_7_route,hormuz_tanker_capacity,fold_25,1979180.0,2426933.4253698536,-447753.4253698536
2024-12-22,arx_lag1_7_route,hormuz_tanker_capacity,fold_25,2376161.0,2778853.301986118,-402692.30198611785
2024-12-23,arx_lag1_7_route,hormuz_tanker_capacity,fold_25,1282898.0,2730489.6257115547,-1447591.6257115547
2024-12-24,arx_lag1_7_route,hormuz_tanker_capacity,fold_25,936846.0,2628632.0718033086,-1691786.0718033086
2024-12-25,arx_lag1_7_route,hormuz_tanker_capacity,fold_25,1350125.0,2593011.5599723444,-1242886.5599723444
2024-12-26,arx_lag1_7_route,hormuz_tanker_capacity,fold_25,1276105.0,2568800.0180024705,-1292695.0180024705
2024-12-27,arx_lag1_7_route,hormuz_tanker_capacity,fold_25,1933372.0,2619265.465813297,-685893.4658132968
2024-12-28,arx_lag1_7_route,hormuz_tanker_capacity,fold_25,2277920.0,2742372.03857524,-464452.03857523995
2024-12-29,arx_lag1_7_route,hormuz_tanker_capacity,fold_25,2076179.0,2846852.8285270846,-770673.8285270846
2024-12-30,arx_lag1_7_route,hormuz_tanker_capacity,fold_25,849004.0,2883174.867461524,-2034170.867461524
2024-12-31,arx_lag1_7_route,hormuz_tanker_capacity,fold_25,1678052.0,2823282.268791109,-1145230.2687911089
2025-01-01,arx_lag1_7_route,hormuz_tanker_capacity,fold_25,2351307.0,2719338.5216179127,-368031.5216179127
2025-01-02,arx_lag1_7_route,hormuz_tanker_capacity,fold_25,1469954.0,2776152.838142326,-1306198.838142326
2025-01-03,arx_lag1_7_route,hormuz_tanker_capacity,fold_25,3038303.0,2838744.829415021,199558.170584979
2025-01-04,arx_lag1_7_route,hormuz_tanker_capacity,fold_25,1621874.0,2856912.3821927398,-1235038.3821927398
2025-01-05,arx_lag1_7_route,hormuz_tanker_capacity,fold_25,1752372.0,2921805.2507506455,-1169433.2507506455
2025-01-06,arx_lag1_7_route,hormuz_tanker_capacity,fold_25,620856.0,2921243.2955717314,-2300387.2955717314
2025-01-07,arx_lag1_7_route,hormuz_tanker_capacity,fold_25,2096115.0,2875856.850730302,-779741.8507303018
2025-01-08,arx_lag1_7_route,hormuz_tanker_capacity,fold_25,1160485.0,2836177.699508905,-1675692.699508905
2025-01-09,arx_lag1_7_route,hormuz_tanker_capacity,fold_25,1832266.0,2811084.867776336,-978818.8677763361
2025-01-10,arx_lag1_7_route,hormuz_tanker_capacity,fold_25,2291835.0,2870489.5343371555,-578654.5343371555
2025-01-11,arx_lag1_7_route,hormuz_tanker_capacity,fold_25,3317436.0,2923233.5265303515,394202.4734696485
2025-01-12,arx_lag1_7_route,hormuz_tanker_capacity,fold_25,3124955.0,2960915.6910451674,164039.3089548326
2025-01-13,arx_lag1_7_route,hormuz_tanker_capacity,fold_25,2127133.0,2908737.868718753,-781604.8687187531
2025-01-14,arx_lag1_7_route,hormuz_tanker_capacity,fold_25,1728676.0,2875907.15757059,-1147231.1575705898
2025-01-15,arx_lag1_7_route,hormuz_tanker_capacity,fold_25,1981160.0,2781854.0316248415,-800694.0316248415
2025-01-16,arx_lag1_7_route,hormuz_tanker_capacity,fold_25,2355638.0,2774632.992467827,-418994.99246782716
2025-01-17,arx_lag1_7_route,hormuz_tanker_capacity,fold_25,2814758.0,2835497.6137264194,-20739.613726419397
2025-01-18,arx_lag1_7_route,hormuz_tanker_capacity,fold_25,2643122.0,2856744.523455413,-213622.52345541306
2025-01-19,arx_lag1_7_route,hormuz_tanker_capacity,fold_25,1258774.0,2969670.593116958,-1710896.5931169582
2025-01-20,arx_lag1_7_route,hormuz_tanker_capacity,fold_26,1805317.0,2280203.8221212006,-474886.8221212006
2025-01-21,arx_lag1_7_route,hormuz_tanker_capacity,fold_26,1656884.0,2450671.828100682,-793787.8281006818
2025-01-22,arx_lag1_7_route,hormuz_tanker_capacity,fold_26,2269515.0,2589781.3628793187,-320266.36287931865
2025-01-23,arx_lag1_7_route,hormuz_tanker_capacity,fold_26,2079759.0,2688261.333003577,-608502.3330035768
2025-01-24,arx_lag1_7_route,hormuz_tanker_capacity,fold_26,2169879.0,2787235.458296879,-617356.4582968792
2025-01-25,arx_lag1_7_route,hormuz_tanker_capacity,fold_26,2187162.0,2857592.615557407,-670430.615557407
2025-01-26,arx_lag1_7_route,hormuz_tanker_capacity,fold_26,3170629.0,2653897.032759608,516731.96724039223
2025-01-27,arx_lag1_7_route,hormuz_tanker_capacity,fold_26,1103355.0,2732329.72922548,-1628974.72922548
2025-01-28,arx_lag1_7_route,hormuz_tanker_capacity,fold_26,1978312.0,2695670.280373091,-717358.2803730909
2025-01-29,arx_lag1_7_route,hormuz_tanker_capacity,fold_26,1834211.0,2722489.5543603054,-888278.5543603054
2025-01-30,arx_lag1_7_route,hormuz_tanker_capacity,fold_26,2705647.0,2737779.1449532732,-32132.144953273237
2025-01-31,arx_lag1_7_route,hormuz_tanker_capacity,fold_26,1630114.0,2813725.369403608,-1183611.3694036081
2025-02-01,arx_lag1_7_route,hormuz_tanker_capacity,fold_26,1674602.0,2838884.8595290883,-1164282.8595290883
2025-02-02,arx_lag1_7_route,hormuz_tanker_capacity,fold_26,1378171.0,2887889.0780564705,-1509718.0780564705
2025-02-03,arx_lag1_7_route,hormuz_tanker_capacity,fold_26,2493210.0,2837889.4440202042,-344679.44402020425
2025-02-04,arx_lag1_7_route,hormuz_tanker_capacity,fold_26,1865766.0,2791132.4285541363,-925366.4285541363
2025-02-05,arx_lag1_7_route,hormuz_tanker_capacity,fold_26,1753702.0,2775877.1383550935,-1022175.1383550935
2025-02-06,arx_lag1_7_route,hormuz_tanker_capacity,fold_26,2256102.0,2763767.2404417936,-507665.2404417936
2025-02-07,arx_lag1_7_route,hormuz_tanker_capacity,fold_26,1383643.0,2900306.327322229,-1516663.3273222288
2025-02-08,arx_lag1_7_route,hormuz_tanker_capacity,fold_26,1405240.0,2947535.1079008393,-1542295.1079008393
2025-02-09,arx_lag1_7_route,hormuz_tanker_capacity,fold_26,1717641.0,2895716.1047691945,-1178075.1047691945
2025-02-10,arx_lag1_7_route,hormuz_tanker_capacity,fold_26,3078664.0,2850817.4035443924,227846.59645560756
2025-02-11,arx_lag1_7_route,hormuz_tanker_capacity,fold_26,2248740.0,2865557.3202854996,-616817.3202854996
2025-02-12,arx_lag1_7_route,hormuz_tanker_capacity,fold_26,3636376.0,2759353.7201732737,877022.2798267263
2025-02-13,arx_lag1_7_route,hormuz_tanker_capacity,fold_26,3877773.0,2779053.353176395,1098719.646823605
2025-02-14,arx_lag1_7_route,hormuz_tanker_capacity,fold_26,2741438.0,2814423.3247868083,-72985.32478680834
2025-02-15,arx_lag1_7_route,hormuz_tanker_capacity,fold_26,2157988.0,2891853.183624026,-733865.1836240259
2025-02-16,arx_lag1_7_route,hormuz_tanker_capacity,fold_26,2428946.0,2936531.31589706,-507585.3158970601
2025-02-17,arx_lag1_7_route,hormuz_tanker_capacity,fold_26,2310561.0,2924889.4506862997,-614328.4506862997
2025-02-18,arx_lag1_7_route,hormuz_tanker_capacity,fold_26,2464650.0,2806649.4024969465,-341999.4024969465
2025-02-19,arx_lag1_7_route,hormuz_tanker_capacity,fold_27,2725974.0,2828497.02799954,-102523.02799953986
2025-02-20,arx_lag1_7_route,hormuz_tanker_capacity,fold_27,2611064.0,2995673.8163636276,-384609.81636362756
2025-02-21,arx_lag1_7_route,hormuz_tanker_capacity,fold_27,2158389.0,2888885.337632848,-730496.337632848
2025-02-22,arx_lag1_7_route,hormuz_tanker_capacity,fold_27,3287427.0,2781351.2563147712,506075.74368522875
2025-02-23,arx_lag1_7_route,hormuz_tanker_capacity,fold_27,891467.0,2787143.538902972,-1895676.538902972
2025-02-24,arx_lag1_7_route,hormuz_tanker_capacity,fold_27,1778785.0,2776839.756905904,-998054.756905904
2025-02-25,arx_lag1_7_route,hormuz_tanker_capacity,fold_27,1721897.0,2770953.380714324,-1049056.3807143238
2025-02-26,arx_lag1_7_route,hormuz_tanker_capacity,fold_27,1199614.0,2781255.795898711,-1581641.7958987108
2025-02-27,arx_lag1_7_route,hormuz_tanker_capacity,fold_27,940050.0,2824165.8985456415,-1884115.8985456415
2025-02-28,arx_lag1_7_route,hormuz_tanker_capacity,fold_27,1405031.0,2876339.9304597653,-1471308.9304597653
2025-03-01,arx_lag1_7_route,hormuz_tanker_capacity,fold_27,1932263.0,2894061.1361529264,-961798.1361529264
2025-03-02,arx_lag1_7_route,hormuz_tanker_capacity,fold_27,2383995.0,2854549.656924174,-470554.65692417417
2025-03-03,arx_lag1_7_route,hormuz_tanker_capacity,fold_27,3551132.0,2896360.826117903,654771.173882097
2025-03-04,arx_lag1_7_route,hormuz_tanker_capacity,fold_27,2385768.0,2817221.102075321,-431453.10207532113
2025-03-05,arx_lag1_7_route,hormuz_tanker_capacity,fold_27,2426495.0,2794057.97106986,-367562.9710698598
2025-03-06,arx_lag1_7_route,hormuz_tanker_capacity,fold_27,4403693.0,2801969.9360670345,1601723.0639329655
2025-03-07,arx_lag1_7_route,hormuz_tanker_capacity,fold_27,2012782.0,2881324.454049932,-868542.4540499318
2025-03-08,arx_lag1_7_route,hormuz_tanker_capacity,fold_27,2095831.0,2876147.1651916755,-780316.1651916755
2025-03-09,arx_lag1_7_route,hormuz_tanker_capacity,fold_27,2080133.0,2883997.0488581746,-803864.0488581746
2025-03-10,arx_lag1_7_route,hormuz_tanker_capacity,fold_27,3465041.0,2852135.212384209,612905.787615791
2025-03-11,arx_lag1_7_route,hormuz_tanker_capacity,fold_27,2542311.0,2779000.9772789534,-236689.97727895342
2025-03-12,arx_lag1_7_route,hormuz_tanker_capacity,fold_27,2745555.0,2800654.667963463,-55099.66796346288
2025-03-13,arx_lag1_7_route,hormuz_tanker_capacity,fold_27,2076567.0,2775296.3883022284,-698729.3883022284
2025-03-14,arx_lag1_7_route,hormuz_tanker_capacity,fold_27,1663097.0,2800577.756173186,-1137480.756173186
2025-03-15,arx_lag1_7_route,hormuz_tanker_capacity,fold_27,2385028.0,2815728.3550933166,-430700.35509331664
2025-03-16,arx_lag1_7_route,hormuz_tanker_capacity,fold_27,3348158.0,2860774.7989482116,487383.2010517884
2025-03-17,arx_lag1_7_route,hormuz_tanker_capacity,fold_27,2368542.0,2864004.9321617293,-495462.9321617293
2025-03-18,arx_lag1_7_route,hormuz_tanker_capacity,fold_27,3311561.0,2822759.354678032,488801.645321968
2025-03-19,arx_lag1_7_route,hormuz_tanker_capacity,fold_27,2007546.0,2720176.9301788714,-712630.9301788714
2025-03-20,arx_lag1_7_route,hormuz_tanker_capacity,fold_27,3178055.0,2868106.913590979,309948.08640902117
2025-03-21,arx_lag1_7_route,hormuz_tanker_capacity,fold_28,2482614.0,2653635.369070947,-171021.36907094717
2025-03-22,arx_lag1_7_route,hormuz_tanker_capacity,fold_28,3006368.0,2766511.4015771053,239856.59842289472
2025-03-23,arx_lag1_7_route,hormuz_tanker_capacity,fold_28,2014740.0,2953724.746906528,-938984.7469065278
2025-03-24,arx_lag1_7_route,hormuz_tanker_capacity,fold_28,1984315.0,2764173.1553017655,-779858.1553017655
2025-03-25,arx_lag1_7_route,hormuz_tanker_capacity,fold_28,897553.0,2843011.407574503,-1945458.4075745032
2025-03-26,arx_lag1_7_route,hormuz_tanker_capacity,fold_28,952272.0,2678963.7240940193,-1726691.7240940193
2025-03-27,arx_lag1_7_route,hormuz_tanker_capacity,fold_28,2694788.0,2817542.624799788,-122754.624799788
2025-03-28,arx_lag1_7_route,hormuz_tanker_capacity,fold_28,3042317.0,2798436.123763363,243880.87623663712
2025-03-29,arx_lag1_7_route,hormuz_tanker_capacity,fold_28,4029481.0,2832527.970530855,1196953.029469145
2025-03-30,arx_lag1_7_route,hormuz_tanker_capacity,fold_28,2978000.0,2964802.9412454288,13197.058754571248
2025-03-31,arx_lag1_7_route,hormuz_tanker_capacity,fold_28,3027645.0,2846875.310948054,180769.68905194616
2025-04-01,arx_lag1_7_route,hormuz_tanker_capacity,fold_28,3116039.0,2821841.111980344,294197.88801965583
2025-04-02,arx_lag1_7_route,hormuz_tanker_capacity,fold_28,1690664.0,2775704.157454752,-1085040.157454752
2025-04-03,arx_lag1_7_route,hormuz_tanker_capacity,fold_28,2659881.0,2769871.847452749,-109990.84745274903
2025-04-04,arx_lag1_7_route,hormuz_tanker_capacity,fold_28,4503955.0,2814271.6636145557,1689683.3363854443
2025-04-05,arx_lag1_7_route,hormuz_tanker_capacity,fold_28,2468248.0,2811051.343032967,-342803.34303296683
2025-04-06,arx_lag1_7_route,hormuz_tanker_capacity,fold_28,2716688.0,2863961.4768942,-147273.47689419985
2025-04-07,arx_lag1_7_route,hormuz_tanker_capacity,fold_28,2780154.0,2819308.2874203566,-39154.287420356646
2025-04-08,arx_lag1_7_route,hormuz_tanker_capacity,fold_28,3525756.0,2764833.270661326,760922.7293386739
2025-04-09,arx_lag1_7_route,hormuz_tanker_capacity,fold_28,2684985.0,2746181.6204509577,-61196.62045095768
2025-04-10,arx_lag1_7_route,hormuz_tanker_capacity,fold_28,3633402.0,2758319.7782201604,875082.2217798396
2025-04-11,arx_lag1_7_route,hormuz_tanker_capacity,fold_28,3561353.0,2811895.057340283,749457.942659717
2025-04-12,arx_lag1_7_route,hormuz_tanker_capacity,fold_28,3862368.0,2822379.380149575,1039988.619850425
2025-04-13,arx_lag1_7_route,hormuz_tanker_capacity,fold_28,3880730.0,2906559.930413065,974170.069586935
2025-04-14,arx_lag1_7_route,hormuz_tanker_capacity,fold_28,3216563.0,2886932.7605707245,329630.2394292755
2025-04-15,arx_lag1_7_route,hormuz_tanker_capacity,fold_28,1219726.0,2785114.745078272,-1565388.7450782722
2025-04-16,arx_lag1_7_route,hormuz_tanker_capacity,fold_28,3439877.0,2740333.472150724,699543.5278492761
2025-04-17,arx_lag1_7_route,hormuz_tanker_capacity,fold_28,1069913.0,2875110.587684375,-1805197.5876843748
2025-04-18,arx_lag1_7_route,hormuz_tanker_capacity,fold_28,903863.0,2843289.7911980185,-1939426.7911980185
2025-04-19,arx_lag1_7_route,hormuz_tanker_capacity,fold_28,1928138.0,2845499.329439527,-917361.3294395269
2025-04-20,arx_lag1_7_route,hormuz_tanker_capacity,fold_29,3186428.0,2777814.998818164,408613.0011818358
2025-04-21,arx_lag1_7_route,hormuz_tanker_capacity,fold_29,3273360.0,2886641.558979868,386718.44102013204
2025-04-22,arx_lag1_7_route,hormuz_tanker_capacity,fold_29,3558785.0,2544428.745808786,1014356.2541912142
2025-04-23,arx_lag1_7_route,hormuz_tanker_capacity,fold_29,2815428.0,2770737.8269751067,44690.17302489327
2025-04-24,arx_lag1_7_route,hormuz_tanker_capacity,fold_29,1844101.0,2465996.570563659,-621895.5705636591
2025-04-25,arx_lag1_7_route,hormuz_tanker_capacity,fold_29,2071577.0,2411054.1892069303,-339477.18920693034
2025-04-26,arx_lag1_7_route,hormuz_tanker_capacity,fold_29,3963917.0,2598393.9405773724,1365523.0594226276
2025-04-27,arx_lag1_7_route,hormuz_tanker_capacity,fold_29,3229002.0,2764045.761235673,464956.238764327
2025-04-28,arx_lag1_7_route,hormuz_tanker_capacity,fold_29,2053672.0,2824948.591004198,-771276.591004198
2025-04-29,arx_lag1_7_route,hormuz_tanker_capacity,fold_29,1994277.0,2694355.648604484,-700078.6486044838
2025-04-30,arx_lag1_7_route,hormuz_tanker_capacity,fold_29,2285155.0,2754167.47455629,-469012.4745562901
2025-05-01,arx_lag1_7_route,hormuz_tanker_capacity,fold_29,4317040.0,2784956.4797047176,1532083.5202952824
2025-05-02,arx_lag1_7_route,hormuz_tanker_capacity,fold_29,2371651.0,2808585.4575039237,-436934.4575039237
2025-05-03,arx_lag1_7_route,hormuz_tanker_capacity,fold_29,2438429.0,2809985.4889977984,-371556.4889977984
2025-05-04,arx_lag1_7_route,hormuz_tanker_capacity,fold_29,3786372.0,2909558.926203355,876813.0737966448
2025-05-05,arx_lag1_7_route,hormuz_tanker_capacity,fold_29,3418375.0,2851972.687485753,566402.3125142469
2025-05-06,arx_lag1_7_route,hormuz_tanker_capacity,fold_29,2810352.0,2796836.3104419494,13515.689558050595
2025-05-07,arx_lag1_7_route,hormuz_tanker_capacity,fold_29,2284570.0,2773137.387728081,-488567.3877280811
2025-05-08,arx_lag1_7_route,hormuz_tanker_capacity,fold_29,626423.0,2754191.1598107996,-2127768.1598107996
2025-05-09,arx_lag1_7_route,hormuz_tanker_capacity,fold_29,1787170.0,2833945.5208219728,-1046775.5208219728
2025-05-10,arx_lag1_7_route,hormuz_tanker_capacity,fold_29,1668370.0,2856585.5950556416,-1188215.5950556416
2025-05-11,arx_lag1_7_route,hormuz_tanker_capacity,fold_29,2738553.0,2850803.9173071086,-112250.91730710864
2025-05-12,arx_lag1_7_route,hormuz_tanker_capacity,fold_29,3829192.0,2797404.117902613,1031787.8820973872
2025-05-13,arx_lag1_7_route,hormuz_tanker_capacity,fold_29,2539034.0,2783121.8034260944,-244087.80342609435
2025-05-14,arx_lag1_7_route,hormuz_tanker_capacity,fold_29,3110562.0,2727077.3647370953,383484.6352629047
2025-05-15,arx_lag1_7_route,hormuz_tanker_capacity,fold_29,2171805.0,2751010.007799761,-579205.0077997609
2025-05-16,arx_lag1_7_route,hormuz_tanker_capacity,fold_29,3527356.0,2831674.2635999196,695681.7364000804
2025-05-17,arx_lag1_7_route,hormuz_tanker_capacity,fold_29,2657617.0,2830449.809559266,-172832.80955926608
2025-05-18,arx_lag1_7_route,hormuz_tanker_capacity,fold_29,3292912.0,2848787.0769725065,444124.9230274935
2025-05-19,arx_lag1_7_route,hormuz_tanker_capacity,fold_29,1953777.0,2815528.474372881,-861751.474372881
2025-05-20,arx_lag1_7_route,hormuz_tanker_capacity,fold_30,3709997.0,2468245.2019686564,1241751.7980313436
2025-05-21,arx_lag1_7_route,hormuz_tanker_capacity,fold_30,1510259.0,2761613.3307563546,-1251354.3307563546
2025-05-22,arx_lag1_7_route,hormuz_tanker_capacity,fold_30,1927775.0,2659011.5386684136,-731236.5386684136
2025-05-23,arx_lag1_7_route,hormuz_tanker_capacity,fold_30,2829349.0,2872234.473805041,-42885.47380504105
2025-05-24,arx_lag1_7_route,hormuz_tanker_capacity,fold_30,2853695.0,2865493.7567448383,-11798.75674483832
2025-05-25,arx_lag1_7_route,hormuz_tanker_capacity,fold_30,2515692.0,2925186.89602569,-409494.8960256898
2025-05-26,arx_lag1_7_route,hormuz_tanker_capacity,fold_30,3225735.0,2757851.859279829,467883.1407201709
2025-05-27,arx_lag1_7_route,hormuz_tanker_capacity,fold_30,2845632.0,2679796.136427956,165835.86357204383
2025-05-28,arx_lag1_7_route,hormuz_tanker_capacity,fold_30,3455462.0,2623143.682538161,832318.317461839
2025-05-29,arx_lag1_7_route,hormuz_tanker_capacity,fold_30,4444130.0,2690704.4557854906,1753425.5442145094
2025-05-30,arx_lag1_7_route,hormuz_tanker_capacity,fold_30,2585922.0,2743707.5447138334,-157785.54471383337
2025-05-31,arx_lag1_7_route,hormuz_tanker_capacity,fold_30,3046521.0,2841769.2392336642,204751.76076633576
2025-06-01,arx_lag1_7_route,hormuz_tanker_capacity,fold_30,3318106.0,2902284.2456382057,415821.75436179433
2025-06-02,arx_lag1_7_route,hormuz_tanker_capacity,fold_30,2749722.0,2890994.5150445513,-141272.51504455134
2025-06-03,arx_lag1_7_route,hormuz_tanker_capacity,fold_30,2739637.0,2840367.0988044203,-100730.09880442033
2025-06-04,arx_lag1_7_route,hormuz_tanker_capacity,fold_30,4132863.0,2719782.430620848,1413080.5693791518
2025-06-05,arx_lag1_7_route,hormuz_tanker_capacity,fold_30,3037199.0,2754814.0008541066,282384.9991458934
2025-06-06,arx_lag1_7_route,hormuz_tanker_capacity,fold_30,1900548.0,2766917.6262976294,-866369.6262976294
2025-06-07,arx_lag1_7_route,hormuz_tanker_capacity,fold_30,3083227.0,2815138.5532771912,268088.44672280876
2025-06-08,arx_lag1_7_route,hormuz_tanker_capacity,fold_30,3686265.0,2849738.1598625663,836526.8401374337
2025-06-09,arx_lag1_7_route,hormuz_tanker_capacity,fold_30,2402310.0,2787601.7419188735,-385291.7419188735
2025-06-10,arx_lag1_7_route,hormuz_tanker_capacity,fold_30,2578770.0,2740899.931428879,-162129.93142887903
2025-06-11,arx_lag1_7_route,hormuz_tanker_capacity,fold_30,3124022.0,2730932.086436712,393089.9135632878
2025-06-12,arx_lag1_7_route,hormuz_tanker_capacity,fold_30,2973832.0,2732065.425675427,241766.57432457292
2025-06-13,arx_lag1_7_route,hormuz_tanker_capacity,fold_30,2197216.0,2853991.5534272557,-656775.5534272557
2025-06-14,arx_lag1_7_route,hormuz_tanker_capacity,fold_30,2550939.0,2821059.301124712,-270120.301124712
2025-06-15,arx_lag1_7_route,hormuz_tanker_capacity,fold_30,4007382.0,2879577.493535592,1127804.5064644078
2025-06-16,arx_lag1_7_route,hormuz_tanker_capacity,fold_30,1162917.0,2788240.247387784,-1625323.247387784
2025-06-17,arx_lag1_7_route,hormuz_tanker_capacity,fold_30,2332753.0,2762892.190296634,-430139.1902966341
2025-06-18,arx_lag1_7_route,hormuz_tanker_capacity,fold_30,2219969.0,2710903.02360714,-490934.02360713994
2025-06-19,arx_lag1_7_route,hormuz_tanker_capacity,fold_31,3941677.0,2609313.5489180167,1332363.4510819833
2025-06-20,arx_lag1_7_route,hormuz_tanker_capacity,fold_31,2460794.0,2691115.5714947013,-230321.57149470132
2025-06-21,arx_lag1_7_route,hormuz_tanker_capacity,fold_31,1656722.0,2749753.6361158835,-1093031.6361158835
2025-06-22,arx_lag1_7_route,hormuz_tanker_capacity,fold_31,2936162.0,3045135.279499549,-108973.27949954895
2025-06-23,arx_lag1_7_route,hormuz_tanker_capacity,fold_31,2222171.0,2608040.652153421,-385869.6521534212
2025-06-24,arx_lag1_7_route,hormuz_tanker_capacity,fold_31,1267133.0,2653061.8872746616,-1385928.8872746616
2025-06-25,arx_lag1_7_route,hormuz_tanker_capacity,fold_31,1473448.0,2551795.2538853902,-1078347.2538853902
2025-06-26,arx_lag1_7_route,hormuz_tanker_capacity,fold_31,2337881.0,2697610.7623912315,-359729.7623912315
2025-06-27,arx_lag1_7_route,hormuz_tanker_capacity,fold_31,1639505.0,2812054.5933955424,-1172549.5933955424
2025-06-28,arx_lag1_7_route,hormuz_tanker_capacity,fold_31,1980483.0,2852930.921628976,-872447.9216289758
2025-06-29,arx_lag1_7_route,hormuz_tanker_capacity,fold_31,3465006.0,2889536.894161515,575469.1058384851
2025-06-30,arx_lag1_7_route,hormuz_tanker_capacity,fold_31,2592790.0,2818858.533666481,-226068.5336664808
2025-07-01,arx_lag1_7_route,hormuz_tanker_capacity,fold_31,1775752.0,2763904.317554071,-988152.3175540711
2025-07-02,arx_lag1_7_route,hormuz_tanker_capacity,fold_31,1797959.0,2707281.926632654,-909322.9266326539
2025-07-03,arx_lag1_7_route,hormuz_tanker_capacity,fold_31,2021659.0,2677423.743909953,-655764.7439099532
2025-07-04,arx_lag1_7_route,hormuz_tanker_capacity,fold_31,3346527.0,2865038.8030360425,481488.1969639575
2025-07-05,arx_lag1_7_route,hormuz_tanker_capacity,fold_31,1789242.0,2901930.2618466746,-1112688.2618466746
2025-07-06,arx_lag1_7_route,hormuz_tanker_capacity,fold_31,1413450.0,2883015.5918630054,-1469565.5918630054
2025-07-07,arx_lag1_7_route,hormuz_tanker_capacity,fold_31,2279290.0,2828866.7358640274,-549576.7358640274
2025-07-08,arx_lag1_7_route,hormuz_tanker_capacity,fold_31,1478452.0,2862891.2207610435,-1384439.2207610435
2025-07-09,arx_lag1_7_route,hormuz_tanker_capacity,fold_31,3801840.0,2774317.5152379437,1027522.4847620563
2025-07-10,arx_lag1_7_route,hormuz_tanker_capacity,fold_31,2937781.0,2777195.7646716,160585.23532840004
2025-07-11,arx_lag1_7_route,hormuz_tanker_capacity,fold_31,3621565.0,2905747.698393466,715817.301606534
2025-07-12,arx_lag1_7_route,hormuz_tanker_capacity,fold_31,4089853.0,2940241.0195113006,1149611.9804886994
2025-07-13,arx_lag1_7_route,hormuz_tanker_capacity,fold_31,1805657.0,2916091.261309091,-1110434.261309091
2025-07-14,arx_lag1_7_route,hormuz_tanker_capacity,fold_31,2616893.0,2828322.048722672,-211429.0487226718
2025-07-15,arx_lag1_7_route,hormuz_tanker_capacity,fold_31,3803838.0,2765102.4682272347,1038735.5317727653
2025-07-16,arx_lag1_7_route,hormuz_tanker_capacity,fold_31,3388965.0,2788026.989845308,600938.010154692
2025-07-17,arx_lag1_7_route,hormuz_tanker_capacity,fold_31,2602317.0,2784988.7360957367,-182671.73609573673
2025-07-18,arx_lag1_7_route,hormuz_tanker_capacity,fold_31,2658816.0,2890921.8034870303,-232105.80348703032
2025-07-19,arx_lag1_7_route,hormuz_tanker_capacity,fold_32,3029488.0,2944328.366940674,85159.6330593261
2025-07-20,arx_lag1_7_route,hormuz_tanker_capacity,fold_32,3917967.0,2780280.329097569,1137686.670902431
2025-07-21,arx_lag1_7_route,hormuz_tanker_capacity,fold_32,3204741.0,2829144.9766434827,375596.0233565173
2025-07-22,arx_lag1_7_route,hormuz_tanker_capacity,fold_32,1560459.0,2894705.6820247206,-1334246.6820247206
2025-07-23,arx_lag1_7_route,hormuz_tanker_capacity,fold_32,2737792.0,2842295.598229196,-104503.59822919592
2025-07-24,arx_lag1_7_route,hormuz_tanker_capacity,fold_32,2780090.0,2692716.195187541,87373.80481245881
2025-07-25,arx_lag1_7_route,hormuz_tanker_capacity,fold_32,2930353.0,2746716.885747247,183636.1142527531
2025-07-26,arx_lag1_7_route,hormuz_tanker_capacity,fold_32,2488567.0,2870305.9047287926,-381738.9047287926
2025-07-27,arx_lag1_7_route,hormuz_tanker_capacity,fold_32,3657144.0,2863553.2066934574,793590.7933065426
2025-07-28,arx_lag1_7_route,hormuz_tanker_capacity,fold_32,2596979.0,2846016.1954397643,-249037.1954397643
2025-07-29,arx_lag1_7_route,hormuz_tanker_capacity,fold_32,2836982.0,2748586.2939571305,88395.70604286948
2025-07-30,arx_lag1_7_route,hormuz_tanker_capacity,fold_32,3615903.0,2746543.552184627,869359.4478153731
2025-07-31,arx_lag1_7_route,hormuz_tanker_capacity,fold_32,3249668.0,2747240.2265292634,502427.7734707366
2025-08-01,arx_lag1_7_route,hormuz_tanker_capacity,fold_32,1900730.0,2784827.6524378303,-884097.6524378303
2025-08-02,arx_lag1_7_route,hormuz_tanker_capacity,fold_32,4234230.0,2832910.629216747,1401319.370783253
2025-08-03,arx_lag1_7_route,hormuz_tanker_capacity,fold_32,2919725.0,2831493.488268242,88231.51173175778
2025-08-04,arx_lag1_7_route,hormuz_tanker_capacity,fold_32,1328092.0,2779977.005668776,-1451885.005668776
2025-08-05,arx_lag1_7_route,hormuz_tanker_capacity,fold_32,2584327.0,2791648.5408274014,-207321.54082740145
2025-08-06,arx_lag1_7_route,hormuz_tanker_capacity,fold_32,1795994.0,2780983.1630873145,-984989.1630873145
2025-08-07,arx_lag1_7_route,hormuz_tanker_capacity,fold_32,2372921.0,2788361.4792846707,-415440.47928467067
2025-08-08,arx_lag1_7_route,hormuz_tanker_capacity,fold_32,2254429.0,2802175.169949303,-547746.1699493029
2025-08-09,arx_lag1_7_route,hormuz_tanker_capacity,fold_32,2266293.0,2845490.2139354176,-579197.2139354176
2025-08-10,arx_lag1_7_route,hormuz_tanker_capacity,fold_32,1905686.0,2875654.255170098,-969968.255170098
2025-08-11,arx_lag1_7_route,hormuz_tanker_capacity,fold_32,2521965.0,2856668.0370559487,-334703.03705594875
2025-08-12,arx_lag1_7_route,hormuz_tanker_capacity,fold_32,3227213.0,2752299.610059981,474913.38994001923
2025-08-13,arx_lag1_7_route,hormuz_tanker_capacity,fold_32,2279216.0,2784450.305476445,-505234.3054764448
2025-08-14,arx_lag1_7_route,hormuz_tanker_capacity,fold_32,2816918.0,2820108.7858688002,-3190.785868800245
2025-08-15,arx_lag1_7_route,hormuz_tanker_capacity,fold_32,1388712.0,2798964.3981716647,-1410252.3981716647
2025-08-16,arx_lag1_7_route,hormuz_tanker_capacity,fold_32,1850637.0,2837618.2331869644,-986981.2331869644
2025-08-17,arx_lag1_7_route,hormuz_tanker_capacity,fold_32,2665643.0,2829414.2412541774,-163771.2412541774
2025-08-18,arx_lag1_7_route,hormuz_tanker_capacity,fold_33,2144480.0,2689190.7060813047,-544710.7060813047
2025-08-19,arx_lag1_7_route,hormuz_tanker_capacity,fold_33,4316194.0,2779083.77215161,1537110.2278483901
2025-08-20,arx_lag1_7_route,hormuz_tanker_capacity,fold_33,2631654.0,2689095.3649808536,-57441.36498085363
2025-08-21,arx_lag1_7_route,hormuz_tanker_capacity,fold_33,2479865.0,2709652.80022641,-229787.80022640992
2025-08-22,arx_lag1_7_route,hormuz_tanker_capacity,fold_33,3195372.0,2600658.014166394,594713.9858336062
2025-08-23,arx_lag1_7_route,hormuz_tanker_capacity,fold_33,2899090.0,2679231.1076981793,219858.89230182068
2025-08-24,arx_lag1_7_route,hormuz_tanker_capacity,fold_33,3411960.0,2771446.1149025443,640513.8850974557
2025-08-25,arx_lag1_7_route,hormuz_tanker_capacity,fold_33,2086984.0,2861892.3096048767,-774908.3096048767
2025-08-26,arx_lag1_7_route,hormuz_tanker_capacity,fold_33,1667814.0,2803702.7576586828,-1135888.7576586828
2025-08-27,arx_lag1_7_route,hormuz_tanker_capacity,fold_33,2929045.0,2702742.0878501926,226302.91214980744
2025-08-28,arx_lag1_7_route,hormuz_tanker_capacity,fold_33,2289529.0,2724120.5750838164,-434591.5750838164
2025-08-29,arx_lag1_7_route,hormuz_tanker_capacity,fold_33,3416770.0,2769800.1626046435,646969.8373953565
2025-08-30,arx_lag1_7_route,hormuz_tanker_capacity,fold_33,3905491.0,2867724.5928902538,1037766.4071097462
2025-08-31,arx_lag1_7_route,hormuz_tanker_capacity,fold_33,3162921.0,2859439.7853973983,303481.2146026017
2025-09-01,arx_lag1_7_route,hormuz_tanker_capacity,fold_33,3235585.0,2841563.9424077813,394021.05759221874
2025-09-02,arx_lag1_7_route,hormuz_tanker_capacity,fold_33,1906566.0,2821575.151416516,-915009.1514165159
2025-09-03,arx_lag1_7_route,hormuz_tanker_capacity,fold_33,2429378.0,2780704.0756625477,-351326.0756625477
2025-09-04,arx_lag1_7_route,hormuz_tanker_capacity,fold_33,1136592.0,2737290.7843639106,-1600698.7843639106
2025-09-05,arx_lag1_7_route,hormuz_tanker_capacity,fold_33,4471592.0,2771415.6239802623,1700176.3760197377
2025-09-06,arx_lag1_7_route,hormuz_tanker_capacity,fold_33,3071388.0,2844110.2988136755,227277.70118632447
2025-09-07,arx_lag1_7_route,hormuz_tanker_capacity,fold_33,3178836.0,2884414.649142802,294421.3508571978
2025-09-08,arx_lag1_7_route,hormuz_tanker_capacity,fold_33,2687850.0,2849987.1865997855,-162137.18659978546
2025-09-09,arx_lag1_7_route,hormuz_tanker_capacity,fold_33,1990812.0,2804695.955584117,-813883.9555841172
2025-09-10,arx_lag1_7_route,hormuz_tanker_capacity,fold_33,2747988.0,2762010.1821752447,-14022.18217524467
2025-09-11,arx_lag1_7_route,hormuz_tanker_capacity,fold_33,1821857.0,2744269.6699781218,-922412.6699781218
2025-09-12,arx_lag1_7_route,hormuz_tanker_capacity,fold_33,1208459.0,2782955.906582684,-1574496.9065826838
2025-09-13,arx_lag1_7_route,hormuz_tanker_capacity,fold_33,1671420.0,2841631.6305445065,-1170211.6305445065
2025-09-14,arx_lag1_7_route,hormuz_tanker_capacity,fold_33,1339968.0,2864588.004556517,-1524620.0045565171
2025-09-15,arx_lag1_7_route,hormuz_tanker_capacity,fold_33,911409.0,2790376.220944342,-1878967.2209443422
2025-09-16,arx_lag1_7_route,hormuz_tanker_capacity,fold_33,1699926.0,2770511.8639958277,-1070585.8639958277
2025-09-17,arx_lag1_7_route,hormuz_tanker_capacity,fold_34,3174206.0,2474239.3841792718,699966.6158207282
2025-09-18,arx_lag1_7_route,hormuz_tanker_capacity,fold_34,2932554.0,2536728.643946684,395825.35605331603
2025-09-19,arx_lag1_7_route,hormuz_tanker_capacity,fold_34,1852708.0,2515938.558834048,-663230.558834048
2025-09-20,arx_lag1_7_route,hormuz_tanker_capacity,fold_34,2166435.0,2575830.617875128,-409395.61787512805
2025-09-21,arx_lag1_7_route,hormuz_tanker_capacity,fold_34,1683122.0,2584483.961136261,-901361.961136261
2025-09-22,arx_lag1_7_route,hormuz_tanker_capacity,fold_34,1067634.0,2456458.584002339,-1388824.5840023388
2025-09-23,arx_lag1_7_route,hormuz_tanker_capacity,fold_34,3058164.0,2549343.315675681,508820.684324319
2025-09-24,arx_lag1_7_route,hormuz_tanker_capacity,fold_34,2236283.0,2616942.923049338,-380659.92304933816
2025-09-25,arx_lag1_7_route,hormuz_tanker_capacity,fold_34,1745296.0,2652228.5327724675,-906932.5327724675
2025-09-26,arx_lag1_7_route,hormuz_tanker_capacity,fold_34,936954.0,2762220.5083291396,-1825266.5083291396
2025-09-27,arx_lag1_7_route,hormuz_tanker_capacity,fold_34,2749108.0,2757092.484767954,-7984.484767953865
2025-09-28,arx_lag1_7_route,hormuz_tanker_capacity,fold_34,3983107.0,2732356.544538322,1250750.455461678
2025-09-29,arx_lag1_7_route,hormuz_tanker_capacity,fold_34,1705959.0,2745377.086602987,-1039418.0866029868
2025-09-30,arx_lag1_7_route,hormuz_tanker_capacity,fold_34,3249270.0,2709442.876664234,539827.1233357661
2025-10-01,arx_lag1_7_route,hormuz_tanker_capacity,fold_34,3340995.0,2723251.468520947,617743.5314790532
2025-10-02,arx_lag1_7_route,hormuz_tanker_capacity,fold_34,4499513.0,2642879.081851974,1856633.9181480259
2025-10-03,arx_lag1_7_route,hormuz_tanker_capacity,fold_34,3787354.0,2791112.449365659,996241.5506343408
2025-10-04,arx_lag1_7_route,hormuz_tanker_capacity,fold_34,2487738.0,2810202.6708085556,-322464.67080855556
2025-10-05,arx_lag1_7_route,hormuz_tanker_capacity,fold_34,3713327.0,2876944.477987021,836382.5220129788
2025-10-06,arx_lag1_7_route,hormuz_tanker_capacity,fold_34,2137777.0,2850672.2699535955,-712895.2699535955
2025-10-07,arx_lag1_7_route,hormuz_tanker_capacity,fold_34,811976.0,2777266.3654709915,-1965290.3654709915
2025-10-08,arx_lag1_7_route,hormuz_tanker_capacity,fold_34,1074042.0,2795391.915716845,-1721349.915716845
2025-10-09,arx_lag1_7_route,hormuz_tanker_capacity,fold_34,1793483.0,2779661.691350654,-986178.6913506538
2025-10-10,arx_lag1_7_route,hormuz_tanker_capacity,fold_34,981963.0,2787647.35943416,-1805684.35943416
2025-10-11,arx_lag1_7_route,hormuz_tanker_capacity,fold_34,933019.0,2799368.425695902,-1866349.4256959022
2025-10-12,arx_lag1_7_route,hormuz_tanker_capacity,fold_34,964918.0,2823639.0096898368,-1858721.0096898368
2025-10-13,arx_lag1_7_route,hormuz_tanker_capacity,fold_34,1699831.0,2809194.861981652,-1109363.8619816522
2025-10-14,arx_lag1_7_route,hormuz_tanker_capacity,fold_34,4942766.0,2759121.5149168293,2183644.4850831707
2025-10-15,arx_lag1_7_route,hormuz_tanker_capacity,fold_34,1908487.0,2708655.1984226387,-800168.1984226387
2025-10-16,arx_lag1_7_route,hormuz_tanker_capacity,fold_34,1289034.0,2747707.4334783577,-1458673.4334783577
2025-10-17,arx_lag1_7_route,hormuz_tanker_capacity,fold_35,1337493.0,2150248.9014499085,-812755.9014499085
2025-10-18,arx_lag1_7_route,hormuz_tanker_capacity,fold_35,1777863.0,2385943.1430990053,-608080.1430990053
2025-10-19,arx_lag1_7_route,hormuz_tanker_capacity,fold_35,2085315.0,2454303.849808644,-368988.84980864404
2025-10-20,arx_lag1_7_route,hormuz_tanker_capacity,fold_35,1738882.0,2601252.4502178817,-862370.4502178817
2025-10-21,arx_lag1_7_route,hormuz_tanker_capacity,fold_35,1666895.0,3061828.5580972466,-1394933.5580972466
2025-10-22,arx_lag1_7_route,hormuz_tanker_capacity,fold_35,3167612.0,2696726.0896889158,470885.91031108424
2025-10-23,arx_lag1_7_route,hormuz_tanker_capacity,fold_35,2645992.0,2501469.9036307214,144522.09636927862
2025-10-24,arx_lag1_7_route,hormuz_tanker_capacity,fold_35,2434384.0,2601201.6196933324,-166817.61969333235
2025-10-25,arx_lag1_7_route,hormuz_tanker_capacity,fold_35,3622719.0,2722991.179036533,899727.820963467
2025-10-26,arx_lag1_7_route,hormuz_tanker_capacity,fold_35,2548983.0,2755665.391412895,-206682.39141289517
2025-10-27,arx_lag1_7_route,hormuz_tanker_capacity,fold_35,2442008.0,2749621.21608689,-307613.2160868901
2025-10-28,arx_lag1_7_route,hormuz_tanker_capacity,fold_35,2979192.0,2827051.771739836,152140.22826016415
2025-10-29,arx_lag1_7_route,hormuz_tanker_capacity,fold_35,2449676.0,2748429.83156014,-298753.83156014
2025-10-30,arx_lag1_7_route,hormuz_tanker_capacity,fold_35,2134991.0,2696811.919222496,-561820.919222496
2025-10-31,arx_lag1_7_route,hormuz_tanker_capacity,fold_35,4082819.0,2710076.5051078657,1372742.4948921343
2025-11-01,arx_lag1_7_route,hormuz_tanker_capacity,fold_35,2064402.0,2796330.88870503,-731928.8887050301
2025-11-02,arx_lag1_7_route,hormuz_tanker_capacity,fold_35,1929112.0,2864256.950110324,-935144.9501103242
2025-11-03,arx_lag1_7_route,hormuz_tanker_capacity,fold_35,438854.0,2838820.382271401,-2399966.382271401
2025-11-04,arx_lag1_7_route,hormuz_tanker_capacity,fold_35,1404930.0,2760791.045811937,-1355861.0458119372
2025-11-05,arx_lag1_7_route,hormuz_tanker_capacity,fold_35,2510242.0,2729118.205153922,-218876.20515392208
2025-11-06,arx_lag1_7_route,hormuz_tanker_capacity,fold_35,2218214.0,2717542.4815875096,-499328.4815875096
2025-11-07,arx_lag1_7_route,hormuz_tanker_capacity,fold_35,3135684.0,2758025.7777500884,377658.22224991163
2025-11-08,arx_lag1_7_route,hormuz_tanker_capacity,fold_35,3915654.0,2815650.339766218,1100003.6602337821
2025-11-09,arx_lag1_7_route,hormuz_tanker_capacity,fold_35,3482241.0,2881689.495155119,600551.5048448811
2025-11-10,arx_lag1_7_route,hormuz_tanker_capacity,fold_35,2061760.0,2773677.8628300256,-711917.8628300256
2025-11-11,arx_lag1_7_route,hormuz_tanker_capacity,fold_35,2256665.0,2746929.9615012566,-490264.96150125656
2025-11-12,arx_lag1_7_route,hormuz_tanker_capacity,fold_35,1473268.0,2665817.625876299,-1192549.625876299
2025-11-13,arx_lag1_7_route,hormuz_tanker_capacity,fold_35,2082408.0,2744348.2552078054,-661940.2552078054
2025-11-14,arx_lag1_7_route,hormuz_tanker_capacity,fold_35,3242326.0,2812789.7796789967,429536.22032100335
2025-11-15,arx_lag1_7_route,hormuz_tanker_capacity,fold_35,2803891.0,2844872.99647744,-40981.99647744
2025-11-16,arx_lag1_7_route,hormuz_tanker_capacity,fold_36,962361.0,2965631.1011856147,-2003270.1011856147
2025-11-17,arx_lag1_7_route,hormuz_tanker_capacity,fold_36,1353855.0,2751079.533105197,-1397224.533105197
2025-11-18,arx_lag1_7_route,hormuz_tanker_capacity,fold_36,1821907.0,2635424.7367516113,-813517.7367516113
2025-11-19,arx_lag1_7_route,hormuz_tanker_capacity,fold_36,2280048.0,2526397.985315439,-246349.98531543883
2025-11-20,arx_lag1_7_route,hormuz_tanker_capacity,fold_36,2706942.0,2638280.486882937,68661.51311706286
2025-11-21,arx_lag1_7_route,hormuz_tanker_capacity,fold_36,1675995.0,2812359.999757178,-1136364.9997571781
2025-11-22,arx_lag1_7_route,hormuz_tanker_capacity,fold_36,1357911.0,2856429.5196431903,-1498518.5196431903
2025-11-23,arx_lag1_7_route,hormuz_tanker_capacity,fold_36,1141843.0,2876693.462354405,-1734850.4623544049
2025-11-24,arx_lag1_7_route,hormuz_tanker_capacity,fold_36,1243561.0,2797495.900934685,-1553934.900934685
2025-11-25,arx_lag1_7_route,hormuz_tanker_capacity,fold_36,1704153.0,2769054.4325150414,-1064901.4325150414
2025-11-26,arx_lag1_7_route,hormuz_tanker_capacity,fold_36,1521052.0,2667375.0325465775,-1146323.0325465775
2025-11-27,arx_lag1_7_route,hormuz_tanker_capacity,fold_36,2125050.0,2674263.6063525807,-549213.6063525807
2025-11-28,arx_lag1_7_route,hormuz_tanker_capacity,fold_36,1443139.0,2820418.770590369,-1377279.7705903691
2025-11-29,arx_lag1_7_route,hormuz_tanker_capacity,fold_36,1142364.0,2886638.787021991,-1744274.7870219909
2025-11-30,arx_lag1_7_route,hormuz_tanker_capacity,fold_36,2787210.0,2865618.760918553,-78408.76091855299
2025-12-01,arx_lag1_7_route,hormuz_tanker_capacity,fold_36,3349927.0,2839625.819412945,510301.18058705516
2025-12-02,arx_lag1_7_route,hormuz_tanker_capacity,fold_36,1412492.0,2739369.8717510113,-1326877.8717510113
2025-12-03,arx_lag1_7_route,hormuz_tanker_capacity,fold_36,1587414.0,2710929.1761025577,-1123515.1761025577
2025-12-04,arx_lag1_7_route,hormuz_tanker_capacity,fold_36,2109436.0,2713893.1223438657,-604457.1223438657
2025-12-05,arx_lag1_7_route,hormuz_tanker_capacity,fold_36,1300447.0,2831587.6522098095,-1531140.6522098095
2025-12-06,arx_lag1_7_route,hormuz_tanker_capacity,fold_36,1955064.0,2862755.3052998497,-907691.3052998497
2025-12-07,arx_lag1_7_route,hormuz_tanker_capacity,fold_36,1517508.0,2872046.9281299985,-1354538.9281299985
2025-12-08,arx_lag1_7_route,hormuz_tanker_capacity,fold_36,1325305.0,2821034.586246301,-1495729.586246301
2025-12-09,arx_lag1_7_route,hormuz_tanker_capacity,fold_36,1900812.0,2764335.0545617742,-863523.0545617742
2025-12-10,arx_lag1_7_route,hormuz_tanker_capacity,fold_36,1052150.0,2689739.051083277,-1637589.051083277
2025-12-11,arx_lag1_7_route,hormuz_tanker_capacity,fold_36,2032889.0,2793829.0551793114,-760940.0551793114
2025-12-12,arx_lag1_7_route,hormuz_tanker_capacity,fold_36,1488358.0,2773423.419212422,-1285065.4192124219
2025-12-13,arx_lag1_7_route,hormuz_tanker_capacity,fold_36,1809445.0,2871096.594206634,-1061651.594206634
2025-12-14,arx_lag1_7_route,hormuz_tanker_capacity,fold_36,2544154.0,2857306.561475745,-313152.56147574494
2025-12-15,arx_lag1_7_route,hormuz_tanker_capacity,fold_36,1423276.0,2835042.308508014,-1411766.3085080138
2025-12-16,arx_lag1_7_route,hormuz_tanker_capacity,fold_37,2001520.0,2192142.5669865073,-190622.56698650727
2025-12-17,arx_lag1_7_route,hormuz_tanker_capacity,fold_37,1315910.0,2343642.7280103825,-1027732.7280103825
2025-12-18,arx_lag1_7_route,hormuz_tanker_capacity,fold_37,2204155.0,2530087.8052634266,-325932.8052634266
2025-12-19,arx_lag1_7_route,hormuz_tanker_capacity,fold_37,1169346.0,2520941.7898764554,-1351595.7898764554
2025-12-20,arx_lag1_7_route,hormuz_tanker_capacity,fold_37,1169573.0,2605999.475372563,-1436426.475372563
2025-12-21,arx_lag1_7_route,hormuz_tanker_capacity,fold_37,1018482.0,2702008.8059239592,-1683526.8059239592
2025-12-22,arx_lag1_7_route,hormuz_tanker_capacity,fold_37,858100.0,2522742.267924066,-1664642.2679240662
2025-12-23,arx_lag1_7_route,hormuz_tanker_capacity,fold_37,1113473.0,2532344.65707288,-1418871.6570728798
2025-12-24,arx_lag1_7_route,hormuz_tanker_capacity,fold_37,1099189.0,2558714.5306897652,-1459525.5306897652
2025-12-25,arx_lag1_7_route,hormuz_tanker_capacity,fold_37,1149095.0,2636713.7321867472,-1487618.7321867472
2025-12-26,arx_lag1_7_route,hormuz_tanker_capacity,fold_37,2503352.0,2709229.2860041237,-205877.28600412374
2025-12-27,arx_lag1_7_route,hormuz_tanker_capacity,fold_37,2021134.0,2759718.2199314525,-738584.2199314525
2025-12-28,arx_lag1_7_route,hormuz_tanker_capacity,fold_37,1598548.0,2743240.9492748263,-1144692.9492748263
2025-12-29,arx_lag1_7_route,hormuz_tanker_capacity,fold_37,802818.0,2702805.3036126746,-1899987.3036126746
2025-12-30,arx_lag1_7_route,hormuz_tanker_capacity,fold_37,1766483.0,2717537.3455587407,-951054.3455587407
2025-12-31,arx_lag1_7_route,hormuz_tanker_capacity,fold_37,2166981.0,2674897.015291276,-507916.0152912759
2026-01-01,arx_lag1_7_route,hormuz_tanker_capacity,fold_37,2297725.0,2673577.492130135,-375852.4921301352
2026-01-02,arx_lag1_7_route,hormuz_tanker_capacity,fold_37,1562902.0,2697055.299295943,-1134153.2992959432
2026-01-03,arx_lag1_7_route,hormuz_tanker_capacity,fold_37,1011537.0,2741394.7030618624,-1729857.7030618624
2026-01-04,arx_lag1_7_route,hormuz_tanker_capacity,fold_37,1414835.0,2786791.3427048195,-1371956.3427048195
2026-01-05,arx_lag1_7_route,hormuz_tanker_capacity,fold_37,1948403.0,2783629.8585258615,-835226.8585258615
2026-01-06,arx_lag1_7_route,hormuz_tanker_capacity,fold_37,995188.0,2693555.4024887932,-1698367.4024887932
2026-01-07,arx_lag1_7_route,hormuz_tanker_capacity,fold_37,2045098.0,2712484.421821954,-667386.4218219542
2026-01-08,arx_lag1_7_route,hormuz_tanker_capacity,fold_37,2536474.0,2754387.8761391104,-217913.87613911042
2026-01-09,arx_lag1_7_route,hormuz_tanker_capacity,fold_37,3108586.0,2770014.7355103255,338571.2644896745
2026-01-10,arx_lag1_7_route,hormuz_tanker_capacity,fold_37,1412672.0,2834611.013557849,-1421939.013557849
2026-01-11,arx_lag1_7_route,hormuz_tanker_capacity,fold_37,2105864.0,2836776.498586442,-730912.4985864419
2026-01-12,arx_lag1_7_route,hormuz_tanker_capacity,fold_37,1716419.0,2776324.9165600576,-1059905.9165600576
2026-01-13,arx_lag1_7_route,hormuz_tanker_capacity,fold_37,1143290.0,2702748.117758039,-1559458.117758039
2026-01-14,arx_lag1_7_route,hormuz_tanker_capacity,fold_37,1636097.0,2686420.8530164137,-1050323.8530164137
2026-01-15,arx_lag1_7_route,hormuz_tanker_capacity,fold_38,2127519.0,2346419.342022977,-218900.34202297684
2026-01-16,arx_lag1_7_route,hormuz_tanker_capacity,fold_38,1559037.0,2694630.9304154553,-1135593.9304154553
2026-01-17,arx_lag1_7_route,hormuz_tanker_capacity,fold_38,1213332.0,2522613.053417055,-1309281.053417055
2026-01-18,arx_lag1_7_route,hormuz_tanker_capacity,fold_38,1341986.0,2599171.222162012,-1257185.222162012
2026-01-19,arx_lag1_7_route,hormuz_tanker_capacity,fold_38,926797.0,2520641.663893508,-1593844.6638935078
2026-01-20,arx_lag1_7_route,hormuz_tanker_capacity,fold_38,1300282.0,2383192.6698117647,-1082910.6698117647
2026-01-21,arx_lag1_7_route,hormuz_tanker_capacity,fold_38,2520181.0,2392651.830857751,127529.16914224904
2026-01-22,arx_lag1_7_route,hormuz_tanker_capacity,fold_38,1481859.0,2533842.685026568,-1051983.685026568
2026-01-23,arx_lag1_7_route,hormuz_tanker_capacity,fold_38,1357386.0,2684367.925418757,-1326981.925418757
2026-01-24,arx_lag1_7_route,hormuz_tanker_capacity,fold_38,907050.0,2707646.3262864547,-1800596.3262864547
2026-01-25,arx_lag1_7_route,hormuz_tanker_capacity,fold_38,2790838.0,2759057.712061485,31780.28793851519
2026-01-26,arx_lag1_7_route,hormuz_tanker_capacity,fold_38,1566326.0,2665514.9776036446,-1099188.9776036446
2026-01-27,arx_lag1_7_route,hormuz_tanker_capacity,fold_38,1556260.0,2623136.338152543,-1066876.3381525432
2026-01-28,arx_lag1_7_route,hormuz_tanker_capacity,fold_38,1791378.0,2555760.4891542466,-764382.4891542466
2026-01-29,arx_lag1_7_route,hormuz_tanker_capacity,fold_38,2309923.0,2634560.15868583,-324637.15868582996
2026-01-30,arx_lag1_7_route,hormuz_tanker_capacity,fold_38,1987117.0,2748716.2380239987,-761599.2380239987
2026-01-31,arx_lag1_7_route,hormuz_tanker_capacity,fold_38,2228666.0,2758213.6077448367,-529547.6077448367
2026-02-01,arx_lag1_7_route,hormuz_tanker_capacity,fold_38,1153914.0,2770709.6889925115,-1616795.6889925115
2026-02-02,arx_lag1_7_route,hormuz_tanker_capacity,fold_38,2822308.0,2717672.494835377,104635.5051646228
2026-02-03,arx_lag1_7_route,hormuz_tanker_capacity,fold_38,1790511.0,2692993.531501245,-902482.5315012452
2026-02-04,arx_lag1_7_route,hormuz_tanker_capacity,fold_38,983924.0,2618663.92386956,-1634739.92386956
2026-02-05,arx_lag1_7_route,hormuz_tanker_capacity,fold_38,1814047.0,2682632.1012440007,-868585.1012440007
2026-02-06,arx_lag1_7_route,hormuz_tanker_capacity,fold_38,2124033.0,2788884.7533792765,-664851.7533792765
2026-02-07,arx_lag1_7_route,hormuz_tanker_capacity,fold_38,2487346.0,2775268.7834346737,-287922.7834346737
2026-02-08,arx_lag1_7_route,hormuz_tanker_capacity,fold_38,1188475.0,2777904.056091701,-1589429.0560917011
2026-02-09,arx_lag1_7_route,hormuz_tanker_capacity,fold_38,1002564.0,2740679.989419947,-1738115.989419947
2026-02-10,arx_lag1_7_route,hormuz_tanker_capacity,fold_38,2942094.0,2648751.537557232,293342.4624427678
2026-02-11,arx_lag1_7_route,hormuz_tanker_capacity,fold_38,1454258.0,2678965.558813196,-1224707.5588131961
2026-02-12,arx_lag1_7_route,hormuz_tanker_capacity,fold_38,1818114.0,2746594.6195657053,-928480.6195657053
2026-02-13,arx_lag1_7_route,hormuz_tanker_capacity,fold_38,2783046.0,2791077.403305827,-8031.403305827174
2023-01-01,arx_lag1_7_route_energy,hormuz_tanker_capacity,fold_01,3141243.0,2958427.521048051,182815.47895194916
2023-01-02,arx_lag1_7_route_energy,hormuz_tanker_capacity,fold_01,2938466.0,2971030.005681848,-32564.005681848153
2023-01-03,arx_lag1_7_route_energy,hormuz_tanker_capacity,fold_01,2760422.0,2874893.109644808,-114471.10964480788
2023-01-04,arx_lag1_7_route_energy,hormuz_tanker_capacity,fold_01,4063870.0,2741262.115342976,1322607.884657024
2023-01-05,arx_lag1_7_route_energy,hormuz_tanker_capacity,fold_01,2022234.0,2964413.2707905686,-942179.2707905686
2023-01-06,arx_lag1_7_route_energy,hormuz_tanker_capacity,fold_01,2337082.0,3162916.099680984,-825834.0996809839
2023-01-07,arx_lag1_7_route_energy,hormuz_tanker_capacity,fold_01,3346647.0,2988011.572901847,358635.42709815316
2023-01-08,arx_lag1_7_route_energy,hormuz_tanker_capacity,fold_01,2861132.0,3070708.2201347733,-209576.2201347733
2023-01-09,arx_lag1_7_route_energy,hormuz_tanker_capacity,fold_01,1708179.0,3005155.3119494678,-1296976.3119494678
2023-01-10,arx_lag1_7_route_energy,hormuz_tanker_capacity,fold_01,1696284.0,2716052.209055072,-1019768.2090550722
2023-01-11,arx_lag1_7_route_energy,hormuz_tanker_capacity,fold_01,1883288.0,2980668.010181936,-1097380.010181936
2023-01-12,arx_lag1_7_route_energy,hormuz_tanker_capacity,fold_01,1958713.0,2929875.3436339204,-971162.3436339204
2023-01-13,arx_lag1_7_route_energy,hormuz_tanker_capacity,fold_01,2244655.0,3077123.3353007184,-832468.3353007184
2023-01-14,arx_lag1_7_route_energy,hormuz_tanker_capacity,fold_01,4633693.0,2994707.833868219,1638985.166131781
2023-01-15,arx_lag1_7_route_energy,hormuz_tanker_capacity,fold_01,1873256.0,3021815.335925801,-1148559.3359258012
2023-01-16,arx_lag1_7_route_energy,hormuz_tanker_capacity,fold_01,3240184.0,2912726.274208291,327457.72579170903
2023-01-17,arx_lag1_7_route_energy,hormuz_tanker_capacity,fold_01,3070881.0,2930162.357128348,140718.6428716518
2023-01-18,arx_lag1_7_route_energy,hormuz_tanker_capacity,fold_01,2907996.0,2959243.859587201,-51247.85958720092
2023-01-19,arx_lag1_7_route_energy,hormuz_tanker_capacity,fold_01,2048739.0,2932220.6224911357,-883481.6224911357
2023-01-20,arx_lag1_7_route_energy,hormuz_tanker_capacity,fold_01,2982778.0,3061229.5661274707,-78451.5661274707
2023-01-21,arx_lag1_7_route_energy,hormuz_tanker_capacity,fold_01,2749758.0,2940329.8799159625,-190571.87991596246
2023-01-22,arx_lag1_7_route_energy,hormuz_tanker_capacity,fold_01,3662741.0,3039307.9911634,623433.0088366
2023-01-23,arx_lag1_7_route_energy,hormuz_tanker_capacity,fold_01,2710989.0,3019868.2939502914,-308879.29395029135
2023-01-24,arx_lag1_7_route_energy,hormuz_tanker_capacity,fold_01,2257143.0,3002434.6362044318,-745291.6362044318
2023-01-25,arx_lag1_7_route_energy,hormuz_tanker_capacity,fold_01,4441824.0,2984670.5324335075,1457153.4675664925
2023-01-26,arx_lag1_7_route_energy,hormuz_tanker_capacity,fold_01,3022280.0,3051463.853499032,-29183.85349903209
2023-01-27,arx_lag1_7_route_energy,hormuz_tanker_capacity,fold_01,1781374.0,3101907.4943645117,-1320533.4943645117
2023-01-28,arx_lag1_7_route_energy,hormuz_tanker_capacity,fold_01,2938002.0,3153344.412654292,-215342.41265429184
2023-01-29,arx_lag1_7_route_energy,hormuz_tanker_capacity,fold_01,2742204.0,3034274.3855017605,-292070.3855017605
2023-01-30,arx_lag1_7_route_energy,hormuz_tanker_capacity,fold_01,2542514.0,3083794.4843996097,-541280.4843996097
2023-01-31,arx_lag1_7_route_energy,hormuz_tanker_capacity,fold_02,2376106.0,2905867.881268125,-529761.881268125
2023-02-01,arx_lag1_7_route_energy,hormuz_tanker_capacity,fold_02,2663972.0,2864529.659725325,-200557.65972532518
2023-02-02,arx_lag1_7_route_energy,hormuz_tanker_capacity,fold_02,2601079.0,2821396.335417655,-220317.33541765483
2023-02-03,arx_lag1_7_route_energy,hormuz_tanker_capacity,fold_02,3126421.0,2816324.9916931586,310096.00830684137
2023-02-04,arx_lag1_7_route_energy,hormuz_tanker_capacity,fold_02,3034277.0,2934095.9929303047,100181.00706969528
2023-02-05,arx_lag1_7_route_energy,hormuz_tanker_capacity,fold_02,2560133.0,2974136.853798923,-414003.8537989231
2023-02-06,arx_lag1_7_route_energy,hormuz_tanker_capacity,fold_02,3342370.0,2928471.1727643036,413898.8272356964
2023-02-07,arx_lag1_7_route_energy,hormuz_tanker_capacity,fold_02,2561128.0,2874636.9226432103,-313508.9226432103
2023-02-08,arx_lag1_7_route_energy,hormuz_tanker_capacity,fold_02,3645018.0,2695856.8397375396,949161.1602624604
2023-02-09,arx_lag1_7_route_energy,hormuz_tanker_capacity,fold_02,3132923.0,2851606.554378635,281316.4456213652
2023-02-10,arx_lag1_7_route_energy,hormuz_tanker_capacity,fold_02,1870571.0,3076275.6361116963,-1205704.6361116963
2023-02-11,arx_lag1_7_route_energy,hormuz_tanker_capacity,fold_02,1535288.0,3140076.0327011696,-1604788.0327011696
2023-02-12,arx_lag1_7_route_energy,hormuz_tanker_capacity,fold_02,3181979.0,2881644.0426451513,300334.95735484874
2023-02-13,arx_lag1_7_route_energy,hormuz_tanker_capacity,fold_02,3507701.0,2962884.920119809,544816.079880191
2023-02-14,arx_lag1_7_route_energy,hormuz_tanker_capacity,fold_02,1727408.0,2926646.660685572,-1199238.6606855718
2023-02-15,arx_lag1_7_route_energy,hormuz_tanker_capacity,fold_02,1396110.0,2874387.461279828,-1478277.461279828
2023-02-16,arx_lag1_7_route_energy,hormuz_tanker_capacity,fold_02,4326647.0,2969912.6450111577,1356734.3549888423
2023-02-17,arx_lag1_7_route_energy,hormuz_tanker_capacity,fold_02,3672566.0,2854914.0705811945,817651.9294188055
2023-02-18,arx_lag1_7_route_energy,hormuz_tanker_capacity,fold_02,2853705.0,3083037.1142414864,-229332.11424148642
2023-02-19,arx_lag1_7_route_energy,hormuz_tanker_capacity,fold_02,1982634.0,2977276.107676183,-994642.1076761829
2023-02-20,arx_lag1_7_route_energy,hormuz_tanker_capacity,fold_02,2263823.0,3014160.9349837257,-750337.9349837257
2023-02-21,arx_lag1_7_route_energy,hormuz_tanker_capacity,fold_02,1761053.0,2800909.1889849654,-1039856.1889849654
2023-02-22,arx_lag1_7_route_energy,hormuz_tanker_capacity,fold_02,3990638.0,2663572.5332913087,1327065.4667086913
2023-02-23,arx_lag1_7_route_energy,hormuz_tanker_capacity,fold_02,3165736.0,2843487.4089251338,322248.59107486624
2023-02-24,arx_lag1_7_route_energy,hormuz_tanker_capacity,fold_02,4736267.0,2952736.6812817394,1783530.3187182606
2023-02-25,arx_lag1_7_route_energy,hormuz_tanker_capacity,fold_02,2705278.0,3113726.111173222,-408448.11117322184
2023-02-26,arx_lag1_7_route_energy,hormuz_tanker_capacity,fold_02,4430079.0,2878397.761687073,1551681.238312927
2023-02-27,arx_lag1_7_route_energy,hormuz_tanker_capacity,fold_02,2999219.0,2864558.062997764,134660.93700223602
2023-02-28,arx_lag1_7_route_energy,hormuz_tanker_capacity,fold_02,3547560.0,2723363.9488840364,824196.0511159636
2023-03-01,arx_lag1_7_route_energy,hormuz_tanker_capacity,fold_02,2705716.0,2840168.969374523,-134452.96937452303
2023-03-02,arx_lag1_7_route_energy,hormuz_tanker_capacity,fold_03,2391253.0,2883023.9239221746,-491770.9239221746
2023-03-03,arx_lag1_7_route_energy,hormuz_tanker_capacity,fold_03,3551143.0,2978250.9057705654,572892.0942294346
2023-03-04,arx_lag1_7_route_energy,hormuz_tanker_capacity,fold_03,2547650.0,3010864.375890921,-463214.37589092087
2023-03-05,arx_lag1_7_route_energy,hormuz_tanker_capacity,fold_03,4123895.0,2979699.9772142363,1144195.0227857637
2023-03-06,arx_lag1_7_route_energy,hormuz_tanker_capacity,fold_03,2275103.0,2861579.560724493,-586476.5607244931
2023-03-07,arx_lag1_7_route_energy,hormuz_tanker_capacity,fold_03,3905339.0,2849857.045277124,1055481.9547228762
2023-03-08,arx_lag1_7_route_energy,hormuz_tanker_capacity,fold_03,3226421.0,2813943.621176244,412477.3788237558
2023-03-09,arx_lag1_7_route_energy,hormuz_tanker_capacity,fold_03,2622357.0,2853440.4058559537,-231083.4058559537
2023-03-10,arx_lag1_7_route_energy,hormuz_tanker_capacity,fold_03,2284890.0,3002568.1938752956,-717678.1938752956
2023-03-11,arx_lag1_7_route_energy,hormuz_tanker_capacity,fold_03,4141955.0,2899459.0506766657,1242495.9493233343
2023-03-12,arx_lag1_7_route_energy,hormuz_tanker_capacity,fold_03,3749260.0,2881854.589576504,867405.4104234958
2023-03-13,arx_lag1_7_route_energy,hormuz_tanker_capacity,fold_03,3207795.0,2883083.3461723435,324711.6538276565
2023-03-14,arx_lag1_7_route_energy,hormuz_tanker_capacity,fold_03,3748865.0,2738278.89601393,1010586.10398607
2023-03-15,arx_lag1_7_route_energy,hormuz_tanker_capacity,fold_03,2699861.0,2743858.862862473,-43997.86286247289
2023-03-16,arx_lag1_7_route_energy,hormuz_tanker_capacity,fold_03,3073175.0,2810763.199218592,262411.80078140786
2023-03-17,arx_lag1_7_route_energy,hormuz_tanker_capacity,fold_03,1664847.0,2866019.5463397484,-1201172.5463397484
2023-03-18,arx_lag1_7_route_energy,hormuz_tanker_capacity,fold_03,3270623.0,2825871.3328711386,444751.6671288614
2023-03-19,arx_lag1_7_route_energy,hormuz_tanker_capacity,fold_03,3705906.0,2738781.5398376263,967124.4601623737
2023-03-20,arx_lag1_7_route_energy,hormuz_tanker_capacity,fold_03,2971180.0,2766796.548619517,204383.45138048287
2023-03-21,arx_lag1_7_route_energy,hormuz_tanker_capacity,fold_03,1528713.0,2724886.1944327927,-1196173.1944327927
2023-03-22,arx_lag1_7_route_energy,hormuz_tanker_capacity,fold_03,1996398.0,2793758.0212536743,-797360.0212536743
2023-03-23,arx_lag1_7_route_energy,hormuz_tanker_capacity,fold_03,2603874.0,2824392.1175064533,-220518.1175064533
2023-03-24,arx_lag1_7_route_energy,hormuz_tanker_capacity,fold_03,2271504.0,2877071.0971648996,-605567.0971648996
2023-03-25,arx_lag1_7_route_energy,hormuz_tanker_capacity,fold_03,1641434.0,2817689.968666392,-1176255.968666392
2023-03-26,arx_lag1_7_route_energy,hormuz_tanker_capacity,fold_03,3265841.0,2786240.7625319306,479600.2374680694
2023-03-27,arx_lag1_7_route_energy,hormuz_tanker_capacity,fold_03,2200155.0,2764317.9147578743,-564162.9147578743
2023-03-28,arx_lag1_7_route_energy,hormuz_tanker_capacity,fold_03,2321167.0,2708111.7968632933,-386944.7968632933
2023-03-29,arx_lag1_7_route_energy,hormuz_tanker_capacity,fold_03,2325626.0,2741583.474185379,-415957.4741853792
2023-03-30,arx_lag1_7_route_energy,hormuz_tanker_capacity,fold_03,3119592.0,2919668.260093735,199923.73990626493
2023-03-31,arx_lag1_7_route_energy,hormuz_tanker_capacity,fold_03,3808337.0,2933918.5995532386,874418.4004467614
2023-04-01,arx_lag1_7_route_energy,hormuz_tanker_capacity,fold_04,2770109.0,3040671.6991519895,-270562.69915198954
2023-04-02,arx_lag1_7_route_energy,hormuz_tanker_capacity,fold_04,3485074.0,2936432.3957557813,548641.6042442187
2023-04-03,arx_lag1_7_route_energy,hormuz_tanker_capacity,fold_04,2264006.0,2832104.202515362,-568098.2025153618
2023-04-04,arx_lag1_7_route_energy,hormuz_tanker_capacity,fold_04,2227354.0,2750501.7008053693,-523147.7008053693
2023-04-05,arx_lag1_7_route_energy,hormuz_tanker_capacity,fold_04,3119716.0,2854545.743117869,265170.2568821311
2023-04-06,arx_lag1_7_route_energy,hormuz_tanker_capacity,fold_04,4378481.0,2941444.643712812,1437036.356287188
2023-04-07,arx_lag1_7_route_energy,hormuz_tanker_capacity,fold_04,2782762.0,2994397.916473702,-211635.91647370206
2023-04-08,arx_lag1_7_route_energy,hormuz_tanker_capacity,fold_04,3682520.0,3100945.2080671545,581574.7919328455
2023-04-09,arx_lag1_7_route_energy,hormuz_tanker_capacity,fold_04,3630071.0,2949872.4184563057,680198.5815436943
2023-04-10,arx_lag1_7_route_energy,hormuz_tanker_capacity,fold_04,2709065.0,2912485.236801398,-203420.236801398
2023-04-11,arx_lag1_7_route_energy,hormuz_tanker_capacity,fold_04,3748348.0,2932127.3872755105,816220.6127244895
2023-04-12,arx_lag1_7_route_energy,hormuz_tanker_capacity,fold_04,2841980.0,2844209.1882367255,-2229.1882367255166
2023-04-13,arx_lag1_7_route_energy,hormuz_tanker_capacity,fold_04,3918245.0,2954893.0868054843,963351.9131945157
2023-04-14,arx_lag1_7_route_energy,hormuz_tanker_capacity,fold_04,2951958.0,3036921.855575621,-84963.85557562113
2023-04-15,arx_lag1_7_route_energy,hormuz_tanker_capacity,fold_04,2201418.0,3037922.49266968,-836504.4926696802
2023-04-16,arx_lag1_7_route_energy,hormuz_tanker_capacity,fold_04,3906170.0,3079624.0066925697,826545.9933074303
2023-04-17,arx_lag1_7_route_energy,hormuz_tanker_capacity,fold_04,2888816.0,2948458.7254063627,-59642.725406362675
2023-04-18,arx_lag1_7_route_energy,hormuz_tanker_capacity,fold_04,3726015.0,2838125.1893708715,887889.8106291285
2023-04-19,arx_lag1_7_route_energy,hormuz_tanker_capacity,fold_04,2813249.0,2841836.330904884,-28587.3309048838
2023-04-20,arx_lag1_7_route_energy,hormuz_tanker_capacity,fold_04,4694748.0,2924995.218891919,1769752.7811080809
2023-04-21,arx_lag1_7_route_energy,hormuz_tanker_capacity,fold_04,3901962.0,2988326.125337103,913635.8746628971
2023-04-22,arx_lag1_7_route_energy,hormuz_tanker_capacity,fold_04,4278590.0,3008544.0959902867,1270045.9040097133
2023-04-23,arx_lag1_7_route_energy,hormuz_tanker_capacity,fold_04,3948958.0,2954133.651519757,994824.3484802428
2023-04-24,arx_lag1_7_route_energy,hormuz_tanker_capacity,fold_04,2749883.0,2925857.7357496056,-175974.73574960558
2023-04-25,arx_lag1_7_route_energy,hormuz_tanker_capacity,fold_04,3448866.0,2779439.9968299274,669426.0031700726
2023-04-26,arx_lag1_7_route_energy,hormuz_tanker_capacity,fold_04,2273157.0,2789041.779075661,-515884.7790756612
2023-04-27,arx_lag1_7_route_energy,hormuz_tanker_capacity,fold_04,3105954.0,2896584.118704388,209369.88129561208
2023-04-28,arx_lag1_7_route_energy,hormuz_tanker_capacity,fold_04,2088589.0,2944261.7605706644,-855672.7605706644
2023-04-29,arx_lag1_7_route_energy,hormuz_tanker_capacity,fold_04,3881570.0,2939511.1067303023,942058.8932696977
2023-04-30,arx_lag1_7_route_energy,hormuz_tanker_capacity,fold_04,1978027.0,2803303.2741090986,-825276.2741090986
2023-05-01,arx_lag1_7_route_energy,hormuz_tanker_capacity,fold_05,4430493.0,2827629.874124882,1602863.1258751182
2023-05-02,arx_lag1_7_route_energy,hormuz_tanker_capacity,fold_05,2652509.0,2843013.1700257943,-190504.1700257943
2023-05-03,arx_lag1_7_route_energy,hormuz_tanker_capacity,fold_05,3167245.0,2818248.560184768,348996.43981523206
2023-05-04,arx_lag1_7_route_energy,hormuz_tanker_capacity,fold_05,2095988.0,2772415.343291034,-676427.343291034
2023-05-05,arx_lag1_7_route_energy,hormuz_tanker_capacity,fold_05,2925990.0,2855211.3313980084,70778.66860199161
2023-05-06,arx_lag1_7_route_energy,hormuz_tanker_capacity,fold_05,4169023.0,3044313.6632349095,1124709.3367650905
2023-05-07,arx_lag1_7_route_energy,hormuz_tanker_capacity,fold_05,3110076.0,3056299.0082542943,53776.991745705716
2023-05-08,arx_lag1_7_route_energy,hormuz_tanker_capacity,fold_05,4137207.0,2782962.2522957125,1354244.7477042875
2023-05-09,arx_lag1_7_route_energy,hormuz_tanker_capacity,fold_05,3052630.0,2896463.062692685,156166.93730731495
2023-05-10,arx_lag1_7_route_energy,hormuz_tanker_capacity,fold_05,3634358.0,2830546.2433622843,803811.7566377157
2023-05-11,arx_lag1_7_route_energy,hormuz_tanker_capacity,fold_05,4456709.0,2846197.118146874,1610511.881853126
2023-05-12,arx_lag1_7_route_energy,hormuz_tanker_capacity,fold_05,3089835.0,2911517.359628204,178317.6403717962
2023-05-13,arx_lag1_7_route_energy,hormuz_tanker_capacity,fold_05,3252860.0,2973648.288909343,279211.7110906569
2023-05-14,arx_lag1_7_route_energy,hormuz_tanker_capacity,fold_05,3825284.0,2884490.889213063,940793.1107869372
2023-05-15,arx_lag1_7_route_energy,hormuz_tanker_capacity,fold_05,2780462.0,2899094.5756781003,-118632.57567810034
2023-05-16,arx_lag1_7_route_energy,hormuz_tanker_capacity,fold_05,1608645.0,2837738.1844243845,-1229093.1844243845
2023-05-17,arx_lag1_7_route_energy,hormuz_tanker_capacity,fold_05,4067596.0,2821165.5724859834,1246430.4275140166
2023-05-18,arx_lag1_7_route_energy,hormuz_tanker_capacity,fold_05,3358580.0,2826749.096054511,531830.9039454889
2023-05-19,arx_lag1_7_route_energy,hormuz_tanker_capacity,fold_05,3475121.0,2871587.9530667504,603533.0469332496
2023-05-20,arx_lag1_7_route_energy,hormuz_tanker_capacity,fold_05,4065420.0,2923177.240731395,1142242.7592686052
2023-05-21,arx_lag1_7_route_energy,hormuz_tanker_capacity,fold_05,1769237.0,2976016.6255753445,-1206779.6255753445
2023-05-22,arx_lag1_7_route_energy,hormuz_tanker_capacity,fold_05,2459435.0,2830198.6375916325,-370763.63759163255
2023-05-23,arx_lag1_7_route_energy,hormuz_tanker_capacity,fold_05,1125285.0,2759576.274511601,-1634291.2745116008
2023-05-24,arx_lag1_7_route_energy,hormuz_tanker_capacity,fold_05,2378560.0,2882323.3006245233,-503763.3006245233
2023-05-25,arx_lag1_7_route_energy,hormuz_tanker_capacity,fold_05,2814457.0,2947180.5309974486,-132723.5309974486
2023-05-26,arx_lag1_7_route_energy,hormuz_tanker_capacity,fold_05,2448965.0,3051520.7201282093,-602555.7201282093
2023-05-27,arx_lag1_7_route_energy,hormuz_tanker_capacity,fold_05,2617777.0,2957275.9708098453,-339498.97080984525
2023-05-28,arx_lag1_7_route_energy,hormuz_tanker_capacity,fold_05,2109274.0,2919621.805277972,-810347.805277972
2023-05-29,arx_lag1_7_route_energy,hormuz_tanker_capacity,fold_05,3550259.0,2801336.5634899777,748922.4365100223
2023-05-30,arx_lag1_7_route_energy,hormuz_tanker_capacity,fold_05,3035054.0,2777552.0439966,257501.95600340003
2023-05-31,arx_lag1_7_route_energy,hormuz_tanker_capacity,fold_06,3542017.0,2845149.817780843,696867.182219157
2023-06-01,arx_lag1_7_route_energy,hormuz_tanker_capacity,fold_06,2944251.0,2855179.633096695,89071.36690330505
2023-06-02,arx_lag1_7_route_energy,hormuz_tanker_capacity,fold_06,3022194.0,3047486.9065087056,-25292.90650870558
2023-06-03,arx_lag1_7_route_energy,hormuz_tanker_capacity,fold_06,2130474.0,3064649.149305918,-934175.1493059178
2023-06-04,arx_lag1_7_route_energy,hormuz_tanker_capacity,fold_06,4256025.0,2892277.452566046,1363747.5474339542
2023-06-05,arx_lag1_7_route_energy,hormuz_tanker_capacity,fold_06,4930552.0,2844251.756563745,2086300.243436255
2023-06-06,arx_lag1_7_route_energy,hormuz_tanker_capacity,fold_06,2797651.0,2875120.940118668,-77469.94011866814
2023-06-07,arx_lag1_7_route_energy,hormuz_tanker_capacity,fold_06,3065390.0,2810079.7091332367,255310.29086676333
2023-06-08,arx_lag1_7_route_energy,hormuz_tanker_capacity,fold_06,2966420.0,2926997.325560698,39422.67443930218
2023-06-09,arx_lag1_7_route_energy,hormuz_tanker_capacity,fold_06,3660981.0,2980238.4576321384,680742.5423678616
2023-06-10,arx_lag1_7_route_energy,hormuz_tanker_capacity,fold_06,3507066.0,2992429.8535204083,514636.1464795917
2023-06-11,arx_lag1_7_route_energy,hormuz_tanker_capacity,fold_06,2781464.0,2894861.8624378885,-113397.86243788851
2023-06-12,arx_lag1_7_route_energy,hormuz_tanker_capacity,fold_06,2704129.0,2722692.3188816686,-18563.318881668616
2023-06-13,arx_lag1_7_route_energy,hormuz_tanker_capacity,fold_06,2258120.0,2832616.917835516,-574496.9178355159
2023-06-14,arx_lag1_7_route_energy,hormuz_tanker_capacity,fold_06,2639941.0,2898752.2753810817,-258811.27538108174
2023-06-15,arx_lag1_7_route_energy,hormuz_tanker_capacity,fold_06,4441258.0,2852456.5735904616,1588801.4264095384
2023-06-16,arx_lag1_7_route_energy,hormuz_tanker_capacity,fold_06,3837976.0,2992721.6101697413,845254.3898302587
2023-06-17,arx_lag1_7_route_energy,hormuz_tanker_capacity,fold_06,2682588.0,2979972.565059807,-297384.56505980715
2023-06-18,arx_lag1_7_route_energy,hormuz_tanker_capacity,fold_06,3582741.0,2976794.114674415,605946.885325585
2023-06-19,arx_lag1_7_route_energy,hormuz_tanker_capacity,fold_06,2556783.0,2899749.3699799515,-342966.36997995153
2023-06-20,arx_lag1_7_route_energy,hormuz_tanker_capacity,fold_06,2050222.0,2890628.273461659,-840406.273461659
2023-06-21,arx_lag1_7_route_energy,hormuz_tanker_capacity,fold_06,2234129.0,2832181.631493518,-598052.6314935181
2023-06-22,arx_lag1_7_route_energy,hormuz_tanker_capacity,fold_06,4224072.0,2872532.954116253,1351539.0458837468
2023-06-23,arx_lag1_7_route_energy,hormuz_tanker_capacity,fold_06,3102763.0,3010494.7711857995,92268.2288142005
2023-06-24,arx_lag1_7_route_energy,hormuz_tanker_capacity,fold_06,4681026.0,2957287.4746364304,1723738.5253635696
2023-06-25,arx_lag1_7_route_energy,hormuz_tanker_capacity,fold_06,3225487.0,2882152.600755954,343334.39924404584
2023-06-26,arx_lag1_7_route_energy,hormuz_tanker_capacity,fold_06,3008044.0,2798296.0827291473,209747.91727085272
2023-06-27,arx_lag1_7_route_energy,hormuz_tanker_capacity,fold_06,2793046.0,2703561.6153380168,89484.38466198323
2023-06-28,arx_lag1_7_route_energy,hormuz_tanker_capacity,fold_06,3150994.0,2755503.0705264877,395490.92947351234
2023-06-29,arx_lag1_7_route_energy,hormuz_tanker_capacity,fold_06,3972057.0,2866713.4913566746,1105343.5086433254
2023-06-30,arx_lag1_7_route_energy,hormuz_tanker_capacity,fold_07,1787611.0,3202787.5806904337,-1415176.5806904337
2023-07-01,arx_lag1_7_route_energy,hormuz_tanker_capacity,fold_07,2862372.0,3143231.7559340214,-280859.75593402144
2023-07-02,arx_lag1_7_route_energy,hormuz_tanker_capacity,fold_07,4199883.0,2997142.955328444,1202740.044671556
2023-07-03,arx_lag1_7_route_energy,hormuz_tanker_capacity,fold_07,4396761.0,2932913.727793431,1463847.272206569
2023-07-04,arx_lag1_7_route_energy,hormuz_tanker_capacity,fold_07,2884533.0,2866037.8343475196,18495.165652480442
2023-07-05,arx_lag1_7_route_energy,hormuz_tanker_capacity,fold_07,4898618.0,2911199.7442626264,1987418.2557373736
2023-07-06,arx_lag1_7_route_energy,hormuz_tanker_capacity,fold_07,2693377.0,2975099.748832589,-281722.748832589
2023-07-07,arx_lag1_7_route_energy,hormuz_tanker_capacity,fold_07,3338484.0,3047789.2014305396,290694.7985694604
2023-07-08,arx_lag1_7_route_energy,hormuz_tanker_capacity,fold_07,2783748.0,3077527.9762594993,-293779.9762594993
2023-07-09,arx_lag1_7_route_energy,hormuz_tanker_capacity,fold_07,2399992.0,3009723.8746143943,-609731.8746143943
2023-07-10,arx_lag1_7_route_energy,hormuz_tanker_capacity,fold_07,3891305.0,2903721.3873418737,987583.6126581263
2023-07-11,arx_lag1_7_route_energy,hormuz_tanker_capacity,fold_07,4127397.0,2845812.4625587,1281584.5374413002
2023-07-12,arx_lag1_7_route_energy,hormuz_tanker_capacity,fold_07,1686366.0,2934582.320205726,-1248216.3202057262
2023-07-13,arx_lag1_7_route_energy,hormuz_tanker_capacity,fold_07,3953893.0,3021729.068901087,932163.9310989128
2023-07-14,arx_lag1_7_route_energy,hormuz_tanker_capacity,fold_07,3502551.0,3062416.5216221493,440134.4783778507
2023-07-15,arx_lag1_7_route_energy,hormuz_tanker_capacity,fold_07,3179714.0,3113265.4840912847,66448.51590871532
2023-07-16,arx_lag1_7_route_energy,hormuz_tanker_capacity,fold_07,2974464.0,3031542.006271524,-57078.00627152389
2023-07-17,arx_lag1_7_route_energy,hormuz_tanker_capacity,fold_07,3609772.0,2935097.344861922,674674.6551380781
2023-07-18,arx_lag1_7_route_energy,hormuz_tanker_capacity,fold_07,2298885.0,2869730.0329197804,-570845.0329197804
2023-07-19,arx_lag1_7_route_energy,hormuz_tanker_capacity,fold_07,1886191.0,2911644.127771082,-1025453.1277710819
2023-07-20,arx_lag1_7_route_energy,hormuz_tanker_capacity,fold_07,4540307.0,3004950.150655344,1535356.8493446559
2023-07-21,arx_lag1_7_route_energy,hormuz_tanker_capacity,fold_07,2965342.0,3102171.4461997477,-136829.44619974773
2023-07-22,arx_lag1_7_route_energy,hormuz_tanker_capacity,fold_07,2691394.0,3126853.6075855484,-435459.6075855484
2023-07-23,arx_lag1_7_route_energy,hormuz_tanker_capacity,fold_07,2692469.0,3062634.1068657325,-370165.10686573246
2023-07-24,arx_lag1_7_route_energy,hormuz_tanker_capacity,fold_07,3966516.0,2942870.55810452,1023645.4418954798
2023-07-25,arx_lag1_7_route_energy,hormuz_tanker_capacity,fold_07,2294501.0,2869142.21249535,-574641.2124953498
2023-07-26,arx_lag1_7_route_energy,hormuz_tanker_capacity,fold_07,1529898.0,2983576.630349832,-1453678.6303498321
2023-07-27,arx_lag1_7_route_energy,hormuz_tanker_capacity,fold_07,3057441.0,3051560.8572542216,5880.14274577843
2023-07-28,arx_lag1_7_route_energy,hormuz_tanker_capacity,fold_07,2600680.0,3178143.2681531236,-577463.2681531236
2023-07-29,arx_lag1_7_route_energy,hormuz_tanker_capacity,fold_07,1163691.0,3145352.28299948,-1981661.2829994801
2023-07-30,arx_lag1_7_route_energy,hormuz_tanker_capacity,fold_08,2528410.0,2832248.390977117,-303838.39097711677
2023-07-31,arx_lag1_7_route_energy,hormuz_tanker_capacity,fold_08,3940730.0,2984311.6697535133,956418.3302464867
2023-08-01,arx_lag1_7_route_energy,hormuz_tanker_capacity,fold_08,2979490.0,2970500.154149644,8989.845850355923
2023-08-02,arx_lag1_7_route_energy,hormuz_tanker_capacity,fold_08,1894108.0,2888275.662074553,-994167.6620745528
2023-08-03,arx_lag1_7_route_energy,hormuz_tanker_capacity,fold_08,3504411.0,3051885.0127030364,452525.9872969636
2023-08-04,arx_lag1_7_route_energy,hormuz_tanker_capacity,fold_08,2675935.0,3142241.543834283,-466306.543834283
2023-08-05,arx_lag1_7_route_energy,hormuz_tanker_capacity,fold_08,2365948.0,3102559.645465659,-736611.645465659
2023-08-06,arx_lag1_7_route_energy,hormuz_tanker_capacity,fold_08,3184994.0,3083990.4635408237,101003.53645917634
2023-08-07,arx_lag1_7_route_energy,hormuz_tanker_capacity,fold_08,2492795.0,2991956.7138094595,-499161.71380945947
2023-08-08,arx_lag1_7_route_energy,hormuz_tanker_capacity,fold_08,2803223.0,2978631.091532675,-175408.09153267508
2023-08-09,arx_lag1_7_route_energy,hormuz_tanker_capacity,fold_08,2285632.0,3003898.712731151,-718266.7127311509
2023-08-10,arx_lag1_7_route_energy,hormuz_tanker_capacity,fold_08,2966042.0,3086011.1841938496,-119969.18419384956
2023-08-11,arx_lag1_7_route_energy,hormuz_tanker_capacity,fold_08,3522202.0,3177579.7865868714,344622.21341312863
2023-08-12,arx_lag1_7_route_energy,hormuz_tanker_capacity,fold_08,4107095.0,3187809.70629005,919285.29370995
2023-08-13,arx_lag1_7_route_energy,hormuz_tanker_capacity,fold_08,3584557.0,3108108.658383085,476448.3416169151
2023-08-14,arx_lag1_7_route_energy,hormuz_tanker_capacity,fold_08,3079828.0,2982176.4152215435,97651.58477845648
2023-08-15,arx_lag1_7_route_energy,hormuz_tanker_capacity,fold_08,2176198.0,2992196.298063116,-815998.2980631161
2023-08-16,arx_lag1_7_route_energy,hormuz_tanker_capacity,fold_08,2588348.0,2975391.198558165,-387043.1985581652
2023-08-17,arx_lag1_7_route_energy,hormuz_tanker_capacity,fold_08,2826402.0,3064202.6623983444,-237800.66239834437
2023-08-18,arx_lag1_7_route_energy,hormuz_tanker_capacity,fold_08,3783013.0,3182748.2343443385,600264.7656556615
2023-08-19,arx_lag1_7_route_energy,hormuz_tanker_capacity,fold_08,3579655.0,3207598.762237971,372056.2377620288
2023-08-20,arx_lag1_7_route_energy,hormuz_tanker_capacity,fold_08,3781747.0,3101857.056138556,679889.943861444
2023-08-21,arx_lag1_7_route_energy,hormuz_tanker_capacity,fold_08,2779080.0,3007502.1566968644,-228422.1566968644
2023-08-22,arx_lag1_7_route_energy,hormuz_tanker_capacity,fold_08,3252371.0,2982246.6614018376,270124.3385981624
2023-08-23,arx_lag1_7_route_energy,hormuz_tanker_capacity,fold_08,2877438.0,2982967.9529121616,-105529.95291216159
2023-08-24,arx_lag1_7_route_energy,hormuz_tanker_capacity,fold_08,2171189.0,3041409.0769185745,-870220.0769185745
2023-08-25,arx_lag1_7_route_energy,hormuz_tanker_capacity,fold_08,2245226.0,3159647.4519630587,-914421.4519630587
2023-08-26,arx_lag1_7_route_energy,hormuz_tanker_capacity,fold_08,3320936.0,3188011.9924855526,132924.00751444744
2023-08-27,arx_lag1_7_route_energy,hormuz_tanker_capacity,fold_08,1910172.0,3077454.3612685786,-1167282.3612685786
2023-08-28,arx_lag1_7_route_energy,hormuz_tanker_capacity,fold_08,3633623.0,3005571.7510176157,628051.2489823843
2023-08-29,arx_lag1_7_route_energy,hormuz_tanker_capacity,fold_09,2519718.0,3056016.0056105866,-536298.0056105866
2023-08-30,arx_lag1_7_route_energy,hormuz_tanker_capacity,fold_09,2242978.0,2964262.3131385623,-721284.3131385623
2023-08-31,arx_lag1_7_route_energy,hormuz_tanker_capacity,fold_09,1814292.0,2980919.486839326,-1166627.486839326
2023-09-01,arx_lag1_7_route_energy,hormuz_tanker_capacity,fold_09,1256677.0,3090709.409158483,-1834032.4091584831
2023-09-02,arx_lag1_7_route_energy,hormuz_tanker_capacity,fold_09,2046525.0,3149448.0430169087,-1102923.0430169087
2023-09-03,arx_lag1_7_route_energy,hormuz_tanker_capacity,fold_09,2749574.0,3102370.0344844405,-352796.03448444046
2023-09-04,arx_lag1_7_route_energy,hormuz_tanker_capacity,fold_09,2467161.0,3095214.250013264,-628053.2500132639
2023-09-05,arx_lag1_7_route_energy,hormuz_tanker_capacity,fold_09,3342639.0,2990851.304827792,351787.6951722079
2023-09-06,arx_lag1_7_route_energy,hormuz_tanker_capacity,fold_09,3994780.0,3019456.806660038,975323.193339962
2023-09-07,arx_lag1_7_route_energy,hormuz_tanker_capacity,fold_09,3705777.0,3090721.4745922424,615055.5254077576
2023-09-08,arx_lag1_7_route_energy,hormuz_tanker_capacity,fold_09,3566045.0,3137840.9612852777,428204.03871472226
2023-09-09,arx_lag1_7_route_energy,hormuz_tanker_capacity,fold_09,2836321.0,3219014.3652391387,-382693.3652391387
2023-09-10,arx_lag1_7_route_energy,hormuz_tanker_capacity,fold_09,2150468.0,3159887.3379744007,-1009419.3379744007
2023-09-11,arx_lag1_7_route_energy,hormuz_tanker_capacity,fold_09,3501939.0,3060142.672720467,441796.3272795328
2023-09-12,arx_lag1_7_route_energy,hormuz_tanker_capacity,fold_09,1740118.0,3100542.598942908,-1360424.598942908
2023-09-13,arx_lag1_7_route_energy,hormuz_tanker_capacity,fold_09,3557952.0,3026962.4359391504,530989.5640608496
2023-09-14,arx_lag1_7_route_energy,hormuz_tanker_capacity,fold_09,5018863.0,3097007.5904632355,1921855.4095367645
2023-09-15,arx_lag1_7_route_energy,hormuz_tanker_capacity,fold_09,1764500.0,3223287.1043353686,-1458787.1043353686
2023-09-16,arx_lag1_7_route_energy,hormuz_tanker_capacity,fold_09,2290475.0,3284954.412503805,-994479.412503805
2023-09-17,arx_lag1_7_route_energy,hormuz_tanker_capacity,fold_09,2281987.0,3195987.9872747846,-914000.9872747846
2023-09-18,arx_lag1_7_route_energy,hormuz_tanker_capacity,fold_09,3387634.0,3105668.3186668814,281965.6813331186
2023-09-19,arx_lag1_7_route_energy,hormuz_tanker_capacity,fold_09,3432396.0,3054736.0481162267,377659.9518837733
2023-09-20,arx_lag1_7_route_energy,hormuz_tanker_capacity,fold_09,4234171.0,2998756.3225767403,1235414.6774232597
2023-09-21,arx_lag1_7_route_energy,hormuz_tanker_capacity,fold_09,1919939.0,3101498.8852650896,-1181559.8852650896
2023-09-22,arx_lag1_7_route_energy,hormuz_tanker_capacity,fold_09,1747663.0,3206523.358543867,-1458860.3585438668
2023-09-23,arx_lag1_7_route_energy,hormuz_tanker_capacity,fold_09,2289506.0,3183074.434871268,-893568.434871268
2023-09-24,arx_lag1_7_route_energy,hormuz_tanker_capacity,fold_09,2239462.0,3136023.9448338193,-896561.9448338193
2023-09-25,arx_lag1_7_route_energy,hormuz_tanker_capacity,fold_09,2946230.0,3113562.3030275484,-167332.30302754836
2023-09-26,arx_lag1_7_route_energy,hormuz_tanker_capacity,fold_09,2294702.0,3071898.6057221163,-777196.6057221163
2023-09-27,arx_lag1_7_route_energy,hormuz_tanker_capacity,fold_09,3395128.0,3052146.266521247,342981.7334787529
2023-09-28,arx_lag1_7_route_energy,hormuz_tanker_capacity,fold_10,2523881.0,3116930.197905591,-593049.1979055912
2023-09-29,arx_lag1_7_route_energy,hormuz_tanker_capacity,fold_10,3281975.0,3120898.7061508275,161076.29384917254
2023-09-30,arx_lag1_7_route_energy,hormuz_tanker_capacity,fold_10,2595484.0,3128341.527238239,-532857.5272382391
2023-10-01,arx_lag1_7_route_energy,hormuz_tanker_capacity,fold_10,3034634.0,3008179.968158018,26454.031841982156
2023-10-02,arx_lag1_7_route_energy,hormuz_tanker_capacity,fold_10,2709561.0,3009440.588938209,-299879.5889382092
2023-10-03,arx_lag1_7_route_energy,hormuz_tanker_capacity,fold_10,3268028.0,2959357.375243581,308670.6247564191
2023-10-04,arx_lag1_7_route_energy,hormuz_tanker_capacity,fold_10,2407648.0,3074976.0298329443,-667328.0298329443
2023-10-05,arx_lag1_7_route_energy,hormuz_tanker_capacity,fold_10,3212601.0,3091902.8269616533,120698.1730383467
2023-10-06,arx_lag1_7_route_energy,hormuz_tanker_capacity,fold_10,4314111.0,3105317.6374876215,1208793.3625123785
2023-10-07,arx_lag1_7_route_energy,hormuz_tanker_capacity,fold_10,2688339.0,3089819.137684993,-401480.137684993
2023-10-08,arx_lag1_7_route_energy,hormuz_tanker_capacity,fold_10,3452036.0,3005219.373932667,446816.6260673329
2023-10-09,arx_lag1_7_route_energy,hormuz_tanker_capacity,fold_10,3753567.0,3036453.618273291,717113.3817267092
2023-10-10,arx_lag1_7_route_energy,hormuz_tanker_capacity,fold_10,2633335.0,3034611.4377831896,-401276.4377831896
2023-10-11,arx_lag1_7_route_energy,hormuz_tanker_capacity,fold_10,2519862.0,3032727.284675528,-512865.28467552783
2023-10-12,arx_lag1_7_route_energy,hormuz_tanker_capacity,fold_10,2178623.0,3052598.1261623558,-873975.1261623558
2023-10-13,arx_lag1_7_route_energy,hormuz_tanker_capacity,fold_10,1844039.0,3191916.749878906,-1347877.7498789062
2023-10-14,arx_lag1_7_route_energy,hormuz_tanker_capacity,fold_10,3425232.0,3128968.6019359697,296263.39806403033
2023-10-15,arx_lag1_7_route_energy,hormuz_tanker_capacity,fold_10,3876657.0,3146759.334542809,729897.665457191
2023-10-16,arx_lag1_7_route_energy,hormuz_tanker_capacity,fold_10,2656976.0,3029421.4341088203,-372445.4341088203
2023-10-17,arx_lag1_7_route_energy,hormuz_tanker_capacity,fold_10,1207586.0,3020788.0504789613,-1813202.0504789613
2023-10-18,arx_lag1_7_route_energy,hormuz_tanker_capacity,fold_10,3043765.0,3023164.9153322103,20600.08466778975
2023-10-19,arx_lag1_7_route_energy,hormuz_tanker_capacity,fold_10,4219257.0,3064046.543970417,1155210.4560295828
2023-10-20,arx_lag1_7_route_energy,hormuz_tanker_capacity,fold_10,3177047.0,3116025.125362504,61021.87463749619
2023-10-21,arx_lag1_7_route_energy,hormuz_tanker_capacity,fold_10,2474071.0,3167373.4303648598,-693302.4303648598
2023-10-22,arx_lag1_7_route_energy,hormuz_tanker_capacity,fold_10,2351101.0,3121344.825173724,-770243.825173724
2023-10-23,arx_lag1_7_route_energy,hormuz_tanker_capacity,fold_10,2272067.0,3001716.9745682473,-729649.9745682473
2023-10-24,arx_lag1_7_route_energy,hormuz_tanker_capacity,fold_10,2269760.0,2979068.755561475,-709308.7555614752
2023-10-25,arx_lag1_7_route_energy,hormuz_tanker_capacity,fold_10,2329104.0,2959832.6323102494,-630728.6323102494
2023-10-26,arx_lag1_7_route_energy,hormuz_tanker_capacity,fold_10,894073.0,3018020.0269272216,-2123947.0269272216
2023-10-27,arx_lag1_7_route_energy,hormuz_tanker_capacity,fold_10,1944925.0,3079938.7794300327,-1135013.7794300327
2023-10-28,arx_lag1_7_route_energy,hormuz_tanker_capacity,fold_11,1655734.0,2905086.801222169,-1249352.8012221688
2023-10-29,arx_lag1_7_route_energy,hormuz_tanker_capacity,fold_11,2055946.0,3013305.381976762,-957359.3819767619
2023-10-30,arx_lag1_7_route_energy,hormuz_tanker_capacity,fold_11,3765395.0,2938531.121896643,826863.8781033568
2023-10-31,arx_lag1_7_route_energy,hormuz_tanker_capacity,fold_11,3627066.0,2935025.341022816,692040.658977184
2023-11-01,arx_lag1_7_route_energy,hormuz_tanker_capacity,fold_11,2527510.0,2900289.7176451143,-372779.7176451143
2023-11-02,arx_lag1_7_route_energy,hormuz_tanker_capacity,fold_11,1664167.0,2913899.9127050834,-1249732.9127050834
2023-11-03,arx_lag1_7_route_energy,hormuz_tanker_capacity,fold_11,2126743.0,2985599.0402874732,-858856.0402874732
2023-11-04,arx_lag1_7_route_energy,hormuz_tanker_capacity,fold_11,1292319.0,3096694.724802434,-1804375.724802434
2023-11-05,arx_lag1_7_route_energy,hormuz_tanker_capacity,fold_11,2077133.0,3065186.8920411295,-988053.8920411295
2023-11-06,arx_lag1_7_route_energy,hormuz_tanker_capacity,fold_11,2076666.0,2955080.9018645887,-878414.9018645887
2023-11-07,arx_lag1_7_route_energy,hormuz_tanker_capacity,fold_11,1014890.0,2921065.9224758022,-1906175.9224758022
2023-11-08,arx_lag1_7_route_energy,hormuz_tanker_capacity,fold_11,2364394.0,2932085.0714147836,-567691.0714147836
2023-11-09,arx_lag1_7_route_energy,hormuz_tanker_capacity,fold_11,2264850.0,2948605.1014035963,-683755.1014035963
2023-11-10,arx_lag1_7_route_energy,hormuz_tanker_capacity,fold_11,2799288.0,3030333.674104994,-231045.67410499416
2023-11-11,arx_lag1_7_route_energy,hormuz_tanker_capacity,fold_11,3672758.0,3067479.252839004,605278.7471609958
2023-11-12,arx_lag1_7_route_energy,hormuz_tanker_capacity,fold_11,3107665.0,3054433.1648198087,53231.83518019132
2023-11-13,arx_lag1_7_route_energy,hormuz_tanker_capacity,fold_11,2365075.0,3008049.4896911485,-642974.4896911485
2023-11-14,arx_lag1_7_route_energy,hormuz_tanker_capacity,fold_11,4192408.0,2927375.437577137,1265032.5624228632
2023-11-15,arx_lag1_7_route_energy,hormuz_tanker_capacity,fold_11,1464002.0,2939076.7749357256,-1475074.7749357256
2023-11-16,arx_lag1_7_route_energy,hormuz_tanker_capacity,fold_11,2592078.0,2952842.109621189,-360764.10962118907
2023-11-17,arx_lag1_7_route_energy,hormuz_tanker_capacity,fold_11,2534031.0,3045094.7263559047,-511063.7263559047
2023-11-18,arx_lag1_7_route_energy,hormuz_tanker_capacity,fold_11,2292146.0,3010875.5193817522,-718729.5193817522
2023-11-19,arx_lag1_7_route_energy,hormuz_tanker_capacity,fold_11,1278090.0,3010253.7254760475,-1732163.7254760475
2023-11-20,arx_lag1_7_route_energy,hormuz_tanker_capacity,fold_11,1442930.0,2971617.4869183,-1528687.4869183
2023-11-21,arx_lag1_7_route_energy,hormuz_tanker_capacity,fold_11,2160121.0,2904308.808728948,-744187.8087289478
2023-11-22,arx_lag1_7_route_energy,hormuz_tanker_capacity,fold_11,1223317.0,2923727.222311218,-1700410.2223112178
2023-11-23,arx_lag1_7_route_energy,hormuz_tanker_capacity,fold_11,937892.0,2962053.2897087364,-2024161.2897087364
2023-11-24,arx_lag1_7_route_energy,hormuz_tanker_capacity,fold_11,1779344.0,2990088.629627119,-1210744.6296271188
2023-11-25,arx_lag1_7_route_energy,hormuz_tanker_capacity,fold_11,2336066.0,2989725.5771037904,-653659.5771037904
2023-11-26,arx_lag1_7_route_energy,hormuz_tanker_capacity,fold_11,3577174.0,2971603.7538161,605570.2461839002
2023-11-27,arx_lag1_7_route_energy,hormuz_tanker_capacity,fold_12,2616653.0,2906064.966773887,-289411.96677388716
2023-11-28,arx_lag1_7_route_energy,hormuz_tanker_capacity,fold_12,2655951.0,2793117.519703526,-137166.51970352605
2023-11-29,arx_lag1_7_route_energy,hormuz_tanker_capacity,fold_12,2639475.0,2754730.3847690593,-115255.38476905925
2023-11-30,arx_lag1_7_route_energy,hormuz_tanker_capacity,fold_12,2070994.0,2782935.4360352973,-711941.4360352973
2023-12-01,arx_lag1_7_route_energy,hormuz_tanker_capacity,fold_12,1831329.0,2836184.5452730265,-1004855.5452730265
2023-12-02,arx_lag1_7_route_energy,hormuz_tanker_capacity,fold_12,1908841.0,2900176.613624271,-991335.613624271
2023-12-03,arx_lag1_7_route_energy,hormuz_tanker_capacity,fold_12,3871351.0,2950743.8705326524,920607.1294673476
2023-12-04,arx_lag1_7_route_energy,hormuz_tanker_capacity,fold_12,2794981.0,2849180.8966492433,-54199.89664924331
2023-12-05,arx_lag1_7_route_energy,hormuz_tanker_capacity,fold_12,3046375.0,2776683.253560859,269691.7464391412
2023-12-06,arx_lag1_7_route_energy,hormuz_tanker_capacity,fold_12,2417967.0,2728381.0615323656,-310414.0615323656
2023-12-07,arx_lag1_7_route_energy,hormuz_tanker_capacity,fold_12,3552027.0,2792695.050284045,759331.9497159552
2023-12-08,arx_lag1_7_route_energy,hormuz_tanker_capacity,fold_12,703313.0,2833737.916291657,-2130424.916291657
2023-12-09,arx_lag1_7_route_energy,hormuz_tanker_capacity,fold_12,2318097.0,2902176.584099765,-584079.5840997649
2023-12-10,arx_lag1_7_route_energy,hormuz_tanker_capacity,fold_12,1474713.0,2877283.4173263204,-1402570.4173263204
2023-12-11,arx_lag1_7_route_energy,hormuz_tanker_capacity,fold_12,1818775.0,2805919.094392917,-987144.0943929171
2023-12-12,arx_lag1_7_route_energy,hormuz_tanker_capacity,fold_12,2297669.0,2765961.5197935216,-468292.5197935216
2023-12-13,arx_lag1_7_route_energy,hormuz_tanker_capacity,fold_12,1085290.0,2730212.7357223467,-1644922.7357223467
2023-12-14,arx_lag1_7_route_energy,hormuz_tanker_capacity,fold_12,2238260.0,2807177.421661404,-568917.421661404
2023-12-15,arx_lag1_7_route_energy,hormuz_tanker_capacity,fold_12,2455996.0,2922869.8678462426,-466873.8678462426
2023-12-16,arx_lag1_7_route_energy,hormuz_tanker_capacity,fold_12,1359534.0,2936152.809718211,-1576618.8097182112
2023-12-17,arx_lag1_7_route_energy,hormuz_tanker_capacity,fold_12,1775413.0,2848911.6911536106,-1073498.6911536106
2023-12-18,arx_lag1_7_route_energy,hormuz_tanker_capacity,fold_12,1970018.0,2806641.535839432,-836623.5358394319
2023-12-19,arx_lag1_7_route_energy,hormuz_tanker_capacity,fold_12,726558.0,2745097.3708980526,-2018539.3708980526
2023-12-20,arx_lag1_7_route_energy,hormuz_tanker_capacity,fold_12,2422926.0,2760933.6283503673,-338007.6283503673
2023-12-21,arx_lag1_7_route_energy,hormuz_tanker_capacity,fold_12,1634620.0,2821755.745487593,-1187135.745487593
2023-12-22,arx_lag1_7_route_energy,hormuz_tanker_capacity,fold_12,1289960.0,2917603.3572574034,-1627643.3572574034
2023-12-23,arx_lag1_7_route_energy,hormuz_tanker_capacity,fold_12,2544820.0,2950960.2306631017,-406140.23066310165
2023-12-24,arx_lag1_7_route_energy,hormuz_tanker_capacity,fold_12,2283897.0,2940109.204024253,-656212.204024253
2023-12-25,arx_lag1_7_route_energy,hormuz_tanker_capacity,fold_12,3263118.0,2803523.7187970076,459594.2812029924
2023-12-26,arx_lag1_7_route_energy,hormuz_tanker_capacity,fold_12,2694782.0,2747430.800093537,-52648.8000935372
2023-12-27,arx_lag1_7_route_energy,hormuz_tanker_capacity,fold_13,2169194.0,2654822.682390421,-485628.68239042116
2023-12-28,arx_lag1_7_route_energy,hormuz_tanker_capacity,fold_13,3076405.0,2717524.6836391324,358880.3163608676
2023-12-29,arx_lag1_7_route_energy,hormuz_tanker_capacity,fold_13,1929778.0,2692049.209308071,-762271.2093080711
2023-12-30,arx_lag1_7_route_energy,hormuz_tanker_capacity,fold_13,2020779.0,2770670.1915939013,-749891.1915939013
2023-12-31,arx_lag1_7_route_energy,hormuz_tanker_capacity,fold_13,2907125.0,2814025.0242996328,93099.97570036724
2024-01-01,arx_lag1_7_route_energy,hormuz_tanker_capacity,fold_13,2652578.0,2771218.9496028707,-118640.94960287074
2024-01-02,arx_lag1_7_route_energy,hormuz_tanker_capacity,fold_13,2557152.0,2660658.5889504435,-103506.58895044355
2024-01-03,arx_lag1_7_route_energy,hormuz_tanker_capacity,fold_13,3246564.0,2677086.351548635,569477.6484513651
2024-01-04,arx_lag1_7_route_energy,hormuz_tanker_capacity,fold_13,2229185.0,2702111.0330070253,-472926.03300702525
2024-01-05,arx_lag1_7_route_energy,hormuz_tanker_capacity,fold_13,2717910.0,2768050.891094428,-50140.89109442802
2024-01-06,arx_lag1_7_route_energy,hormuz_tanker_capacity,fold_13,2820336.0,2805800.853978083,14535.146021916997
2024-01-07,arx_lag1_7_route_energy,hormuz_tanker_capacity,fold_13,2670911.0,2768421.2786320657,-97510.27863206575
2024-01-08,arx_lag1_7_route_energy,hormuz_tanker_capacity,fold_13,1900380.0,2647887.5279315994,-747507.5279315994
2024-01-09,arx_lag1_7_route_energy,hormuz_tanker_capacity,fold_13,1746332.0,2539458.354907466,-793126.3549074661
2024-01-10,arx_lag1_7_route_energy,hormuz_tanker_capacity,fold_13,1180786.0,2628007.372463097,-1447221.3724630969
2024-01-11,arx_lag1_7_route_energy,hormuz_tanker_capacity,fold_13,3503009.0,2709187.9141843836,793821.0858156164
2024-01-12,arx_lag1_7_route_energy,hormuz_tanker_capacity,fold_13,2302529.0,2890123.2782070707,-587594.2782070707
2024-01-13,arx_lag1_7_route_energy,hormuz_tanker_capacity,fold_13,2379437.0,2921356.0014028503,-541919.0014028503
2024-01-14,arx_lag1_7_route_energy,hormuz_tanker_capacity,fold_13,2255799.0,2904938.5986750997,-649139.5986750997
2024-01-15,arx_lag1_7_route_energy,hormuz_tanker_capacity,fold_13,4839313.0,2842422.1832468575,1996890.8167531425
2024-01-16,arx_lag1_7_route_energy,hormuz_tanker_capacity,fold_13,3115056.0,2726083.764321359,388972.2356786411
2024-01-17,arx_lag1_7_route_energy,hormuz_tanker_capacity,fold_13,3020521.0,2637411.6819984387,383109.31800156133
2024-01-18,arx_lag1_7_route_energy,hormuz_tanker_capacity,fold_13,1386796.0,2700098.9647194007,-1313302.9647194007
2024-01-19,arx_lag1_7_route_energy,hormuz_tanker_capacity,fold_13,1830843.0,2767599.877010712,-936756.8770107119
2024-01-20,arx_lag1_7_route_energy,hormuz_tanker_capacity,fold_13,1706463.0,2857672.266543152,-1151209.2665431518
2024-01-21,arx_lag1_7_route_energy,hormuz_tanker_capacity,fold_13,1971989.0,2812747.0688075214,-840758.0688075214
2024-01-22,arx_lag1_7_route_energy,hormuz_tanker_capacity,fold_13,2575217.0,2733823.6389970426,-158606.63899704255
2024-01-23,arx_lag1_7_route_energy,hormuz_tanker_capacity,fold_13,2519141.0,2660925.164838337,-141784.16483833687
2024-01-24,arx_lag1_7_route_energy,hormuz_tanker_capacity,fold_13,3030528.0,2652134.226457133,378393.77354286704
2024-01-25,arx_lag1_7_route_energy,hormuz_tanker_capacity,fold_13,2303084.0,2675076.29313116,-371992.2931311601
2024-01-26,arx_lag1_7_route_energy,hormuz_tanker_capacity,fold_14,2164295.0,2608514.087056208,-444219.08705620794
2024-01-27,arx_lag1_7_route_energy,hormuz_tanker_capacity,fold_14,2884455.0,2683758.0300997244,200696.96990027558
2024-01-28,arx_lag1_7_route_energy,hormuz_tanker_capacity,fold_14,2435870.0,2774672.2583590336,-338802.2583590336
2024-01-29,arx_lag1_7_route_energy,hormuz_tanker_capacity,fold_14,2742152.0,2705866.812109402,36285.187890598085
2024-01-30,arx_lag1_7_route_energy,hormuz_tanker_capacity,fold_14,2489222.0,2766397.100180762,-277175.1001807619
2024-01-31,arx_lag1_7_route_energy,hormuz_tanker_capacity,fold_14,2211268.0,2720978.020041885,-509710.02004188485
2024-02-01,arx_lag1_7_route_energy,hormuz_tanker_capacity,fold_14,3162567.0,2622683.4428814654,539883.5571185346
2024-02-02,arx_lag1_7_route_energy,hormuz_tanker_capacity,fold_14,3422820.0,2698225.0964311734,724594.9035688266
2024-02-03,arx_lag1_7_route_energy,hormuz_tanker_capacity,fold_14,1881067.0,2714725.4033262716,-833658.4033262716
2024-02-04,arx_lag1_7_route_energy,hormuz_tanker_capacity,fold_14,2551326.0,2626626.3992787246,-75300.39927872457
2024-02-05,arx_lag1_7_route_energy,hormuz_tanker_capacity,fold_14,2479224.0,2731839.061822311,-252615.06182231102
2024-02-06,arx_lag1_7_route_energy,hormuz_tanker_capacity,fold_14,1251600.0,2636382.2185530323,-1384782.2185530323
2024-02-07,arx_lag1_7_route_energy,hormuz_tanker_capacity,fold_14,2050265.0,2660927.483384982,-610662.4833849822
2024-02-08,arx_lag1_7_route_energy,hormuz_tanker_capacity,fold_14,2524994.0,2607634.5180636854,-82640.51806368539
2024-02-09,arx_lag1_7_route_energy,hormuz_tanker_capacity,fold_14,1190470.0,2768318.7728505605,-1577848.7728505605
2024-02-10,arx_lag1_7_route_energy,hormuz_tanker_capacity,fold_14,3008870.0,2798194.5983710676,210675.40162893245
2024-02-11,arx_lag1_7_route_energy,hormuz_tanker_capacity,fold_14,2823538.0,2730440.5423401427,93097.45765985735
2024-02-12,arx_lag1_7_route_energy,hormuz_tanker_capacity,fold_14,2072148.0,2711547.399610633,-639399.399610633
2024-02-13,arx_lag1_7_route_energy,hormuz_tanker_capacity,fold_14,2601106.0,2659551.231108536,-58445.23110853601
2024-02-14,arx_lag1_7_route_energy,hormuz_tanker_capacity,fold_14,2734260.0,2678829.503645781,55430.49635421904
2024-02-15,arx_lag1_7_route_energy,hormuz_tanker_capacity,fold_14,2530926.0,2814440.875993294,-283514.8759932942
2024-02-16,arx_lag1_7_route_energy,hormuz_tanker_capacity,fold_14,3476028.0,2771024.0761476937,705003.9238523063
2024-02-17,arx_lag1_7_route_energy,hormuz_tanker_capacity,fold_14,2467847.0,2767537.9437484075,-299690.94374840753
2024-02-18,arx_lag1_7_route_energy,hormuz_tanker_capacity,fold_14,2109851.0,2813923.7023124746,-704072.7023124746
2024-02-19,arx_lag1_7_route_energy,hormuz_tanker_capacity,fold_14,2554722.0,2767872.002783626,-213150.00278362585
2024-02-20,arx_lag1_7_route_energy,hormuz_tanker_capacity,fold_14,1633100.0,2686758.3906709435,-1053658.3906709435
2024-02-21,arx_lag1_7_route_energy,hormuz_tanker_capacity,fold_14,2577806.0,2684816.089176138,-107010.08917613793
2024-02-22,arx_lag1_7_route_energy,hormuz_tanker_capacity,fold_14,1981681.0,2749769.394777346,-768088.3947773459
2024-02-23,arx_lag1_7_route_energy,hormuz_tanker_capacity,fold_14,1493624.0,2742304.0834652144,-1248680.0834652144
2024-02-24,arx_lag1_7_route_energy,hormuz_tanker_capacity,fold_14,3024910.0,2785728.993006323,239181.006993677
2024-02-25,arx_lag1_7_route_energy,hormuz_tanker_capacity,fold_15,1771153.0,2801627.10151711,-1030474.1015171101
2024-02-26,arx_lag1_7_route_energy,hormuz_tanker_capacity,fold_15,2749883.0,2659723.9230952426,90159.07690475741
2024-02-27,arx_lag1_7_route_energy,hormuz_tanker_capacity,fold_15,1869005.0,2559499.070927641,-690494.0709276409
2024-02-28,arx_lag1_7_route_energy,hormuz_tanker_capacity,fold_15,1288865.0,2547106.6447283523,-1258241.6447283523
2024-02-29,arx_lag1_7_route_energy,hormuz_tanker_capacity,fold_15,1716145.0,2651978.005929806,-935833.0059298058
2024-03-01,arx_lag1_7_route_energy,hormuz_tanker_capacity,fold_15,3043725.0,2588001.458378317,455723.54162168317
2024-03-02,arx_lag1_7_route_energy,hormuz_tanker_capacity,fold_15,1553743.0,2734128.398895679,-1180385.398895679
2024-03-03,arx_lag1_7_route_energy,hormuz_tanker_capacity,fold_15,3374892.0,2675071.77325009,699820.22674991
2024-03-04,arx_lag1_7_route_energy,hormuz_tanker_capacity,fold_15,3676369.0,2744767.0786340274,931601.9213659726
2024-03-05,arx_lag1_7_route_energy,hormuz_tanker_capacity,fold_15,2359655.0,2681227.06441935,-321572.0644193501
2024-03-06,arx_lag1_7_route_energy,hormuz_tanker_capacity,fold_15,1779453.0,2693349.7997595444,-913896.7997595444
2024-03-07,arx_lag1_7_route_energy,hormuz_tanker_capacity,fold_15,2056671.0,2735246.57318032,-678575.5731803202
2024-03-08,arx_lag1_7_route_energy,hormuz_tanker_capacity,fold_15,3121047.0,2758827.3374210172,362219.66257898277
2024-03-09,arx_lag1_7_route_energy,hormuz_tanker_capacity,fold_15,1748532.0,2804798.8956767065,-1056266.8956767065
2024-03-10,arx_lag1_7_route_energy,hormuz_tanker_capacity,fold_15,2642858.0,2729239.676759825,-86381.67675982509
2024-03-11,arx_lag1_7_route_energy,hormuz_tanker_capacity,fold_15,2715201.0,2694095.8825862906,21105.117413709406
2024-03-12,arx_lag1_7_route_energy,hormuz_tanker_capacity,fold_15,3435584.0,2669433.7866534065,766150.2133465935
2024-03-13,arx_lag1_7_route_energy,hormuz_tanker_capacity,fold_15,2634960.0,2530330.588484167,104629.41151583288
2024-03-14,arx_lag1_7_route_energy,hormuz_tanker_capacity,fold_15,2640966.0,2872215.1913713403,-231249.1913713403
2024-03-15,arx_lag1_7_route_energy,hormuz_tanker_capacity,fold_15,3628514.0,2746744.9410495735,881769.0589504265
2024-03-16,arx_lag1_7_route_energy,hormuz_tanker_capacity,fold_15,4950944.0,2822834.5807384467,2128109.4192615533
2024-03-17,arx_lag1_7_route_energy,hormuz_tanker_capacity,fold_15,3824417.0,2756180.26070405,1068236.7392959502
2024-03-18,arx_lag1_7_route_energy,hormuz_tanker_capacity,fold_15,2547219.0,2766280.1790887746,-219061.1790887746
2024-03-19,arx_lag1_7_route_energy,hormuz_tanker_capacity,fold_15,3168961.0,2632062.601850732,536898.3981492678
2024-03-20,arx_lag1_7_route_energy,hormuz_tanker_capacity,fold_15,4222015.0,2672713.6481195893,1549301.3518804107
2024-03-21,arx_lag1_7_route_energy,hormuz_tanker_capacity,fold_15,2537288.0,2729594.880628722,-192306.8806287218
2024-03-22,arx_lag1_7_route_energy,hormuz_tanker_capacity,fold_15,3029540.0,2757778.0716434,271761.9283566
2024-03-23,arx_lag1_7_route_energy,hormuz_tanker_capacity,fold_15,2874292.0,2824111.5904377587,50180.409562241286
2024-03-24,arx_lag1_7_route_energy,hormuz_tanker_capacity,fold_15,2563076.0,2786124.4660711475,-223048.46607114747
2024-03-25,arx_lag1_7_route_energy,hormuz_tanker_capacity,fold_15,3602003.0,2692981.2482245695,909021.7517754305
2024-03-26,arx_lag1_7_route_energy,hormuz_tanker_capacity,fold_16,1805901.0,2844251.488210352,-1038350.4882103521
2024-03-27,arx_lag1_7_route_energy,hormuz_tanker_capacity,fold_16,2996646.0,2825868.8747190847,170777.1252809153
2024-03-28,arx_lag1_7_route_energy,hormuz_tanker_capacity,fold_16,2800927.0,2806795.454915728,-5868.454915727954
2024-03-29,arx_lag1_7_route_energy,hormuz_tanker_capacity,fold_16,5677550.0,2833628.341487434,2843921.658512566
2024-03-30,arx_lag1_7_route_energy,hormuz_tanker_capacity,fold_16,4450671.0,2794666.687325698,1656004.3126743021
2024-03-31,arx_lag1_7_route_energy,hormuz_tanker_capacity,fold_16,4492703.0,2810779.1038275044,1681923.8961724956
2024-04-01,arx_lag1_7_route_energy,hormuz_tanker_capacity,fold_16,2462421.0,2848454.1827953854,-386033.18279538536
2024-04-02,arx_lag1_7_route_energy,hormuz_tanker_capacity,fold_16,2451059.0,2770170.6555382996,-319111.6555382996
2024-04-03,arx_lag1_7_route_energy,hormuz_tanker_capacity,fold_16,2709860.0,2769275.553571252,-59415.55357125215
2024-04-04,arx_lag1_7_route_energy,hormuz_tanker_capacity,fold_16,2196270.0,2834108.0120876553,-637838.0120876553
2024-04-05,arx_lag1_7_route_energy,hormuz_tanker_capacity,fold_16,2524839.0,2939638.4343264606,-414799.4343264606
2024-04-06,arx_lag1_7_route_energy,hormuz_tanker_capacity,fold_16,4321109.0,2869505.1472169026,1451603.8527830974
2024-04-07,arx_lag1_7_route_energy,hormuz_tanker_capacity,fold_16,2999441.0,2844849.7423414076,154591.25765859243
2024-04-08,arx_lag1_7_route_energy,hormuz_tanker_capacity,fold_16,2742900.0,2881602.4774726653,-138702.47747266525
2024-04-09,arx_lag1_7_route_energy,hormuz_tanker_capacity,fold_16,3011057.0,2814179.332789047,196877.66721095284
2024-04-10,arx_lag1_7_route_energy,hormuz_tanker_capacity,fold_16,3512303.0,2768378.291772574,743924.7082274258
2024-04-11,arx_lag1_7_route_energy,hormuz_tanker_capacity,fold_16,3023112.0,2730399.657074095,292712.3429259048
2024-04-12,arx_lag1_7_route_energy,hormuz_tanker_capacity,fold_16,1695516.0,2816745.2227010145,-1121229.2227010145
2024-04-13,arx_lag1_7_route_energy,hormuz_tanker_capacity,fold_16,3459494.0,2865048.596962746,594445.4030372538
2024-04-14,arx_lag1_7_route_energy,hormuz_tanker_capacity,fold_16,4218705.0,2952210.040235463,1266494.959764537
2024-04-15,arx_lag1_7_route_energy,hormuz_tanker_capacity,fold_16,3393840.0,2705670.517946962,688169.4820530382
2024-04-16,arx_lag1_7_route_energy,hormuz_tanker_capacity,fold_16,3351360.0,2744426.967630447,606933.0323695531
2024-04-17,arx_lag1_7_route_energy,hormuz_tanker_capacity,fold_16,1619583.0,2725783.3581660246,-1106200.3581660246
2024-04-18,arx_lag1_7_route_energy,hormuz_tanker_capacity,fold_16,2236310.0,2777889.454056641,-541579.4540566411
2024-04-19,arx_lag1_7_route_energy,hormuz_tanker_capacity,fold_16,2537049.0,2957026.82031196,-419977.82031195983
2024-04-20,arx_lag1_7_route_energy,hormuz_tanker_capacity,fold_16,3640682.0,2897594.7012827094,743087.2987172906
2024-04-21,arx_lag1_7_route_energy,hormuz_tanker_capacity,fold_16,3828096.0,2973532.744817146,854563.2551828539
2024-04-22,arx_lag1_7_route_energy,hormuz_tanker_capacity,fold_16,3007034.0,2773993.3947209837,233040.6052790163
2024-04-23,arx_lag1_7_route_energy,hormuz_tanker_capacity,fold_16,3323937.0,2863812.382303975,460124.61769602494
2024-04-24,arx_lag1_7_route_energy,hormuz_tanker_capacity,fold_16,2979537.0,2744490.4891304336,235046.51086956635
2024-04-25,arx_lag1_7_route_energy,hormuz_tanker_capacity,fold_17,2623240.0,2841633.811739898,-218393.81173989782
2024-04-26,arx_lag1_7_route_energy,hormuz_tanker_capacity,fold_17,2890869.0,2865675.829715118,25193.170284882188
2024-04-27,arx_lag1_7_route_energy,hormuz_tanker_capacity,fold_17,2651484.0,3003048.546019882,-351564.54601988196
2024-04-28,arx_lag1_7_route_energy,hormuz_tanker_capacity,fold_17,2908460.0,2971331.578552336,-62871.57855233597
2024-04-29,arx_lag1_7_route_energy,hormuz_tanker_capacity,fold_17,1957761.0,2883561.8748236685,-925800.8748236685
2024-04-30,arx_lag1_7_route_energy,hormuz_tanker_capacity,fold_17,2974952.0,2772082.2978022983,202869.70219770167
2024-05-01,arx_lag1_7_route_energy,hormuz_tanker_capacity,fold_17,2910338.0,2680043.005119895,230294.9948801049
2024-05-02,arx_lag1_7_route_energy,hormuz_tanker_capacity,fold_17,1802353.0,2800083.9648128697,-997730.9648128697
2024-05-03,arx_lag1_7_route_energy,hormuz_tanker_capacity,fold_17,2631772.0,2791758.591622601,-159986.5916226008
2024-05-04,arx_lag1_7_route_energy,hormuz_tanker_capacity,fold_17,3240224.0,2861241.572045755,378982.4279542449
2024-05-05,arx_lag1_7_route_energy,hormuz_tanker_capacity,fold_17,4149172.0,2916364.3025714937,1232807.6974285063
2024-05-06,arx_lag1_7_route_energy,hormuz_tanker_capacity,fold_17,3963821.0,2851579.358167961,1112241.6418320392
2024-05-07,arx_lag1_7_route_energy,hormuz_tanker_capacity,fold_17,4073059.0,2695711.4219649234,1377347.5780350766
2024-05-08,arx_lag1_7_route_energy,hormuz_tanker_capacity,fold_17,2236449.0,2617390.820035718,-380941.8200357179
2024-05-09,arx_lag1_7_route_energy,hormuz_tanker_capacity,fold_17,3539913.0,2831952.362264728,707960.6377352718
2024-05-10,arx_lag1_7_route_energy,hormuz_tanker_capacity,fold_17,3671197.0,2644529.1587226153,1026667.8412773847
2024-05-11,arx_lag1_7_route_energy,hormuz_tanker_capacity,fold_17,2354442.0,2888410.0793188857,-533968.0793188857
2024-05-12,arx_lag1_7_route_energy,hormuz_tanker_capacity,fold_17,1937216.0,2834282.448408072,-897066.4484080719
2024-05-13,arx_lag1_7_route_energy,hormuz_tanker_capacity,fold_17,5919231.0,2726169.1471427577,3193061.8528572423
2024-05-14,arx_lag1_7_route_energy,hormuz_tanker_capacity,fold_17,3113333.0,2706909.7646494415,406423.23535055853
2024-05-15,arx_lag1_7_route_energy,hormuz_tanker_capacity,fold_17,3277892.0,2644301.922948036,633590.0770519641
2024-05-16,arx_lag1_7_route_energy,hormuz_tanker_capacity,fold_17,2899266.0,2732081.9282120992,167184.07178790076
2024-05-17,arx_lag1_7_route_energy,hormuz_tanker_capacity,fold_17,3299871.0,2855695.709161642,444175.290838358
2024-05-18,arx_lag1_7_route_energy,hormuz_tanker_capacity,fold_17,1720500.0,2874091.4517033403,-1153591.4517033403
2024-05-19,arx_lag1_7_route_energy,hormuz_tanker_capacity,fold_17,3490721.0,2931746.6295298804,558974.3704701196
2024-05-20,arx_lag1_7_route_energy,hormuz_tanker_capacity,fold_17,3198293.0,2783671.185300347,414621.81469965307
2024-05-21,arx_lag1_7_route_energy,hormuz_tanker_capacity,fold_17,3484309.0,2692293.056816144,792015.9431838561
2024-05-22,arx_lag1_7_route_energy,hormuz_tanker_capacity,fold_17,2373638.0,2712006.315353046,-338368.3153530462
2024-05-23,arx_lag1_7_route_energy,hormuz_tanker_capacity,fold_17,3961350.0,2750523.928538643,1210826.0714613572
2024-05-24,arx_lag1_7_route_energy,hormuz_tanker_capacity,fold_17,3041089.0,2794193.26071,246895.73928999994
2024-05-25,arx_lag1_7_route_energy,hormuz_tanker_capacity,fold_18,2156888.0,2792787.7187763047,-635899.7187763047
2024-05-26,arx_lag1_7_route_energy,hormuz_tanker_capacity,fold_18,2305855.0,2832527.339428286,-526672.3394282861
2024-05-27,arx_lag1_7_route_energy,hormuz_tanker_capacity,fold_18,5099593.0,2813906.779889826,2285686.220110174
2024-05-28,arx_lag1_7_route_energy,hormuz_tanker_capacity,fold_18,4485330.0,2751083.2483782046,1734246.7516217954
2024-05-29,arx_lag1_7_route_energy,hormuz_tanker_capacity,fold_18,3173260.0,2754803.4435525294,418456.55644747056
2024-05-30,arx_lag1_7_route_energy,hormuz_tanker_capacity,fold_18,1598907.0,2870034.114362811,-1271127.1143628112
2024-05-31,arx_lag1_7_route_energy,hormuz_tanker_capacity,fold_18,3468196.0,2937849.2271976946,530346.7728023054
2024-06-01,arx_lag1_7_route_energy,hormuz_tanker_capacity,fold_18,2372436.0,2849491.8948120535,-477055.89481205354
2024-06-02,arx_lag1_7_route_energy,hormuz_tanker_capacity,fold_18,4107539.0,2849442.8177907984,1258096.1822092016
2024-06-03,arx_lag1_7_route_energy,hormuz_tanker_capacity,fold_18,3780277.0,2788545.1970616383,991731.8029383617
2024-06-04,arx_lag1_7_route_energy,hormuz_tanker_capacity,fold_18,3901804.0,2722883.8481510533,1178920.1518489467
2024-06-05,arx_lag1_7_route_energy,hormuz_tanker_capacity,fold_18,2577887.0,2713068.462549298,-135181.46254929807
2024-06-06,arx_lag1_7_route_energy,hormuz_tanker_capacity,fold_18,2502000.0,2789614.443089321,-287614.4430893208
2024-06-07,arx_lag1_7_route_energy,hormuz_tanker_capacity,fold_18,1746983.0,2836103.863530024,-1089120.863530024
2024-06-08,arx_lag1_7_route_energy,hormuz_tanker_capacity,fold_18,3003782.0,2826924.110021265,176857.88997873478
2024-06-09,arx_lag1_7_route_energy,hormuz_tanker_capacity,fold_18,2231180.0,2819512.1701872568,-588332.1701872568
2024-06-10,arx_lag1_7_route_energy,hormuz_tanker_capacity,fold_18,2616205.0,2835257.3326211446,-219052.3326211446
2024-06-11,arx_lag1_7_route_energy,hormuz_tanker_capacity,fold_18,2601504.0,2681777.346307174,-80273.34630717384
2024-06-12,arx_lag1_7_route_energy,hormuz_tanker_capacity,fold_18,2242930.0,2781292.409553298,-538362.4095532978
2024-06-13,arx_lag1_7_route_energy,hormuz_tanker_capacity,fold_18,2105614.0,2769954.9763758946,-664340.9763758946
2024-06-14,arx_lag1_7_route_energy,hormuz_tanker_capacity,fold_18,3705727.0,2783948.9607528024,921778.0392471976
2024-06-15,arx_lag1_7_route_energy,hormuz_tanker_capacity,fold_18,3279054.0,2891526.147010606,387527.8529893942
2024-06-16,arx_lag1_7_route_energy,hormuz_tanker_capacity,fold_18,3415474.0,2826507.1929451185,588966.8070548815
2024-06-17,arx_lag1_7_route_energy,hormuz_tanker_capacity,fold_18,2805607.0,2860111.0367843546,-54504.0367843546
2024-06-18,arx_lag1_7_route_energy,hormuz_tanker_capacity,fold_18,2121829.0,2786677.0109096137,-664848.0109096137
2024-06-19,arx_lag1_7_route_energy,hormuz_tanker_capacity,fold_18,4313882.0,2701203.4201864093,1612678.5798135907
2024-06-20,arx_lag1_7_route_energy,hormuz_tanker_capacity,fold_18,2147311.0,2783724.204983381,-636413.2049833811
2024-06-21,arx_lag1_7_route_energy,hormuz_tanker_capacity,fold_18,2622541.0,2835189.1286053536,-212648.12860535365
2024-06-22,arx_lag1_7_route_energy,hormuz_tanker_capacity,fold_18,3670308.0,2946406.533284871,723901.4667151291
2024-06-23,arx_lag1_7_route_energy,hormuz_tanker_capacity,fold_18,3024131.0,2940438.711495415,83692.28850458516
2024-06-24,arx_lag1_7_route_energy,hormuz_tanker_capacity,fold_19,3780486.0,2845126.3441860448,935359.6558139552
2024-06-25,arx_lag1_7_route_energy,hormuz_tanker_capacity,fold_19,3033206.0,2653504.1677016946,379701.83229830535
2024-06-26,arx_lag1_7_route_energy,hormuz_tanker_capacity,fold_19,3330282.0,2951763.127493677,378518.8725063228
2024-06-27,arx_lag1_7_route_energy,hormuz_tanker_capacity,fold_19,3185011.0,2922518.023290107,262492.976709893
2024-06-28,arx_lag1_7_route_energy,hormuz_tanker_capacity,fold_19,3984124.0,2909720.913335109,1074403.0866648909
2024-06-29,arx_lag1_7_route_energy,hormuz_tanker_capacity,fold_19,1705541.0,2999107.2270269347,-1293566.2270269347
2024-06-30,arx_lag1_7_route_energy,hormuz_tanker_capacity,fold_19,3282626.0,3126204.1092026588,156421.89079734124
2024-07-01,arx_lag1_7_route_energy,hormuz_tanker_capacity,fold_19,1700369.0,2913850.1571318754,-1213481.1571318754
2024-07-02,arx_lag1_7_route_energy,hormuz_tanker_capacity,fold_19,1752264.0,2833686.656659136,-1081422.656659136
2024-07-03,arx_lag1_7_route_energy,hormuz_tanker_capacity,fold_19,3117349.0,2801117.3722886774,316231.6277113226
2024-07-04,arx_lag1_7_route_energy,hormuz_tanker_capacity,fold_19,2770643.0,2875784.297813784,-105141.29781378387
2024-07-05,arx_lag1_7_route_energy,hormuz_tanker_capacity,fold_19,2540674.0,2935922.019721241,-395248.0197212412
2024-07-06,arx_lag1_7_route_energy,hormuz_tanker_capacity,fold_19,3763535.0,2996654.732075789,766880.267924211
2024-07-07,arx_lag1_7_route_energy,hormuz_tanker_capacity,fold_19,4795577.0,2941633.44535907,1853943.5546409301
2024-07-08,arx_lag1_7_route_energy,hormuz_tanker_capacity,fold_19,3082240.0,2966498.643486336,115741.35651366413
2024-07-09,arx_lag1_7_route_energy,hormuz_tanker_capacity,fold_19,4681992.0,2755712.780596843,1926279.219403157
2024-07-10,arx_lag1_7_route_energy,hormuz_tanker_capacity,fold_19,3176211.0,2826810.29755898,349400.70244101994
2024-07-11,arx_lag1_7_route_energy,hormuz_tanker_capacity,fold_19,3233010.0,2865772.8219427825,367237.1780572175
2024-07-12,arx_lag1_7_route_energy,hormuz_tanker_capacity,fold_19,3192456.0,2931706.841537649,260749.1584623512
2024-07-13,arx_lag1_7_route_energy,hormuz_tanker_capacity,fold_19,2973063.0,2959529.052649458,13533.947350542061
2024-07-14,arx_lag1_7_route_energy,hormuz_tanker_capacity,fold_19,4528991.0,2959245.2990219514,1569745.7009780486
2024-07-15,arx_lag1_7_route_energy,hormuz_tanker_capacity,fold_19,3000541.0,2946124.756676917,54416.243323083036
2024-07-16,arx_lag1_7_route_energy,hormuz_tanker_capacity,fold_19,3014351.0,2793485.2504744823,220865.7495255177
2024-07-17,arx_lag1_7_route_energy,hormuz_tanker_capacity,fold_19,4655091.0,2885989.231965834,1769101.7680341662
2024-07-18,arx_lag1_7_route_energy,hormuz_tanker_capacity,fold_19,2360122.0,2763625.6405494167,-403503.64054941665
2024-07-19,arx_lag1_7_route_energy,hormuz_tanker_capacity,fold_19,3594949.0,2909479.602093756,685469.3979062438
2024-07-20,arx_lag1_7_route_energy,hormuz_tanker_capacity,fold_19,1801528.0,3000822.7092845202,-1199294.7092845202
2024-07-21,arx_lag1_7_route_energy,hormuz_tanker_capacity,fold_19,4204074.0,2971030.987720496,1233043.012279504
2024-07-22,arx_lag1_7_route_energy,hormuz_tanker_capacity,fold_19,2542658.0,2860333.6799239423,-317675.6799239423
2024-07-23,arx_lag1_7_route_energy,hormuz_tanker_capacity,fold_19,2865364.0,2840376.2429704396,24987.757029560395
2024-07-24,arx_lag1_7_route_energy,hormuz_tanker_capacity,fold_20,2678556.0,2922418.379995073,-243862.3799950732
2024-07-25,arx_lag1_7_route_energy,hormuz_tanker_capacity,fold_20,3828984.0,2856227.321785209,972756.6782147912
2024-07-26,arx_lag1_7_route_energy,hormuz_tanker_capacity,fold_20,3375894.0,2962497.4085597713,413396.59144022875
2024-07-27,arx_lag1_7_route_energy,hormuz_tanker_capacity,fold_20,3042355.0,2908507.8795924885,133847.12040751148
2024-07-28,arx_lag1_7_route_energy,hormuz_tanker_capacity,fold_20,3467467.0,2947685.000844857,519781.9991551428
2024-07-29,arx_lag1_7_route_energy,hormuz_tanker_capacity,fold_20,3620688.0,2789145.635413656,831542.364586344
2024-07-30,arx_lag1_7_route_energy,hormuz_tanker_capacity,fold_20,2927615.0,2745849.1063475464,181765.89365245355
2024-07-31,arx_lag1_7_route_energy,hormuz_tanker_capacity,fold_20,3125784.0,2776418.6153080803,349365.38469191967
2024-08-01,arx_lag1_7_route_energy,hormuz_tanker_capacity,fold_20,2545278.0,2727457.727495391,-182179.72749539092
2024-08-02,arx_lag1_7_route_energy,hormuz_tanker_capacity,fold_20,2890402.0,2874598.6719540716,15803.328045928385
2024-08-03,arx_lag1_7_route_energy,hormuz_tanker_capacity,fold_20,2343051.0,2787690.9913272746,-444639.9913272746
2024-08-04,arx_lag1_7_route_energy,hormuz_tanker_capacity,fold_20,2695198.0,2823718.6552686947,-128520.65526869474
2024-08-05,arx_lag1_7_route_energy,hormuz_tanker_capacity,fold_20,2760264.0,2891503.5998256346,-131239.59982563462
2024-08-06,arx_lag1_7_route_energy,hormuz_tanker_capacity,fold_20,2171109.0,2734259.01916043,-563150.01916043
2024-08-07,arx_lag1_7_route_energy,hormuz_tanker_capacity,fold_20,1817751.0,2772096.2477683146,-954345.2477683146
2024-08-08,arx_lag1_7_route_energy,hormuz_tanker_capacity,fold_20,3186082.0,2736095.590422301,449986.4095776989
2024-08-09,arx_lag1_7_route_energy,hormuz_tanker_capacity,fold_20,3203153.0,2824940.982354852,378212.0176451481
2024-08-10,arx_lag1_7_route_energy,hormuz_tanker_capacity,fold_20,2719334.0,2953327.059215259,-233993.0592152588
2024-08-11,arx_lag1_7_route_energy,hormuz_tanker_capacity,fold_20,3685303.0,2899099.5114378743,786203.4885621257
2024-08-12,arx_lag1_7_route_energy,hormuz_tanker_capacity,fold_20,2680540.0,2857533.8272112333,-176993.82721123332
2024-08-13,arx_lag1_7_route_energy,hormuz_tanker_capacity,fold_20,2653762.0,2826825.8083487395,-173063.80834873952
2024-08-14,arx_lag1_7_route_energy,hormuz_tanker_capacity,fold_20,2712198.0,2786394.298548324,-74196.29854832403
2024-08-15,arx_lag1_7_route_energy,hormuz_tanker_capacity,fold_20,1751917.0,2803029.513994796,-1051112.5139947962
2024-08-16,arx_lag1_7_route_energy,hormuz_tanker_capacity,fold_20,1751954.0,2947379.594171703,-1195425.5941717029
2024-08-17,arx_lag1_7_route_energy,hormuz_tanker_capacity,fold_20,3342427.0,2985922.426390115,356504.5736098848
2024-08-18,arx_lag1_7_route_energy,hormuz_tanker_capacity,fold_20,2103196.0,2935684.095373536,-832488.095373536
2024-08-19,arx_lag1_7_route_energy,hormuz_tanker_capacity,fold_20,1509927.0,2816630.4545242875,-1306703.4545242875
2024-08-20,arx_lag1_7_route_energy,hormuz_tanker_capacity,fold_20,2582693.0,2806371.461272555,-223678.46127255494
2024-08-21,arx_lag1_7_route_energy,hormuz_tanker_capacity,fold_20,2428978.0,2596920.7433598414,-167942.7433598414
2024-08-22,arx_lag1_7_route_energy,hormuz_tanker_capacity,fold_20,1615910.0,2803311.8034570403,-1187401.8034570403
2024-08-23,arx_lag1_7_route_energy,hormuz_tanker_capacity,fold_21,2721198.0,2515712.4765940257,205485.52340597427
2024-08-24,arx_lag1_7_route_energy,hormuz_tanker_capacity,fold_21,2681160.0,2877697.281498194,-196537.2814981942
2024-08-25,arx_lag1_7_route_energy,hormuz_tanker_capacity,fold_21,3463562.0,2881219.4819434886,582342.5180565114
2024-08-26,arx_lag1_7_route_energy,hormuz_tanker_capacity,fold_21,3500190.0,2823316.1468837955,676873.8531162045
2024-08-27,arx_lag1_7_route_energy,hormuz_tanker_capacity,fold_21,2135125.0,2836900.188409003,-701775.188409003
2024-08-28,arx_lag1_7_route_energy,hormuz_tanker_capacity,fold_21,2665125.0,2757125.680748938,-92000.68074893812
2024-08-29,arx_lag1_7_route_energy,hormuz_tanker_capacity,fold_21,2090686.0,2772670.1189482254,-681984.1189482254
2024-08-30,arx_lag1_7_route_energy,hormuz_tanker_capacity,fold_21,1970641.0,2809924.8787971963,-839283.8787971963
2024-08-31,arx_lag1_7_route_energy,hormuz_tanker_capacity,fold_21,2546253.0,2832020.6565618212,-285767.65656182123
2024-09-01,arx_lag1_7_route_energy,hormuz_tanker_capacity,fold_21,2111323.0,2972406.8669032515,-861083.8669032515
2024-09-02,arx_lag1_7_route_energy,hormuz_tanker_capacity,fold_21,3114861.0,2875205.2474092757,239655.75259072427
2024-09-03,arx_lag1_7_route_energy,hormuz_tanker_capacity,fold_21,3707625.0,2693298.0531906625,1014326.9468093375
2024-09-04,arx_lag1_7_route_energy,hormuz_tanker_capacity,fold_21,3316344.0,2694137.206084692,622206.7939153081
2024-09-05,arx_lag1_7_route_energy,hormuz_tanker_capacity,fold_21,3492996.0,2742041.9511159873,750954.0488840127
2024-09-06,arx_lag1_7_route_energy,hormuz_tanker_capacity,fold_21,3945465.0,2837538.133421432,1107926.8665785678
2024-09-07,arx_lag1_7_route_energy,hormuz_tanker_capacity,fold_21,1299582.0,2834542.4286564286,-1534960.4286564286
2024-09-08,arx_lag1_7_route_energy,hormuz_tanker_capacity,fold_21,1246355.0,2827448.4116071328,-1581093.4116071328
2024-09-09,arx_lag1_7_route_energy,hormuz_tanker_capacity,fold_21,3175676.0,2831552.774408523,344123.225591477
2024-09-10,arx_lag1_7_route_energy,hormuz_tanker_capacity,fold_21,3673345.0,2766698.3068985976,906646.6931014024
2024-09-11,arx_lag1_7_route_energy,hormuz_tanker_capacity,fold_21,3994481.0,2688395.4671027414,1306085.5328972586
2024-09-12,arx_lag1_7_route_energy,hormuz_tanker_capacity,fold_21,2543213.0,2725130.272023378,-181917.27202337794
2024-09-13,arx_lag1_7_route_energy,hormuz_tanker_capacity,fold_21,1530300.0,2807938.1288813585,-1277638.1288813585
2024-09-14,arx_lag1_7_route_energy,hormuz_tanker_capacity,fold_21,2467647.0,2719909.825196678,-252262.82519667782
2024-09-15,arx_lag1_7_route_energy,hormuz_tanker_capacity,fold_21,1460630.0,2853576.0114457384,-1392946.0114457384
2024-09-16,arx_lag1_7_route_energy,hormuz_tanker_capacity,fold_21,3088664.0,2795619.5274347826,293044.4725652174
2024-09-17,arx_lag1_7_route_energy,hormuz_tanker_capacity,fold_21,1780654.0,2724749.6720699924,-944095.6720699924
2024-09-18,arx_lag1_7_route_energy,hormuz_tanker_capacity,fold_21,4062403.0,2583851.847890767,1478551.1521092332
2024-09-19,arx_lag1_7_route_energy,hormuz_tanker_capacity,fold_21,3637770.0,2643052.633166814,994717.3668331858
2024-09-20,arx_lag1_7_route_energy,hormuz_tanker_capacity,fold_21,1920381.0,2763590.168832449,-843209.1688324488
2024-09-21,arx_lag1_7_route_energy,hormuz_tanker_capacity,fold_21,2364983.0,2875050.9764778404,-510067.97647784045
2024-09-22,arx_lag1_7_route_energy,hormuz_tanker_capacity,fold_22,2194264.0,2703180.7732956265,-508916.7732956265
2024-09-23,arx_lag1_7_route_energy,hormuz_tanker_capacity,fold_22,3479178.0,2748317.0217607603,730860.9782392397
2024-09-24,arx_lag1_7_route_energy,hormuz_tanker_capacity,fold_22,2041537.0,2744838.771905665,-703301.7719056648
2024-09-25,arx_lag1_7_route_energy,hormuz_tanker_capacity,fold_22,2762883.0,2747838.0583891654,15044.941610834561
2024-09-26,arx_lag1_7_route_energy,hormuz_tanker_capacity,fold_22,1713994.0,2747156.3969132556,-1033162.3969132556
2024-09-27,arx_lag1_7_route_energy,hormuz_tanker_capacity,fold_22,1920975.0,2661165.7569883266,-740190.7569883266
2024-09-28,arx_lag1_7_route_energy,hormuz_tanker_capacity,fold_22,1340119.0,2775643.9888215456,-1435524.9888215456
2024-09-29,arx_lag1_7_route_energy,hormuz_tanker_capacity,fold_22,3267740.0,2789989.8030941417,477750.19690585835
2024-09-30,arx_lag1_7_route_energy,hormuz_tanker_capacity,fold_22,2122718.0,2842483.60066725,-719765.6006672499
2024-10-01,arx_lag1_7_route_energy,hormuz_tanker_capacity,fold_22,1845809.0,2780656.289831659,-934847.2898316588
2024-10-02,arx_lag1_7_route_energy,hormuz_tanker_capacity,fold_22,2759995.0,2694568.9088170156,65426.09118298441
2024-10-03,arx_lag1_7_route_energy,hormuz_tanker_capacity,fold_22,2217982.0,2802254.6112928237,-584272.6112928237
2024-10-04,arx_lag1_7_route_energy,hormuz_tanker_capacity,fold_22,3261463.0,2866157.686069323,395305.3139306768
2024-10-05,arx_lag1_7_route_energy,hormuz_tanker_capacity,fold_22,3158267.0,2787938.5856492445,370328.4143507555
2024-10-06,arx_lag1_7_route_energy,hormuz_tanker_capacity,fold_22,1909132.0,2801607.6744376244,-892475.6744376244
2024-10-07,arx_lag1_7_route_energy,hormuz_tanker_capacity,fold_22,3147431.0,2814539.0441625966,332891.9558374034
2024-10-08,arx_lag1_7_route_energy,hormuz_tanker_capacity,fold_22,3057779.0,2695211.855723422,362567.144276578
2024-10-09,arx_lag1_7_route_energy,hormuz_tanker_capacity,fold_22,1681085.0,2661654.1588566094,-980569.1588566094
2024-10-10,arx_lag1_7_route_energy,hormuz_tanker_capacity,fold_22,2160936.0,2847058.3149469104,-686122.3149469104
2024-10-11,arx_lag1_7_route_energy,hormuz_tanker_capacity,fold_22,2063791.0,2864819.1755285636,-801028.1755285636
2024-10-12,arx_lag1_7_route_energy,hormuz_tanker_capacity,fold_22,2922762.0,2803914.5424256143,118847.45757438568
2024-10-13,arx_lag1_7_route_energy,hormuz_tanker_capacity,fold_22,1485666.0,2797365.558120514,-1311699.5581205138
2024-10-14,arx_lag1_7_route_energy,hormuz_tanker_capacity,fold_22,2856860.0,2851188.309917092,5671.690082908142
2024-10-15,arx_lag1_7_route_energy,hormuz_tanker_capacity,fold_22,1473306.0,2754080.259289286,-1280774.259289286
2024-10-16,arx_lag1_7_route_energy,hormuz_tanker_capacity,fold_22,1717560.0,2665046.1201128205,-947486.1201128205
2024-10-17,arx_lag1_7_route_energy,hormuz_tanker_capacity,fold_22,2068660.0,2764930.402449258,-696270.4024492581
2024-10-18,arx_lag1_7_route_energy,hormuz_tanker_capacity,fold_22,3408583.0,2725485.373669721,683097.6263302788
2024-10-19,arx_lag1_7_route_energy,hormuz_tanker_capacity,fold_22,2629338.0,2717669.021583372,-88331.0215833718
2024-10-20,arx_lag1_7_route_energy,hormuz_tanker_capacity,fold_22,2545334.0,2821215.4909434165,-275881.4909434165
2024-10-21,arx_lag1_7_route_energy,hormuz_tanker_capacity,fold_22,1674631.0,2834771.507070214,-1160140.507070214
2024-10-22,arx_lag1_7_route_energy,hormuz_tanker_capacity,fold_23,1954469.0,2430583.8296825415,-476114.82968254155
2024-10-23,arx_lag1_7_route_energy,hormuz_tanker_capacity,fold_23,2634847.0,2583795.6303667496,51051.369633250404
2024-10-24,arx_lag1_7_route_energy,hormuz_tanker_capacity,fold_23,2031136.0,2645112.4129602024,-613976.4129602024
2024-10-25,arx_lag1_7_route_energy,hormuz_tanker_capacity,fold_23,3916053.0,2764381.553310255,1151671.446689745
2024-10-26,arx_lag1_7_route_energy,hormuz_tanker_capacity,fold_23,2446881.0,2748891.129417837,-302010.12941783713
2024-10-27,arx_lag1_7_route_energy,hormuz_tanker_capacity,fold_23,2250346.0,2769456.8255165517,-519110.82551655173
2024-10-28,arx_lag1_7_route_energy,hormuz_tanker_capacity,fold_23,1628999.0,2627951.310983428,-998952.3109834278
2024-10-29,arx_lag1_7_route_energy,hormuz_tanker_capacity,fold_23,1261246.0,2614476.147628297,-1353230.147628297
2024-10-30,arx_lag1_7_route_energy,hormuz_tanker_capacity,fold_23,742883.0,2621249.2299534697,-1878366.2299534697
2024-10-31,arx_lag1_7_route_energy,hormuz_tanker_capacity,fold_23,959228.0,2666906.9088061457,-1707678.9088061457
2024-11-01,arx_lag1_7_route_energy,hormuz_tanker_capacity,fold_23,1985441.0,2697062.712222617,-711621.7122226171
2024-11-02,arx_lag1_7_route_energy,hormuz_tanker_capacity,fold_23,2207188.0,2730367.3517594286,-523179.3517594286
2024-11-03,arx_lag1_7_route_energy,hormuz_tanker_capacity,fold_23,2657512.0,2815323.5796497706,-157811.57964977063
2024-11-04,arx_lag1_7_route_energy,hormuz_tanker_capacity,fold_23,2660950.0,2737941.0091133397,-76991.0091133397
2024-11-05,arx_lag1_7_route_energy,hormuz_tanker_capacity,fold_23,1909709.0,2803426.937783438,-893717.9377834378
2024-11-06,arx_lag1_7_route_energy,hormuz_tanker_capacity,fold_23,3852482.0,2756845.5226443284,1095636.4773556716
2024-11-07,arx_lag1_7_route_energy,hormuz_tanker_capacity,fold_23,2988558.0,2795253.0935634626,193304.9064365374
2024-11-08,arx_lag1_7_route_energy,hormuz_tanker_capacity,fold_23,1598119.0,2810608.920601585,-1212489.920601585
2024-11-09,arx_lag1_7_route_energy,hormuz_tanker_capacity,fold_23,1921029.0,2791784.34345412,-870755.3434541202
2024-11-10,arx_lag1_7_route_energy,hormuz_tanker_capacity,fold_23,2329919.0,2828671.315740016,-498752.3157400158
2024-11-11,arx_lag1_7_route_energy,hormuz_tanker_capacity,fold_23,3484800.0,2719698.352585261,765101.6474147388
2024-11-12,arx_lag1_7_route_energy,hormuz_tanker_capacity,fold_23,3333357.0,2703777.916421551,629579.0835784492
2024-11-13,arx_lag1_7_route_energy,hormuz_tanker_capacity,fold_23,1420187.0,2709122.529859372,-1288935.529859372
2024-11-14,arx_lag1_7_route_energy,hormuz_tanker_capacity,fold_23,1907145.0,2676935.1283304626,-769790.1283304626
2024-11-15,arx_lag1_7_route_energy,hormuz_tanker_capacity,fold_23,1373889.0,2814066.0477501545,-1440177.0477501545
2024-11-16,arx_lag1_7_route_energy,hormuz_tanker_capacity,fold_23,1551174.0,2772936.8522791043,-1221762.8522791043
2024-11-17,arx_lag1_7_route_energy,hormuz_tanker_capacity,fold_23,1581361.0,2766461.8505007443,-1185100.8505007443
2024-11-18,arx_lag1_7_route_energy,hormuz_tanker_capacity,fold_23,3143712.0,2741310.459362295,402401.540637705
2024-11-19,arx_lag1_7_route_energy,hormuz_tanker_capacity,fold_23,1814003.0,2719366.146016068,-905363.1460160678
2024-11-20,arx_lag1_7_route_energy,hormuz_tanker_capacity,fold_23,1697998.0,2614233.3189386874,-916235.3189386874
2024-11-21,arx_lag1_7_route_energy,hormuz_tanker_capacity,fold_24,2600904.0,2407534.880737406,193369.1192625938
2024-11-22,arx_lag1_7_route_energy,hormuz_tanker_capacity,fold_24,1837346.0,2580621.598332935,-743275.598332935
2024-11-23,arx_lag1_7_route_energy,hormuz_tanker_capacity,fold_24,1702351.0,2632187.5343508185,-929836.5343508185
2024-11-24,arx_lag1_7_route_energy,hormuz_tanker_capacity,fold_24,834506.0,2664669.723674507,-1830163.7236745069
2024-11-25,arx_lag1_7_route_energy,hormuz_tanker_capacity,fold_24,2638101.0,2712071.0490019745,-73970.04900197452
2024-11-26,arx_lag1_7_route_energy,hormuz_tanker_capacity,fold_24,2181097.0,2652945.8764087306,-471848.87640873063
2024-11-27,arx_lag1_7_route_energy,hormuz_tanker_capacity,fold_24,1647715.0,2512217.7921421635,-864502.7921421635
2024-11-28,arx_lag1_7_route_energy,hormuz_tanker_capacity,fold_24,880462.0,2633066.0342210014,-1752604.0342210014
2024-11-29,arx_lag1_7_route_energy,hormuz_tanker_capacity,fold_24,1651464.0,2669987.9231334096,-1018523.9231334096
2024-11-30,arx_lag1_7_route_energy,hormuz_tanker_capacity,fold_24,1591526.0,2777677.991065258,-1186151.9910652582
2024-12-01,arx_lag1_7_route_energy,hormuz_tanker_capacity,fold_24,287064.0,2792511.255723853,-2505447.255723853
2024-12-02,arx_lag1_7_route_energy,hormuz_tanker_capacity,fold_24,1816869.0,2745961.3111653887,-929092.3111653887
2024-12-03,arx_lag1_7_route_energy,hormuz_tanker_capacity,fold_24,491464.0,2753831.39611865,-2262367.39611865
2024-12-04,arx_lag1_7_route_energy,hormuz_tanker_capacity,fold_24,1375778.0,2626816.3582327706,-1251038.3582327706
2024-12-05,arx_lag1_7_route_energy,hormuz_tanker_capacity,fold_24,1358820.0,2649253.3847236936,-1290433.3847236936
2024-12-06,arx_lag1_7_route_energy,hormuz_tanker_capacity,fold_24,1004632.0,2694751.8631323865,-1690119.8631323865
2024-12-07,arx_lag1_7_route_energy,hormuz_tanker_capacity,fold_24,1641862.0,2751758.840129454,-1109896.8401294542
2024-12-08,arx_lag1_7_route_energy,hormuz_tanker_capacity,fold_24,830705.0,2834562.7968282704,-2003857.7968282704
2024-12-09,arx_lag1_7_route_energy,hormuz_tanker_capacity,fold_24,1648631.0,2690635.9162963084,-1042004.9162963084
2024-12-10,arx_lag1_7_route_energy,hormuz_tanker_capacity,fold_24,1611980.0,2613174.692452826,-1001194.6924528261
2024-12-11,arx_lag1_7_route_energy,hormuz_tanker_capacity,fold_24,1665606.0,2655602.112044989,-989996.1120449891
2024-12-12,arx_lag1_7_route_energy,hormuz_tanker_capacity,fold_24,2195337.0,2604426.986797599,-409089.9867975991
2024-12-13,arx_lag1_7_route_energy,hormuz_tanker_capacity,fold_24,1835831.0,2742761.514627449,-906930.5146274492
2024-12-14,arx_lag1_7_route_energy,hormuz_tanker_capacity,fold_24,1627282.0,2758838.847076772,-1131556.8470767718
2024-12-15,arx_lag1_7_route_energy,hormuz_tanker_capacity,fold_24,2463148.0,2798733.961294715,-335585.9612947148
2024-12-16,arx_lag1_7_route_energy,hormuz_tanker_capacity,fold_24,2041656.0,2712517.095809829,-670861.095809829
2024-12-17,arx_lag1_7_route_energy,hormuz_tanker_capacity,fold_24,1192108.0,2676319.633397634,-1484211.6333976341
2024-12-18,arx_lag1_7_route_energy,hormuz_tanker_capacity,fold_24,1482889.0,2635130.3750616573,-1152241.3750616573
2024-12-19,arx_lag1_7_route_energy,hormuz_tanker_capacity,fold_24,1209144.0,2637658.5819722456,-1428514.5819722456
2024-12-20,arx_lag1_7_route_energy,hormuz_tanker_capacity,fold_24,1638616.0,2787398.2865400068,-1148782.2865400068
2024-12-21,arx_lag1_7_route_energy,hormuz_tanker_capacity,fold_25,1979180.0,2336076.3175983825,-356896.3175983825
2024-12-22,arx_lag1_7_route_energy,hormuz_tanker_capacity,fold_25,2376161.0,2590082.2707569217,-213921.27075692173
2024-12-23,arx_lag1_7_route_energy,hormuz_tanker_capacity,fold_25,1282898.0,2536909.3861236693,-1254011.3861236693
2024-12-24,arx_lag1_7_route_energy,hormuz_tanker_capacity,fold_25,936846.0,2443792.1957187797,-1506946.1957187797
2024-12-25,arx_lag1_7_route_energy,hormuz_tanker_capacity,fold_25,1350125.0,2403387.3974513444,-1053262.3974513444
2024-12-26,arx_lag1_7_route_energy,hormuz_tanker_capacity,fold_25,1276105.0,2400174.085634872,-1124069.0856348719
2024-12-27,arx_lag1_7_route_energy,hormuz_tanker_capacity,fold_25,1933372.0,2465207.3925568066,-531835.3925568066
2024-12-28,arx_lag1_7_route_energy,hormuz_tanker_capacity,fold_25,2277920.0,2568814.9900589744,-290894.99005897436
2024-12-29,arx_lag1_7_route_energy,hormuz_tanker_capacity,fold_25,2076179.0,2637162.1295910086,-560983.1295910086
2024-12-30,arx_lag1_7_route_energy,hormuz_tanker_capacity,fold_25,849004.0,2640333.087532723,-1791329.0875327229
2024-12-31,arx_lag1_7_route_energy,hormuz_tanker_capacity,fold_25,1678052.0,2590972.4135339707,-912920.4135339707
2025-01-01,arx_lag1_7_route_energy,hormuz_tanker_capacity,fold_25,2351307.0,2515207.09651138,-163900.09651137982
2025-01-02,arx_lag1_7_route_energy,hormuz_tanker_capacity,fold_25,1469954.0,2575641.944389394,-1105687.944389394
2025-01-03,arx_lag1_7_route_energy,hormuz_tanker_capacity,fold_25,3038303.0,2632634.207936446,405668.7920635538
2025-01-04,arx_lag1_7_route_energy,hormuz_tanker_capacity,fold_25,1621874.0,2671973.8753277967,-1050099.8753277967
2025-01-05,arx_lag1_7_route_energy,hormuz_tanker_capacity,fold_25,1752372.0,2712399.3768641218,-960027.3768641218
2025-01-06,arx_lag1_7_route_energy,hormuz_tanker_capacity,fold_25,620856.0,2701365.5075613093,-2080509.5075613093
2025-01-07,arx_lag1_7_route_energy,hormuz_tanker_capacity,fold_25,2096115.0,2659100.1136250086,-562985.1136250086
2025-01-08,arx_lag1_7_route_energy,hormuz_tanker_capacity,fold_25,1160485.0,2621426.4526922978,-1460941.4526922978
2025-01-09,arx_lag1_7_route_energy,hormuz_tanker_capacity,fold_25,1832266.0,2621555.363329244,-789289.3633292438
2025-01-10,arx_lag1_7_route_energy,hormuz_tanker_capacity,fold_25,2291835.0,2696508.3437902257,-404673.3437902257
2025-01-11,arx_lag1_7_route_energy,hormuz_tanker_capacity,fold_25,3317436.0,2751164.7258603056,566271.2741396944
2025-01-12,arx_lag1_7_route_energy,hormuz_tanker_capacity,fold_25,3124955.0,2785232.509528235,339722.49047176493
2025-01-13,arx_lag1_7_route_energy,hormuz_tanker_capacity,fold_25,2127133.0,2777747.4015893685,-650614.4015893685
2025-01-14,arx_lag1_7_route_energy,hormuz_tanker_capacity,fold_25,1728676.0,2741597.4122093515,-1012921.4122093515
2025-01-15,arx_lag1_7_route_energy,hormuz_tanker_capacity,fold_25,1981160.0,2693516.640810183,-712356.6408101828
2025-01-16,arx_lag1_7_route_energy,hormuz_tanker_capacity,fold_25,2355638.0,2670485.003868498,-314847.0038684979
2025-01-17,arx_lag1_7_route_energy,hormuz_tanker_capacity,fold_25,2814758.0,2728796.64506949,85961.35493050981
2025-01-18,arx_lag1_7_route_energy,hormuz_tanker_capacity,fold_25,2643122.0,2768603.1680414504,-125481.16804145044
2025-01-19,arx_lag1_7_route_energy,hormuz_tanker_capacity,fold_25,1258774.0,2838058.674891454,-1579284.6748914542
2025-01-20,arx_lag1_7_route_energy,hormuz_tanker_capacity,fold_26,1805317.0,2248860.1112316106,-443543.11123161064
2025-01-21,arx_lag1_7_route_energy,hormuz_tanker_capacity,fold_26,1656884.0,2422424.780456725,-765540.780456725
2025-01-22,arx_lag1_7_route_energy,hormuz_tanker_capacity,fold_26,2269515.0,2503183.5649403506,-233668.5649403506
2025-01-23,arx_lag1_7_route_energy,hormuz_tanker_capacity,fold_26,2079759.0,2553858.326817523,-474099.3268175232
2025-01-24,arx_lag1_7_route_energy,hormuz_tanker_capacity,fold_26,2169879.0,2642843.8512873207,-472964.8512873207
2025-01-25,arx_lag1_7_route_energy,hormuz_tanker_capacity,fold_26,2187162.0,2705878.191166805,-518716.1911668051
2025-01-26,arx_lag1_7_route_energy,hormuz_tanker_capacity,fold_26,3170629.0,2543848.1519592237,626780.8480407763
2025-01-27,arx_lag1_7_route_energy,hormuz_tanker_capacity,fold_26,1103355.0,2576961.636989415,-1473606.6369894152
2025-01-28,arx_lag1_7_route_energy,hormuz_tanker_capacity,fold_26,1978312.0,2557697.715481402,-579385.7154814019
2025-01-29,arx_lag1_7_route_energy,hormuz_tanker_capacity,fold_26,1834211.0,2539890.773073342,-705679.7730733422
2025-01-30,arx_lag1_7_route_energy,hormuz_tanker_capacity,fold_26,2705647.0,2561351.8208086346,144295.17919136537
2025-01-31,arx_lag1_7_route_energy,hormuz_tanker_capacity,fold_26,1630114.0,2627928.6159703913,-997814.6159703913
2025-02-01,arx_lag1_7_route_energy,hormuz_tanker_capacity,fold_26,1674602.0,2667284.7018992896,-992682.7018992896
2025-02-02,arx_lag1_7_route_energy,hormuz_tanker_capacity,fold_26,1378171.0,2688824.602705754,-1310653.6027057539
2025-02-03,arx_lag1_7_route_energy,hormuz_tanker_capacity,fold_26,2493210.0,2629057.7666610302,-135847.76666103024
2025-02-04,arx_lag1_7_route_energy,hormuz_tanker_capacity,fold_26,1865766.0,2581186.100151437,-715420.1001514369
2025-02-05,arx_lag1_7_route_energy,hormuz_tanker_capacity,fold_26,1753702.0,2526416.742757878,-772714.7427578778
2025-02-06,arx_lag1_7_route_energy,hormuz_tanker_capacity,fold_26,2256102.0,2521829.9504291965,-265727.95042919647
2025-02-07,arx_lag1_7_route_energy,hormuz_tanker_capacity,fold_26,1383643.0,2617896.5518498607,-1234253.5518498607
2025-02-08,arx_lag1_7_route_energy,hormuz_tanker_capacity,fold_26,1405240.0,2658926.4262770293,-1253686.4262770293
2025-02-09,arx_lag1_7_route_energy,hormuz_tanker_capacity,fold_26,1717641.0,2639558.855329409,-921917.8553294088
2025-02-10,arx_lag1_7_route_energy,hormuz_tanker_capacity,fold_26,3078664.0,2620692.570072068,457971.4299279321
2025-02-11,arx_lag1_7_route_energy,hormuz_tanker_capacity,fold_26,2248740.0,2618781.454667996,-370041.45466799615
2025-02-12,arx_lag1_7_route_energy,hormuz_tanker_capacity,fold_26,3636376.0,2513254.1959897093,1123121.8040102907
2025-02-13,arx_lag1_7_route_energy,hormuz_tanker_capacity,fold_26,3877773.0,2518741.713140661,1359031.286859339
2025-02-14,arx_lag1_7_route_energy,hormuz_tanker_capacity,fold_26,2741438.0,2560199.5378378187,181238.46216218127
2025-02-15,arx_lag1_7_route_energy,hormuz_tanker_capacity,fold_26,2157988.0,2620226.1462680027,-462238.1462680027
2025-02-16,arx_lag1_7_route_energy,hormuz_tanker_capacity,fold_26,2428946.0,2644111.342977279,-215165.34297727887
2025-02-17,arx_lag1_7_route_energy,hormuz_tanker_capacity,fold_26,2310561.0,2627809.0075484016,-317248.0075484016
2025-02-18,arx_lag1_7_route_energy,hormuz_tanker_capacity,fold_26,2464650.0,2545237.4310970525,-80587.43109705253
2025-02-19,arx_lag1_7_route_energy,hormuz_tanker_capacity,fold_27,2725974.0,2603200.441217688,122773.55878231209
2025-02-20,arx_lag1_7_route_energy,hormuz_tanker_capacity,fold_27,2611064.0,2715556.952140736,-104492.95214073593
2025-02-21,arx_lag1_7_route_energy,hormuz_tanker_capacity,fold_27,2158389.0,2622127.5313791265,-463738.5313791265
2025-02-22,arx_lag1_7_route_energy,hormuz_tanker_capacity,fold_27,3287427.0,2552573.0049077896,734853.9950922104
2025-02-23,arx_lag1_7_route_energy,hormuz_tanker_capacity,fold_27,891467.0,2563647.4364927444,-1672180.4364927444
2025-02-24,arx_lag1_7_route_energy,hormuz_tanker_capacity,fold_27,1778785.0,2539711.2514261715,-760926.2514261715
2025-02-25,arx_lag1_7_route_energy,hormuz_tanker_capacity,fold_27,1721897.0,2494410.159450109,-772513.1594501091
2025-02-26,arx_lag1_7_route_energy,hormuz_tanker_capacity,fold_27,1199614.0,2478890.495067937,-1279276.4950679368
2025-02-27,arx_lag1_7_route_energy,hormuz_tanker_capacity,fold_27,940050.0,2525944.633511311,-1585894.633511311
2025-02-28,arx_lag1_7_route_energy,hormuz_tanker_capacity,fold_27,1405031.0,2569834.50553625,-1164803.5055362498
2025-03-01,arx_lag1_7_route_energy,hormuz_tanker_capacity,fold_27,1932263.0,2601634.642430036,-669371.6424300359
2025-03-02,arx_lag1_7_route_energy,hormuz_tanker_capacity,fold_27,2383995.0,2589218.3599154307,-205223.35991543066
2025-03-03,arx_lag1_7_route_energy,hormuz_tanker_capacity,fold_27,3551132.0,2556275.0466922373,994856.9533077627
2025-03-04,arx_lag1_7_route_energy,hormuz_tanker_capacity,fold_27,2385768.0,2469530.0438604886,-83762.04386048857
2025-03-05,arx_lag1_7_route_energy,hormuz_tanker_capacity,fold_27,2426495.0,2413694.9003113615,12800.099688638467
2025-03-06,arx_lag1_7_route_energy,hormuz_tanker_capacity,fold_27,4403693.0,2429680.71431121,1974012.28568879
2025-03-07,arx_lag1_7_route_energy,hormuz_tanker_capacity,fold_27,2012782.0,2509858.582492695,-497076.5824926952
2025-03-08,arx_lag1_7_route_energy,hormuz_tanker_capacity,fold_27,2095831.0,2539226.087418672,-443395.08741867216
2025-03-09,arx_lag1_7_route_energy,hormuz_tanker_capacity,fold_27,2080133.0,2548676.5698168385,-468543.5698168385
2025-03-10,arx_lag1_7_route_energy,hormuz_tanker_capacity,fold_27,3465041.0,2490714.5268999757,974326.4731000243
2025-03-11,arx_lag1_7_route_energy,hormuz_tanker_capacity,fold_27,2542311.0,2427355.114587968,114955.88541203178
2025-03-12,arx_lag1_7_route_energy,hormuz_tanker_capacity,fold_27,2745555.0,2428231.172968966,317323.82703103404
2025-03-13,arx_lag1_7_route_energy,hormuz_tanker_capacity,fold_27,2076567.0,2412209.7553598555,-335642.7553598555
2025-03-14,arx_lag1_7_route_energy,hormuz_tanker_capacity,fold_27,1663097.0,2464255.502528532,-801158.502528532
2025-03-15,arx_lag1_7_route_energy,hormuz_tanker_capacity,fold_27,2385028.0,2505610.5623882166,-120582.56238821661
2025-03-16,arx_lag1_7_route_energy,hormuz_tanker_capacity,fold_27,3348158.0,2529797.1182853677,818360.8817146323
2025-03-17,arx_lag1_7_route_energy,hormuz_tanker_capacity,fold_27,2368542.0,2502996.760568152,-134454.76056815218
2025-03-18,arx_lag1_7_route_energy,hormuz_tanker_capacity,fold_27,3311561.0,2452397.3913272554,859163.6086727446
2025-03-19,arx_lag1_7_route_energy,hormuz_tanker_capacity,fold_27,2007546.0,2395443.248678678,-387897.2486786782
2025-03-20,arx_lag1_7_route_energy,hormuz_tanker_capacity,fold_27,3178055.0,2470341.281027656,707713.718972344
2025-03-21,arx_lag1_7_route_energy,hormuz_tanker_capacity,fold_28,2482614.0,2515071.99630129,-32457.996301290113
2025-03-22,arx_lag1_7_route_energy,hormuz_tanker_capacity,fold_28,3006368.0,2527469.154078784,478898.84592121607
2025-03-23,arx_lag1_7_route_energy,hormuz_tanker_capacity,fold_28,2014740.0,2651299.7215663986,-636559.7215663986
2025-03-24,arx_lag1_7_route_energy,hormuz_tanker_capacity,fold_28,1984315.0,2529504.2651380333,-545189.2651380333
2025-03-25,arx_lag1_7_route_energy,hormuz_tanker_capacity,fold_28,897553.0,2570273.993358438,-1672720.993358438
2025-03-26,arx_lag1_7_route_energy,hormuz_tanker_capacity,fold_28,952272.0,2448975.171527457,-1496703.171527457
2025-03-27,arx_lag1_7_route_energy,hormuz_tanker_capacity,fold_28,2694788.0,2566710.0113848406,128077.98861515941
2025-03-28,arx_lag1_7_route_energy,hormuz_tanker_capacity,fold_28,3042317.0,2542818.852502042,499498.14749795804
2025-03-29,arx_lag1_7_route_energy,hormuz_tanker_capacity,fold_28,4029481.0,2567000.6690596174,1462480.3309403826
2025-03-30,arx_lag1_7_route_energy,hormuz_tanker_capacity,fold_28,2978000.0,2628393.457391583,349606.5426084171
2025-03-31,arx_lag1_7_route_energy,hormuz_tanker_capacity,fold_28,3027645.0,2590381.719802269,437263.2801977312
2025-04-01,arx_lag1_7_route_energy,hormuz_tanker_capacity,fold_28,3116039.0,2583353.5671534585,532685.4328465415
2025-04-02,arx_lag1_7_route_energy,hormuz_tanker_capacity,fold_28,1690664.0,2534912.603644831,-844248.6036448311
2025-04-03,arx_lag1_7_route_energy,hormuz_tanker_capacity,fold_28,2659881.0,2467429.640090382,192451.3599096178
2025-04-04,arx_lag1_7_route_energy,hormuz_tanker_capacity,fold_28,4503955.0,2436757.6001578877,2067197.3998421123
2025-04-05,arx_lag1_7_route_energy,hormuz_tanker_capacity,fold_28,2468248.0,2437494.4694009116,30753.530599088408
2025-04-06,arx_lag1_7_route_energy,hormuz_tanker_capacity,fold_28,2716688.0,2460429.5127835055,256258.4872164945
2025-04-07,arx_lag1_7_route_energy,hormuz_tanker_capacity,fold_28,2780154.0,2403043.3746296484,377110.6253703516
2025-04-08,arx_lag1_7_route_energy,hormuz_tanker_capacity,fold_28,3525756.0,2327215.6916519646,1198540.3083480354
2025-04-09,arx_lag1_7_route_energy,hormuz_tanker_capacity,fold_28,2684985.0,2331670.7712507406,353314.2287492594
2025-04-10,arx_lag1_7_route_energy,hormuz_tanker_capacity,fold_28,3633402.0,2315915.560384407,1317486.4396155928
2025-04-11,arx_lag1_7_route_energy,hormuz_tanker_capacity,fold_28,3561353.0,2372002.5105441706,1189350.4894558294
2025-04-12,arx_lag1_7_route_energy,hormuz_tanker_capacity,fold_28,3862368.0,2401668.779927458,1460699.2200725419
2025-04-13,arx_lag1_7_route_energy,hormuz_tanker_capacity,fold_28,3880730.0,2447198.944525747,1433531.055474253
2025-04-14,arx_lag1_7_route_energy,hormuz_tanker_capacity,fold_28,3216563.0,2423599.543732289,792963.4562677108
2025-04-15,arx_lag1_7_route_energy,hormuz_tanker_capacity,fold_28,1219726.0,2337172.5569698955,-1117446.5569698955
2025-04-16,arx_lag1_7_route_energy,hormuz_tanker_capacity,fold_28,3439877.0,2322920.1241027378,1116956.8758972622
2025-04-17,arx_lag1_7_route_energy,hormuz_tanker_capacity,fold_28,1069913.0,2413849.6677540396,-1343936.6677540396
2025-04-18,arx_lag1_7_route_energy,hormuz_tanker_capacity,fold_28,903863.0,2428760.409683855,-1524897.4096838548
2025-04-19,arx_lag1_7_route_energy,hormuz_tanker_capacity,fold_28,1928138.0,2458914.6076683216,-530776.6076683216
2025-04-20,arx_lag1_7_route_energy,hormuz_tanker_capacity,fold_29,3186428.0,2541630.18634351,644797.8136564898
2025-04-21,arx_lag1_7_route_energy,hormuz_tanker_capacity,fold_29,3273360.0,2564001.6104733082,709358.3895266918
2025-04-22,arx_lag1_7_route_energy,hormuz_tanker_capacity,fold_29,3558785.0,2291895.435961264,1266889.5640387358
2025-04-23,arx_lag1_7_route_energy,hormuz_tanker_capacity,fold_29,2815428.0,2450938.119988562,364489.8800114379
2025-04-24,arx_lag1_7_route_energy,hormuz_tanker_capacity,fold_29,1844101.0,2222607.6364247794,-378506.6364247794
2025-04-25,arx_lag1_7_route_energy,hormuz_tanker_capacity,fold_29,2071577.0,2205181.124847651,-133604.124847651
2025-04-26,arx_lag1_7_route_energy,hormuz_tanker_capacity,fold_29,3963917.0,2342658.865278932,1621258.1347210682
2025-04-27,arx_lag1_7_route_energy,hormuz_tanker_capacity,fold_29,3229002.0,2437149.754401477,791852.245598523
2025-04-28,arx_lag1_7_route_energy,hormuz_tanker_capacity,fold_29,2053672.0,2429139.3707263377,-375467.37072633766
2025-04-29,arx_lag1_7_route_energy,hormuz_tanker_capacity,fold_29,1994277.0,2305042.78021074,-310765.78021073993
2025-04-30,arx_lag1_7_route_energy,hormuz_tanker_capacity,fold_29,2285155.0,2291198.2151999352,-6043.21519993525
2025-05-01,arx_lag1_7_route_energy,hormuz_tanker_capacity,fold_29,4317040.0,2293268.669120877,2023771.330879123
2025-05-02,arx_lag1_7_route_energy,hormuz_tanker_capacity,fold_29,2371651.0,2314806.062584195,56844.93741580518
2025-05-03,arx_lag1_7_route_energy,hormuz_tanker_capacity,fold_29,2438429.0,2341716.188575286,96712.81142471405
2025-05-04,arx_lag1_7_route_energy,hormuz_tanker_capacity,fold_29,3786372.0,2396085.137128685,1390286.8628713149
2025-05-05,arx_lag1_7_route_energy,hormuz_tanker_capacity,fold_29,3418375.0,2319409.0616992433,1098965.9383007567
2025-05-06,arx_lag1_7_route_energy,hormuz_tanker_capacity,fold_29,2810352.0,2275946.64759365,534405.35240635
2025-05-07,arx_lag1_7_route_energy,hormuz_tanker_capacity,fold_29,2284570.0,2215625.576211582,68944.42378841806
2025-05-08,arx_lag1_7_route_energy,hormuz_tanker_capacity,fold_29,626423.0,2240986.839719987,-1614563.839719987
2025-05-09,arx_lag1_7_route_energy,hormuz_tanker_capacity,fold_29,1787170.0,2336860.2368112546,-549690.2368112546
2025-05-10,arx_lag1_7_route_energy,hormuz_tanker_capacity,fold_29,1668370.0,2390167.0999666234,-721797.0999666234
2025-05-11,arx_lag1_7_route_energy,hormuz_tanker_capacity,fold_29,2738553.0,2390474.2332944437,348078.7667055563
2025-05-12,arx_lag1_7_route_energy,hormuz_tanker_capacity,fold_29,3829192.0,2356187.815216318,1473004.1847836822
2025-05-13,arx_lag1_7_route_energy,hormuz_tanker_capacity,fold_29,2539034.0,2349357.630864116,189676.3691358841
2025-05-14,arx_lag1_7_route_energy,hormuz_tanker_capacity,fold_29,3110562.0,2289179.2033343753,821382.7966656247
2025-05-15,arx_lag1_7_route_energy,hormuz_tanker_capacity,fold_29,2171805.0,2290352.3426821497,-118547.34268214973
2025-05-16,arx_lag1_7_route_energy,hormuz_tanker_capacity,fold_29,3527356.0,2353229.6925671296,1174126.3074328704
2025-05-17,arx_lag1_7_route_energy,hormuz_tanker_capacity,fold_29,2657617.0,2401720.1232094117,255896.87679058826
2025-05-18,arx_lag1_7_route_energy,hormuz_tanker_capacity,fold_29,3292912.0,2400883.839426725,892028.1605732748
2025-05-19,arx_lag1_7_route_energy,hormuz_tanker_capacity,fold_29,1953777.0,2392268.4117961726,-438491.4117961726
2025-05-20,arx_lag1_7_route_energy,hormuz_tanker_capacity,fold_30,3709997.0,2279984.2437703805,1430012.7562296195
2025-05-21,arx_lag1_7_route_energy,hormuz_tanker_capacity,fold_30,1510259.0,2424835.93810524,-914576.93810524
2025-05-22,arx_lag1_7_route_energy,hormuz_tanker_capacity,fold_30,1927775.0,2340813.245035381,-413038.24503538106
2025-05-23,arx_lag1_7_route_energy,hormuz_tanker_capacity,fold_30,2829349.0,2514180.9299885235,315168.0700114765
2025-05-24,arx_lag1_7_route_energy,hormuz_tanker_capacity,fold_30,2853695.0,2510504.184770626,343190.815229374
2025-05-25,arx_lag1_7_route_energy,hormuz_tanker_capacity,fold_30,2515692.0,2571345.1004028916,-55653.100402891636
2025-05-26,arx_lag1_7_route_energy,hormuz_tanker_capacity,fold_30,3225735.0,2424391.211476532,801343.7885234682
2025-05-27,arx_lag1_7_route_energy,hormuz_tanker_capacity,fold_30,2845632.0,2335189.426932489,510442.57306751097
2025-05-28,arx_lag1_7_route_energy,hormuz_tanker_capacity,fold_30,3455462.0,2290899.312311815,1164562.687688185
2025-05-29,arx_lag1_7_route_energy,hormuz_tanker_capacity,fold_30,4444130.0,2314173.0947987163,2129956.9052012837
2025-05-30,arx_lag1_7_route_energy,hormuz_tanker_capacity,fold_30,2585922.0,2369466.885785739,216455.11421426106
2025-05-31,arx_lag1_7_route_energy,hormuz_tanker_capacity,fold_30,3046521.0,2441966.7721637,604554.2278363002
2025-06-01,arx_lag1_7_route_energy,hormuz_tanker_capacity,fold_30,3318106.0,2482332.9034746983,835773.0965253017
2025-06-02,arx_lag1_7_route_energy,hormuz_tanker_capacity,fold_30,2749722.0,2477117.4142756592,272604.58572434075
2025-06-03,arx_lag1_7_route_energy,hormuz_tanker_capacity,fold_30,2739637.0,2438238.103064728,301398.89693527203
2025-06-04,arx_lag1_7_route_energy,hormuz_tanker_capacity,fold_30,4132863.0,2349732.9934976515,1783130.0065023485
2025-06-05,arx_lag1_7_route_energy,hormuz_tanker_capacity,fold_30,3037199.0,2380304.4409317067,656894.5590682933
2025-06-06,arx_lag1_7_route_energy,hormuz_tanker_capacity,fold_30,1900548.0,2430013.91292394,-529465.91292394
2025-06-07,arx_lag1_7_route_energy,hormuz_tanker_capacity,fold_30,3083227.0,2479709.7901404984,603517.2098595016
2025-06-08,arx_lag1_7_route_energy,hormuz_tanker_capacity,fold_30,3686265.0,2506606.8506909376,1179658.1493090624
2025-06-09,arx_lag1_7_route_energy,hormuz_tanker_capacity,fold_30,2402310.0,2464192.928462852,-61882.92846285179
2025-06-10,arx_lag1_7_route_energy,hormuz_tanker_capacity,fold_30,2578770.0,2406640.3594145295,172129.64058547048
2025-06-11,arx_lag1_7_route_energy,hormuz_tanker_capacity,fold_30,3124022.0,2429394.9610763714,694627.0389236286
2025-06-12,arx_lag1_7_route_energy,hormuz_tanker_capacity,fold_30,2973832.0,2437668.1413014447,536163.8586985553
2025-06-13,arx_lag1_7_route_energy,hormuz_tanker_capacity,fold_30,2197216.0,2600575.1346379467,-403359.1346379467
2025-06-14,arx_lag1_7_route_energy,hormuz_tanker_capacity,fold_30,2550939.0,2627456.0351637457,-76517.03516374575
2025-06-15,arx_lag1_7_route_energy,hormuz_tanker_capacity,fold_30,4007382.0,2664634.320017517,1342747.679982483
2025-06-16,arx_lag1_7_route_energy,hormuz_tanker_capacity,fold_30,1162917.0,2583846.8655249216,-1420929.8655249216
2025-06-17,arx_lag1_7_route_energy,hormuz_tanker_capacity,fold_30,2332753.0,2589916.1293366016,-257163.1293366016
2025-06-18,arx_lag1_7_route_energy,hormuz_tanker_capacity,fold_30,2219969.0,2543881.0566597907,-323912.0566597907
2025-06-19,arx_lag1_7_route_energy,hormuz_tanker_capacity,fold_31,3941677.0,2573485.8558141626,1368191.1441858374
2025-06-20,arx_lag1_7_route_energy,hormuz_tanker_capacity,fold_31,2460794.0,2619802.493515915,-159008.49351591477
2025-06-21,arx_lag1_7_route_energy,hormuz_tanker_capacity,fold_31,1656722.0,2687954.502479235,-1031232.5024792352
2025-06-22,arx_lag1_7_route_energy,hormuz_tanker_capacity,fold_31,2936162.0,2897463.291007553,38698.70899244677
2025-06-23,arx_lag1_7_route_energy,hormuz_tanker_capacity,fold_31,2222171.0,2500510.7129962114,-278339.71299621137
2025-06-24,arx_lag1_7_route_energy,hormuz_tanker_capacity,fold_31,1267133.0,2454566.086830021,-1187433.0868300209
2025-06-25,arx_lag1_7_route_energy,hormuz_tanker_capacity,fold_31,1473448.0,2358574.6813654993,-885126.6813654993
2025-06-26,arx_lag1_7_route_energy,hormuz_tanker_capacity,fold_31,2337881.0,2448269.706981326,-110388.70698132599
2025-06-27,arx_lag1_7_route_energy,hormuz_tanker_capacity,fold_31,1639505.0,2536569.1014239015,-897064.1014239015
2025-06-28,arx_lag1_7_route_energy,hormuz_tanker_capacity,fold_31,1980483.0,2584196.630921363,-603713.6309213629
2025-06-29,arx_lag1_7_route_energy,hormuz_tanker_capacity,fold_31,3465006.0,2609925.1945210723,855080.8054789277
2025-06-30,arx_lag1_7_route_energy,hormuz_tanker_capacity,fold_31,2592790.0,2533344.8105990654,59445.189400934614
2025-07-01,arx_lag1_7_route_energy,hormuz_tanker_capacity,fold_31,1775752.0,2456272.5219551735,-680520.5219551735
2025-07-02,arx_lag1_7_route_energy,hormuz_tanker_capacity,fold_31,1797959.0,2444572.5778908785,-646613.5778908785
2025-07-03,arx_lag1_7_route_energy,hormuz_tanker_capacity,fold_31,2021659.0,2436903.777184578,-415244.7771845781
2025-07-04,arx_lag1_7_route_energy,hormuz_tanker_capacity,fold_31,3346527.0,2557586.718979158,788940.281020842
2025-07-05,arx_lag1_7_route_energy,hormuz_tanker_capacity,fold_31,1789242.0,2613245.882490492,-824003.882490492
2025-07-06,arx_lag1_7_route_energy,hormuz_tanker_capacity,fold_31,1413450.0,2608490.979900768,-1195040.979900768
2025-07-07,arx_lag1_7_route_energy,hormuz_tanker_capacity,fold_31,2279290.0,2566641.0797776827,-287351.07977768267
2025-07-08,arx_lag1_7_route_energy,hormuz_tanker_capacity,fold_31,1478452.0,2557298.0493853325,-1078846.0493853325
2025-07-09,arx_lag1_7_route_energy,hormuz_tanker_capacity,fold_31,3801840.0,2505046.493572316,1296793.5064276839
2025-07-10,arx_lag1_7_route_energy,hormuz_tanker_capacity,fold_31,2937781.0,2490985.1499172766,446795.8500827234
2025-07-11,arx_lag1_7_route_energy,hormuz_tanker_capacity,fold_31,3621565.0,2592816.9169187117,1028748.0830812883
2025-07-12,arx_lag1_7_route_energy,hormuz_tanker_capacity,fold_31,4089853.0,2643257.900205467,1446595.099794533
2025-07-13,arx_lag1_7_route_energy,hormuz_tanker_capacity,fold_31,1805657.0,2638768.874375129,-833111.8743751291
2025-07-14,arx_lag1_7_route_energy,hormuz_tanker_capacity,fold_31,2616893.0,2571980.170898051,44912.829101949
2025-07-15,arx_lag1_7_route_energy,hormuz_tanker_capacity,fold_31,3803838.0,2495625.3040550775,1308212.6959449225
2025-07-16,arx_lag1_7_route_energy,hormuz_tanker_capacity,fold_31,3388965.0,2478092.383642308,910872.616357692
2025-07-17,arx_lag1_7_route_energy,hormuz_tanker_capacity,fold_31,2602317.0,2496242.4858694696,106074.51413053041
2025-07-18,arx_lag1_7_route_energy,hormuz_tanker_capacity,fold_31,2658816.0,2574709.6338211717,84106.36617882829
2025-07-19,arx_lag1_7_route_energy,hormuz_tanker_capacity,fold_32,3029488.0,2762212.3882842036,267275.6117157964
2025-07-20,arx_lag1_7_route_energy,hormuz_tanker_capacity,fold_32,3917967.0,2572968.506209633,1344998.4937903672
2025-07-21,arx_lag1_7_route_energy,hormuz_tanker_capacity,fold_32,3204741.0,2600809.327615927,603931.672384073
2025-07-22,arx_lag1_7_route_energy,hormuz_tanker_capacity,fold_32,1560459.0,2631974.528221999,-1071515.5282219988
2025-07-23,arx_lag1_7_route_energy,hormuz_tanker_capacity,fold_32,2737792.0,2570369.2293671174,167422.7706328826
2025-07-24,arx_lag1_7_route_energy,hormuz_tanker_capacity,fold_32,2780090.0,2483879.9434956457,296210.05650435435
2025-07-25,arx_lag1_7_route_energy,hormuz_tanker_capacity,fold_32,2930353.0,2515517.310116259,414835.6898837411
2025-07-26,arx_lag1_7_route_energy,hormuz_tanker_capacity,fold_32,2488567.0,2590890.1032717056,-102323.10327170556
2025-07-27,arx_lag1_7_route_energy,hormuz_tanker_capacity,fold_32,3657144.0,2579972.528114952,1077171.4718850479
2025-07-28,arx_lag1_7_route_energy,hormuz_tanker_capacity,fold_32,2596979.0,2568518.7272438304,28460.27275616955
2025-07-29,arx_lag1_7_route_energy,hormuz_tanker_capacity,fold_32,2836982.0,2525132.283417868,311849.71658213204
2025-07-30,arx_lag1_7_route_energy,hormuz_tanker_capacity,fold_32,3615903.0,2526184.3998674396,1089718.6001325604
2025-07-31,arx_lag1_7_route_energy,hormuz_tanker_capacity,fold_32,3249668.0,2529807.891201998,719860.1087980019
2025-08-01,arx_lag1_7_route_energy,hormuz_tanker_capacity,fold_32,1900730.0,2538066.422168599,-637336.422168599
2025-08-02,arx_lag1_7_route_energy,hormuz_tanker_capacity,fold_32,4234230.0,2573084.3623513374,1661145.6376486626
2025-08-03,arx_lag1_7_route_energy,hormuz_tanker_capacity,fold_32,2919725.0,2575641.7867878955,344083.2132121045
2025-08-04,arx_lag1_7_route_energy,hormuz_tanker_capacity,fold_32,1328092.0,2517272.3602513857,-1189180.3602513857
2025-08-05,arx_lag1_7_route_energy,hormuz_tanker_capacity,fold_32,2584327.0,2496150.0754924756,88176.92450752435
2025-08-06,arx_lag1_7_route_energy,hormuz_tanker_capacity,fold_32,1795994.0,2462158.432631612,-666164.4326316118
2025-08-07,arx_lag1_7_route_energy,hormuz_tanker_capacity,fold_32,2372921.0,2454293.361089995,-81372.36108999513
2025-08-08,arx_lag1_7_route_energy,hormuz_tanker_capacity,fold_32,2254429.0,2482419.173994107,-227990.17399410717
2025-08-09,arx_lag1_7_route_energy,hormuz_tanker_capacity,fold_32,2266293.0,2532698.502852942,-266405.50285294186
2025-08-10,arx_lag1_7_route_energy,hormuz_tanker_capacity,fold_32,1905686.0,2547556.129929059,-641870.1299290592
2025-08-11,arx_lag1_7_route_energy,hormuz_tanker_capacity,fold_32,2521965.0,2519001.215289491,2963.7847105087712
2025-08-12,arx_lag1_7_route_energy,hormuz_tanker_capacity,fold_32,3227213.0,2425347.854433617,801865.1455663829
2025-08-13,arx_lag1_7_route_energy,hormuz_tanker_capacity,fold_32,2279216.0,2420804.712318895,-141588.71231889492
2025-08-14,arx_lag1_7_route_energy,hormuz_tanker_capacity,fold_32,2816918.0,2472002.78969583,344915.2103041699
2025-08-15,arx_lag1_7_route_energy,hormuz_tanker_capacity,fold_32,1388712.0,2472764.8114740807,-1084052.8114740807
2025-08-16,arx_lag1_7_route_energy,hormuz_tanker_capacity,fold_32,1850637.0,2517329.6988061112,-666692.6988061112
2025-08-17,arx_lag1_7_route_energy,hormuz_tanker_capacity,fold_32,2665643.0,2513728.0463934555,151914.95360654453
2025-08-18,arx_lag1_7_route_energy,hormuz_tanker_capacity,fold_33,2144480.0,2524746.186480019,-380266.1864800188
2025-08-19,arx_lag1_7_route_energy,hormuz_tanker_capacity,fold_33,4316194.0,2512603.4320778577,1803590.5679221423
2025-08-20,arx_lag1_7_route_energy,hormuz_tanker_capacity,fold_33,2631654.0,2424685.66218334,206968.33781665983
2025-08-21,arx_lag1_7_route_energy,hormuz_tanker_capacity,fold_33,2479865.0,2464395.164914719,15469.83508528117
2025-08-22,arx_lag1_7_route_energy,hormuz_tanker_capacity,fold_33,3195372.0,2392997.237403879,802374.762596121
2025-08-23,arx_lag1_7_route_energy,hormuz_tanker_capacity,fold_33,2899090.0,2459889.110194641,439200.88980535883
2025-08-24,arx_lag1_7_route_energy,hormuz_tanker_capacity,fold_33,3411960.0,2544569.0471502063,867390.9528497937
2025-08-25,arx_lag1_7_route_energy,hormuz_tanker_capacity,fold_33,2086984.0,2560582.278648961,-473598.27864896087
2025-08-26,arx_lag1_7_route_energy,hormuz_tanker_capacity,fold_33,1667814.0,2474146.399037599,-806332.3990375991
2025-08-27,arx_lag1_7_route_energy,hormuz_tanker_capacity,fold_33,2929045.0,2401439.7596516595,527605.2403483405
2025-08-28,arx_lag1_7_route_energy,hormuz_tanker_capacity,fold_33,2289529.0,2438075.428666192,-148546.4286661921
2025-08-29,arx_lag1_7_route_energy,hormuz_tanker_capacity,fold_33,3416770.0,2484761.6941621974,932008.3058378026
2025-08-30,arx_lag1_7_route_energy,hormuz_tanker_capacity,fold_33,3905491.0,2560754.8317234553,1344736.1682765447
2025-08-31,arx_lag1_7_route_energy,hormuz_tanker_capacity,fold_33,3162921.0,2557436.4063941343,605484.5936058657
2025-09-01,arx_lag1_7_route_energy,hormuz_tanker_capacity,fold_33,3235585.0,2518590.5282467008,716994.4717532992
2025-09-02,arx_lag1_7_route_energy,hormuz_tanker_capacity,fold_33,1906566.0,2481956.448169497,-575390.4481694968
2025-09-03,arx_lag1_7_route_energy,hormuz_tanker_capacity,fold_33,2429378.0,2446058.8922711285,-16680.892271128483
2025-09-04,arx_lag1_7_route_energy,hormuz_tanker_capacity,fold_33,1136592.0,2414342.7857274245,-1277750.7857274245
2025-09-05,arx_lag1_7_route_energy,hormuz_tanker_capacity,fold_33,4471592.0,2437355.6249907343,2034236.3750092657
2025-09-06,arx_lag1_7_route_energy,hormuz_tanker_capacity,fold_33,3071388.0,2495201.0107398345,576186.9892601655
2025-09-07,arx_lag1_7_route_energy,hormuz_tanker_capacity,fold_33,3178836.0,2522501.33798173,656334.6620182702
2025-09-08,arx_lag1_7_route_energy,hormuz_tanker_capacity,fold_33,2687850.0,2481264.34984971,206585.65015029022
2025-09-09,arx_lag1_7_route_energy,hormuz_tanker_capacity,fold_33,1990812.0,2461255.396568777,-470443.39656877704
2025-09-10,arx_lag1_7_route_energy,hormuz_tanker_capacity,fold_33,2747988.0,2430530.3411898185,317457.65881018154
2025-09-11,arx_lag1_7_route_energy,hormuz_tanker_capacity,fold_33,1821857.0,2423361.054874819,-601504.0548748188
2025-09-12,arx_lag1_7_route_energy,hormuz_tanker_capacity,fold_33,1208459.0,2473477.1227506073,-1265018.1227506073
2025-09-13,arx_lag1_7_route_energy,hormuz_tanker_capacity,fold_33,1671420.0,2530004.827596311,-858584.827596311
2025-09-14,arx_lag1_7_route_energy,hormuz_tanker_capacity,fold_33,1339968.0,2542609.5255096913,-1202641.5255096913
2025-09-15,arx_lag1_7_route_energy,hormuz_tanker_capacity,fold_33,911409.0,2486753.9376487383,-1575344.9376487383
2025-09-16,arx_lag1_7_route_energy,hormuz_tanker_capacity,fold_33,1699926.0,2470288.135606742,-770362.135606742
2025-09-17,arx_lag1_7_route_energy,hormuz_tanker_capacity,fold_34,3174206.0,2308741.409177067,865464.5908229328
2025-09-18,arx_lag1_7_route_energy,hormuz_tanker_capacity,fold_34,2932554.0,2338305.6344510294,594248.3655489706
2025-09-19,arx_lag1_7_route_energy,hormuz_tanker_capacity,fold_34,1852708.0,2326240.263634469,-473532.2636344689
2025-09-20,arx_lag1_7_route_energy,hormuz_tanker_capacity,fold_34,2166435.0,2389453.3193293815,-223018.31932938145
2025-09-21,arx_lag1_7_route_energy,hormuz_tanker_capacity,fold_34,1683122.0,2390884.022502057,-707762.0225020568
2025-09-22,arx_lag1_7_route_energy,hormuz_tanker_capacity,fold_34,1067634.0,2280827.2639304595,-1213193.2639304595
2025-09-23,arx_lag1_7_route_energy,hormuz_tanker_capacity,fold_34,3058164.0,2341625.052320728,716538.9476792719
2025-09-24,arx_lag1_7_route_energy,hormuz_tanker_capacity,fold_34,2236283.0,2396401.291018699,-160118.29101869883
2025-09-25,arx_lag1_7_route_energy,hormuz_tanker_capacity,fold_34,1745296.0,2430084.71014822,-684788.71014822
2025-09-26,arx_lag1_7_route_energy,hormuz_tanker_capacity,fold_34,936954.0,2532942.3212231216,-1595988.3212231216
2025-09-27,arx_lag1_7_route_energy,hormuz_tanker_capacity,fold_34,2749108.0,2552293.337862848,196814.66213715216
2025-09-28,arx_lag1_7_route_energy,hormuz_tanker_capacity,fold_34,3983107.0,2533510.90135757,1449596.0986424298
2025-09-29,arx_lag1_7_route_energy,hormuz_tanker_capacity,fold_34,1705959.0,2502434.6699669813,-796475.6699669813
2025-09-30,arx_lag1_7_route_energy,hormuz_tanker_capacity,fold_34,3249270.0,2441771.851742473,807498.148257527
2025-10-01,arx_lag1_7_route_energy,hormuz_tanker_capacity,fold_34,3340995.0,2412022.3816374014,928972.6183625986
2025-10-02,arx_lag1_7_route_energy,hormuz_tanker_capacity,fold_34,4499513.0,2353987.7344805812,2145525.2655194188
2025-10-03,arx_lag1_7_route_energy,hormuz_tanker_capacity,fold_34,3787354.0,2478333.8177838516,1309020.1822161484
2025-10-04,arx_lag1_7_route_energy,hormuz_tanker_capacity,fold_34,2487738.0,2510488.7672958514,-22750.767295851372
2025-10-05,arx_lag1_7_route_energy,hormuz_tanker_capacity,fold_34,3713327.0,2552959.308067374,1160367.691932626
2025-10-06,arx_lag1_7_route_energy,hormuz_tanker_capacity,fold_34,2137777.0,2519822.7999532125,-382045.7999532125
2025-10-07,arx_lag1_7_route_energy,hormuz_tanker_capacity,fold_34,811976.0,2449936.1178280264,-1637960.1178280264
2025-10-08,arx_lag1_7_route_energy,hormuz_tanker_capacity,fold_34,1074042.0,2446630.8081613085,-1372588.8081613085
2025-10-09,arx_lag1_7_route_energy,hormuz_tanker_capacity,fold_34,1793483.0,2447679.886140801,-654196.886140801
2025-10-10,arx_lag1_7_route_energy,hormuz_tanker_capacity,fold_34,981963.0,2437522.3990619765,-1455559.3990619765
2025-10-11,arx_lag1_7_route_energy,hormuz_tanker_capacity,fold_34,933019.0,2463830.3499435377,-1530811.3499435377
2025-10-12,arx_lag1_7_route_energy,hormuz_tanker_capacity,fold_34,964918.0,2478211.2048220793,-1513293.2048220793
2025-10-13,arx_lag1_7_route_energy,hormuz_tanker_capacity,fold_34,1699831.0,2450549.663064357,-750718.6630643569
2025-10-14,arx_lag1_7_route_energy,hormuz_tanker_capacity,fold_34,4942766.0,2382571.549231488,2560194.450768512
2025-10-15,arx_lag1_7_route_energy,hormuz_tanker_capacity,fold_34,1908487.0,2319813.2930068932,-411326.29300689325
2025-10-16,arx_lag1_7_route_energy,hormuz_tanker_capacity,fold_34,1289034.0,2338288.462728399,-1049254.4627283989
2025-10-17,arx_lag1_7_route_energy,hormuz_tanker_capacity,fold_35,1337493.0,1988505.2510040926,-651012.2510040926
2025-10-18,arx_lag1_7_route_energy,hormuz_tanker_capacity,fold_35,1777863.0,2168588.080715431,-390725.0807154309
2025-10-19,arx_lag1_7_route_energy,hormuz_tanker_capacity,fold_35,2085315.0,2204393.2836863413,-119078.28368634125
2025-10-20,arx_lag1_7_route_energy,hormuz_tanker_capacity,fold_35,1738882.0,2281916.4918615706,-543034.4918615706
2025-10-21,arx_lag1_7_route_energy,hormuz_tanker_capacity,fold_35,1666895.0,2591825.7124784086,-924930.7124784086
2025-10-22,arx_lag1_7_route_energy,hormuz_tanker_capacity,fold_35,3167612.0,2328314.7819722006,839297.2180277994
2025-10-23,arx_lag1_7_route_energy,hormuz_tanker_capacity,fold_35,2645992.0,2264648.0335433637,381343.9664566363
2025-10-24,arx_lag1_7_route_energy,hormuz_tanker_capacity,fold_35,2434384.0,2345215.95216582,89168.04783417983
2025-10-25,arx_lag1_7_route_energy,hormuz_tanker_capacity,fold_35,3622719.0,2434217.994194142,1188501.005805858
2025-10-26,arx_lag1_7_route_energy,hormuz_tanker_capacity,fold_35,2548983.0,2456600.7841555662,92382.21584443375
2025-10-27,arx_lag1_7_route_energy,hormuz_tanker_capacity,fold_35,2442008.0,2427507.5743595664,14500.425640433561
2025-10-28,arx_lag1_7_route_energy,hormuz_tanker_capacity,fold_35,2979192.0,2410777.9773998335,568414.0226001665
2025-10-29,arx_lag1_7_route_energy,hormuz_tanker_capacity,fold_35,2449676.0,2362720.2079309323,86955.79206906771
2025-10-30,arx_lag1_7_route_energy,hormuz_tanker_capacity,fold_35,2134991.0,2355949.275317593,-220958.275317593
2025-10-31,arx_lag1_7_route_energy,hormuz_tanker_capacity,fold_35,4082819.0,2393188.4878611187,1689630.5121388813
2025-11-01,arx_lag1_7_route_energy,hormuz_tanker_capacity,fold_35,2064402.0,2467527.5343224015,-403125.5343224015
2025-11-02,arx_lag1_7_route_energy,hormuz_tanker_capacity,fold_35,1929112.0,2509107.322801784,-579995.3228017841
2025-11-03,arx_lag1_7_route_energy,hormuz_tanker_capacity,fold_35,438854.0,2474751.9377477774,-2035897.9377477774
2025-11-04,arx_lag1_7_route_energy,hormuz_tanker_capacity,fold_35,1404930.0,2401455.361629027,-996525.361629027
2025-11-05,arx_lag1_7_route_energy,hormuz_tanker_capacity,fold_35,2510242.0,2325052.4191679666,185189.58083203342
2025-11-06,arx_lag1_7_route_energy,hormuz_tanker_capacity,fold_35,2218214.0,2332603.19827728,-114389.1982772802
2025-11-07,arx_lag1_7_route_energy,hormuz_tanker_capacity,fold_35,3135684.0,2387091.3925830717,748592.6074169283
2025-11-08,arx_lag1_7_route_energy,hormuz_tanker_capacity,fold_35,3915654.0,2442655.7245753724,1472998.2754246276
2025-11-09,arx_lag1_7_route_energy,hormuz_tanker_capacity,fold_35,3482241.0,2482927.3591467394,999313.6408532606
2025-11-10,arx_lag1_7_route_energy,hormuz_tanker_capacity,fold_35,2061760.0,2390319.264130562,-328559.2641305621
2025-11-11,arx_lag1_7_route_energy,hormuz_tanker_capacity,fold_35,2256665.0,2360713.4096484208,-104048.40964842075
2025-11-12,arx_lag1_7_route_energy,hormuz_tanker_capacity,fold_35,1473268.0,2277084.750097345,-803816.7500973451
2025-11-13,arx_lag1_7_route_energy,hormuz_tanker_capacity,fold_35,2082408.0,2324368.4566147598,-241960.45661475975
2025-11-14,arx_lag1_7_route_energy,hormuz_tanker_capacity,fold_35,3242326.0,2396232.0929086925,846093.9070913075
2025-11-15,arx_lag1_7_route_energy,hormuz_tanker_capacity,fold_35,2803891.0,2452058.8164615966,351832.18353840336
2025-11-16,arx_lag1_7_route_energy,hormuz_tanker_capacity,fold_36,962361.0,2671545.688084478,-1709184.688084478
2025-11-17,arx_lag1_7_route_energy,hormuz_tanker_capacity,fold_36,1353855.0,2436654.590989338,-1082799.5909893378
2025-11-18,arx_lag1_7_route_energy,hormuz_tanker_capacity,fold_36,1821907.0,2356146.502690714,-534239.5026907139
2025-11-19,arx_lag1_7_route_energy,hormuz_tanker_capacity,fold_36,2280048.0,2256300.151474813,23747.848525187
2025-11-20,arx_lag1_7_route_energy,hormuz_tanker_capacity,fold_36,2706942.0,2333525.574817547,373416.4251824529
2025-11-21,arx_lag1_7_route_energy,hormuz_tanker_capacity,fold_36,1675995.0,2469505.173952355,-793510.173952355
2025-11-22,arx_lag1_7_route_energy,hormuz_tanker_capacity,fold_36,1357911.0,2505171.447069631,-1147260.447069631
2025-11-23,arx_lag1_7_route_energy,hormuz_tanker_capacity,fold_36,1141843.0,2485702.2755269166,-1343859.2755269166
2025-11-24,arx_lag1_7_route_energy,hormuz_tanker_capacity,fold_36,1243561.0,2433498.6520809955,-1189937.6520809955
2025-11-25,arx_lag1_7_route_energy,hormuz_tanker_capacity,fold_36,1704153.0,2387653.114813359,-683500.114813359
2025-11-26,arx_lag1_7_route_energy,hormuz_tanker_capacity,fold_36,1521052.0,2327547.0502144084,-806495.0502144084
2025-11-27,arx_lag1_7_route_energy,hormuz_tanker_capacity,fold_36,2125050.0,2336491.7392440904,-211441.7392440904
2025-11-28,arx_lag1_7_route_energy,hormuz_tanker_capacity,fold_36,1443139.0,2436979.239602077,-993840.2396020768
2025-11-29,arx_lag1_7_route_energy,hormuz_tanker_capacity,fold_36,1142364.0,2489773.7556429654,-1347409.7556429654
2025-11-30,arx_lag1_7_route_energy,hormuz_tanker_capacity,fold_36,2787210.0,2476907.920454658,310302.0795453419
2025-12-01,arx_lag1_7_route_energy,hormuz_tanker_capacity,fold_36,3349927.0,2445093.293641595,904833.7063584048
2025-12-02,arx_lag1_7_route_energy,hormuz_tanker_capacity,fold_36,1412492.0,2348894.8814664707,-936402.8814664707
2025-12-03,arx_lag1_7_route_energy,hormuz_tanker_capacity,fold_36,1587414.0,2326162.3980079866,-738748.3980079866
2025-12-04,arx_lag1_7_route_energy,hormuz_tanker_capacity,fold_36,2109436.0,2347114.086694273,-237678.08669427317
2025-12-05,arx_lag1_7_route_energy,hormuz_tanker_capacity,fold_36,1300447.0,2439830.09643373,-1139383.0964337299
2025-12-06,arx_lag1_7_route_energy,hormuz_tanker_capacity,fold_36,1955064.0,2476677.832580163,-521613.83258016314
2025-12-07,arx_lag1_7_route_energy,hormuz_tanker_capacity,fold_36,1517508.0,2483734.068022997,-966226.0680229971
2025-12-08,arx_lag1_7_route_energy,hormuz_tanker_capacity,fold_36,1325305.0,2418218.8618390886,-1092913.8618390886
2025-12-09,arx_lag1_7_route_energy,hormuz_tanker_capacity,fold_36,1900812.0,2348817.736139374,-448005.73613937385
2025-12-10,arx_lag1_7_route_energy,hormuz_tanker_capacity,fold_36,1052150.0,2305272.0136999674,-1253122.0136999674
2025-12-11,arx_lag1_7_route_energy,hormuz_tanker_capacity,fold_36,2032889.0,2359654.6069023665,-326765.6069023665
2025-12-12,arx_lag1_7_route_energy,hormuz_tanker_capacity,fold_36,1488358.0,2375529.721150989,-887171.7211509892
2025-12-13,arx_lag1_7_route_energy,hormuz_tanker_capacity,fold_36,1809445.0,2450372.1527765705,-640927.1527765705
2025-12-14,arx_lag1_7_route_energy,hormuz_tanker_capacity,fold_36,2544154.0,2442768.182891987,101385.8171080132
2025-12-15,arx_lag1_7_route_energy,hormuz_tanker_capacity,fold_36,1423276.0,2400475.010654148,-977199.0106541482
2025-12-16,arx_lag1_7_route_energy,hormuz_tanker_capacity,fold_37,2001520.0,1972602.21038533,28917.78961466998
2025-12-17,arx_lag1_7_route_energy,hormuz_tanker_capacity,fold_37,1315910.0,2056822.436540111,-740912.436540111
2025-12-18,arx_lag1_7_route_energy,hormuz_tanker_capacity,fold_37,2204155.0,2184733.1690727323,19421.83092726767
2025-12-19,arx_lag1_7_route_energy,hormuz_tanker_capacity,fold_37,1169346.0,2198914.248409586,-1029568.248409586
2025-12-20,arx_lag1_7_route_energy,hormuz_tanker_capacity,fold_37,1169573.0,2276004.3361039893,-1106431.3361039893
2025-12-21,arx_lag1_7_route_energy,hormuz_tanker_capacity,fold_37,1018482.0,2342522.0488333614,-1324040.0488333614
2025-12-22,arx_lag1_7_route_energy,hormuz_tanker_capacity,fold_37,858100.0,2217634.4121330143,-1359534.4121330143
2025-12-23,arx_lag1_7_route_energy,hormuz_tanker_capacity,fold_37,1113473.0,2217448.6736559416,-1103975.6736559416
2025-12-24,arx_lag1_7_route_energy,hormuz_tanker_capacity,fold_37,1099189.0,2221336.619446259,-1122147.619446259
2025-12-25,arx_lag1_7_route_energy,hormuz_tanker_capacity,fold_37,1149095.0,2271873.0915204417,-1122778.0915204417
2025-12-26,arx_lag1_7_route_energy,hormuz_tanker_capacity,fold_37,2503352.0,2333796.770547278,169555.22945272177
2025-12-27,arx_lag1_7_route_energy,hormuz_tanker_capacity,fold_37,2021134.0,2379621.6073794262,-358487.60737942625
2025-12-28,arx_lag1_7_route_energy,hormuz_tanker_capacity,fold_37,1598548.0,2371615.7910664133,-773067.7910664133
2025-12-29,arx_lag1_7_route_energy,hormuz_tanker_capacity,fold_37,802818.0,2309028.6703491206,-1506210.6703491206
2025-12-30,arx_lag1_7_route_energy,hormuz_tanker_capacity,fold_37,1766483.0,2282111.659318323,-515628.6593183228
2025-12-31,arx_lag1_7_route_energy,hormuz_tanker_capacity,fold_37,2166981.0,2231886.4681420834,-64905.46814208338
2026-01-01,arx_lag1_7_route_energy,hormuz_tanker_capacity,fold_37,2297725.0,2234025.297259879,63699.70274012117
2026-01-02,arx_lag1_7_route_energy,hormuz_tanker_capacity,fold_37,1562902.0,2277417.478659825,-714515.4786598249
2026-01-03,arx_lag1_7_route_energy,hormuz_tanker_capacity,fold_37,1011537.0,2322185.7683204697,-1310648.7683204697
2026-01-04,arx_lag1_7_route_energy,hormuz_tanker_capacity,fold_37,1414835.0,2345883.397038588,-931048.3970385878
2026-01-05,arx_lag1_7_route_energy,hormuz_tanker_capacity,fold_37,1948403.0,2351446.851661567,-403043.8516615671
2026-01-06,arx_lag1_7_route_energy,hormuz_tanker_capacity,fold_37,995188.0,2263660.333998203,-1268472.3339982028
2026-01-07,arx_lag1_7_route_energy,hormuz_tanker_capacity,fold_37,2045098.0,2251419.250082139,-206321.25008213893
2026-01-08,arx_lag1_7_route_energy,hormuz_tanker_capacity,fold_37,2536474.0,2310393.7054841053,226080.29451589473
2026-01-09,arx_lag1_7_route_energy,hormuz_tanker_capacity,fold_37,3108586.0,2375534.7975560403,733051.2024439597
2026-01-10,arx_lag1_7_route_energy,hormuz_tanker_capacity,fold_37,1412672.0,2440985.0599151184,-1028313.0599151184
2026-01-11,arx_lag1_7_route_energy,hormuz_tanker_capacity,fold_37,2105864.0,2439860.751173101,-333996.7511731009
2026-01-12,arx_lag1_7_route_energy,hormuz_tanker_capacity,fold_37,1716419.0,2393942.862075364,-677523.8620753642
2026-01-13,arx_lag1_7_route_energy,hormuz_tanker_capacity,fold_37,1143290.0,2356223.9695775597,-1212933.9695775597
2026-01-14,arx_lag1_7_route_energy,hormuz_tanker_capacity,fold_37,1636097.0,2355291.091201415,-719194.0912014148
2026-01-15,arx_lag1_7_route_energy,hormuz_tanker_capacity,fold_38,2127519.0,2173977.127470751,-46458.12747075083
2026-01-16,arx_lag1_7_route_energy,hormuz_tanker_capacity,fold_38,1559037.0,2424426.1704709297,-865389.1704709297
2026-01-17,arx_lag1_7_route_energy,hormuz_tanker_capacity,fold_38,1213332.0,2312225.992623548,-1098893.992623548
2026-01-18,arx_lag1_7_route_energy,hormuz_tanker_capacity,fold_38,1341986.0,2367480.640747697,-1025494.6407476971
2026-01-19,arx_lag1_7_route_energy,hormuz_tanker_capacity,fold_38,926797.0,2296780.7362365155,-1369983.7362365155
2026-01-20,arx_lag1_7_route_energy,hormuz_tanker_capacity,fold_38,1300282.0,2178971.0474822917,-878689.0474822917
2026-01-21,arx_lag1_7_route_energy,hormuz_tanker_capacity,fold_38,2520181.0,2151516.951080778,368664.04891922185
2026-01-22,arx_lag1_7_route_energy,hormuz_tanker_capacity,fold_38,1481859.0,2158427.7944757827,-676568.7944757827
2026-01-23,arx_lag1_7_route_energy,hormuz_tanker_capacity,fold_38,1357386.0,1914433.77478372,-557047.77478372
2026-01-24,arx_lag1_7_route_energy,hormuz_tanker_capacity,fold_38,907050.0,1853666.777062997,-946616.777062997
2026-01-25,arx_lag1_7_route_energy,hormuz_tanker_capacity,fold_38,2790838.0,1865733.0791286922,925104.9208713078
2026-01-26,arx_lag1_7_route_energy,hormuz_tanker_capacity,fold_38,1566326.0,1861447.9803034542,-295121.9803034542
2026-01-27,arx_lag1_7_route_energy,hormuz_tanker_capacity,fold_38,1556260.0,2008484.3058473733,-452224.3058473733
2026-01-28,arx_lag1_7_route_energy,hormuz_tanker_capacity,fold_38,1791378.0,2138553.007783222,-347175.007783222
2026-01-29,arx_lag1_7_route_energy,hormuz_tanker_capacity,fold_38,2309923.0,2221308.948726192,88614.05127380788
2026-01-30,arx_lag1_7_route_energy,hormuz_tanker_capacity,fold_38,1987117.0,2341139.644706812,-354022.6447068122
2026-01-31,arx_lag1_7_route_energy,hormuz_tanker_capacity,fold_38,2228666.0,2358948.5504656564,-130282.55046565644
2026-02-01,arx_lag1_7_route_energy,hormuz_tanker_capacity,fold_38,1153914.0,2352437.9163367013,-1198523.9163367013
2026-02-02,arx_lag1_7_route_energy,hormuz_tanker_capacity,fold_38,2822308.0,2292655.159214406,529652.8407855942
2026-02-03,arx_lag1_7_route_energy,hormuz_tanker_capacity,fold_38,1790511.0,2313592.4114259835,-523081.41142598353
2026-02-04,arx_lag1_7_route_energy,hormuz_tanker_capacity,fold_38,983924.0,2261939.8351140954,-1278015.8351140954
2026-02-05,arx_lag1_7_route_energy,hormuz_tanker_capacity,fold_38,1814047.0,2324769.3808848755,-510722.38088487554
2026-02-06,arx_lag1_7_route_energy,hormuz_tanker_capacity,fold_38,2124033.0,2441777.7635517474,-317744.7635517474
2026-02-07,arx_lag1_7_route_energy,hormuz_tanker_capacity,fold_38,2487346.0,2455151.276022317,32194.723977683112
2026-02-08,arx_lag1_7_route_energy,hormuz_tanker_capacity,fold_38,1188475.0,2453933.8676742003,-1265458.8676742003
2026-02-09,arx_lag1_7_route_energy,hormuz_tanker_capacity,fold_38,1002564.0,2446426.286174756,-1443862.286174756
2026-02-10,arx_lag1_7_route_energy,hormuz_tanker_capacity,fold_38,2942094.0,2379439.7123245895,562654.2876754105
2026-02-11,arx_lag1_7_route_energy,hormuz_tanker_capacity,fold_38,1454258.0,2408654.865272446,-954396.8652724461
2026-02-12,arx_lag1_7_route_energy,hormuz_tanker_capacity,fold_38,1818114.0,2429825.8701052563,-611711.8701052563
2026-02-13,arx_lag1_7_route_energy,hormuz_tanker_capacity,fold_38,2783046.0,2477963.9881459656,305082.0118540344
