date,model,target,fold,y_true,y_pred,error
2023-01-01,seasonal_naive_7d,hormuz_tanker_transits,fold_01,50.0,58.0,-8.0
2023-01-02,seasonal_naive_7d,hormuz_tanker_transits,fold_01,55.0,59.0,-4.0
2023-01-03,seasonal_naive_7d,hormuz_tanker_transits,fold_01,58.0,54.0,4.0
2023-01-04,seasonal_naive_7d,hormuz_tanker_transits,fold_01,57.0,55.0,2.0
2023-01-05,seasonal_naive_7d,hormuz_tanker_transits,fold_01,55.0,43.0,12.0
2023-01-06,seasonal_naive_7d,hormuz_tanker_transits,fold_01,45.0,59.0,-14.0
2023-01-07,seasonal_naive_7d,hormuz_tanker_transits,fold_01,58.0,61.0,-3.0
2023-01-08,seasonal_naive_7d,hormuz_tanker_transits,fold_01,51.0,,
2023-01-09,seasonal_naive_7d,hormuz_tanker_transits,fold_01,61.0,,
2023-01-10,seasonal_naive_7d,hormuz_tanker_transits,fold_01,58.0,,
2023-01-11,seasonal_naive_7d,hormuz_tanker_transits,fold_01,36.0,,
2023-01-12,seasonal_naive_7d,hormuz_tanker_transits,fold_01,46.0,,
2023-01-13,seasonal_naive_7d,hormuz_tanker_transits,fold_01,40.0,,
2023-01-14,seasonal_naive_7d,hormuz_tanker_transits,fold_01,56.0,,
2023-01-15,seasonal_naive_7d,hormuz_tanker_transits,fold_01,40.0,,
2023-01-16,seasonal_naive_7d,hormuz_tanker_transits,fold_01,50.0,,
2023-01-17,seasonal_naive_7d,hormuz_tanker_transits,fold_01,57.0,,
2023-01-18,seasonal_naive_7d,hormuz_tanker_transits,fold_01,60.0,,
2023-01-19,seasonal_naive_7d,hormuz_tanker_transits,fold_01,51.0,,
2023-01-20,seasonal_naive_7d,hormuz_tanker_transits,fold_01,58.0,,
2023-01-21,seasonal_naive_7d,hormuz_tanker_transits,fold_01,55.0,,
2023-01-22,seasonal_naive_7d,hormuz_tanker_transits,fold_01,61.0,,
2023-01-23,seasonal_naive_7d,hormuz_tanker_transits,fold_01,57.0,,
2023-01-24,seasonal_naive_7d,hormuz_tanker_transits,fold_01,53.0,,
2023-01-25,seasonal_naive_7d,hormuz_tanker_transits,fold_01,72.0,,
2023-01-26,seasonal_naive_7d,hormuz_tanker_transits,fold_01,51.0,,
2023-01-27,seasonal_naive_7d,hormuz_tanker_transits,fold_01,53.0,,
2023-01-28,seasonal_naive_7d,hormuz_tanker_transits,fold_01,61.0,,
2023-01-29,seasonal_naive_7d,hormuz_tanker_transits,fold_01,56.0,,
2023-01-30,seasonal_naive_7d,hormuz_tanker_transits,fold_01,56.0,,
2023-01-31,seasonal_naive_7d,hormuz_tanker_transits,fold_02,63.0,53.0,10.0
2023-02-01,seasonal_naive_7d,hormuz_tanker_transits,fold_02,55.0,72.0,-17.0
2023-02-02,seasonal_naive_7d,hormuz_tanker_transits,fold_02,59.0,51.0,8.0
2023-02-03,seasonal_naive_7d,hormuz_tanker_transits,fold_02,64.0,53.0,11.0
2023-02-04,seasonal_naive_7d,hormuz_tanker_transits,fold_02,67.0,61.0,6.0
2023-02-05,seasonal_naive_7d,hormuz_tanker_transits,fold_02,42.0,56.0,-14.0
2023-02-06,seasonal_naive_7d,hormuz_tanker_transits,fold_02,60.0,56.0,4.0
2023-02-07,seasonal_naive_7d,hormuz_tanker_transits,fold_02,61.0,,
2023-02-08,seasonal_naive_7d,hormuz_tanker_transits,fold_02,66.0,,
2023-02-09,seasonal_naive_7d,hormuz_tanker_transits,fold_02,48.0,,
2023-02-10,seasonal_naive_7d,hormuz_tanker_transits,fold_02,42.0,,
2023-02-11,seasonal_naive_7d,hormuz_tanker_transits,fold_02,53.0,,
2023-02-12,seasonal_naive_7d,hormuz_tanker_transits,fold_02,63.0,,
2023-02-13,seasonal_naive_7d,hormuz_tanker_transits,fold_02,63.0,,
2023-02-14,seasonal_naive_7d,hormuz_tanker_transits,fold_02,56.0,,
2023-02-15,seasonal_naive_7d,hormuz_tanker_transits,fold_02,46.0,,
2023-02-16,seasonal_naive_7d,hormuz_tanker_transits,fold_02,72.0,,
2023-02-17,seasonal_naive_7d,hormuz_tanker_transits,fold_02,54.0,,
2023-02-18,seasonal_naive_7d,hormuz_tanker_transits,fold_02,45.0,,
2023-02-19,seasonal_naive_7d,hormuz_tanker_transits,fold_02,47.0,,
2023-02-20,seasonal_naive_7d,hormuz_tanker_transits,fold_02,49.0,,
2023-02-21,seasonal_naive_7d,hormuz_tanker_transits,fold_02,42.0,,
2023-02-22,seasonal_naive_7d,hormuz_tanker_transits,fold_02,76.0,,
2023-02-23,seasonal_naive_7d,hormuz_tanker_transits,fold_02,58.0,,
2023-02-24,seasonal_naive_7d,hormuz_tanker_transits,fold_02,72.0,,
2023-02-25,seasonal_naive_7d,hormuz_tanker_transits,fold_02,47.0,,
2023-02-26,seasonal_naive_7d,hormuz_tanker_transits,fold_02,64.0,,
2023-02-27,seasonal_naive_7d,hormuz_tanker_transits,fold_02,64.0,,
2023-02-28,seasonal_naive_7d,hormuz_tanker_transits,fold_02,51.0,,
2023-03-01,seasonal_naive_7d,hormuz_tanker_transits,fold_02,61.0,,
2023-03-02,seasonal_naive_7d,hormuz_tanker_transits,fold_03,54.0,58.0,-4.0
2023-03-03,seasonal_naive_7d,hormuz_tanker_transits,fold_03,55.0,72.0,-17.0
2023-03-04,seasonal_naive_7d,hormuz_tanker_transits,fold_03,54.0,47.0,7.0
2023-03-05,seasonal_naive_7d,hormuz_tanker_transits,fold_03,75.0,64.0,11.0
2023-03-06,seasonal_naive_7d,hormuz_tanker_transits,fold_03,57.0,64.0,-7.0
2023-03-07,seasonal_naive_7d,hormuz_tanker_transits,fold_03,65.0,51.0,14.0
2023-03-08,seasonal_naive_7d,hormuz_tanker_transits,fold_03,55.0,61.0,-6.0
2023-03-09,seasonal_naive_7d,hormuz_tanker_transits,fold_03,60.0,,
2023-03-10,seasonal_naive_7d,hormuz_tanker_transits,fold_03,47.0,,
2023-03-11,seasonal_naive_7d,hormuz_tanker_transits,fold_03,69.0,,
2023-03-12,seasonal_naive_7d,hormuz_tanker_transits,fold_03,54.0,,
2023-03-13,seasonal_naive_7d,hormuz_tanker_transits,fold_03,47.0,,
2023-03-14,seasonal_naive_7d,hormuz_tanker_transits,fold_03,63.0,,
2023-03-15,seasonal_naive_7d,hormuz_tanker_transits,fold_03,64.0,,
2023-03-16,seasonal_naive_7d,hormuz_tanker_transits,fold_03,53.0,,
2023-03-17,seasonal_naive_7d,hormuz_tanker_transits,fold_03,60.0,,
2023-03-18,seasonal_naive_7d,hormuz_tanker_transits,fold_03,63.0,,
2023-03-19,seasonal_naive_7d,hormuz_tanker_transits,fold_03,62.0,,
2023-03-20,seasonal_naive_7d,hormuz_tanker_transits,fold_03,52.0,,
2023-03-21,seasonal_naive_7d,hormuz_tanker_transits,fold_03,50.0,,
2023-03-22,seasonal_naive_7d,hormuz_tanker_transits,fold_03,55.0,,
2023-03-23,seasonal_naive_7d,hormuz_tanker_transits,fold_03,58.0,,
2023-03-24,seasonal_naive_7d,hormuz_tanker_transits,fold_03,54.0,,
2023-03-25,seasonal_naive_7d,hormuz_tanker_transits,fold_03,64.0,,
2023-03-26,seasonal_naive_7d,hormuz_tanker_transits,fold_03,61.0,,
2023-03-27,seasonal_naive_7d,hormuz_tanker_transits,fold_03,66.0,,
2023-03-28,seasonal_naive_7d,hormuz_tanker_transits,fold_03,57.0,,
2023-03-29,seasonal_naive_7d,hormuz_tanker_transits,fold_03,49.0,,
2023-03-30,seasonal_naive_7d,hormuz_tanker_transits,fold_03,65.0,,
2023-03-31,seasonal_naive_7d,hormuz_tanker_transits,fold_03,63.0,,
2023-04-01,seasonal_naive_7d,hormuz_tanker_transits,fold_04,61.0,64.0,-3.0
2023-04-02,seasonal_naive_7d,hormuz_tanker_transits,fold_04,60.0,61.0,-1.0
2023-04-03,seasonal_naive_7d,hormuz_tanker_transits,fold_04,43.0,66.0,-23.0
2023-04-04,seasonal_naive_7d,hormuz_tanker_transits,fold_04,53.0,57.0,-4.0
2023-04-05,seasonal_naive_7d,hormuz_tanker_transits,fold_04,54.0,49.0,5.0
2023-04-06,seasonal_naive_7d,hormuz_tanker_transits,fold_04,71.0,65.0,6.0
2023-04-07,seasonal_naive_7d,hormuz_tanker_transits,fold_04,69.0,63.0,6.0
2023-04-08,seasonal_naive_7d,hormuz_tanker_transits,fold_04,68.0,,
2023-04-09,seasonal_naive_7d,hormuz_tanker_transits,fold_04,71.0,,
2023-04-10,seasonal_naive_7d,hormuz_tanker_transits,fold_04,67.0,,
2023-04-11,seasonal_naive_7d,hormuz_tanker_transits,fold_04,66.0,,
2023-04-12,seasonal_naive_7d,hormuz_tanker_transits,fold_04,72.0,,
2023-04-13,seasonal_naive_7d,hormuz_tanker_transits,fold_04,61.0,,
2023-04-14,seasonal_naive_7d,hormuz_tanker_transits,fold_04,62.0,,
2023-04-15,seasonal_naive_7d,hormuz_tanker_transits,fold_04,58.0,,
2023-04-16,seasonal_naive_7d,hormuz_tanker_transits,fold_04,65.0,,
2023-04-17,seasonal_naive_7d,hormuz_tanker_transits,fold_04,48.0,,
2023-04-18,seasonal_naive_7d,hormuz_tanker_transits,fold_04,65.0,,
2023-04-19,seasonal_naive_7d,hormuz_tanker_transits,fold_04,55.0,,
2023-04-20,seasonal_naive_7d,hormuz_tanker_transits,fold_04,85.0,,
2023-04-21,seasonal_naive_7d,hormuz_tanker_transits,fold_04,51.0,,
2023-04-22,seasonal_naive_7d,hormuz_tanker_transits,fold_04,71.0,,
2023-04-23,seasonal_naive_7d,hormuz_tanker_transits,fold_04,53.0,,
2023-04-24,seasonal_naive_7d,hormuz_tanker_transits,fold_04,65.0,,
2023-04-25,seasonal_naive_7d,hormuz_tanker_transits,fold_04,64.0,,
2023-04-26,seasonal_naive_7d,hormuz_tanker_transits,fold_04,56.0,,
2023-04-27,seasonal_naive_7d,hormuz_tanker_transits,fold_04,59.0,,
2023-04-28,seasonal_naive_7d,hormuz_tanker_transits,fold_04,51.0,,
2023-04-29,seasonal_naive_7d,hormuz_tanker_transits,fold_04,66.0,,
2023-04-30,seasonal_naive_7d,hormuz_tanker_transits,fold_04,61.0,,
2023-05-01,seasonal_naive_7d,hormuz_tanker_transits,fold_05,64.0,65.0,-1.0
2023-05-02,seasonal_naive_7d,hormuz_tanker_transits,fold_05,57.0,64.0,-7.0
2023-05-03,seasonal_naive_7d,hormuz_tanker_transits,fold_05,69.0,56.0,13.0
2023-05-04,seasonal_naive_7d,hormuz_tanker_transits,fold_05,62.0,59.0,3.0
2023-05-05,seasonal_naive_7d,hormuz_tanker_transits,fold_05,49.0,51.0,-2.0
2023-05-06,seasonal_naive_7d,hormuz_tanker_transits,fold_05,64.0,66.0,-2.0
2023-05-07,seasonal_naive_7d,hormuz_tanker_transits,fold_05,57.0,61.0,-4.0
2023-05-08,seasonal_naive_7d,hormuz_tanker_transits,fold_05,59.0,,
2023-05-09,seasonal_naive_7d,hormuz_tanker_transits,fold_05,69.0,,
2023-05-10,seasonal_naive_7d,hormuz_tanker_transits,fold_05,56.0,,
2023-05-11,seasonal_naive_7d,hormuz_tanker_transits,fold_05,70.0,,
2023-05-12,seasonal_naive_7d,hormuz_tanker_transits,fold_05,81.0,,
2023-05-13,seasonal_naive_7d,hormuz_tanker_transits,fold_05,60.0,,
2023-05-14,seasonal_naive_7d,hormuz_tanker_transits,fold_05,63.0,,
2023-05-15,seasonal_naive_7d,hormuz_tanker_transits,fold_05,70.0,,
2023-05-16,seasonal_naive_7d,hormuz_tanker_transits,fold_05,60.0,,
2023-05-17,seasonal_naive_7d,hormuz_tanker_transits,fold_05,58.0,,
2023-05-18,seasonal_naive_7d,hormuz_tanker_transits,fold_05,58.0,,
2023-05-19,seasonal_naive_7d,hormuz_tanker_transits,fold_05,73.0,,
2023-05-20,seasonal_naive_7d,hormuz_tanker_transits,fold_05,84.0,,
2023-05-21,seasonal_naive_7d,hormuz_tanker_transits,fold_05,55.0,,
2023-05-22,seasonal_naive_7d,hormuz_tanker_transits,fold_05,54.0,,
2023-05-23,seasonal_naive_7d,hormuz_tanker_transits,fold_05,62.0,,
2023-05-24,seasonal_naive_7d,hormuz_tanker_transits,fold_05,68.0,,
2023-05-25,seasonal_naive_7d,hormuz_tanker_transits,fold_05,71.0,,
2023-05-26,seasonal_naive_7d,hormuz_tanker_transits,fold_05,59.0,,
2023-05-27,seasonal_naive_7d,hormuz_tanker_transits,fold_05,69.0,,
2023-05-28,seasonal_naive_7d,hormuz_tanker_transits,fold_05,73.0,,
2023-05-29,seasonal_naive_7d,hormuz_tanker_transits,fold_05,56.0,,
2023-05-30,seasonal_naive_7d,hormuz_tanker_transits,fold_05,71.0,,
2023-05-31,seasonal_naive_7d,hormuz_tanker_transits,fold_06,59.0,68.0,-9.0
2023-06-01,seasonal_naive_7d,hormuz_tanker_transits,fold_06,71.0,71.0,0.0
2023-06-02,seasonal_naive_7d,hormuz_tanker_transits,fold_06,50.0,59.0,-9.0
2023-06-03,seasonal_naive_7d,hormuz_tanker_transits,fold_06,82.0,69.0,13.0
2023-06-04,seasonal_naive_7d,hormuz_tanker_transits,fold_06,62.0,73.0,-11.0
2023-06-05,seasonal_naive_7d,hormuz_tanker_transits,fold_06,66.0,56.0,10.0
2023-06-06,seasonal_naive_7d,hormuz_tanker_transits,fold_06,53.0,71.0,-18.0
2023-06-07,seasonal_naive_7d,hormuz_tanker_transits,fold_06,70.0,,
2023-06-08,seasonal_naive_7d,hormuz_tanker_transits,fold_06,46.0,,
2023-06-09,seasonal_naive_7d,hormuz_tanker_transits,fold_06,62.0,,
2023-06-10,seasonal_naive_7d,hormuz_tanker_transits,fold_06,61.0,,
2023-06-11,seasonal_naive_7d,hormuz_tanker_transits,fold_06,77.0,,
2023-06-12,seasonal_naive_7d,hormuz_tanker_transits,fold_06,71.0,,
2023-06-13,seasonal_naive_7d,hormuz_tanker_transits,fold_06,57.0,,
2023-06-14,seasonal_naive_7d,hormuz_tanker_transits,fold_06,41.0,,
2023-06-15,seasonal_naive_7d,hormuz_tanker_transits,fold_06,53.0,,
2023-06-16,seasonal_naive_7d,hormuz_tanker_transits,fold_06,51.0,,
2023-06-17,seasonal_naive_7d,hormuz_tanker_transits,fold_06,68.0,,
2023-06-18,seasonal_naive_7d,hormuz_tanker_transits,fold_06,51.0,,
2023-06-19,seasonal_naive_7d,hormuz_tanker_transits,fold_06,71.0,,
2023-06-20,seasonal_naive_7d,hormuz_tanker_transits,fold_06,52.0,,
2023-06-21,seasonal_naive_7d,hormuz_tanker_transits,fold_06,62.0,,
2023-06-22,seasonal_naive_7d,hormuz_tanker_transits,fold_06,53.0,,
2023-06-23,seasonal_naive_7d,hormuz_tanker_transits,fold_06,64.0,,
2023-06-24,seasonal_naive_7d,hormuz_tanker_transits,fold_06,81.0,,
2023-06-25,seasonal_naive_7d,hormuz_tanker_transits,fold_06,48.0,,
2023-06-26,seasonal_naive_7d,hormuz_tanker_transits,fold_06,72.0,,
2023-06-27,seasonal_naive_7d,hormuz_tanker_transits,fold_06,56.0,,
2023-06-28,seasonal_naive_7d,hormuz_tanker_transits,fold_06,64.0,,
2023-06-29,seasonal_naive_7d,hormuz_tanker_transits,fold_06,63.0,,
2023-06-30,seasonal_naive_7d,hormuz_tanker_transits,fold_07,69.0,64.0,5.0
2023-07-01,seasonal_naive_7d,hormuz_tanker_transits,fold_07,71.0,81.0,-10.0
2023-07-02,seasonal_naive_7d,hormuz_tanker_transits,fold_07,59.0,48.0,11.0
2023-07-03,seasonal_naive_7d,hormuz_tanker_transits,fold_07,50.0,72.0,-22.0
2023-07-04,seasonal_naive_7d,hormuz_tanker_transits,fold_07,64.0,56.0,8.0
2023-07-05,seasonal_naive_7d,hormuz_tanker_transits,fold_07,82.0,64.0,18.0
2023-07-06,seasonal_naive_7d,hormuz_tanker_transits,fold_07,71.0,63.0,8.0
2023-07-07,seasonal_naive_7d,hormuz_tanker_transits,fold_07,78.0,,
2023-07-08,seasonal_naive_7d,hormuz_tanker_transits,fold_07,61.0,,
2023-07-09,seasonal_naive_7d,hormuz_tanker_transits,fold_07,61.0,,
2023-07-10,seasonal_naive_7d,hormuz_tanker_transits,fold_07,61.0,,
2023-07-11,seasonal_naive_7d,hormuz_tanker_transits,fold_07,62.0,,
2023-07-12,seasonal_naive_7d,hormuz_tanker_transits,fold_07,54.0,,
2023-07-13,seasonal_naive_7d,hormuz_tanker_transits,fold_07,70.0,,
2023-07-14,seasonal_naive_7d,hormuz_tanker_transits,fold_07,69.0,,
2023-07-15,seasonal_naive_7d,hormuz_tanker_transits,fold_07,70.0,,
2023-07-16,seasonal_naive_7d,hormuz_tanker_transits,fold_07,64.0,,
2023-07-17,seasonal_naive_7d,hormuz_tanker_transits,fold_07,55.0,,
2023-07-18,seasonal_naive_7d,hormuz_tanker_transits,fold_07,67.0,,
2023-07-19,seasonal_naive_7d,hormuz_tanker_transits,fold_07,65.0,,
2023-07-20,seasonal_naive_7d,hormuz_tanker_transits,fold_07,72.0,,
2023-07-21,seasonal_naive_7d,hormuz_tanker_transits,fold_07,64.0,,
2023-07-22,seasonal_naive_7d,hormuz_tanker_transits,fold_07,63.0,,
2023-07-23,seasonal_naive_7d,hormuz_tanker_transits,fold_07,53.0,,
2023-07-24,seasonal_naive_7d,hormuz_tanker_transits,fold_07,61.0,,
2023-07-25,seasonal_naive_7d,hormuz_tanker_transits,fold_07,59.0,,
2023-07-26,seasonal_naive_7d,hormuz_tanker_transits,fold_07,68.0,,
2023-07-27,seasonal_naive_7d,hormuz_tanker_transits,fold_07,53.0,,
2023-07-28,seasonal_naive_7d,hormuz_tanker_transits,fold_07,71.0,,
2023-07-29,seasonal_naive_7d,hormuz_tanker_transits,fold_07,60.0,,
2023-07-30,seasonal_naive_7d,hormuz_tanker_transits,fold_08,68.0,53.0,15.0
2023-07-31,seasonal_naive_7d,hormuz_tanker_transits,fold_08,71.0,61.0,10.0
2023-08-01,seasonal_naive_7d,hormuz_tanker_transits,fold_08,78.0,59.0,19.0
2023-08-02,seasonal_naive_7d,hormuz_tanker_transits,fold_08,75.0,68.0,7.0
2023-08-03,seasonal_naive_7d,hormuz_tanker_transits,fold_08,56.0,53.0,3.0
2023-08-04,seasonal_naive_7d,hormuz_tanker_transits,fold_08,62.0,71.0,-9.0
2023-08-05,seasonal_naive_7d,hormuz_tanker_transits,fold_08,57.0,60.0,-3.0
2023-08-06,seasonal_naive_7d,hormuz_tanker_transits,fold_08,70.0,,
2023-08-07,seasonal_naive_7d,hormuz_tanker_transits,fold_08,61.0,,
2023-08-08,seasonal_naive_7d,hormuz_tanker_transits,fold_08,56.0,,
2023-08-09,seasonal_naive_7d,hormuz_tanker_transits,fold_08,60.0,,
2023-08-10,seasonal_naive_7d,hormuz_tanker_transits,fold_08,63.0,,
2023-08-11,seasonal_naive_7d,hormuz_tanker_transits,fold_08,63.0,,
2023-08-12,seasonal_naive_7d,hormuz_tanker_transits,fold_08,75.0,,
2023-08-13,seasonal_naive_7d,hormuz_tanker_transits,fold_08,65.0,,
2023-08-14,seasonal_naive_7d,hormuz_tanker_transits,fold_08,65.0,,
2023-08-15,seasonal_naive_7d,hormuz_tanker_transits,fold_08,46.0,,
2023-08-16,seasonal_naive_7d,hormuz_tanker_transits,fold_08,61.0,,
2023-08-17,seasonal_naive_7d,hormuz_tanker_transits,fold_08,70.0,,
2023-08-18,seasonal_naive_7d,hormuz_tanker_transits,fold_08,58.0,,
2023-08-19,seasonal_naive_7d,hormuz_tanker_transits,fold_08,65.0,,
2023-08-20,seasonal_naive_7d,hormuz_tanker_transits,fold_08,59.0,,
2023-08-21,seasonal_naive_7d,hormuz_tanker_transits,fold_08,74.0,,
2023-08-22,seasonal_naive_7d,hormuz_tanker_transits,fold_08,59.0,,
2023-08-23,seasonal_naive_7d,hormuz_tanker_transits,fold_08,59.0,,
2023-08-24,seasonal_naive_7d,hormuz_tanker_transits,fold_08,71.0,,
2023-08-25,seasonal_naive_7d,hormuz_tanker_transits,fold_08,50.0,,
2023-08-26,seasonal_naive_7d,hormuz_tanker_transits,fold_08,78.0,,
2023-08-27,seasonal_naive_7d,hormuz_tanker_transits,fold_08,46.0,,
2023-08-28,seasonal_naive_7d,hormuz_tanker_transits,fold_08,63.0,,
2023-08-29,seasonal_naive_7d,hormuz_tanker_transits,fold_09,72.0,59.0,13.0
2023-08-30,seasonal_naive_7d,hormuz_tanker_transits,fold_09,59.0,59.0,0.0
2023-08-31,seasonal_naive_7d,hormuz_tanker_transits,fold_09,58.0,71.0,-13.0
2023-09-01,seasonal_naive_7d,hormuz_tanker_transits,fold_09,62.0,50.0,12.0
2023-09-02,seasonal_naive_7d,hormuz_tanker_transits,fold_09,47.0,78.0,-31.0
2023-09-03,seasonal_naive_7d,hormuz_tanker_transits,fold_09,63.0,46.0,17.0
2023-09-04,seasonal_naive_7d,hormuz_tanker_transits,fold_09,69.0,63.0,6.0
2023-09-05,seasonal_naive_7d,hormuz_tanker_transits,fold_09,60.0,,
2023-09-06,seasonal_naive_7d,hormuz_tanker_transits,fold_09,70.0,,
2023-09-07,seasonal_naive_7d,hormuz_tanker_transits,fold_09,62.0,,
2023-09-08,seasonal_naive_7d,hormuz_tanker_transits,fold_09,64.0,,
2023-09-09,seasonal_naive_7d,hormuz_tanker_transits,fold_09,66.0,,
2023-09-10,seasonal_naive_7d,hormuz_tanker_transits,fold_09,66.0,,
2023-09-11,seasonal_naive_7d,hormuz_tanker_transits,fold_09,48.0,,
2023-09-12,seasonal_naive_7d,hormuz_tanker_transits,fold_09,48.0,,
2023-09-13,seasonal_naive_7d,hormuz_tanker_transits,fold_09,68.0,,
2023-09-14,seasonal_naive_7d,hormuz_tanker_transits,fold_09,76.0,,
2023-09-15,seasonal_naive_7d,hormuz_tanker_transits,fold_09,60.0,,
2023-09-16,seasonal_naive_7d,hormuz_tanker_transits,fold_09,60.0,,
2023-09-17,seasonal_naive_7d,hormuz_tanker_transits,fold_09,51.0,,
2023-09-18,seasonal_naive_7d,hormuz_tanker_transits,fold_09,64.0,,
2023-09-19,seasonal_naive_7d,hormuz_tanker_transits,fold_09,66.0,,
2023-09-20,seasonal_naive_7d,hormuz_tanker_transits,fold_09,59.0,,
2023-09-21,seasonal_naive_7d,hormuz_tanker_transits,fold_09,59.0,,
2023-09-22,seasonal_naive_7d,hormuz_tanker_transits,fold_09,87.0,,
2023-09-23,seasonal_naive_7d,hormuz_tanker_transits,fold_09,53.0,,
2023-09-24,seasonal_naive_7d,hormuz_tanker_transits,fold_09,59.0,,
2023-09-25,seasonal_naive_7d,hormuz_tanker_transits,fold_09,65.0,,
2023-09-26,seasonal_naive_7d,hormuz_tanker_transits,fold_09,62.0,,
2023-09-27,seasonal_naive_7d,hormuz_tanker_transits,fold_09,63.0,,
2023-09-28,seasonal_naive_7d,hormuz_tanker_transits,fold_10,72.0,59.0,13.0
2023-09-29,seasonal_naive_7d,hormuz_tanker_transits,fold_10,68.0,87.0,-19.0
2023-09-30,seasonal_naive_7d,hormuz_tanker_transits,fold_10,66.0,53.0,13.0
2023-10-01,seasonal_naive_7d,hormuz_tanker_transits,fold_10,62.0,59.0,3.0
2023-10-02,seasonal_naive_7d,hormuz_tanker_transits,fold_10,67.0,65.0,2.0
2023-10-03,seasonal_naive_7d,hormuz_tanker_transits,fold_10,68.0,62.0,6.0
2023-10-04,seasonal_naive_7d,hormuz_tanker_transits,fold_10,66.0,63.0,3.0
2023-10-05,seasonal_naive_7d,hormuz_tanker_transits,fold_10,62.0,,
2023-10-06,seasonal_naive_7d,hormuz_tanker_transits,fold_10,72.0,,
2023-10-07,seasonal_naive_7d,hormuz_tanker_transits,fold_10,44.0,,
2023-10-08,seasonal_naive_7d,hormuz_tanker_transits,fold_10,73.0,,
2023-10-09,seasonal_naive_7d,hormuz_tanker_transits,fold_10,65.0,,
2023-10-10,seasonal_naive_7d,hormuz_tanker_transits,fold_10,76.0,,
2023-10-11,seasonal_naive_7d,hormuz_tanker_transits,fold_10,56.0,,
2023-10-12,seasonal_naive_7d,hormuz_tanker_transits,fold_10,79.0,,
2023-10-13,seasonal_naive_7d,hormuz_tanker_transits,fold_10,64.0,,
2023-10-14,seasonal_naive_7d,hormuz_tanker_transits,fold_10,59.0,,
2023-10-15,seasonal_naive_7d,hormuz_tanker_transits,fold_10,60.0,,
2023-10-16,seasonal_naive_7d,hormuz_tanker_transits,fold_10,52.0,,
2023-10-17,seasonal_naive_7d,hormuz_tanker_transits,fold_10,60.0,,
2023-10-18,seasonal_naive_7d,hormuz_tanker_transits,fold_10,63.0,,
2023-10-19,seasonal_naive_7d,hormuz_tanker_transits,fold_10,58.0,,
2023-10-20,seasonal_naive_7d,hormuz_tanker_transits,fold_10,68.0,,
2023-10-21,seasonal_naive_7d,hormuz_tanker_transits,fold_10,55.0,,
2023-10-22,seasonal_naive_7d,hormuz_tanker_transits,fold_10,43.0,,
2023-10-23,seasonal_naive_7d,hormuz_tanker_transits,fold_10,55.0,,
2023-10-24,seasonal_naive_7d,hormuz_tanker_transits,fold_10,61.0,,
2023-10-25,seasonal_naive_7d,hormuz_tanker_transits,fold_10,59.0,,
2023-10-26,seasonal_naive_7d,hormuz_tanker_transits,fold_10,67.0,,
2023-10-27,seasonal_naive_7d,hormuz_tanker_transits,fold_10,50.0,,
2023-10-28,seasonal_naive_7d,hormuz_tanker_transits,fold_11,40.0,55.0,-15.0
2023-10-29,seasonal_naive_7d,hormuz_tanker_transits,fold_11,66.0,43.0,23.0
2023-10-30,seasonal_naive_7d,hormuz_tanker_transits,fold_11,72.0,55.0,17.0
2023-10-31,seasonal_naive_7d,hormuz_tanker_transits,fold_11,56.0,61.0,-5.0
2023-11-01,seasonal_naive_7d,hormuz_tanker_transits,fold_11,57.0,59.0,-2.0
2023-11-02,seasonal_naive_7d,hormuz_tanker_transits,fold_11,64.0,67.0,-3.0
2023-11-03,seasonal_naive_7d,hormuz_tanker_transits,fold_11,70.0,50.0,20.0
2023-11-04,seasonal_naive_7d,hormuz_tanker_transits,fold_11,35.0,,
2023-11-05,seasonal_naive_7d,hormuz_tanker_transits,fold_11,41.0,,
2023-11-06,seasonal_naive_7d,hormuz_tanker_transits,fold_11,50.0,,
2023-11-07,seasonal_naive_7d,hormuz_tanker_transits,fold_11,27.0,,
2023-11-08,seasonal_naive_7d,hormuz_tanker_transits,fold_11,39.0,,
2023-11-09,seasonal_naive_7d,hormuz_tanker_transits,fold_11,57.0,,
2023-11-10,seasonal_naive_7d,hormuz_tanker_transits,fold_11,54.0,,
2023-11-11,seasonal_naive_7d,hormuz_tanker_transits,fold_11,69.0,,
2023-11-12,seasonal_naive_7d,hormuz_tanker_transits,fold_11,68.0,,
2023-11-13,seasonal_naive_7d,hormuz_tanker_transits,fold_11,64.0,,
2023-11-14,seasonal_naive_7d,hormuz_tanker_transits,fold_11,55.0,,
2023-11-15,seasonal_naive_7d,hormuz_tanker_transits,fold_11,57.0,,
2023-11-16,seasonal_naive_7d,hormuz_tanker_transits,fold_11,34.0,,
2023-11-17,seasonal_naive_7d,hormuz_tanker_transits,fold_11,48.0,,
2023-11-18,seasonal_naive_7d,hormuz_tanker_transits,fold_11,61.0,,
2023-11-19,seasonal_naive_7d,hormuz_tanker_transits,fold_11,47.0,,
2023-11-20,seasonal_naive_7d,hormuz_tanker_transits,fold_11,63.0,,
2023-11-21,seasonal_naive_7d,hormuz_tanker_transits,fold_11,53.0,,
2023-11-22,seasonal_naive_7d,hormuz_tanker_transits,fold_11,46.0,,
2023-11-23,seasonal_naive_7d,hormuz_tanker_transits,fold_11,52.0,,
2023-11-24,seasonal_naive_7d,hormuz_tanker_transits,fold_11,56.0,,
2023-11-25,seasonal_naive_7d,hormuz_tanker_transits,fold_11,45.0,,
2023-11-26,seasonal_naive_7d,hormuz_tanker_transits,fold_11,50.0,,
2023-11-27,seasonal_naive_7d,hormuz_tanker_transits,fold_12,57.0,63.0,-6.0
2023-11-28,seasonal_naive_7d,hormuz_tanker_transits,fold_12,51.0,53.0,-2.0
2023-11-29,seasonal_naive_7d,hormuz_tanker_transits,fold_12,45.0,46.0,-1.0
2023-11-30,seasonal_naive_7d,hormuz_tanker_transits,fold_12,53.0,52.0,1.0
2023-12-01,seasonal_naive_7d,hormuz_tanker_transits,fold_12,46.0,56.0,-10.0
2023-12-02,seasonal_naive_7d,hormuz_tanker_transits,fold_12,49.0,45.0,4.0
2023-12-03,seasonal_naive_7d,hormuz_tanker_transits,fold_12,60.0,50.0,10.0
2023-12-04,seasonal_naive_7d,hormuz_tanker_transits,fold_12,51.0,,
2023-12-05,seasonal_naive_7d,hormuz_tanker_transits,fold_12,61.0,,
2023-12-06,seasonal_naive_7d,hormuz_tanker_transits,fold_12,56.0,,
2023-12-07,seasonal_naive_7d,hormuz_tanker_transits,fold_12,51.0,,
2023-12-08,seasonal_naive_7d,hormuz_tanker_transits,fold_12,64.0,,
2023-12-09,seasonal_naive_7d,hormuz_tanker_transits,fold_12,57.0,,
2023-12-10,seasonal_naive_7d,hormuz_tanker_transits,fold_12,65.0,,
2023-12-11,seasonal_naive_7d,hormuz_tanker_transits,fold_12,56.0,,
2023-12-12,seasonal_naive_7d,hormuz_tanker_transits,fold_12,46.0,,
2023-12-13,seasonal_naive_7d,hormuz_tanker_transits,fold_12,53.0,,
2023-12-14,seasonal_naive_7d,hormuz_tanker_transits,fold_12,49.0,,
2023-12-15,seasonal_naive_7d,hormuz_tanker_transits,fold_12,62.0,,
2023-12-16,seasonal_naive_7d,hormuz_tanker_transits,fold_12,53.0,,
2023-12-17,seasonal_naive_7d,hormuz_tanker_transits,fold_12,60.0,,
2023-12-18,seasonal_naive_7d,hormuz_tanker_transits,fold_12,45.0,,
2023-12-19,seasonal_naive_7d,hormuz_tanker_transits,fold_12,67.0,,
2023-12-20,seasonal_naive_7d,hormuz_tanker_transits,fold_12,51.0,,
2023-12-21,seasonal_naive_7d,hormuz_tanker_transits,fold_12,64.0,,
2023-12-22,seasonal_naive_7d,hormuz_tanker_transits,fold_12,53.0,,
2023-12-23,seasonal_naive_7d,hormuz_tanker_transits,fold_12,59.0,,
2023-12-24,seasonal_naive_7d,hormuz_tanker_transits,fold_12,48.0,,
2023-12-25,seasonal_naive_7d,hormuz_tanker_transits,fold_12,58.0,,
2023-12-26,seasonal_naive_7d,hormuz_tanker_transits,fold_12,63.0,,
2023-12-27,seasonal_naive_7d,hormuz_tanker_transits,fold_13,50.0,51.0,-1.0
2023-12-28,seasonal_naive_7d,hormuz_tanker_transits,fold_13,60.0,64.0,-4.0
2023-12-29,seasonal_naive_7d,hormuz_tanker_transits,fold_13,65.0,53.0,12.0
2023-12-30,seasonal_naive_7d,hormuz_tanker_transits,fold_13,48.0,59.0,-11.0
2023-12-31,seasonal_naive_7d,hormuz_tanker_transits,fold_13,49.0,48.0,1.0
2024-01-01,seasonal_naive_7d,hormuz_tanker_transits,fold_13,54.0,58.0,-4.0
2024-01-02,seasonal_naive_7d,hormuz_tanker_transits,fold_13,55.0,63.0,-8.0
2024-01-03,seasonal_naive_7d,hormuz_tanker_transits,fold_13,48.0,,
2024-01-04,seasonal_naive_7d,hormuz_tanker_transits,fold_13,59.0,,
2024-01-05,seasonal_naive_7d,hormuz_tanker_transits,fold_13,57.0,,
2024-01-06,seasonal_naive_7d,hormuz_tanker_transits,fold_13,54.0,,
2024-01-07,seasonal_naive_7d,hormuz_tanker_transits,fold_13,53.0,,
2024-01-08,seasonal_naive_7d,hormuz_tanker_transits,fold_13,50.0,,
2024-01-09,seasonal_naive_7d,hormuz_tanker_transits,fold_13,46.0,,
2024-01-10,seasonal_naive_7d,hormuz_tanker_transits,fold_13,53.0,,
2024-01-11,seasonal_naive_7d,hormuz_tanker_transits,fold_13,60.0,,
2024-01-12,seasonal_naive_7d,hormuz_tanker_transits,fold_13,57.0,,
2024-01-13,seasonal_naive_7d,hormuz_tanker_transits,fold_13,61.0,,
2024-01-14,seasonal_naive_7d,hormuz_tanker_transits,fold_13,56.0,,
2024-01-15,seasonal_naive_7d,hormuz_tanker_transits,fold_13,67.0,,
2024-01-16,seasonal_naive_7d,hormuz_tanker_transits,fold_13,60.0,,
2024-01-17,seasonal_naive_7d,hormuz_tanker_transits,fold_13,56.0,,
2024-01-18,seasonal_naive_7d,hormuz_tanker_transits,fold_13,50.0,,
2024-01-19,seasonal_naive_7d,hormuz_tanker_transits,fold_13,52.0,,
2024-01-20,seasonal_naive_7d,hormuz_tanker_transits,fold_13,52.0,,
2024-01-21,seasonal_naive_7d,hormuz_tanker_transits,fold_13,54.0,,
2024-01-22,seasonal_naive_7d,hormuz_tanker_transits,fold_13,53.0,,
2024-01-23,seasonal_naive_7d,hormuz_tanker_transits,fold_13,49.0,,
2024-01-24,seasonal_naive_7d,hormuz_tanker_transits,fold_13,59.0,,
2024-01-25,seasonal_naive_7d,hormuz_tanker_transits,fold_13,50.0,,
2024-01-26,seasonal_naive_7d,hormuz_tanker_transits,fold_14,64.0,52.0,12.0
2024-01-27,seasonal_naive_7d,hormuz_tanker_transits,fold_14,52.0,52.0,0.0
2024-01-28,seasonal_naive_7d,hormuz_tanker_transits,fold_14,53.0,54.0,-1.0
2024-01-29,seasonal_naive_7d,hormuz_tanker_transits,fold_14,45.0,53.0,-8.0
2024-01-30,seasonal_naive_7d,hormuz_tanker_transits,fold_14,45.0,49.0,-4.0
2024-01-31,seasonal_naive_7d,hormuz_tanker_transits,fold_14,61.0,59.0,2.0
2024-02-01,seasonal_naive_7d,hormuz_tanker_transits,fold_14,61.0,50.0,11.0
2024-02-02,seasonal_naive_7d,hormuz_tanker_transits,fold_14,49.0,,
2024-02-03,seasonal_naive_7d,hormuz_tanker_transits,fold_14,51.0,,
2024-02-04,seasonal_naive_7d,hormuz_tanker_transits,fold_14,43.0,,
2024-02-05,seasonal_naive_7d,hormuz_tanker_transits,fold_14,50.0,,
2024-02-06,seasonal_naive_7d,hormuz_tanker_transits,fold_14,45.0,,
2024-02-07,seasonal_naive_7d,hormuz_tanker_transits,fold_14,65.0,,
2024-02-08,seasonal_naive_7d,hormuz_tanker_transits,fold_14,56.0,,
2024-02-09,seasonal_naive_7d,hormuz_tanker_transits,fold_14,51.0,,
2024-02-10,seasonal_naive_7d,hormuz_tanker_transits,fold_14,57.0,,
2024-02-11,seasonal_naive_7d,hormuz_tanker_transits,fold_14,58.0,,
2024-02-12,seasonal_naive_7d,hormuz_tanker_transits,fold_14,69.0,,
2024-02-13,seasonal_naive_7d,hormuz_tanker_transits,fold_14,46.0,,
2024-02-14,seasonal_naive_7d,hormuz_tanker_transits,fold_14,68.0,,
2024-02-15,seasonal_naive_7d,hormuz_tanker_transits,fold_14,65.0,,
2024-02-16,seasonal_naive_7d,hormuz_tanker_transits,fold_14,68.0,,
2024-02-17,seasonal_naive_7d,hormuz_tanker_transits,fold_14,59.0,,
2024-02-18,seasonal_naive_7d,hormuz_tanker_transits,fold_14,42.0,,
2024-02-19,seasonal_naive_7d,hormuz_tanker_transits,fold_14,52.0,,
2024-02-20,seasonal_naive_7d,hormuz_tanker_transits,fold_14,50.0,,
2024-02-21,seasonal_naive_7d,hormuz_tanker_transits,fold_14,56.0,,
2024-02-22,seasonal_naive_7d,hormuz_tanker_transits,fold_14,45.0,,
2024-02-23,seasonal_naive_7d,hormuz_tanker_transits,fold_14,54.0,,
2024-02-24,seasonal_naive_7d,hormuz_tanker_transits,fold_14,59.0,,
2024-02-25,seasonal_naive_7d,hormuz_tanker_transits,fold_15,61.0,42.0,19.0
2024-02-26,seasonal_naive_7d,hormuz_tanker_transits,fold_15,52.0,52.0,0.0
2024-02-27,seasonal_naive_7d,hormuz_tanker_transits,fold_15,56.0,50.0,6.0
2024-02-28,seasonal_naive_7d,hormuz_tanker_transits,fold_15,53.0,56.0,-3.0
2024-02-29,seasonal_naive_7d,hormuz_tanker_transits,fold_15,51.0,45.0,6.0
2024-03-01,seasonal_naive_7d,hormuz_tanker_transits,fold_15,46.0,54.0,-8.0
2024-03-02,seasonal_naive_7d,hormuz_tanker_transits,fold_15,40.0,59.0,-19.0
2024-03-03,seasonal_naive_7d,hormuz_tanker_transits,fold_15,56.0,,
2024-03-04,seasonal_naive_7d,hormuz_tanker_transits,fold_15,77.0,,
2024-03-05,seasonal_naive_7d,hormuz_tanker_transits,fold_15,57.0,,
2024-03-06,seasonal_naive_7d,hormuz_tanker_transits,fold_15,40.0,,
2024-03-07,seasonal_naive_7d,hormuz_tanker_transits,fold_15,54.0,,
2024-03-08,seasonal_naive_7d,hormuz_tanker_transits,fold_15,77.0,,
2024-03-09,seasonal_naive_7d,hormuz_tanker_transits,fold_15,58.0,,
2024-03-10,seasonal_naive_7d,hormuz_tanker_transits,fold_15,53.0,,
2024-03-11,seasonal_naive_7d,hormuz_tanker_transits,fold_15,67.0,,
2024-03-12,seasonal_naive_7d,hormuz_tanker_transits,fold_15,66.0,,
2024-03-13,seasonal_naive_7d,hormuz_tanker_transits,fold_15,51.0,,
2024-03-14,seasonal_naive_7d,hormuz_tanker_transits,fold_15,72.0,,
2024-03-15,seasonal_naive_7d,hormuz_tanker_transits,fold_15,61.0,,
2024-03-16,seasonal_naive_7d,hormuz_tanker_transits,fold_15,75.0,,
2024-03-17,seasonal_naive_7d,hormuz_tanker_transits,fold_15,63.0,,
2024-03-18,seasonal_naive_7d,hormuz_tanker_transits,fold_15,63.0,,
2024-03-19,seasonal_naive_7d,hormuz_tanker_transits,fold_15,51.0,,
2024-03-20,seasonal_naive_7d,hormuz_tanker_transits,fold_15,73.0,,
2024-03-21,seasonal_naive_7d,hormuz_tanker_transits,fold_15,68.0,,
2024-03-22,seasonal_naive_7d,hormuz_tanker_transits,fold_15,61.0,,
2024-03-23,seasonal_naive_7d,hormuz_tanker_transits,fold_15,55.0,,
2024-03-24,seasonal_naive_7d,hormuz_tanker_transits,fold_15,52.0,,
2024-03-25,seasonal_naive_7d,hormuz_tanker_transits,fold_15,54.0,,
2024-03-26,seasonal_naive_7d,hormuz_tanker_transits,fold_16,53.0,51.0,2.0
2024-03-27,seasonal_naive_7d,hormuz_tanker_transits,fold_16,61.0,73.0,-12.0
2024-03-28,seasonal_naive_7d,hormuz_tanker_transits,fold_16,50.0,68.0,-18.0
2024-03-29,seasonal_naive_7d,hormuz_tanker_transits,fold_16,60.0,61.0,-1.0
2024-03-30,seasonal_naive_7d,hormuz_tanker_transits,fold_16,57.0,55.0,2.0
2024-03-31,seasonal_naive_7d,hormuz_tanker_transits,fold_16,67.0,52.0,15.0
2024-04-01,seasonal_naive_7d,hormuz_tanker_transits,fold_16,59.0,54.0,5.0
2024-04-02,seasonal_naive_7d,hormuz_tanker_transits,fold_16,65.0,,
2024-04-03,seasonal_naive_7d,hormuz_tanker_transits,fold_16,58.0,,
2024-04-04,seasonal_naive_7d,hormuz_tanker_transits,fold_16,70.0,,
2024-04-05,seasonal_naive_7d,hormuz_tanker_transits,fold_16,57.0,,
2024-04-06,seasonal_naive_7d,hormuz_tanker_transits,fold_16,67.0,,
2024-04-07,seasonal_naive_7d,hormuz_tanker_transits,fold_16,59.0,,
2024-04-08,seasonal_naive_7d,hormuz_tanker_transits,fold_16,64.0,,
2024-04-09,seasonal_naive_7d,hormuz_tanker_transits,fold_16,68.0,,
2024-04-10,seasonal_naive_7d,hormuz_tanker_transits,fold_16,62.0,,
2024-04-11,seasonal_naive_7d,hormuz_tanker_transits,fold_16,60.0,,
2024-04-12,seasonal_naive_7d,hormuz_tanker_transits,fold_16,58.0,,
2024-04-13,seasonal_naive_7d,hormuz_tanker_transits,fold_16,74.0,,
2024-04-14,seasonal_naive_7d,hormuz_tanker_transits,fold_16,65.0,,
2024-04-15,seasonal_naive_7d,hormuz_tanker_transits,fold_16,54.0,,
2024-04-16,seasonal_naive_7d,hormuz_tanker_transits,fold_16,52.0,,
2024-04-17,seasonal_naive_7d,hormuz_tanker_transits,fold_16,49.0,,
2024-04-18,seasonal_naive_7d,hormuz_tanker_transits,fold_16,50.0,,
2024-04-19,seasonal_naive_7d,hormuz_tanker_transits,fold_16,72.0,,
2024-04-20,seasonal_naive_7d,hormuz_tanker_transits,fold_16,57.0,,
2024-04-21,seasonal_naive_7d,hormuz_tanker_transits,fold_16,73.0,,
2024-04-22,seasonal_naive_7d,hormuz_tanker_transits,fold_16,69.0,,
2024-04-23,seasonal_naive_7d,hormuz_tanker_transits,fold_16,62.0,,
2024-04-24,seasonal_naive_7d,hormuz_tanker_transits,fold_16,56.0,,
2024-04-25,seasonal_naive_7d,hormuz_tanker_transits,fold_17,52.0,50.0,2.0
2024-04-26,seasonal_naive_7d,hormuz_tanker_transits,fold_17,47.0,72.0,-25.0
2024-04-27,seasonal_naive_7d,hormuz_tanker_transits,fold_17,71.0,57.0,14.0
2024-04-28,seasonal_naive_7d,hormuz_tanker_transits,fold_17,58.0,73.0,-15.0
2024-04-29,seasonal_naive_7d,hormuz_tanker_transits,fold_17,50.0,69.0,-19.0
2024-04-30,seasonal_naive_7d,hormuz_tanker_transits,fold_17,74.0,62.0,12.0
2024-05-01,seasonal_naive_7d,hormuz_tanker_transits,fold_17,62.0,56.0,6.0
2024-05-02,seasonal_naive_7d,hormuz_tanker_transits,fold_17,43.0,,
2024-05-03,seasonal_naive_7d,hormuz_tanker_transits,fold_17,53.0,,
2024-05-04,seasonal_naive_7d,hormuz_tanker_transits,fold_17,76.0,,
2024-05-05,seasonal_naive_7d,hormuz_tanker_transits,fold_17,65.0,,
2024-05-06,seasonal_naive_7d,hormuz_tanker_transits,fold_17,60.0,,
2024-05-07,seasonal_naive_7d,hormuz_tanker_transits,fold_17,67.0,,
2024-05-08,seasonal_naive_7d,hormuz_tanker_transits,fold_17,54.0,,
2024-05-09,seasonal_naive_7d,hormuz_tanker_transits,fold_17,59.0,,
2024-05-10,seasonal_naive_7d,hormuz_tanker_transits,fold_17,53.0,,
2024-05-11,seasonal_naive_7d,hormuz_tanker_transits,fold_17,70.0,,
2024-05-12,seasonal_naive_7d,hormuz_tanker_transits,fold_17,58.0,,
2024-05-13,seasonal_naive_7d,hormuz_tanker_transits,fold_17,74.0,,
2024-05-14,seasonal_naive_7d,hormuz_tanker_transits,fold_17,64.0,,
2024-05-15,seasonal_naive_7d,hormuz_tanker_transits,fold_17,64.0,,
2024-05-16,seasonal_naive_7d,hormuz_tanker_transits,fold_17,66.0,,
2024-05-17,seasonal_naive_7d,hormuz_tanker_transits,fold_17,55.0,,
2024-05-18,seasonal_naive_7d,hormuz_tanker_transits,fold_17,56.0,,
2024-05-19,seasonal_naive_7d,hormuz_tanker_transits,fold_17,66.0,,
2024-05-20,seasonal_naive_7d,hormuz_tanker_transits,fold_17,59.0,,
2024-05-21,seasonal_naive_7d,hormuz_tanker_transits,fold_17,64.0,,
2024-05-22,seasonal_naive_7d,hormuz_tanker_transits,fold_17,63.0,,
2024-05-23,seasonal_naive_7d,hormuz_tanker_transits,fold_17,68.0,,
2024-05-24,seasonal_naive_7d,hormuz_tanker_transits,fold_17,67.0,,
2024-05-25,seasonal_naive_7d,hormuz_tanker_transits,fold_18,66.0,56.0,10.0
2024-05-26,seasonal_naive_7d,hormuz_tanker_transits,fold_18,70.0,66.0,4.0
2024-05-27,seasonal_naive_7d,hormuz_tanker_transits,fold_18,62.0,59.0,3.0
2024-05-28,seasonal_naive_7d,hormuz_tanker_transits,fold_18,69.0,64.0,5.0
2024-05-29,seasonal_naive_7d,hormuz_tanker_transits,fold_18,59.0,63.0,-4.0
2024-05-30,seasonal_naive_7d,hormuz_tanker_transits,fold_18,57.0,68.0,-11.0
2024-05-31,seasonal_naive_7d,hormuz_tanker_transits,fold_18,57.0,67.0,-10.0
2024-06-01,seasonal_naive_7d,hormuz_tanker_transits,fold_18,62.0,,
2024-06-02,seasonal_naive_7d,hormuz_tanker_transits,fold_18,81.0,,
2024-06-03,seasonal_naive_7d,hormuz_tanker_transits,fold_18,60.0,,
2024-06-04,seasonal_naive_7d,hormuz_tanker_transits,fold_18,61.0,,
2024-06-05,seasonal_naive_7d,hormuz_tanker_transits,fold_18,59.0,,
2024-06-06,seasonal_naive_7d,hormuz_tanker_transits,fold_18,57.0,,
2024-06-07,seasonal_naive_7d,hormuz_tanker_transits,fold_18,63.0,,
2024-06-08,seasonal_naive_7d,hormuz_tanker_transits,fold_18,66.0,,
2024-06-09,seasonal_naive_7d,hormuz_tanker_transits,fold_18,76.0,,
2024-06-10,seasonal_naive_7d,hormuz_tanker_transits,fold_18,65.0,,
2024-06-11,seasonal_naive_7d,hormuz_tanker_transits,fold_18,66.0,,
2024-06-12,seasonal_naive_7d,hormuz_tanker_transits,fold_18,58.0,,
2024-06-13,seasonal_naive_7d,hormuz_tanker_transits,fold_18,57.0,,
2024-06-14,seasonal_naive_7d,hormuz_tanker_transits,fold_18,58.0,,
2024-06-15,seasonal_naive_7d,hormuz_tanker_transits,fold_18,67.0,,
2024-06-16,seasonal_naive_7d,hormuz_tanker_transits,fold_18,54.0,,
2024-06-17,seasonal_naive_7d,hormuz_tanker_transits,fold_18,62.0,,
2024-06-18,seasonal_naive_7d,hormuz_tanker_transits,fold_18,52.0,,
2024-06-19,seasonal_naive_7d,hormuz_tanker_transits,fold_18,65.0,,
2024-06-20,seasonal_naive_7d,hormuz_tanker_transits,fold_18,61.0,,
2024-06-21,seasonal_naive_7d,hormuz_tanker_transits,fold_18,56.0,,
2024-06-22,seasonal_naive_7d,hormuz_tanker_transits,fold_18,54.0,,
2024-06-23,seasonal_naive_7d,hormuz_tanker_transits,fold_18,56.0,,
2024-06-24,seasonal_naive_7d,hormuz_tanker_transits,fold_19,65.0,62.0,3.0
2024-06-25,seasonal_naive_7d,hormuz_tanker_transits,fold_19,69.0,52.0,17.0
2024-06-26,seasonal_naive_7d,hormuz_tanker_transits,fold_19,57.0,65.0,-8.0
2024-06-27,seasonal_naive_7d,hormuz_tanker_transits,fold_19,80.0,61.0,19.0
2024-06-28,seasonal_naive_7d,hormuz_tanker_transits,fold_19,53.0,56.0,-3.0
2024-06-29,seasonal_naive_7d,hormuz_tanker_transits,fold_19,53.0,54.0,-1.0
2024-06-30,seasonal_naive_7d,hormuz_tanker_transits,fold_19,62.0,56.0,6.0
2024-07-01,seasonal_naive_7d,hormuz_tanker_transits,fold_19,44.0,,
2024-07-02,seasonal_naive_7d,hormuz_tanker_transits,fold_19,76.0,,
2024-07-03,seasonal_naive_7d,hormuz_tanker_transits,fold_19,64.0,,
2024-07-04,seasonal_naive_7d,hormuz_tanker_transits,fold_19,72.0,,
2024-07-05,seasonal_naive_7d,hormuz_tanker_transits,fold_19,53.0,,
2024-07-06,seasonal_naive_7d,hormuz_tanker_transits,fold_19,59.0,,
2024-07-07,seasonal_naive_7d,hormuz_tanker_transits,fold_19,69.0,,
2024-07-08,seasonal_naive_7d,hormuz_tanker_transits,fold_19,65.0,,
2024-07-09,seasonal_naive_7d,hormuz_tanker_transits,fold_19,71.0,,
2024-07-10,seasonal_naive_7d,hormuz_tanker_transits,fold_19,59.0,,
2024-07-11,seasonal_naive_7d,hormuz_tanker_transits,fold_19,70.0,,
2024-07-12,seasonal_naive_7d,hormuz_tanker_transits,fold_19,59.0,,
2024-07-13,seasonal_naive_7d,hormuz_tanker_transits,fold_19,64.0,,
2024-07-14,seasonal_naive_7d,hormuz_tanker_transits,fold_19,69.0,,
2024-07-15,seasonal_naive_7d,hormuz_tanker_transits,fold_19,63.0,,
2024-07-16,seasonal_naive_7d,hormuz_tanker_transits,fold_19,64.0,,
2024-07-17,seasonal_naive_7d,hormuz_tanker_transits,fold_19,68.0,,
2024-07-18,seasonal_naive_7d,hormuz_tanker_transits,fold_19,55.0,,
2024-07-19,seasonal_naive_7d,hormuz_tanker_transits,fold_19,59.0,,
2024-07-20,seasonal_naive_7d,hormuz_tanker_transits,fold_19,59.0,,
2024-07-21,seasonal_naive_7d,hormuz_tanker_transits,fold_19,60.0,,
2024-07-22,seasonal_naive_7d,hormuz_tanker_transits,fold_19,53.0,,
2024-07-23,seasonal_naive_7d,hormuz_tanker_transits,fold_19,59.0,,
2024-07-24,seasonal_naive_7d,hormuz_tanker_transits,fold_20,62.0,68.0,-6.0
2024-07-25,seasonal_naive_7d,hormuz_tanker_transits,fold_20,71.0,55.0,16.0
2024-07-26,seasonal_naive_7d,hormuz_tanker_transits,fold_20,44.0,59.0,-15.0
2024-07-27,seasonal_naive_7d,hormuz_tanker_transits,fold_20,67.0,59.0,8.0
2024-07-28,seasonal_naive_7d,hormuz_tanker_transits,fold_20,57.0,60.0,-3.0
2024-07-29,seasonal_naive_7d,hormuz_tanker_transits,fold_20,67.0,53.0,14.0
2024-07-30,seasonal_naive_7d,hormuz_tanker_transits,fold_20,46.0,59.0,-13.0
2024-07-31,seasonal_naive_7d,hormuz_tanker_transits,fold_20,63.0,,
2024-08-01,seasonal_naive_7d,hormuz_tanker_transits,fold_20,50.0,,
2024-08-02,seasonal_naive_7d,hormuz_tanker_transits,fold_20,61.0,,
2024-08-03,seasonal_naive_7d,hormuz_tanker_transits,fold_20,64.0,,
2024-08-04,seasonal_naive_7d,hormuz_tanker_transits,fold_20,58.0,,
2024-08-05,seasonal_naive_7d,hormuz_tanker_transits,fold_20,56.0,,
2024-08-06,seasonal_naive_7d,hormuz_tanker_transits,fold_20,59.0,,
2024-08-07,seasonal_naive_7d,hormuz_tanker_transits,fold_20,59.0,,
2024-08-08,seasonal_naive_7d,hormuz_tanker_transits,fold_20,67.0,,
2024-08-09,seasonal_naive_7d,hormuz_tanker_transits,fold_20,58.0,,
2024-08-10,seasonal_naive_7d,hormuz_tanker_transits,fold_20,70.0,,
2024-08-11,seasonal_naive_7d,hormuz_tanker_transits,fold_20,54.0,,
2024-08-12,seasonal_naive_7d,hormuz_tanker_transits,fold_20,67.0,,
2024-08-13,seasonal_naive_7d,hormuz_tanker_transits,fold_20,57.0,,
2024-08-14,seasonal_naive_7d,hormuz_tanker_transits,fold_20,52.0,,
2024-08-15,seasonal_naive_7d,hormuz_tanker_transits,fold_20,49.0,,
2024-08-16,seasonal_naive_7d,hormuz_tanker_transits,fold_20,48.0,,
2024-08-17,seasonal_naive_7d,hormuz_tanker_transits,fold_20,46.0,,
2024-08-18,seasonal_naive_7d,hormuz_tanker_transits,fold_20,50.0,,
2024-08-19,seasonal_naive_7d,hormuz_tanker_transits,fold_20,53.0,,
2024-08-20,seasonal_naive_7d,hormuz_tanker_transits,fold_20,47.0,,
2024-08-21,seasonal_naive_7d,hormuz_tanker_transits,fold_20,53.0,,
2024-08-22,seasonal_naive_7d,hormuz_tanker_transits,fold_20,48.0,,
2024-08-23,seasonal_naive_7d,hormuz_tanker_transits,fold_21,50.0,48.0,2.0
2024-08-24,seasonal_naive_7d,hormuz_tanker_transits,fold_21,78.0,46.0,32.0
2024-08-25,seasonal_naive_7d,hormuz_tanker_transits,fold_21,58.0,50.0,8.0
2024-08-26,seasonal_naive_7d,hormuz_tanker_transits,fold_21,63.0,53.0,10.0
2024-08-27,seasonal_naive_7d,hormuz_tanker_transits,fold_21,75.0,47.0,28.0
2024-08-28,seasonal_naive_7d,hormuz_tanker_transits,fold_21,81.0,53.0,28.0
2024-08-29,seasonal_naive_7d,hormuz_tanker_transits,fold_21,66.0,48.0,18.0
2024-08-30,seasonal_naive_7d,hormuz_tanker_transits,fold_21,62.0,,
2024-08-31,seasonal_naive_7d,hormuz_tanker_transits,fold_21,58.0,,
2024-09-01,seasonal_naive_7d,hormuz_tanker_transits,fold_21,50.0,,
2024-09-02,seasonal_naive_7d,hormuz_tanker_transits,fold_21,55.0,,
2024-09-03,seasonal_naive_7d,hormuz_tanker_transits,fold_21,83.0,,
2024-09-04,seasonal_naive_7d,hormuz_tanker_transits,fold_21,74.0,,
2024-09-05,seasonal_naive_7d,hormuz_tanker_transits,fold_21,62.0,,
2024-09-06,seasonal_naive_7d,hormuz_tanker_transits,fold_21,60.0,,
2024-09-07,seasonal_naive_7d,hormuz_tanker_transits,fold_21,67.0,,
2024-09-08,seasonal_naive_7d,hormuz_tanker_transits,fold_21,51.0,,
2024-09-09,seasonal_naive_7d,hormuz_tanker_transits,fold_21,66.0,,
2024-09-10,seasonal_naive_7d,hormuz_tanker_transits,fold_21,67.0,,
2024-09-11,seasonal_naive_7d,hormuz_tanker_transits,fold_21,56.0,,
2024-09-12,seasonal_naive_7d,hormuz_tanker_transits,fold_21,66.0,,
2024-09-13,seasonal_naive_7d,hormuz_tanker_transits,fold_21,63.0,,
2024-09-14,seasonal_naive_7d,hormuz_tanker_transits,fold_21,67.0,,
2024-09-15,seasonal_naive_7d,hormuz_tanker_transits,fold_21,57.0,,
2024-09-16,seasonal_naive_7d,hormuz_tanker_transits,fold_21,55.0,,
2024-09-17,seasonal_naive_7d,hormuz_tanker_transits,fold_21,61.0,,
2024-09-18,seasonal_naive_7d,hormuz_tanker_transits,fold_21,73.0,,
2024-09-19,seasonal_naive_7d,hormuz_tanker_transits,fold_21,63.0,,
2024-09-20,seasonal_naive_7d,hormuz_tanker_transits,fold_21,56.0,,
2024-09-21,seasonal_naive_7d,hormuz_tanker_transits,fold_21,60.0,,
2024-09-22,seasonal_naive_7d,hormuz_tanker_transits,fold_22,62.0,57.0,5.0
2024-09-23,seasonal_naive_7d,hormuz_tanker_transits,fold_22,75.0,55.0,20.0
2024-09-24,seasonal_naive_7d,hormuz_tanker_transits,fold_22,63.0,61.0,2.0
2024-09-25,seasonal_naive_7d,hormuz_tanker_transits,fold_22,66.0,73.0,-7.0
2024-09-26,seasonal_naive_7d,hormuz_tanker_transits,fold_22,56.0,63.0,-7.0
2024-09-27,seasonal_naive_7d,hormuz_tanker_transits,fold_22,52.0,56.0,-4.0
2024-09-28,seasonal_naive_7d,hormuz_tanker_transits,fold_22,68.0,60.0,8.0
2024-09-29,seasonal_naive_7d,hormuz_tanker_transits,fold_22,53.0,,
2024-09-30,seasonal_naive_7d,hormuz_tanker_transits,fold_22,48.0,,
2024-10-01,seasonal_naive_7d,hormuz_tanker_transits,fold_22,59.0,,
2024-10-02,seasonal_naive_7d,hormuz_tanker_transits,fold_22,68.0,,
2024-10-03,seasonal_naive_7d,hormuz_tanker_transits,fold_22,53.0,,
2024-10-04,seasonal_naive_7d,hormuz_tanker_transits,fold_22,62.0,,
2024-10-05,seasonal_naive_7d,hormuz_tanker_transits,fold_22,53.0,,
2024-10-06,seasonal_naive_7d,hormuz_tanker_transits,fold_22,47.0,,
2024-10-07,seasonal_naive_7d,hormuz_tanker_transits,fold_22,73.0,,
2024-10-08,seasonal_naive_7d,hormuz_tanker_transits,fold_22,69.0,,
2024-10-09,seasonal_naive_7d,hormuz_tanker_transits,fold_22,56.0,,
2024-10-10,seasonal_naive_7d,hormuz_tanker_transits,fold_22,65.0,,
2024-10-11,seasonal_naive_7d,hormuz_tanker_transits,fold_22,63.0,,
2024-10-12,seasonal_naive_7d,hormuz_tanker_transits,fold_22,68.0,,
2024-10-13,seasonal_naive_7d,hormuz_tanker_transits,fold_22,63.0,,
2024-10-14,seasonal_naive_7d,hormuz_tanker_transits,fold_22,55.0,,
2024-10-15,seasonal_naive_7d,hormuz_tanker_transits,fold_22,65.0,,
2024-10-16,seasonal_naive_7d,hormuz_tanker_transits,fold_22,56.0,,
2024-10-17,seasonal_naive_7d,hormuz_tanker_transits,fold_22,65.0,,
2024-10-18,seasonal_naive_7d,hormuz_tanker_transits,fold_22,65.0,,
2024-10-19,seasonal_naive_7d,hormuz_tanker_transits,fold_22,57.0,,
2024-10-20,seasonal_naive_7d,hormuz_tanker_transits,fold_22,53.0,,
2024-10-21,seasonal_naive_7d,hormuz_tanker_transits,fold_22,46.0,,
2024-10-22,seasonal_naive_7d,hormuz_tanker_transits,fold_23,51.0,65.0,-14.0
2024-10-23,seasonal_naive_7d,hormuz_tanker_transits,fold_23,41.0,56.0,-15.0
2024-10-24,seasonal_naive_7d,hormuz_tanker_transits,fold_23,56.0,65.0,-9.0
2024-10-25,seasonal_naive_7d,hormuz_tanker_transits,fold_23,63.0,65.0,-2.0
2024-10-26,seasonal_naive_7d,hormuz_tanker_transits,fold_23,47.0,57.0,-10.0
2024-10-27,seasonal_naive_7d,hormuz_tanker_transits,fold_23,57.0,53.0,4.0
2024-10-28,seasonal_naive_7d,hormuz_tanker_transits,fold_23,48.0,46.0,2.0
2024-10-29,seasonal_naive_7d,hormuz_tanker_transits,fold_23,40.0,,
2024-10-30,seasonal_naive_7d,hormuz_tanker_transits,fold_23,56.0,,
2024-10-31,seasonal_naive_7d,hormuz_tanker_transits,fold_23,45.0,,
2024-11-01,seasonal_naive_7d,hormuz_tanker_transits,fold_23,63.0,,
2024-11-02,seasonal_naive_7d,hormuz_tanker_transits,fold_23,58.0,,
2024-11-03,seasonal_naive_7d,hormuz_tanker_transits,fold_23,67.0,,
2024-11-04,seasonal_naive_7d,hormuz_tanker_transits,fold_23,63.0,,
2024-11-05,seasonal_naive_7d,hormuz_tanker_transits,fold_23,67.0,,
2024-11-06,seasonal_naive_7d,hormuz_tanker_transits,fold_23,56.0,,
2024-11-07,seasonal_naive_7d,hormuz_tanker_transits,fold_23,59.0,,
2024-11-08,seasonal_naive_7d,hormuz_tanker_transits,fold_23,60.0,,
2024-11-09,seasonal_naive_7d,hormuz_tanker_transits,fold_23,59.0,,
2024-11-10,seasonal_naive_7d,hormuz_tanker_transits,fold_23,55.0,,
2024-11-11,seasonal_naive_7d,hormuz_tanker_transits,fold_23,61.0,,
2024-11-12,seasonal_naive_7d,hormuz_tanker_transits,fold_23,41.0,,
2024-11-13,seasonal_naive_7d,hormuz_tanker_transits,fold_23,49.0,,
2024-11-14,seasonal_naive_7d,hormuz_tanker_transits,fold_23,56.0,,
2024-11-15,seasonal_naive_7d,hormuz_tanker_transits,fold_23,58.0,,
2024-11-16,seasonal_naive_7d,hormuz_tanker_transits,fold_23,53.0,,
2024-11-17,seasonal_naive_7d,hormuz_tanker_transits,fold_23,43.0,,
2024-11-18,seasonal_naive_7d,hormuz_tanker_transits,fold_23,69.0,,
2024-11-19,seasonal_naive_7d,hormuz_tanker_transits,fold_23,49.0,,
2024-11-20,seasonal_naive_7d,hormuz_tanker_transits,fold_23,62.0,,
2024-11-21,seasonal_naive_7d,hormuz_tanker_transits,fold_24,49.0,56.0,-7.0
2024-11-22,seasonal_naive_7d,hormuz_tanker_transits,fold_24,45.0,58.0,-13.0
2024-11-23,seasonal_naive_7d,hormuz_tanker_transits,fold_24,43.0,53.0,-10.0
2024-11-24,seasonal_naive_7d,hormuz_tanker_transits,fold_24,48.0,43.0,5.0
2024-11-25,seasonal_naive_7d,hormuz_tanker_transits,fold_24,48.0,69.0,-21.0
2024-11-26,seasonal_naive_7d,hormuz_tanker_transits,fold_24,50.0,49.0,1.0
2024-11-27,seasonal_naive_7d,hormuz_tanker_transits,fold_24,53.0,62.0,-9.0
2024-11-28,seasonal_naive_7d,hormuz_tanker_transits,fold_24,61.0,,
2024-11-29,seasonal_naive_7d,hormuz_tanker_transits,fold_24,41.0,,
2024-11-30,seasonal_naive_7d,hormuz_tanker_transits,fold_24,45.0,,
2024-12-01,seasonal_naive_7d,hormuz_tanker_transits,fold_24,40.0,,
2024-12-02,seasonal_naive_7d,hormuz_tanker_transits,fold_24,43.0,,
2024-12-03,seasonal_naive_7d,hormuz_tanker_transits,fold_24,28.0,,
2024-12-04,seasonal_naive_7d,hormuz_tanker_transits,fold_24,49.0,,
2024-12-05,seasonal_naive_7d,hormuz_tanker_transits,fold_24,56.0,,
2024-12-06,seasonal_naive_7d,hormuz_tanker_transits,fold_24,52.0,,
2024-12-07,seasonal_naive_7d,hormuz_tanker_transits,fold_24,58.0,,
2024-12-08,seasonal_naive_7d,hormuz_tanker_transits,fold_24,53.0,,
2024-12-09,seasonal_naive_7d,hormuz_tanker_transits,fold_24,39.0,,
2024-12-10,seasonal_naive_7d,hormuz_tanker_transits,fold_24,50.0,,
2024-12-11,seasonal_naive_7d,hormuz_tanker_transits,fold_24,50.0,,
2024-12-12,seasonal_naive_7d,hormuz_tanker_transits,fold_24,56.0,,
2024-12-13,seasonal_naive_7d,hormuz_tanker_transits,fold_24,54.0,,
2024-12-14,seasonal_naive_7d,hormuz_tanker_transits,fold_24,58.0,,
2024-12-15,seasonal_naive_7d,hormuz_tanker_transits,fold_24,43.0,,
2024-12-16,seasonal_naive_7d,hormuz_tanker_transits,fold_24,45.0,,
2024-12-17,seasonal_naive_7d,hormuz_tanker_transits,fold_24,38.0,,
2024-12-18,seasonal_naive_7d,hormuz_tanker_transits,fold_24,61.0,,
2024-12-19,seasonal_naive_7d,hormuz_tanker_transits,fold_24,50.0,,
2024-12-20,seasonal_naive_7d,hormuz_tanker_transits,fold_24,52.0,,
2024-12-21,seasonal_naive_7d,hormuz_tanker_transits,fold_25,48.0,58.0,-10.0
2024-12-22,seasonal_naive_7d,hormuz_tanker_transits,fold_25,32.0,43.0,-11.0
2024-12-23,seasonal_naive_7d,hormuz_tanker_transits,fold_25,30.0,45.0,-15.0
2024-12-24,seasonal_naive_7d,hormuz_tanker_transits,fold_25,41.0,38.0,3.0
2024-12-25,seasonal_naive_7d,hormuz_tanker_transits,fold_25,40.0,61.0,-21.0
2024-12-26,seasonal_naive_7d,hormuz_tanker_transits,fold_25,40.0,50.0,-10.0
2024-12-27,seasonal_naive_7d,hormuz_tanker_transits,fold_25,43.0,52.0,-9.0
2024-12-28,seasonal_naive_7d,hormuz_tanker_transits,fold_25,30.0,,
2024-12-29,seasonal_naive_7d,hormuz_tanker_transits,fold_25,41.0,,
2024-12-30,seasonal_naive_7d,hormuz_tanker_transits,fold_25,43.0,,
2024-12-31,seasonal_naive_7d,hormuz_tanker_transits,fold_25,44.0,,
2025-01-01,seasonal_naive_7d,hormuz_tanker_transits,fold_25,46.0,,
2025-01-02,seasonal_naive_7d,hormuz_tanker_transits,fold_25,35.0,,
2025-01-03,seasonal_naive_7d,hormuz_tanker_transits,fold_25,44.0,,
2025-01-04,seasonal_naive_7d,hormuz_tanker_transits,fold_25,42.0,,
2025-01-05,seasonal_naive_7d,hormuz_tanker_transits,fold_25,41.0,,
2025-01-06,seasonal_naive_7d,hormuz_tanker_transits,fold_25,32.0,,
2025-01-07,seasonal_naive_7d,hormuz_tanker_transits,fold_25,40.0,,
2025-01-08,seasonal_naive_7d,hormuz_tanker_transits,fold_25,30.0,,
2025-01-09,seasonal_naive_7d,hormuz_tanker_transits,fold_25,41.0,,
2025-01-10,seasonal_naive_7d,hormuz_tanker_transits,fold_25,40.0,,
2025-01-11,seasonal_naive_7d,hormuz_tanker_transits,fold_25,57.0,,
2025-01-12,seasonal_naive_7d,hormuz_tanker_transits,fold_25,53.0,,
2025-01-13,seasonal_naive_7d,hormuz_tanker_transits,fold_25,40.0,,
2025-01-14,seasonal_naive_7d,hormuz_tanker_transits,fold_25,31.0,,
2025-01-15,seasonal_naive_7d,hormuz_tanker_transits,fold_25,39.0,,
2025-01-16,seasonal_naive_7d,hormuz_tanker_transits,fold_25,51.0,,
2025-01-17,seasonal_naive_7d,hormuz_tanker_transits,fold_25,46.0,,
2025-01-18,seasonal_naive_7d,hormuz_tanker_transits,fold_25,40.0,,
2025-01-19,seasonal_naive_7d,hormuz_tanker_transits,fold_25,36.0,,
2025-01-20,seasonal_naive_7d,hormuz_tanker_transits,fold_26,53.0,40.0,13.0
2025-01-21,seasonal_naive_7d,hormuz_tanker_transits,fold_26,42.0,31.0,11.0
2025-01-22,seasonal_naive_7d,hormuz_tanker_transits,fold_26,49.0,39.0,10.0
2025-01-23,seasonal_naive_7d,hormuz_tanker_transits,fold_26,41.0,51.0,-10.0
2025-01-24,seasonal_naive_7d,hormuz_tanker_transits,fold_26,38.0,46.0,-8.0
2025-01-25,seasonal_naive_7d,hormuz_tanker_transits,fold_26,57.0,40.0,17.0
2025-01-26,seasonal_naive_7d,hormuz_tanker_transits,fold_26,52.0,36.0,16.0
2025-01-27,seasonal_naive_7d,hormuz_tanker_transits,fold_26,44.0,,
2025-01-28,seasonal_naive_7d,hormuz_tanker_transits,fold_26,42.0,,
2025-01-29,seasonal_naive_7d,hormuz_tanker_transits,fold_26,48.0,,
2025-01-30,seasonal_naive_7d,hormuz_tanker_transits,fold_26,41.0,,
2025-01-31,seasonal_naive_7d,hormuz_tanker_transits,fold_26,48.0,,
2025-02-01,seasonal_naive_7d,hormuz_tanker_transits,fold_26,41.0,,
2025-02-02,seasonal_naive_7d,hormuz_tanker_transits,fold_26,46.0,,
2025-02-03,seasonal_naive_7d,hormuz_tanker_transits,fold_26,49.0,,
2025-02-04,seasonal_naive_7d,hormuz_tanker_transits,fold_26,49.0,,
2025-02-05,seasonal_naive_7d,hormuz_tanker_transits,fold_26,43.0,,
2025-02-06,seasonal_naive_7d,hormuz_tanker_transits,fold_26,38.0,,
2025-02-07,seasonal_naive_7d,hormuz_tanker_transits,fold_26,40.0,,
2025-02-08,seasonal_naive_7d,hormuz_tanker_transits,fold_26,39.0,,
2025-02-09,seasonal_naive_7d,hormuz_tanker_transits,fold_26,52.0,,
2025-02-10,seasonal_naive_7d,hormuz_tanker_transits,fold_26,48.0,,
2025-02-11,seasonal_naive_7d,hormuz_tanker_transits,fold_26,48.0,,
2025-02-12,seasonal_naive_7d,hormuz_tanker_transits,fold_26,59.0,,
2025-02-13,seasonal_naive_7d,hormuz_tanker_transits,fold_26,61.0,,
2025-02-14,seasonal_naive_7d,hormuz_tanker_transits,fold_26,49.0,,
2025-02-15,seasonal_naive_7d,hormuz_tanker_transits,fold_26,57.0,,
2025-02-16,seasonal_naive_7d,hormuz_tanker_transits,fold_26,49.0,,
2025-02-17,seasonal_naive_7d,hormuz_tanker_transits,fold_26,48.0,,
2025-02-18,seasonal_naive_7d,hormuz_tanker_transits,fold_26,50.0,,
2025-02-19,seasonal_naive_7d,hormuz_tanker_transits,fold_27,58.0,59.0,-1.0
2025-02-20,seasonal_naive_7d,hormuz_tanker_transits,fold_27,58.0,61.0,-3.0
2025-02-21,seasonal_naive_7d,hormuz_tanker_transits,fold_27,51.0,49.0,2.0
2025-02-22,seasonal_naive_7d,hormuz_tanker_transits,fold_27,68.0,57.0,11.0
2025-02-23,seasonal_naive_7d,hormuz_tanker_transits,fold_27,46.0,49.0,-3.0
2025-02-24,seasonal_naive_7d,hormuz_tanker_transits,fold_27,57.0,48.0,9.0
2025-02-25,seasonal_naive_7d,hormuz_tanker_transits,fold_27,40.0,50.0,-10.0
2025-02-26,seasonal_naive_7d,hormuz_tanker_transits,fold_27,27.0,,
2025-02-27,seasonal_naive_7d,hormuz_tanker_transits,fold_27,42.0,,
2025-02-28,seasonal_naive_7d,hormuz_tanker_transits,fold_27,41.0,,
2025-03-01,seasonal_naive_7d,hormuz_tanker_transits,fold_27,50.0,,
2025-03-02,seasonal_naive_7d,hormuz_tanker_transits,fold_27,34.0,,
2025-03-03,seasonal_naive_7d,hormuz_tanker_transits,fold_27,65.0,,
2025-03-04,seasonal_naive_7d,hormuz_tanker_transits,fold_27,46.0,,
2025-03-05,seasonal_naive_7d,hormuz_tanker_transits,fold_27,48.0,,
2025-03-06,seasonal_naive_7d,hormuz_tanker_transits,fold_27,66.0,,
2025-03-07,seasonal_naive_7d,hormuz_tanker_transits,fold_27,62.0,,
2025-03-08,seasonal_naive_7d,hormuz_tanker_transits,fold_27,70.0,,
2025-03-09,seasonal_naive_7d,hormuz_tanker_transits,fold_27,49.0,,
2025-03-10,seasonal_naive_7d,hormuz_tanker_transits,fold_27,50.0,,
2025-03-11,seasonal_naive_7d,hormuz_tanker_transits,fold_27,50.0,,
2025-03-12,seasonal_naive_7d,hormuz_tanker_transits,fold_27,72.0,,
2025-03-13,seasonal_naive_7d,hormuz_tanker_transits,fold_27,60.0,,
2025-03-14,seasonal_naive_7d,hormuz_tanker_transits,fold_27,52.0,,
2025-03-15,seasonal_naive_7d,hormuz_tanker_transits,fold_27,45.0,,
2025-03-16,seasonal_naive_7d,hormuz_tanker_transits,fold_27,66.0,,
2025-03-17,seasonal_naive_7d,hormuz_tanker_transits,fold_27,41.0,,
2025-03-18,seasonal_naive_7d,hormuz_tanker_transits,fold_27,60.0,,
2025-03-19,seasonal_naive_7d,hormuz_tanker_transits,fold_27,61.0,,
2025-03-20,seasonal_naive_7d,hormuz_tanker_transits,fold_27,72.0,,
2025-03-21,seasonal_naive_7d,hormuz_tanker_transits,fold_28,56.0,52.0,4.0
2025-03-22,seasonal_naive_7d,hormuz_tanker_transits,fold_28,51.0,45.0,6.0
2025-03-23,seasonal_naive_7d,hormuz_tanker_transits,fold_28,51.0,66.0,-15.0
2025-03-24,seasonal_naive_7d,hormuz_tanker_transits,fold_28,45.0,41.0,4.0
2025-03-25,seasonal_naive_7d,hormuz_tanker_transits,fold_28,36.0,60.0,-24.0
2025-03-26,seasonal_naive_7d,hormuz_tanker_transits,fold_28,36.0,61.0,-25.0
2025-03-27,seasonal_naive_7d,hormuz_tanker_transits,fold_28,41.0,72.0,-31.0
2025-03-28,seasonal_naive_7d,hormuz_tanker_transits,fold_28,66.0,,
2025-03-29,seasonal_naive_7d,hormuz_tanker_transits,fold_28,74.0,,
2025-03-30,seasonal_naive_7d,hormuz_tanker_transits,fold_28,67.0,,
2025-03-31,seasonal_naive_7d,hormuz_tanker_transits,fold_28,54.0,,
2025-04-01,seasonal_naive_7d,hormuz_tanker_transits,fold_28,59.0,,
2025-04-02,seasonal_naive_7d,hormuz_tanker_transits,fold_28,68.0,,
2025-04-03,seasonal_naive_7d,hormuz_tanker_transits,fold_28,76.0,,
2025-04-04,seasonal_naive_7d,hormuz_tanker_transits,fold_28,63.0,,
2025-04-05,seasonal_naive_7d,hormuz_tanker_transits,fold_28,57.0,,
2025-04-06,seasonal_naive_7d,hormuz_tanker_transits,fold_28,63.0,,
2025-04-07,seasonal_naive_7d,hormuz_tanker_transits,fold_28,58.0,,
2025-04-08,seasonal_naive_7d,hormuz_tanker_transits,fold_28,74.0,,
2025-04-09,seasonal_naive_7d,hormuz_tanker_transits,fold_28,60.0,,
2025-04-10,seasonal_naive_7d,hormuz_tanker_transits,fold_28,55.0,,
2025-04-11,seasonal_naive_7d,hormuz_tanker_transits,fold_28,58.0,,
2025-04-12,seasonal_naive_7d,hormuz_tanker_transits,fold_28,47.0,,
2025-04-13,seasonal_naive_7d,hormuz_tanker_transits,fold_28,66.0,,
2025-04-14,seasonal_naive_7d,hormuz_tanker_transits,fold_28,53.0,,
2025-04-15,seasonal_naive_7d,hormuz_tanker_transits,fold_28,78.0,,
2025-04-16,seasonal_naive_7d,hormuz_tanker_transits,fold_28,63.0,,
2025-04-17,seasonal_naive_7d,hormuz_tanker_transits,fold_28,40.0,,
2025-04-18,seasonal_naive_7d,hormuz_tanker_transits,fold_28,34.0,,
2025-04-19,seasonal_naive_7d,hormuz_tanker_transits,fold_28,50.0,,
2025-04-20,seasonal_naive_7d,hormuz_tanker_transits,fold_29,51.0,66.0,-15.0
2025-04-21,seasonal_naive_7d,hormuz_tanker_transits,fold_29,66.0,53.0,13.0
2025-04-22,seasonal_naive_7d,hormuz_tanker_transits,fold_29,64.0,78.0,-14.0
2025-04-23,seasonal_naive_7d,hormuz_tanker_transits,fold_29,65.0,63.0,2.0
2025-04-24,seasonal_naive_7d,hormuz_tanker_transits,fold_29,60.0,40.0,20.0
2025-04-25,seasonal_naive_7d,hormuz_tanker_transits,fold_29,69.0,34.0,35.0
2025-04-26,seasonal_naive_7d,hormuz_tanker_transits,fold_29,75.0,50.0,25.0
2025-04-27,seasonal_naive_7d,hormuz_tanker_transits,fold_29,65.0,,
2025-04-28,seasonal_naive_7d,hormuz_tanker_transits,fold_29,64.0,,
2025-04-29,seasonal_naive_7d,hormuz_tanker_transits,fold_29,52.0,,
2025-04-30,seasonal_naive_7d,hormuz_tanker_transits,fold_29,62.0,,
2025-05-01,seasonal_naive_7d,hormuz_tanker_transits,fold_29,61.0,,
2025-05-02,seasonal_naive_7d,hormuz_tanker_transits,fold_29,59.0,,
2025-05-03,seasonal_naive_7d,hormuz_tanker_transits,fold_29,52.0,,
2025-05-04,seasonal_naive_7d,hormuz_tanker_transits,fold_29,54.0,,
2025-05-05,seasonal_naive_7d,hormuz_tanker_transits,fold_29,73.0,,
2025-05-06,seasonal_naive_7d,hormuz_tanker_transits,fold_29,64.0,,
2025-05-07,seasonal_naive_7d,hormuz_tanker_transits,fold_29,46.0,,
2025-05-08,seasonal_naive_7d,hormuz_tanker_transits,fold_29,46.0,,
2025-05-09,seasonal_naive_7d,hormuz_tanker_transits,fold_29,60.0,,
2025-05-10,seasonal_naive_7d,hormuz_tanker_transits,fold_29,68.0,,
2025-05-11,seasonal_naive_7d,hormuz_tanker_transits,fold_29,69.0,,
2025-05-12,seasonal_naive_7d,hormuz_tanker_transits,fold_29,66.0,,
2025-05-13,seasonal_naive_7d,hormuz_tanker_transits,fold_29,64.0,,
2025-05-14,seasonal_naive_7d,hormuz_tanker_transits,fold_29,64.0,,
2025-05-15,seasonal_naive_7d,hormuz_tanker_transits,fold_29,70.0,,
2025-05-16,seasonal_naive_7d,hormuz_tanker_transits,fold_29,51.0,,
2025-05-17,seasonal_naive_7d,hormuz_tanker_transits,fold_29,61.0,,
2025-05-18,seasonal_naive_7d,hormuz_tanker_transits,fold_29,67.0,,
2025-05-19,seasonal_naive_7d,hormuz_tanker_transits,fold_29,65.0,,
2025-05-20,seasonal_naive_7d,hormuz_tanker_transits,fold_30,65.0,64.0,1.0
2025-05-21,seasonal_naive_7d,hormuz_tanker_transits,fold_30,64.0,64.0,0.0
2025-05-22,seasonal_naive_7d,hormuz_tanker_transits,fold_30,57.0,70.0,-13.0
2025-05-23,seasonal_naive_7d,hormuz_tanker_transits,fold_30,69.0,51.0,18.0
2025-05-24,seasonal_naive_7d,hormuz_tanker_transits,fold_30,51.0,61.0,-10.0
2025-05-25,seasonal_naive_7d,hormuz_tanker_transits,fold_30,59.0,67.0,-8.0
2025-05-26,seasonal_naive_7d,hormuz_tanker_transits,fold_30,52.0,65.0,-13.0
2025-05-27,seasonal_naive_7d,hormuz_tanker_transits,fold_30,54.0,,
2025-05-28,seasonal_naive_7d,hormuz_tanker_transits,fold_30,52.0,,
2025-05-29,seasonal_naive_7d,hormuz_tanker_transits,fold_30,79.0,,
2025-05-30,seasonal_naive_7d,hormuz_tanker_transits,fold_30,67.0,,
2025-05-31,seasonal_naive_7d,hormuz_tanker_transits,fold_30,55.0,,
2025-06-01,seasonal_naive_7d,hormuz_tanker_transits,fold_30,50.0,,
2025-06-02,seasonal_naive_7d,hormuz_tanker_transits,fold_30,66.0,,
2025-06-03,seasonal_naive_7d,hormuz_tanker_transits,fold_30,53.0,,
2025-06-04,seasonal_naive_7d,hormuz_tanker_transits,fold_30,70.0,,
2025-06-05,seasonal_naive_7d,hormuz_tanker_transits,fold_30,56.0,,
2025-06-06,seasonal_naive_7d,hormuz_tanker_transits,fold_30,59.0,,
2025-06-07,seasonal_naive_7d,hormuz_tanker_transits,fold_30,54.0,,
2025-06-08,seasonal_naive_7d,hormuz_tanker_transits,fold_30,68.0,,
2025-06-09,seasonal_naive_7d,hormuz_tanker_transits,fold_30,68.0,,
2025-06-10,seasonal_naive_7d,hormuz_tanker_transits,fold_30,61.0,,
2025-06-11,seasonal_naive_7d,hormuz_tanker_transits,fold_30,52.0,,
2025-06-12,seasonal_naive_7d,hormuz_tanker_transits,fold_30,67.0,,
2025-06-13,seasonal_naive_7d,hormuz_tanker_transits,fold_30,67.0,,
2025-06-14,seasonal_naive_7d,hormuz_tanker_transits,fold_30,57.0,,
2025-06-15,seasonal_naive_7d,hormuz_tanker_transits,fold_30,64.0,,
2025-06-16,seasonal_naive_7d,hormuz_tanker_transits,fold_30,54.0,,
2025-06-17,seasonal_naive_7d,hormuz_tanker_transits,fold_30,49.0,,
2025-06-18,seasonal_naive_7d,hormuz_tanker_transits,fold_30,65.0,,
2025-06-19,seasonal_naive_7d,hormuz_tanker_transits,fold_31,53.0,67.0,-14.0
2025-06-20,seasonal_naive_7d,hormuz_tanker_transits,fold_31,51.0,67.0,-16.0
2025-06-21,seasonal_naive_7d,hormuz_tanker_transits,fold_31,70.0,57.0,13.0
2025-06-22,seasonal_naive_7d,hormuz_tanker_transits,fold_31,59.0,64.0,-5.0
2025-06-23,seasonal_naive_7d,hormuz_tanker_transits,fold_31,39.0,54.0,-15.0
2025-06-24,seasonal_naive_7d,hormuz_tanker_transits,fold_31,72.0,49.0,23.0
2025-06-25,seasonal_naive_7d,hormuz_tanker_transits,fold_31,65.0,65.0,0.0
2025-06-26,seasonal_naive_7d,hormuz_tanker_transits,fold_31,46.0,,
2025-06-27,seasonal_naive_7d,hormuz_tanker_transits,fold_31,69.0,,
2025-06-28,seasonal_naive_7d,hormuz_tanker_transits,fold_31,60.0,,
2025-06-29,seasonal_naive_7d,hormuz_tanker_transits,fold_31,64.0,,
2025-06-30,seasonal_naive_7d,hormuz_tanker_transits,fold_31,56.0,,
2025-07-01,seasonal_naive_7d,hormuz_tanker_transits,fold_31,48.0,,
2025-07-02,seasonal_naive_7d,hormuz_tanker_transits,fold_31,64.0,,
2025-07-03,seasonal_naive_7d,hormuz_tanker_transits,fold_31,57.0,,
2025-07-04,seasonal_naive_7d,hormuz_tanker_transits,fold_31,72.0,,
2025-07-05,seasonal_naive_7d,hormuz_tanker_transits,fold_31,67.0,,
2025-07-06,seasonal_naive_7d,hormuz_tanker_transits,fold_31,48.0,,
2025-07-07,seasonal_naive_7d,hormuz_tanker_transits,fold_31,44.0,,
2025-07-08,seasonal_naive_7d,hormuz_tanker_transits,fold_31,47.0,,
2025-07-09,seasonal_naive_7d,hormuz_tanker_transits,fold_31,56.0,,
2025-07-10,seasonal_naive_7d,hormuz_tanker_transits,fold_31,60.0,,
2025-07-11,seasonal_naive_7d,hormuz_tanker_transits,fold_31,61.0,,
2025-07-12,seasonal_naive_7d,hormuz_tanker_transits,fold_31,61.0,,
2025-07-13,seasonal_naive_7d,hormuz_tanker_transits,fold_31,52.0,,
2025-07-14,seasonal_naive_7d,hormuz_tanker_transits,fold_31,62.0,,
2025-07-15,seasonal_naive_7d,hormuz_tanker_transits,fold_31,54.0,,
2025-07-16,seasonal_naive_7d,hormuz_tanker_transits,fold_31,65.0,,
2025-07-17,seasonal_naive_7d,hormuz_tanker_transits,fold_31,63.0,,
2025-07-18,seasonal_naive_7d,hormuz_tanker_transits,fold_31,51.0,,
2025-07-19,seasonal_naive_7d,hormuz_tanker_transits,fold_32,59.0,61.0,-2.0
2025-07-20,seasonal_naive_7d,hormuz_tanker_transits,fold_32,59.0,52.0,7.0
2025-07-21,seasonal_naive_7d,hormuz_tanker_transits,fold_32,47.0,62.0,-15.0
2025-07-22,seasonal_naive_7d,hormuz_tanker_transits,fold_32,51.0,54.0,-3.0
2025-07-23,seasonal_naive_7d,hormuz_tanker_transits,fold_32,62.0,65.0,-3.0
2025-07-24,seasonal_naive_7d,hormuz_tanker_transits,fold_32,50.0,63.0,-13.0
2025-07-25,seasonal_naive_7d,hormuz_tanker_transits,fold_32,59.0,51.0,8.0
2025-07-26,seasonal_naive_7d,hormuz_tanker_transits,fold_32,57.0,,
2025-07-27,seasonal_naive_7d,hormuz_tanker_transits,fold_32,58.0,,
2025-07-28,seasonal_naive_7d,hormuz_tanker_transits,fold_32,61.0,,
2025-07-29,seasonal_naive_7d,hormuz_tanker_transits,fold_32,50.0,,
2025-07-30,seasonal_naive_7d,hormuz_tanker_transits,fold_32,61.0,,
2025-07-31,seasonal_naive_7d,hormuz_tanker_transits,fold_32,58.0,,
2025-08-01,seasonal_naive_7d,hormuz_tanker_transits,fold_32,62.0,,
2025-08-02,seasonal_naive_7d,hormuz_tanker_transits,fold_32,63.0,,
2025-08-03,seasonal_naive_7d,hormuz_tanker_transits,fold_32,60.0,,
2025-08-04,seasonal_naive_7d,hormuz_tanker_transits,fold_32,43.0,,
2025-08-05,seasonal_naive_7d,hormuz_tanker_transits,fold_32,62.0,,
2025-08-06,seasonal_naive_7d,hormuz_tanker_transits,fold_32,39.0,,
2025-08-07,seasonal_naive_7d,hormuz_tanker_transits,fold_32,58.0,,
2025-08-08,seasonal_naive_7d,hormuz_tanker_transits,fold_32,57.0,,
2025-08-09,seasonal_naive_7d,hormuz_tanker_transits,fold_32,53.0,,
2025-08-10,seasonal_naive_7d,hormuz_tanker_transits,fold_32,61.0,,
2025-08-11,seasonal_naive_7d,hormuz_tanker_transits,fold_32,63.0,,
2025-08-12,seasonal_naive_7d,hormuz_tanker_transits,fold_32,63.0,,
2025-08-13,seasonal_naive_7d,hormuz_tanker_transits,fold_32,71.0,,
2025-08-14,seasonal_naive_7d,hormuz_tanker_transits,fold_32,56.0,,
2025-08-15,seasonal_naive_7d,hormuz_tanker_transits,fold_32,58.0,,
2025-08-16,seasonal_naive_7d,hormuz_tanker_transits,fold_32,55.0,,
2025-08-17,seasonal_naive_7d,hormuz_tanker_transits,fold_32,73.0,,
2025-08-18,seasonal_naive_7d,hormuz_tanker_transits,fold_33,49.0,63.0,-14.0
2025-08-19,seasonal_naive_7d,hormuz_tanker_transits,fold_33,58.0,63.0,-5.0
2025-08-20,seasonal_naive_7d,hormuz_tanker_transits,fold_33,63.0,71.0,-8.0
2025-08-21,seasonal_naive_7d,hormuz_tanker_transits,fold_33,46.0,56.0,-10.0
2025-08-22,seasonal_naive_7d,hormuz_tanker_transits,fold_33,74.0,58.0,16.0
2025-08-23,seasonal_naive_7d,hormuz_tanker_transits,fold_33,58.0,55.0,3.0
2025-08-24,seasonal_naive_7d,hormuz_tanker_transits,fold_33,65.0,73.0,-8.0
2025-08-25,seasonal_naive_7d,hormuz_tanker_transits,fold_33,57.0,,
2025-08-26,seasonal_naive_7d,hormuz_tanker_transits,fold_33,46.0,,
2025-08-27,seasonal_naive_7d,hormuz_tanker_transits,fold_33,61.0,,
2025-08-28,seasonal_naive_7d,hormuz_tanker_transits,fold_33,65.0,,
2025-08-29,seasonal_naive_7d,hormuz_tanker_transits,fold_33,53.0,,
2025-08-30,seasonal_naive_7d,hormuz_tanker_transits,fold_33,72.0,,
2025-08-31,seasonal_naive_7d,hormuz_tanker_transits,fold_33,64.0,,
2025-09-01,seasonal_naive_7d,hormuz_tanker_transits,fold_33,68.0,,
2025-09-02,seasonal_naive_7d,hormuz_tanker_transits,fold_33,52.0,,
2025-09-03,seasonal_naive_7d,hormuz_tanker_transits,fold_33,53.0,,
2025-09-04,seasonal_naive_7d,hormuz_tanker_transits,fold_33,60.0,,
2025-09-05,seasonal_naive_7d,hormuz_tanker_transits,fold_33,74.0,,
2025-09-06,seasonal_naive_7d,hormuz_tanker_transits,fold_33,65.0,,
2025-09-07,seasonal_naive_7d,hormuz_tanker_transits,fold_33,52.0,,
2025-09-08,seasonal_naive_7d,hormuz_tanker_transits,fold_33,54.0,,
2025-09-09,seasonal_naive_7d,hormuz_tanker_transits,fold_33,57.0,,
2025-09-10,seasonal_naive_7d,hormuz_tanker_transits,fold_33,49.0,,
2025-09-11,seasonal_naive_7d,hormuz_tanker_transits,fold_33,39.0,,
2025-09-12,seasonal_naive_7d,hormuz_tanker_transits,fold_33,57.0,,
2025-09-13,seasonal_naive_7d,hormuz_tanker_transits,fold_33,44.0,,
2025-09-14,seasonal_naive_7d,hormuz_tanker_transits,fold_33,60.0,,
2025-09-15,seasonal_naive_7d,hormuz_tanker_transits,fold_33,43.0,,
2025-09-16,seasonal_naive_7d,hormuz_tanker_transits,fold_33,66.0,,
2025-09-17,seasonal_naive_7d,hormuz_tanker_transits,fold_34,59.0,49.0,10.0
2025-09-18,seasonal_naive_7d,hormuz_tanker_transits,fold_34,69.0,39.0,30.0
2025-09-19,seasonal_naive_7d,hormuz_tanker_transits,fold_34,51.0,57.0,-6.0
2025-09-20,seasonal_naive_7d,hormuz_tanker_transits,fold_34,61.0,44.0,17.0
2025-09-21,seasonal_naive_7d,hormuz_tanker_transits,fold_34,61.0,60.0,1.0
2025-09-22,seasonal_naive_7d,hormuz_tanker_transits,fold_34,48.0,43.0,5.0
2025-09-23,seasonal_naive_7d,hormuz_tanker_transits,fold_34,62.0,66.0,-4.0
2025-09-24,seasonal_naive_7d,hormuz_tanker_transits,fold_34,54.0,,
2025-09-25,seasonal_naive_7d,hormuz_tanker_transits,fold_34,45.0,,
2025-09-26,seasonal_naive_7d,hormuz_tanker_transits,fold_34,53.0,,
2025-09-27,seasonal_naive_7d,hormuz_tanker_transits,fold_34,66.0,,
2025-09-28,seasonal_naive_7d,hormuz_tanker_transits,fold_34,72.0,,
2025-09-29,seasonal_naive_7d,hormuz_tanker_transits,fold_34,70.0,,
2025-09-30,seasonal_naive_7d,hormuz_tanker_transits,fold_34,56.0,,
2025-10-01,seasonal_naive_7d,hormuz_tanker_transits,fold_34,67.0,,
2025-10-02,seasonal_naive_7d,hormuz_tanker_transits,fold_34,57.0,,
2025-10-03,seasonal_naive_7d,hormuz_tanker_transits,fold_34,58.0,,
2025-10-04,seasonal_naive_7d,hormuz_tanker_transits,fold_34,72.0,,
2025-10-05,seasonal_naive_7d,hormuz_tanker_transits,fold_34,61.0,,
2025-10-06,seasonal_naive_7d,hormuz_tanker_transits,fold_34,52.0,,
2025-10-07,seasonal_naive_7d,hormuz_tanker_transits,fold_34,67.0,,
2025-10-08,seasonal_naive_7d,hormuz_tanker_transits,fold_34,37.0,,
2025-10-09,seasonal_naive_7d,hormuz_tanker_transits,fold_34,44.0,,
2025-10-10,seasonal_naive_7d,hormuz_tanker_transits,fold_34,43.0,,
2025-10-11,seasonal_naive_7d,hormuz_tanker_transits,fold_34,49.0,,
2025-10-12,seasonal_naive_7d,hormuz_tanker_transits,fold_34,45.0,,
2025-10-13,seasonal_naive_7d,hormuz_tanker_transits,fold_34,54.0,,
2025-10-14,seasonal_naive_7d,hormuz_tanker_transits,fold_34,62.0,,
2025-10-15,seasonal_naive_7d,hormuz_tanker_transits,fold_34,49.0,,
2025-10-16,seasonal_naive_7d,hormuz_tanker_transits,fold_34,40.0,,
2025-10-17,seasonal_naive_7d,hormuz_tanker_transits,fold_35,36.0,43.0,-7.0
2025-10-18,seasonal_naive_7d,hormuz_tanker_transits,fold_35,38.0,49.0,-11.0
2025-10-19,seasonal_naive_7d,hormuz_tanker_transits,fold_35,59.0,45.0,14.0
2025-10-20,seasonal_naive_7d,hormuz_tanker_transits,fold_35,49.0,54.0,-5.0
2025-10-21,seasonal_naive_7d,hormuz_tanker_transits,fold_35,59.0,62.0,-3.0
2025-10-22,seasonal_naive_7d,hormuz_tanker_transits,fold_35,65.0,49.0,16.0
2025-10-23,seasonal_naive_7d,hormuz_tanker_transits,fold_35,53.0,40.0,13.0
2025-10-24,seasonal_naive_7d,hormuz_tanker_transits,fold_35,59.0,,
2025-10-25,seasonal_naive_7d,hormuz_tanker_transits,fold_35,57.0,,
2025-10-26,seasonal_naive_7d,hormuz_tanker_transits,fold_35,49.0,,
2025-10-27,seasonal_naive_7d,hormuz_tanker_transits,fold_35,50.0,,
2025-10-28,seasonal_naive_7d,hormuz_tanker_transits,fold_35,60.0,,
2025-10-29,seasonal_naive_7d,hormuz_tanker_transits,fold_35,71.0,,
2025-10-30,seasonal_naive_7d,hormuz_tanker_transits,fold_35,46.0,,
2025-10-31,seasonal_naive_7d,hormuz_tanker_transits,fold_35,48.0,,
2025-11-01,seasonal_naive_7d,hormuz_tanker_transits,fold_35,41.0,,
2025-11-02,seasonal_naive_7d,hormuz_tanker_transits,fold_35,41.0,,
2025-11-03,seasonal_naive_7d,hormuz_tanker_transits,fold_35,37.0,,
2025-11-04,seasonal_naive_7d,hormuz_tanker_transits,fold_35,54.0,,
2025-11-05,seasonal_naive_7d,hormuz_tanker_transits,fold_35,57.0,,
2025-11-06,seasonal_naive_7d,hormuz_tanker_transits,fold_35,47.0,,
2025-11-07,seasonal_naive_7d,hormuz_tanker_transits,fold_35,35.0,,
2025-11-08,seasonal_naive_7d,hormuz_tanker_transits,fold_35,57.0,,
2025-11-09,seasonal_naive_7d,hormuz_tanker_transits,fold_35,45.0,,
2025-11-10,seasonal_naive_7d,hormuz_tanker_transits,fold_35,40.0,,
2025-11-11,seasonal_naive_7d,hormuz_tanker_transits,fold_35,67.0,,
2025-11-12,seasonal_naive_7d,hormuz_tanker_transits,fold_35,52.0,,
2025-11-13,seasonal_naive_7d,hormuz_tanker_transits,fold_35,54.0,,
2025-11-14,seasonal_naive_7d,hormuz_tanker_transits,fold_35,52.0,,
2025-11-15,seasonal_naive_7d,hormuz_tanker_transits,fold_35,44.0,,
2025-11-16,seasonal_naive_7d,hormuz_tanker_transits,fold_36,38.0,45.0,-7.0
2025-11-17,seasonal_naive_7d,hormuz_tanker_transits,fold_36,44.0,40.0,4.0
2025-11-18,seasonal_naive_7d,hormuz_tanker_transits,fold_36,55.0,67.0,-12.0
2025-11-19,seasonal_naive_7d,hormuz_tanker_transits,fold_36,52.0,52.0,0.0
2025-11-20,seasonal_naive_7d,hormuz_tanker_transits,fold_36,67.0,54.0,13.0
2025-11-21,seasonal_naive_7d,hormuz_tanker_transits,fold_36,57.0,52.0,5.0
2025-11-22,seasonal_naive_7d,hormuz_tanker_transits,fold_36,45.0,44.0,1.0
2025-11-23,seasonal_naive_7d,hormuz_tanker_transits,fold_36,49.0,,
2025-11-24,seasonal_naive_7d,hormuz_tanker_transits,fold_36,46.0,,
2025-11-25,seasonal_naive_7d,hormuz_tanker_transits,fold_36,51.0,,
2025-11-26,seasonal_naive_7d,hormuz_tanker_transits,fold_36,31.0,,
2025-11-27,seasonal_naive_7d,hormuz_tanker_transits,fold_36,35.0,,
2025-11-28,seasonal_naive_7d,hormuz_tanker_transits,fold_36,30.0,,
2025-11-29,seasonal_naive_7d,hormuz_tanker_transits,fold_36,35.0,,
2025-11-30,seasonal_naive_7d,hormuz_tanker_transits,fold_36,41.0,,
2025-12-01,seasonal_naive_7d,hormuz_tanker_transits,fold_36,40.0,,
2025-12-02,seasonal_naive_7d,hormuz_tanker_transits,fold_36,36.0,,
2025-12-03,seasonal_naive_7d,hormuz_tanker_transits,fold_36,30.0,,
2025-12-04,seasonal_naive_7d,hormuz_tanker_transits,fold_36,42.0,,
2025-12-05,seasonal_naive_7d,hormuz_tanker_transits,fold_36,31.0,,
2025-12-06,seasonal_naive_7d,hormuz_tanker_transits,fold_36,41.0,,
2025-12-07,seasonal_naive_7d,hormuz_tanker_transits,fold_36,46.0,,
2025-12-08,seasonal_naive_7d,hormuz_tanker_transits,fold_36,31.0,,
2025-12-09,seasonal_naive_7d,hormuz_tanker_transits,fold_36,46.0,,
2025-12-10,seasonal_naive_7d,hormuz_tanker_transits,fold_36,32.0,,
2025-12-11,seasonal_naive_7d,hormuz_tanker_transits,fold_36,35.0,,
2025-12-12,seasonal_naive_7d,hormuz_tanker_transits,fold_36,29.0,,
2025-12-13,seasonal_naive_7d,hormuz_tanker_transits,fold_36,31.0,,
2025-12-14,seasonal_naive_7d,hormuz_tanker_transits,fold_36,42.0,,
2025-12-15,seasonal_naive_7d,hormuz_tanker_transits,fold_36,29.0,,
2025-12-16,seasonal_naive_7d,hormuz_tanker_transits,fold_37,46.0,46.0,0.0
2025-12-17,seasonal_naive_7d,hormuz_tanker_transits,fold_37,38.0,32.0,6.0
2025-12-18,seasonal_naive_7d,hormuz_tanker_transits,fold_37,40.0,35.0,5.0
2025-12-19,seasonal_naive_7d,hormuz_tanker_transits,fold_37,29.0,29.0,0.0
2025-12-20,seasonal_naive_7d,hormuz_tanker_transits,fold_37,26.0,31.0,-5.0
2025-12-21,seasonal_naive_7d,hormuz_tanker_transits,fold_37,30.0,42.0,-12.0
2025-12-22,seasonal_naive_7d,hormuz_tanker_transits,fold_37,31.0,29.0,2.0
2025-12-23,seasonal_naive_7d,hormuz_tanker_transits,fold_37,36.0,,
2025-12-24,seasonal_naive_7d,hormuz_tanker_transits,fold_37,32.0,,
2025-12-25,seasonal_naive_7d,hormuz_tanker_transits,fold_37,48.0,,
2025-12-26,seasonal_naive_7d,hormuz_tanker_transits,fold_37,46.0,,
2025-12-27,seasonal_naive_7d,hormuz_tanker_transits,fold_37,49.0,,
2025-12-28,seasonal_naive_7d,hormuz_tanker_transits,fold_37,36.0,,
2025-12-29,seasonal_naive_7d,hormuz_tanker_transits,fold_37,38.0,,
2025-12-30,seasonal_naive_7d,hormuz_tanker_transits,fold_37,40.0,,
2025-12-31,seasonal_naive_7d,hormuz_tanker_transits,fold_37,55.0,,
2026-01-01,seasonal_naive_7d,hormuz_tanker_transits,fold_37,33.0,,
2026-01-02,seasonal_naive_7d,hormuz_tanker_transits,fold_37,33.0,,
2026-01-03,seasonal_naive_7d,hormuz_tanker_transits,fold_37,41.0,,
2026-01-04,seasonal_naive_7d,hormuz_tanker_transits,fold_37,35.0,,
2026-01-05,seasonal_naive_7d,hormuz_tanker_transits,fold_37,36.0,,
2026-01-06,seasonal_naive_7d,hormuz_tanker_transits,fold_37,40.0,,
2026-01-07,seasonal_naive_7d,hormuz_tanker_transits,fold_37,47.0,,
2026-01-08,seasonal_naive_7d,hormuz_tanker_transits,fold_37,40.0,,
2026-01-09,seasonal_naive_7d,hormuz_tanker_transits,fold_37,50.0,,
2026-01-10,seasonal_naive_7d,hormuz_tanker_transits,fold_37,41.0,,
2026-01-11,seasonal_naive_7d,hormuz_tanker_transits,fold_37,39.0,,
2026-01-12,seasonal_naive_7d,hormuz_tanker_transits,fold_37,44.0,,
2026-01-13,seasonal_naive_7d,hormuz_tanker_transits,fold_37,31.0,,
2026-01-14,seasonal_naive_7d,hormuz_tanker_transits,fold_37,42.0,,
2026-01-15,seasonal_naive_7d,hormuz_tanker_transits,fold_38,41.0,40.0,1.0
2026-01-16,seasonal_naive_7d,hormuz_tanker_transits,fold_38,40.0,50.0,-10.0
2026-01-17,seasonal_naive_7d,hormuz_tanker_transits,fold_38,31.0,41.0,-10.0
2026-01-18,seasonal_naive_7d,hormuz_tanker_transits,fold_38,29.0,39.0,-10.0
2026-01-19,seasonal_naive_7d,hormuz_tanker_transits,fold_38,41.0,44.0,-3.0
2026-01-20,seasonal_naive_7d,hormuz_tanker_transits,fold_38,47.0,31.0,16.0
2026-01-21,seasonal_naive_7d,hormuz_tanker_transits,fold_38,42.0,42.0,0.0
2026-01-22,seasonal_naive_7d,hormuz_tanker_transits,fold_38,36.0,,
2026-01-23,seasonal_naive_7d,hormuz_tanker_transits,fold_38,29.0,,
2026-01-24,seasonal_naive_7d,hormuz_tanker_transits,fold_38,31.0,,
2026-01-25,seasonal_naive_7d,hormuz_tanker_transits,fold_38,59.0,,
2026-01-26,seasonal_naive_7d,hormuz_tanker_transits,fold_38,28.0,,
2026-01-27,seasonal_naive_7d,hormuz_tanker_transits,fold_38,42.0,,
2026-01-28,seasonal_naive_7d,hormuz_tanker_transits,fold_38,40.0,,
2026-01-29,seasonal_naive_7d,hormuz_tanker_transits,fold_38,48.0,,
2026-01-30,seasonal_naive_7d,hormuz_tanker_transits,fold_38,48.0,,
2026-01-31,seasonal_naive_7d,hormuz_tanker_transits,fold_38,56.0,,
2026-02-01,seasonal_naive_7d,hormuz_tanker_transits,fold_38,37.0,,
2026-02-02,seasonal_naive_7d,hormuz_tanker_transits,fold_38,55.0,,
2026-02-03,seasonal_naive_7d,hormuz_tanker_transits,fold_38,45.0,,
2026-02-04,seasonal_naive_7d,hormuz_tanker_transits,fold_38,43.0,,
2026-02-05,seasonal_naive_7d,hormuz_tanker_transits,fold_38,46.0,,
2026-02-06,seasonal_naive_7d,hormuz_tanker_transits,fold_38,50.0,,
2026-02-07,seasonal_naive_7d,hormuz_tanker_transits,fold_38,48.0,,
2026-02-08,seasonal_naive_7d,hormuz_tanker_transits,fold_38,49.0,,
2026-02-09,seasonal_naive_7d,hormuz_tanker_transits,fold_38,41.0,,
2026-02-10,seasonal_naive_7d,hormuz_tanker_transits,fold_38,59.0,,
2026-02-11,seasonal_naive_7d,hormuz_tanker_transits,fold_38,46.0,,
2026-02-12,seasonal_naive_7d,hormuz_tanker_transits,fold_38,55.0,,
2026-02-13,seasonal_naive_7d,hormuz_tanker_transits,fold_38,64.0,,
2023-01-01,seasonal_naive_7d,hormuz_tanker_capacity,fold_01,2860614.0,3114700.0,-254086.0
2023-01-02,seasonal_naive_7d,hormuz_tanker_capacity,fold_01,2345550.0,3098938.0,-753388.0
2023-01-03,seasonal_naive_7d,hormuz_tanker_capacity,fold_01,2998869.0,2201310.0,797559.0
2023-01-04,seasonal_naive_7d,hormuz_tanker_capacity,fold_01,4140602.0,3162774.0,977828.0
2023-01-05,seasonal_naive_7d,hormuz_tanker_capacity,fold_01,2840812.0,1930144.0,910668.0
2023-01-06,seasonal_naive_7d,hormuz_tanker_capacity,fold_01,2283954.0,1410022.0,873932.0
2023-01-07,seasonal_naive_7d,hormuz_tanker_capacity,fold_01,2935624.0,3192561.0,-256937.0
2023-01-08,seasonal_naive_7d,hormuz_tanker_capacity,fold_01,2873064.0,,
2023-01-09,seasonal_naive_7d,hormuz_tanker_capacity,fold_01,3041604.0,,
2023-01-10,seasonal_naive_7d,hormuz_tanker_capacity,fold_01,2341018.0,,
2023-01-11,seasonal_naive_7d,hormuz_tanker_capacity,fold_01,1798034.0,,
2023-01-12,seasonal_naive_7d,hormuz_tanker_capacity,fold_01,2097697.0,,
2023-01-13,seasonal_naive_7d,hormuz_tanker_capacity,fold_01,2305282.0,,
2023-01-14,seasonal_naive_7d,hormuz_tanker_capacity,fold_01,4569709.0,,
2023-01-15,seasonal_naive_7d,hormuz_tanker_capacity,fold_01,1536408.0,,
2023-01-16,seasonal_naive_7d,hormuz_tanker_capacity,fold_01,3569064.0,,
2023-01-17,seasonal_naive_7d,hormuz_tanker_capacity,fold_01,2780343.0,,
2023-01-18,seasonal_naive_7d,hormuz_tanker_capacity,fold_01,2687595.0,,
2023-01-19,seasonal_naive_7d,hormuz_tanker_capacity,fold_01,1993472.0,,
2023-01-20,seasonal_naive_7d,hormuz_tanker_capacity,fold_01,2360892.0,,
2023-01-21,seasonal_naive_7d,hormuz_tanker_capacity,fold_01,2235794.0,,
2023-01-22,seasonal_naive_7d,hormuz_tanker_capacity,fold_01,3237035.0,,
2023-01-23,seasonal_naive_7d,hormuz_tanker_capacity,fold_01,3355999.0,,
2023-01-24,seasonal_naive_7d,hormuz_tanker_capacity,fold_01,2549478.0,,
2023-01-25,seasonal_naive_7d,hormuz_tanker_capacity,fold_01,4356100.0,,
2023-01-26,seasonal_naive_7d,hormuz_tanker_capacity,fold_01,2202516.0,,
2023-01-27,seasonal_naive_7d,hormuz_tanker_capacity,fold_01,1861867.0,,
2023-01-28,seasonal_naive_7d,hormuz_tanker_capacity,fold_01,2532348.0,,
2023-01-29,seasonal_naive_7d,hormuz_tanker_capacity,fold_01,2709141.0,,
2023-01-30,seasonal_naive_7d,hormuz_tanker_capacity,fold_01,3027696.0,,
2023-01-31,seasonal_naive_7d,hormuz_tanker_capacity,fold_02,2359750.0,2549478.0,-189728.0
2023-02-01,seasonal_naive_7d,hormuz_tanker_capacity,fold_02,2941717.0,4356100.0,-1414383.0
2023-02-02,seasonal_naive_7d,hormuz_tanker_capacity,fold_02,2864848.0,2202516.0,662332.0
2023-02-03,seasonal_naive_7d,hormuz_tanker_capacity,fold_02,3363121.0,1861867.0,1501254.0
2023-02-04,seasonal_naive_7d,hormuz_tanker_capacity,fold_02,3218934.0,2532348.0,686586.0
2023-02-05,seasonal_naive_7d,hormuz_tanker_capacity,fold_02,2691588.0,2709141.0,-17553.0
2023-02-06,seasonal_naive_7d,hormuz_tanker_capacity,fold_02,3673171.0,3027696.0,645475.0
2023-02-07,seasonal_naive_7d,hormuz_tanker_capacity,fold_02,2082438.0,,
2023-02-08,seasonal_naive_7d,hormuz_tanker_capacity,fold_02,3594364.0,,
2023-02-09,seasonal_naive_7d,hormuz_tanker_capacity,fold_02,3102045.0,,
2023-02-10,seasonal_naive_7d,hormuz_tanker_capacity,fold_02,2038979.0,,
2023-02-11,seasonal_naive_7d,hormuz_tanker_capacity,fold_02,2721498.0,,
2023-02-12,seasonal_naive_7d,hormuz_tanker_capacity,fold_02,2452040.0,,
2023-02-13,seasonal_naive_7d,hormuz_tanker_capacity,fold_02,2778413.0,,
2023-02-14,seasonal_naive_7d,hormuz_tanker_capacity,fold_02,2639858.0,,
2023-02-15,seasonal_naive_7d,hormuz_tanker_capacity,fold_02,2211225.0,,
2023-02-16,seasonal_naive_7d,hormuz_tanker_capacity,fold_02,3413621.0,,
2023-02-17,seasonal_naive_7d,hormuz_tanker_capacity,fold_02,2785874.0,,
2023-02-18,seasonal_naive_7d,hormuz_tanker_capacity,fold_02,2818782.0,,
2023-02-19,seasonal_naive_7d,hormuz_tanker_capacity,fold_02,2248902.0,,
2023-02-20,seasonal_naive_7d,hormuz_tanker_capacity,fold_02,1824652.0,,
2023-02-21,seasonal_naive_7d,hormuz_tanker_capacity,fold_02,1684693.0,,
2023-02-22,seasonal_naive_7d,hormuz_tanker_capacity,fold_02,3753247.0,,
2023-02-23,seasonal_naive_7d,hormuz_tanker_capacity,fold_02,2588076.0,,
2023-02-24,seasonal_naive_7d,hormuz_tanker_capacity,fold_02,3787396.0,,
2023-02-25,seasonal_naive_7d,hormuz_tanker_capacity,fold_02,2263961.0,,
2023-02-26,seasonal_naive_7d,hormuz_tanker_capacity,fold_02,3176215.0,,
2023-02-27,seasonal_naive_7d,hormuz_tanker_capacity,fold_02,3367695.0,,
2023-02-28,seasonal_naive_7d,hormuz_tanker_capacity,fold_02,3067002.0,,
2023-03-01,seasonal_naive_7d,hormuz_tanker_capacity,fold_02,2805365.0,,
2023-03-02,seasonal_naive_7d,hormuz_tanker_capacity,fold_03,2303992.0,2588076.0,-284084.0
2023-03-03,seasonal_naive_7d,hormuz_tanker_capacity,fold_03,3398656.0,3787396.0,-388740.0
2023-03-04,seasonal_naive_7d,hormuz_tanker_capacity,fold_03,3522106.0,2263961.0,1258145.0
2023-03-05,seasonal_naive_7d,hormuz_tanker_capacity,fold_03,4933268.0,3176215.0,1757053.0
2023-03-06,seasonal_naive_7d,hormuz_tanker_capacity,fold_03,1479736.0,3367695.0,-1887959.0
2023-03-07,seasonal_naive_7d,hormuz_tanker_capacity,fold_03,3689086.0,3067002.0,622084.0
2023-03-08,seasonal_naive_7d,hormuz_tanker_capacity,fold_03,2287218.0,2805365.0,-518147.0
2023-03-09,seasonal_naive_7d,hormuz_tanker_capacity,fold_03,2328704.0,,
2023-03-10,seasonal_naive_7d,hormuz_tanker_capacity,fold_03,1724546.0,,
2023-03-11,seasonal_naive_7d,hormuz_tanker_capacity,fold_03,3814314.0,,
2023-03-12,seasonal_naive_7d,hormuz_tanker_capacity,fold_03,2758537.0,,
2023-03-13,seasonal_naive_7d,hormuz_tanker_capacity,fold_03,2450607.0,,
2023-03-14,seasonal_naive_7d,hormuz_tanker_capacity,fold_03,2690359.0,,
2023-03-15,seasonal_naive_7d,hormuz_tanker_capacity,fold_03,2855153.0,,
2023-03-16,seasonal_naive_7d,hormuz_tanker_capacity,fold_03,3128332.0,,
2023-03-17,seasonal_naive_7d,hormuz_tanker_capacity,fold_03,2233152.0,,
2023-03-18,seasonal_naive_7d,hormuz_tanker_capacity,fold_03,2731910.0,,
2023-03-19,seasonal_naive_7d,hormuz_tanker_capacity,fold_03,3160233.0,,
2023-03-20,seasonal_naive_7d,hormuz_tanker_capacity,fold_03,2730284.0,,
2023-03-21,seasonal_naive_7d,hormuz_tanker_capacity,fold_03,2053818.0,,
2023-03-22,seasonal_naive_7d,hormuz_tanker_capacity,fold_03,2257597.0,,
2023-03-23,seasonal_naive_7d,hormuz_tanker_capacity,fold_03,2692997.0,,
2023-03-24,seasonal_naive_7d,hormuz_tanker_capacity,fold_03,3103360.0,,
2023-03-25,seasonal_naive_7d,hormuz_tanker_capacity,fold_03,2139360.0,,
2023-03-26,seasonal_naive_7d,hormuz_tanker_capacity,fold_03,2808137.0,,
2023-03-27,seasonal_naive_7d,hormuz_tanker_capacity,fold_03,2144168.0,,
2023-03-28,seasonal_naive_7d,hormuz_tanker_capacity,fold_03,2830887.0,,
2023-03-29,seasonal_naive_7d,hormuz_tanker_capacity,fold_03,2300198.0,,
2023-03-30,seasonal_naive_7d,hormuz_tanker_capacity,fold_03,3336732.0,,
2023-03-31,seasonal_naive_7d,hormuz_tanker_capacity,fold_03,3292249.0,,
2023-04-01,seasonal_naive_7d,hormuz_tanker_capacity,fold_04,2634992.0,2139360.0,495632.0
2023-04-02,seasonal_naive_7d,hormuz_tanker_capacity,fold_04,3102386.0,2808137.0,294249.0
2023-04-03,seasonal_naive_7d,hormuz_tanker_capacity,fold_04,2031471.0,2144168.0,-112697.0
2023-04-04,seasonal_naive_7d,hormuz_tanker_capacity,fold_04,2348312.0,2830887.0,-482575.0
2023-04-05,seasonal_naive_7d,hormuz_tanker_capacity,fold_04,3278615.0,2300198.0,978417.0
2023-04-06,seasonal_naive_7d,hormuz_tanker_capacity,fold_04,3548676.0,3336732.0,211944.0
2023-04-07,seasonal_naive_7d,hormuz_tanker_capacity,fold_04,3880770.0,3292249.0,588521.0
2023-04-08,seasonal_naive_7d,hormuz_tanker_capacity,fold_04,3704628.0,,
2023-04-09,seasonal_naive_7d,hormuz_tanker_capacity,fold_04,3321863.0,,
2023-04-10,seasonal_naive_7d,hormuz_tanker_capacity,fold_04,3030367.0,,
2023-04-11,seasonal_naive_7d,hormuz_tanker_capacity,fold_04,4103634.0,,
2023-04-12,seasonal_naive_7d,hormuz_tanker_capacity,fold_04,2427996.0,,
2023-04-13,seasonal_naive_7d,hormuz_tanker_capacity,fold_04,3612366.0,,
2023-04-14,seasonal_naive_7d,hormuz_tanker_capacity,fold_04,3172219.0,,
2023-04-15,seasonal_naive_7d,hormuz_tanker_capacity,fold_04,2134559.0,,
2023-04-16,seasonal_naive_7d,hormuz_tanker_capacity,fold_04,3789677.0,,
2023-04-17,seasonal_naive_7d,hormuz_tanker_capacity,fold_04,2527515.0,,
2023-04-18,seasonal_naive_7d,hormuz_tanker_capacity,fold_04,3599013.0,,
2023-04-19,seasonal_naive_7d,hormuz_tanker_capacity,fold_04,2474863.0,,
2023-04-20,seasonal_naive_7d,hormuz_tanker_capacity,fold_04,3897383.0,,
2023-04-21,seasonal_naive_7d,hormuz_tanker_capacity,fold_04,2756224.0,,
2023-04-22,seasonal_naive_7d,hormuz_tanker_capacity,fold_04,3689377.0,,
2023-04-23,seasonal_naive_7d,hormuz_tanker_capacity,fold_04,2812200.0,,
2023-04-24,seasonal_naive_7d,hormuz_tanker_capacity,fold_04,2725420.0,,
2023-04-25,seasonal_naive_7d,hormuz_tanker_capacity,fold_04,3525778.0,,
2023-04-26,seasonal_naive_7d,hormuz_tanker_capacity,fold_04,2043229.0,,
2023-04-27,seasonal_naive_7d,hormuz_tanker_capacity,fold_04,3181414.0,,
2023-04-28,seasonal_naive_7d,hormuz_tanker_capacity,fold_04,1865684.0,,
2023-04-29,seasonal_naive_7d,hormuz_tanker_capacity,fold_04,4166601.0,,
2023-04-30,seasonal_naive_7d,hormuz_tanker_capacity,fold_04,2403915.0,,
2023-05-01,seasonal_naive_7d,hormuz_tanker_capacity,fold_05,4230595.0,2725420.0,1505175.0
2023-05-02,seasonal_naive_7d,hormuz_tanker_capacity,fold_05,1975353.0,3525778.0,-1550425.0
2023-05-03,seasonal_naive_7d,hormuz_tanker_capacity,fold_05,3818768.0,2043229.0,1775539.0
2023-05-04,seasonal_naive_7d,hormuz_tanker_capacity,fold_05,1897543.0,3181414.0,-1283871.0
2023-05-05,seasonal_naive_7d,hormuz_tanker_capacity,fold_05,2477709.0,1865684.0,612025.0
2023-05-06,seasonal_naive_7d,hormuz_tanker_capacity,fold_05,3679784.0,4166601.0,-486817.0
2023-05-07,seasonal_naive_7d,hormuz_tanker_capacity,fold_05,2304370.0,2403915.0,-99545.0
2023-05-08,seasonal_naive_7d,hormuz_tanker_capacity,fold_05,3604680.0,,
2023-05-09,seasonal_naive_7d,hormuz_tanker_capacity,fold_05,2977796.0,,
2023-05-10,seasonal_naive_7d,hormuz_tanker_capacity,fold_05,2951444.0,,
2023-05-11,seasonal_naive_7d,hormuz_tanker_capacity,fold_05,3841674.0,,
2023-05-12,seasonal_naive_7d,hormuz_tanker_capacity,fold_05,3550191.0,,
2023-05-13,seasonal_naive_7d,hormuz_tanker_capacity,fold_05,2695671.0,,
2023-05-14,seasonal_naive_7d,hormuz_tanker_capacity,fold_05,3812006.0,,
2023-05-15,seasonal_naive_7d,hormuz_tanker_capacity,fold_05,3266049.0,,
2023-05-16,seasonal_naive_7d,hormuz_tanker_capacity,fold_05,2856115.0,,
2023-05-17,seasonal_naive_7d,hormuz_tanker_capacity,fold_05,3684262.0,,
2023-05-18,seasonal_naive_7d,hormuz_tanker_capacity,fold_05,2993418.0,,
2023-05-19,seasonal_naive_7d,hormuz_tanker_capacity,fold_05,2642749.0,,
2023-05-20,seasonal_naive_7d,hormuz_tanker_capacity,fold_05,4036058.0,,
2023-05-21,seasonal_naive_7d,hormuz_tanker_capacity,fold_05,1769504.0,,
2023-05-22,seasonal_naive_7d,hormuz_tanker_capacity,fold_05,1946054.0,,
2023-05-23,seasonal_naive_7d,hormuz_tanker_capacity,fold_05,1278025.0,,
2023-05-24,seasonal_naive_7d,hormuz_tanker_capacity,fold_05,2913363.0,,
2023-05-25,seasonal_naive_7d,hormuz_tanker_capacity,fold_05,4796529.0,,
2023-05-26,seasonal_naive_7d,hormuz_tanker_capacity,fold_05,2028245.0,,
2023-05-27,seasonal_naive_7d,hormuz_tanker_capacity,fold_05,3477269.0,,
2023-05-28,seasonal_naive_7d,hormuz_tanker_capacity,fold_05,3581501.0,,
2023-05-29,seasonal_naive_7d,hormuz_tanker_capacity,fold_05,2917764.0,,
2023-05-30,seasonal_naive_7d,hormuz_tanker_capacity,fold_05,2841338.0,,
2023-05-31,seasonal_naive_7d,hormuz_tanker_capacity,fold_06,3065581.0,2913363.0,152218.0
2023-06-01,seasonal_naive_7d,hormuz_tanker_capacity,fold_06,2008291.0,4796529.0,-2788238.0
2023-06-02,seasonal_naive_7d,hormuz_tanker_capacity,fold_06,2663808.0,2028245.0,635563.0
2023-06-03,seasonal_naive_7d,hormuz_tanker_capacity,fold_06,4571011.0,3477269.0,1093742.0
2023-06-04,seasonal_naive_7d,hormuz_tanker_capacity,fold_06,4103453.0,3581501.0,521952.0
2023-06-05,seasonal_naive_7d,hormuz_tanker_capacity,fold_06,3933990.0,2917764.0,1016226.0
2023-06-06,seasonal_naive_7d,hormuz_tanker_capacity,fold_06,2432236.0,2841338.0,-409102.0
2023-06-07,seasonal_naive_7d,hormuz_tanker_capacity,fold_06,3086133.0,,
2023-06-08,seasonal_naive_7d,hormuz_tanker_capacity,fold_06,2517823.0,,
2023-06-09,seasonal_naive_7d,hormuz_tanker_capacity,fold_06,3051397.0,,
2023-06-10,seasonal_naive_7d,hormuz_tanker_capacity,fold_06,4108703.0,,
2023-06-11,seasonal_naive_7d,hormuz_tanker_capacity,fold_06,3082061.0,,
2023-06-12,seasonal_naive_7d,hormuz_tanker_capacity,fold_06,4273985.0,,
2023-06-13,seasonal_naive_7d,hormuz_tanker_capacity,fold_06,3217980.0,,
2023-06-14,seasonal_naive_7d,hormuz_tanker_capacity,fold_06,2097219.0,,
2023-06-15,seasonal_naive_7d,hormuz_tanker_capacity,fold_06,4097333.0,,
2023-06-16,seasonal_naive_7d,hormuz_tanker_capacity,fold_06,3393289.0,,
2023-06-17,seasonal_naive_7d,hormuz_tanker_capacity,fold_06,2534698.0,,
2023-06-18,seasonal_naive_7d,hormuz_tanker_capacity,fold_06,3293693.0,,
2023-06-19,seasonal_naive_7d,hormuz_tanker_capacity,fold_06,3009656.0,,
2023-06-20,seasonal_naive_7d,hormuz_tanker_capacity,fold_06,2491735.0,,
2023-06-21,seasonal_naive_7d,hormuz_tanker_capacity,fold_06,2050296.0,,
2023-06-22,seasonal_naive_7d,hormuz_tanker_capacity,fold_06,3849758.0,,
2023-06-23,seasonal_naive_7d,hormuz_tanker_capacity,fold_06,2899454.0,,
2023-06-24,seasonal_naive_7d,hormuz_tanker_capacity,fold_06,4248863.0,,
2023-06-25,seasonal_naive_7d,hormuz_tanker_capacity,fold_06,2988095.0,,
2023-06-26,seasonal_naive_7d,hormuz_tanker_capacity,fold_06,3192357.0,,
2023-06-27,seasonal_naive_7d,hormuz_tanker_capacity,fold_06,2068580.0,,
2023-06-28,seasonal_naive_7d,hormuz_tanker_capacity,fold_06,2868903.0,,
2023-06-29,seasonal_naive_7d,hormuz_tanker_capacity,fold_06,3294249.0,,
2023-06-30,seasonal_naive_7d,hormuz_tanker_capacity,fold_07,2835588.0,2899454.0,-63866.0
2023-07-01,seasonal_naive_7d,hormuz_tanker_capacity,fold_07,2722641.0,4248863.0,-1526222.0
2023-07-02,seasonal_naive_7d,hormuz_tanker_capacity,fold_07,3225468.0,2988095.0,237373.0
2023-07-03,seasonal_naive_7d,hormuz_tanker_capacity,fold_07,3983446.0,3192357.0,791089.0
2023-07-04,seasonal_naive_7d,hormuz_tanker_capacity,fold_07,2286926.0,2068580.0,218346.0
2023-07-05,seasonal_naive_7d,hormuz_tanker_capacity,fold_07,4476044.0,2868903.0,1607141.0
2023-07-06,seasonal_naive_7d,hormuz_tanker_capacity,fold_07,2922986.0,3294249.0,-371263.0
2023-07-07,seasonal_naive_7d,hormuz_tanker_capacity,fold_07,3227171.0,,
2023-07-08,seasonal_naive_7d,hormuz_tanker_capacity,fold_07,2595488.0,,
2023-07-09,seasonal_naive_7d,hormuz_tanker_capacity,fold_07,3409891.0,,
2023-07-10,seasonal_naive_7d,hormuz_tanker_capacity,fold_07,3107522.0,,
2023-07-11,seasonal_naive_7d,hormuz_tanker_capacity,fold_07,3525797.0,,
2023-07-12,seasonal_naive_7d,hormuz_tanker_capacity,fold_07,2887923.0,,
2023-07-13,seasonal_naive_7d,hormuz_tanker_capacity,fold_07,3686233.0,,
2023-07-14,seasonal_naive_7d,hormuz_tanker_capacity,fold_07,2372584.0,,
2023-07-15,seasonal_naive_7d,hormuz_tanker_capacity,fold_07,3086392.0,,
2023-07-16,seasonal_naive_7d,hormuz_tanker_capacity,fold_07,3325586.0,,
2023-07-17,seasonal_naive_7d,hormuz_tanker_capacity,fold_07,3274979.0,,
2023-07-18,seasonal_naive_7d,hormuz_tanker_capacity,fold_07,3257904.0,,
2023-07-19,seasonal_naive_7d,hormuz_tanker_capacity,fold_07,3812599.0,,
2023-07-20,seasonal_naive_7d,hormuz_tanker_capacity,fold_07,3842999.0,,
2023-07-21,seasonal_naive_7d,hormuz_tanker_capacity,fold_07,1913845.0,,
2023-07-22,seasonal_naive_7d,hormuz_tanker_capacity,fold_07,2487431.0,,
2023-07-23,seasonal_naive_7d,hormuz_tanker_capacity,fold_07,2464240.0,,
2023-07-24,seasonal_naive_7d,hormuz_tanker_capacity,fold_07,3623330.0,,
2023-07-25,seasonal_naive_7d,hormuz_tanker_capacity,fold_07,2944864.0,,
2023-07-26,seasonal_naive_7d,hormuz_tanker_capacity,fold_07,2825418.0,,
2023-07-27,seasonal_naive_7d,hormuz_tanker_capacity,fold_07,2786100.0,,
2023-07-28,seasonal_naive_7d,hormuz_tanker_capacity,fold_07,3454499.0,,
2023-07-29,seasonal_naive_7d,hormuz_tanker_capacity,fold_07,2436926.0,,
2023-07-30,seasonal_naive_7d,hormuz_tanker_capacity,fold_08,2509566.0,2464240.0,45326.0
2023-07-31,seasonal_naive_7d,hormuz_tanker_capacity,fold_08,3425106.0,3623330.0,-198224.0
2023-08-01,seasonal_naive_7d,hormuz_tanker_capacity,fold_08,3280165.0,2944864.0,335301.0
2023-08-02,seasonal_naive_7d,hormuz_tanker_capacity,fold_08,3037884.0,2825418.0,212466.0
2023-08-03,seasonal_naive_7d,hormuz_tanker_capacity,fold_08,3373955.0,2786100.0,587855.0
2023-08-04,seasonal_naive_7d,hormuz_tanker_capacity,fold_08,2442397.0,3454499.0,-1012102.0
2023-08-05,seasonal_naive_7d,hormuz_tanker_capacity,fold_08,2589557.0,2436926.0,152631.0
2023-08-06,seasonal_naive_7d,hormuz_tanker_capacity,fold_08,3307743.0,,
2023-08-07,seasonal_naive_7d,hormuz_tanker_capacity,fold_08,2794972.0,,
2023-08-08,seasonal_naive_7d,hormuz_tanker_capacity,fold_08,2659560.0,,
2023-08-09,seasonal_naive_7d,hormuz_tanker_capacity,fold_08,3817634.0,,
2023-08-10,seasonal_naive_7d,hormuz_tanker_capacity,fold_08,2607831.0,,
2023-08-11,seasonal_naive_7d,hormuz_tanker_capacity,fold_08,2471598.0,,
2023-08-12,seasonal_naive_7d,hormuz_tanker_capacity,fold_08,3515091.0,,
2023-08-13,seasonal_naive_7d,hormuz_tanker_capacity,fold_08,3669977.0,,
2023-08-14,seasonal_naive_7d,hormuz_tanker_capacity,fold_08,2656014.0,,
2023-08-15,seasonal_naive_7d,hormuz_tanker_capacity,fold_08,2706928.0,,
2023-08-16,seasonal_naive_7d,hormuz_tanker_capacity,fold_08,2304079.0,,
2023-08-17,seasonal_naive_7d,hormuz_tanker_capacity,fold_08,3425977.0,,
2023-08-18,seasonal_naive_7d,hormuz_tanker_capacity,fold_08,2691901.0,,
2023-08-19,seasonal_naive_7d,hormuz_tanker_capacity,fold_08,3461431.0,,
2023-08-20,seasonal_naive_7d,hormuz_tanker_capacity,fold_08,3458711.0,,
2023-08-21,seasonal_naive_7d,hormuz_tanker_capacity,fold_08,3106498.0,,
2023-08-22,seasonal_naive_7d,hormuz_tanker_capacity,fold_08,2552729.0,,
2023-08-23,seasonal_naive_7d,hormuz_tanker_capacity,fold_08,3172634.0,,
2023-08-24,seasonal_naive_7d,hormuz_tanker_capacity,fold_08,3936327.0,,
2023-08-25,seasonal_naive_7d,hormuz_tanker_capacity,fold_08,1655228.0,,
2023-08-26,seasonal_naive_7d,hormuz_tanker_capacity,fold_08,3393330.0,,
2023-08-27,seasonal_naive_7d,hormuz_tanker_capacity,fold_08,1172026.0,,
2023-08-28,seasonal_naive_7d,hormuz_tanker_capacity,fold_08,3438945.0,,
2023-08-29,seasonal_naive_7d,hormuz_tanker_capacity,fold_09,2469524.0,2552729.0,-83205.0
2023-08-30,seasonal_naive_7d,hormuz_tanker_capacity,fold_09,2978217.0,3172634.0,-194417.0
2023-08-31,seasonal_naive_7d,hormuz_tanker_capacity,fold_09,2505682.0,3936327.0,-1430645.0
2023-09-01,seasonal_naive_7d,hormuz_tanker_capacity,fold_09,2837584.0,1655228.0,1182356.0
2023-09-02,seasonal_naive_7d,hormuz_tanker_capacity,fold_09,3284754.0,3393330.0,-108576.0
2023-09-03,seasonal_naive_7d,hormuz_tanker_capacity,fold_09,2506936.0,1172026.0,1334910.0
2023-09-04,seasonal_naive_7d,hormuz_tanker_capacity,fold_09,3134180.0,3438945.0,-304765.0
2023-09-05,seasonal_naive_7d,hormuz_tanker_capacity,fold_09,3046506.0,,
2023-09-06,seasonal_naive_7d,hormuz_tanker_capacity,fold_09,3582165.0,,
2023-09-07,seasonal_naive_7d,hormuz_tanker_capacity,fold_09,3161832.0,,
2023-09-08,seasonal_naive_7d,hormuz_tanker_capacity,fold_09,2763609.0,,
2023-09-09,seasonal_naive_7d,hormuz_tanker_capacity,fold_09,3467165.0,,
2023-09-10,seasonal_naive_7d,hormuz_tanker_capacity,fold_09,2809307.0,,
2023-09-11,seasonal_naive_7d,hormuz_tanker_capacity,fold_09,2379485.0,,
2023-09-12,seasonal_naive_7d,hormuz_tanker_capacity,fold_09,2284434.0,,
2023-09-13,seasonal_naive_7d,hormuz_tanker_capacity,fold_09,2835069.0,,
2023-09-14,seasonal_naive_7d,hormuz_tanker_capacity,fold_09,4311001.0,,
2023-09-15,seasonal_naive_7d,hormuz_tanker_capacity,fold_09,1966652.0,,
2023-09-16,seasonal_naive_7d,hormuz_tanker_capacity,fold_09,2594221.0,,
2023-09-17,seasonal_naive_7d,hormuz_tanker_capacity,fold_09,2402052.0,,
2023-09-18,seasonal_naive_7d,hormuz_tanker_capacity,fold_09,2817843.0,,
2023-09-19,seasonal_naive_7d,hormuz_tanker_capacity,fold_09,2743604.0,,
2023-09-20,seasonal_naive_7d,hormuz_tanker_capacity,fold_09,3116738.0,,
2023-09-21,seasonal_naive_7d,hormuz_tanker_capacity,fold_09,2051595.0,,
2023-09-22,seasonal_naive_7d,hormuz_tanker_capacity,fold_09,3481358.0,,
2023-09-23,seasonal_naive_7d,hormuz_tanker_capacity,fold_09,2116044.0,,
2023-09-24,seasonal_naive_7d,hormuz_tanker_capacity,fold_09,1989895.0,,
2023-09-25,seasonal_naive_7d,hormuz_tanker_capacity,fold_09,3032748.0,,
2023-09-26,seasonal_naive_7d,hormuz_tanker_capacity,fold_09,3466968.0,,
2023-09-27,seasonal_naive_7d,hormuz_tanker_capacity,fold_09,3011148.0,,
2023-09-28,seasonal_naive_7d,hormuz_tanker_capacity,fold_10,2529794.0,2051595.0,478199.0
2023-09-29,seasonal_naive_7d,hormuz_tanker_capacity,fold_10,2717727.0,3481358.0,-763631.0
2023-09-30,seasonal_naive_7d,hormuz_tanker_capacity,fold_10,3761411.0,2116044.0,1645367.0
2023-10-01,seasonal_naive_7d,hormuz_tanker_capacity,fold_10,2514787.0,1989895.0,524892.0
2023-10-02,seasonal_naive_7d,hormuz_tanker_capacity,fold_10,3795711.0,3032748.0,762963.0
2023-10-03,seasonal_naive_7d,hormuz_tanker_capacity,fold_10,3046925.0,3466968.0,-420043.0
2023-10-04,seasonal_naive_7d,hormuz_tanker_capacity,fold_10,3174739.0,3011148.0,163591.0
2023-10-05,seasonal_naive_7d,hormuz_tanker_capacity,fold_10,2121118.0,,
2023-10-06,seasonal_naive_7d,hormuz_tanker_capacity,fold_10,3870660.0,,
2023-10-07,seasonal_naive_7d,hormuz_tanker_capacity,fold_10,1930562.0,,
2023-10-08,seasonal_naive_7d,hormuz_tanker_capacity,fold_10,3333004.0,,
2023-10-09,seasonal_naive_7d,hormuz_tanker_capacity,fold_10,3054547.0,,
2023-10-10,seasonal_naive_7d,hormuz_tanker_capacity,fold_10,4039480.0,,
2023-10-11,seasonal_naive_7d,hormuz_tanker_capacity,fold_10,2519862.0,,
2023-10-12,seasonal_naive_7d,hormuz_tanker_capacity,fold_10,3119989.0,,
2023-10-13,seasonal_naive_7d,hormuz_tanker_capacity,fold_10,2563770.0,,
2023-10-14,seasonal_naive_7d,hormuz_tanker_capacity,fold_10,3103372.0,,
2023-10-15,seasonal_naive_7d,hormuz_tanker_capacity,fold_10,2780722.0,,
2023-10-16,seasonal_naive_7d,hormuz_tanker_capacity,fold_10,2885763.0,,
2023-10-17,seasonal_naive_7d,hormuz_tanker_capacity,fold_10,1999176.0,,
2023-10-18,seasonal_naive_7d,hormuz_tanker_capacity,fold_10,3814997.0,,
2023-10-19,seasonal_naive_7d,hormuz_tanker_capacity,fold_10,2764879.0,,
2023-10-20,seasonal_naive_7d,hormuz_tanker_capacity,fold_10,2638377.0,,
2023-10-21,seasonal_naive_7d,hormuz_tanker_capacity,fold_10,2675361.0,,
2023-10-22,seasonal_naive_7d,hormuz_tanker_capacity,fold_10,2269488.0,,
2023-10-23,seasonal_naive_7d,hormuz_tanker_capacity,fold_10,1709334.0,,
2023-10-24,seasonal_naive_7d,hormuz_tanker_capacity,fold_10,2821778.0,,
2023-10-25,seasonal_naive_7d,hormuz_tanker_capacity,fold_10,2526051.0,,
2023-10-26,seasonal_naive_7d,hormuz_tanker_capacity,fold_10,2924521.0,,
2023-10-27,seasonal_naive_7d,hormuz_tanker_capacity,fold_10,2350502.0,,
2023-10-28,seasonal_naive_7d,hormuz_tanker_capacity,fold_11,2156667.0,2675361.0,-518694.0
2023-10-29,seasonal_naive_7d,hormuz_tanker_capacity,fold_11,3530278.0,2269488.0,1260790.0
2023-10-30,seasonal_naive_7d,hormuz_tanker_capacity,fold_11,2942253.0,1709334.0,1232919.0
2023-10-31,seasonal_naive_7d,hormuz_tanker_capacity,fold_11,3101809.0,2821778.0,280031.0
2023-11-01,seasonal_naive_7d,hormuz_tanker_capacity,fold_11,2297148.0,2526051.0,-228903.0
2023-11-02,seasonal_naive_7d,hormuz_tanker_capacity,fold_11,2436133.0,2924521.0,-488388.0
2023-11-03,seasonal_naive_7d,hormuz_tanker_capacity,fold_11,3565745.0,2350502.0,1215243.0
2023-11-04,seasonal_naive_7d,hormuz_tanker_capacity,fold_11,2100076.0,,
2023-11-05,seasonal_naive_7d,hormuz_tanker_capacity,fold_11,1297382.0,,
2023-11-06,seasonal_naive_7d,hormuz_tanker_capacity,fold_11,2457298.0,,
2023-11-07,seasonal_naive_7d,hormuz_tanker_capacity,fold_11,1038926.0,,
2023-11-08,seasonal_naive_7d,hormuz_tanker_capacity,fold_11,2035074.0,,
2023-11-09,seasonal_naive_7d,hormuz_tanker_capacity,fold_11,2666357.0,,
2023-11-10,seasonal_naive_7d,hormuz_tanker_capacity,fold_11,3096462.0,,
2023-11-11,seasonal_naive_7d,hormuz_tanker_capacity,fold_11,3258746.0,,
2023-11-12,seasonal_naive_7d,hormuz_tanker_capacity,fold_11,2845653.0,,
2023-11-13,seasonal_naive_7d,hormuz_tanker_capacity,fold_11,2540840.0,,
2023-11-14,seasonal_naive_7d,hormuz_tanker_capacity,fold_11,3172710.0,,
2023-11-15,seasonal_naive_7d,hormuz_tanker_capacity,fold_11,1502045.0,,
2023-11-16,seasonal_naive_7d,hormuz_tanker_capacity,fold_11,2382202.0,,
2023-11-17,seasonal_naive_7d,hormuz_tanker_capacity,fold_11,2161365.0,,
2023-11-18,seasonal_naive_7d,hormuz_tanker_capacity,fold_11,2548866.0,,
2023-11-19,seasonal_naive_7d,hormuz_tanker_capacity,fold_11,2013573.0,,
2023-11-20,seasonal_naive_7d,hormuz_tanker_capacity,fold_11,1923523.0,,
2023-11-21,seasonal_naive_7d,hormuz_tanker_capacity,fold_11,2581061.0,,
2023-11-22,seasonal_naive_7d,hormuz_tanker_capacity,fold_11,1213340.0,,
2023-11-23,seasonal_naive_7d,hormuz_tanker_capacity,fold_11,1798717.0,,
2023-11-24,seasonal_naive_7d,hormuz_tanker_capacity,fold_11,2401516.0,,
2023-11-25,seasonal_naive_7d,hormuz_tanker_capacity,fold_11,1787196.0,,
2023-11-26,seasonal_naive_7d,hormuz_tanker_capacity,fold_11,3012244.0,,
2023-11-27,seasonal_naive_7d,hormuz_tanker_capacity,fold_12,3173543.0,1923523.0,1250020.0
2023-11-28,seasonal_naive_7d,hormuz_tanker_capacity,fold_12,3186866.0,2581061.0,605805.0
2023-11-29,seasonal_naive_7d,hormuz_tanker_capacity,fold_12,2398118.0,1213340.0,1184778.0
2023-11-30,seasonal_naive_7d,hormuz_tanker_capacity,fold_12,3281019.0,1798717.0,1482302.0
2023-12-01,seasonal_naive_7d,hormuz_tanker_capacity,fold_12,1824505.0,2401516.0,-577011.0
2023-12-02,seasonal_naive_7d,hormuz_tanker_capacity,fold_12,3128324.0,1787196.0,1341128.0
2023-12-03,seasonal_naive_7d,hormuz_tanker_capacity,fold_12,3202455.0,3012244.0,190211.0
2023-12-04,seasonal_naive_7d,hormuz_tanker_capacity,fold_12,2542830.0,,
2023-12-05,seasonal_naive_7d,hormuz_tanker_capacity,fold_12,3205496.0,,
2023-12-06,seasonal_naive_7d,hormuz_tanker_capacity,fold_12,1990547.0,,
2023-12-07,seasonal_naive_7d,hormuz_tanker_capacity,fold_12,3646083.0,,
2023-12-08,seasonal_naive_7d,hormuz_tanker_capacity,fold_12,1725744.0,,
2023-12-09,seasonal_naive_7d,hormuz_tanker_capacity,fold_12,3690439.0,,
2023-12-10,seasonal_naive_7d,hormuz_tanker_capacity,fold_12,2033984.0,,
2023-12-11,seasonal_naive_7d,hormuz_tanker_capacity,fold_12,2433655.0,,
2023-12-12,seasonal_naive_7d,hormuz_tanker_capacity,fold_12,2029677.0,,
2023-12-13,seasonal_naive_7d,hormuz_tanker_capacity,fold_12,2190534.0,,
2023-12-14,seasonal_naive_7d,hormuz_tanker_capacity,fold_12,3393617.0,,
2023-12-15,seasonal_naive_7d,hormuz_tanker_capacity,fold_12,3735908.0,,
2023-12-16,seasonal_naive_7d,hormuz_tanker_capacity,fold_12,2550518.0,,
2023-12-17,seasonal_naive_7d,hormuz_tanker_capacity,fold_12,3153419.0,,
2023-12-18,seasonal_naive_7d,hormuz_tanker_capacity,fold_12,1951187.0,,
2023-12-19,seasonal_naive_7d,hormuz_tanker_capacity,fold_12,2401431.0,,
2023-12-20,seasonal_naive_7d,hormuz_tanker_capacity,fold_12,2314075.0,,
2023-12-21,seasonal_naive_7d,hormuz_tanker_capacity,fold_12,3613860.0,,
2023-12-22,seasonal_naive_7d,hormuz_tanker_capacity,fold_12,2377213.0,,
2023-12-23,seasonal_naive_7d,hormuz_tanker_capacity,fold_12,2090755.0,,
2023-12-24,seasonal_naive_7d,hormuz_tanker_capacity,fold_12,1989630.0,,
2023-12-25,seasonal_naive_7d,hormuz_tanker_capacity,fold_12,2834557.0,,
2023-12-26,seasonal_naive_7d,hormuz_tanker_capacity,fold_12,3394539.0,,
2023-12-27,seasonal_naive_7d,hormuz_tanker_capacity,fold_13,1584887.0,2314075.0,-729188.0
2023-12-28,seasonal_naive_7d,hormuz_tanker_capacity,fold_13,3148570.0,3613860.0,-465290.0
2023-12-29,seasonal_naive_7d,hormuz_tanker_capacity,fold_13,2643457.0,2377213.0,266244.0
2023-12-30,seasonal_naive_7d,hormuz_tanker_capacity,fold_13,3160487.0,2090755.0,1069732.0
2023-12-31,seasonal_naive_7d,hormuz_tanker_capacity,fold_13,2984590.0,1989630.0,994960.0
2024-01-01,seasonal_naive_7d,hormuz_tanker_capacity,fold_13,2970134.0,2834557.0,135577.0
2024-01-02,seasonal_naive_7d,hormuz_tanker_capacity,fold_13,2045498.0,3394539.0,-1349041.0
2024-01-03,seasonal_naive_7d,hormuz_tanker_capacity,fold_13,2842619.0,,
2024-01-04,seasonal_naive_7d,hormuz_tanker_capacity,fold_13,2511834.0,,
2024-01-05,seasonal_naive_7d,hormuz_tanker_capacity,fold_13,2772213.0,,
2024-01-06,seasonal_naive_7d,hormuz_tanker_capacity,fold_13,2336352.0,,
2024-01-07,seasonal_naive_7d,hormuz_tanker_capacity,fold_13,2791233.0,,
2024-01-08,seasonal_naive_7d,hormuz_tanker_capacity,fold_13,2165527.0,,
2024-01-09,seasonal_naive_7d,hormuz_tanker_capacity,fold_13,2241549.0,,
2024-01-10,seasonal_naive_7d,hormuz_tanker_capacity,fold_13,2204135.0,,
2024-01-11,seasonal_naive_7d,hormuz_tanker_capacity,fold_13,3705153.0,,
2024-01-12,seasonal_naive_7d,hormuz_tanker_capacity,fold_13,2906317.0,,
2024-01-13,seasonal_naive_7d,hormuz_tanker_capacity,fold_13,2769968.0,,
2024-01-14,seasonal_naive_7d,hormuz_tanker_capacity,fold_13,2099491.0,,
2024-01-15,seasonal_naive_7d,hormuz_tanker_capacity,fold_13,3925487.0,,
2024-01-16,seasonal_naive_7d,hormuz_tanker_capacity,fold_13,3120216.0,,
2024-01-17,seasonal_naive_7d,hormuz_tanker_capacity,fold_13,3008421.0,,
2024-01-18,seasonal_naive_7d,hormuz_tanker_capacity,fold_13,2290239.0,,
2024-01-19,seasonal_naive_7d,hormuz_tanker_capacity,fold_13,2288870.0,,
2024-01-20,seasonal_naive_7d,hormuz_tanker_capacity,fold_13,1615197.0,,
2024-01-21,seasonal_naive_7d,hormuz_tanker_capacity,fold_13,2249372.0,,
2024-01-22,seasonal_naive_7d,hormuz_tanker_capacity,fold_13,3094890.0,,
2024-01-23,seasonal_naive_7d,hormuz_tanker_capacity,fold_13,1975258.0,,
2024-01-24,seasonal_naive_7d,hormuz_tanker_capacity,fold_13,2803321.0,,
2024-01-25,seasonal_naive_7d,hormuz_tanker_capacity,fold_13,3322504.0,,
2024-01-26,seasonal_naive_7d,hormuz_tanker_capacity,fold_14,1681426.0,2288870.0,-607444.0
2024-01-27,seasonal_naive_7d,hormuz_tanker_capacity,fold_14,2961580.0,1615197.0,1346383.0
2024-01-28,seasonal_naive_7d,hormuz_tanker_capacity,fold_14,2756718.0,2249372.0,507346.0
2024-01-29,seasonal_naive_7d,hormuz_tanker_capacity,fold_14,2362167.0,3094890.0,-732723.0
2024-01-30,seasonal_naive_7d,hormuz_tanker_capacity,fold_14,2626454.0,1975258.0,651196.0
2024-01-31,seasonal_naive_7d,hormuz_tanker_capacity,fold_14,2679923.0,2803321.0,-123398.0
2024-02-01,seasonal_naive_7d,hormuz_tanker_capacity,fold_14,3065904.0,3322504.0,-256600.0
2024-02-02,seasonal_naive_7d,hormuz_tanker_capacity,fold_14,3534094.0,,
2024-02-03,seasonal_naive_7d,hormuz_tanker_capacity,fold_14,2090863.0,,
2024-02-04,seasonal_naive_7d,hormuz_tanker_capacity,fold_14,1852577.0,,
2024-02-05,seasonal_naive_7d,hormuz_tanker_capacity,fold_14,2041664.0,,
2024-02-06,seasonal_naive_7d,hormuz_tanker_capacity,fold_14,1760204.0,,
2024-02-07,seasonal_naive_7d,hormuz_tanker_capacity,fold_14,2615648.0,,
2024-02-08,seasonal_naive_7d,hormuz_tanker_capacity,fold_14,3119475.0,,
2024-02-09,seasonal_naive_7d,hormuz_tanker_capacity,fold_14,1134678.0,,
2024-02-10,seasonal_naive_7d,hormuz_tanker_capacity,fold_14,3181012.0,,
2024-02-11,seasonal_naive_7d,hormuz_tanker_capacity,fold_14,3389006.0,,
2024-02-12,seasonal_naive_7d,hormuz_tanker_capacity,fold_14,3192008.0,,
2024-02-13,seasonal_naive_7d,hormuz_tanker_capacity,fold_14,2429413.0,,
2024-02-14,seasonal_naive_7d,hormuz_tanker_capacity,fold_14,2931805.0,,
2024-02-15,seasonal_naive_7d,hormuz_tanker_capacity,fold_14,2475129.0,,
2024-02-16,seasonal_naive_7d,hormuz_tanker_capacity,fold_14,3248080.0,,
2024-02-17,seasonal_naive_7d,hormuz_tanker_capacity,fold_14,2980493.0,,
2024-02-18,seasonal_naive_7d,hormuz_tanker_capacity,fold_14,1869376.0,,
2024-02-19,seasonal_naive_7d,hormuz_tanker_capacity,fold_14,3300481.0,,
2024-02-20,seasonal_naive_7d,hormuz_tanker_capacity,fold_14,2543717.0,,
2024-02-21,seasonal_naive_7d,hormuz_tanker_capacity,fold_14,3589256.0,,
2024-02-22,seasonal_naive_7d,hormuz_tanker_capacity,fold_14,2751549.0,,
2024-02-23,seasonal_naive_7d,hormuz_tanker_capacity,fold_14,2351307.0,,
2024-02-24,seasonal_naive_7d,hormuz_tanker_capacity,fold_14,2491897.0,,
2024-02-25,seasonal_naive_7d,hormuz_tanker_capacity,fold_15,3723729.0,1869376.0,1854353.0
2024-02-26,seasonal_naive_7d,hormuz_tanker_capacity,fold_15,3057224.0,3300481.0,-243257.0
2024-02-27,seasonal_naive_7d,hormuz_tanker_capacity,fold_15,2499125.0,2543717.0,-44592.0
2024-02-28,seasonal_naive_7d,hormuz_tanker_capacity,fold_15,1969363.0,3589256.0,-1619893.0
2024-02-29,seasonal_naive_7d,hormuz_tanker_capacity,fold_15,1563571.0,2751549.0,-1187978.0
2024-03-01,seasonal_naive_7d,hormuz_tanker_capacity,fold_15,2676956.0,2351307.0,325649.0
2024-03-02,seasonal_naive_7d,hormuz_tanker_capacity,fold_15,1443621.0,2491897.0,-1048276.0
2024-03-03,seasonal_naive_7d,hormuz_tanker_capacity,fold_15,2900410.0,,
2024-03-04,seasonal_naive_7d,hormuz_tanker_capacity,fold_15,3713377.0,,
2024-03-05,seasonal_naive_7d,hormuz_tanker_capacity,fold_15,3154753.0,,
2024-03-06,seasonal_naive_7d,hormuz_tanker_capacity,fold_15,2495408.0,,
2024-03-07,seasonal_naive_7d,hormuz_tanker_capacity,fold_15,2387767.0,,
2024-03-08,seasonal_naive_7d,hormuz_tanker_capacity,fold_15,3410393.0,,
2024-03-09,seasonal_naive_7d,hormuz_tanker_capacity,fold_15,2405836.0,,
2024-03-10,seasonal_naive_7d,hormuz_tanker_capacity,fold_15,3661767.0,,
2024-03-11,seasonal_naive_7d,hormuz_tanker_capacity,fold_15,2964072.0,,
2024-03-12,seasonal_naive_7d,hormuz_tanker_capacity,fold_15,3069277.0,,
2024-03-13,seasonal_naive_7d,hormuz_tanker_capacity,fold_15,2625938.0,,
2024-03-14,seasonal_naive_7d,hormuz_tanker_capacity,fold_15,3528258.0,,
2024-03-15,seasonal_naive_7d,hormuz_tanker_capacity,fold_15,3265415.0,,
2024-03-16,seasonal_naive_7d,hormuz_tanker_capacity,fold_15,3980130.0,,
2024-03-17,seasonal_naive_7d,hormuz_tanker_capacity,fold_15,3138393.0,,
2024-03-18,seasonal_naive_7d,hormuz_tanker_capacity,fold_15,2378423.0,,
2024-03-19,seasonal_naive_7d,hormuz_tanker_capacity,fold_15,2534517.0,,
2024-03-20,seasonal_naive_7d,hormuz_tanker_capacity,fold_15,4705850.0,,
2024-03-21,seasonal_naive_7d,hormuz_tanker_capacity,fold_15,3000162.0,,
2024-03-22,seasonal_naive_7d,hormuz_tanker_capacity,fold_15,2975249.0,,
2024-03-23,seasonal_naive_7d,hormuz_tanker_capacity,fold_15,2754951.0,,
2024-03-24,seasonal_naive_7d,hormuz_tanker_capacity,fold_15,1380528.0,,
2024-03-25,seasonal_naive_7d,hormuz_tanker_capacity,fold_15,2963470.0,,
2024-03-26,seasonal_naive_7d,hormuz_tanker_capacity,fold_16,1543567.0,2534517.0,-990950.0
2024-03-27,seasonal_naive_7d,hormuz_tanker_capacity,fold_16,2892696.0,4705850.0,-1813154.0
2024-03-28,seasonal_naive_7d,hormuz_tanker_capacity,fold_16,2191147.0,3000162.0,-809015.0
2024-03-29,seasonal_naive_7d,hormuz_tanker_capacity,fold_16,4343387.0,2975249.0,1368138.0
2024-03-30,seasonal_naive_7d,hormuz_tanker_capacity,fold_16,3881477.0,2754951.0,1126526.0
2024-03-31,seasonal_naive_7d,hormuz_tanker_capacity,fold_16,3424935.0,1380528.0,2044407.0
2024-04-01,seasonal_naive_7d,hormuz_tanker_capacity,fold_16,2076451.0,2963470.0,-887019.0
2024-04-02,seasonal_naive_7d,hormuz_tanker_capacity,fold_16,2629201.0,,
2024-04-03,seasonal_naive_7d,hormuz_tanker_capacity,fold_16,3050575.0,,
2024-04-04,seasonal_naive_7d,hormuz_tanker_capacity,fold_16,4020627.0,,
2024-04-05,seasonal_naive_7d,hormuz_tanker_capacity,fold_16,2576477.0,,
2024-04-06,seasonal_naive_7d,hormuz_tanker_capacity,fold_16,3858362.0,,
2024-04-07,seasonal_naive_7d,hormuz_tanker_capacity,fold_16,2949651.0,,
2024-04-08,seasonal_naive_7d,hormuz_tanker_capacity,fold_16,2220460.0,,
2024-04-09,seasonal_naive_7d,hormuz_tanker_capacity,fold_16,2569655.0,,
2024-04-10,seasonal_naive_7d,hormuz_tanker_capacity,fold_16,3523186.0,,
2024-04-11,seasonal_naive_7d,hormuz_tanker_capacity,fold_16,2947392.0,,
2024-04-12,seasonal_naive_7d,hormuz_tanker_capacity,fold_16,2419352.0,,
2024-04-13,seasonal_naive_7d,hormuz_tanker_capacity,fold_16,3833119.0,,
2024-04-14,seasonal_naive_7d,hormuz_tanker_capacity,fold_16,3677789.0,,
2024-04-15,seasonal_naive_7d,hormuz_tanker_capacity,fold_16,2472961.0,,
2024-04-16,seasonal_naive_7d,hormuz_tanker_capacity,fold_16,3141374.0,,
2024-04-17,seasonal_naive_7d,hormuz_tanker_capacity,fold_16,1387549.0,,
2024-04-18,seasonal_naive_7d,hormuz_tanker_capacity,fold_16,1875152.0,,
2024-04-19,seasonal_naive_7d,hormuz_tanker_capacity,fold_16,4195703.0,,
2024-04-20,seasonal_naive_7d,hormuz_tanker_capacity,fold_16,2802140.0,,
2024-04-21,seasonal_naive_7d,hormuz_tanker_capacity,fold_16,3520453.0,,
2024-04-22,seasonal_naive_7d,hormuz_tanker_capacity,fold_16,2467325.0,,
2024-04-23,seasonal_naive_7d,hormuz_tanker_capacity,fold_16,3010048.0,,
2024-04-24,seasonal_naive_7d,hormuz_tanker_capacity,fold_16,3449703.0,,
2024-04-25,seasonal_naive_7d,hormuz_tanker_capacity,fold_17,3253413.0,1875152.0,1378261.0
2024-04-26,seasonal_naive_7d,hormuz_tanker_capacity,fold_17,2241288.0,4195703.0,-1954415.0
2024-04-27,seasonal_naive_7d,hormuz_tanker_capacity,fold_17,2545325.0,2802140.0,-256815.0
2024-04-28,seasonal_naive_7d,hormuz_tanker_capacity,fold_17,3293050.0,3520453.0,-227403.0
2024-04-29,seasonal_naive_7d,hormuz_tanker_capacity,fold_17,1877068.0,2467325.0,-590257.0
2024-04-30,seasonal_naive_7d,hormuz_tanker_capacity,fold_17,2695438.0,3010048.0,-314610.0
2024-05-01,seasonal_naive_7d,hormuz_tanker_capacity,fold_17,3014141.0,3449703.0,-435562.0
2024-05-02,seasonal_naive_7d,hormuz_tanker_capacity,fold_17,1647080.0,,
2024-05-03,seasonal_naive_7d,hormuz_tanker_capacity,fold_17,2644486.0,,
2024-05-04,seasonal_naive_7d,hormuz_tanker_capacity,fold_17,3363388.0,,
2024-05-05,seasonal_naive_7d,hormuz_tanker_capacity,fold_17,4118037.0,,
2024-05-06,seasonal_naive_7d,hormuz_tanker_capacity,fold_17,3349321.0,,
2024-05-07,seasonal_naive_7d,hormuz_tanker_capacity,fold_17,3459178.0,,
2024-05-08,seasonal_naive_7d,hormuz_tanker_capacity,fold_17,1279838.0,,
2024-05-09,seasonal_naive_7d,hormuz_tanker_capacity,fold_17,2960929.0,,
2024-05-10,seasonal_naive_7d,hormuz_tanker_capacity,fold_17,3834260.0,,
2024-05-11,seasonal_naive_7d,hormuz_tanker_capacity,fold_17,3110870.0,,
2024-05-12,seasonal_naive_7d,hormuz_tanker_capacity,fold_17,1681753.0,,
2024-05-13,seasonal_naive_7d,hormuz_tanker_capacity,fold_17,5360275.0,,
2024-05-14,seasonal_naive_7d,hormuz_tanker_capacity,fold_17,2779790.0,,
2024-05-15,seasonal_naive_7d,hormuz_tanker_capacity,fold_17,2336359.0,,
2024-05-16,seasonal_naive_7d,hormuz_tanker_capacity,fold_17,2019082.0,,
2024-05-17,seasonal_naive_7d,hormuz_tanker_capacity,fold_17,2617575.0,,
2024-05-18,seasonal_naive_7d,hormuz_tanker_capacity,fold_17,2339019.0,,
2024-05-19,seasonal_naive_7d,hormuz_tanker_capacity,fold_17,3296621.0,,
2024-05-20,seasonal_naive_7d,hormuz_tanker_capacity,fold_17,2880732.0,,
2024-05-21,seasonal_naive_7d,hormuz_tanker_capacity,fold_17,3500004.0,,
2024-05-22,seasonal_naive_7d,hormuz_tanker_capacity,fold_17,2751426.0,,
2024-05-23,seasonal_naive_7d,hormuz_tanker_capacity,fold_17,3247726.0,,
2024-05-24,seasonal_naive_7d,hormuz_tanker_capacity,fold_17,3529554.0,,
2024-05-25,seasonal_naive_7d,hormuz_tanker_capacity,fold_18,2834301.0,2339019.0,495282.0
2024-05-26,seasonal_naive_7d,hormuz_tanker_capacity,fold_18,1738206.0,3296621.0,-1558415.0
2024-05-27,seasonal_naive_7d,hormuz_tanker_capacity,fold_18,4068847.0,2880732.0,1188115.0
2024-05-28,seasonal_naive_7d,hormuz_tanker_capacity,fold_18,3395085.0,3500004.0,-104919.0
2024-05-29,seasonal_naive_7d,hormuz_tanker_capacity,fold_18,2592058.0,2751426.0,-159368.0
2024-05-30,seasonal_naive_7d,hormuz_tanker_capacity,fold_18,2298960.0,3247726.0,-948766.0
2024-05-31,seasonal_naive_7d,hormuz_tanker_capacity,fold_18,2937321.0,3529554.0,-592233.0
2024-06-01,seasonal_naive_7d,hormuz_tanker_capacity,fold_18,2949978.0,,
2024-06-02,seasonal_naive_7d,hormuz_tanker_capacity,fold_18,3819433.0,,
2024-06-03,seasonal_naive_7d,hormuz_tanker_capacity,fold_18,3305514.0,,
2024-06-04,seasonal_naive_7d,hormuz_tanker_capacity,fold_18,2757464.0,,
2024-06-05,seasonal_naive_7d,hormuz_tanker_capacity,fold_18,3718289.0,,
2024-06-06,seasonal_naive_7d,hormuz_tanker_capacity,fold_18,2831533.0,,
2024-06-07,seasonal_naive_7d,hormuz_tanker_capacity,fold_18,2162511.0,,
2024-06-08,seasonal_naive_7d,hormuz_tanker_capacity,fold_18,3482432.0,,
2024-06-09,seasonal_naive_7d,hormuz_tanker_capacity,fold_18,3005027.0,,
2024-06-10,seasonal_naive_7d,hormuz_tanker_capacity,fold_18,2293467.0,,
2024-06-11,seasonal_naive_7d,hormuz_tanker_capacity,fold_18,2416437.0,,
2024-06-12,seasonal_naive_7d,hormuz_tanker_capacity,fold_18,2528388.0,,
2024-06-13,seasonal_naive_7d,hormuz_tanker_capacity,fold_18,2530094.0,,
2024-06-14,seasonal_naive_7d,hormuz_tanker_capacity,fold_18,3195143.0,,
2024-06-15,seasonal_naive_7d,hormuz_tanker_capacity,fold_18,2856459.0,,
2024-06-16,seasonal_naive_7d,hormuz_tanker_capacity,fold_18,3201074.0,,
2024-06-17,seasonal_naive_7d,hormuz_tanker_capacity,fold_18,2789988.0,,
2024-06-18,seasonal_naive_7d,hormuz_tanker_capacity,fold_18,2307061.0,,
2024-06-19,seasonal_naive_7d,hormuz_tanker_capacity,fold_18,3484977.0,,
2024-06-20,seasonal_naive_7d,hormuz_tanker_capacity,fold_18,2109837.0,,
2024-06-21,seasonal_naive_7d,hormuz_tanker_capacity,fold_18,2484320.0,,
2024-06-22,seasonal_naive_7d,hormuz_tanker_capacity,fold_18,2110371.0,,
2024-06-23,seasonal_naive_7d,hormuz_tanker_capacity,fold_18,2462698.0,,
2024-06-24,seasonal_naive_7d,hormuz_tanker_capacity,fold_19,3070777.0,2789988.0,280789.0
2024-06-25,seasonal_naive_7d,hormuz_tanker_capacity,fold_19,2945341.0,2307061.0,638280.0
2024-06-26,seasonal_naive_7d,hormuz_tanker_capacity,fold_19,2156287.0,3484977.0,-1328690.0
2024-06-27,seasonal_naive_7d,hormuz_tanker_capacity,fold_19,3004278.0,2109837.0,894441.0
2024-06-28,seasonal_naive_7d,hormuz_tanker_capacity,fold_19,3099738.0,2484320.0,615418.0
2024-06-29,seasonal_naive_7d,hormuz_tanker_capacity,fold_19,2223789.0,2110371.0,113418.0
2024-06-30,seasonal_naive_7d,hormuz_tanker_capacity,fold_19,3212570.0,2462698.0,749872.0
2024-07-01,seasonal_naive_7d,hormuz_tanker_capacity,fold_19,1833851.0,,
2024-07-02,seasonal_naive_7d,hormuz_tanker_capacity,fold_19,3067529.0,,
2024-07-03,seasonal_naive_7d,hormuz_tanker_capacity,fold_19,2795147.0,,
2024-07-04,seasonal_naive_7d,hormuz_tanker_capacity,fold_19,2121006.0,,
2024-07-05,seasonal_naive_7d,hormuz_tanker_capacity,fold_19,2406899.0,,
2024-07-06,seasonal_naive_7d,hormuz_tanker_capacity,fold_19,3279610.0,,
2024-07-07,seasonal_naive_7d,hormuz_tanker_capacity,fold_19,3524340.0,,
2024-07-08,seasonal_naive_7d,hormuz_tanker_capacity,fold_19,2078512.0,,
2024-07-09,seasonal_naive_7d,hormuz_tanker_capacity,fold_19,3953301.0,,
2024-07-10,seasonal_naive_7d,hormuz_tanker_capacity,fold_19,2435847.0,,
2024-07-11,seasonal_naive_7d,hormuz_tanker_capacity,fold_19,2983250.0,,
2024-07-12,seasonal_naive_7d,hormuz_tanker_capacity,fold_19,2988283.0,,
2024-07-13,seasonal_naive_7d,hormuz_tanker_capacity,fold_19,2945223.0,,
2024-07-14,seasonal_naive_7d,hormuz_tanker_capacity,fold_19,3161056.0,,
2024-07-15,seasonal_naive_7d,hormuz_tanker_capacity,fold_19,2560556.0,,
2024-07-16,seasonal_naive_7d,hormuz_tanker_capacity,fold_19,2316692.0,,
2024-07-17,seasonal_naive_7d,hormuz_tanker_capacity,fold_19,4240064.0,,
2024-07-18,seasonal_naive_7d,hormuz_tanker_capacity,fold_19,2268837.0,,
2024-07-19,seasonal_naive_7d,hormuz_tanker_capacity,fold_19,3248679.0,,
2024-07-20,seasonal_naive_7d,hormuz_tanker_capacity,fold_19,1655505.0,,
2024-07-21,seasonal_naive_7d,hormuz_tanker_capacity,fold_19,4034829.0,,
2024-07-22,seasonal_naive_7d,hormuz_tanker_capacity,fold_19,1990716.0,,
2024-07-23,seasonal_naive_7d,hormuz_tanker_capacity,fold_19,3543176.0,,
2024-07-24,seasonal_naive_7d,hormuz_tanker_capacity,fold_20,2655814.0,4240064.0,-1584250.0
2024-07-25,seasonal_naive_7d,hormuz_tanker_capacity,fold_20,3806757.0,2268837.0,1537920.0
2024-07-26,seasonal_naive_7d,hormuz_tanker_capacity,fold_20,2414648.0,3248679.0,-834031.0
2024-07-27,seasonal_naive_7d,hormuz_tanker_capacity,fold_20,3003871.0,1655505.0,1348366.0
2024-07-28,seasonal_naive_7d,hormuz_tanker_capacity,fold_20,2672859.0,4034829.0,-1361970.0
2024-07-29,seasonal_naive_7d,hormuz_tanker_capacity,fold_20,2901690.0,1990716.0,910974.0
2024-07-30,seasonal_naive_7d,hormuz_tanker_capacity,fold_20,2356111.0,3543176.0,-1187065.0
2024-07-31,seasonal_naive_7d,hormuz_tanker_capacity,fold_20,1678450.0,,
2024-08-01,seasonal_naive_7d,hormuz_tanker_capacity,fold_20,2628665.0,,
2024-08-02,seasonal_naive_7d,hormuz_tanker_capacity,fold_20,2335400.0,,
2024-08-03,seasonal_naive_7d,hormuz_tanker_capacity,fold_20,3356709.0,,
2024-08-04,seasonal_naive_7d,hormuz_tanker_capacity,fold_20,1970297.0,,
2024-08-05,seasonal_naive_7d,hormuz_tanker_capacity,fold_20,1904556.0,,
2024-08-06,seasonal_naive_7d,hormuz_tanker_capacity,fold_20,2852325.0,,
2024-08-07,seasonal_naive_7d,hormuz_tanker_capacity,fold_20,3201996.0,,
2024-08-08,seasonal_naive_7d,hormuz_tanker_capacity,fold_20,2948873.0,,
2024-08-09,seasonal_naive_7d,hormuz_tanker_capacity,fold_20,3039807.0,,
2024-08-10,seasonal_naive_7d,hormuz_tanker_capacity,fold_20,3402658.0,,
2024-08-11,seasonal_naive_7d,hormuz_tanker_capacity,fold_20,2282031.0,,
2024-08-12,seasonal_naive_7d,hormuz_tanker_capacity,fold_20,2779772.0,,
2024-08-13,seasonal_naive_7d,hormuz_tanker_capacity,fold_20,3539626.0,,
2024-08-14,seasonal_naive_7d,hormuz_tanker_capacity,fold_20,2141224.0,,
2024-08-15,seasonal_naive_7d,hormuz_tanker_capacity,fold_20,2806548.0,,
2024-08-16,seasonal_naive_7d,hormuz_tanker_capacity,fold_20,2500269.0,,
2024-08-17,seasonal_naive_7d,hormuz_tanker_capacity,fold_20,3161159.0,,
2024-08-18,seasonal_naive_7d,hormuz_tanker_capacity,fold_20,3210113.0,,
2024-08-19,seasonal_naive_7d,hormuz_tanker_capacity,fold_20,2868686.0,,
2024-08-20,seasonal_naive_7d,hormuz_tanker_capacity,fold_20,2539623.0,,
2024-08-21,seasonal_naive_7d,hormuz_tanker_capacity,fold_20,2536932.0,,
2024-08-22,seasonal_naive_7d,hormuz_tanker_capacity,fold_20,1984419.0,,
2024-08-23,seasonal_naive_7d,hormuz_tanker_capacity,fold_21,2722342.0,2500269.0,222073.0
2024-08-24,seasonal_naive_7d,hormuz_tanker_capacity,fold_21,3008245.0,3161159.0,-152914.0
2024-08-25,seasonal_naive_7d,hormuz_tanker_capacity,fold_21,2808312.0,3210113.0,-401801.0
2024-08-26,seasonal_naive_7d,hormuz_tanker_capacity,fold_21,2728379.0,2868686.0,-140307.0
2024-08-27,seasonal_naive_7d,hormuz_tanker_capacity,fold_21,2997932.0,2539623.0,458309.0
2024-08-28,seasonal_naive_7d,hormuz_tanker_capacity,fold_21,3872663.0,2536932.0,1335731.0
2024-08-29,seasonal_naive_7d,hormuz_tanker_capacity,fold_21,1869403.0,1984419.0,-115016.0
2024-08-30,seasonal_naive_7d,hormuz_tanker_capacity,fold_21,2890106.0,,
2024-08-31,seasonal_naive_7d,hormuz_tanker_capacity,fold_21,2566342.0,,
2024-09-01,seasonal_naive_7d,hormuz_tanker_capacity,fold_21,1963155.0,,
2024-09-02,seasonal_naive_7d,hormuz_tanker_capacity,fold_21,2105800.0,,
2024-09-03,seasonal_naive_7d,hormuz_tanker_capacity,fold_21,3801417.0,,
2024-09-04,seasonal_naive_7d,hormuz_tanker_capacity,fold_21,3438014.0,,
2024-09-05,seasonal_naive_7d,hormuz_tanker_capacity,fold_21,3055058.0,,
2024-09-06,seasonal_naive_7d,hormuz_tanker_capacity,fold_21,3081267.0,,
2024-09-07,seasonal_naive_7d,hormuz_tanker_capacity,fold_21,2272438.0,,
2024-09-08,seasonal_naive_7d,hormuz_tanker_capacity,fold_21,1463154.0,,
2024-09-09,seasonal_naive_7d,hormuz_tanker_capacity,fold_21,3179882.0,,
2024-09-10,seasonal_naive_7d,hormuz_tanker_capacity,fold_21,3337270.0,,
2024-09-11,seasonal_naive_7d,hormuz_tanker_capacity,fold_21,2506369.0,,
2024-09-12,seasonal_naive_7d,hormuz_tanker_capacity,fold_21,2577820.0,,
2024-09-13,seasonal_naive_7d,hormuz_tanker_capacity,fold_21,1755925.0,,
2024-09-14,seasonal_naive_7d,hormuz_tanker_capacity,fold_21,3283090.0,,
2024-09-15,seasonal_naive_7d,hormuz_tanker_capacity,fold_21,2191239.0,,
2024-09-16,seasonal_naive_7d,hormuz_tanker_capacity,fold_21,3070749.0,,
2024-09-17,seasonal_naive_7d,hormuz_tanker_capacity,fold_21,2237081.0,,
2024-09-18,seasonal_naive_7d,hormuz_tanker_capacity,fold_21,4302220.0,,
2024-09-19,seasonal_naive_7d,hormuz_tanker_capacity,fold_21,3505352.0,,
2024-09-20,seasonal_naive_7d,hormuz_tanker_capacity,fold_21,1350703.0,,
2024-09-21,seasonal_naive_7d,hormuz_tanker_capacity,fold_21,2443045.0,,
2024-09-22,seasonal_naive_7d,hormuz_tanker_capacity,fold_22,3159199.0,2191239.0,967960.0
2024-09-23,seasonal_naive_7d,hormuz_tanker_capacity,fold_22,4446630.0,3070749.0,1375881.0
2024-09-24,seasonal_naive_7d,hormuz_tanker_capacity,fold_22,2074486.0,2237081.0,-162595.0
2024-09-25,seasonal_naive_7d,hormuz_tanker_capacity,fold_22,4265577.0,4302220.0,-36643.0
2024-09-26,seasonal_naive_7d,hormuz_tanker_capacity,fold_22,1490436.0,3505352.0,-2014916.0
2024-09-27,seasonal_naive_7d,hormuz_tanker_capacity,fold_22,2711369.0,1350703.0,1360666.0
2024-09-28,seasonal_naive_7d,hormuz_tanker_capacity,fold_22,2246165.0,2443045.0,-196880.0
2024-09-29,seasonal_naive_7d,hormuz_tanker_capacity,fold_22,2764126.0,,
2024-09-30,seasonal_naive_7d,hormuz_tanker_capacity,fold_22,3198291.0,,
2024-10-01,seasonal_naive_7d,hormuz_tanker_capacity,fold_22,1817784.0,,
2024-10-02,seasonal_naive_7d,hormuz_tanker_capacity,fold_22,3419473.0,,
2024-10-03,seasonal_naive_7d,hormuz_tanker_capacity,fold_22,1545925.0,,
2024-10-04,seasonal_naive_7d,hormuz_tanker_capacity,fold_22,3331109.0,,
2024-10-05,seasonal_naive_7d,hormuz_tanker_capacity,fold_22,3025615.0,,
2024-10-06,seasonal_naive_7d,hormuz_tanker_capacity,fold_22,1949498.0,,
2024-10-07,seasonal_naive_7d,hormuz_tanker_capacity,fold_22,3656017.0,,
2024-10-08,seasonal_naive_7d,hormuz_tanker_capacity,fold_22,3178274.0,,
2024-10-09,seasonal_naive_7d,hormuz_tanker_capacity,fold_22,2617453.0,,
2024-10-10,seasonal_naive_7d,hormuz_tanker_capacity,fold_22,3109942.0,,
2024-10-11,seasonal_naive_7d,hormuz_tanker_capacity,fold_22,2984165.0,,
2024-10-12,seasonal_naive_7d,hormuz_tanker_capacity,fold_22,3827130.0,,
2024-10-13,seasonal_naive_7d,hormuz_tanker_capacity,fold_22,2513487.0,,
2024-10-14,seasonal_naive_7d,hormuz_tanker_capacity,fold_22,2886094.0,,
2024-10-15,seasonal_naive_7d,hormuz_tanker_capacity,fold_22,2766294.0,,
2024-10-16,seasonal_naive_7d,hormuz_tanker_capacity,fold_22,1921088.0,,
2024-10-17,seasonal_naive_7d,hormuz_tanker_capacity,fold_22,2283302.0,,
2024-10-18,seasonal_naive_7d,hormuz_tanker_capacity,fold_22,3508131.0,,
2024-10-19,seasonal_naive_7d,hormuz_tanker_capacity,fold_22,2203735.0,,
2024-10-20,seasonal_naive_7d,hormuz_tanker_capacity,fold_22,2124415.0,,
2024-10-21,seasonal_naive_7d,hormuz_tanker_capacity,fold_22,1604720.0,,
2024-10-22,seasonal_naive_7d,hormuz_tanker_capacity,fold_23,2083152.0,2766294.0,-683142.0
2024-10-23,seasonal_naive_7d,hormuz_tanker_capacity,fold_23,2693132.0,1921088.0,772044.0
2024-10-24,seasonal_naive_7d,hormuz_tanker_capacity,fold_23,2827709.0,2283302.0,544407.0
2024-10-25,seasonal_naive_7d,hormuz_tanker_capacity,fold_23,3354368.0,3508131.0,-153763.0
2024-10-26,seasonal_naive_7d,hormuz_tanker_capacity,fold_23,2006622.0,2203735.0,-197113.0
2024-10-27,seasonal_naive_7d,hormuz_tanker_capacity,fold_23,2636396.0,2124415.0,511981.0
2024-10-28,seasonal_naive_7d,hormuz_tanker_capacity,fold_23,2404850.0,1604720.0,800130.0
2024-10-29,seasonal_naive_7d,hormuz_tanker_capacity,fold_23,1174565.0,,
2024-10-30,seasonal_naive_7d,hormuz_tanker_capacity,fold_23,1729241.0,,
2024-10-31,seasonal_naive_7d,hormuz_tanker_capacity,fold_23,2004900.0,,
2024-11-01,seasonal_naive_7d,hormuz_tanker_capacity,fold_23,2817869.0,,
2024-11-02,seasonal_naive_7d,hormuz_tanker_capacity,fold_23,2899600.0,,
2024-11-03,seasonal_naive_7d,hormuz_tanker_capacity,fold_23,3367583.0,,
2024-11-04,seasonal_naive_7d,hormuz_tanker_capacity,fold_23,2806914.0,,
2024-11-05,seasonal_naive_7d,hormuz_tanker_capacity,fold_23,2993785.0,,
2024-11-06,seasonal_naive_7d,hormuz_tanker_capacity,fold_23,3479097.0,,
2024-11-07,seasonal_naive_7d,hormuz_tanker_capacity,fold_23,2905463.0,,
2024-11-08,seasonal_naive_7d,hormuz_tanker_capacity,fold_23,2508327.0,,
2024-11-09,seasonal_naive_7d,hormuz_tanker_capacity,fold_23,3297389.0,,
2024-11-10,seasonal_naive_7d,hormuz_tanker_capacity,fold_23,2405575.0,,
2024-11-11,seasonal_naive_7d,hormuz_tanker_capacity,fold_23,2785000.0,,
2024-11-12,seasonal_naive_7d,hormuz_tanker_capacity,fold_23,2269544.0,,
2024-11-13,seasonal_naive_7d,hormuz_tanker_capacity,fold_23,2283493.0,,
2024-11-14,seasonal_naive_7d,hormuz_tanker_capacity,fold_23,3047167.0,,
2024-11-15,seasonal_naive_7d,hormuz_tanker_capacity,fold_23,2166475.0,,
2024-11-16,seasonal_naive_7d,hormuz_tanker_capacity,fold_23,2349989.0,,
2024-11-17,seasonal_naive_7d,hormuz_tanker_capacity,fold_23,1839233.0,,
2024-11-18,seasonal_naive_7d,hormuz_tanker_capacity,fold_23,4152048.0,,
2024-11-19,seasonal_naive_7d,hormuz_tanker_capacity,fold_23,1849160.0,,
2024-11-20,seasonal_naive_7d,hormuz_tanker_capacity,fold_23,3952791.0,,
2024-11-21,seasonal_naive_7d,hormuz_tanker_capacity,fold_24,2738499.0,3047167.0,-308668.0
2024-11-22,seasonal_naive_7d,hormuz_tanker_capacity,fold_24,2008568.0,2166475.0,-157907.0
2024-11-23,seasonal_naive_7d,hormuz_tanker_capacity,fold_24,1104004.0,2349989.0,-1245985.0
2024-11-24,seasonal_naive_7d,hormuz_tanker_capacity,fold_24,1696716.0,1839233.0,-142517.0
2024-11-25,seasonal_naive_7d,hormuz_tanker_capacity,fold_24,2775574.0,4152048.0,-1376474.0
2024-11-26,seasonal_naive_7d,hormuz_tanker_capacity,fold_24,3035716.0,1849160.0,1186556.0
2024-11-27,seasonal_naive_7d,hormuz_tanker_capacity,fold_24,3543280.0,3952791.0,-409511.0
2024-11-28,seasonal_naive_7d,hormuz_tanker_capacity,fold_24,1657436.0,,
2024-11-29,seasonal_naive_7d,hormuz_tanker_capacity,fold_24,1700516.0,,
2024-11-30,seasonal_naive_7d,hormuz_tanker_capacity,fold_24,2451976.0,,
2024-12-01,seasonal_naive_7d,hormuz_tanker_capacity,fold_24,1022395.0,,
2024-12-02,seasonal_naive_7d,hormuz_tanker_capacity,fold_24,1489355.0,,
2024-12-03,seasonal_naive_7d,hormuz_tanker_capacity,fold_24,1202954.0,,
2024-12-04,seasonal_naive_7d,hormuz_tanker_capacity,fold_24,2536656.0,,
2024-12-05,seasonal_naive_7d,hormuz_tanker_capacity,fold_24,4233295.0,,
2024-12-06,seasonal_naive_7d,hormuz_tanker_capacity,fold_24,2169020.0,,
2024-12-07,seasonal_naive_7d,hormuz_tanker_capacity,fold_24,3297215.0,,
2024-12-08,seasonal_naive_7d,hormuz_tanker_capacity,fold_24,3435797.0,,
2024-12-09,seasonal_naive_7d,hormuz_tanker_capacity,fold_24,2035820.0,,
2024-12-10,seasonal_naive_7d,hormuz_tanker_capacity,fold_24,2953536.0,,
2024-12-11,seasonal_naive_7d,hormuz_tanker_capacity,fold_24,2154506.0,,
2024-12-12,seasonal_naive_7d,hormuz_tanker_capacity,fold_24,2201345.0,,
2024-12-13,seasonal_naive_7d,hormuz_tanker_capacity,fold_24,3138135.0,,
2024-12-14,seasonal_naive_7d,hormuz_tanker_capacity,fold_24,2912875.0,,
2024-12-15,seasonal_naive_7d,hormuz_tanker_capacity,fold_24,2858875.0,,
2024-12-16,seasonal_naive_7d,hormuz_tanker_capacity,fold_24,2057859.0,,
2024-12-17,seasonal_naive_7d,hormuz_tanker_capacity,fold_24,1275408.0,,
2024-12-18,seasonal_naive_7d,hormuz_tanker_capacity,fold_24,3247340.0,,
2024-12-19,seasonal_naive_7d,hormuz_tanker_capacity,fold_24,2089721.0,,
2024-12-20,seasonal_naive_7d,hormuz_tanker_capacity,fold_24,1688676.0,,
2024-12-21,seasonal_naive_7d,hormuz_tanker_capacity,fold_25,2524075.0,2912875.0,-388800.0
2024-12-22,seasonal_naive_7d,hormuz_tanker_capacity,fold_25,2627049.0,2858875.0,-231826.0
2024-12-23,seasonal_naive_7d,hormuz_tanker_capacity,fold_25,1254028.0,2057859.0,-803831.0
2024-12-24,seasonal_naive_7d,hormuz_tanker_capacity,fold_25,1513863.0,1275408.0,238455.0
2024-12-25,seasonal_naive_7d,hormuz_tanker_capacity,fold_25,2683873.0,3247340.0,-563467.0
2024-12-26,seasonal_naive_7d,hormuz_tanker_capacity,fold_25,1424542.0,2089721.0,-665179.0
2024-12-27,seasonal_naive_7d,hormuz_tanker_capacity,fold_25,1801563.0,1688676.0,112887.0
2024-12-28,seasonal_naive_7d,hormuz_tanker_capacity,fold_25,841591.0,,
2024-12-29,seasonal_naive_7d,hormuz_tanker_capacity,fold_25,2558942.0,,
2024-12-30,seasonal_naive_7d,hormuz_tanker_capacity,fold_25,1331684.0,,
2024-12-31,seasonal_naive_7d,hormuz_tanker_capacity,fold_25,1863541.0,,
2025-01-01,seasonal_naive_7d,hormuz_tanker_capacity,fold_25,2349615.0,,
2025-01-02,seasonal_naive_7d,hormuz_tanker_capacity,fold_25,1547064.0,,
2025-01-03,seasonal_naive_7d,hormuz_tanker_capacity,fold_25,2499540.0,,
2025-01-04,seasonal_naive_7d,hormuz_tanker_capacity,fold_25,1855910.0,,
2025-01-05,seasonal_naive_7d,hormuz_tanker_capacity,fold_25,1808459.0,,
2025-01-06,seasonal_naive_7d,hormuz_tanker_capacity,fold_25,1158609.0,,
2025-01-07,seasonal_naive_7d,hormuz_tanker_capacity,fold_25,2157756.0,,
2025-01-08,seasonal_naive_7d,hormuz_tanker_capacity,fold_25,780578.0,,
2025-01-09,seasonal_naive_7d,hormuz_tanker_capacity,fold_25,1903728.0,,
2025-01-10,seasonal_naive_7d,hormuz_tanker_capacity,fold_25,2435156.0,,
2025-01-11,seasonal_naive_7d,hormuz_tanker_capacity,fold_25,3395486.0,,
2025-01-12,seasonal_naive_7d,hormuz_tanker_capacity,fold_25,3086428.0,,
2025-01-13,seasonal_naive_7d,hormuz_tanker_capacity,fold_25,1889459.0,,
2025-01-14,seasonal_naive_7d,hormuz_tanker_capacity,fold_25,1702220.0,,
2025-01-15,seasonal_naive_7d,hormuz_tanker_capacity,fold_25,2264298.0,,
2025-01-16,seasonal_naive_7d,hormuz_tanker_capacity,fold_25,2264738.0,,
2025-01-17,seasonal_naive_7d,hormuz_tanker_capacity,fold_25,1861905.0,,
2025-01-18,seasonal_naive_7d,hormuz_tanker_capacity,fold_25,2814238.0,,
2025-01-19,seasonal_naive_7d,hormuz_tanker_capacity,fold_25,1394672.0,,
2025-01-20,seasonal_naive_7d,hormuz_tanker_capacity,fold_26,1878684.0,1889459.0,-10775.0
2025-01-21,seasonal_naive_7d,hormuz_tanker_capacity,fold_26,1794437.0,1702220.0,92217.0
2025-01-22,seasonal_naive_7d,hormuz_tanker_capacity,fold_26,3024946.0,2264298.0,760648.0
2025-01-23,seasonal_naive_7d,hormuz_tanker_capacity,fold_26,2306431.0,2264738.0,41693.0
2025-01-24,seasonal_naive_7d,hormuz_tanker_capacity,fold_26,2481850.0,1861905.0,619945.0
2025-01-25,seasonal_naive_7d,hormuz_tanker_capacity,fold_26,2831840.0,2814238.0,17602.0
2025-01-26,seasonal_naive_7d,hormuz_tanker_capacity,fold_26,2273724.0,1394672.0,879052.0
2025-01-27,seasonal_naive_7d,hormuz_tanker_capacity,fold_26,1930301.0,,
2025-01-28,seasonal_naive_7d,hormuz_tanker_capacity,fold_26,2489644.0,,
2025-01-29,seasonal_naive_7d,hormuz_tanker_capacity,fold_26,1805697.0,,
2025-01-30,seasonal_naive_7d,hormuz_tanker_capacity,fold_26,2097620.0,,
2025-01-31,seasonal_naive_7d,hormuz_tanker_capacity,fold_26,1589781.0,,
2025-02-01,seasonal_naive_7d,hormuz_tanker_capacity,fold_26,3111048.0,,
2025-02-02,seasonal_naive_7d,hormuz_tanker_capacity,fold_26,1466164.0,,
2025-02-03,seasonal_naive_7d,hormuz_tanker_capacity,fold_26,2543441.0,,
2025-02-04,seasonal_naive_7d,hormuz_tanker_capacity,fold_26,1388455.0,,
2025-02-05,seasonal_naive_7d,hormuz_tanker_capacity,fold_26,2176431.0,,
2025-02-06,seasonal_naive_7d,hormuz_tanker_capacity,fold_26,1878668.0,,
2025-02-07,seasonal_naive_7d,hormuz_tanker_capacity,fold_26,2142168.0,,
2025-02-08,seasonal_naive_7d,hormuz_tanker_capacity,fold_26,1671813.0,,
2025-02-09,seasonal_naive_7d,hormuz_tanker_capacity,fold_26,1946349.0,,
2025-02-10,seasonal_naive_7d,hormuz_tanker_capacity,fold_26,2647208.0,,
2025-02-11,seasonal_naive_7d,hormuz_tanker_capacity,fold_26,1704959.0,,
2025-02-12,seasonal_naive_7d,hormuz_tanker_capacity,fold_26,3306968.0,,
2025-02-13,seasonal_naive_7d,hormuz_tanker_capacity,fold_26,3456124.0,,
2025-02-14,seasonal_naive_7d,hormuz_tanker_capacity,fold_26,2039822.0,,
2025-02-15,seasonal_naive_7d,hormuz_tanker_capacity,fold_26,2605802.0,,
2025-02-16,seasonal_naive_7d,hormuz_tanker_capacity,fold_26,2925000.0,,
2025-02-17,seasonal_naive_7d,hormuz_tanker_capacity,fold_26,2706261.0,,
2025-02-18,seasonal_naive_7d,hormuz_tanker_capacity,fold_26,2407538.0,,
2025-02-19,seasonal_naive_7d,hormuz_tanker_capacity,fold_27,2605434.0,3306968.0,-701534.0
2025-02-20,seasonal_naive_7d,hormuz_tanker_capacity,fold_27,2553497.0,3456124.0,-902627.0
2025-02-21,seasonal_naive_7d,hormuz_tanker_capacity,fold_27,1672664.0,2039822.0,-367158.0
2025-02-22,seasonal_naive_7d,hormuz_tanker_capacity,fold_27,3482677.0,2605802.0,876875.0
2025-02-23,seasonal_naive_7d,hormuz_tanker_capacity,fold_27,1477432.0,2925000.0,-1447568.0
2025-02-24,seasonal_naive_7d,hormuz_tanker_capacity,fold_27,2262646.0,2706261.0,-443615.0
2025-02-25,seasonal_naive_7d,hormuz_tanker_capacity,fold_27,1816516.0,2407538.0,-591022.0
2025-02-26,seasonal_naive_7d,hormuz_tanker_capacity,fold_27,727362.0,,
2025-02-27,seasonal_naive_7d,hormuz_tanker_capacity,fold_27,903587.0,,
2025-02-28,seasonal_naive_7d,hormuz_tanker_capacity,fold_27,1821038.0,,
2025-03-01,seasonal_naive_7d,hormuz_tanker_capacity,fold_27,2129635.0,,
2025-03-02,seasonal_naive_7d,hormuz_tanker_capacity,fold_27,2046736.0,,
2025-03-03,seasonal_naive_7d,hormuz_tanker_capacity,fold_27,3562745.0,,
2025-03-04,seasonal_naive_7d,hormuz_tanker_capacity,fold_27,1620465.0,,
2025-03-05,seasonal_naive_7d,hormuz_tanker_capacity,fold_27,2541631.0,,
2025-03-06,seasonal_naive_7d,hormuz_tanker_capacity,fold_27,3092273.0,,
2025-03-07,seasonal_naive_7d,hormuz_tanker_capacity,fold_27,2602078.0,,
2025-03-08,seasonal_naive_7d,hormuz_tanker_capacity,fold_27,2663082.0,,
2025-03-09,seasonal_naive_7d,hormuz_tanker_capacity,fold_27,2448219.0,,
2025-03-10,seasonal_naive_7d,hormuz_tanker_capacity,fold_27,3648423.0,,
2025-03-11,seasonal_naive_7d,hormuz_tanker_capacity,fold_27,2757567.0,,
2025-03-12,seasonal_naive_7d,hormuz_tanker_capacity,fold_27,3972851.0,,
2025-03-13,seasonal_naive_7d,hormuz_tanker_capacity,fold_27,3171313.0,,
2025-03-14,seasonal_naive_7d,hormuz_tanker_capacity,fold_27,2036335.0,,
2025-03-15,seasonal_naive_7d,hormuz_tanker_capacity,fold_27,1462407.0,,
2025-03-16,seasonal_naive_7d,hormuz_tanker_capacity,fold_27,3325411.0,,
2025-03-17,seasonal_naive_7d,hormuz_tanker_capacity,fold_27,1715853.0,,
2025-03-18,seasonal_naive_7d,hormuz_tanker_capacity,fold_27,3782886.0,,
2025-03-19,seasonal_naive_7d,hormuz_tanker_capacity,fold_27,1989760.0,,
2025-03-20,seasonal_naive_7d,hormuz_tanker_capacity,fold_27,3332251.0,,
2025-03-21,seasonal_naive_7d,hormuz_tanker_capacity,fold_28,2209092.0,2036335.0,172757.0
2025-03-22,seasonal_naive_7d,hormuz_tanker_capacity,fold_28,3401042.0,1462407.0,1938635.0
2025-03-23,seasonal_naive_7d,hormuz_tanker_capacity,fold_28,1451858.0,3325411.0,-1873553.0
2025-03-24,seasonal_naive_7d,hormuz_tanker_capacity,fold_28,2272531.0,1715853.0,556678.0
2025-03-25,seasonal_naive_7d,hormuz_tanker_capacity,fold_28,865511.0,3782886.0,-2917375.0
2025-03-26,seasonal_naive_7d,hormuz_tanker_capacity,fold_28,1845449.0,1989760.0,-144311.0
2025-03-27,seasonal_naive_7d,hormuz_tanker_capacity,fold_28,2601207.0,3332251.0,-731044.0
2025-03-28,seasonal_naive_7d,hormuz_tanker_capacity,fold_28,2860064.0,,
2025-03-29,seasonal_naive_7d,hormuz_tanker_capacity,fold_28,3289116.0,,
2025-03-30,seasonal_naive_7d,hormuz_tanker_capacity,fold_28,2433597.0,,
2025-03-31,seasonal_naive_7d,hormuz_tanker_capacity,fold_28,3195137.0,,
2025-04-01,seasonal_naive_7d,hormuz_tanker_capacity,fold_28,2303513.0,,
2025-04-02,seasonal_naive_7d,hormuz_tanker_capacity,fold_28,3060420.0,,
2025-04-03,seasonal_naive_7d,hormuz_tanker_capacity,fold_28,3906235.0,,
2025-04-04,seasonal_naive_7d,hormuz_tanker_capacity,fold_28,3291266.0,,
2025-04-05,seasonal_naive_7d,hormuz_tanker_capacity,fold_28,2836892.0,,
2025-04-06,seasonal_naive_7d,hormuz_tanker_capacity,fold_28,2471320.0,,
2025-04-07,seasonal_naive_7d,hormuz_tanker_capacity,fold_28,2448918.0,,
2025-04-08,seasonal_naive_7d,hormuz_tanker_capacity,fold_28,3677202.0,,
2025-04-09,seasonal_naive_7d,hormuz_tanker_capacity,fold_28,2259729.0,,
2025-04-10,seasonal_naive_7d,hormuz_tanker_capacity,fold_28,3181693.0,,
2025-04-11,seasonal_naive_7d,hormuz_tanker_capacity,fold_28,2759167.0,,
2025-04-12,seasonal_naive_7d,hormuz_tanker_capacity,fold_28,2955074.0,,
2025-04-13,seasonal_naive_7d,hormuz_tanker_capacity,fold_28,3398308.0,,
2025-04-14,seasonal_naive_7d,hormuz_tanker_capacity,fold_28,3057604.0,,
2025-04-15,seasonal_naive_7d,hormuz_tanker_capacity,fold_28,2242850.0,,
2025-04-16,seasonal_naive_7d,hormuz_tanker_capacity,fold_28,3108016.0,,
2025-04-17,seasonal_naive_7d,hormuz_tanker_capacity,fold_28,1452403.0,,
2025-04-18,seasonal_naive_7d,hormuz_tanker_capacity,fold_28,1574509.0,,
2025-04-19,seasonal_naive_7d,hormuz_tanker_capacity,fold_28,2046317.0,,
2025-04-20,seasonal_naive_7d,hormuz_tanker_capacity,fold_29,2749643.0,3398308.0,-648665.0
2025-04-21,seasonal_naive_7d,hormuz_tanker_capacity,fold_29,2698870.0,3057604.0,-358734.0
2025-04-22,seasonal_naive_7d,hormuz_tanker_capacity,fold_29,2795670.0,2242850.0,552820.0
2025-04-23,seasonal_naive_7d,hormuz_tanker_capacity,fold_29,2424492.0,3108016.0,-683524.0
2025-04-24,seasonal_naive_7d,hormuz_tanker_capacity,fold_29,1871967.0,1452403.0,419564.0
2025-04-25,seasonal_naive_7d,hormuz_tanker_capacity,fold_29,3288026.0,1574509.0,1713517.0
2025-04-26,seasonal_naive_7d,hormuz_tanker_capacity,fold_29,3242917.0,2046317.0,1196600.0
2025-04-27,seasonal_naive_7d,hormuz_tanker_capacity,fold_29,2210933.0,,
2025-04-28,seasonal_naive_7d,hormuz_tanker_capacity,fold_29,3365353.0,,
2025-04-29,seasonal_naive_7d,hormuz_tanker_capacity,fold_29,2526510.0,,
2025-04-30,seasonal_naive_7d,hormuz_tanker_capacity,fold_29,2795607.0,,
2025-05-01,seasonal_naive_7d,hormuz_tanker_capacity,fold_29,3744788.0,,
2025-05-02,seasonal_naive_7d,hormuz_tanker_capacity,fold_29,2176873.0,,
2025-05-03,seasonal_naive_7d,hormuz_tanker_capacity,fold_29,2743230.0,,
2025-05-04,seasonal_naive_7d,hormuz_tanker_capacity,fold_29,3124329.0,,
2025-05-05,seasonal_naive_7d,hormuz_tanker_capacity,fold_29,3567643.0,,
2025-05-06,seasonal_naive_7d,hormuz_tanker_capacity,fold_29,3001931.0,,
2025-05-07,seasonal_naive_7d,hormuz_tanker_capacity,fold_29,2518655.0,,
2025-05-08,seasonal_naive_7d,hormuz_tanker_capacity,fold_29,979704.0,,
2025-05-09,seasonal_naive_7d,hormuz_tanker_capacity,fold_29,1600597.0,,
2025-05-10,seasonal_naive_7d,hormuz_tanker_capacity,fold_29,2332538.0,,
2025-05-11,seasonal_naive_7d,hormuz_tanker_capacity,fold_29,3094550.0,,
2025-05-12,seasonal_naive_7d,hormuz_tanker_capacity,fold_29,3347316.0,,
2025-05-13,seasonal_naive_7d,hormuz_tanker_capacity,fold_29,2256366.0,,
2025-05-14,seasonal_naive_7d,hormuz_tanker_capacity,fold_29,2859363.0,,
2025-05-15,seasonal_naive_7d,hormuz_tanker_capacity,fold_29,3081905.0,,
2025-05-16,seasonal_naive_7d,hormuz_tanker_capacity,fold_29,3028293.0,,
2025-05-17,seasonal_naive_7d,hormuz_tanker_capacity,fold_29,2347437.0,,
2025-05-18,seasonal_naive_7d,hormuz_tanker_capacity,fold_29,3345880.0,,
2025-05-19,seasonal_naive_7d,hormuz_tanker_capacity,fold_29,2861748.0,,
2025-05-20,seasonal_naive_7d,hormuz_tanker_capacity,fold_30,3254775.0,2256366.0,998409.0
2025-05-21,seasonal_naive_7d,hormuz_tanker_capacity,fold_30,2590536.0,2859363.0,-268827.0
2025-05-22,seasonal_naive_7d,hormuz_tanker_capacity,fold_30,1737855.0,3081905.0,-1344050.0
2025-05-23,seasonal_naive_7d,hormuz_tanker_capacity,fold_30,3350141.0,3028293.0,321848.0
2025-05-24,seasonal_naive_7d,hormuz_tanker_capacity,fold_30,2495179.0,2347437.0,147742.0
2025-05-25,seasonal_naive_7d,hormuz_tanker_capacity,fold_30,2845150.0,3345880.0,-500730.0
2025-05-26,seasonal_naive_7d,hormuz_tanker_capacity,fold_30,3011713.0,2861748.0,149965.0
2025-05-27,seasonal_naive_7d,hormuz_tanker_capacity,fold_30,2393933.0,,
2025-05-28,seasonal_naive_7d,hormuz_tanker_capacity,fold_30,2760733.0,,
2025-05-29,seasonal_naive_7d,hormuz_tanker_capacity,fold_30,4185138.0,,
2025-05-30,seasonal_naive_7d,hormuz_tanker_capacity,fold_30,2200977.0,,
2025-05-31,seasonal_naive_7d,hormuz_tanker_capacity,fold_30,2392278.0,,
2025-06-01,seasonal_naive_7d,hormuz_tanker_capacity,fold_30,2396731.0,,
2025-06-02,seasonal_naive_7d,hormuz_tanker_capacity,fold_30,3045041.0,,
2025-06-03,seasonal_naive_7d,hormuz_tanker_capacity,fold_30,2846231.0,,
2025-06-04,seasonal_naive_7d,hormuz_tanker_capacity,fold_30,3509723.0,,
2025-06-05,seasonal_naive_7d,hormuz_tanker_capacity,fold_30,2869011.0,,
2025-06-06,seasonal_naive_7d,hormuz_tanker_capacity,fold_30,2324336.0,,
2025-06-07,seasonal_naive_7d,hormuz_tanker_capacity,fold_30,3862555.0,,
2025-06-08,seasonal_naive_7d,hormuz_tanker_capacity,fold_30,3310828.0,,
2025-06-09,seasonal_naive_7d,hormuz_tanker_capacity,fold_30,3608858.0,,
2025-06-10,seasonal_naive_7d,hormuz_tanker_capacity,fold_30,2565467.0,,
2025-06-11,seasonal_naive_7d,hormuz_tanker_capacity,fold_30,2687843.0,,
2025-06-12,seasonal_naive_7d,hormuz_tanker_capacity,fold_30,2944641.0,,
2025-06-13,seasonal_naive_7d,hormuz_tanker_capacity,fold_30,2613578.0,,
2025-06-14,seasonal_naive_7d,hormuz_tanker_capacity,fold_30,2234704.0,,
2025-06-15,seasonal_naive_7d,hormuz_tanker_capacity,fold_30,3474991.0,,
2025-06-16,seasonal_naive_7d,hormuz_tanker_capacity,fold_30,2483867.0,,
2025-06-17,seasonal_naive_7d,hormuz_tanker_capacity,fold_30,2656220.0,,
2025-06-18,seasonal_naive_7d,hormuz_tanker_capacity,fold_30,2622368.0,,
2025-06-19,seasonal_naive_7d,hormuz_tanker_capacity,fold_31,3660760.0,2944641.0,716119.0
2025-06-20,seasonal_naive_7d,hormuz_tanker_capacity,fold_31,1848614.0,2613578.0,-764964.0
2025-06-21,seasonal_naive_7d,hormuz_tanker_capacity,fold_31,2175749.0,2234704.0,-58955.0
2025-06-22,seasonal_naive_7d,hormuz_tanker_capacity,fold_31,3425897.0,3474991.0,-49094.0
2025-06-23,seasonal_naive_7d,hormuz_tanker_capacity,fold_31,1903660.0,2483867.0,-580207.0
2025-06-24,seasonal_naive_7d,hormuz_tanker_capacity,fold_31,2884807.0,2656220.0,228587.0
2025-06-25,seasonal_naive_7d,hormuz_tanker_capacity,fold_31,3095022.0,2622368.0,472654.0
2025-06-26,seasonal_naive_7d,hormuz_tanker_capacity,fold_31,2729670.0,,
2025-06-27,seasonal_naive_7d,hormuz_tanker_capacity,fold_31,2415550.0,,
2025-06-28,seasonal_naive_7d,hormuz_tanker_capacity,fold_31,3477648.0,,
2025-06-29,seasonal_naive_7d,hormuz_tanker_capacity,fold_31,2661724.0,,
2025-06-30,seasonal_naive_7d,hormuz_tanker_capacity,fold_31,3071945.0,,
2025-07-01,seasonal_naive_7d,hormuz_tanker_capacity,fold_31,1622028.0,,
2025-07-02,seasonal_naive_7d,hormuz_tanker_capacity,fold_31,2604705.0,,
2025-07-03,seasonal_naive_7d,hormuz_tanker_capacity,fold_31,2545505.0,,
2025-07-04,seasonal_naive_7d,hormuz_tanker_capacity,fold_31,3322851.0,,
2025-07-05,seasonal_naive_7d,hormuz_tanker_capacity,fold_31,2195756.0,,
2025-07-06,seasonal_naive_7d,hormuz_tanker_capacity,fold_31,1486289.0,,
2025-07-07,seasonal_naive_7d,hormuz_tanker_capacity,fold_31,2426545.0,,
2025-07-08,seasonal_naive_7d,hormuz_tanker_capacity,fold_31,1321643.0,,
2025-07-09,seasonal_naive_7d,hormuz_tanker_capacity,fold_31,2802672.0,,
2025-07-10,seasonal_naive_7d,hormuz_tanker_capacity,fold_31,3187842.0,,
2025-07-11,seasonal_naive_7d,hormuz_tanker_capacity,fold_31,3368827.0,,
2025-07-12,seasonal_naive_7d,hormuz_tanker_capacity,fold_31,3519285.0,,
2025-07-13,seasonal_naive_7d,hormuz_tanker_capacity,fold_31,2108776.0,,
2025-07-14,seasonal_naive_7d,hormuz_tanker_capacity,fold_31,2618316.0,,
2025-07-15,seasonal_naive_7d,hormuz_tanker_capacity,fold_31,2964087.0,,
2025-07-16,seasonal_naive_7d,hormuz_tanker_capacity,fold_31,3058920.0,,
2025-07-17,seasonal_naive_7d,hormuz_tanker_capacity,fold_31,3774830.0,,
2025-07-18,seasonal_naive_7d,hormuz_tanker_capacity,fold_31,2660282.0,,
2025-07-19,seasonal_naive_7d,hormuz_tanker_capacity,fold_32,2859181.0,3519285.0,-660104.0
2025-07-20,seasonal_naive_7d,hormuz_tanker_capacity,fold_32,2467213.0,2108776.0,358437.0
2025-07-21,seasonal_naive_7d,hormuz_tanker_capacity,fold_32,3163473.0,2618316.0,545157.0
2025-07-22,seasonal_naive_7d,hormuz_tanker_capacity,fold_32,1797156.0,2964087.0,-1166931.0
2025-07-23,seasonal_naive_7d,hormuz_tanker_capacity,fold_32,2456412.0,3058920.0,-602508.0
2025-07-24,seasonal_naive_7d,hormuz_tanker_capacity,fold_32,1989332.0,3774830.0,-1785498.0
2025-07-25,seasonal_naive_7d,hormuz_tanker_capacity,fold_32,2522855.0,2660282.0,-137427.0
2025-07-26,seasonal_naive_7d,hormuz_tanker_capacity,fold_32,3235467.0,,
2025-07-27,seasonal_naive_7d,hormuz_tanker_capacity,fold_32,3098876.0,,
2025-07-28,seasonal_naive_7d,hormuz_tanker_capacity,fold_32,2081081.0,,
2025-07-29,seasonal_naive_7d,hormuz_tanker_capacity,fold_32,1973638.0,,
2025-07-30,seasonal_naive_7d,hormuz_tanker_capacity,fold_32,3564029.0,,
2025-07-31,seasonal_naive_7d,hormuz_tanker_capacity,fold_32,2635950.0,,
2025-08-01,seasonal_naive_7d,hormuz_tanker_capacity,fold_32,2284067.0,,
2025-08-02,seasonal_naive_7d,hormuz_tanker_capacity,fold_32,4312319.0,,
2025-08-03,seasonal_naive_7d,hormuz_tanker_capacity,fold_32,2690634.0,,
2025-08-04,seasonal_naive_7d,hormuz_tanker_capacity,fold_32,1677808.0,,
2025-08-05,seasonal_naive_7d,hormuz_tanker_capacity,fold_32,3091495.0,,
2025-08-06,seasonal_naive_7d,hormuz_tanker_capacity,fold_32,1994192.0,,
2025-08-07,seasonal_naive_7d,hormuz_tanker_capacity,fold_32,3426124.0,,
2025-08-08,seasonal_naive_7d,hormuz_tanker_capacity,fold_32,2518470.0,,
2025-08-09,seasonal_naive_7d,hormuz_tanker_capacity,fold_32,3046645.0,,
2025-08-10,seasonal_naive_7d,hormuz_tanker_capacity,fold_32,3075952.0,,
2025-08-11,seasonal_naive_7d,hormuz_tanker_capacity,fold_32,2424770.0,,
2025-08-12,seasonal_naive_7d,hormuz_tanker_capacity,fold_32,2683247.0,,
2025-08-13,seasonal_naive_7d,hormuz_tanker_capacity,fold_32,2622836.0,,
2025-08-14,seasonal_naive_7d,hormuz_tanker_capacity,fold_32,2752544.0,,
2025-08-15,seasonal_naive_7d,hormuz_tanker_capacity,fold_32,2486932.0,,
2025-08-16,seasonal_naive_7d,hormuz_tanker_capacity,fold_32,2113867.0,,
2025-08-17,seasonal_naive_7d,hormuz_tanker_capacity,fold_32,3759255.0,,
2025-08-18,seasonal_naive_7d,hormuz_tanker_capacity,fold_33,2015908.0,2424770.0,-408862.0
2025-08-19,seasonal_naive_7d,hormuz_tanker_capacity,fold_33,4212376.0,2683247.0,1529129.0
2025-08-20,seasonal_naive_7d,hormuz_tanker_capacity,fold_33,3327573.0,2622836.0,704737.0
2025-08-21,seasonal_naive_7d,hormuz_tanker_capacity,fold_33,2448184.0,2752544.0,-304360.0
2025-08-22,seasonal_naive_7d,hormuz_tanker_capacity,fold_33,2972540.0,2486932.0,485608.0
2025-08-23,seasonal_naive_7d,hormuz_tanker_capacity,fold_33,2925004.0,2113867.0,811137.0
2025-08-24,seasonal_naive_7d,hormuz_tanker_capacity,fold_33,2906872.0,3759255.0,-852383.0
2025-08-25,seasonal_naive_7d,hormuz_tanker_capacity,fold_33,2854416.0,,
2025-08-26,seasonal_naive_7d,hormuz_tanker_capacity,fold_33,3026799.0,,
2025-08-27,seasonal_naive_7d,hormuz_tanker_capacity,fold_33,2575371.0,,
2025-08-28,seasonal_naive_7d,hormuz_tanker_capacity,fold_33,2479732.0,,
2025-08-29,seasonal_naive_7d,hormuz_tanker_capacity,fold_33,2324105.0,,
2025-08-30,seasonal_naive_7d,hormuz_tanker_capacity,fold_33,4274827.0,,
2025-08-31,seasonal_naive_7d,hormuz_tanker_capacity,fold_33,2769470.0,,
2025-09-01,seasonal_naive_7d,hormuz_tanker_capacity,fold_33,2925840.0,,
2025-09-02,seasonal_naive_7d,hormuz_tanker_capacity,fold_33,1976215.0,,
2025-09-03,seasonal_naive_7d,hormuz_tanker_capacity,fold_33,2686889.0,,
2025-09-04,seasonal_naive_7d,hormuz_tanker_capacity,fold_33,2201762.0,,
2025-09-05,seasonal_naive_7d,hormuz_tanker_capacity,fold_33,3527492.0,,
2025-09-06,seasonal_naive_7d,hormuz_tanker_capacity,fold_33,2654537.0,,
2025-09-07,seasonal_naive_7d,hormuz_tanker_capacity,fold_33,2778529.0,,
2025-09-08,seasonal_naive_7d,hormuz_tanker_capacity,fold_33,2920562.0,,
2025-09-09,seasonal_naive_7d,hormuz_tanker_capacity,fold_33,1877149.0,,
2025-09-10,seasonal_naive_7d,hormuz_tanker_capacity,fold_33,2665503.0,,
2025-09-11,seasonal_naive_7d,hormuz_tanker_capacity,fold_33,2198883.0,,
2025-09-12,seasonal_naive_7d,hormuz_tanker_capacity,fold_33,2321963.0,,
2025-09-13,seasonal_naive_7d,hormuz_tanker_capacity,fold_33,2413575.0,,
2025-09-14,seasonal_naive_7d,hormuz_tanker_capacity,fold_33,2675832.0,,
2025-09-15,seasonal_naive_7d,hormuz_tanker_capacity,fold_33,2318286.0,,
2025-09-16,seasonal_naive_7d,hormuz_tanker_capacity,fold_33,2432596.0,,
2025-09-17,seasonal_naive_7d,hormuz_tanker_capacity,fold_34,2623001.0,2665503.0,-42502.0
2025-09-18,seasonal_naive_7d,hormuz_tanker_capacity,fold_34,2618766.0,2198883.0,419883.0
2025-09-19,seasonal_naive_7d,hormuz_tanker_capacity,fold_34,2513896.0,2321963.0,191933.0
2025-09-20,seasonal_naive_7d,hormuz_tanker_capacity,fold_34,2561095.0,2413575.0,147520.0
2025-09-21,seasonal_naive_7d,hormuz_tanker_capacity,fold_34,3066023.0,2675832.0,390191.0
2025-09-22,seasonal_naive_7d,hormuz_tanker_capacity,fold_34,2363714.0,2318286.0,45428.0
2025-09-23,seasonal_naive_7d,hormuz_tanker_capacity,fold_34,2902471.0,2432596.0,469875.0
2025-09-24,seasonal_naive_7d,hormuz_tanker_capacity,fold_34,2284786.0,,
2025-09-25,seasonal_naive_7d,hormuz_tanker_capacity,fold_34,2391102.0,,
2025-09-26,seasonal_naive_7d,hormuz_tanker_capacity,fold_34,1486924.0,,
2025-09-27,seasonal_naive_7d,hormuz_tanker_capacity,fold_34,3425694.0,,
2025-09-28,seasonal_naive_7d,hormuz_tanker_capacity,fold_34,3596066.0,,
2025-09-29,seasonal_naive_7d,hormuz_tanker_capacity,fold_34,2604900.0,,
2025-09-30,seasonal_naive_7d,hormuz_tanker_capacity,fold_34,2206044.0,,
2025-10-01,seasonal_naive_7d,hormuz_tanker_capacity,fold_34,2606835.0,,
2025-10-02,seasonal_naive_7d,hormuz_tanker_capacity,fold_34,4094564.0,,
2025-10-03,seasonal_naive_7d,hormuz_tanker_capacity,fold_34,3307649.0,,
2025-10-04,seasonal_naive_7d,hormuz_tanker_capacity,fold_34,1884716.0,,
2025-10-05,seasonal_naive_7d,hormuz_tanker_capacity,fold_34,3186815.0,,
2025-10-06,seasonal_naive_7d,hormuz_tanker_capacity,fold_34,2626892.0,,
2025-10-07,seasonal_naive_7d,hormuz_tanker_capacity,fold_34,3229733.0,,
2025-10-08,seasonal_naive_7d,hormuz_tanker_capacity,fold_34,1404386.0,,
2025-10-09,seasonal_naive_7d,hormuz_tanker_capacity,fold_34,2195625.0,,
2025-10-10,seasonal_naive_7d,hormuz_tanker_capacity,fold_34,1419223.0,,
2025-10-11,seasonal_naive_7d,hormuz_tanker_capacity,fold_34,2300405.0,,
2025-10-12,seasonal_naive_7d,hormuz_tanker_capacity,fold_34,1528892.0,,
2025-10-13,seasonal_naive_7d,hormuz_tanker_capacity,fold_34,2310620.0,,
2025-10-14,seasonal_naive_7d,hormuz_tanker_capacity,fold_34,4393694.0,,
2025-10-15,seasonal_naive_7d,hormuz_tanker_capacity,fold_34,2365465.0,,
2025-10-16,seasonal_naive_7d,hormuz_tanker_capacity,fold_34,2567629.0,,
2025-10-17,seasonal_naive_7d,hormuz_tanker_capacity,fold_35,1312288.0,1419223.0,-106935.0
2025-10-18,seasonal_naive_7d,hormuz_tanker_capacity,fold_35,1261363.0,2300405.0,-1039042.0
2025-10-19,seasonal_naive_7d,hormuz_tanker_capacity,fold_35,2274453.0,1528892.0,745561.0
2025-10-20,seasonal_naive_7d,hormuz_tanker_capacity,fold_35,2426283.0,2310620.0,115663.0
2025-10-21,seasonal_naive_7d,hormuz_tanker_capacity,fold_35,2646512.0,4393694.0,-1747182.0
2025-10-22,seasonal_naive_7d,hormuz_tanker_capacity,fold_35,3643368.0,2365465.0,1277903.0
2025-10-23,seasonal_naive_7d,hormuz_tanker_capacity,fold_35,2174187.0,2567629.0,-393442.0
2025-10-24,seasonal_naive_7d,hormuz_tanker_capacity,fold_35,2137015.0,,
2025-10-25,seasonal_naive_7d,hormuz_tanker_capacity,fold_35,3116470.0,,
2025-10-26,seasonal_naive_7d,hormuz_tanker_capacity,fold_35,2579468.0,,
2025-10-27,seasonal_naive_7d,hormuz_tanker_capacity,fold_35,2359929.0,,
2025-10-28,seasonal_naive_7d,hormuz_tanker_capacity,fold_35,2254395.0,,
2025-10-29,seasonal_naive_7d,hormuz_tanker_capacity,fold_35,2978284.0,,
2025-10-30,seasonal_naive_7d,hormuz_tanker_capacity,fold_35,2196091.0,,
2025-10-31,seasonal_naive_7d,hormuz_tanker_capacity,fold_35,2885142.0,,
2025-11-01,seasonal_naive_7d,hormuz_tanker_capacity,fold_35,989531.0,,
2025-11-02,seasonal_naive_7d,hormuz_tanker_capacity,fold_35,2340316.0,,
2025-11-03,seasonal_naive_7d,hormuz_tanker_capacity,fold_35,1900089.0,,
2025-11-04,seasonal_naive_7d,hormuz_tanker_capacity,fold_35,1407208.0,,
2025-11-05,seasonal_naive_7d,hormuz_tanker_capacity,fold_35,2831281.0,,
2025-11-06,seasonal_naive_7d,hormuz_tanker_capacity,fold_35,2547670.0,,
2025-11-07,seasonal_naive_7d,hormuz_tanker_capacity,fold_35,2158733.0,,
2025-11-08,seasonal_naive_7d,hormuz_tanker_capacity,fold_35,2810280.0,,
2025-11-09,seasonal_naive_7d,hormuz_tanker_capacity,fold_35,1963131.0,,
2025-11-10,seasonal_naive_7d,hormuz_tanker_capacity,fold_35,2128791.0,,
2025-11-11,seasonal_naive_7d,hormuz_tanker_capacity,fold_35,2810422.0,,
2025-11-12,seasonal_naive_7d,hormuz_tanker_capacity,fold_35,3050801.0,,
2025-11-13,seasonal_naive_7d,hormuz_tanker_capacity,fold_35,2030125.0,,
2025-11-14,seasonal_naive_7d,hormuz_tanker_capacity,fold_35,2864994.0,,
2025-11-15,seasonal_naive_7d,hormuz_tanker_capacity,fold_35,2958343.0,,
2025-11-16,seasonal_naive_7d,hormuz_tanker_capacity,fold_36,2076111.0,1963131.0,112980.0
2025-11-17,seasonal_naive_7d,hormuz_tanker_capacity,fold_36,1892155.0,2128791.0,-236636.0
2025-11-18,seasonal_naive_7d,hormuz_tanker_capacity,fold_36,2482468.0,2810422.0,-327954.0
2025-11-19,seasonal_naive_7d,hormuz_tanker_capacity,fold_36,3285843.0,3050801.0,235042.0
2025-11-20,seasonal_naive_7d,hormuz_tanker_capacity,fold_36,3493012.0,2030125.0,1462887.0
2025-11-21,seasonal_naive_7d,hormuz_tanker_capacity,fold_36,3367819.0,2864994.0,502825.0
2025-11-22,seasonal_naive_7d,hormuz_tanker_capacity,fold_36,2321273.0,2958343.0,-637070.0
2025-11-23,seasonal_naive_7d,hormuz_tanker_capacity,fold_36,2795655.0,,
2025-11-24,seasonal_naive_7d,hormuz_tanker_capacity,fold_36,2002448.0,,
2025-11-25,seasonal_naive_7d,hormuz_tanker_capacity,fold_36,2526726.0,,
2025-11-26,seasonal_naive_7d,hormuz_tanker_capacity,fold_36,1546137.0,,
2025-11-27,seasonal_naive_7d,hormuz_tanker_capacity,fold_36,2170187.0,,
2025-11-28,seasonal_naive_7d,hormuz_tanker_capacity,fold_36,1137836.0,,
2025-11-29,seasonal_naive_7d,hormuz_tanker_capacity,fold_36,1264273.0,,
2025-11-30,seasonal_naive_7d,hormuz_tanker_capacity,fold_36,3476725.0,,
2025-12-01,seasonal_naive_7d,hormuz_tanker_capacity,fold_36,3014483.0,,
2025-12-02,seasonal_naive_7d,hormuz_tanker_capacity,fold_36,1995273.0,,
2025-12-03,seasonal_naive_7d,hormuz_tanker_capacity,fold_36,2075899.0,,
2025-12-04,seasonal_naive_7d,hormuz_tanker_capacity,fold_36,2578455.0,,
2025-12-05,seasonal_naive_7d,hormuz_tanker_capacity,fold_36,1768355.0,,
2025-12-06,seasonal_naive_7d,hormuz_tanker_capacity,fold_36,1872400.0,,
2025-12-07,seasonal_naive_7d,hormuz_tanker_capacity,fold_36,2132826.0,,
2025-12-08,seasonal_naive_7d,hormuz_tanker_capacity,fold_36,1240236.0,,
2025-12-09,seasonal_naive_7d,hormuz_tanker_capacity,fold_36,1739980.0,,
2025-12-10,seasonal_naive_7d,hormuz_tanker_capacity,fold_36,1486855.0,,
2025-12-11,seasonal_naive_7d,hormuz_tanker_capacity,fold_36,1899427.0,,
2025-12-12,seasonal_naive_7d,hormuz_tanker_capacity,fold_36,1940360.0,,
2025-12-13,seasonal_naive_7d,hormuz_tanker_capacity,fold_36,1730372.0,,
2025-12-14,seasonal_naive_7d,hormuz_tanker_capacity,fold_36,2693224.0,,
2025-12-15,seasonal_naive_7d,hormuz_tanker_capacity,fold_36,2076246.0,,
2025-12-16,seasonal_naive_7d,hormuz_tanker_capacity,fold_37,2934155.0,1739980.0,1194175.0
2025-12-17,seasonal_naive_7d,hormuz_tanker_capacity,fold_37,1401184.0,1486855.0,-85671.0
2025-12-18,seasonal_naive_7d,hormuz_tanker_capacity,fold_37,2210027.0,1899427.0,310600.0
2025-12-19,seasonal_naive_7d,hormuz_tanker_capacity,fold_37,1817156.0,1940360.0,-123204.0
2025-12-20,seasonal_naive_7d,hormuz_tanker_capacity,fold_37,1102870.0,1730372.0,-627502.0
2025-12-21,seasonal_naive_7d,hormuz_tanker_capacity,fold_37,900778.0,2693224.0,-1792446.0
2025-12-22,seasonal_naive_7d,hormuz_tanker_capacity,fold_37,1306879.0,2076246.0,-769367.0
2025-12-23,seasonal_naive_7d,hormuz_tanker_capacity,fold_37,2611062.0,,
2025-12-24,seasonal_naive_7d,hormuz_tanker_capacity,fold_37,1505153.0,,
2025-12-25,seasonal_naive_7d,hormuz_tanker_capacity,fold_37,1779613.0,,
2025-12-26,seasonal_naive_7d,hormuz_tanker_capacity,fold_37,2997250.0,,
2025-12-27,seasonal_naive_7d,hormuz_tanker_capacity,fold_37,2079995.0,,
2025-12-28,seasonal_naive_7d,hormuz_tanker_capacity,fold_37,2553047.0,,
2025-12-29,seasonal_naive_7d,hormuz_tanker_capacity,fold_37,1377943.0,,
2025-12-30,seasonal_naive_7d,hormuz_tanker_capacity,fold_37,2287245.0,,
2025-12-31,seasonal_naive_7d,hormuz_tanker_capacity,fold_37,3602283.0,,
2026-01-01,seasonal_naive_7d,hormuz_tanker_capacity,fold_37,2624205.0,,
2026-01-02,seasonal_naive_7d,hormuz_tanker_capacity,fold_37,1549060.0,,
2026-01-03,seasonal_naive_7d,hormuz_tanker_capacity,fold_37,2374280.0,,
2026-01-04,seasonal_naive_7d,hormuz_tanker_capacity,fold_37,2561406.0,,
2026-01-05,seasonal_naive_7d,hormuz_tanker_capacity,fold_37,2395675.0,,
2026-01-06,seasonal_naive_7d,hormuz_tanker_capacity,fold_37,915988.0,,
2026-01-07,seasonal_naive_7d,hormuz_tanker_capacity,fold_37,2584320.0,,
2026-01-08,seasonal_naive_7d,hormuz_tanker_capacity,fold_37,2369001.0,,
2026-01-09,seasonal_naive_7d,hormuz_tanker_capacity,fold_37,3658756.0,,
2026-01-10,seasonal_naive_7d,hormuz_tanker_capacity,fold_37,1621746.0,,
2026-01-11,seasonal_naive_7d,hormuz_tanker_capacity,fold_37,2338412.0,,
2026-01-12,seasonal_naive_7d,hormuz_tanker_capacity,fold_37,2194921.0,,
2026-01-13,seasonal_naive_7d,hormuz_tanker_capacity,fold_37,984609.0,,
2026-01-14,seasonal_naive_7d,hormuz_tanker_capacity,fold_37,1953567.0,,
2026-01-15,seasonal_naive_7d,hormuz_tanker_capacity,fold_38,2550787.0,2369001.0,181786.0
2026-01-16,seasonal_naive_7d,hormuz_tanker_capacity,fold_38,1982949.0,3658756.0,-1675807.0
2026-01-17,seasonal_naive_7d,hormuz_tanker_capacity,fold_38,2035317.0,1621746.0,413571.0
2026-01-18,seasonal_naive_7d,hormuz_tanker_capacity,fold_38,2262245.0,2338412.0,-76167.0
2026-01-19,seasonal_naive_7d,hormuz_tanker_capacity,fold_38,1184740.0,2194921.0,-1010181.0
2026-01-20,seasonal_naive_7d,hormuz_tanker_capacity,fold_38,2692059.0,984609.0,1707450.0
2026-01-21,seasonal_naive_7d,hormuz_tanker_capacity,fold_38,3199140.0,1953567.0,1245573.0
2026-01-22,seasonal_naive_7d,hormuz_tanker_capacity,fold_38,1463105.0,,
2026-01-23,seasonal_naive_7d,hormuz_tanker_capacity,fold_38,2489398.0,,
2026-01-24,seasonal_naive_7d,hormuz_tanker_capacity,fold_38,1217182.0,,
2026-01-25,seasonal_naive_7d,hormuz_tanker_capacity,fold_38,3526111.0,,
2026-01-26,seasonal_naive_7d,hormuz_tanker_capacity,fold_38,1508018.0,,
2026-01-27,seasonal_naive_7d,hormuz_tanker_capacity,fold_38,2596539.0,,
2026-01-28,seasonal_naive_7d,hormuz_tanker_capacity,fold_38,1314581.0,,
2026-01-29,seasonal_naive_7d,hormuz_tanker_capacity,fold_38,2514977.0,,
2026-01-30,seasonal_naive_7d,hormuz_tanker_capacity,fold_38,2770122.0,,
2026-01-31,seasonal_naive_7d,hormuz_tanker_capacity,fold_38,3061927.0,,
2026-02-01,seasonal_naive_7d,hormuz_tanker_capacity,fold_38,2360180.0,,
2026-02-02,seasonal_naive_7d,hormuz_tanker_capacity,fold_38,4060874.0,,
2026-02-03,seasonal_naive_7d,hormuz_tanker_capacity,fold_38,1753051.0,,
2026-02-04,seasonal_naive_7d,hormuz_tanker_capacity,fold_38,1973736.0,,
2026-02-05,seasonal_naive_7d,hormuz_tanker_capacity,fold_38,2705556.0,,
2026-02-06,seasonal_naive_7d,hormuz_tanker_capacity,fold_38,2633514.0,,
2026-02-07,seasonal_naive_7d,hormuz_tanker_capacity,fold_38,2315954.0,,
2026-02-08,seasonal_naive_7d,hormuz_tanker_capacity,fold_38,2285657.0,,
2026-02-09,seasonal_naive_7d,hormuz_tanker_capacity,fold_38,1858114.0,,
2026-02-10,seasonal_naive_7d,hormuz_tanker_capacity,fold_38,3929442.0,,
2026-02-11,seasonal_naive_7d,hormuz_tanker_capacity,fold_38,1772127.0,,
2026-02-12,seasonal_naive_7d,hormuz_tanker_capacity,fold_38,2755205.0,,
2026-02-13,seasonal_naive_7d,hormuz_tanker_capacity,fold_38,2584875.0,,
