date,model,target,y_true,y_pred,gap_observed_minus_predicted,throughput_loss_vs_counterfactual,cumulative_throughput_loss,counterfactual_lower,counterfactual_upper,loss_lower,loss_upper,alpha,calibration_residual_q_low,calibration_residual_q_high
2026-02-28,ar_lag1_7,hormuz_tanker_capacity,2996963.0,2731213.6251355214,265749.3748644786,-265749.3748644786,-265749.3748644786,1219783.9946416416,3966190.2270410303,-1777179.0053583584,969227.2270410303,0.05,-1511429.6304938798,1234976.6019055091
2026-03-01,ar_lag1_7,hormuz_tanker_capacity,207948.0,2826189.748927377,-2618241.748927377,2618241.748927377,2352492.3740628986,1314760.1184334974,4061166.350832886,1106812.1184334974,3853218.350832886,0.05,-1511429.6304938798,1234976.6019055091
2026-03-03,ar_lag1_7,hormuz_tanker_capacity,6701.0,2606337.48692481,-2599636.48692481,2599636.48692481,4952128.860987708,1094907.85643093,3841314.0888303192,1088206.85643093,3834613.0888303192,0.05,-1511429.6304938798,1234976.6019055091
2026-03-04,ar_lag1_7,hormuz_tanker_capacity,0.0,2944340.303717729,-2944340.303717729,2944340.303717729,7896469.164705437,1432910.6732238494,4179316.9056232385,1432910.6732238494,4179316.9056232385,0.05,-1511429.6304938798,1234976.6019055091
2026-03-06,ar_lag1_7,hormuz_tanker_capacity,0.0,2834387.9830317125,-2834387.9830317125,2834387.9830317125,10730857.14773715,1322958.3525378327,4069364.5849372214,1322958.3525378327,4069364.5849372214,0.05,-1511429.6304938798,1234976.6019055091
2026-03-09,ar_lag1_7,hormuz_tanker_capacity,154941.0,2703431.582032573,-2548490.582032573,2548490.582032573,13279347.729769722,1192001.9515386932,3938408.1839380823,1037060.9515386932,3783467.1839380823,0.05,-1511429.6304938798,1234976.6019055091
2026-03-10,ar_lag1_7,hormuz_tanker_capacity,42122.0,2692463.053457254,-2650341.053457254,2650341.053457254,15929688.783226976,1181033.4229633743,3927439.6553627634,1138911.4229633743,3885317.6553627634,0.05,-1511429.6304938798,1234976.6019055091
2026-03-11,ar_lag1_7,hormuz_tanker_capacity,51338.0,2758542.5150675117,-2707204.5150675117,2707204.5150675117,18636893.29829449,1247112.884573632,3993519.116973021,1195774.884573632,3942181.116973021,0.05,-1511429.6304938798,1234976.6019055091
2026-03-12,ar_lag1_7,hormuz_tanker_capacity,5366.0,2757094.3951533344,-2751728.3951533344,2751728.3951533344,21388621.69344782,1245664.7646594546,3992070.9970588433,1240298.7646594546,3986704.9970588433,0.05,-1511429.6304938798,1234976.6019055091
2026-03-13,ar_lag1_7,hormuz_tanker_capacity,23880.0,2798827.7249868936,-2774947.7249868936,2774947.7249868936,24163569.418434713,1287398.0944930138,4033804.326892403,1263518.0944930138,4009924.326892403,0.05,-1511429.6304938798,1234976.6019055091
2026-03-15,ar_lag1_7,hormuz_tanker_capacity,348432.0,2744392.095444345,-2395960.095444345,2395960.095444345,26559529.513879057,1232962.4649504651,3979368.697349854,884530.4649504651,3630936.697349854,0.05,-1511429.6304938798,1234976.6019055091
2026-03-16,ar_lag1_7,hormuz_tanker_capacity,0.0,2708482.927369441,-2708482.927369441,2708482.927369441,29268012.4412485,1197053.2968755611,3943459.52927495,1197053.2968755611,3943459.52927495,0.05,-1511429.6304938798,1234976.6019055091
2026-03-17,ar_lag1_7,hormuz_tanker_capacity,47804.0,2703134.3957667868,-2655330.3957667868,2655330.3957667868,31923342.83701529,1191704.765272907,3938110.997672296,1143900.765272907,3890306.997672296,0.05,-1511429.6304938798,1234976.6019055091
2026-03-18,ar_lag1_7,hormuz_tanker_capacity,0.0,2736131.452608619,-2736131.452608619,2736131.452608619,34659474.2896239,1224701.822114739,3971108.054514128,1224701.822114739,3971108.054514128,0.05,-1511429.6304938798,1234976.6019055091
2026-03-19,ar_lag1_7,hormuz_tanker_capacity,34576.0,2771142.0600534733,-2736566.0600534733,2736566.0600534733,37396040.34967738,1259712.4295595936,4006118.6619589822,1225136.4295595936,3971542.6619589822,0.05,-1511429.6304938798,1234976.6019055091
2026-03-20,ar_lag1_7,hormuz_tanker_capacity,118692.0,2794878.0157040246,-2676186.0157040246,2676186.0157040246,40072226.365381405,1283448.3852101448,4029854.6176095335,1164756.3852101448,3911162.6176095335,0.05,-1511429.6304938798,1234976.6019055091
2026-03-21,ar_lag1_7,hormuz_tanker_capacity,0.0,2781072.9386353293,-2781072.9386353293,2781072.9386353293,42853299.30401673,1269643.3081414495,4016049.5405408386,1269643.3081414495,4016049.5405408386,0.05,-1511429.6304938798,1234976.6019055091
2026-03-22,ar_lag1_7,hormuz_tanker_capacity,0.0,2743329.0521592223,-2743329.0521592223,2743329.0521592223,45596628.35617595,1231899.4216653425,3978305.6540647317,1231899.4216653425,3978305.6540647317,0.05,-1511429.6304938798,1234976.6019055091
2026-03-23,ar_lag1_7,hormuz_tanker_capacity,53593.0,2709070.3606076757,-2655477.3606076757,2655477.3606076757,48252105.71678363,1197640.730113796,3944046.962513185,1144047.730113796,3890453.962513185,0.05,-1511429.6304938798,1234976.6019055091
2026-03-26,ar_lag1_7,hormuz_tanker_capacity,0.0,2772782.8826515744,-2772782.8826515744,2772782.8826515744,51024888.5994352,1261353.2521576947,4007759.484557084,1261353.2521576947,4007759.484557084,0.05,-1511429.6304938798,1234976.6019055091
2026-03-27,ar_lag1_7,hormuz_tanker_capacity,0.0,2794441.596140132,-2794441.596140132,2794441.596140132,53819330.195575334,1283011.965646252,4029418.198045641,1283011.965646252,4029418.198045641,0.05,-1511429.6304938798,1234976.6019055091
2026-03-28,ar_lag1_7,hormuz_tanker_capacity,0.0,2781113.99245819,-2781113.99245819,2781113.99245819,56600444.18803352,1269684.36196431,4016090.5943636987,1269684.36196431,4016090.5943636987,0.05,-1511429.6304938798,1234976.6019055091
2026-03-29,ar_lag1_7,hormuz_tanker_capacity,5464.0,2743200.261306857,-2737736.261306857,2737736.261306857,59338180.44934038,1231770.6308129774,3978176.8632123666,1226306.6308129774,3972712.8632123666,0.05,-1511429.6304938798,1234976.6019055091
2026-03-30,ar_lag1_7,hormuz_tanker_capacity,115147.0,2709138.5284893587,-2593991.5284893587,2593991.5284893587,61932171.97782974,1197708.897995479,3944115.1303948676,1082561.897995479,3828968.1303948676,0.05,-1511429.6304938798,1234976.6019055091
2026-03-31,ar_lag1_7,hormuz_tanker_capacity,70842.0,2704618.966538775,-2633776.966538775,2633776.966538775,64565948.94436851,1193189.336044895,3939595.5684442837,1122347.336044895,3868753.5684442837,0.05,-1511429.6304938798,1234976.6019055091
2026-04-01,ar_lag1_7,hormuz_tanker_capacity,0.0,2733103.4566329294,-2733103.4566329294,2733103.4566329294,67299052.40100144,1221673.8261390496,3968080.0585384388,1221673.8261390496,3968080.0585384388,0.05,-1511429.6304938798,1234976.6019055091
2026-04-03,ar_lag1_7,hormuz_tanker_capacity,97195.0,2794393.659153784,-2697198.659153784,2697198.659153784,69996251.06015523,1282964.0286599044,4029370.2610592935,1185769.0286599044,3932175.2610592935,0.05,-1511429.6304938798,1234976.6019055091
2026-04-04,ar_lag1_7,hormuz_tanker_capacity,38238.0,2781117.655097734,-2742879.655097734,2742879.655097734,72739130.71525297,1269688.0246038544,4016094.257003243,1231450.0246038544,3977856.257003243,0.05,-1511429.6304938798,1234976.6019055091
2026-04-05,ar_lag1_7,hormuz_tanker_capacity,266704.0,2743184.620823647,-2476480.620823647,2476480.620823647,75215611.33607662,1231754.990329767,3978161.222729156,965050.9903297671,3711457.222729156,0.05,-1511429.6304938798,1234976.6019055091
2026-04-06,ar_lag1_7,hormuz_tanker_capacity,3964.0,2709146.4192742314,-2705182.4192742314,2705182.4192742314,77920793.75535084,1197716.7887803516,3944123.0211797403,1193752.7887803516,3940159.0211797403,0.05,-1511429.6304938798,1234976.6019055091
2026-04-07,ar_lag1_7,hormuz_tanker_capacity,118890.0,2704639.1684921384,-2585749.1684921384,2585749.1684921384,80506542.92384298,1193209.5379982586,3939615.7703976473,1074319.5379982586,3820725.7703976473,0.05,-1511429.6304938798,1234976.6019055091
2026-04-08,ar_lag1_7,hormuz_tanker_capacity,0.0,2733064.210559182,-2733064.210559182,2733064.210559182,83239607.13440216,1221634.580065302,3968040.812464691,1221634.580065302,3968040.812464691,0.05,-1511429.6304938798,1234976.6019055091
2026-04-09,ar_lag1_7,hormuz_tanker_capacity,22735.0,2772996.5358875017,-2750261.5358875017,2750261.5358875017,85989868.67028965,1261566.905393622,4007973.137793011,1238831.905393622,3985238.137793011,0.05,-1511429.6304938798,1234976.6019055091
2026-04-10,ar_lag1_7,hormuz_tanker_capacity,278711.0,2794388.429425159,-2515677.429425159,2515677.429425159,88505546.09971482,1282958.7989312792,4029365.0313306684,1004247.7989312792,3750654.0313306684,0.05,-1511429.6304938798,1234976.6019055091
2026-04-11,ar_lag1_7,hormuz_tanker_capacity,287665.0,2781117.954904375,-2493452.954904375,2493452.954904375,90998999.0546192,1269688.3244104953,4016094.5568098845,982023.3244104953,3728429.5568098845,0.05,-1511429.6304938798,1234976.6019055091
2026-04-12,ar_lag1_7,hormuz_tanker_capacity,2004.0,2743182.717327245,-2741178.717327245,2741178.717327245,93740177.77194645,1231753.0868333653,3978159.3192327544,1229749.0868333653,3976155.3192327544,0.05,-1511429.6304938798,1234976.6019055091
2026-04-13,ar_lag1_7,hormuz_tanker_capacity,34634.0,2709147.330041849,-2674513.330041849,2674513.330041849,96414691.1019883,1197717.6995479693,3944123.931947358,1163083.6995479693,3909489.931947358,0.05,-1511429.6304938798,1234976.6019055091
2026-04-14,ar_lag1_7,hormuz_tanker_capacity,44920.0,2704641.6638509813,-2659721.6638509813,2659721.6638509813,99074412.76583928,1193212.0333571015,3939618.2657564906,1148292.0333571015,3894698.2657564906,0.05,-1511429.6304938798,1234976.6019055091
2026-04-15,ar_lag1_7,hormuz_tanker_capacity,6839.0,2733059.483493933,-2726220.483493933,2726220.483493933,101800633.24933322,1221629.8530000532,3968036.0853994424,1214790.8530000532,3961197.0853994424,0.05,-1511429.6304938798,1234976.6019055091
2026-04-16,ar_lag1_7,hormuz_tanker_capacity,84152.0,2772999.126272128,-2688847.126272128,2688847.126272128,104489480.37560534,1261569.4957782482,4007975.728177637,1177417.4957782482,3923823.728177637,0.05,-1511429.6304938798,1234976.6019055091
2026-04-17,ar_lag1_7,hormuz_tanker_capacity,37270.0,2794387.863389538,-2757117.863389538,2757117.863389538,107246598.23899488,1282958.2328956584,4029364.4652950475,1245688.2328956584,3992094.4652950475,0.05,-1511429.6304938798,1234976.6019055091
2026-04-18,ar_lag1_7,hormuz_tanker_capacity,874185.0,2781117.9755428154,-1906932.9755428152,1906932.9755428152,109153531.2145377,1269688.3450489356,4016094.5774483243,395503.3450489356,3141909.5774483243,0.05,-1511429.6304938798,1234976.6019055091
2026-04-19,ar_lag1_7,hormuz_tanker_capacity,9975.0,2743182.4852173743,-2733207.4852173743,2733207.4852173743,111886738.69975507,1231752.8547234945,3978159.0871228836,1221777.8547234945,3968184.0871228836,0.05,-1511429.6304938798,1234976.6019055091
2026-04-20,ar_lag1_7,hormuz_tanker_capacity,43459.0,2709147.434813268,-2665688.434813268,2665688.434813268,114552427.13456832,1197717.8043193882,3944124.0367187774,1154258.8043193882,3900665.0367187774,0.05,-1511429.6304938798,1234976.6019055091
2026-04-21,ar_lag1_7,hormuz_tanker_capacity,71090.0,2704641.9718608004,-2633551.9718608004,2633551.9718608004,117185979.10642911,1193212.3413669206,3939618.57376631,1122122.3413669206,3868528.57376631,0.05,-1511429.6304938798,1234976.6019055091
2026-04-23,ar_lag1_7,hormuz_tanker_capacity,0.0,2772999.426835108,-2772999.426835108,2772999.426835108,119958978.53326423,1261569.7963412283,4007976.0287406174,1261569.7963412283,4007976.0287406174,0.05,-1511429.6304938798,1234976.6019055091
2026-04-24,ar_lag1_7,hormuz_tanker_capacity,310377.0,2794387.802696363,-2484010.802696363,2484010.802696363,122442989.3359606,1282958.1722024833,4029364.404601872,972581.1722024833,3718987.404601872,0.05,-1511429.6304938798,1234976.6019055091
2026-04-25,ar_lag1_7,hormuz_tanker_capacity,42882.0,2781117.976348932,-2738235.976348932,2738235.976348932,125181225.31230952,1269688.3458550521,4016094.578254441,1226806.3458550521,3973212.578254441,0.05,-1511429.6304938798,1234976.6019055091
2026-04-27,ar_lag1_7,hormuz_tanker_capacity,71366.0,2709147.4468191066,-2637781.4468191066,2637781.4468191066,127819006.75912865,1197717.8163252268,3944124.048724616,1126351.8163252268,3872758.048724616,0.05,-1511429.6304938798,1234976.6019055091
2026-04-28,ar_lag1_7,hormuz_tanker_capacity,303841.0,2704642.009853194,-2400801.009853194,2400801.009853194,130219807.76898184,1193212.3793593142,3939618.6117587034,889371.3793593142,3635777.6117587034,0.05,-1511429.6304938798,1234976.6019055091
2026-04-29,ar_lag1_7,hormuz_tanker_capacity,11036.0,2733058.8458435102,-2722022.8458435102,2722022.8458435102,132941830.61482535,1221629.2153496305,3968035.4477490196,1210593.2153496305,3956999.4477490196,0.05,-1511429.6304938798,1234976.6019055091
2026-04-30,ar_lag1_7,hormuz_tanker_capacity,4205.0,2772999.461639845,-2768794.461639845,2768794.461639845,135710625.0764652,1261569.831145965,4007976.0635453537,1257364.831145965,4003771.0635453537,0.05,-1511429.6304938798,1234976.6019055091
2026-05-01,ar_lag1_7,hormuz_tanker_capacity,36640.0,2794387.796261429,-2757747.796261429,2757747.796261429,138468372.87272662,1282958.165767549,4029364.3981669378,1246318.165767549,3992724.3981669378,0.05,-1511429.6304938798,1234976.6019055091
2026-05-02,ar_lag1_7,hormuz_tanker_capacity,45868.0,2781117.9762654505,-2735249.9762654505,2735249.9762654505,141203622.84899208,1269688.3457715707,4016094.57817096,1223820.3457715707,3970226.57817096,0.05,-1511429.6304938798,1234976.6019055091
2026-05-04,ar_lag1_7,hormuz_tanker_capacity,0.0,2709147.4481886597,-2709147.4481886597,2709147.4481886597,143912770.29718074,1197717.81769478,3944124.0500941686,1197717.81769478,3944124.0500941686,0.05,-1511429.6304938798,1234976.6019055091
2026-05-05,ar_lag1_7,hormuz_tanker_capacity,0.0,2704642.01453633,-2704642.01453633,2704642.01453633,146617412.31171706,1193212.3840424502,3939618.6164418394,1193212.3840424502,3939618.6164418394,0.05,-1511429.6304938798,1234976.6019055091
2026-05-06,ar_lag1_7,hormuz_tanker_capacity,0.0,2733058.837602029,-2733058.837602029,2733058.837602029,149350471.14931908,1221629.2071081493,3968035.4395075385,1221629.2071081493,3968035.4395075385,0.05,-1511429.6304938798,1234976.6019055091
2026-05-07,ar_lag1_7,hormuz_tanker_capacity,273027.0,2772999.4656614354,-2499972.4656614354,2499972.4656614354,151850443.61498052,1261569.8351675556,4007976.0675669443,988542.8351675556,3734949.0675669443,0.05,-1511429.6304938798,1234976.6019055091
2026-05-08,ar_lag1_7,hormuz_tanker_capacity,0.0,2794387.795588547,-2794387.795588547,2794387.795588547,154644831.41056907,1282958.165094667,4029364.3974940563,1282958.165094667,4029364.3974940563,0.05,-1511429.6304938798,1234976.6019055091
2026-05-09,ar_lag1_7,hormuz_tanker_capacity,98525.0,2781117.976236211,-2682592.976236211,2682592.976236211,157327424.3868053,1269688.3457423314,4016094.57814172,1171163.3457423314,3917569.57814172,0.05,-1511429.6304938798,1234976.6019055091
2026-05-10,ar_lag1_7,hormuz_tanker_capacity,319376.0,2743182.4529728047,-2423806.4529728047,2423806.4529728047,159751230.8397781,1231752.8224789249,3978159.054878314,912376.8224789249,3658783.054878314,0.05,-1511429.6304938798,1234976.6019055091
2026-05-11,ar_lag1_7,hormuz_tanker_capacity,88456.0,2709147.448344065,-2620691.448344065,2620691.448344065,162371922.28812215,1197717.817850185,3944124.050249574,1109261.817850185,3855668.050249574,0.05,-1511429.6304938798,1234976.6019055091
2026-05-12,ar_lag1_7,hormuz_tanker_capacity,82996.0,2704642.0151132178,-2621646.0151132178,2621646.0151132178,164993568.30323535,1193212.384619338,3939618.6170187267,1110216.384619338,3856622.6170187267,0.05,-1511429.6304938798,1234976.6019055091
2026-05-13,ar_lag1_7,hormuz_tanker_capacity,661047.0,2733058.8366108644,-2072011.8366108644,2072011.8366108644,167065580.1398462,1221629.2061169846,3968035.4385163737,560582.2061169846,3306988.4385163737,0.05,-1511429.6304938798,1234976.6019055091
2026-05-14,ar_lag1_7,hormuz_tanker_capacity,42976.0,2772999.4661250194,-2730023.4661250194,2730023.4661250194,169795603.60597122,1261569.8356311396,4007976.0680305287,1218593.8356311396,3965000.0680305287,0.05,-1511429.6304938798,1234976.6019055091
2026-05-15,ar_lag1_7,hormuz_tanker_capacity,5341.0,2794387.7955194036,-2789046.7955194036,2789046.7955194036,172584650.40149063,1282958.1650255239,4029364.397424913,1277617.1650255239,4024023.397424913,0.05,-1511429.6304938798,1234976.6019055091
2026-05-16,ar_lag1_7,hormuz_tanker_capacity,36579.0,2781117.9762306805,-2744538.9762306805,2744538.9762306805,175329189.3777213,1269688.3457368007,4016094.57813619,1233109.3457368007,3979515.57813619,0.05,-1511429.6304938798,1234976.6019055091
2026-05-17,ar_lag1_7,hormuz_tanker_capacity,0.0,2743182.4529207186,-2743182.4529207186,2743182.4529207186,178072371.830642,1231752.8224268388,3978159.054826228,1231752.8224268388,3978159.054826228,0.05,-1511429.6304938798,1234976.6019055091
2026-05-19,ar_lag1_7,hormuz_tanker_capacity,574856.0,2704642.015184236,-2129786.015184236,2129786.015184236,180202157.84582624,1193212.3846903564,3939618.6170897456,618356.3846903564,3364762.6170897456,0.05,-1511429.6304938798,1234976.6019055091
2026-05-20,ar_lag1_7,hormuz_tanker_capacity,290295.0,2733058.836491708,-2442763.836491708,2442763.836491708,182644921.6823179,1221629.2059978284,3968035.4383972175,931334.2059978284,3677740.4383972175,0.05,-1511429.6304938798,1234976.6019055091
2026-05-21,ar_lag1_7,hormuz_tanker_capacity,42682.0,2772999.4661783194,-2730317.4661783194,2730317.4661783194,185375239.14849627,1261569.8356844396,4007976.0680838283,1218887.8356844396,3965294.0680838283,0.05,-1511429.6304938798,1234976.6019055091
2026-05-22,ar_lag1_7,hormuz_tanker_capacity,0.0,2794387.7955124592,-2794387.7955124592,2794387.7955124592,188169626.9440087,1282958.1650185795,4029364.397417968,1282958.1650185795,4029364.397417968,0.05,-1511429.6304938798,1234976.6019055091
2026-05-23,ar_lag1_7,hormuz_tanker_capacity,409069.0,2781117.976229808,-2372048.976229808,2372048.976229808,190541675.92023855,1269688.345735928,4016094.578135317,860619.345735928,3607025.578135317,0.05,-1511429.6304938798,1234976.6019055091
2026-05-24,ar_lag1_7,hormuz_tanker_capacity,6839.0,2743182.4529143265,-2736343.4529143265,2736343.4529143265,193278019.37315288,1231752.8224204467,3978159.0548198353,1224913.8224204467,3971320.0548198353,0.05,-1511429.6304938798,1234976.6019055091
2026-05-26,ar_lag1_7,hormuz_tanker_capacity,0.0,2704642.0151929725,-2704642.0151929725,2704642.0151929725,195982661.38834587,1193212.3846990927,3939618.6170984814,1193212.3846990927,3939618.6170984814,0.05,-1511429.6304938798,1234976.6019055091
2026-05-27,ar_lag1_7,hormuz_tanker_capacity,106096.0,2733058.836477389,-2626962.836477389,2626962.836477389,198609624.22482327,1221629.2059835093,3968035.4383828985,1115533.2059835093,3861939.4383828985,0.05,-1511429.6304938798,1234976.6019055091
2026-05-28,ar_lag1_7,hormuz_tanker_capacity,0.0,2772999.4661844303,-2772999.4661844303,2772999.4661844303,201382623.6910077,1261569.8356905505,4007976.0680899397,1261569.8356905505,4007976.0680899397,0.05,-1511429.6304938798,1234976.6019055091
2026-05-30,ar_lag1_7,hormuz_tanker_capacity,0.0,2781117.976229682,-2781117.976229682,2781117.976229682,204163741.66723737,1269688.3457358023,4016094.5781351915,1269688.3457358023,4016094.5781351915,0.05,-1511429.6304938798,1234976.6019055091
2026-05-31,ar_lag1_7,hormuz_tanker_capacity,594.0,2743182.4529135413,-2742588.4529135413,2742588.4529135413,206906330.12015092,1231752.8224196616,3978159.0548190502,1231158.8224196616,3977565.0548190502,0.05,-1511429.6304938798,1234976.6019055091
2026-02-28,ar_lag1_7,hormuz_tanker_transits,44.0,55.07939800975841,-11.079398009758409,11.079398009758409,11.079398009758409,30.649276361617787,71.54227222986938,-13.350723638382213,27.542272229869383,0.05,-24.43012164814062,16.462874220110983
2026-03-01,ar_lag1_7,hormuz_tanker_transits,7.0,59.26030706876352,-52.26030706876352,52.26030706876352,63.33970507852192,34.8301854206229,75.7231812888745,27.830185420622897,68.7231812888745,0.05,-24.43012164814062,16.462874220110983
2026-03-02,ar_lag1_7,hormuz_tanker_transits,2.0,58.40892906242917,-56.40892906242917,56.40892906242917,119.7486341409511,33.97880741428855,74.87180328254016,31.978807414288553,72.87180328254016,0.05,-24.43012164814062,16.462874220110983
2026-03-03,ar_lag1_7,hormuz_tanker_transits,2.0,56.90001824203366,-54.90001824203366,54.90001824203366,174.64865238298475,32.46989659389304,73.36289246214464,30.46989659389304,71.36289246214464,0.05,-24.43012164814062,16.462874220110983
2026-03-04,ar_lag1_7,hormuz_tanker_transits,0.0,57.44905318616406,-57.44905318616406,57.44905318616406,232.0977055691488,33.01893153802344,73.91192740627504,33.01893153802344,73.91192740627504,0.05,-24.43012164814062,16.462874220110983
2026-03-05,ar_lag1_7,hormuz_tanker_transits,1.0,56.784262169371054,-55.784262169371054,55.784262169371054,287.88196773851985,32.354140521230434,73.24713638948204,31.354140521230434,72.24713638948204,0.05,-24.43012164814062,16.462874220110983
2026-03-06,ar_lag1_7,hormuz_tanker_transits,0.0,56.45755983226071,-56.45755983226071,56.45755983226071,344.33952757078055,32.02743818412009,72.92043405237169,32.02743818412009,72.92043405237169,0.05,-24.43012164814062,16.462874220110983
2026-03-07,ar_lag1_7,hormuz_tanker_transits,2.0,56.430191240470755,-54.430191240470755,54.430191240470755,398.7697188112513,32.000069592330135,72.89306546058174,30.000069592330135,70.89306546058174,0.05,-24.43012164814062,16.462874220110983
2026-03-08,ar_lag1_7,hormuz_tanker_transits,1.0,56.970485592852754,-55.970485592852754,55.970485592852754,454.7402044041041,32.540363944712134,73.43335981296374,31.540363944712134,72.43335981296374,0.05,-24.43012164814062,16.462874220110983
2026-03-09,ar_lag1_7,hormuz_tanker_transits,6.0,56.89861337753383,-50.89861337753383,50.89861337753383,505.6388177816379,32.46849172939321,73.36148759764481,26.468491729393207,67.36148759764481,0.05,-24.43012164814062,16.462874220110983
2026-03-10,ar_lag1_7,hormuz_tanker_transits,1.0,56.81765715134947,-55.81765715134947,55.81765715134947,561.4564749329874,32.38753550320885,73.28053137146046,31.387535503208852,72.28053137146046,0.05,-24.43012164814062,16.462874220110983
2026-03-11,ar_lag1_7,hormuz_tanker_transits,1.0,57.30443594653478,-56.30443594653478,56.30443594653478,617.7609108795222,32.87431429839416,73.76731016664576,31.87431429839416,72.76731016664576,0.05,-24.43012164814062,16.462874220110983
2026-03-12,ar_lag1_7,hormuz_tanker_transits,3.0,57.54755070076402,-54.54755070076402,54.54755070076402,672.3084615802861,33.1174290526234,74.01042492087501,30.1174290526234,71.01042492087501,0.05,-24.43012164814062,16.462874220110983
2026-03-13,ar_lag1_7,hormuz_tanker_transits,3.0,57.44493127570655,-54.44493127570655,54.44493127570655,726.7533928559926,33.01480962756593,73.90780549581754,30.01480962756593,70.90780549581754,0.05,-24.43012164814062,16.462874220110983
2026-03-14,ar_lag1_7,hormuz_tanker_transits,1.0,57.039121556359035,-56.039121556359035,56.039121556359035,782.7925144123517,32.608999908218415,73.50199577647001,31.608999908218415,72.50199577647001,0.05,-24.43012164814062,16.462874220110983
2026-03-15,ar_lag1_7,hormuz_tanker_transits,5.0,56.677488236303354,-51.677488236303354,51.677488236303354,834.470002648655,32.247366588162734,73.14036245641434,27.247366588162734,68.14036245641434,0.05,-24.43012164814062,16.462874220110983
2026-03-16,ar_lag1_7,hormuz_tanker_transits,0.0,56.48040376392145,-56.48040376392145,56.48040376392145,890.9504064125765,32.05028211578083,72.94327798403243,32.05028211578083,72.94327798403243,0.05,-24.43012164814062,16.462874220110983
2026-03-17,ar_lag1_7,hormuz_tanker_transits,1.0,56.664589766469746,-55.664589766469746,55.664589766469746,946.6149961790462,32.234468118329126,73.12746398658072,31.234468118329126,72.12746398658072,0.05,-24.43012164814062,16.462874220110983
2026-03-18,ar_lag1_7,hormuz_tanker_transits,0.0,57.223906401288936,-57.223906401288936,57.223906401288936,1003.8389025803352,32.793784753148316,73.68678062139992,32.793784753148316,73.68678062139992,0.05,-24.43012164814062,16.462874220110983
2026-03-19,ar_lag1_7,hormuz_tanker_transits,1.0,57.68487376228477,-56.68487376228477,56.68487376228477,1060.5237763426198,33.254752114144146,74.14774798239574,32.254752114144146,73.14774798239574,0.05,-24.43012164814062,16.462874220110983
2026-03-20,ar_lag1_7,hormuz_tanker_transits,3.0,57.70077611009934,-54.70077611009934,54.70077611009934,1115.224552452719,33.27065446195872,74.16365033021032,30.27065446195872,71.16365033021032,0.05,-24.43012164814062,16.462874220110983
2026-03-21,ar_lag1_7,hormuz_tanker_transits,0.0,57.25233384689293,-57.25233384689293,57.25233384689293,1172.476886299612,32.82221219875231,73.71520806700391,32.82221219875231,73.71520806700391,0.05,-24.43012164814062,16.462874220110983
2026-03-22,ar_lag1_7,hormuz_tanker_transits,0.0,56.68381242240051,-56.68381242240051,56.68381242240051,1229.1606987220125,32.25369077425989,73.1466866425115,32.25369077425989,73.1466866425115,0.05,-24.43012164814062,16.462874220110983
2026-03-23,ar_lag1_7,hormuz_tanker_transits,2.0,56.39292289802672,-54.39292289802672,54.39292289802672,1283.5536216200392,31.9628012498861,72.8557971181377,29.9628012498861,70.8557971181377,0.05,-24.43012164814062,16.462874220110983
2026-03-24,ar_lag1_7,hormuz_tanker_transits,1.0,56.603491218429305,-55.603491218429305,55.603491218429305,1339.1571128384685,32.173369570288685,73.06636543854029,31.173369570288685,72.06636543854029,0.05,-24.43012164814062,16.462874220110983
2026-03-25,ar_lag1_7,hormuz_tanker_transits,1.0,57.18688034036654,-56.18688034036654,56.18688034036654,1395.343993178835,32.75675869222592,73.64975456047753,31.756758692225922,72.64975456047753,0.05,-24.43012164814062,16.462874220110983
2026-03-26,ar_lag1_7,hormuz_tanker_transits,0.0,57.7022806627793,-57.7022806627793,57.7022806627793,1453.0462738416145,33.27215901463868,74.16515488289028,33.27215901463868,74.16515488289028,0.05,-24.43012164814062,16.462874220110983
2026-03-27,ar_lag1_7,hormuz_tanker_transits,0.0,57.761183694008146,-57.761183694008146,57.761183694008146,1510.8074575356225,33.331062045867526,74.22405791411913,33.331062045867526,74.22405791411913,0.05,-24.43012164814062,16.462874220110983
2026-03-28,ar_lag1_7,hormuz_tanker_transits,0.0,57.31754042518079,-57.31754042518079,57.31754042518079,1568.1249979608033,32.88741877704017,73.78041464529177,32.88741877704017,73.78041464529177,0.05,-24.43012164814062,16.462874220110983
2026-03-29,ar_lag1_7,hormuz_tanker_transits,2.0,56.70628321712193,-54.70628321712193,54.70628321712193,1622.8312811779251,32.27616156898131,73.16915743723291,30.27616156898131,71.16915743723291,0.05,-24.43012164814062,16.462874220110983
2026-03-30,ar_lag1_7,hormuz_tanker_transits,12.0,56.38147237549546,-44.38147237549546,44.38147237549546,1667.2127535534205,31.951350727354843,72.84434659560645,19.951350727354843,60.84434659560645,0.05,-24.43012164814062,16.462874220110983
2026-03-31,ar_lag1_7,hormuz_tanker_transits,2.0,56.5867032293996,-54.5867032293996,54.5867032293996,1721.79945678282,32.15658158125898,73.0495774495106,30.156581581258983,71.0495774495106,0.05,-24.43012164814062,16.462874220110983
2026-04-01,ar_lag1_7,hormuz_tanker_transits,0.0,57.17351718905576,-57.17351718905576,57.17351718905576,1778.9729739718755,32.74339554091514,73.63639140916675,32.74339554091514,73.63639140916675,0.05,-24.43012164814062,16.462874220110983
2026-04-02,ar_lag1_7,hormuz_tanker_transits,2.0,57.70167946235672,-55.70167946235672,55.70167946235672,1834.6746534342324,33.2715578142161,74.1645536824677,31.271557814216102,72.1645536824677,0.05,-24.43012164814062,16.462874220110983
2026-04-03,ar_lag1_7,hormuz_tanker_transits,4.0,57.77392085325952,-53.77392085325952,53.77392085325952,1888.448574287492,33.3437992051189,74.2367950733705,29.3437992051189,70.2367950733705,0.05,-24.43012164814062,16.462874220110983
2026-04-04,ar_lag1_7,hormuz_tanker_transits,2.0,57.33562452078472,-55.33562452078472,55.33562452078472,1943.7841988082769,32.9055028726441,73.7984987408957,30.9055028726441,71.7984987408957,0.05,-24.43012164814062,16.462874220110983
2026-04-05,ar_lag1_7,hormuz_tanker_transits,7.0,56.7169501649367,-49.7169501649367,49.7169501649367,1993.5011489732133,32.28682851679608,73.17982438504768,25.286828516796078,66.17982438504768,0.05,-24.43012164814062,16.462874220110983
2026-04-06,ar_lag1_7,hormuz_tanker_transits,1.0,56.38247554108688,-55.38247554108688,55.38247554108688,2048.8836245143,31.952353892946263,72.84534976119787,30.952353892946263,71.84534976119787,0.05,-24.43012164814062,16.462874220110983
2026-04-07,ar_lag1_7,hormuz_tanker_transits,3.0,56.58343418401149,-53.58343418401149,53.58343418401149,2102.4670586983116,32.15331253587087,73.04630840412247,29.153312535870867,70.04630840412247,0.05,-24.43012164814062,16.462874220110983
2026-04-08,ar_lag1_7,hormuz_tanker_transits,0.0,57.169597780273456,-57.169597780273456,57.169597780273456,2159.636656478585,32.739476132132836,73.63247200038444,32.739476132132836,73.63247200038444,0.05,-24.43012164814062,16.462874220110983
2026-04-09,ar_lag1_7,hormuz_tanker_transits,4.0,57.70028147183693,-53.70028147183693,53.70028147183693,2213.336937950422,33.27015982369631,74.1631556919479,29.27015982369631,70.1631556919479,0.05,-24.43012164814062,16.462874220110983
2026-04-10,ar_lag1_7,hormuz_tanker_transits,1.0,57.77619484764826,-56.77619484764826,56.77619484764826,2270.11313279807,33.34607319950764,74.23906906775925,32.34607319950764,73.23906906775925,0.05,-24.43012164814062,16.462874220110983
2026-04-11,ar_lag1_7,hormuz_tanker_transits,5.0,57.34023232976409,-52.34023232976409,52.34023232976409,2322.4533651278343,32.91011068162347,73.80310654987508,27.910110681623472,68.80310654987508,0.05,-24.43012164814062,16.462874220110983
2026-04-12,ar_lag1_7,hormuz_tanker_transits,3.0,56.72072593352478,-53.72072593352478,53.72072593352478,2376.174091061359,32.29060428538416,73.18360015363577,29.290604285384163,70.18360015363577,0.05,-24.43012164814062,16.462874220110983
2026-04-13,ar_lag1_7,hormuz_tanker_transits,4.0,56.38391306558223,-52.38391306558223,52.38391306558223,2428.5580041269413,31.953791417441607,72.84678728569321,27.953791417441607,68.84678728569321,0.05,-24.43012164814062,16.462874220110983
2026-04-14,ar_lag1_7,hormuz_tanker_transits,3.0,56.58319989510818,-53.58319989510818,53.58319989510818,2482.14120402205,32.15307824696756,73.04607411521917,29.15307824696756,70.04607411521917,0.05,-24.43012164814062,16.462874220110983
2026-04-15,ar_lag1_7,hormuz_tanker_transits,4.0,57.16868285250542,-53.16868285250542,53.16868285250542,2535.309886874554,32.7385612043648,73.6315570726164,28.7385612043648,69.6315570726164,0.05,-24.43012164814062,16.462874220110983
2026-04-16,ar_lag1_7,hormuz_tanker_transits,3.0,57.69968589832504,-54.69968589832504,54.69968589832504,2590.00957277288,33.26956425018442,74.16256011843603,30.269564250184423,71.16256011843603,0.05,-24.43012164814062,16.462874220110983
2026-04-17,ar_lag1_7,hormuz_tanker_transits,4.0,57.7764887823509,-53.7764887823509,53.7764887823509,2643.786061555231,33.34636713421028,74.23936300246189,29.346367134210283,70.23936300246189,0.05,-24.43012164814062,16.462874220110983
2026-04-18,ar_lag1_7,hormuz_tanker_transits,16.0,57.34131394406629,-41.34131394406629,41.34131394406629,2685.127375499297,32.91119229592567,73.80418816417728,16.911192295925673,57.804188164177276,0.05,-24.43012164814062,16.462874220110983
2026-04-19,ar_lag1_7,hormuz_tanker_transits,2.0,56.721884514791334,-54.721884514791334,54.721884514791334,2739.8492600140885,32.291762866650714,73.18475873490232,30.291762866650714,71.18475873490232,0.05,-24.43012164814062,16.462874220110983
2026-04-20,ar_lag1_7,hormuz_tanker_transits,4.0,56.38459600877343,-52.38459600877343,52.38459600877343,2792.233856022862,31.95447436063281,72.84747022888442,27.95447436063281,68.84747022888442,0.05,-24.43012164814062,16.462874220110983
2026-04-21,ar_lag1_7,hormuz_tanker_transits,1.0,56.5833709081984,-55.5833709081984,55.5833709081984,2847.8172269310603,32.15324926005778,73.04624512830938,31.153249260057777,72.04624512830938,0.05,-24.43012164814062,16.462874220110983
2026-04-22,ar_lag1_7,hormuz_tanker_transits,2.0,57.16854236981262,-55.16854236981262,55.16854236981262,2902.985769300873,32.738420721672,73.6314165899236,30.738420721672,71.6314165899236,0.05,-24.43012164814062,16.462874220110983
2026-04-23,ar_lag1_7,hormuz_tanker_transits,0.0,57.69951290506146,-57.69951290506146,57.69951290506146,2960.6852822059345,33.26939125692084,74.16238712517244,33.26939125692084,74.16238712517244,0.05,-24.43012164814062,16.462874220110983
2026-04-24,ar_lag1_7,hormuz_tanker_transits,2.0,57.77649568362708,-55.77649568362708,55.77649568362708,3016.4617778895617,33.34637403548646,74.23936990373807,31.346374035486463,72.23936990373807,0.05,-24.43012164814062,16.462874220110983
2026-04-25,ar_lag1_7,hormuz_tanker_transits,1.0,57.34154772743846,-56.34154772743846,56.34154772743846,3072.803325617,32.91142607929784,73.80442194754944,31.91142607929784,72.80442194754944,0.05,-24.43012164814062,16.462874220110983
2026-04-26,ar_lag1_7,hormuz_tanker_transits,1.0,56.72220825001038,-55.72220825001038,55.72220825001038,3128.5255338670104,32.29208660186976,73.18508247012136,31.292086601869762,72.18508247012136,0.05,-24.43012164814062,16.462874220110983
2026-04-27,ar_lag1_7,hormuz_tanker_transits,1.0,56.38484705157145,-55.38484705157145,55.38484705157145,3183.9103809185817,31.954725403430828,72.84772127168243,30.954725403430828,71.84772127168243,0.05,-24.43012164814062,16.462874220110983
2026-04-28,ar_lag1_7,hormuz_tanker_transits,3.0,56.583488817492345,-53.583488817492345,53.583488817492345,3237.493869736074,32.153367169351725,73.04636303760333,29.153367169351725,70.04636303760333,0.05,-24.43012164814062,16.462874220110983
2026-04-29,ar_lag1_7,hormuz_tanker_transits,3.0,57.16855048027514,-54.16855048027514,54.16855048027514,3291.662420216349,32.73842883213452,73.63142470038612,29.738428832134517,70.63142470038612,0.05,-24.43012164814062,16.462874220110983
2026-04-30,ar_lag1_7,hormuz_tanker_transits,3.0,57.69947849778141,-54.69947849778141,54.69947849778141,3346.3618987141303,33.26935684964079,74.16235271789239,30.269356849640793,71.16235271789239,0.05,-24.43012164814062,16.462874220110983
2026-05-01,ar_lag1_7,hormuz_tanker_transits,2.0,57.7764860183461,-55.7764860183461,55.7764860183461,3402.1383847324764,33.34636437020548,74.23936023845708,31.346364370205478,72.23936023845708,0.05,-24.43012164814062,16.462874220110983
2026-05-02,ar_lag1_7,hormuz_tanker_transits,2.0,57.34159464494134,-55.34159464494134,55.34159464494134,3457.4799793774177,32.91147299680072,73.80446886505231,30.91147299680072,71.80446886505231,0.05,-24.43012164814062,16.462874220110983
2026-05-03,ar_lag1_7,hormuz_tanker_transits,1.0,56.722292748254155,-55.722292748254155,55.722292748254155,3513.2022721256717,32.292171100113535,73.18516696836514,31.292171100113535,72.18516696836514,0.05,-24.43012164814062,16.462874220110983
2026-05-04,ar_lag1_7,hormuz_tanker_transits,0.0,56.38492815846001,-56.38492815846001,56.38492815846001,3569.5872002841315,31.954806510319393,72.847802378571,31.954806510319393,72.847802378571,0.05,-24.43012164814062,16.462874220110983
2026-05-05,ar_lag1_7,hormuz_tanker_transits,0.0,56.58354032532103,-56.58354032532103,56.58354032532103,3626.170740609453,32.15341867718041,73.04641454543201,32.15341867718041,73.04641454543201,0.05,-24.43012164814062,16.462874220110983
2026-05-06,ar_lag1_7,hormuz_tanker_transits,0.0,57.16856889717545,-57.16856889717545,57.16856889717545,3683.339309506628,32.73844724903483,73.63144311728644,32.73844724903483,73.63144311728644,0.05,-24.43012164814062,16.462874220110983
2026-05-07,ar_lag1_7,hormuz_tanker_transits,1.0,57.69947709623658,-56.69947709623658,56.69947709623658,3740.038786602865,33.26935544809596,74.16235131634755,32.26935544809596,73.16235131634755,0.05,-24.43012164814062,16.462874220110983
2026-05-08,ar_lag1_7,hormuz_tanker_transits,0.0,57.776483495349034,-57.776483495349034,57.776483495349034,3797.8152700982137,33.346361847208414,74.23935771546002,33.346361847208414,74.23935771546002,0.05,-24.43012164814062,16.462874220110983
2026-05-09,ar_lag1_7,hormuz_tanker_transits,1.0,57.34160387182115,-56.34160387182115,56.34160387182115,3854.156873970034,32.91148222368053,73.80447809193214,31.91148222368053,72.80447809193214,0.05,-24.43012164814062,16.462874220110983
2026-05-10,ar_lag1_7,hormuz_tanker_transits,2.0,56.72231382545343,-54.72231382545343,54.72231382545343,3908.879187795488,32.29219217731281,73.18518804556442,30.292192177312813,71.18518804556442,0.05,-24.43012164814062,16.462874220110983
2026-05-11,ar_lag1_7,hormuz_tanker_transits,3.0,56.38495234733578,-53.38495234733578,53.38495234733578,3962.264140142824,31.954830699195163,72.84782656744676,28.954830699195163,69.84782656744676,0.05,-24.43012164814062,16.462874220110983
2026-05-12,ar_lag1_7,hormuz_tanker_transits,3.0,56.58355918543394,-53.58355918543394,53.58355918543394,4015.847699328258,32.15343753729332,73.04643340554492,29.15343753729332,70.04643340554492,0.05,-24.43012164814062,16.462874220110983
2026-05-13,ar_lag1_7,hormuz_tanker_transits,4.0,57.16857894758956,-53.16857894758956,53.16857894758956,4069.016278275847,32.73845729944894,73.63145316770054,28.73845729944894,69.63145316770054,0.05,-24.43012164814062,16.462874220110983
2026-05-14,ar_lag1_7,hormuz_tanker_transits,4.0,57.69948005099173,-53.69948005099173,53.69948005099173,4122.715758326839,33.26935840285111,74.16235427110271,29.26935840285111,70.16235427110271,0.05,-24.43012164814062,16.462874220110983
2026-05-15,ar_lag1_7,hormuz_tanker_transits,2.0,57.776483912121805,-55.776483912121805,55.776483912121805,4178.492242238961,33.346362263981185,74.23935813223278,31.346362263981185,72.23935813223278,0.05,-24.43012164814062,16.462874220110983
2026-05-16,ar_lag1_7,hormuz_tanker_transits,2.0,57.341605982051576,-55.341605982051576,55.341605982051576,4233.833848221013,32.911484333910956,73.80448020216255,30.911484333910956,71.80448020216255,0.05,-24.43012164814062,16.462874220110983
2026-05-17,ar_lag1_7,hormuz_tanker_transits,0.0,56.72231902098174,-56.72231902098174,56.72231902098174,4290.556167241994,32.29219737284112,73.18519324109272,32.29219737284112,73.18519324109272,0.05,-24.43012164814062,16.462874220110983
2026-05-18,ar_lag1_7,hormuz_tanker_transits,1.0,56.384959208164986,-55.384959208164986,55.384959208164986,4345.94112645016,31.954837560024366,72.84783342827598,30.954837560024366,71.84783342827598,0.05,-24.43012164814062,16.462874220110983
2026-05-19,ar_lag1_7,hormuz_tanker_transits,4.0,56.583565444801366,-52.583565444801366,52.583565444801366,4398.524691894961,32.153443796660746,73.04643966491236,28.153443796660746,69.04643966491236,0.05,-24.43012164814062,16.462874220110983
2026-05-20,ar_lag1_7,hormuz_tanker_transits,4.0,57.16858312622437,-53.16858312622437,53.16858312622437,4451.693275021185,32.73846147808375,73.63145734633535,28.73846147808375,69.63145734633535,0.05,-24.43012164814062,16.462874220110983
2026-05-21,ar_lag1_7,hormuz_tanker_transits,2.0,57.69948203677296,-55.69948203677296,55.69948203677296,4507.392757057958,33.26936038863234,74.16235625688395,31.269360388632343,72.16235625688395,0.05,-24.43012164814062,16.462874220110983
2026-05-22,ar_lag1_7,hormuz_tanker_transits,0.0,57.7764846444318,-57.7764846444318,57.7764846444318,4565.16924170239,33.34636299629118,74.23935886454278,33.34636299629118,74.23935886454278,0.05,-24.43012164814062,16.462874220110983
2026-05-23,ar_lag1_7,hormuz_tanker_transits,4.0,57.34160667095889,-53.34160667095889,53.34160667095889,4618.510848373348,32.91148502281827,73.80448089106987,28.91148502281827,69.80448089106987,0.05,-24.43012164814062,16.462874220110983
2026-05-24,ar_lag1_7,hormuz_tanker_transits,2.0,56.722320356323635,-54.722320356323635,54.722320356323635,4673.233168729672,32.292198708183015,73.18519457643461,30.292198708183015,71.18519457643461,0.05,-24.43012164814062,16.462874220110983
2026-05-25,ar_lag1_7,hormuz_tanker_transits,2.0,56.38496110935468,-54.38496110935468,54.38496110935468,4727.618129839027,31.954839461214057,72.84783532946565,29.954839461214057,70.84783532946565,0.05,-24.43012164814062,16.462874220110983
2026-05-26,ar_lag1_7,hormuz_tanker_transits,0.0,56.583567400480035,-56.583567400480035,56.583567400480035,4784.201697239507,32.153445752339415,73.04644162059103,32.153445752339415,73.04644162059103,0.05,-24.43012164814062,16.462874220110983
2026-05-27,ar_lag1_7,hormuz_tanker_transits,2.0,57.16858465411275,-55.16858465411275,55.16858465411275,4839.37028189362,32.73846300597213,73.63145887422374,30.73846300597213,71.63145887422374,0.05,-24.43012164814062,16.462874220110983
2026-05-28,ar_lag1_7,hormuz_tanker_transits,0.0,57.699482956684015,-57.699482956684015,57.699482956684015,4897.069764850304,33.269361308543395,74.162357176795,33.269361308543395,74.162357176795,0.05,-24.43012164814062,16.462874220110983
2026-05-29,ar_lag1_7,hormuz_tanker_transits,1.0,57.77648509911244,-56.77648509911244,56.77648509911244,4953.846249949416,33.34636345097182,74.23935931922342,32.34636345097182,73.23935931922342,0.05,-24.43012164814062,16.462874220110983
2026-05-30,ar_lag1_7,hormuz_tanker_transits,0.0,57.34160696568472,-57.34160696568472,57.34160696568472,5011.187856915101,32.9114853175441,73.80448118579571,32.9114853175441,73.80448118579571,0.05,-24.43012164814062,16.462874220110983
2026-05-31,ar_lag1_7,hormuz_tanker_transits,2.0,56.722320737635194,-54.722320737635194,54.722320737635194,5065.910177652737,32.292199089494574,73.18519495774618,30.292199089494574,71.18519495774618,0.05,-24.43012164814062,16.462874220110983
2026-06-01,ar_lag1_7,hormuz_tanker_transits,1.0,56.38496163984157,-55.38496163984157,55.38496163984157,5121.295139292579,31.95483999170095,72.84783585995255,30.95483999170095,71.84783585995255,0.05,-24.43012164814062,16.462874220110983
2026-02-28,arx_lag1_7_route,hormuz_tanker_capacity,2996963.0,2742839.65253331,254123.34746669,-254123.34746669,-254123.34746669,1229898.1923501934,3967017.2788079116,-1767064.8076498066,970054.2788079116,0.05,-1512941.4601831166,1224177.6262746016
2026-03-01,arx_lag1_7_route,hormuz_tanker_capacity,207948.0,2828217.263991575,-2620269.263991575,2620269.263991575,2366145.916524885,1315275.8038084586,4052394.890266177,1107327.8038084586,3844446.890266177,0.05,-1512941.4601831166,1224177.6262746016
2026-03-03,arx_lag1_7_route,hormuz_tanker_capacity,6701.0,2608939.5495947073,-2602238.5495947073,2602238.5495947073,4968384.466119593,1095998.0894115907,3833117.175869309,1089297.0894115907,3826416.175869309,0.05,-1512941.4601831166,1224177.6262746016
2026-03-04,arx_lag1_7_route,hormuz_tanker_capacity,0.0,2945956.4702561023,-2945956.4702561023,2945956.4702561023,7914340.936375695,1433015.0100729857,4170134.096530704,1433015.0100729857,4170134.096530704,0.05,-1512941.4601831166,1224177.6262746016
2026-03-06,arx_lag1_7_route,hormuz_tanker_capacity,0.0,2831910.287122443,-2831910.287122443,2831910.287122443,10746251.223498138,1318968.8269393262,4056087.9133970444,1318968.8269393262,4056087.9133970444,0.05,-1512941.4601831166,1224177.6262746016
2026-03-09,arx_lag1_7_route,hormuz_tanker_capacity,154941.0,2704280.430754589,-2549339.430754589,2549339.430754589,13295590.654252728,1191338.9705714723,3928458.0570291905,1036397.9705714723,3773517.0570291905,0.05,-1512941.4601831166,1224177.6262746016
2026-03-10,arx_lag1_7_route,hormuz_tanker_capacity,42122.0,2689355.655364269,-2647233.655364269,2647233.655364269,15942824.309616996,1176414.1951811523,3913533.2816388705,1134292.1951811523,3871411.2816388705,0.05,-1512941.4601831166,1224177.6262746016
2026-03-11,arx_lag1_7_route,hormuz_tanker_capacity,51338.0,2752297.9033009824,-2700959.9033009824,2700959.9033009824,18643784.21291798,1239356.4431178658,3976475.529575584,1188018.4431178658,3925137.529575584,0.05,-1512941.4601831166,1224177.6262746016
2026-03-12,arx_lag1_7_route,hormuz_tanker_capacity,5366.0,2767098.551760577,-2761732.551760577,2761732.551760577,21405516.764678556,1254157.0915774605,3991276.1780351787,1248791.0915774605,3985910.1780351787,0.05,-1512941.4601831166,1224177.6262746016
2026-03-13,arx_lag1_7_route,hormuz_tanker_capacity,23880.0,2800142.774544864,-2776262.774544864,2776262.774544864,24181779.53922342,1287201.3143617474,4024320.4008194655,1263321.3143617474,4000440.4008194655,0.05,-1512941.4601831166,1224177.6262746016
2026-03-15,arx_lag1_7_route,hormuz_tanker_capacity,348432.0,2752920.0118502113,-2404488.0118502113,2404488.0118502113,26586267.551073633,1239978.5516670947,3977097.638124813,891546.5516670947,3628665.638124813,0.05,-1512941.4601831166,1224177.6262746016
2026-03-16,arx_lag1_7_route,hormuz_tanker_capacity,0.0,2711653.7243176773,-2711653.7243176773,2711653.7243176773,29297921.27539131,1198712.2641345607,3935831.350592279,1198712.2641345607,3935831.350592279,0.05,-1512941.4601831166,1224177.6262746016
2026-03-17,arx_lag1_7_route,hormuz_tanker_capacity,47804.0,2707158.582171127,-2659354.582171127,2659354.582171127,31957275.85756244,1194217.1219880106,3931336.2084457288,1146413.1219880106,3883532.2084457288,0.05,-1512941.4601831166,1224177.6262746016
2026-03-18,arx_lag1_7_route,hormuz_tanker_capacity,0.0,2726824.855335137,-2726824.855335137,2726824.855335137,34684100.71289758,1213883.3951520203,3951002.4816097384,1213883.3951520203,3951002.4816097384,0.05,-1512941.4601831166,1224177.6262746016
2026-03-19,arx_lag1_7_route,hormuz_tanker_capacity,34576.0,2772246.1398943188,-2737670.1398943188,2737670.1398943188,37421770.8527919,1259304.6797112022,3996423.7661689203,1224728.6797112022,3961847.7661689203,0.05,-1512941.4601831166,1224177.6262746016
2026-03-20,arx_lag1_7_route,hormuz_tanker_capacity,118692.0,2791756.153720888,-2673064.153720888,2673064.153720888,40094835.00651278,1278814.6935377712,4015933.7799954894,1160122.6935377712,3897241.7799954894,0.05,-1512941.4601831166,1224177.6262746016
2026-03-21,arx_lag1_7_route,hormuz_tanker_capacity,0.0,2773722.9509073305,-2773722.9509073305,2773722.9509073305,42868557.95742011,1260781.490724214,3997900.577181932,1260781.490724214,3997900.577181932,0.05,-1512941.4601831166,1224177.6262746016
2026-03-22,arx_lag1_7_route,hormuz_tanker_capacity,0.0,2752848.1377738165,-2752848.1377738165,2752848.1377738165,45621406.09519393,1239906.6775906999,3977025.764048418,1239906.6775906999,3977025.764048418,0.05,-1512941.4601831166,1224177.6262746016
2026-03-23,arx_lag1_7_route,hormuz_tanker_capacity,53593.0,2699736.4759292416,-2646143.4759292416,2646143.4759292416,48267549.57112317,1186795.015746125,3923914.102203843,1133202.015746125,3870321.102203843,0.05,-1512941.4601831166,1224177.6262746016
2026-03-26,arx_lag1_7_route,hormuz_tanker_capacity,0.0,2782337.268191462,-2782337.268191462,2782337.268191462,51049886.83931463,1269395.8080083453,4006514.8944660635,1269395.8080083453,4006514.8944660635,0.05,-1512941.4601831166,1224177.6262746016
2026-03-27,arx_lag1_7_route,hormuz_tanker_capacity,0.0,2789393.209639031,-2789393.209639031,2789393.209639031,53839280.04895366,1276451.7494559144,4013570.8359136325,1276451.7494559144,4013570.8359136325,0.05,-1512941.4601831166,1224177.6262746016
2026-03-28,arx_lag1_7_route,hormuz_tanker_capacity,0.0,2776368.5111651816,-2776368.5111651816,2776368.5111651816,56615648.56011884,1263427.050982065,4000546.137439783,1263427.050982065,4000546.137439783,0.05,-1512941.4601831166,1224177.6262746016
2026-03-29,arx_lag1_7_route,hormuz_tanker_capacity,5464.0,2741593.0274298955,-2736129.0274298955,2736129.0274298955,59351777.58754873,1228651.5672467789,3965770.653704497,1223187.5672467789,3960306.653704497,0.05,-1512941.4601831166,1224177.6262746016
2026-03-30,arx_lag1_7_route,hormuz_tanker_capacity,115147.0,2722326.7749605314,-2607179.7749605314,2607179.7749605314,61958957.362509266,1209385.3147774148,3946504.401235133,1094238.3147774148,3831357.401235133,0.05,-1512941.4601831166,1224177.6262746016
2026-03-31,arx_lag1_7_route,hormuz_tanker_capacity,70842.0,2691526.5270296256,-2620684.5270296256,2620684.5270296256,64579641.88953889,1178585.066846509,3915704.153304227,1107743.066846509,3844862.153304227,0.05,-1512941.4601831166,1224177.6262746016
2026-04-01,arx_lag1_7_route,hormuz_tanker_capacity,0.0,2738957.752957807,-2738957.752957807,2738957.752957807,67318599.6424967,1226016.2927746903,3963135.3792324085,1226016.2927746903,3963135.3792324085,0.05,-1512941.4601831166,1224177.6262746016
2026-04-03,arx_lag1_7_route,hormuz_tanker_capacity,97195.0,2796051.4502144866,-2698856.4502144866,2698856.4502144866,70017456.0927112,1283109.99003137,4020229.076489088,1185914.99003137,3923034.076489088,0.05,-1512941.4601831166,1224177.6262746016
2026-04-04,arx_lag1_7_route,hormuz_tanker_capacity,38238.0,2775300.3058688655,-2737062.3058688655,2737062.3058688655,72754518.39858006,1262358.8456857488,3999477.932143467,1224120.8456857488,3961239.932143467,0.05,-1512941.4601831166,1224177.6262746016
2026-04-05,arx_lag1_7_route,hormuz_tanker_capacity,266704.0,2745840.646691031,-2479136.646691031,2479136.646691031,75233655.04527108,1232899.1865079142,3970018.2729656324,966195.1865079142,3703314.2729656324,0.05,-1512941.4601831166,1224177.6262746016
2026-04-06,arx_lag1_7_route,hormuz_tanker_capacity,3964.0,2704729.884732496,-2700765.884732496,2700765.884732496,77934420.93000358,1191788.4245493794,3928907.5110070975,1187824.4245493794,3924943.5110070975,0.05,-1512941.4601831166,1224177.6262746016
2026-04-07,arx_lag1_7_route,hormuz_tanker_capacity,118890.0,2705458.6233678055,-2586568.6233678055,2586568.6233678055,80520989.55337138,1192517.163184689,3929636.249642407,1073627.163184689,3810746.249642407,0.05,-1512941.4601831166,1224177.6262746016
2026-04-08,arx_lag1_7_route,hormuz_tanker_capacity,0.0,2736780.0150760305,-2736780.0150760305,2736780.0150760305,83257769.56844741,1223838.554892914,3960957.641350632,1223838.554892914,3960957.641350632,0.05,-1512941.4601831166,1224177.6262746016
2026-04-09,arx_lag1_7_route,hormuz_tanker_capacity,22735.0,2775375.0255546356,-2752640.0255546356,2752640.0255546356,86010409.59400205,1262433.565371519,3999552.651829237,1239698.565371519,3976817.651829237,0.05,-1512941.4601831166,1224177.6262746016
2026-04-10,arx_lag1_7_route,hormuz_tanker_capacity,278711.0,2796049.1168678096,-2517338.1168678096,2517338.1168678096,88527747.71086986,1283107.656684693,4020226.743142411,1004396.656684693,3741515.743142411,0.05,-1512941.4601831166,1224177.6262746016
2026-04-11,arx_lag1_7_route,hormuz_tanker_capacity,287665.0,2776508.600259003,-2488843.600259003,2488843.600259003,91016591.31112888,1263567.1400758866,4000686.226533605,975902.1400758866,3713021.226533605,0.05,-1512941.4601831166,1224177.6262746016
2026-04-12,arx_lag1_7_route,hormuz_tanker_capacity,2004.0,2751851.8868627436,-2749847.8868627436,2749847.8868627436,93766439.1979916,1238910.426679627,3976029.513137345,1236906.426679627,3974025.513137345,0.05,-1512941.4601831166,1224177.6262746016
2026-04-13,arx_lag1_7_route,hormuz_tanker_capacity,34634.0,2716223.9281955753,-2681589.9281955753,2681589.9281955753,96448029.1261872,1203282.4680124586,3940401.554470177,1168648.4680124586,3905767.554470177,0.05,-1512941.4601831166,1224177.6262746016
2026-04-14,arx_lag1_7_route,hormuz_tanker_capacity,44920.0,2701703.9689362664,-2656783.9689362664,2656783.9689362664,99104813.09512344,1188762.5087531498,3925881.595210868,1143842.5087531498,3880961.595210868,0.05,-1512941.4601831166,1224177.6262746016
2026-04-15,arx_lag1_7_route,hormuz_tanker_capacity,6839.0,2732640.233796809,-2725801.233796809,2725801.233796809,101830614.32892026,1219698.7736136923,3956817.8600714104,1212859.7736136923,3949978.8600714104,0.05,-1512941.4601831166,1224177.6262746016
2026-04-16,arx_lag1_7_route,hormuz_tanker_capacity,84152.0,2768283.1649078904,-2684131.1649078904,2684131.1649078904,104514745.49382816,1255341.7047247738,3992460.791182492,1171189.7047247738,3908308.791182492,0.05,-1512941.4601831166,1224177.6262746016
2026-04-17,arx_lag1_7_route,hormuz_tanker_capacity,37270.0,2792512.326227096,-2755242.326227096,2755242.326227096,107269987.82005525,1279570.8660439793,4016689.9525016975,1242300.8660439793,3979419.9525016975,0.05,-1512941.4601831166,1224177.6262746016
2026-04-18,arx_lag1_7_route,hormuz_tanker_capacity,874185.0,2788772.726621073,-1914587.7266210732,1914587.7266210732,109184575.54667632,1275831.2664379566,4012950.3528956748,401646.2664379566,3138765.3528956748,0.05,-1512941.4601831166,1224177.6262746016
2026-04-19,arx_lag1_7_route,hormuz_tanker_capacity,9975.0,2730553.4256057465,-2720578.4256057465,2720578.4256057465,111905153.97228208,1217611.9654226298,3954731.051880348,1207636.9654226298,3944756.051880348,0.05,-1512941.4601831166,1224177.6262746016
2026-04-20,arx_lag1_7_route,hormuz_tanker_capacity,43459.0,2695566.4924822375,-2652107.4924822375,2652107.4924822375,114557261.4647643,1182625.032299121,3919744.118756839,1139166.032299121,3876285.118756839,0.05,-1512941.4601831166,1224177.6262746016
2026-04-21,arx_lag1_7_route,hormuz_tanker_capacity,71090.0,2718041.427258888,-2646951.427258888,2646951.427258888,117204212.8920232,1205099.9670757712,3942219.0535334894,1134009.9670757712,3871129.0535334894,0.05,-1512941.4601831166,1224177.6262746016
2026-04-23,arx_lag1_7_route,hormuz_tanker_capacity,0.0,2776987.3846271117,-2776987.3846271117,2776987.3846271117,119981200.27665032,1264045.924443995,4001165.0109017133,1264045.924443995,4001165.0109017133,0.05,-1512941.4601831166,1224177.6262746016
2026-04-24,arx_lag1_7_route,hormuz_tanker_capacity,310377.0,2793127.0033128913,-2482750.0033128913,2482750.0033128913,122463950.2799632,1280185.5431297747,4017304.629587493,969808.5431297747,3706927.629587493,0.05,-1512941.4601831166,1224177.6262746016
2026-04-25,arx_lag1_7_route,hormuz_tanker_capacity,42882.0,2778952.4561203537,-2736070.4561203537,2736070.4561203537,125200020.73608357,1266010.995937237,4003130.082394955,1223128.995937237,3960248.082394955,0.05,-1512941.4601831166,1224177.6262746016
2026-04-27,arx_lag1_7_route,hormuz_tanker_capacity,71366.0,2701823.0087850178,-2630457.0087850178,2630457.0087850178,127830477.74486858,1188881.5486019012,3926000.6350596193,1117515.5486019012,3854634.6350596193,0.05,-1512941.4601831166,1224177.6262746016
2026-04-28,arx_lag1_7_route,hormuz_tanker_capacity,303841.0,2711704.4796405644,-2407863.4796405644,2407863.4796405644,130238341.22450912,1198763.0194574478,3935882.105915166,894922.0194574478,3632041.105915166,0.05,-1512941.4601831166,1224177.6262746016
2026-04-29,arx_lag1_7_route,hormuz_tanker_capacity,11036.0,2726968.6370493346,-2715932.6370493346,2715932.6370493346,132954273.86155848,1214027.176866218,3951146.263323936,1202991.176866218,3940110.263323936,0.05,-1512941.4601831166,1224177.6262746016
2026-04-30,arx_lag1_7_route,hormuz_tanker_capacity,4205.0,2772525.9584295163,-2768320.9584295163,2768320.9584295163,135722594.81998798,1259584.4982463997,3996703.584704118,1255379.4982463997,3992498.584704118,0.05,-1512941.4601831166,1224177.6262746016
2026-05-01,arx_lag1_7_route,hormuz_tanker_capacity,36640.0,2798499.269414042,-2761859.269414042,2761859.269414042,138484454.08940202,1285557.8092309255,4022676.8956886437,1248917.8092309255,3986036.8956886437,0.05,-1512941.4601831166,1224177.6262746016
2026-05-02,arx_lag1_7_route,hormuz_tanker_capacity,45868.0,2782356.034159065,-2736488.034159065,2736488.034159065,141220942.12356108,1269414.5739759486,4006533.660433667,1223546.5739759486,3960665.660433667,0.05,-1512941.4601831166,1224177.6262746016
2026-05-04,arx_lag1_7_route,hormuz_tanker_capacity,0.0,2711599.52429677,-2711599.52429677,2711599.52429677,143932541.64785784,1198658.0641136533,3935777.1505713714,1198658.0641136533,3935777.1505713714,0.05,-1512941.4601831166,1224177.6262746016
2026-05-05,arx_lag1_7_route,hormuz_tanker_capacity,0.0,2704181.4227290857,-2704181.4227290857,2704181.4227290857,146636723.07058692,1191239.962545969,3928359.049003687,1191239.962545969,3928359.049003687,0.05,-1512941.4601831166,1224177.6262746016
2026-05-06,arx_lag1_7_route,hormuz_tanker_capacity,0.0,2734709.855598603,-2734709.855598603,2734709.855598603,149371432.92618552,1221768.3954154863,3958887.4818732045,1221768.3954154863,3958887.4818732045,0.05,-1512941.4601831166,1224177.6262746016
2026-05-07,arx_lag1_7_route,hormuz_tanker_capacity,273027.0,2775013.260251248,-2501986.260251248,2501986.260251248,151873419.18643677,1262071.8000681312,3999190.8865258493,989044.8000681312,3726163.8865258493,0.05,-1512941.4601831166,1224177.6262746016
2026-05-08,arx_lag1_7_route,hormuz_tanker_capacity,0.0,2798464.561592055,-2798464.561592055,2798464.561592055,154671883.7480288,1285523.1014089384,4022642.1878666566,1285523.1014089384,4022642.1878666566,0.05,-1512941.4601831166,1224177.6262746016
2026-05-09,arx_lag1_7_route,hormuz_tanker_capacity,98525.0,2779266.566261424,-2680741.566261424,2680741.566261424,157352625.31429023,1266325.1060783076,4003444.192536026,1167800.1060783076,3904919.192536026,0.05,-1512941.4601831166,1224177.6262746016
2026-05-10,arx_lag1_7_route,hormuz_tanker_capacity,319376.0,2750922.8232180825,-2431546.8232180825,2431546.8232180825,159784172.1375083,1237981.363034966,3975100.449492684,918605.3630349659,3655724.449492684,0.05,-1512941.4601831166,1224177.6262746016
2026-05-11,arx_lag1_7_route,hormuz_tanker_capacity,88456.0,2711013.7781191445,-2622557.7781191445,2622557.7781191445,162406729.91562745,1198072.317936028,3935191.404393746,1109616.317936028,3846735.404393746,0.05,-1512941.4601831166,1224177.6262746016
2026-05-12,arx_lag1_7_route,hormuz_tanker_capacity,82996.0,2707107.4991113297,-2624111.4991113297,2624111.4991113297,165030841.41473877,1194166.038928213,3931285.125385931,1111170.038928213,3848289.125385931,0.05,-1512941.4601831166,1224177.6262746016
2026-05-13,arx_lag1_7_route,hormuz_tanker_capacity,661047.0,2733040.463122482,-2071993.463122482,2071993.463122482,167102834.87786126,1220099.0029393653,3957218.0893970835,559052.0029393653,3296171.0893970835,0.05,-1512941.4601831166,1224177.6262746016
2026-05-14,arx_lag1_7_route,hormuz_tanker_capacity,42976.0,2769359.157168245,-2726383.157168245,2726383.157168245,169829218.0350295,1256417.6969851283,3993536.7834428465,1213441.6969851283,3950560.7834428465,0.05,-1512941.4601831166,1224177.6262746016
2026-05-15,arx_lag1_7_route,hormuz_tanker_capacity,5341.0,2803750.8385999585,-2798409.8385999585,2798409.8385999585,172627627.87362945,1290809.3784168418,4027928.46487456,1285468.3784168418,4022587.46487456,0.05,-1512941.4601831166,1224177.6262746016
2026-05-16,arx_lag1_7_route,hormuz_tanker_capacity,36579.0,2773146.939021321,-2736567.939021321,2736567.939021321,175364195.81265077,1260205.4788382044,3997324.5652959226,1223626.4788382044,3960745.5652959226,0.05,-1512941.4601831166,1224177.6262746016
2026-05-17,arx_lag1_7_route,hormuz_tanker_capacity,0.0,2754038.9838751345,-2754038.9838751345,2754038.9838751345,178118234.7965259,1241097.523692018,3978216.610149736,1241097.523692018,3978216.610149736,0.05,-1512941.4601831166,1224177.6262746016
2026-05-19,arx_lag1_7_route,hormuz_tanker_capacity,574856.0,2706439.2565021906,-2131583.2565021906,2131583.2565021906,180249818.05302808,1193497.796319074,3930616.882776792,618641.796319074,3355760.882776792,0.05,-1512941.4601831166,1224177.6262746016
2026-05-20,arx_lag1_7_route,hormuz_tanker_capacity,290295.0,2746210.382371859,-2455915.382371859,2455915.382371859,182705733.43539995,1233268.9221887426,3970388.0086464607,942973.9221887426,3680093.0086464607,0.05,-1512941.4601831166,1224177.6262746016
2026-05-21,arx_lag1_7_route,hormuz_tanker_capacity,42682.0,2774566.7255104175,-2731884.7255104175,2731884.7255104175,185437618.16091037,1261625.2653273009,3998744.351785019,1218943.2653273009,3956062.351785019,0.05,-1512941.4601831166,1224177.6262746016
2026-05-22,arx_lag1_7_route,hormuz_tanker_capacity,0.0,2795487.825352617,-2795487.825352617,2795487.825352617,188233105.98626295,1282546.3651695005,4019665.4516272186,1282546.3651695005,4019665.4516272186,0.05,-1512941.4601831166,1224177.6262746016
2026-05-23,arx_lag1_7_route,hormuz_tanker_capacity,409069.0,2781272.073330035,-2372203.073330035,2372203.073330035,190605309.05959305,1268330.6131469184,4005449.6996046365,859261.6131469184,3596380.6996046365,0.05,-1512941.4601831166,1224177.6262746016
2026-05-24,arx_lag1_7_route,hormuz_tanker_capacity,6839.0,2749019.8289910965,-2742180.8289910965,2742180.8289910965,193347489.8885841,1236078.3688079799,3973197.455265698,1229239.3688079799,3966358.455265698,0.05,-1512941.4601831166,1224177.6262746016
2026-05-26,arx_lag1_7_route,hormuz_tanker_capacity,0.0,2710667.7583881253,-2710667.7583881253,2710667.7583881253,196058157.64697224,1197726.2982050087,3934845.384662727,1197726.2982050087,3934845.384662727,0.05,-1512941.4601831166,1224177.6262746016
2026-05-27,arx_lag1_7_route,hormuz_tanker_capacity,106096.0,2744992.6335706613,-2638896.6335706613,2638896.6335706613,198697054.2805429,1232051.1733875447,3969170.259845263,1125955.1733875447,3863074.259845263,0.05,-1512941.4601831166,1224177.6262746016
2026-05-28,arx_lag1_7_route,hormuz_tanker_capacity,0.0,2778933.1139925285,-2778933.1139925285,2778933.1139925285,201475987.39453545,1265991.653809412,4003110.74026713,1265991.653809412,4003110.74026713,0.05,-1512941.4601831166,1224177.6262746016
2026-05-30,arx_lag1_7_route,hormuz_tanker_capacity,0.0,2791389.787300581,-2791389.787300581,2791389.787300581,204267377.18183604,1278448.3271174645,4015567.4135751827,1278448.3271174645,4015567.4135751827,0.05,-1512941.4601831166,1224177.6262746016
2026-05-31,arx_lag1_7_route,hormuz_tanker_capacity,594.0,2737185.7538428945,-2736591.7538428945,2736591.7538428945,207003968.93567893,1224244.2936597778,3961363.380117496,1223650.2936597778,3960769.380117496,0.05,-1512941.4601831166,1224177.6262746016
2026-02-28,arx_lag1_7_route,hormuz_tanker_transits,44.0,55.88045488503599,-11.880454885035988,11.880454885035988,11.880454885035988,31.41103480682117,72.5982575816372,-12.58896519317883,28.5982575816372,0.05,-24.469420078214817,16.71780269660122
2026-03-01,arx_lag1_7_route,hormuz_tanker_transits,7.0,59.865685016818794,-52.865685016818794,52.865685016818794,64.74613990185478,35.39626493860398,76.58348771342001,28.396264938603977,69.58348771342001,0.05,-24.469420078214817,16.71780269660122
2026-03-02,arx_lag1_7_route,hormuz_tanker_transits,2.0,58.87238898137861,-56.87238898137861,56.87238898137861,121.61852888323338,34.402968903163796,75.59019167797983,32.402968903163796,73.59019167797983,0.05,-24.469420078214817,16.71780269660122
2026-03-03,arx_lag1_7_route,hormuz_tanker_transits,2.0,57.25673286313878,-55.25673286313878,55.25673286313878,176.87526174637216,32.78731278492396,73.97453555973999,30.787312784923962,71.97453555973999,0.05,-24.469420078214817,16.71780269660122
2026-03-04,arx_lag1_7_route,hormuz_tanker_transits,0.0,57.43208529760403,-57.43208529760403,57.43208529760403,234.3073470439762,32.962665219389216,74.14988799420524,32.962665219389216,74.14988799420524,0.05,-24.469420078214817,16.71780269660122
2026-03-05,arx_lag1_7_route,hormuz_tanker_transits,1.0,56.89850789712765,-55.89850789712765,55.89850789712765,290.20585494110384,32.42908781891283,73.61631059372887,31.429087818912834,72.61631059372887,0.05,-24.469420078214817,16.71780269660122
2026-03-06,arx_lag1_7_route,hormuz_tanker_transits,0.0,56.40353000130831,-56.40353000130831,56.40353000130831,346.60938494241213,31.934109923093494,73.12133269790954,31.934109923093494,73.12133269790954,0.05,-24.469420078214817,16.71780269660122
2026-03-07,arx_lag1_7_route,hormuz_tanker_transits,2.0,56.71627121676531,-54.71627121676531,54.71627121676531,401.3256561591774,32.24685113855049,73.43407391336652,30.24685113855049,71.43407391336652,0.05,-24.469420078214817,16.71780269660122
2026-03-08,arx_lag1_7_route,hormuz_tanker_transits,1.0,57.646455301137266,-56.646455301137266,56.646455301137266,457.9721114603147,33.17703522292245,74.36425799773849,32.17703522292245,73.36425799773849,0.05,-24.469420078214817,16.71780269660122
2026-03-09,arx_lag1_7_route,hormuz_tanker_transits,6.0,57.172978782952825,-51.172978782952825,51.172978782952825,509.1450902432676,32.70355870473801,73.89078147955405,26.703558704738008,67.89078147955405,0.05,-24.469420078214817,16.71780269660122
2026-03-10,arx_lag1_7_route,hormuz_tanker_transits,1.0,56.81181013206605,-55.81181013206605,55.81181013206605,564.9569003753336,32.34239005385123,73.52961282866727,31.342390053851233,72.52961282866727,0.05,-24.469420078214817,16.71780269660122
2026-03-11,arx_lag1_7_route,hormuz_tanker_transits,1.0,57.81667409112079,-56.81667409112079,56.81667409112079,621.7735744664544,33.34725401290597,74.53447678772201,32.34725401290597,73.53447678772201,0.05,-24.469420078214817,16.71780269660122
2026-03-12,arx_lag1_7_route,hormuz_tanker_transits,3.0,57.890433686786345,-54.890433686786345,54.890433686786345,676.6640081532407,33.42101360857153,74.60823638338756,30.421013608571528,71.60823638338756,0.05,-24.469420078214817,16.71780269660122
2026-03-13,arx_lag1_7_route,hormuz_tanker_transits,3.0,57.522915021186535,-54.522915021186535,54.522915021186535,731.1869231744273,33.05349494297172,74.24071771778776,30.053494942971717,71.24071771778776,0.05,-24.469420078214817,16.71780269660122
2026-03-14,arx_lag1_7_route,hormuz_tanker_transits,1.0,57.28606858082345,-56.28606858082345,56.28606858082345,787.4729917552507,32.816648502608636,74.00387127742468,31.816648502608636,73.00387127742468,0.05,-24.469420078214817,16.71780269660122
2026-03-15,arx_lag1_7_route,hormuz_tanker_transits,5.0,57.05225128811577,-52.05225128811577,52.05225128811577,839.5252430433666,32.58283120990095,73.77005398471698,27.582831209900952,68.77005398471698,0.05,-24.469420078214817,16.71780269660122
2026-03-16,arx_lag1_7_route,hormuz_tanker_transits,0.0,56.701346754013834,-56.701346754013834,56.701346754013834,896.2265897973804,32.231926675799016,73.41914945061505,32.231926675799016,73.41914945061505,0.05,-24.469420078214817,16.71780269660122
2026-03-17,arx_lag1_7_route,hormuz_tanker_transits,1.0,57.70539041516866,-56.70539041516866,56.70539041516866,952.931980212549,33.23597033695384,74.42319311176988,32.23597033695384,73.42319311176988,0.05,-24.469420078214817,16.71780269660122
2026-03-18,arx_lag1_7_route,hormuz_tanker_transits,0.0,57.54366122217611,-57.54366122217611,57.54366122217611,1010.475641434725,33.074241143961295,74.26146391877734,33.074241143961295,74.26146391877734,0.05,-24.469420078214817,16.71780269660122
2026-03-19,arx_lag1_7_route,hormuz_tanker_transits,1.0,58.12429095347108,-57.12429095347108,57.12429095347108,1067.599932388196,33.654870875256265,74.8420936500723,32.654870875256265,73.8420936500723,0.05,-24.469420078214817,16.71780269660122
2026-03-20,arx_lag1_7_route,hormuz_tanker_transits,3.0,57.89122891188517,-54.89122891188517,54.89122891188517,1122.491161300081,33.421808833670354,74.60903160848639,30.421808833670354,71.60903160848639,0.05,-24.469420078214817,16.71780269660122
2026-03-21,arx_lag1_7_route,hormuz_tanker_transits,0.0,57.482571302149566,-57.482571302149566,57.482571302149566,1179.973732602231,33.01315122393475,74.20037399875079,33.01315122393475,74.20037399875079,0.05,-24.469420078214817,16.71780269660122
2026-03-22,arx_lag1_7_route,hormuz_tanker_transits,0.0,57.20773630248465,-57.20773630248465,57.20773630248465,1237.1814689047155,32.73831622426983,73.92553899908586,32.73831622426983,73.92553899908586,0.05,-24.469420078214817,16.71780269660122
2026-03-23,arx_lag1_7_route,hormuz_tanker_transits,2.0,56.79478115411669,-54.79478115411669,54.79478115411669,1291.9762500588322,32.325361075901874,73.5125838507179,30.325361075901874,71.5125838507179,0.05,-24.469420078214817,16.71780269660122
2026-03-24,arx_lag1_7_route,hormuz_tanker_transits,1.0,57.02300434523916,-56.02300434523916,56.02300434523916,1347.9992544040713,32.55358426702434,73.74080704184038,31.55358426702434,72.74080704184038,0.05,-24.469420078214817,16.71780269660122
2026-03-25,arx_lag1_7_route,hormuz_tanker_transits,1.0,57.28164100177299,-56.28164100177299,56.28164100177299,1404.2808954058444,32.81222092355817,73.99944369837421,31.812220923558172,72.99944369837421,0.05,-24.469420078214817,16.71780269660122
2026-03-26,arx_lag1_7_route,hormuz_tanker_transits,0.0,57.9848313361552,-57.9848313361552,57.9848313361552,1462.2657267419995,33.515411257940386,74.70263403275642,33.515411257940386,74.70263403275642,0.05,-24.469420078214817,16.71780269660122
2026-03-27,arx_lag1_7_route,hormuz_tanker_transits,0.0,57.83185454226802,-57.83185454226802,57.83185454226802,1520.0975812842676,33.3624344640532,74.54965723886923,33.3624344640532,74.54965723886923,0.05,-24.469420078214817,16.71780269660122
2026-03-28,arx_lag1_7_route,hormuz_tanker_transits,0.0,57.01972985814326,-57.01972985814326,57.01972985814326,1577.117311142411,32.55030977992844,73.73753255474448,32.55030977992844,73.73753255474448,0.05,-24.469420078214817,16.71780269660122
2026-03-29,arx_lag1_7_route,hormuz_tanker_transits,2.0,56.99584176628665,-54.99584176628665,54.99584176628665,1632.1131529086977,32.526421688071835,73.71364446288787,30.526421688071835,71.71364446288787,0.05,-24.469420078214817,16.71780269660122
2026-03-30,arx_lag1_7_route,hormuz_tanker_transits,12.0,57.58906366390858,-45.58906366390858,45.58906366390858,1677.7022165726062,33.119643585693765,74.3068663605098,21.119643585693765,62.3068663605098,0.05,-24.469420078214817,16.71780269660122
2026-03-31,arx_lag1_7_route,hormuz_tanker_transits,2.0,57.784775901549565,-55.784775901549565,55.784775901549565,1733.4869924741558,33.31535582333475,74.50257859815079,31.315355823334748,72.50257859815079,0.05,-24.469420078214817,16.71780269660122
2026-04-01,arx_lag1_7_route,hormuz_tanker_transits,0.0,58.17845873769137,-58.17845873769137,58.17845873769137,1791.6654512118473,33.709038659476555,74.8962614342926,33.709038659476555,74.8962614342926,0.05,-24.469420078214817,16.71780269660122
2026-04-02,arx_lag1_7_route,hormuz_tanker_transits,2.0,58.47390422246573,-56.47390422246573,56.47390422246573,1848.139355434313,34.00448414425091,75.19170691906695,32.00448414425091,73.19170691906695,0.05,-24.469420078214817,16.71780269660122
2026-04-03,arx_lag1_7_route,hormuz_tanker_transits,4.0,58.79286038518342,-54.79286038518342,54.79286038518342,1902.9322158194964,34.3234403069686,75.51066308178463,30.3234403069686,71.51066308178463,0.05,-24.469420078214817,16.71780269660122
2026-04-04,arx_lag1_7_route,hormuz_tanker_transits,2.0,57.58367352123712,-55.58367352123712,55.58367352123712,1958.5158893407336,33.1142534430223,74.30147621783834,31.1142534430223,72.30147621783834,0.05,-24.469420078214817,16.71780269660122
2026-04-05,arx_lag1_7_route,hormuz_tanker_transits,7.0,57.40392036502972,-50.40392036502972,50.40392036502972,2008.919809705763,32.9345002868149,74.12172306163095,25.934500286814902,67.12172306163095,0.05,-24.469420078214817,16.71780269660122
2026-04-06,arx_lag1_7_route,hormuz_tanker_transits,1.0,57.45181993606646,-56.45181993606646,56.45181993606646,2065.3716296418297,32.98239985785164,74.16962263266768,31.98239985785164,73.16962263266768,0.05,-24.469420078214817,16.71780269660122
2026-04-07,arx_lag1_7_route,hormuz_tanker_transits,3.0,57.059236045384395,-54.059236045384395,54.059236045384395,2119.430865687214,32.58981596716958,73.77703874198562,29.589815967169578,70.77703874198562,0.05,-24.469420078214817,16.71780269660122
2026-04-08,arx_lag1_7_route,hormuz_tanker_transits,0.0,57.50501324841296,-57.50501324841296,57.50501324841296,2176.935878935627,33.03559317019814,74.22281594501418,33.03559317019814,74.22281594501418,0.05,-24.469420078214817,16.71780269660122
2026-04-09,arx_lag1_7_route,hormuz_tanker_transits,4.0,58.56240051649666,-54.56240051649666,54.56240051649666,2231.498279452124,34.09298043828184,75.28020321309788,30.09298043828184,71.28020321309788,0.05,-24.469420078214817,16.71780269660122
2026-04-10,arx_lag1_7_route,hormuz_tanker_transits,1.0,59.03445421093126,-58.03445421093126,58.03445421093126,2289.5327336630553,34.56503413271644,75.75225690753248,33.56503413271644,74.75225690753248,0.05,-24.469420078214817,16.71780269660122
2026-04-11,arx_lag1_7_route,hormuz_tanker_transits,5.0,58.10287116651922,-53.10287116651922,53.10287116651922,2342.6356048295747,33.633451088304405,74.82067386312045,28.633451088304405,69.82067386312045,0.05,-24.469420078214817,16.71780269660122
2026-04-12,arx_lag1_7_route,hormuz_tanker_transits,3.0,57.597644869738005,-54.597644869738005,54.597644869738005,2397.2332496993126,33.12822479152319,74.31544756633923,30.128224791523188,71.31544756633923,0.05,-24.469420078214817,16.71780269660122
2026-04-13,arx_lag1_7_route,hormuz_tanker_transits,4.0,57.77994056872108,-53.77994056872108,53.77994056872108,2451.0131902680337,33.31052049050626,74.4977432653223,29.310520490506264,70.4977432653223,0.05,-24.469420078214817,16.71780269660122
2026-04-14,arx_lag1_7_route,hormuz_tanker_transits,3.0,57.18631816081771,-54.18631816081771,54.18631816081771,2505.1995084288515,32.716898082602896,73.90412085741893,29.716898082602896,70.90412085741893,0.05,-24.469420078214817,16.71780269660122
2026-04-15,arx_lag1_7_route,hormuz_tanker_transits,4.0,58.00260226814156,-54.00260226814156,54.00260226814156,2559.202110696993,33.53318218992674,74.72040496474278,29.53318218992674,70.72040496474278,0.05,-24.469420078214817,16.71780269660122
2026-04-16,arx_lag1_7_route,hormuz_tanker_transits,3.0,58.13948661036994,-55.13948661036994,55.13948661036994,2614.341597307363,33.670066532155126,74.85728930697115,30.670066532155126,71.85728930697115,0.05,-24.469420078214817,16.71780269660122
2026-04-17,arx_lag1_7_route,hormuz_tanker_transits,4.0,58.98737821109343,-54.98737821109343,54.98737821109343,2669.3289755184564,34.51795813287861,75.70518090769465,30.51795813287861,71.70518090769465,0.05,-24.469420078214817,16.71780269660122
2026-04-18,arx_lag1_7_route,hormuz_tanker_transits,16.0,58.73180669563696,-42.73180669563696,42.73180669563696,2712.0607822140933,34.262386617422145,75.44960939223819,18.262386617422145,59.44960939223819,0.05,-24.469420078214817,16.71780269660122
2026-04-19,arx_lag1_7_route,hormuz_tanker_transits,2.0,57.871171786843256,-55.871171786843256,55.871171786843256,2767.9319540009365,33.40175170862844,74.58897448344447,31.40175170862844,72.58897448344447,0.05,-24.469420078214817,16.71780269660122
2026-04-20,arx_lag1_7_route,hormuz_tanker_transits,4.0,57.39851887436037,-53.39851887436037,53.39851887436037,2821.330472875297,32.92909879614555,74.11632157096159,28.929098796145553,70.11632157096159,0.05,-24.469420078214817,16.71780269660122
2026-04-21,arx_lag1_7_route,hormuz_tanker_transits,1.0,57.56489013671049,-56.56489013671049,56.56489013671049,2877.8953630120072,33.09547005849567,74.2826928333117,32.09547005849567,73.2826928333117,0.05,-24.469420078214817,16.71780269660122
2026-04-22,arx_lag1_7_route,hormuz_tanker_transits,2.0,58.00292914333666,-56.00292914333666,56.00292914333666,2933.898292155344,33.53350906512184,74.72073183993788,31.53350906512184,72.72073183993788,0.05,-24.469420078214817,16.71780269660122
2026-04-23,arx_lag1_7_route,hormuz_tanker_transits,0.0,58.16133465357535,-58.16133465357535,58.16133465357535,2992.0596268089193,33.691914575360535,74.87913735017656,33.691914575360535,74.87913735017656,0.05,-24.469420078214817,16.71780269660122
2026-04-24,arx_lag1_7_route,hormuz_tanker_transits,2.0,58.52836773341111,-56.52836773341111,56.52836773341111,3048.5879945423303,34.05894765519629,75.24617043001233,32.05894765519629,73.24617043001233,0.05,-24.469420078214817,16.71780269660122
2026-04-25,arx_lag1_7_route,hormuz_tanker_transits,1.0,58.28775926664906,-57.28775926664906,57.28775926664906,3105.8757538089794,33.818339188434244,75.00556196325027,32.818339188434244,74.00556196325027,0.05,-24.469420078214817,16.71780269660122
2026-04-26,arx_lag1_7_route,hormuz_tanker_transits,1.0,57.27392846135246,-56.27392846135246,56.27392846135246,3162.149682270332,32.804508383137645,73.99173115795368,31.804508383137645,72.99173115795368,0.05,-24.469420078214817,16.71780269660122
2026-04-27,arx_lag1_7_route,hormuz_tanker_transits,1.0,56.80542807121027,-55.80542807121027,55.80542807121027,3217.9551103415424,32.336007992995455,73.5232307678115,31.336007992995455,72.5232307678115,0.05,-24.469420078214817,16.71780269660122
2026-04-28,arx_lag1_7_route,hormuz_tanker_transits,3.0,57.103659458762344,-54.103659458762344,54.103659458762344,3272.0587698003046,32.63423938054753,73.82146215536356,29.634239380547527,70.82146215536356,0.05,-24.469420078214817,16.71780269660122
2026-04-29,arx_lag1_7_route,hormuz_tanker_transits,3.0,57.79599218207624,-54.79599218207624,54.79599218207624,3326.8547619823808,33.32657210386142,74.51379487867746,30.326572103861423,71.51379487867746,0.05,-24.469420078214817,16.71780269660122
2026-04-30,arx_lag1_7_route,hormuz_tanker_transits,3.0,58.0509706926516,-55.0509706926516,55.0509706926516,3381.905732675032,33.581550614436786,74.76877338925283,30.581550614436786,71.76877338925283,0.05,-24.469420078214817,16.71780269660122
2026-05-01,arx_lag1_7_route,hormuz_tanker_transits,2.0,58.22130042216391,-56.22130042216391,56.22130042216391,3438.127033097196,33.75188034394909,74.93910311876513,31.75188034394909,72.93910311876513,0.05,-24.469420078214817,16.71780269660122
2026-05-02,arx_lag1_7_route,hormuz_tanker_transits,2.0,57.931353732831674,-55.931353732831674,55.931353732831674,3494.058386830028,33.46193365461686,74.64915642943289,31.461933654616857,72.64915642943289,0.05,-24.469420078214817,16.71780269660122
2026-05-03,arx_lag1_7_route,hormuz_tanker_transits,1.0,57.38525527302066,-56.38525527302066,56.38525527302066,3550.443642103048,32.915835194805844,74.10305796962189,31.915835194805844,73.10305796962189,0.05,-24.469420078214817,16.71780269660122
2026-05-04,arx_lag1_7_route,hormuz_tanker_transits,0.0,57.73289489847366,-57.73289489847366,57.73289489847366,3608.176537001522,33.26347482025884,74.45069759507487,33.26347482025884,74.45069759507487,0.05,-24.469420078214817,16.71780269660122
2026-05-05,arx_lag1_7_route,hormuz_tanker_transits,0.0,57.60678989836314,-57.60678989836314,57.60678989836314,3665.783326899885,33.13736982014832,74.32459259496436,33.13736982014832,74.32459259496436,0.05,-24.469420078214817,16.71780269660122
2026-05-06,arx_lag1_7_route,hormuz_tanker_transits,0.0,57.82959705660384,-57.82959705660384,57.82959705660384,3723.612923956489,33.36017697838902,74.54739975320506,33.36017697838902,74.54739975320506,0.05,-24.469420078214817,16.71780269660122
2026-05-07,arx_lag1_7_route,hormuz_tanker_transits,1.0,58.56507418783536,-57.56507418783536,57.56507418783536,3781.177998144324,34.09565410962054,75.28287688443658,33.09565410962054,74.28287688443658,0.05,-24.469420078214817,16.71780269660122
2026-05-08,arx_lag1_7_route,hormuz_tanker_transits,0.0,58.66515598278112,-58.66515598278112,58.66515598278112,3839.843154127105,34.195735904566305,75.38295867938234,34.195735904566305,75.38295867938234,0.05,-24.469420078214817,16.71780269660122
2026-05-09,arx_lag1_7_route,hormuz_tanker_transits,1.0,57.590727821856085,-56.590727821856085,56.590727821856085,3896.4338819489617,33.12130774364127,74.3085305184573,32.12130774364127,73.3085305184573,0.05,-24.469420078214817,16.71780269660122
2026-05-10,arx_lag1_7_route,hormuz_tanker_transits,2.0,57.22636680707712,-55.22636680707712,55.22636680707712,3951.6602487560385,32.7569467288623,73.94416950367834,30.756946728862303,71.94416950367834,0.05,-24.469420078214817,16.71780269660122
2026-05-11,arx_lag1_7_route,hormuz_tanker_transits,3.0,56.8944398519649,-53.8944398519649,53.8944398519649,4005.5546886080033,32.42501977375008,73.61224254856612,29.42501977375008,70.61224254856612,0.05,-24.469420078214817,16.71780269660122
2026-05-12,arx_lag1_7_route,hormuz_tanker_transits,3.0,57.51227518285001,-54.51227518285001,54.51227518285001,4060.066963790853,33.042855104635194,74.23007787945123,30.042855104635194,71.23007787945123,0.05,-24.469420078214817,16.71780269660122
2026-05-13,arx_lag1_7_route,hormuz_tanker_transits,4.0,57.94843748411983,-53.94843748411983,53.94843748411983,4114.015401274973,33.47901740590501,74.66624018072105,29.47901740590501,70.66624018072105,0.05,-24.469420078214817,16.71780269660122
2026-05-14,arx_lag1_7_route,hormuz_tanker_transits,4.0,57.998335716212594,-53.998335716212594,53.998335716212594,4168.013736991185,33.52891563799778,74.71613841281382,29.528915637997777,70.71613841281382,0.05,-24.469420078214817,16.71780269660122
2026-05-15,arx_lag1_7_route,hormuz_tanker_transits,2.0,58.40426925691844,-56.40426925691844,56.40426925691844,4224.418006248104,33.93484917870362,75.12207195351965,31.934849178703622,73.12207195351965,0.05,-24.469420078214817,16.71780269660122
2026-05-16,arx_lag1_7_route,hormuz_tanker_transits,2.0,58.505379771861925,-56.505379771861925,56.505379771861925,4280.923386019966,34.03595969364711,75.22318246846314,32.03595969364711,73.22318246846314,0.05,-24.469420078214817,16.71780269660122
2026-05-17,arx_lag1_7_route,hormuz_tanker_transits,0.0,57.22382768581659,-57.22382768581659,57.22382768581659,4338.147213705783,32.75440760760177,73.9416303824178,32.75440760760177,73.9416303824178,0.05,-24.469420078214817,16.71780269660122
2026-05-18,arx_lag1_7_route,hormuz_tanker_transits,1.0,56.585704632196695,-55.585704632196695,55.585704632196695,4393.73291833798,32.11628455398188,73.3035073287979,31.116284553981878,72.3035073287979,0.05,-24.469420078214817,16.71780269660122
2026-05-19,arx_lag1_7_route,hormuz_tanker_transits,4.0,56.84564971127604,-52.84564971127604,52.84564971127604,4446.578568049255,32.37622963306122,73.56345240787726,28.37622963306122,69.56345240787726,0.05,-24.469420078214817,16.71780269660122
2026-05-20,arx_lag1_7_route,hormuz_tanker_transits,4.0,58.50156741385976,-54.50156741385976,54.50156741385976,4501.080135463115,34.03214733564494,75.21937011046097,30.032147335644943,71.21937011046097,0.05,-24.469420078214817,16.71780269660122
2026-05-21,arx_lag1_7_route,hormuz_tanker_transits,2.0,58.5516275877669,-56.5516275877669,56.5516275877669,4557.631763050882,34.082207509552084,75.26943028436813,32.082207509552084,73.26943028436813,0.05,-24.469420078214817,16.71780269660122
2026-05-22,arx_lag1_7_route,hormuz_tanker_transits,0.0,58.18208097171343,-58.18208097171343,58.18208097171343,4615.813844022596,33.712660893498615,74.89988366831466,33.712660893498615,74.89988366831466,0.05,-24.469420078214817,16.71780269660122
2026-05-23,arx_lag1_7_route,hormuz_tanker_transits,4.0,57.85694997179157,-53.85694997179157,53.85694997179157,4669.670793994387,33.387529893576755,74.57475266839279,29.387529893576755,70.57475266839279,0.05,-24.469420078214817,16.71780269660122
2026-05-24,arx_lag1_7_route,hormuz_tanker_transits,2.0,57.18910468881336,-55.18910468881336,55.18910468881336,4724.8598986832,32.71968461059854,73.90690738541457,30.71968461059854,71.90690738541457,0.05,-24.469420078214817,16.71780269660122
2026-05-25,arx_lag1_7_route,hormuz_tanker_transits,2.0,56.39008174073417,-54.39008174073417,54.39008174073417,4779.249980423934,31.92066166251935,73.10788443733539,29.92066166251935,71.10788443733539,0.05,-24.469420078214817,16.71780269660122
2026-05-26,arx_lag1_7_route,hormuz_tanker_transits,0.0,56.81441891880023,-56.81441891880023,56.81441891880023,4836.064399342735,32.34499884058541,73.53222161540145,32.34499884058541,73.53222161540145,0.05,-24.469420078214817,16.71780269660122
2026-05-27,arx_lag1_7_route,hormuz_tanker_transits,2.0,57.74958429579965,-55.74958429579965,55.74958429579965,4891.813983638534,33.28016421758483,74.46738699240086,31.280164217584833,72.46738699240086,0.05,-24.469420078214817,16.71780269660122
2026-05-28,arx_lag1_7_route,hormuz_tanker_transits,0.0,57.8264906422409,-57.8264906422409,57.8264906422409,4949.640474280775,33.35707056402608,74.54429333884212,33.35707056402608,74.54429333884212,0.05,-24.469420078214817,16.71780269660122
2026-05-29,arx_lag1_7_route,hormuz_tanker_transits,1.0,58.59382821031764,-57.59382821031764,57.59382821031764,5007.234302491093,34.12440813210282,75.31163090691885,33.12440813210282,74.31163090691885,0.05,-24.469420078214817,16.71780269660122
2026-05-30,arx_lag1_7_route,hormuz_tanker_transits,0.0,58.19379020947962,-58.19379020947962,58.19379020947962,5065.428092700573,33.724370131264806,74.91159290608084,33.724370131264806,74.91159290608084,0.05,-24.469420078214817,16.71780269660122
2026-05-31,arx_lag1_7_route,hormuz_tanker_transits,2.0,56.973222409679686,-54.973222409679686,54.973222409679686,5120.401315110253,32.50380233146487,73.6910251062809,30.50380233146487,71.6910251062809,0.05,-24.469420078214817,16.71780269660122
2026-06-01,arx_lag1_7_route,hormuz_tanker_transits,1.0,56.95127669815974,-55.95127669815974,55.95127669815974,5176.352591808412,32.48185661994492,73.66907939476096,31.48185661994492,72.66907939476096,0.05,-24.469420078214817,16.71780269660122
2026-02-28,arx_lag1_7_route_energy,hormuz_tanker_capacity,2996963.0,2604062.328817042,392900.67118295794,-392900.67118295794,-392900.67118295794,1197362.2750705369,3965598.792091164,-1799600.7249294631,968635.7920911638,0.05,-1406700.0537465052,1361536.463274122
2026-03-01,arx_lag1_7_route_energy,hormuz_tanker_capacity,207948.0,2673875.0909613064,-2465927.0909613064,2465927.0909613064,2073026.4197783484,1267175.0372148012,4035411.5542354286,1059227.0372148012,3827463.5542354286,0.05,-1406700.0537465052,1361536.463274122
2026-03-03,arx_lag1_7_route_energy,hormuz_tanker_capacity,6701.0,2659902.441308461,-2653201.441308461,2653201.441308461,4726227.86108681,1253202.387561956,4021438.9045825833,1246501.387561956,4014737.9045825833,0.05,-1406700.0537465052,1361536.463274122
2026-03-04,arx_lag1_7_route_energy,hormuz_tanker_capacity,0.0,2881490.3114976007,-2881490.3114976007,2881490.3114976007,7607718.172584411,1474790.2577510956,4243026.774771723,1474790.2577510956,4243026.774771723,0.05,-1406700.0537465052,1361536.463274122
2026-03-06,arx_lag1_7_route_energy,hormuz_tanker_capacity,0.0,2991912.5468055056,-2991912.5468055056,2991912.5468055056,10599630.719389915,1585212.4930590005,4353449.010079628,1585212.4930590005,4353449.010079628,0.05,-1406700.0537465052,1361536.463274122
2026-03-09,arx_lag1_7_route_energy,hormuz_tanker_capacity,154941.0,2849129.117462641,-2694188.117462641,2694188.117462641,13293818.836852556,1442429.063716136,4210665.580736763,1287488.063716136,4055724.580736763,0.05,-1406700.0537465052,1361536.463274122
2026-03-10,arx_lag1_7_route_energy,hormuz_tanker_capacity,42122.0,2799618.6688621105,-2757496.6688621105,2757496.6688621105,16051315.505714666,1392918.6151156053,4161155.132136232,1350796.6151156053,4119033.132136232,0.05,-1406700.0537465052,1361536.463274122
2026-03-11,arx_lag1_7_route_energy,hormuz_tanker_capacity,51338.0,2844839.517285995,-2793501.517285995,2793501.517285995,18844817.02300066,1438139.46353949,4206375.980560117,1386801.46353949,4155037.9805601174,0.05,-1406700.0537465052,1361536.463274122
2026-03-12,arx_lag1_7_route_energy,hormuz_tanker_capacity,5366.0,3015985.310415736,-3010619.310415736,3010619.310415736,21855436.3334164,1609285.2566692308,4377521.773689858,1603919.2566692308,4372155.773689858,0.05,-1406700.0537465052,1361536.463274122
2026-03-13,arx_lag1_7_route_energy,hormuz_tanker_capacity,23880.0,3062650.189567707,-3038770.189567707,3038770.189567707,24894206.522984102,1655950.1358212018,4424186.652841829,1632070.1358212018,4400306.652841829,0.05,-1406700.0537465052,1361536.463274122
2026-03-15,arx_lag1_7_route_energy,hormuz_tanker_capacity,348432.0,3005960.9645470255,-2657528.9645470255,2657528.9645470255,27551735.487531133,1599260.9108005203,4367497.427821147,1250828.9108005203,4019065.4278211473,0.05,-1406700.0537465052,1361536.463274122
2026-03-16,arx_lag1_7_route_energy,hormuz_tanker_capacity,0.0,2949016.282886705,-2949016.282886705,2949016.282886705,30500751.77041784,1542316.2291401997,4310552.746160827,1542316.2291401997,4310552.746160827,0.05,-1406700.0537465052,1361536.463274122
2026-03-17,arx_lag1_7_route_energy,hormuz_tanker_capacity,47804.0,3013197.1717236466,-2965393.1717236466,2965393.1717236466,33466144.942141484,1606497.1179771414,4374733.634997768,1558693.1179771414,4326929.634997768,0.05,-1406700.0537465052,1361536.463274122
2026-03-18,arx_lag1_7_route_energy,hormuz_tanker_capacity,0.0,3172747.4847786203,-3172747.4847786203,3172747.4847786203,36638892.4269201,1766047.4310321151,4534283.9480527425,1766047.4310321151,4534283.9480527425,0.05,-1406700.0537465052,1361536.463274122
2026-03-19,arx_lag1_7_route_energy,hormuz_tanker_capacity,34576.0,3131162.2926174495,-3096586.2926174495,3096586.2926174495,39735478.71953755,1724462.2388709444,4492698.755891572,1689886.2388709444,4458122.755891572,0.05,-1406700.0537465052,1361536.463274122
2026-03-20,arx_lag1_7_route_energy,hormuz_tanker_capacity,118692.0,3248714.3736440395,-3130022.3736440395,3130022.3736440395,42865501.09318159,1842014.3198975343,4610250.836918161,1723322.3198975343,4491558.836918161,0.05,-1406700.0537465052,1361536.463274122
2026-03-21,arx_lag1_7_route_energy,hormuz_tanker_capacity,0.0,3229835.459817471,-3229835.459817471,3229835.459817471,46095336.55299906,1823135.4060709658,4591371.923091593,1823135.4060709658,4591371.923091593,0.05,-1406700.0537465052,1361536.463274122
2026-03-22,arx_lag1_7_route_energy,hormuz_tanker_capacity,0.0,3192820.2816626583,-3192820.2816626583,3192820.2816626583,49288156.834661715,1786120.2279161531,4554356.74493678,1786120.2279161531,4554356.74493678,0.05,-1406700.0537465052,1361536.463274122
2026-03-23,arx_lag1_7_route_energy,hormuz_tanker_capacity,53593.0,2982517.144913163,-2928924.144913163,2928924.144913163,52217080.979574874,1575817.0911666579,4344053.608187285,1522224.0911666579,4290460.608187285,0.05,-1406700.0537465052,1361536.463274122
2026-03-26,arx_lag1_7_route_energy,hormuz_tanker_capacity,0.0,3178183.9286743915,-3178183.9286743915,3178183.9286743915,55395264.90824927,1771483.8749278863,4539720.391948514,1771483.8749278863,4539720.391948514,0.05,-1406700.0537465052,1361536.463274122
2026-03-27,arx_lag1_7_route_energy,hormuz_tanker_capacity,0.0,3301333.6846876703,-3301333.6846876703,3301333.6846876703,58696598.59293693,1894633.6309411651,4662870.147961793,1894633.6309411651,4662870.147961793,0.05,-1406700.0537465052,1361536.463274122
2026-03-28,arx_lag1_7_route_energy,hormuz_tanker_capacity,0.0,3290591.870173671,-3290591.870173671,3290591.870173671,61987190.4631106,1883891.8164271656,4652128.333447793,1883891.8164271656,4652128.333447793,0.05,-1406700.0537465052,1361536.463274122
2026-03-29,arx_lag1_7_route_energy,hormuz_tanker_capacity,5464.0,3242448.25706963,-3236984.25706963,3236984.25706963,65224174.72018024,1835748.203323125,4603984.720343752,1830284.203323125,4598520.720343752,0.05,-1406700.0537465052,1361536.463274122
2026-03-30,arx_lag1_7_route_energy,hormuz_tanker_capacity,115147.0,3194978.681141092,-3079831.681141092,3079831.681141092,68304006.40132132,1788278.6273945868,4556515.144415214,1673131.6273945868,4441368.144415214,0.05,-1406700.0537465052,1361536.463274122
2026-03-31,arx_lag1_7_route_energy,hormuz_tanker_capacity,70842.0,3251714.3071507844,-3180872.3071507844,3180872.3071507844,71484878.7084721,1845014.2534042792,4613250.770424906,1774172.2534042792,4542408.770424906,0.05,-1406700.0537465052,1361536.463274122
2026-04-01,arx_lag1_7_route_energy,hormuz_tanker_capacity,0.0,3201946.1297167223,-3201946.1297167223,3201946.1297167223,74686824.83818883,1795246.0759702171,4563482.5929908445,1795246.0759702171,4563482.5929908445,0.05,-1406700.0537465052,1361536.463274122
2026-04-03,arx_lag1_7_route_energy,hormuz_tanker_capacity,97195.0,3367377.722416033,-3270182.722416033,3270182.722416033,77957007.56060486,1960677.6686695279,4728914.185690155,1863482.6686695279,4631719.185690155,0.05,-1406700.0537465052,1361536.463274122
2026-04-04,arx_lag1_7_route_energy,hormuz_tanker_capacity,38238.0,3363967.1582996,-3325729.1582996,3325729.1582996,81282736.71890445,1957267.1045530946,4725503.621573722,1919029.1045530946,4687265.621573722,0.05,-1406700.0537465052,1361536.463274122
2026-04-05,arx_lag1_7_route_energy,hormuz_tanker_capacity,266704.0,3318306.860086025,-3051602.860086025,3051602.860086025,84334339.57899047,1911606.80633952,4679843.323360147,1644902.80633952,4413139.323360147,0.05,-1406700.0537465052,1361536.463274122
2026-04-06,arx_lag1_7_route_energy,hormuz_tanker_capacity,3964.0,3277349.609045107,-3273385.609045107,3273385.609045107,87607725.18803558,1870649.5552986017,4638886.072319229,1866685.5552986017,4634922.072319229,0.05,-1406700.0537465052,1361536.463274122
2026-04-07,arx_lag1_7_route_energy,hormuz_tanker_capacity,118890.0,3420410.8849416156,-3301520.8849416156,3301520.8849416156,90909246.0729772,2013710.8311951105,4781947.348215737,1894820.8311951105,4663057.348215737,0.05,-1406700.0537465052,1361536.463274122
2026-04-08,arx_lag1_7_route_energy,hormuz_tanker_capacity,0.0,3251537.3475432578,-3251537.3475432578,3251537.3475432578,94160783.42052044,1844837.2937967526,4613073.8108173795,1844837.2937967526,4613073.8108173795,0.05,-1406700.0537465052,1361536.463274122
2026-04-09,arx_lag1_7_route_energy,hormuz_tanker_capacity,22735.0,3255018.6125512295,-3232283.6125512295,3232283.6125512295,97393067.03307168,1848318.5588047244,4616555.075825351,1825583.5588047244,4593820.075825351,0.05,-1406700.0537465052,1361536.463274122
2026-04-10,arx_lag1_7_route_energy,hormuz_tanker_capacity,278711.0,3276054.8301282106,-2997343.8301282106,2997343.8301282106,100390410.86319987,1869354.7763817054,4637591.293402333,1590643.7763817054,4358880.293402333,0.05,-1406700.0537465052,1361536.463274122
2026-04-11,arx_lag1_7_route_energy,hormuz_tanker_capacity,287665.0,3268625.019757983,-2980960.019757983,2980960.019757983,103371370.88295788,1861924.9660114776,4630161.483032105,1574259.9660114776,4342496.483032105,0.05,-1406700.0537465052,1361536.463274122
2026-04-12,arx_lag1_7_route_energy,hormuz_tanker_capacity,2004.0,3230716.6011409457,-3228712.6011409457,3228712.6011409457,106600083.48409882,1824016.5473944405,4592253.064415067,1822012.5473944405,4590249.064415067,0.05,-1406700.0537465052,1361536.463274122
2026-04-13,arx_lag1_7_route_energy,hormuz_tanker_capacity,34634.0,3237527.63204679,-3202893.63204679,3202893.63204679,109802977.1161456,1830827.5783002847,4599064.095320912,1796193.5783002847,4564430.095320912,0.05,-1406700.0537465052,1361536.463274122
2026-04-14,arx_lag1_7_route_energy,hormuz_tanker_capacity,44920.0,3201060.0482634823,-3156140.0482634823,3156140.0482634823,112959117.16440909,1794359.994516977,4562596.511537604,1749439.994516977,4517676.511537604,0.05,-1406700.0537465052,1361536.463274122
2026-04-15,arx_lag1_7_route_energy,hormuz_tanker_capacity,6839.0,3162174.929558351,-3155335.929558351,3155335.929558351,116114453.09396744,1755474.875811846,4523711.392832473,1748635.875811846,4516872.392832473,0.05,-1406700.0537465052,1361536.463274122
2026-04-16,arx_lag1_7_route_energy,hormuz_tanker_capacity,84152.0,3228331.424430418,-3144179.424430418,3144179.424430418,119258632.51839784,1821631.3706839127,4589867.88770454,1737479.3706839127,4505715.88770454,0.05,-1406700.0537465052,1361536.463274122
2026-04-17,arx_lag1_7_route_energy,hormuz_tanker_capacity,37270.0,3022153.956723707,-2984883.956723707,2984883.956723707,122243516.47512156,1615453.9029772016,4383690.419997829,1578183.9029772016,4346420.419997829,0.05,-1406700.0537465052,1361536.463274122
2026-04-18,arx_lag1_7_route_energy,hormuz_tanker_capacity,874185.0,3014394.943045565,-2140209.943045565,2140209.943045565,124383726.41816711,1607694.8892990598,4375931.406319687,733509.8892990598,3501746.406319687,0.05,-1406700.0537465052,1361536.463274122
2026-04-19,arx_lag1_7_route_energy,hormuz_tanker_capacity,9975.0,2975098.619005442,-2965123.619005442,2965123.619005442,127348850.03717256,1568398.565258937,4336635.082279564,1558423.565258937,4326660.082279564,0.05,-1406700.0537465052,1361536.463274122
2026-04-20,arx_lag1_7_route_energy,hormuz_tanker_capacity,43459.0,3003016.8154430306,-2959557.8154430306,2959557.8154430306,130308407.8526156,1596316.7616965254,4364553.278717153,1552857.7616965254,4321094.278717153,0.05,-1406700.0537465052,1361536.463274122
2026-04-21,arx_lag1_7_route_energy,hormuz_tanker_capacity,71090.0,3035182.232918174,-2964092.232918174,2964092.232918174,133272500.08553375,1628482.1791716688,4396718.696192296,1557392.1791716688,4325628.696192296,0.05,-1406700.0537465052,1361536.463274122
2026-04-23,arx_lag1_7_route_energy,hormuz_tanker_capacity,0.0,3189708.7793949354,-3189708.7793949354,3189708.7793949354,136462208.8649287,1783008.7256484302,4551245.242669057,1783008.7256484302,4551245.242669057,0.05,-1406700.0537465052,1361536.463274122
2026-04-24,arx_lag1_7_route_energy,hormuz_tanker_capacity,310377.0,3171302.8233747995,-2860925.8233747995,2860925.8233747995,139323134.6883035,1764602.7696282943,4532839.286648922,1454225.7696282943,4222462.286648922,0.05,-1406700.0537465052,1361536.463274122
2026-04-25,arx_lag1_7_route_energy,hormuz_tanker_capacity,42882.0,3156607.4732590453,-3113725.4732590453,3113725.4732590453,142436860.16156253,1749907.41951254,4518143.936533167,1707025.41951254,4475261.936533167,0.05,-1406700.0537465052,1361536.463274122
2026-04-27,arx_lag1_7_route_energy,hormuz_tanker_capacity,71366.0,3116561.192225064,-3045195.192225064,3045195.192225064,145482055.3537876,1709861.138478559,4478097.655499186,1638495.138478559,4406731.655499186,0.05,-1406700.0537465052,1361536.463274122
2026-04-28,arx_lag1_7_route_energy,hormuz_tanker_capacity,303841.0,3161570.5399564584,-2857729.5399564584,2857729.5399564584,148339784.89374405,1754870.4862099532,4523107.00323058,1451029.4862099532,4219266.00323058,0.05,-1406700.0537465052,1361536.463274122
2026-04-29,arx_lag1_7_route_energy,hormuz_tanker_capacity,11036.0,3271001.394979749,-3259965.394979749,3259965.394979749,151599750.2887238,1864301.3412332437,4632537.858253871,1853265.3412332437,4621501.858253871,0.05,-1406700.0537465052,1361536.463274122
2026-04-30,arx_lag1_7_route_energy,hormuz_tanker_capacity,4205.0,3315137.918282014,-3310932.918282014,3310932.918282014,154910683.2070058,1908437.8645355087,4676674.381556136,1904232.8645355087,4672469.381556136,0.05,-1406700.0537465052,1361536.463274122
2026-05-01,arx_lag1_7_route_energy,hormuz_tanker_capacity,36640.0,3260486.7884371285,-3223846.7884371285,3223846.7884371285,158134529.99544293,1853786.7346906234,4622023.25171125,1817146.7346906234,4585383.25171125,0.05,-1406700.0537465052,1361536.463274122
2026-05-02,arx_lag1_7_route_energy,hormuz_tanker_capacity,45868.0,3245323.655038933,-3199455.655038933,3199455.655038933,161333985.65048185,1838623.6012924276,4606860.118313055,1792755.6012924276,4560992.118313055,0.05,-1406700.0537465052,1361536.463274122
2026-05-04,arx_lag1_7_route_energy,hormuz_tanker_capacity,0.0,3163402.1389418477,-3163402.1389418477,3163402.1389418477,164497387.7894237,1756702.0851953425,4524938.60221597,1756702.0851953425,4524938.60221597,0.05,-1406700.0537465052,1361536.463274122
2026-05-05,arx_lag1_7_route_energy,hormuz_tanker_capacity,0.0,3124322.445086674,-3124322.445086674,3124322.445086674,167621710.2345104,1717622.3913401687,4485858.908360796,1717622.3913401687,4485858.908360796,0.05,-1406700.0537465052,1361536.463274122
2026-05-06,arx_lag1_7_route_energy,hormuz_tanker_capacity,0.0,3038453.083392114,-3038453.083392114,3038453.083392114,170660163.3179025,1631753.0296456087,4399989.546666236,1631753.0296456087,4399989.546666236,0.05,-1406700.0537465052,1361536.463274122
2026-05-07,arx_lag1_7_route_energy,hormuz_tanker_capacity,273027.0,3052135.7380843237,-2779108.7380843237,2779108.7380843237,173439272.05598682,1645435.6843378185,4413672.201358446,1372408.6843378185,4140645.201358446,0.05,-1406700.0537465052,1361536.463274122
2026-05-08,arx_lag1_7_route_energy,hormuz_tanker_capacity,0.0,3087066.475170836,-3087066.475170836,3087066.475170836,176526338.53115767,1680366.4214243307,4448602.938444958,1680366.4214243307,4448602.938444958,0.05,-1406700.0537465052,1361536.463274122
2026-05-09,arx_lag1_7_route_energy,hormuz_tanker_capacity,98525.0,3082004.9716608394,-2983479.9716608394,2983479.9716608394,179509818.50281852,1675304.9179143342,4443541.434934962,1576779.9179143342,4345016.434934962,0.05,-1406700.0537465052,1361536.463274122
2026-05-10,arx_lag1_7_route_energy,hormuz_tanker_capacity,319376.0,3039319.4001338473,-2719943.4001338473,2719943.4001338473,182229761.90295237,1632619.346387342,4400855.8634079695,1313243.346387342,4081479.8634079695,0.05,-1406700.0537465052,1361536.463274122
2026-05-11,arx_lag1_7_route_energy,hormuz_tanker_capacity,88456.0,3037530.0054949815,-2949074.0054949815,2949074.0054949815,185178835.90844736,1630829.9517484764,4399066.468769103,1542373.9517484764,4310610.468769103,0.05,-1406700.0537465052,1361536.463274122
2026-05-12,arx_lag1_7_route_energy,hormuz_tanker_capacity,82996.0,3084287.025574214,-3001291.025574214,3001291.025574214,188180126.93402156,1677586.9718277087,4445823.488848336,1594590.9718277087,4362827.488848336,0.05,-1406700.0537465052,1361536.463274122
2026-05-13,arx_lag1_7_route_energy,hormuz_tanker_capacity,661047.0,3093367.71592723,-2432320.71592723,2432320.71592723,190612447.6499488,1686667.662180725,4454904.179201352,1025620.662180725,3793857.1792013524,0.05,-1406700.0537465052,1361536.463274122
2026-05-14,arx_lag1_7_route_energy,hormuz_tanker_capacity,42976.0,3147001.4705321756,-3104025.4705321756,3104025.4705321756,193716473.12048095,1740301.4167856704,4508537.933806297,1697325.4167856704,4465561.933806297,0.05,-1406700.0537465052,1361536.463274122
2026-05-15,arx_lag1_7_route_energy,hormuz_tanker_capacity,5341.0,3198621.3739859704,-3193280.3739859704,3193280.3739859704,196909753.49446696,1791921.3202394652,4560157.837260093,1786580.3202394652,4554816.837260093,0.05,-1406700.0537465052,1361536.463274122
2026-05-16,arx_lag1_7_route_energy,hormuz_tanker_capacity,36579.0,3170296.905461495,-3133717.905461495,3133717.905461495,200043471.39992845,1763596.8517149896,4531833.368735617,1727017.8517149896,4495254.368735617,0.05,-1406700.0537465052,1361536.463274122
2026-05-17,arx_lag1_7_route_energy,hormuz_tanker_capacity,0.0,3152220.7704897313,-3152220.7704897313,3152220.7704897313,203195692.17041817,1745520.7167432262,4513757.233763853,1745520.7167432262,4513757.233763853,0.05,-1406700.0537465052,1361536.463274122
2026-05-19,arx_lag1_7_route_energy,hormuz_tanker_capacity,574856.0,3120949.1428593225,-2546093.1428593225,2546093.1428593225,205741785.31327748,1714249.0891128173,4482485.606133444,1139393.0891128173,3907629.6061334442,0.05,-1406700.0537465052,1361536.463274122
2026-05-20,arx_lag1_7_route_energy,hormuz_tanker_capacity,290295.0,3067164.5059073097,-2776869.5059073097,2776869.5059073097,208518654.8191848,1660464.4521608045,4428700.969181431,1370169.4521608045,4138405.9691814315,0.05,-1406700.0537465052,1361536.463274122
2026-05-21,arx_lag1_7_route_energy,hormuz_tanker_capacity,42682.0,3081311.325274486,-3038629.325274486,3038629.325274486,211557284.14445928,1674611.271527981,4442847.788548608,1631929.271527981,4400165.788548608,0.05,-1406700.0537465052,1361536.463274122
2026-05-22,arx_lag1_7_route_energy,hormuz_tanker_capacity,0.0,3126685.0245947037,-3126685.0245947037,3126685.0245947037,214683969.16905397,1719984.9708481985,4488221.487868826,1719984.9708481985,4488221.487868826,0.05,-1406700.0537465052,1361536.463274122
2026-05-23,arx_lag1_7_route_energy,hormuz_tanker_capacity,409069.0,3109021.491080598,-2699952.491080598,2699952.491080598,217383921.66013455,1702321.4373340928,4470557.95435472,1293252.4373340928,4061488.95435472,0.05,-1406700.0537465052,1361536.463274122
2026-05-24,arx_lag1_7_route_energy,hormuz_tanker_capacity,6839.0,3072805.257630309,-3065966.257630309,3065966.257630309,220449887.9177649,1666105.203883804,4434341.720904431,1659266.203883804,4427502.720904431,0.05,-1406700.0537465052,1361536.463274122
2026-05-26,arx_lag1_7_route_energy,hormuz_tanker_capacity,0.0,2984377.5264906324,-2984377.5264906324,2984377.5264906324,223434265.44425553,1577677.4727441273,4345913.989764755,1577677.4727441273,4345913.989764755,0.05,-1406700.0537465052,1361536.463274122
2026-05-27,arx_lag1_7_route_energy,hormuz_tanker_capacity,106096.0,2940245.454243339,-2834149.454243339,2834149.454243339,226268414.8984989,1533545.400496834,4301781.917517461,1427449.400496834,4195685.917517461,0.05,-1406700.0537465052,1361536.463274122
2026-05-28,arx_lag1_7_route_energy,hormuz_tanker_capacity,0.0,2967074.545909994,-2967074.545909994,2967074.545909994,229235489.4444089,1560374.4921634886,4328611.009184116,1560374.4921634886,4328611.009184116,0.05,-1406700.0537465052,1361536.463274122
2026-05-30,arx_lag1_7_route_energy,hormuz_tanker_capacity,0.0,2928769.027500955,-2928769.027500955,2928769.027500955,232164258.47190985,1522068.9737544497,4290305.490775077,1522068.9737544497,4290305.490775077,0.05,-1406700.0537465052,1361536.463274122
2026-05-31,arx_lag1_7_route_energy,hormuz_tanker_capacity,594.0,2895607.5141699244,-2895013.5141699244,2895013.5141699244,235059271.98607975,1488907.4604234193,4257143.977444046,1488313.4604234193,4256549.977444046,0.05,-1406700.0537465052,1361536.463274122
2026-02-28,arx_lag1_7_route_energy,hormuz_tanker_transits,44.0,54.955358763417635,-10.955358763417635,10.955358763417635,10.955358763417635,33.958725616784555,72.65670799293349,-10.041274383215445,28.65670799293349,0.05,-20.99663314663308,17.70134922951585
2026-03-01,arx_lag1_7_route_energy,hormuz_tanker_transits,7.0,57.822605240864945,-50.822605240864945,50.822605240864945,61.77796400428258,36.825972094231865,75.5239544703808,29.825972094231865,68.5239544703808,0.05,-20.99663314663308,17.70134922951585
2026-03-02,arx_lag1_7_route_energy,hormuz_tanker_transits,2.0,57.517572034495856,-55.517572034495856,55.517572034495856,117.29553603877844,36.520938887862776,75.2189212640117,34.520938887862776,73.2189212640117,0.05,-20.99663314663308,17.70134922951585
2026-03-03,arx_lag1_7_route_energy,hormuz_tanker_transits,2.0,57.19356700733536,-55.19356700733536,55.19356700733536,172.4891030461138,36.19693386070228,74.8949162368512,34.19693386070228,72.8949162368512,0.05,-20.99663314663308,17.70134922951585
2026-03-04,arx_lag1_7_route_energy,hormuz_tanker_transits,0.0,57.56133104472883,-57.56133104472883,57.56133104472883,230.05043409084263,36.56469789809575,75.26268027424467,36.56469789809575,75.26268027424467,0.05,-20.99663314663308,17.70134922951585
2026-03-05,arx_lag1_7_route_energy,hormuz_tanker_transits,1.0,58.27256836444946,-57.27256836444946,57.27256836444946,287.3230024552921,37.27593521781638,75.97391759396531,36.27593521781638,74.97391759396531,0.05,-20.99663314663308,17.70134922951585
2026-03-06,arx_lag1_7_route_energy,hormuz_tanker_transits,0.0,59.083644462068655,-59.083644462068655,59.083644462068655,346.4066469173608,38.087011315435575,76.7849936915845,38.087011315435575,76.7849936915845,0.05,-20.99663314663308,17.70134922951585
2026-03-07,arx_lag1_7_route_energy,hormuz_tanker_transits,2.0,59.46039761934162,-57.46039761934162,57.46039761934162,403.8670445367024,38.46376447270854,77.16174684885746,36.46376447270854,75.16174684885746,0.05,-20.99663314663308,17.70134922951585
2026-03-08,arx_lag1_7_route_energy,hormuz_tanker_transits,1.0,60.00920100151816,-59.00920100151816,59.00920100151816,462.8762455382206,39.01256785488508,77.710550231034,38.01256785488508,76.710550231034,0.05,-20.99663314663308,17.70134922951585
2026-03-09,arx_lag1_7_route_energy,hormuz_tanker_transits,6.0,59.238009638939914,-53.238009638939914,53.238009638939914,516.1142551771605,38.241376492306834,76.93935886845577,32.241376492306834,70.93935886845577,0.05,-20.99663314663308,17.70134922951585
2026-03-10,arx_lag1_7_route_energy,hormuz_tanker_transits,1.0,58.59998487225282,-57.59998487225282,57.59998487225282,573.7142400494133,37.60335172561974,76.30133410176867,36.60335172561974,75.30133410176867,0.05,-20.99663314663308,17.70134922951585
2026-03-11,arx_lag1_7_route_energy,hormuz_tanker_transits,1.0,59.799406744921576,-58.799406744921576,58.799406744921576,632.5136467943349,38.802773598288496,77.50075597443742,37.802773598288496,76.50075597443742,0.05,-20.99663314663308,17.70134922951585
2026-03-12,arx_lag1_7_route_energy,hormuz_tanker_transits,3.0,61.46877883793137,-58.46877883793137,58.46877883793137,690.9824256322663,40.47214569129829,79.17012806744722,37.47214569129829,76.17012806744722,0.05,-20.99663314663308,17.70134922951585
2026-03-13,arx_lag1_7_route_energy,hormuz_tanker_transits,3.0,62.031886495673824,-59.031886495673824,59.031886495673824,750.0143121279401,41.035253349040744,79.73323572518967,38.035253349040744,76.73323572518967,0.05,-20.99663314663308,17.70134922951585
2026-03-14,arx_lag1_7_route_energy,hormuz_tanker_transits,1.0,62.08764115485446,-61.08764115485446,61.08764115485446,811.1019532827946,41.09100800822138,79.78899038437031,40.09100800822138,78.78899038437031,0.05,-20.99663314663308,17.70134922951585
2026-03-15,arx_lag1_7_route_energy,hormuz_tanker_transits,5.0,61.70049301331131,-56.70049301331131,56.70049301331131,867.8024462961059,40.70385986667823,79.40184224282716,35.70385986667823,74.40184224282716,0.05,-20.99663314663308,17.70134922951585
2026-03-16,arx_lag1_7_route_energy,hormuz_tanker_transits,0.0,61.07366204327186,-61.07366204327186,61.07366204327186,928.8761083393778,40.07702889663878,78.77501127278771,40.07702889663878,78.77501127278771,0.05,-20.99663314663308,17.70134922951585
2026-03-17,arx_lag1_7_route_energy,hormuz_tanker_transits,1.0,62.9674291110016,-61.9674291110016,61.9674291110016,990.8435374503794,41.97079596436852,80.66877834051745,40.97079596436852,79.66877834051745,0.05,-20.99663314663308,17.70134922951585
2026-03-18,arx_lag1_7_route_energy,hormuz_tanker_transits,0.0,64.4121391578222,-64.4121391578222,64.4121391578222,1055.2556766082016,43.415506011189116,82.11348838733804,43.415506011189116,82.11348838733804,0.05,-20.99663314663308,17.70134922951585
2026-03-19,arx_lag1_7_route_energy,hormuz_tanker_transits,1.0,64.72207828533446,-63.72207828533446,63.72207828533446,1118.977754893536,43.72544513870138,82.42342751485032,42.72544513870138,81.42342751485032,0.05,-20.99663314663308,17.70134922951585
2026-03-20,arx_lag1_7_route_energy,hormuz_tanker_transits,3.0,65.67082357538956,-62.67082357538956,62.67082357538956,1181.6485784689255,44.67419042875648,83.3721728049054,41.67419042875648,80.3721728049054,0.05,-20.99663314663308,17.70134922951585
2026-03-21,arx_lag1_7_route_energy,hormuz_tanker_transits,0.0,65.68886087120276,-65.68886087120276,65.68886087120276,1247.3374393401282,44.69222772456968,83.3902101007186,44.69222772456968,83.3902101007186,0.05,-20.99663314663308,17.70134922951585
2026-03-22,arx_lag1_7_route_energy,hormuz_tanker_transits,0.0,65.34917825603515,-65.34917825603515,65.34917825603515,1312.6866175961634,44.352545109402065,83.05052748555099,44.352545109402065,83.05052748555099,0.05,-20.99663314663308,17.70134922951585
2026-03-23,arx_lag1_7_route_energy,hormuz_tanker_transits,2.0,63.10617459836963,-61.10617459836963,61.10617459836963,1373.792792194533,42.10954145173655,80.80752382788548,40.10954145173655,78.80752382788548,0.05,-20.99663314663308,17.70134922951585
2026-03-24,arx_lag1_7_route_energy,hormuz_tanker_transits,1.0,63.52669095554182,-62.52669095554182,62.52669095554182,1436.3194831500748,42.53005780890874,81.22804018505767,41.53005780890874,80.22804018505767,0.05,-20.99663314663308,17.70134922951585
2026-03-25,arx_lag1_7_route_energy,hormuz_tanker_transits,1.0,64.1746197405908,-63.1746197405908,63.1746197405908,1499.4941028906655,43.17798659395772,81.87596897010664,42.17798659395772,80.87596897010664,0.05,-20.99663314663308,17.70134922951585
2026-03-26,arx_lag1_7_route_energy,hormuz_tanker_transits,0.0,65.42326123949829,-65.42326123949829,65.42326123949829,1564.9173641301638,44.42662809286521,83.12461046901413,44.42662809286521,83.12461046901413,0.05,-20.99663314663308,17.70134922951585
2026-03-27,arx_lag1_7_route_energy,hormuz_tanker_transits,0.0,66.84461887433268,-66.84461887433268,66.84461887433268,1631.7619830044964,45.8479857276996,84.54596810384854,45.8479857276996,84.54596810384854,0.05,-20.99663314663308,17.70134922951585
2026-03-28,arx_lag1_7_route_energy,hormuz_tanker_transits,0.0,66.52132579344496,-66.52132579344496,66.52132579344496,1698.2833087979411,45.52469264681188,84.2226750229608,45.52469264681188,84.2226750229608,0.05,-20.99663314663308,17.70134922951585
2026-03-29,arx_lag1_7_route_energy,hormuz_tanker_transits,2.0,66.65455838219326,-64.65455838219326,64.65455838219326,1762.9378671801346,45.65792523556018,84.35590761170911,43.65792523556018,82.35590761170911,0.05,-20.99663314663308,17.70134922951585
2026-03-30,arx_lag1_7_route_energy,hormuz_tanker_transits,12.0,66.94117006213281,-54.94117006213281,54.94117006213281,1817.8790372422675,45.94453691549973,84.64251929164865,33.94453691549973,72.64251929164865,0.05,-20.99663314663308,17.70134922951585
2026-03-31,arx_lag1_7_route_energy,hormuz_tanker_transits,2.0,67.94432116758836,-65.94432116758836,65.94432116758836,1883.823358409856,46.947688020955276,85.6456703971042,44.947688020955276,83.6456703971042,0.05,-20.99663314663308,17.70134922951585
2026-04-01,arx_lag1_7_route_energy,hormuz_tanker_transits,0.0,67.44409856459032,-67.44409856459032,67.44409856459032,1951.2674569744463,46.44746541795724,85.14544779410616,46.44746541795724,85.14544779410616,0.05,-20.99663314663308,17.70134922951585
2026-04-02,arx_lag1_7_route_energy,hormuz_tanker_transits,2.0,68.68326554293793,-66.68326554293793,66.68326554293793,2017.9507225173843,47.68663239630485,86.38461477245377,45.68663239630485,84.38461477245377,0.05,-20.99663314663308,17.70134922951585
2026-04-03,arx_lag1_7_route_energy,hormuz_tanker_transits,4.0,69.64730855837406,-65.64730855837406,65.64730855837406,2083.598031075758,48.650675411740984,87.34865778788992,44.650675411740984,83.34865778788992,0.05,-20.99663314663308,17.70134922951585
2026-04-04,arx_lag1_7_route_energy,hormuz_tanker_transits,2.0,68.72745216330799,-66.72745216330799,66.72745216330799,2150.325483239066,47.73081901667491,86.42880139282383,45.73081901667491,84.42880139282383,0.05,-20.99663314663308,17.70134922951585
2026-04-05,arx_lag1_7_route_energy,hormuz_tanker_transits,7.0,68.61639229248989,-61.61639229248989,61.61639229248989,2211.941875531556,47.61975914585681,86.31774152200575,40.61975914585681,79.31774152200575,0.05,-20.99663314663308,17.70134922951585
2026-04-06,arx_lag1_7_route_energy,hormuz_tanker_transits,1.0,68.59016068388561,-67.59016068388561,67.59016068388561,2279.5320362154416,47.593527537252534,86.29150991340146,46.593527537252534,85.29150991340146,0.05,-20.99663314663308,17.70134922951585
2026-04-07,arx_lag1_7_route_energy,hormuz_tanker_transits,3.0,69.61236453252974,-66.61236453252974,66.61236453252974,2346.1444007479713,48.61573138589666,87.31371376204558,45.61573138589666,84.31371376204558,0.05,-20.99663314663308,17.70134922951585
2026-04-08,arx_lag1_7_route_energy,hormuz_tanker_transits,0.0,68.27307692499402,-68.27307692499402,68.27307692499402,2414.417477672965,47.276443778360935,85.97442615450987,47.276443778360935,85.97442615450987,0.05,-20.99663314663308,17.70134922951585
2026-04-09,arx_lag1_7_route_energy,hormuz_tanker_transits,4.0,68.65127097355591,-64.65127097355591,64.65127097355591,2479.068748646521,47.65463782692283,86.35262020307175,43.65463782692283,82.35262020307175,0.05,-20.99663314663308,17.70134922951585
2026-04-10,arx_lag1_7_route_energy,hormuz_tanker_transits,1.0,69.08136265319034,-68.08136265319034,68.08136265319034,2547.150111299711,48.08472950655726,86.7827118827062,47.08472950655726,85.7827118827062,0.05,-20.99663314663308,17.70134922951585
2026-04-11,arx_lag1_7_route_energy,hormuz_tanker_transits,5.0,68.22296626137772,-63.22296626137772,63.22296626137772,2610.373077561089,47.22633311474464,85.92431549089358,42.22633311474464,80.92431549089358,0.05,-20.99663314663308,17.70134922951585
2026-04-12,arx_lag1_7_route_energy,hormuz_tanker_transits,3.0,67.64015917140038,-64.64015917140038,64.64015917140038,2675.013236732489,46.643526024767304,85.34150840091624,43.643526024767304,82.34150840091624,0.05,-20.99663314663308,17.70134922951585
2026-04-13,arx_lag1_7_route_energy,hormuz_tanker_transits,4.0,68.3073118871182,-64.3073118871182,64.3073118871182,2739.3205486196075,47.31067874048512,86.00866111663404,43.31067874048512,82.00866111663404,0.05,-20.99663314663308,17.70134922951585
2026-04-14,arx_lag1_7_route_energy,hormuz_tanker_transits,3.0,67.53510604220313,-64.53510604220313,64.53510604220313,2803.8556546618106,46.538472895570045,85.23645527171897,43.538472895570045,82.23645527171897,0.05,-20.99663314663308,17.70134922951585
2026-04-15,arx_lag1_7_route_energy,hormuz_tanker_transits,4.0,67.54272180198156,-63.54272180198156,63.54272180198156,2867.3983764637924,46.54608865534848,85.24407103149741,42.54608865534848,81.24407103149741,0.05,-20.99663314663308,17.70134922951585
2026-04-16,arx_lag1_7_route_energy,hormuz_tanker_transits,3.0,67.53507475209592,-64.53507475209592,64.53507475209592,2931.9334512158885,46.53844160546284,85.23642398161178,43.53844160546284,82.23642398161178,0.05,-20.99663314663308,17.70134922951585
2026-04-17,arx_lag1_7_route_energy,hormuz_tanker_transits,4.0,65.96213762347531,-61.962137623475314,61.962137623475314,2993.895588839364,44.965504476842234,83.66348685299116,40.965504476842234,79.66348685299116,0.05,-20.99663314663308,17.70134922951585
2026-04-18,arx_lag1_7_route_energy,hormuz_tanker_transits,16.0,64.92457114005686,-48.924571140056855,48.924571140056855,3042.8201599794206,43.927937993423775,82.6259203695727,27.927937993423775,66.6259203695727,0.05,-20.99663314663308,17.70134922951585
2026-04-19,arx_lag1_7_route_energy,hormuz_tanker_transits,2.0,64.01437915743229,-62.01437915743229,62.01437915743229,3104.834539136853,43.01774601079921,81.71572838694814,41.01774601079921,79.71572838694814,0.05,-20.99663314663308,17.70134922951585
2026-04-20,arx_lag1_7_route_energy,hormuz_tanker_transits,4.0,64.19122611631988,-60.19122611631988,60.19122611631988,3165.0257652531727,43.1945929696868,81.89257534583572,39.1945929696868,77.89257534583572,0.05,-20.99663314663308,17.70134922951585
2026-04-21,arx_lag1_7_route_energy,hormuz_tanker_transits,1.0,64.67692227345925,-63.676922273459255,63.676922273459255,3228.702687526632,43.680289126826175,82.37827150297511,42.680289126826175,81.37827150297511,0.05,-20.99663314663308,17.70134922951585
2026-04-22,arx_lag1_7_route_energy,hormuz_tanker_transits,2.0,66.27450273127232,-64.27450273127232,64.27450273127232,3292.977190257904,45.27786958463924,83.97585196078816,43.27786958463924,81.97585196078816,0.05,-20.99663314663308,17.70134922951585
2026-04-23,arx_lag1_7_route_energy,hormuz_tanker_transits,0.0,66.61019018671189,-66.61019018671189,66.61019018671189,3359.587380444616,45.61355704007881,84.31153941622773,45.61355704007881,84.31153941622773,0.05,-20.99663314663308,17.70134922951585
2026-04-24,arx_lag1_7_route_energy,hormuz_tanker_transits,2.0,66.52411973923394,-64.52411973923394,64.52411973923394,3424.11150018385,45.52748659260086,84.2254689687498,43.52748659260086,82.2254689687498,0.05,-20.99663314663308,17.70134922951585
2026-04-25,arx_lag1_7_route_energy,hormuz_tanker_transits,1.0,66.02026284632237,-65.02026284632237,65.02026284632237,3489.1317630301724,45.02362969968929,83.72161207583821,44.02362969968929,82.72161207583821,0.05,-20.99663314663308,17.70134922951585
2026-04-26,arx_lag1_7_route_energy,hormuz_tanker_transits,1.0,64.85010678112302,-63.85010678112302,63.85010678112302,3552.9818698112954,43.85347363448994,82.55145601063887,42.85347363448994,81.55145601063887,0.05,-20.99663314663308,17.70134922951585
2026-04-27,arx_lag1_7_route_energy,hormuz_tanker_transits,1.0,64.74472062692048,-63.74472062692048,63.74472062692048,3616.726590438216,43.7480874802874,82.44606985643634,42.7480874802874,81.44606985643634,0.05,-20.99663314663308,17.70134922951585
2026-04-28,arx_lag1_7_route_energy,hormuz_tanker_transits,3.0,65.62018557933291,-62.62018557933291,62.62018557933291,3679.346776017549,44.62355243269983,83.32153480884875,41.62355243269983,80.32153480884875,0.05,-20.99663314663308,17.70134922951585
2026-04-29,arx_lag1_7_route_energy,hormuz_tanker_transits,3.0,67.71588942767934,-64.71588942767934,64.71588942767934,3744.062665445228,46.71925628104626,85.41723865719518,43.71925628104626,82.41723865719518,0.05,-20.99663314663308,17.70134922951585
2026-04-30,arx_lag1_7_route_energy,hormuz_tanker_transits,3.0,68.3432499967045,-65.3432499967045,65.3432499967045,3809.405915441933,47.34661685007142,86.04459922622036,44.34661685007142,83.04459922622036,0.05,-20.99663314663308,17.70134922951585
2026-05-01,arx_lag1_7_route_energy,hormuz_tanker_transits,2.0,67.69326945098067,-65.69326945098067,65.69326945098067,3875.099184892913,46.696636304347585,85.3946186804965,44.696636304347585,83.3946186804965,0.05,-20.99663314663308,17.70134922951585
2026-05-02,arx_lag1_7_route_energy,hormuz_tanker_transits,2.0,67.14408845169034,-65.14408845169034,65.14408845169034,3940.243273344603,46.14745530505726,84.84543768120619,44.14745530505726,82.84543768120619,0.05,-20.99663314663308,17.70134922951585
2026-05-03,arx_lag1_7_route_energy,hormuz_tanker_transits,1.0,66.42945962145372,-65.42945962145372,65.42945962145372,4005.672732966057,45.43282647482064,84.13080885096957,44.43282647482064,83.13080885096957,0.05,-20.99663314663308,17.70134922951585
2026-05-04,arx_lag1_7_route_energy,hormuz_tanker_transits,0.0,66.89291270111444,-66.89291270111444,66.89291270111444,4072.5656456671713,45.89627955448136,84.5942619306303,45.89627955448136,84.5942619306303,0.05,-20.99663314663308,17.70134922951585
2026-05-05,arx_lag1_7_route_energy,hormuz_tanker_transits,0.0,66.30400276061975,-66.30400276061975,66.30400276061975,4138.869648427791,45.30736961398667,84.00535199013561,45.30736961398667,84.00535199013561,0.05,-20.99663314663308,17.70134922951585
2026-05-06,arx_lag1_7_route_energy,hormuz_tanker_transits,0.0,65.17555664406855,-65.17555664406855,65.17555664406855,4204.0452050718595,44.17892349743547,82.8769058735844,44.17892349743547,82.8769058735844,0.05,-20.99663314663308,17.70134922951585
2026-05-07,arx_lag1_7_route_energy,hormuz_tanker_transits,1.0,65.41833002569784,-64.41833002569784,64.41833002569784,4268.463535097558,44.42169687906476,83.1196792552137,43.42169687906476,82.1196792552137,0.05,-20.99663314663308,17.70134922951585
2026-05-08,arx_lag1_7_route_energy,hormuz_tanker_transits,0.0,65.40489644599813,-65.40489644599813,65.40489644599813,4333.868431543556,44.40826329936505,83.10624567551397,44.40826329936505,83.10624567551397,0.05,-20.99663314663308,17.70134922951585
2026-05-09,arx_lag1_7_route_energy,hormuz_tanker_transits,1.0,64.25428478633367,-63.25428478633367,63.25428478633367,4397.122716329889,43.25765163970059,81.95563401584951,42.25765163970059,80.95563401584951,0.05,-20.99663314663308,17.70134922951585
2026-05-10,arx_lag1_7_route_energy,hormuz_tanker_transits,2.0,63.80477093982291,-61.80477093982291,61.80477093982291,4458.927487269712,42.80813779318983,81.50612016933876,40.80813779318983,79.50612016933876,0.05,-20.99663314663308,17.70134922951585
2026-05-11,arx_lag1_7_route_energy,hormuz_tanker_transits,3.0,63.79216554029628,-60.79216554029628,60.79216554029628,4519.7196528100085,42.7955323936632,81.49351476981212,39.7955323936632,78.49351476981212,0.05,-20.99663314663308,17.70134922951585
2026-05-12,arx_lag1_7_route_energy,hormuz_tanker_transits,3.0,65.12691430443266,-62.12691430443266,62.12691430443266,4581.846567114441,44.13028115779958,82.8282635339485,41.13028115779958,79.8282635339485,0.05,-20.99663314663308,17.70134922951585
2026-05-13,arx_lag1_7_route_energy,hormuz_tanker_transits,4.0,65.41277885902511,-61.41277885902511,61.41277885902511,4643.259345973466,44.41614571239203,83.11412808854095,40.41614571239203,79.11412808854095,0.05,-20.99663314663308,17.70134922951585
2026-05-14,arx_lag1_7_route_energy,hormuz_tanker_transits,4.0,65.46080586411895,-61.46080586411895,61.46080586411895,4704.720151837585,44.46417271748587,83.1621550936348,40.46417271748587,79.1621550936348,0.05,-20.99663314663308,17.70134922951585
2026-05-15,arx_lag1_7_route_energy,hormuz_tanker_transits,2.0,66.13316113627589,-64.13316113627589,64.13316113627589,4768.853312973861,45.13652798964281,83.83451036579174,43.13652798964281,81.83451036579174,0.05,-20.99663314663308,17.70134922951585
2026-05-16,arx_lag1_7_route_energy,hormuz_tanker_transits,2.0,66.50912899074241,-64.50912899074241,64.50912899074241,4833.362441964603,45.51249584410933,84.21047822025827,43.51249584410933,82.21047822025827,0.05,-20.99663314663308,17.70134922951585
2026-05-17,arx_lag1_7_route_energy,hormuz_tanker_transits,0.0,65.01955230324018,-65.01955230324018,65.01955230324018,4898.381994267843,44.022919156607095,82.72090153275602,44.022919156607095,82.72090153275602,0.05,-20.99663314663308,17.70134922951585
2026-05-18,arx_lag1_7_route_energy,hormuz_tanker_transits,1.0,64.76899633342123,-63.76899633342123,63.76899633342123,4962.150990601264,43.77236318678815,82.47034556293707,42.77236318678815,81.47034556293707,0.05,-20.99663314663308,17.70134922951585
2026-05-19,arx_lag1_7_route_energy,hormuz_tanker_transits,4.0,64.92829270904015,-60.92829270904015,60.92829270904015,5023.079283310304,43.93165956240707,82.629641938556,39.93165956240707,78.629641938556,0.05,-20.99663314663308,17.70134922951585
2026-05-20,arx_lag1_7_route_energy,hormuz_tanker_transits,4.0,65.7449452291763,-61.744945229176295,61.744945229176295,5084.824228539481,44.748312082543215,83.44629445869214,40.748312082543215,79.44629445869214,0.05,-20.99663314663308,17.70134922951585
2026-05-21,arx_lag1_7_route_energy,hormuz_tanker_transits,2.0,65.2015944547873,-63.2015944547873,63.2015944547873,5148.025822994268,44.20496130815422,82.90294368430315,42.20496130815422,80.90294368430315,0.05,-20.99663314663308,17.70134922951585
2026-05-22,arx_lag1_7_route_energy,hormuz_tanker_transits,0.0,64.94510009105937,-64.94510009105937,64.94510009105937,5212.970923085328,43.94846694442629,82.64644932057521,43.94846694442629,82.64644932057521,0.05,-20.99663314663308,17.70134922951585
2026-05-23,arx_lag1_7_route_energy,hormuz_tanker_transits,4.0,64.68832142889335,-60.688321428893346,60.688321428893346,5273.659244514221,43.691688282260266,82.38967065840919,39.691688282260266,78.38967065840919,0.05,-20.99663314663308,17.70134922951585
2026-05-24,arx_lag1_7_route_energy,hormuz_tanker_transits,2.0,63.99592730909885,-61.99592730909885,61.99592730909885,5335.65517182332,42.99929416246577,81.6972765386147,40.99929416246577,79.6972765386147,0.05,-20.99663314663308,17.70134922951585
2026-05-25,arx_lag1_7_route_energy,hormuz_tanker_transits,2.0,63.2607382804272,-61.2607382804272,61.2607382804272,5396.915910103748,42.26410513379412,80.96208750994305,40.26410513379412,78.96208750994305,0.05,-20.99663314663308,17.70134922951585
2026-05-26,arx_lag1_7_route_energy,hormuz_tanker_transits,0.0,63.07043271031938,-63.07043271031938,63.07043271031938,5459.986342814067,42.0737995636863,80.77178193983522,42.0737995636863,80.77178193983522,0.05,-20.99663314663308,17.70134922951585
2026-05-27,arx_lag1_7_route_energy,hormuz_tanker_transits,2.0,62.823670076825834,-60.823670076825834,60.823670076825834,5520.810012890893,41.827036930192754,80.52501930634168,39.827036930192754,78.52501930634168,0.05,-20.99663314663308,17.70134922951585
2026-05-28,arx_lag1_7_route_energy,hormuz_tanker_transits,0.0,62.30604971272657,-62.30604971272657,62.30604971272657,5583.116062603619,41.30941656609349,80.00739894224242,41.30941656609349,80.00739894224242,0.05,-20.99663314663308,17.70134922951585
2026-05-29,arx_lag1_7_route_energy,hormuz_tanker_transits,1.0,62.615513168525005,-61.615513168525005,61.615513168525005,5644.7315757721435,41.618880021891925,80.31686239804085,40.618880021891925,79.31686239804085,0.05,-20.99663314663308,17.70134922951585
2026-05-30,arx_lag1_7_route_energy,hormuz_tanker_transits,0.0,61.92467535328005,-61.92467535328005,61.92467535328005,5706.656251125423,40.92804220664697,79.6260245827959,40.92804220664697,79.6260245827959,0.05,-20.99663314663308,17.70134922951585
2026-05-31,arx_lag1_7_route_energy,hormuz_tanker_transits,2.0,60.74881046198565,-58.74881046198565,58.74881046198565,5765.405061587409,39.75217731535257,78.4501596915015,37.75217731535257,76.4501596915015,0.05,-20.99663314663308,17.70134922951585
2026-06-01,arx_lag1_7_route_energy,hormuz_tanker_transits,1.0,61.58189898514423,-60.58189898514423,60.58189898514423,5825.9869605725535,40.58526583851115,79.28324821466008,39.58526583851115,78.28324821466008,0.05,-20.99663314663308,17.70134922951585
2026-02-28,seasonal_naive_7d,hormuz_tanker_capacity,2996963.0,2289889.0,707074.0,-707074.0,-707074.0,432891.17500000005,4023382.424999996,-2564071.825,1026419.4249999961,0.05,-1856997.825,1733493.424999996
2026-03-01,seasonal_naive_7d,hormuz_tanker_capacity,207948.0,3433752.0,-3225804.0,3225804.0,2518730.0,1576754.175,5167245.424999996,1368806.175,4959297.424999996,0.05,-1856997.825,1733493.424999996
2026-03-03,seasonal_naive_7d,hormuz_tanker_capacity,6701.0,1911840.0,-1905139.0,1905139.0,4423869.0,54842.17500000005,3645333.424999996,48141.17500000005,3638632.424999996,0.05,-1856997.825,1733493.424999996
2026-03-04,seasonal_naive_7d,hormuz_tanker_capacity,0.0,4484145.0,-4484145.0,4484145.0,8908014.0,2627147.175,6217638.424999996,2627147.175,6217638.424999996,0.05,-1856997.825,1733493.424999996
2026-03-06,seasonal_naive_7d,hormuz_tanker_capacity,0.0,3153071.0,-3153071.0,3153071.0,12061085.0,1296073.175,4886564.424999996,1296073.175,4886564.424999996,0.05,-1856997.825,1733493.424999996
2026-03-09,seasonal_naive_7d,hormuz_tanker_capacity,154941.0,2288511.0,-2133570.0,2133570.0,14194655.0,431513.17500000005,4022004.424999996,276572.17500000005,3867063.424999996,0.05,-1856997.825,1733493.424999996
2026-03-10,seasonal_naive_7d,hormuz_tanker_capacity,42122.0,1911840.0,-1869718.0,1869718.0,16064373.0,54842.17500000005,3645333.424999996,12720.175000000047,3603211.424999996,0.05,-1856997.825,1733493.424999996
2026-03-11,seasonal_naive_7d,hormuz_tanker_capacity,51338.0,4484145.0,-4432807.0,4432807.0,20497180.0,2627147.175,6217638.424999996,2575809.175,6166300.424999996,0.05,-1856997.825,1733493.424999996
2026-03-12,seasonal_naive_7d,hormuz_tanker_capacity,5366.0,1611556.0,-1606190.0,1606190.0,22103370.0,-245441.82499999995,3345049.424999996,-250807.82499999995,3339683.424999996,0.05,-1856997.825,1733493.424999996
2026-03-13,seasonal_naive_7d,hormuz_tanker_capacity,23880.0,3153071.0,-3129191.0,3129191.0,25232561.0,1296073.175,4886564.424999996,1272193.175,4862684.424999996,0.05,-1856997.825,1733493.424999996
2026-03-15,seasonal_naive_7d,hormuz_tanker_capacity,348432.0,3433752.0,-3085320.0,3085320.0,28317881.0,1576754.175,5167245.424999996,1228322.175,4818813.424999996,0.05,-1856997.825,1733493.424999996
2026-03-16,seasonal_naive_7d,hormuz_tanker_capacity,0.0,2288511.0,-2288511.0,2288511.0,30606392.0,431513.17500000005,4022004.424999996,431513.17500000005,4022004.424999996,0.05,-1856997.825,1733493.424999996
2026-03-17,seasonal_naive_7d,hormuz_tanker_capacity,47804.0,1911840.0,-1864036.0,1864036.0,32470428.0,54842.17500000005,3645333.424999996,7038.175000000047,3597529.424999996,0.05,-1856997.825,1733493.424999996
2026-03-18,seasonal_naive_7d,hormuz_tanker_capacity,0.0,4484145.0,-4484145.0,4484145.0,36954573.0,2627147.175,6217638.424999996,2627147.175,6217638.424999996,0.05,-1856997.825,1733493.424999996
2026-03-19,seasonal_naive_7d,hormuz_tanker_capacity,34576.0,1611556.0,-1576980.0,1576980.0,38531553.0,-245441.82499999995,3345049.424999996,-280017.82499999995,3310473.424999996,0.05,-1856997.825,1733493.424999996
2026-03-20,seasonal_naive_7d,hormuz_tanker_capacity,118692.0,3153071.0,-3034379.0,3034379.0,41565932.0,1296073.175,4886564.424999996,1177381.175,4767872.424999996,0.05,-1856997.825,1733493.424999996
2026-03-21,seasonal_naive_7d,hormuz_tanker_capacity,0.0,2289889.0,-2289889.0,2289889.0,43855821.0,432891.17500000005,4023382.424999996,432891.17500000005,4023382.424999996,0.05,-1856997.825,1733493.424999996
2026-03-22,seasonal_naive_7d,hormuz_tanker_capacity,0.0,3433752.0,-3433752.0,3433752.0,47289573.0,1576754.175,5167245.424999996,1576754.175,5167245.424999996,0.05,-1856997.825,1733493.424999996
2026-03-23,seasonal_naive_7d,hormuz_tanker_capacity,53593.0,2288511.0,-2234918.0,2234918.0,49524491.0,431513.17500000005,4022004.424999996,377920.17500000005,3968411.424999996,0.05,-1856997.825,1733493.424999996
2026-03-26,seasonal_naive_7d,hormuz_tanker_capacity,0.0,1611556.0,-1611556.0,1611556.0,51136047.0,-245441.82499999995,3345049.424999996,-245441.82499999995,3345049.424999996,0.05,-1856997.825,1733493.424999996
2026-03-27,seasonal_naive_7d,hormuz_tanker_capacity,0.0,3153071.0,-3153071.0,3153071.0,54289118.0,1296073.175,4886564.424999996,1296073.175,4886564.424999996,0.05,-1856997.825,1733493.424999996
2026-03-28,seasonal_naive_7d,hormuz_tanker_capacity,0.0,2289889.0,-2289889.0,2289889.0,56579007.0,432891.17500000005,4023382.424999996,432891.17500000005,4023382.424999996,0.05,-1856997.825,1733493.424999996
2026-03-29,seasonal_naive_7d,hormuz_tanker_capacity,5464.0,3433752.0,-3428288.0,3428288.0,60007295.0,1576754.175,5167245.424999996,1571290.175,5161781.424999996,0.05,-1856997.825,1733493.424999996
2026-03-30,seasonal_naive_7d,hormuz_tanker_capacity,115147.0,2288511.0,-2173364.0,2173364.0,62180659.0,431513.17500000005,4022004.424999996,316366.17500000005,3906857.424999996,0.05,-1856997.825,1733493.424999996
2026-03-31,seasonal_naive_7d,hormuz_tanker_capacity,70842.0,1911840.0,-1840998.0,1840998.0,64021657.0,54842.17500000005,3645333.424999996,-15999.824999999953,3574491.424999996,0.05,-1856997.825,1733493.424999996
2026-04-01,seasonal_naive_7d,hormuz_tanker_capacity,0.0,4484145.0,-4484145.0,4484145.0,68505802.0,2627147.175,6217638.424999996,2627147.175,6217638.424999996,0.05,-1856997.825,1733493.424999996
2026-04-03,seasonal_naive_7d,hormuz_tanker_capacity,97195.0,3153071.0,-3055876.0,3055876.0,71561678.0,1296073.175,4886564.424999996,1198878.175,4789369.424999996,0.05,-1856997.825,1733493.424999996
2026-04-04,seasonal_naive_7d,hormuz_tanker_capacity,38238.0,2289889.0,-2251651.0,2251651.0,73813329.0,432891.17500000005,4023382.424999996,394653.17500000005,3985144.424999996,0.05,-1856997.825,1733493.424999996
2026-04-05,seasonal_naive_7d,hormuz_tanker_capacity,266704.0,3433752.0,-3167048.0,3167048.0,76980377.0,1576754.175,5167245.424999996,1310050.175,4900541.424999996,0.05,-1856997.825,1733493.424999996
2026-04-06,seasonal_naive_7d,hormuz_tanker_capacity,3964.0,2288511.0,-2284547.0,2284547.0,79264924.0,431513.17500000005,4022004.424999996,427549.17500000005,4018040.424999996,0.05,-1856997.825,1733493.424999996
2026-04-07,seasonal_naive_7d,hormuz_tanker_capacity,118890.0,1911840.0,-1792950.0,1792950.0,81057874.0,54842.17500000005,3645333.424999996,-64047.82499999995,3526443.424999996,0.05,-1856997.825,1733493.424999996
2026-04-08,seasonal_naive_7d,hormuz_tanker_capacity,0.0,4484145.0,-4484145.0,4484145.0,85542019.0,2627147.175,6217638.424999996,2627147.175,6217638.424999996,0.05,-1856997.825,1733493.424999996
2026-04-09,seasonal_naive_7d,hormuz_tanker_capacity,22735.0,1611556.0,-1588821.0,1588821.0,87130840.0,-245441.82499999995,3345049.424999996,-268176.82499999995,3322314.424999996,0.05,-1856997.825,1733493.424999996
2026-04-10,seasonal_naive_7d,hormuz_tanker_capacity,278711.0,3153071.0,-2874360.0,2874360.0,90005200.0,1296073.175,4886564.424999996,1017362.175,4607853.424999996,0.05,-1856997.825,1733493.424999996
2026-04-11,seasonal_naive_7d,hormuz_tanker_capacity,287665.0,2289889.0,-2002224.0,2002224.0,92007424.0,432891.17500000005,4023382.424999996,145226.17500000005,3735717.424999996,0.05,-1856997.825,1733493.424999996
2026-04-12,seasonal_naive_7d,hormuz_tanker_capacity,2004.0,3433752.0,-3431748.0,3431748.0,95439172.0,1576754.175,5167245.424999996,1574750.175,5165241.424999996,0.05,-1856997.825,1733493.424999996
2026-04-13,seasonal_naive_7d,hormuz_tanker_capacity,34634.0,2288511.0,-2253877.0,2253877.0,97693049.0,431513.17500000005,4022004.424999996,396879.17500000005,3987370.424999996,0.05,-1856997.825,1733493.424999996
2026-04-14,seasonal_naive_7d,hormuz_tanker_capacity,44920.0,1911840.0,-1866920.0,1866920.0,99559969.0,54842.17500000005,3645333.424999996,9922.175000000047,3600413.424999996,0.05,-1856997.825,1733493.424999996
2026-04-15,seasonal_naive_7d,hormuz_tanker_capacity,6839.0,4484145.0,-4477306.0,4477306.0,104037275.0,2627147.175,6217638.424999996,2620308.175,6210799.424999996,0.05,-1856997.825,1733493.424999996
2026-04-16,seasonal_naive_7d,hormuz_tanker_capacity,84152.0,1611556.0,-1527404.0,1527404.0,105564679.0,-245441.82499999995,3345049.424999996,-329593.82499999995,3260897.424999996,0.05,-1856997.825,1733493.424999996
2026-04-17,seasonal_naive_7d,hormuz_tanker_capacity,37270.0,3153071.0,-3115801.0,3115801.0,108680480.0,1296073.175,4886564.424999996,1258803.175,4849294.424999996,0.05,-1856997.825,1733493.424999996
2026-04-18,seasonal_naive_7d,hormuz_tanker_capacity,874185.0,2289889.0,-1415704.0,1415704.0,110096184.0,432891.17500000005,4023382.424999996,-441293.82499999995,3149197.424999996,0.05,-1856997.825,1733493.424999996
2026-04-19,seasonal_naive_7d,hormuz_tanker_capacity,9975.0,3433752.0,-3423777.0,3423777.0,113519961.0,1576754.175,5167245.424999996,1566779.175,5157270.424999996,0.05,-1856997.825,1733493.424999996
2026-04-20,seasonal_naive_7d,hormuz_tanker_capacity,43459.0,2288511.0,-2245052.0,2245052.0,115765013.0,431513.17500000005,4022004.424999996,388054.17500000005,3978545.424999996,0.05,-1856997.825,1733493.424999996
2026-04-21,seasonal_naive_7d,hormuz_tanker_capacity,71090.0,1911840.0,-1840750.0,1840750.0,117605763.0,54842.17500000005,3645333.424999996,-16247.824999999953,3574243.424999996,0.05,-1856997.825,1733493.424999996
2026-04-23,seasonal_naive_7d,hormuz_tanker_capacity,0.0,1611556.0,-1611556.0,1611556.0,119217319.0,-245441.82499999995,3345049.424999996,-245441.82499999995,3345049.424999996,0.05,-1856997.825,1733493.424999996
2026-04-24,seasonal_naive_7d,hormuz_tanker_capacity,310377.0,3153071.0,-2842694.0,2842694.0,122060013.0,1296073.175,4886564.424999996,985696.175,4576187.424999996,0.05,-1856997.825,1733493.424999996
2026-04-25,seasonal_naive_7d,hormuz_tanker_capacity,42882.0,2289889.0,-2247007.0,2247007.0,124307020.0,432891.17500000005,4023382.424999996,390009.17500000005,3980500.424999996,0.05,-1856997.825,1733493.424999996
2026-04-27,seasonal_naive_7d,hormuz_tanker_capacity,71366.0,2288511.0,-2217145.0,2217145.0,126524165.0,431513.17500000005,4022004.424999996,360147.17500000005,3950638.424999996,0.05,-1856997.825,1733493.424999996
2026-04-28,seasonal_naive_7d,hormuz_tanker_capacity,303841.0,1911840.0,-1607999.0,1607999.0,128132164.0,54842.17500000005,3645333.424999996,-248998.82499999995,3341492.424999996,0.05,-1856997.825,1733493.424999996
2026-04-29,seasonal_naive_7d,hormuz_tanker_capacity,11036.0,4484145.0,-4473109.0,4473109.0,132605273.0,2627147.175,6217638.424999996,2616111.175,6206602.424999996,0.05,-1856997.825,1733493.424999996
2026-04-30,seasonal_naive_7d,hormuz_tanker_capacity,4205.0,1611556.0,-1607351.0,1607351.0,134212624.0,-245441.82499999995,3345049.424999996,-249646.82499999995,3340844.424999996,0.05,-1856997.825,1733493.424999996
2026-05-01,seasonal_naive_7d,hormuz_tanker_capacity,36640.0,3153071.0,-3116431.0,3116431.0,137329055.0,1296073.175,4886564.424999996,1259433.175,4849924.424999996,0.05,-1856997.825,1733493.424999996
2026-05-02,seasonal_naive_7d,hormuz_tanker_capacity,45868.0,2289889.0,-2244021.0,2244021.0,139573076.0,432891.17500000005,4023382.424999996,387023.17500000005,3977514.424999996,0.05,-1856997.825,1733493.424999996
2026-05-04,seasonal_naive_7d,hormuz_tanker_capacity,0.0,2288511.0,-2288511.0,2288511.0,141861587.0,431513.17500000005,4022004.424999996,431513.17500000005,4022004.424999996,0.05,-1856997.825,1733493.424999996
2026-05-05,seasonal_naive_7d,hormuz_tanker_capacity,0.0,1911840.0,-1911840.0,1911840.0,143773427.0,54842.17500000005,3645333.424999996,54842.17500000005,3645333.424999996,0.05,-1856997.825,1733493.424999996
2026-05-06,seasonal_naive_7d,hormuz_tanker_capacity,0.0,4484145.0,-4484145.0,4484145.0,148257572.0,2627147.175,6217638.424999996,2627147.175,6217638.424999996,0.05,-1856997.825,1733493.424999996
2026-05-07,seasonal_naive_7d,hormuz_tanker_capacity,273027.0,1611556.0,-1338529.0,1338529.0,149596101.0,-245441.82499999995,3345049.424999996,-518468.82499999995,3072022.424999996,0.05,-1856997.825,1733493.424999996
2026-05-08,seasonal_naive_7d,hormuz_tanker_capacity,0.0,3153071.0,-3153071.0,3153071.0,152749172.0,1296073.175,4886564.424999996,1296073.175,4886564.424999996,0.05,-1856997.825,1733493.424999996
2026-05-09,seasonal_naive_7d,hormuz_tanker_capacity,98525.0,2289889.0,-2191364.0,2191364.0,154940536.0,432891.17500000005,4023382.424999996,334366.17500000005,3924857.424999996,0.05,-1856997.825,1733493.424999996
2026-05-10,seasonal_naive_7d,hormuz_tanker_capacity,319376.0,3433752.0,-3114376.0,3114376.0,158054912.0,1576754.175,5167245.424999996,1257378.175,4847869.424999996,0.05,-1856997.825,1733493.424999996
2026-05-11,seasonal_naive_7d,hormuz_tanker_capacity,88456.0,2288511.0,-2200055.0,2200055.0,160254967.0,431513.17500000005,4022004.424999996,343057.17500000005,3933548.424999996,0.05,-1856997.825,1733493.424999996
2026-05-12,seasonal_naive_7d,hormuz_tanker_capacity,82996.0,1911840.0,-1828844.0,1828844.0,162083811.0,54842.17500000005,3645333.424999996,-28153.824999999953,3562337.424999996,0.05,-1856997.825,1733493.424999996
2026-05-13,seasonal_naive_7d,hormuz_tanker_capacity,661047.0,4484145.0,-3823098.0,3823098.0,165906909.0,2627147.175,6217638.424999996,1966100.1749999998,5556591.424999996,0.05,-1856997.825,1733493.424999996
2026-05-14,seasonal_naive_7d,hormuz_tanker_capacity,42976.0,1611556.0,-1568580.0,1568580.0,167475489.0,-245441.82499999995,3345049.424999996,-288417.82499999995,3302073.424999996,0.05,-1856997.825,1733493.424999996
2026-05-15,seasonal_naive_7d,hormuz_tanker_capacity,5341.0,3153071.0,-3147730.0,3147730.0,170623219.0,1296073.175,4886564.424999996,1290732.175,4881223.424999996,0.05,-1856997.825,1733493.424999996
2026-05-16,seasonal_naive_7d,hormuz_tanker_capacity,36579.0,2289889.0,-2253310.0,2253310.0,172876529.0,432891.17500000005,4023382.424999996,396312.17500000005,3986803.424999996,0.05,-1856997.825,1733493.424999996
2026-05-17,seasonal_naive_7d,hormuz_tanker_capacity,0.0,3433752.0,-3433752.0,3433752.0,176310281.0,1576754.175,5167245.424999996,1576754.175,5167245.424999996,0.05,-1856997.825,1733493.424999996
2026-05-19,seasonal_naive_7d,hormuz_tanker_capacity,574856.0,1911840.0,-1336984.0,1336984.0,177647265.0,54842.17500000005,3645333.424999996,-520013.82499999995,3070477.424999996,0.05,-1856997.825,1733493.424999996
2026-05-20,seasonal_naive_7d,hormuz_tanker_capacity,290295.0,4484145.0,-4193850.0,4193850.0,181841115.0,2627147.175,6217638.424999996,2336852.175,5927343.424999996,0.05,-1856997.825,1733493.424999996
2026-05-21,seasonal_naive_7d,hormuz_tanker_capacity,42682.0,1611556.0,-1568874.0,1568874.0,183409989.0,-245441.82499999995,3345049.424999996,-288123.82499999995,3302367.424999996,0.05,-1856997.825,1733493.424999996
2026-05-22,seasonal_naive_7d,hormuz_tanker_capacity,0.0,3153071.0,-3153071.0,3153071.0,186563060.0,1296073.175,4886564.424999996,1296073.175,4886564.424999996,0.05,-1856997.825,1733493.424999996
2026-05-23,seasonal_naive_7d,hormuz_tanker_capacity,409069.0,2289889.0,-1880820.0,1880820.0,188443880.0,432891.17500000005,4023382.424999996,23822.175000000047,3614313.424999996,0.05,-1856997.825,1733493.424999996
2026-05-24,seasonal_naive_7d,hormuz_tanker_capacity,6839.0,3433752.0,-3426913.0,3426913.0,191870793.0,1576754.175,5167245.424999996,1569915.175,5160406.424999996,0.05,-1856997.825,1733493.424999996
2026-05-26,seasonal_naive_7d,hormuz_tanker_capacity,0.0,1911840.0,-1911840.0,1911840.0,193782633.0,54842.17500000005,3645333.424999996,54842.17500000005,3645333.424999996,0.05,-1856997.825,1733493.424999996
2026-05-27,seasonal_naive_7d,hormuz_tanker_capacity,106096.0,4484145.0,-4378049.0,4378049.0,198160682.0,2627147.175,6217638.424999996,2521051.175,6111542.424999996,0.05,-1856997.825,1733493.424999996
2026-05-28,seasonal_naive_7d,hormuz_tanker_capacity,0.0,1611556.0,-1611556.0,1611556.0,199772238.0,-245441.82499999995,3345049.424999996,-245441.82499999995,3345049.424999996,0.05,-1856997.825,1733493.424999996
2026-05-30,seasonal_naive_7d,hormuz_tanker_capacity,0.0,2289889.0,-2289889.0,2289889.0,202062127.0,432891.17500000005,4023382.424999996,432891.17500000005,4023382.424999996,0.05,-1856997.825,1733493.424999996
2026-05-31,seasonal_naive_7d,hormuz_tanker_capacity,594.0,3433752.0,-3433158.0,3433158.0,205495285.0,1576754.175,5167245.424999996,1576160.175,5166651.424999996,0.05,-1856997.825,1733493.424999996
2026-02-28,seasonal_naive_7d,hormuz_tanker_transits,44.0,54.0,-10.0,10.0,10.0,31.0,76.0,-13.0,32.0,0.05,-23.0,22.0
2026-03-01,seasonal_naive_7d,hormuz_tanker_transits,7.0,72.0,-65.0,65.0,75.0,49.0,94.0,42.0,87.0,0.05,-23.0,22.0
2026-03-02,seasonal_naive_7d,hormuz_tanker_transits,2.0,62.0,-60.0,60.0,135.0,39.0,84.0,37.0,82.0,0.05,-23.0,22.0
2026-03-03,seasonal_naive_7d,hormuz_tanker_transits,2.0,55.0,-53.0,53.0,188.0,32.0,77.0,30.0,75.0,0.05,-23.0,22.0
2026-03-04,seasonal_naive_7d,hormuz_tanker_transits,0.0,58.0,-58.0,58.0,246.0,35.0,80.0,35.0,80.0,0.05,-23.0,22.0
2026-03-05,seasonal_naive_7d,hormuz_tanker_transits,1.0,53.0,-52.0,52.0,298.0,30.0,75.0,29.0,74.0,0.05,-23.0,22.0
2026-03-06,seasonal_naive_7d,hormuz_tanker_transits,0.0,53.0,-53.0,53.0,351.0,30.0,75.0,30.0,75.0,0.05,-23.0,22.0
2026-03-07,seasonal_naive_7d,hormuz_tanker_transits,2.0,54.0,-52.0,52.0,403.0,31.0,76.0,29.0,74.0,0.05,-23.0,22.0
2026-03-08,seasonal_naive_7d,hormuz_tanker_transits,1.0,72.0,-71.0,71.0,474.0,49.0,94.0,48.0,93.0,0.05,-23.0,22.0
2026-03-09,seasonal_naive_7d,hormuz_tanker_transits,6.0,62.0,-56.0,56.0,530.0,39.0,84.0,33.0,78.0,0.05,-23.0,22.0
2026-03-10,seasonal_naive_7d,hormuz_tanker_transits,1.0,55.0,-54.0,54.0,584.0,32.0,77.0,31.0,76.0,0.05,-23.0,22.0
2026-03-11,seasonal_naive_7d,hormuz_tanker_transits,1.0,58.0,-57.0,57.0,641.0,35.0,80.0,34.0,79.0,0.05,-23.0,22.0
2026-03-12,seasonal_naive_7d,hormuz_tanker_transits,3.0,53.0,-50.0,50.0,691.0,30.0,75.0,27.0,72.0,0.05,-23.0,22.0
2026-03-13,seasonal_naive_7d,hormuz_tanker_transits,3.0,53.0,-50.0,50.0,741.0,30.0,75.0,27.0,72.0,0.05,-23.0,22.0
2026-03-14,seasonal_naive_7d,hormuz_tanker_transits,1.0,54.0,-53.0,53.0,794.0,31.0,76.0,30.0,75.0,0.05,-23.0,22.0
2026-03-15,seasonal_naive_7d,hormuz_tanker_transits,5.0,72.0,-67.0,67.0,861.0,49.0,94.0,44.0,89.0,0.05,-23.0,22.0
2026-03-16,seasonal_naive_7d,hormuz_tanker_transits,0.0,62.0,-62.0,62.0,923.0,39.0,84.0,39.0,84.0,0.05,-23.0,22.0
2026-03-17,seasonal_naive_7d,hormuz_tanker_transits,1.0,55.0,-54.0,54.0,977.0,32.0,77.0,31.0,76.0,0.05,-23.0,22.0
2026-03-18,seasonal_naive_7d,hormuz_tanker_transits,0.0,58.0,-58.0,58.0,1035.0,35.0,80.0,35.0,80.0,0.05,-23.0,22.0
2026-03-19,seasonal_naive_7d,hormuz_tanker_transits,1.0,53.0,-52.0,52.0,1087.0,30.0,75.0,29.0,74.0,0.05,-23.0,22.0
2026-03-20,seasonal_naive_7d,hormuz_tanker_transits,3.0,53.0,-50.0,50.0,1137.0,30.0,75.0,27.0,72.0,0.05,-23.0,22.0
2026-03-21,seasonal_naive_7d,hormuz_tanker_transits,0.0,54.0,-54.0,54.0,1191.0,31.0,76.0,31.0,76.0,0.05,-23.0,22.0
2026-03-22,seasonal_naive_7d,hormuz_tanker_transits,0.0,72.0,-72.0,72.0,1263.0,49.0,94.0,49.0,94.0,0.05,-23.0,22.0
2026-03-23,seasonal_naive_7d,hormuz_tanker_transits,2.0,62.0,-60.0,60.0,1323.0,39.0,84.0,37.0,82.0,0.05,-23.0,22.0
2026-03-24,seasonal_naive_7d,hormuz_tanker_transits,1.0,55.0,-54.0,54.0,1377.0,32.0,77.0,31.0,76.0,0.05,-23.0,22.0
2026-03-25,seasonal_naive_7d,hormuz_tanker_transits,1.0,58.0,-57.0,57.0,1434.0,35.0,80.0,34.0,79.0,0.05,-23.0,22.0
2026-03-26,seasonal_naive_7d,hormuz_tanker_transits,0.0,53.0,-53.0,53.0,1487.0,30.0,75.0,30.0,75.0,0.05,-23.0,22.0
2026-03-27,seasonal_naive_7d,hormuz_tanker_transits,0.0,53.0,-53.0,53.0,1540.0,30.0,75.0,30.0,75.0,0.05,-23.0,22.0
2026-03-28,seasonal_naive_7d,hormuz_tanker_transits,0.0,54.0,-54.0,54.0,1594.0,31.0,76.0,31.0,76.0,0.05,-23.0,22.0
2026-03-29,seasonal_naive_7d,hormuz_tanker_transits,2.0,72.0,-70.0,70.0,1664.0,49.0,94.0,47.0,92.0,0.05,-23.0,22.0
2026-03-30,seasonal_naive_7d,hormuz_tanker_transits,12.0,62.0,-50.0,50.0,1714.0,39.0,84.0,27.0,72.0,0.05,-23.0,22.0
2026-03-31,seasonal_naive_7d,hormuz_tanker_transits,2.0,55.0,-53.0,53.0,1767.0,32.0,77.0,30.0,75.0,0.05,-23.0,22.0
2026-04-01,seasonal_naive_7d,hormuz_tanker_transits,0.0,58.0,-58.0,58.0,1825.0,35.0,80.0,35.0,80.0,0.05,-23.0,22.0
2026-04-02,seasonal_naive_7d,hormuz_tanker_transits,2.0,53.0,-51.0,51.0,1876.0,30.0,75.0,28.0,73.0,0.05,-23.0,22.0
2026-04-03,seasonal_naive_7d,hormuz_tanker_transits,4.0,53.0,-49.0,49.0,1925.0,30.0,75.0,26.0,71.0,0.05,-23.0,22.0
2026-04-04,seasonal_naive_7d,hormuz_tanker_transits,2.0,54.0,-52.0,52.0,1977.0,31.0,76.0,29.0,74.0,0.05,-23.0,22.0
2026-04-05,seasonal_naive_7d,hormuz_tanker_transits,7.0,72.0,-65.0,65.0,2042.0,49.0,94.0,42.0,87.0,0.05,-23.0,22.0
2026-04-06,seasonal_naive_7d,hormuz_tanker_transits,1.0,62.0,-61.0,61.0,2103.0,39.0,84.0,38.0,83.0,0.05,-23.0,22.0
2026-04-07,seasonal_naive_7d,hormuz_tanker_transits,3.0,55.0,-52.0,52.0,2155.0,32.0,77.0,29.0,74.0,0.05,-23.0,22.0
2026-04-08,seasonal_naive_7d,hormuz_tanker_transits,0.0,58.0,-58.0,58.0,2213.0,35.0,80.0,35.0,80.0,0.05,-23.0,22.0
2026-04-09,seasonal_naive_7d,hormuz_tanker_transits,4.0,53.0,-49.0,49.0,2262.0,30.0,75.0,26.0,71.0,0.05,-23.0,22.0
2026-04-10,seasonal_naive_7d,hormuz_tanker_transits,1.0,53.0,-52.0,52.0,2314.0,30.0,75.0,29.0,74.0,0.05,-23.0,22.0
2026-04-11,seasonal_naive_7d,hormuz_tanker_transits,5.0,54.0,-49.0,49.0,2363.0,31.0,76.0,26.0,71.0,0.05,-23.0,22.0
2026-04-12,seasonal_naive_7d,hormuz_tanker_transits,3.0,72.0,-69.0,69.0,2432.0,49.0,94.0,46.0,91.0,0.05,-23.0,22.0
2026-04-13,seasonal_naive_7d,hormuz_tanker_transits,4.0,62.0,-58.0,58.0,2490.0,39.0,84.0,35.0,80.0,0.05,-23.0,22.0
2026-04-14,seasonal_naive_7d,hormuz_tanker_transits,3.0,55.0,-52.0,52.0,2542.0,32.0,77.0,29.0,74.0,0.05,-23.0,22.0
2026-04-15,seasonal_naive_7d,hormuz_tanker_transits,4.0,58.0,-54.0,54.0,2596.0,35.0,80.0,31.0,76.0,0.05,-23.0,22.0
2026-04-16,seasonal_naive_7d,hormuz_tanker_transits,3.0,53.0,-50.0,50.0,2646.0,30.0,75.0,27.0,72.0,0.05,-23.0,22.0
2026-04-17,seasonal_naive_7d,hormuz_tanker_transits,4.0,53.0,-49.0,49.0,2695.0,30.0,75.0,26.0,71.0,0.05,-23.0,22.0
2026-04-18,seasonal_naive_7d,hormuz_tanker_transits,16.0,54.0,-38.0,38.0,2733.0,31.0,76.0,15.0,60.0,0.05,-23.0,22.0
2026-04-19,seasonal_naive_7d,hormuz_tanker_transits,2.0,72.0,-70.0,70.0,2803.0,49.0,94.0,47.0,92.0,0.05,-23.0,22.0
2026-04-20,seasonal_naive_7d,hormuz_tanker_transits,4.0,62.0,-58.0,58.0,2861.0,39.0,84.0,35.0,80.0,0.05,-23.0,22.0
2026-04-21,seasonal_naive_7d,hormuz_tanker_transits,1.0,55.0,-54.0,54.0,2915.0,32.0,77.0,31.0,76.0,0.05,-23.0,22.0
2026-04-22,seasonal_naive_7d,hormuz_tanker_transits,2.0,58.0,-56.0,56.0,2971.0,35.0,80.0,33.0,78.0,0.05,-23.0,22.0
2026-04-23,seasonal_naive_7d,hormuz_tanker_transits,0.0,53.0,-53.0,53.0,3024.0,30.0,75.0,30.0,75.0,0.05,-23.0,22.0
2026-04-24,seasonal_naive_7d,hormuz_tanker_transits,2.0,53.0,-51.0,51.0,3075.0,30.0,75.0,28.0,73.0,0.05,-23.0,22.0
2026-04-25,seasonal_naive_7d,hormuz_tanker_transits,1.0,54.0,-53.0,53.0,3128.0,31.0,76.0,30.0,75.0,0.05,-23.0,22.0
2026-04-26,seasonal_naive_7d,hormuz_tanker_transits,1.0,72.0,-71.0,71.0,3199.0,49.0,94.0,48.0,93.0,0.05,-23.0,22.0
2026-04-27,seasonal_naive_7d,hormuz_tanker_transits,1.0,62.0,-61.0,61.0,3260.0,39.0,84.0,38.0,83.0,0.05,-23.0,22.0
2026-04-28,seasonal_naive_7d,hormuz_tanker_transits,3.0,55.0,-52.0,52.0,3312.0,32.0,77.0,29.0,74.0,0.05,-23.0,22.0
2026-04-29,seasonal_naive_7d,hormuz_tanker_transits,3.0,58.0,-55.0,55.0,3367.0,35.0,80.0,32.0,77.0,0.05,-23.0,22.0
2026-04-30,seasonal_naive_7d,hormuz_tanker_transits,3.0,53.0,-50.0,50.0,3417.0,30.0,75.0,27.0,72.0,0.05,-23.0,22.0
2026-05-01,seasonal_naive_7d,hormuz_tanker_transits,2.0,53.0,-51.0,51.0,3468.0,30.0,75.0,28.0,73.0,0.05,-23.0,22.0
2026-05-02,seasonal_naive_7d,hormuz_tanker_transits,2.0,54.0,-52.0,52.0,3520.0,31.0,76.0,29.0,74.0,0.05,-23.0,22.0
2026-05-03,seasonal_naive_7d,hormuz_tanker_transits,1.0,72.0,-71.0,71.0,3591.0,49.0,94.0,48.0,93.0,0.05,-23.0,22.0
2026-05-04,seasonal_naive_7d,hormuz_tanker_transits,0.0,62.0,-62.0,62.0,3653.0,39.0,84.0,39.0,84.0,0.05,-23.0,22.0
2026-05-05,seasonal_naive_7d,hormuz_tanker_transits,0.0,55.0,-55.0,55.0,3708.0,32.0,77.0,32.0,77.0,0.05,-23.0,22.0
2026-05-06,seasonal_naive_7d,hormuz_tanker_transits,0.0,58.0,-58.0,58.0,3766.0,35.0,80.0,35.0,80.0,0.05,-23.0,22.0
2026-05-07,seasonal_naive_7d,hormuz_tanker_transits,1.0,53.0,-52.0,52.0,3818.0,30.0,75.0,29.0,74.0,0.05,-23.0,22.0
2026-05-08,seasonal_naive_7d,hormuz_tanker_transits,0.0,53.0,-53.0,53.0,3871.0,30.0,75.0,30.0,75.0,0.05,-23.0,22.0
2026-05-09,seasonal_naive_7d,hormuz_tanker_transits,1.0,54.0,-53.0,53.0,3924.0,31.0,76.0,30.0,75.0,0.05,-23.0,22.0
2026-05-10,seasonal_naive_7d,hormuz_tanker_transits,2.0,72.0,-70.0,70.0,3994.0,49.0,94.0,47.0,92.0,0.05,-23.0,22.0
2026-05-11,seasonal_naive_7d,hormuz_tanker_transits,3.0,62.0,-59.0,59.0,4053.0,39.0,84.0,36.0,81.0,0.05,-23.0,22.0
2026-05-12,seasonal_naive_7d,hormuz_tanker_transits,3.0,55.0,-52.0,52.0,4105.0,32.0,77.0,29.0,74.0,0.05,-23.0,22.0
2026-05-13,seasonal_naive_7d,hormuz_tanker_transits,4.0,58.0,-54.0,54.0,4159.0,35.0,80.0,31.0,76.0,0.05,-23.0,22.0
2026-05-14,seasonal_naive_7d,hormuz_tanker_transits,4.0,53.0,-49.0,49.0,4208.0,30.0,75.0,26.0,71.0,0.05,-23.0,22.0
2026-05-15,seasonal_naive_7d,hormuz_tanker_transits,2.0,53.0,-51.0,51.0,4259.0,30.0,75.0,28.0,73.0,0.05,-23.0,22.0
2026-05-16,seasonal_naive_7d,hormuz_tanker_transits,2.0,54.0,-52.0,52.0,4311.0,31.0,76.0,29.0,74.0,0.05,-23.0,22.0
2026-05-17,seasonal_naive_7d,hormuz_tanker_transits,0.0,72.0,-72.0,72.0,4383.0,49.0,94.0,49.0,94.0,0.05,-23.0,22.0
2026-05-18,seasonal_naive_7d,hormuz_tanker_transits,1.0,62.0,-61.0,61.0,4444.0,39.0,84.0,38.0,83.0,0.05,-23.0,22.0
2026-05-19,seasonal_naive_7d,hormuz_tanker_transits,4.0,55.0,-51.0,51.0,4495.0,32.0,77.0,28.0,73.0,0.05,-23.0,22.0
2026-05-20,seasonal_naive_7d,hormuz_tanker_transits,4.0,58.0,-54.0,54.0,4549.0,35.0,80.0,31.0,76.0,0.05,-23.0,22.0
2026-05-21,seasonal_naive_7d,hormuz_tanker_transits,2.0,53.0,-51.0,51.0,4600.0,30.0,75.0,28.0,73.0,0.05,-23.0,22.0
2026-05-22,seasonal_naive_7d,hormuz_tanker_transits,0.0,53.0,-53.0,53.0,4653.0,30.0,75.0,30.0,75.0,0.05,-23.0,22.0
2026-05-23,seasonal_naive_7d,hormuz_tanker_transits,4.0,54.0,-50.0,50.0,4703.0,31.0,76.0,27.0,72.0,0.05,-23.0,22.0
2026-05-24,seasonal_naive_7d,hormuz_tanker_transits,2.0,72.0,-70.0,70.0,4773.0,49.0,94.0,47.0,92.0,0.05,-23.0,22.0
2026-05-25,seasonal_naive_7d,hormuz_tanker_transits,2.0,62.0,-60.0,60.0,4833.0,39.0,84.0,37.0,82.0,0.05,-23.0,22.0
2026-05-26,seasonal_naive_7d,hormuz_tanker_transits,0.0,55.0,-55.0,55.0,4888.0,32.0,77.0,32.0,77.0,0.05,-23.0,22.0
2026-05-27,seasonal_naive_7d,hormuz_tanker_transits,2.0,58.0,-56.0,56.0,4944.0,35.0,80.0,33.0,78.0,0.05,-23.0,22.0
2026-05-28,seasonal_naive_7d,hormuz_tanker_transits,0.0,53.0,-53.0,53.0,4997.0,30.0,75.0,30.0,75.0,0.05,-23.0,22.0
2026-05-29,seasonal_naive_7d,hormuz_tanker_transits,1.0,53.0,-52.0,52.0,5049.0,30.0,75.0,29.0,74.0,0.05,-23.0,22.0
2026-05-30,seasonal_naive_7d,hormuz_tanker_transits,0.0,54.0,-54.0,54.0,5103.0,31.0,76.0,31.0,76.0,0.05,-23.0,22.0
2026-05-31,seasonal_naive_7d,hormuz_tanker_transits,2.0,72.0,-70.0,70.0,5173.0,49.0,94.0,47.0,92.0,0.05,-23.0,22.0
2026-06-01,seasonal_naive_7d,hormuz_tanker_transits,1.0,62.0,-61.0,61.0,5234.0,39.0,84.0,38.0,83.0,0.05,-23.0,22.0
