date,model,target,y_true,y_pred,gap_observed_minus_predicted,throughput_loss_vs_counterfactual,cumulative_throughput_loss
2026-02-28,seasonal_naive_7d,hormuz_tanker_transits,35.0,67.0,-32.0,32.0,32.0
2026-03-01,seasonal_naive_7d,hormuz_tanker_transits,10.0,83.0,-73.0,73.0,105.0
2026-03-02,seasonal_naive_7d,hormuz_tanker_transits,2.0,73.0,-71.0,71.0,176.0
2026-03-03,seasonal_naive_7d,hormuz_tanker_transits,2.0,32.0,-30.0,30.0,206.0
2026-03-04,seasonal_naive_7d,hormuz_tanker_transits,0.0,66.0,-66.0,66.0,272.0
2026-03-05,seasonal_naive_7d,hormuz_tanker_transits,1.0,55.0,-54.0,54.0,326.0
2026-03-06,seasonal_naive_7d,hormuz_tanker_transits,0.0,35.0,-35.0,35.0,361.0
2026-03-07,seasonal_naive_7d,hormuz_tanker_transits,0.0,67.0,-67.0,67.0,428.0
2026-03-08,seasonal_naive_7d,hormuz_tanker_transits,0.0,83.0,-83.0,83.0,511.0
2026-03-09,seasonal_naive_7d,hormuz_tanker_transits,0.0,73.0,-73.0,73.0,584.0
2026-03-10,seasonal_naive_7d,hormuz_tanker_transits,1.0,32.0,-31.0,31.0,615.0
2026-03-11,seasonal_naive_7d,hormuz_tanker_transits,1.0,66.0,-65.0,65.0,680.0
2026-03-12,seasonal_naive_7d,hormuz_tanker_transits,0.0,55.0,-55.0,55.0,735.0
2026-03-13,seasonal_naive_7d,hormuz_tanker_transits,0.0,35.0,-35.0,35.0,770.0
2026-03-14,seasonal_naive_7d,hormuz_tanker_transits,0.0,67.0,-67.0,67.0,837.0
2026-03-15,seasonal_naive_7d,hormuz_tanker_transits,2.0,83.0,-81.0,81.0,918.0
2026-03-16,seasonal_naive_7d,hormuz_tanker_transits,0.0,73.0,-73.0,73.0,991.0
2026-03-17,seasonal_naive_7d,hormuz_tanker_transits,1.0,32.0,-31.0,31.0,1022.0
2026-03-18,seasonal_naive_7d,hormuz_tanker_transits,0.0,66.0,-66.0,66.0,1088.0
2026-03-19,seasonal_naive_7d,hormuz_tanker_transits,0.0,55.0,-55.0,55.0,1143.0
2026-03-20,seasonal_naive_7d,hormuz_tanker_transits,2.0,35.0,-33.0,33.0,1176.0
2026-03-21,seasonal_naive_7d,hormuz_tanker_transits,0.0,67.0,-67.0,67.0,1243.0
2026-03-22,seasonal_naive_7d,hormuz_tanker_transits,0.0,83.0,-83.0,83.0,1326.0
2026-03-23,seasonal_naive_7d,hormuz_tanker_transits,2.0,73.0,-71.0,71.0,1397.0
2026-03-24,seasonal_naive_7d,hormuz_tanker_transits,1.0,32.0,-31.0,31.0,1428.0
2026-03-25,seasonal_naive_7d,hormuz_tanker_transits,1.0,66.0,-65.0,65.0,1493.0
2026-03-26,seasonal_naive_7d,hormuz_tanker_transits,0.0,55.0,-55.0,55.0,1548.0
2026-03-27,seasonal_naive_7d,hormuz_tanker_transits,0.0,35.0,-35.0,35.0,1583.0
2026-03-28,seasonal_naive_7d,hormuz_tanker_transits,1.0,67.0,-66.0,66.0,1649.0
2026-03-29,seasonal_naive_7d,hormuz_tanker_transits,2.0,83.0,-81.0,81.0,1730.0
2026-03-30,seasonal_naive_7d,hormuz_tanker_transits,5.0,73.0,-68.0,68.0,1798.0
2026-03-31,seasonal_naive_7d,hormuz_tanker_transits,5.0,32.0,-27.0,27.0,1825.0
2026-04-01,seasonal_naive_7d,hormuz_tanker_transits,3.0,66.0,-63.0,63.0,1888.0
2026-04-02,seasonal_naive_7d,hormuz_tanker_transits,1.0,55.0,-54.0,54.0,1942.0
2026-04-03,seasonal_naive_7d,hormuz_tanker_transits,5.0,35.0,-30.0,30.0,1972.0
2026-04-04,seasonal_naive_7d,hormuz_tanker_transits,4.0,67.0,-63.0,63.0,2035.0
2026-04-05,seasonal_naive_7d,hormuz_tanker_transits,5.0,83.0,-78.0,78.0,2113.0
2026-04-06,seasonal_naive_7d,hormuz_tanker_transits,1.0,73.0,-72.0,72.0,2185.0
2026-04-07,seasonal_naive_7d,hormuz_tanker_transits,3.0,32.0,-29.0,29.0,2214.0
2026-04-08,seasonal_naive_7d,hormuz_tanker_transits,1.0,66.0,-65.0,65.0,2279.0
2026-04-09,seasonal_naive_7d,hormuz_tanker_transits,5.0,55.0,-50.0,50.0,2329.0
2026-04-10,seasonal_naive_7d,hormuz_tanker_transits,1.0,35.0,-34.0,34.0,2363.0
2026-04-11,seasonal_naive_7d,hormuz_tanker_transits,4.0,67.0,-63.0,63.0,2426.0
2026-04-12,seasonal_naive_7d,hormuz_tanker_transits,4.0,83.0,-79.0,79.0,2505.0
2026-04-13,seasonal_naive_7d,hormuz_tanker_transits,4.0,73.0,-69.0,69.0,2574.0
2026-04-14,seasonal_naive_7d,hormuz_tanker_transits,5.0,32.0,-27.0,27.0,2601.0
2026-04-15,seasonal_naive_7d,hormuz_tanker_transits,7.0,66.0,-59.0,59.0,2660.0
2026-04-16,seasonal_naive_7d,hormuz_tanker_transits,5.0,55.0,-50.0,50.0,2710.0
2026-04-17,seasonal_naive_7d,hormuz_tanker_transits,10.0,35.0,-25.0,25.0,2735.0
2026-04-18,seasonal_naive_7d,hormuz_tanker_transits,14.0,67.0,-53.0,53.0,2788.0
2026-04-19,seasonal_naive_7d,hormuz_tanker_transits,5.0,83.0,-78.0,78.0,2866.0
2026-04-20,seasonal_naive_7d,hormuz_tanker_transits,5.0,73.0,-68.0,68.0,2934.0
2026-04-21,seasonal_naive_7d,hormuz_tanker_transits,3.0,32.0,-29.0,29.0,2963.0
2026-04-22,seasonal_naive_7d,hormuz_tanker_transits,4.0,66.0,-62.0,62.0,3025.0
2026-04-23,seasonal_naive_7d,hormuz_tanker_transits,2.0,55.0,-53.0,53.0,3078.0
2026-04-24,seasonal_naive_7d,hormuz_tanker_transits,3.0,35.0,-32.0,32.0,3110.0
2026-04-25,seasonal_naive_7d,hormuz_tanker_transits,2.0,67.0,-65.0,65.0,3175.0
2026-04-26,seasonal_naive_7d,hormuz_tanker_transits,2.0,83.0,-81.0,81.0,3256.0
2026-04-27,seasonal_naive_7d,hormuz_tanker_transits,0.0,73.0,-73.0,73.0,3329.0
2026-04-28,seasonal_naive_7d,hormuz_tanker_transits,2.0,32.0,-30.0,30.0,3359.0
2026-04-29,seasonal_naive_7d,hormuz_tanker_transits,3.0,66.0,-63.0,63.0,3422.0
2026-04-30,seasonal_naive_7d,hormuz_tanker_transits,4.0,55.0,-51.0,51.0,3473.0
2026-05-01,seasonal_naive_7d,hormuz_tanker_transits,4.0,35.0,-31.0,31.0,3504.0
2026-05-02,seasonal_naive_7d,hormuz_tanker_transits,5.0,67.0,-62.0,62.0,3566.0
2026-05-03,seasonal_naive_7d,hormuz_tanker_transits,1.0,83.0,-82.0,82.0,3648.0
2026-05-04,seasonal_naive_7d,hormuz_tanker_transits,0.0,73.0,-73.0,73.0,3721.0
2026-05-05,seasonal_naive_7d,hormuz_tanker_transits,0.0,32.0,-32.0,32.0,3753.0
2026-05-06,seasonal_naive_7d,hormuz_tanker_transits,0.0,66.0,-66.0,66.0,3819.0
2026-05-07,seasonal_naive_7d,hormuz_tanker_transits,1.0,55.0,-54.0,54.0,3873.0
2026-05-08,seasonal_naive_7d,hormuz_tanker_transits,1.0,35.0,-34.0,34.0,3907.0
2026-05-09,seasonal_naive_7d,hormuz_tanker_transits,2.0,67.0,-65.0,65.0,3972.0
2026-05-10,seasonal_naive_7d,hormuz_tanker_transits,3.0,83.0,-80.0,80.0,4052.0
2026-05-11,seasonal_naive_7d,hormuz_tanker_transits,4.0,73.0,-69.0,69.0,4121.0
2026-05-12,seasonal_naive_7d,hormuz_tanker_transits,1.0,32.0,-31.0,31.0,4152.0
2026-05-13,seasonal_naive_7d,hormuz_tanker_transits,2.0,66.0,-64.0,64.0,4216.0
2026-05-14,seasonal_naive_7d,hormuz_tanker_transits,4.0,55.0,-51.0,51.0,4267.0
2026-05-15,seasonal_naive_7d,hormuz_tanker_transits,2.0,35.0,-33.0,33.0,4300.0
2026-05-16,seasonal_naive_7d,hormuz_tanker_transits,2.0,67.0,-65.0,65.0,4365.0
2026-05-17,seasonal_naive_7d,hormuz_tanker_transits,2.0,83.0,-81.0,81.0,4446.0
2026-05-18,seasonal_naive_7d,hormuz_tanker_transits,1.0,73.0,-72.0,72.0,4518.0
2026-05-19,seasonal_naive_7d,hormuz_tanker_transits,3.0,32.0,-29.0,29.0,4547.0
2026-05-20,seasonal_naive_7d,hormuz_tanker_transits,5.0,66.0,-61.0,61.0,4608.0
2026-05-21,seasonal_naive_7d,hormuz_tanker_transits,2.0,55.0,-53.0,53.0,4661.0
2026-05-22,seasonal_naive_7d,hormuz_tanker_transits,0.0,35.0,-35.0,35.0,4696.0
2026-05-23,seasonal_naive_7d,hormuz_tanker_transits,1.0,67.0,-66.0,66.0,4762.0
2026-05-24,seasonal_naive_7d,hormuz_tanker_transits,2.0,83.0,-81.0,81.0,4843.0
2026-05-25,seasonal_naive_7d,hormuz_tanker_transits,0.0,73.0,-73.0,73.0,4916.0
2026-05-26,seasonal_naive_7d,hormuz_tanker_transits,2.0,32.0,-30.0,30.0,4946.0
2026-05-27,seasonal_naive_7d,hormuz_tanker_transits,2.0,66.0,-64.0,64.0,5010.0
2026-05-28,seasonal_naive_7d,hormuz_tanker_transits,0.0,55.0,-55.0,55.0,5065.0
2026-05-29,seasonal_naive_7d,hormuz_tanker_transits,0.0,35.0,-35.0,35.0,5100.0
2026-05-30,seasonal_naive_7d,hormuz_tanker_transits,1.0,67.0,-66.0,66.0,5166.0
2026-05-31,seasonal_naive_7d,hormuz_tanker_transits,0.0,83.0,-83.0,83.0,5249.0
2026-06-01,seasonal_naive_7d,hormuz_tanker_transits,2.0,73.0,-71.0,71.0,5320.0
2026-06-02,seasonal_naive_7d,hormuz_tanker_transits,4.0,32.0,-28.0,28.0,5348.0
2026-06-03,seasonal_naive_7d,hormuz_tanker_transits,4.0,66.0,-62.0,62.0,5410.0
2026-06-04,seasonal_naive_7d,hormuz_tanker_transits,2.0,55.0,-53.0,53.0,5463.0
2026-06-05,seasonal_naive_7d,hormuz_tanker_transits,0.0,35.0,-35.0,35.0,5498.0
2026-06-06,seasonal_naive_7d,hormuz_tanker_transits,0.0,67.0,-67.0,67.0,5565.0
2026-06-07,seasonal_naive_7d,hormuz_tanker_transits,1.0,83.0,-82.0,82.0,5647.0
2026-06-08,seasonal_naive_7d,hormuz_tanker_transits,2.0,73.0,-71.0,71.0,5718.0
2026-06-09,seasonal_naive_7d,hormuz_tanker_transits,2.0,32.0,-30.0,30.0,5748.0
2026-06-10,seasonal_naive_7d,hormuz_tanker_transits,1.0,66.0,-65.0,65.0,5813.0
2026-06-11,seasonal_naive_7d,hormuz_tanker_transits,2.0,55.0,-53.0,53.0,5866.0
2026-06-12,seasonal_naive_7d,hormuz_tanker_transits,1.0,35.0,-34.0,34.0,5900.0
2026-06-13,seasonal_naive_7d,hormuz_tanker_transits,0.0,67.0,-67.0,67.0,5967.0
2026-06-14,seasonal_naive_7d,hormuz_tanker_transits,0.0,83.0,-83.0,83.0,6050.0
2026-06-15,seasonal_naive_7d,hormuz_tanker_transits,1.0,73.0,-72.0,72.0,6122.0
2026-06-16,seasonal_naive_7d,hormuz_tanker_transits,2.0,32.0,-30.0,30.0,6152.0
2026-06-17,seasonal_naive_7d,hormuz_tanker_transits,1.0,66.0,-65.0,65.0,6217.0
2026-06-18,seasonal_naive_7d,hormuz_tanker_transits,11.0,55.0,-44.0,44.0,6261.0
2026-06-19,seasonal_naive_7d,hormuz_tanker_transits,5.0,35.0,-30.0,30.0,6291.0
2026-06-20,seasonal_naive_7d,hormuz_tanker_transits,12.0,67.0,-55.0,55.0,6346.0
2026-06-21,seasonal_naive_7d,hormuz_tanker_transits,1.0,83.0,-82.0,82.0,6428.0
2026-06-22,seasonal_naive_7d,hormuz_tanker_transits,9.0,73.0,-64.0,64.0,6492.0
2026-06-23,seasonal_naive_7d,hormuz_tanker_transits,5.0,32.0,-27.0,27.0,6519.0
2026-06-24,seasonal_naive_7d,hormuz_tanker_transits,21.0,66.0,-45.0,45.0,6564.0
2026-06-25,seasonal_naive_7d,hormuz_tanker_transits,23.0,55.0,-32.0,32.0,6596.0
2026-06-26,seasonal_naive_7d,hormuz_tanker_transits,19.0,35.0,-16.0,16.0,6612.0
2026-06-27,seasonal_naive_7d,hormuz_tanker_transits,9.0,67.0,-58.0,58.0,6670.0
2026-06-28,seasonal_naive_7d,hormuz_tanker_transits,11.0,83.0,-72.0,72.0,6742.0
2026-06-29,seasonal_naive_7d,hormuz_tanker_transits,13.0,73.0,-60.0,60.0,6802.0
2026-06-30,seasonal_naive_7d,hormuz_tanker_transits,6.0,32.0,-26.0,26.0,6828.0
2026-07-01,seasonal_naive_7d,hormuz_tanker_transits,23.0,66.0,-43.0,43.0,6871.0
2026-07-02,seasonal_naive_7d,hormuz_tanker_transits,18.0,55.0,-37.0,37.0,6908.0
2026-07-03,seasonal_naive_7d,hormuz_tanker_transits,21.0,35.0,-14.0,14.0,6922.0
2026-07-04,seasonal_naive_7d,hormuz_tanker_transits,11.0,67.0,-56.0,56.0,6978.0
2026-07-05,seasonal_naive_7d,hormuz_tanker_transits,16.0,83.0,-67.0,67.0,7045.0
2026-07-06,seasonal_naive_7d,hormuz_tanker_transits,14.0,73.0,-59.0,59.0,7104.0
2026-07-07,seasonal_naive_7d,hormuz_tanker_transits,12.0,32.0,-20.0,20.0,7124.0
2026-02-28,ar_lag1_7,hormuz_tanker_transits,35.0,48.609703179579625,-13.609703179579625,13.609703179579625,13.609703179579625
2026-03-01,ar_lag1_7,hormuz_tanker_transits,10.0,57.71054019685415,-47.71054019685415,47.71054019685415,61.32024337643377
2026-03-02,ar_lag1_7,hormuz_tanker_transits,2.0,59.91792022875075,-57.91792022875075,57.91792022875075,119.23816360518452
2026-03-03,ar_lag1_7,hormuz_tanker_transits,2.0,53.545210768238306,-51.545210768238306,51.545210768238306,170.78337437342282
2026-03-04,ar_lag1_7,hormuz_tanker_transits,0.0,56.540447983083,-56.540447983083,56.540447983083,227.32382235650581
2026-03-05,ar_lag1_7,hormuz_tanker_transits,1.0,56.49856104355179,-55.49856104355179,55.49856104355179,282.8223834000576
2026-03-06,ar_lag1_7,hormuz_tanker_transits,0.0,53.37628871638427,-53.37628871638427,53.37628871638427,336.1986721164419
2026-03-07,ar_lag1_7,hormuz_tanker_transits,0.0,54.31470539071187,-54.31470539071187,54.31470539071187,390.5133775071538
2026-03-08,ar_lag1_7,hormuz_tanker_transits,0.0,56.051504463714366,-56.051504463714366,56.051504463714366,446.56488197086816
2026-03-09,ar_lag1_7,hormuz_tanker_transits,0.0,56.82019241745776,-56.82019241745776,56.82019241745776,503.3850743883259
2026-03-10,ar_lag1_7,hormuz_tanker_transits,1.0,55.814851733614795,-54.814851733614795,54.814851733614795,558.1999261219407
2026-03-11,ar_lag1_7,hormuz_tanker_transits,1.0,55.985792816522384,-54.985792816522384,54.985792816522384,613.1857189384631
2026-03-12,ar_lag1_7,hormuz_tanker_transits,0.0,56.49165175283239,-56.49165175283239,56.49165175283239,669.6773706912954
2026-03-13,ar_lag1_7,hormuz_tanker_transits,0.0,56.59221835521494,-56.59221835521494,56.59221835521494,726.2695890465104
2026-03-14,ar_lag1_7,hormuz_tanker_transits,0.0,56.87636566100408,-56.87636566100408,56.87636566100408,783.1459547075145
2026-03-15,ar_lag1_7,hormuz_tanker_transits,2.0,57.00525365221304,-55.00525365221304,55.00525365221304,838.1512083597275
2026-03-16,ar_lag1_7,hormuz_tanker_transits,0.0,56.7408184686938,-56.7408184686938,56.7408184686938,894.8920268284213
2026-03-17,ar_lag1_7,hormuz_tanker_transits,1.0,56.173905332756725,-55.173905332756725,55.173905332756725,950.065932161178
2026-03-18,ar_lag1_7,hormuz_tanker_transits,0.0,56.06304374255215,-56.06304374255215,56.06304374255215,1006.1289759037302
2026-03-19,ar_lag1_7,hormuz_tanker_transits,0.0,56.52796790635502,-56.52796790635502,56.52796790635502,1062.6569438100853
2026-03-20,ar_lag1_7,hormuz_tanker_transits,2.0,57.173248745475156,-55.173248745475156,55.173248745475156,1117.8301925555604
2026-03-21,ar_lag1_7,hormuz_tanker_transits,0.0,57.6073851711823,-57.6073851711823,57.6073851711823,1175.4375777267428
2026-03-22,ar_lag1_7,hormuz_tanker_transits,0.0,57.527449091318374,-57.527449091318374,57.527449091318374,1232.9650268180612
2026-03-23,ar_lag1_7,hormuz_tanker_transits,2.0,56.98058269497132,-54.98058269497132,54.98058269497132,1287.9456095130327
2026-03-24,ar_lag1_7,hormuz_tanker_transits,1.0,56.35327831301435,-55.35327831301435,55.35327831301435,1343.298887826047
2026-03-25,ar_lag1_7,hormuz_tanker_transits,1.0,56.16371201209175,-55.16371201209175,55.16371201209175,1398.4625998381387
2026-03-26,ar_lag1_7,hormuz_tanker_transits,0.0,56.58323215448472,-56.58323215448472,56.58323215448472,1455.0458319926233
2026-03-27,ar_lag1_7,hormuz_tanker_transits,0.0,57.30188368019232,-57.30188368019232,57.30188368019232,1512.3477156728156
2026-03-28,ar_lag1_7,hormuz_tanker_transits,1.0,57.79793789023275,-56.79793789023275,56.79793789023275,1569.1456535630484
2026-03-29,ar_lag1_7,hormuz_tanker_transits,2.0,57.7114966716569,-55.7114966716569,55.7114966716569,1624.8571502347054
2026-03-30,ar_lag1_7,hormuz_tanker_transits,5.0,57.111991978162486,-52.111991978162486,52.111991978162486,1676.9691422128678
2026-03-31,ar_lag1_7,hormuz_tanker_transits,5.0,56.448537467413104,-51.448537467413104,51.448537467413104,1728.417679680281
2026-04-01,ar_lag1_7,hormuz_tanker_transits,3.0,56.227622298164604,-53.227622298164604,53.227622298164604,1781.6453019784456
2026-04-02,ar_lag1_7,hormuz_tanker_transits,1.0,56.623959750932826,-55.623959750932826,55.623959750932826,1837.2692617293783
2026-04-03,ar_lag1_7,hormuz_tanker_transits,5.0,57.34420329174646,-52.34420329174646,52.34420329174646,1889.6134650211247
2026-04-04,ar_lag1_7,hormuz_tanker_transits,4.0,57.85187805085652,-53.85187805085652,53.85187805085652,1943.4653430719814
2026-04-05,ar_lag1_7,hormuz_tanker_transits,5.0,57.76994218946241,-52.76994218946241,52.76994218946241,1996.2352852614438
2026-04-06,ar_lag1_7,hormuz_tanker_transits,1.0,57.163404543190886,-56.163404543190886,56.163404543190886,2052.3986898046346
2026-04-07,ar_lag1_7,hormuz_tanker_transits,3.0,56.49020056871904,-53.49020056871904,53.49020056871904,2105.8888903733537
2026-04-08,ar_lag1_7,hormuz_tanker_transits,1.0,56.25905744073978,-55.25905744073978,55.25905744073978,2161.1479478140936
2026-04-09,ar_lag1_7,hormuz_tanker_transits,5.0,56.646365101800946,-51.646365101800946,51.646365101800946,2212.794312915895
2026-04-10,ar_lag1_7,hormuz_tanker_transits,1.0,57.362501095528,-56.362501095528,56.362501095528,2269.1568140114227
2026-04-11,ar_lag1_7,hormuz_tanker_transits,4.0,57.87021627938474,-53.87021627938474,53.87021627938474,2323.0270302908075
2026-04-12,ar_lag1_7,hormuz_tanker_transits,4.0,57.78908933511327,-53.78908933511327,53.78908933511327,2376.8161196259207
2026-04-13,ar_lag1_7,hormuz_tanker_transits,4.0,57.18171255902632,-53.18171255902632,53.18171255902632,2429.997832184947
2026-04-14,ar_lag1_7,hormuz_tanker_transits,5.0,56.50639297741303,-51.50639297741303,51.50639297741303,2481.50422516236
2026-04-15,ar_lag1_7,hormuz_tanker_transits,7.0,56.272430335396024,-49.272430335396024,49.272430335396024,2530.776655497756
2026-04-16,ar_lag1_7,hormuz_tanker_transits,5.0,56.65678644525228,-51.65678644525228,51.65678644525228,2582.4334419430083
2026-04-17,ar_lag1_7,hormuz_tanker_transits,10.0,57.370769060444765,-47.370769060444765,47.370769060444765,2629.804211003453
2026-04-18,ar_lag1_7,hormuz_tanker_transits,14.0,57.877445268662086,-43.877445268662086,43.877445268662086,2673.681656272115
2026-04-19,ar_lag1_7,hormuz_tanker_transits,5.0,57.79595532769034,-52.79595532769034,52.79595532769034,2726.4776115998056
2026-04-20,ar_lag1_7,hormuz_tanker_transits,5.0,57.18825521227527,-52.18825521227527,52.18825521227527,2778.665866812081
2026-04-21,ar_lag1_7,hormuz_tanker_transits,3.0,56.51240793372372,-53.51240793372372,53.51240793372372,2832.1782747458046
2026-04-22,ar_lag1_7,hormuz_tanker_transits,4.0,56.27769500764047,-52.27769500764047,52.27769500764047,2884.455969753445
2026-04-23,ar_lag1_7,hormuz_tanker_transits,2.0,56.661169574972355,-54.661169574972355,54.661169574972355,2939.1171393284176
2026-04-24,ar_lag1_7,hormuz_tanker_transits,3.0,57.37434671499558,-54.37434671499558,54.37434671499558,2993.4914860434133
2026-04-25,ar_lag1_7,hormuz_tanker_transits,2.0,57.880449628511464,-55.880449628511464,55.880449628511464,3049.371935671925
2026-04-26,ar_lag1_7,hormuz_tanker_transits,2.0,57.79861760300221,-55.79861760300221,55.79861760300221,3105.170553274927
2026-04-27,ar_lag1_7,hormuz_tanker_transits,0.0,57.19069466662863,-57.19069466662863,57.19069466662863,3162.3612479415556
2026-04-28,ar_lag1_7,hormuz_tanker_transits,2.0,56.5146467016008,-54.5146467016008,54.5146467016008,3216.8758946431562
2026-04-29,ar_lag1_7,hormuz_tanker_transits,3.0,56.27970484705971,-53.27970484705971,53.27970484705971,3270.155599490216
2026-04-30,ar_lag1_7,hormuz_tanker_transits,4.0,56.66291377191511,-52.66291377191511,52.66291377191511,3322.818513262131
2026-05-01,ar_lag1_7,hormuz_tanker_transits,4.0,57.3758207607163,-53.3758207607163,53.3758207607163,3376.194334022847
2026-05-02,ar_lag1_7,hormuz_tanker_transits,5.0,57.88169200776248,-52.88169200776248,52.88169200776248,3429.0760260306097
2026-05-03,ar_lag1_7,hormuz_tanker_transits,1.0,57.7996875157191,-56.7996875157191,56.7996875157191,3485.875713546329
2026-05-04,ar_lag1_7,hormuz_tanker_transits,0.0,57.191641764084864,-57.191641764084864,57.191641764084864,3543.067355310414
2026-05-05,ar_lag1_7,hormuz_tanker_transits,0.0,56.51549898081782,-56.51549898081782,56.51549898081782,3599.582854291232
2026-05-06,ar_lag1_7,hormuz_tanker_transits,0.0,56.28047096066485,-56.28047096066485,56.28047096066485,3655.8633252518966
2026-05-07,ar_lag1_7,hormuz_tanker_transits,1.0,56.663591491321704,-55.663591491321704,55.663591491321704,3711.5269167432184
2026-05-08,ar_lag1_7,hormuz_tanker_transits,1.0,57.3764082134592,-56.3764082134592,56.3764082134592,3767.903324956678
2026-05-09,ar_lag1_7,hormuz_tanker_transits,2.0,57.882195026271305,-55.882195026271305,55.882195026271305,3823.785519982949
2026-05-10,ar_lag1_7,hormuz_tanker_transits,3.0,57.80011930429878,-54.80011930429878,54.80011930429878,3878.585639287248
2026-05-11,ar_lag1_7,hormuz_tanker_transits,4.0,57.192017435312295,-53.192017435312295,53.192017435312295,3931.77765672256
2026-05-12,ar_lag1_7,hormuz_tanker_transits,1.0,56.51583078071837,-55.51583078071837,55.51583078071837,3987.2934875032784
2026-05-13,ar_lag1_7,hormuz_tanker_transits,2.0,56.280766353879294,-54.280766353879294,54.280766353879294,4041.5742538571576
2026-05-14,ar_lag1_7,hormuz_tanker_transits,4.0,56.663853713566844,-52.663853713566844,52.663853713566844,4094.2381075707244
2026-05-15,ar_lag1_7,hormuz_tanker_transits,2.0,57.37663850853402,-55.37663850853402,55.37663850853402,4149.614746079258
2026-05-16,ar_lag1_7,hormuz_tanker_transits,2.0,57.882395020147854,-55.882395020147854,55.882395020147854,4205.497141099406
2026-05-17,ar_lag1_7,hormuz_tanker_transits,2.0,57.80029210005561,-55.80029210005561,55.80029210005561,4261.297433199461
2026-05-18,ar_lag1_7,hormuz_tanker_transits,1.0,57.192167187873764,-56.192167187873764,56.192167187873764,4317.489600387335
2026-05-19,ar_lag1_7,hormuz_tanker_transits,3.0,56.51596165378685,-53.51596165378685,53.51596165378685,4371.005562041121
2026-05-20,ar_lag1_7,hormuz_tanker_transits,5.0,56.2808816777851,-51.2808816777851,51.2808816777851,4422.286443718906
2026-05-21,ar_lag1_7,hormuz_tanker_transits,2.0,56.663955672956675,-54.663955672956675,54.663955672956675,4476.950399391863
2026-05-22,ar_lag1_7,hormuz_tanker_transits,0.0,57.376728382552024,-57.376728382552024,57.376728382552024,4534.327127774415
2026-05-23,ar_lag1_7,hormuz_tanker_transits,1.0,57.882473715019415,-56.882473715019415,56.882473715019415,4591.209601489435
2026-05-24,ar_lag1_7,hormuz_tanker_transits,2.0,57.800360599621264,-55.800360599621264,55.800360599621264,4647.009962089056
2026-05-25,ar_lag1_7,hormuz_tanker_transits,0.0,57.19222669794722,-57.19222669794722,57.19222669794722,4704.202188787003
2026-05-26,ar_lag1_7,hormuz_tanker_transits,2.0,56.51601348954862,-54.51601348954862,54.51601348954862,4758.718202276552
2026-05-27,ar_lag1_7,hormuz_tanker_transits,2.0,56.28092706154746,-54.28092706154746,54.28092706154746,4812.999129338099
2026-05-28,ar_lag1_7,hormuz_tanker_transits,0.0,56.66399558120998,-56.66399558120998,56.66399558120998,4869.663124919309
2026-05-29,ar_lag1_7,hormuz_tanker_transits,0.0,57.3767635137403,-57.3767635137403,57.3767635137403,4927.039888433049
2026-05-30,ar_lag1_7,hormuz_tanker_transits,1.0,57.882504567188185,-56.882504567188185,56.882504567188185,4983.922393000237
2026-05-31,ar_lag1_7,hormuz_tanker_transits,0.0,57.80038758706464,-57.80038758706464,57.80038758706464,5041.722780587302
2026-06-01,ar_lag1_7,hormuz_tanker_transits,2.0,57.19225023316175,-55.19225023316175,55.19225023316175,5096.9150308204635
2026-06-02,ar_lag1_7,hormuz_tanker_transits,4.0,56.5160340033173,-52.5160340033173,52.5160340033173,5149.431064823781
2026-06-03,ar_lag1_7,hormuz_tanker_transits,4.0,56.280944977267076,-52.280944977267076,52.280944977267076,5201.712009801047
2026-06-04,ar_lag1_7,hormuz_tanker_transits,2.0,56.664011275624496,-54.664011275624496,54.664011275624496,5256.376021076672
2026-06-05,ar_lag1_7,hormuz_tanker_transits,0.0,57.376777292220794,-57.376777292220794,57.376777292220794,5313.752798368893
2026-06-06,ar_lag1_7,hormuz_tanker_transits,0.0,57.88251666532739,-57.88251666532739,57.88251666532739,5371.635315034221
2026-06-07,ar_lag1_7,hormuz_tanker_transits,1.0,57.800398191886536,-56.800398191886536,56.800398191886536,5428.4357132261075
2026-06-08,ar_lag1_7,hormuz_tanker_transits,2.0,57.192259507781934,-55.192259507781934,55.192259507781934,5483.62797273389
2026-06-09,ar_lag1_7,hormuz_tanker_transits,2.0,56.51604210244082,-54.51604210244082,54.51604210244082,5538.144014836331
2026-06-10,ar_lag1_7,hormuz_tanker_transits,1.0,56.280952050219376,-55.280952050219376,55.280952050219376,5593.4249668865505
2026-06-11,ar_lag1_7,hormuz_tanker_transits,2.0,56.66401746094476,-54.66401746094476,54.66401746094476,5648.088984347495
2026-06-12,ar_lag1_7,hormuz_tanker_transits,1.0,57.376782710704944,-56.376782710704944,56.376782710704944,5704.4657670582
2026-06-13,ar_lag1_7,hormuz_tanker_transits,0.0,57.88252141692782,-57.88252141692782,57.88252141692782,5762.348288475127
2026-06-14,ar_lag1_7,hormuz_tanker_transits,0.0,57.800402357921804,-57.800402357921804,57.800402357921804,5820.148690833049
2026-06-15,ar_lag1_7,hormuz_tanker_transits,1.0,57.19226315633029,-56.19226315633029,56.19226315633029,5876.340953989379
2026-06-16,ar_lag1_7,hormuz_tanker_transits,2.0,56.516045293675276,-54.516045293675276,54.516045293675276,5930.856999283054
2026-06-17,ar_lag1_7,hormuz_tanker_transits,1.0,56.280954839530345,-55.280954839530345,55.280954839530345,5986.137954122585
2026-06-18,ar_lag1_7,hormuz_tanker_transits,11.0,56.664019899509796,-45.664019899509796,45.664019899509796,6031.801974022095
2026-06-19,ar_lag1_7,hormuz_tanker_transits,5.0,57.37678484454667,-52.37678484454667,52.37678484454667,6084.178758866642
2026-06-20,ar_lag1_7,hormuz_tanker_transits,12.0,57.88252328591326,-45.88252328591326,45.88252328591326,6130.061282152556
2026-06-21,ar_lag1_7,hormuz_tanker_transits,1.0,57.80040399566329,-56.80040399566329,56.80040399566329,6186.861686148219
2026-06-22,ar_lag1_7,hormuz_tanker_transits,9.0,57.19226459108228,-48.19226459108228,48.19226459108228,6235.053950739301
2026-06-23,ar_lag1_7,hormuz_tanker_transits,5.0,56.516046549704605,-51.516046549704605,51.516046549704605,6286.569997289006
2026-06-24,ar_lag1_7,hormuz_tanker_transits,21.0,56.280955938328916,-35.280955938328916,35.280955938328916,6321.850953227335
2026-06-25,ar_lag1_7,hormuz_tanker_transits,23.0,56.66402086048348,-33.66402086048348,33.66402086048348,6355.514974087818
2026-06-26,ar_lag1_7,hormuz_tanker_transits,19.0,57.37678568518492,-38.37678568518492,38.37678568518492,6393.891759773002
2026-06-27,ar_lag1_7,hormuz_tanker_transits,9.0,57.88252402169619,-48.88252402169619,48.88252402169619,6442.774283794699
2026-06-28,ar_lag1_7,hormuz_tanker_transits,11.0,57.80040463999921,-46.80040463999921,46.80040463999921,6489.574688434698
2026-06-29,ar_lag1_7,hormuz_tanker_transits,13.0,57.19226515543441,-44.19226515543441,44.19226515543441,6533.766953590132
2026-06-30,ar_lag1_7,hormuz_tanker_transits,6.0,56.516047043892726,-50.516047043892726,50.516047043892726,6584.283000634025
2026-07-01,ar_lag1_7,hormuz_tanker_transits,23.0,56.28095637088834,-33.28095637088834,33.28095637088834,6617.5639570049125
2026-07-02,ar_lag1_7,hormuz_tanker_transits,18.0,56.664021238960096,-38.664021238960096,38.664021238960096,6656.227978243873
2026-07-03,ar_lag1_7,hormuz_tanker_transits,21.0,57.376786016308266,-36.376786016308266,36.376786016308266,6692.604764260181
2026-07-04,ar_lag1_7,hormuz_tanker_transits,11.0,57.88252431144722,-46.88252431144722,46.88252431144722,6739.487288571628
2026-07-05,ar_lag1_7,hormuz_tanker_transits,16.0,57.80040489363227,-41.80040489363227,41.80040489363227,6781.2876934652595
2026-07-06,ar_lag1_7,hormuz_tanker_transits,14.0,57.19226537751015,-43.19226537751015,43.19226537751015,6824.4799588427695
2026-07-07,ar_lag1_7,hormuz_tanker_transits,12.0,56.516047238346886,-44.516047238346886,44.516047238346886,6868.996006081116
2026-02-28,arx_lag1_7_route,hormuz_tanker_transits,35.0,50.76410468068977,-15.764104680689769,15.764104680689769,15.764104680689769
2026-03-01,arx_lag1_7_route,hormuz_tanker_transits,10.0,59.41391688434125,-49.41391688434125,49.41391688434125,65.17802156503102
2026-03-02,arx_lag1_7_route,hormuz_tanker_transits,2.0,61.348208588161604,-59.348208588161604,59.348208588161604,124.52623015319261
2026-03-03,arx_lag1_7_route,hormuz_tanker_transits,2.0,54.712143993277664,-52.712143993277664,52.712143993277664,177.23837414647028
2026-03-04,arx_lag1_7_route,hormuz_tanker_transits,0.0,57.191948849234834,-57.191948849234834,57.191948849234834,234.43032299570513
2026-03-05,arx_lag1_7_route,hormuz_tanker_transits,1.0,57.204450683601706,-56.204450683601706,56.204450683601706,290.6347736793068
2026-03-06,arx_lag1_7_route,hormuz_tanker_transits,0.0,53.35841874496038,-53.35841874496038,53.35841874496038,343.9931924242672
2026-03-07,arx_lag1_7_route,hormuz_tanker_transits,0.0,54.98060603598678,-54.98060603598678,54.98060603598678,398.973798460254
2026-03-08,arx_lag1_7_route,hormuz_tanker_transits,0.0,57.43705367702261,-57.43705367702261,57.43705367702261,456.4108521372766
2026-03-09,arx_lag1_7_route,hormuz_tanker_transits,0.0,57.71859806266564,-57.71859806266564,57.71859806266564,514.1294501999422
2026-03-10,arx_lag1_7_route,hormuz_tanker_transits,1.0,55.91538610729752,-54.91538610729752,54.91538610729752,569.0448363072397
2026-03-11,arx_lag1_7_route,hormuz_tanker_transits,1.0,56.35717120961318,-55.35717120961318,55.35717120961318,624.4020075168529
2026-03-12,arx_lag1_7_route,hormuz_tanker_transits,0.0,57.83507277548688,-57.83507277548688,57.83507277548688,682.2370802923398
2026-03-13,arx_lag1_7_route,hormuz_tanker_transits,0.0,57.31449819879638,-57.31449819879638,57.31449819879638,739.5515784911362
2026-03-14,arx_lag1_7_route,hormuz_tanker_transits,0.0,57.76638357158261,-57.76638357158261,57.76638357158261,797.3179620627188
2026-03-15,arx_lag1_7_route,hormuz_tanker_transits,2.0,58.58816903562889,-56.58816903562889,56.58816903562889,853.9061310983477
2026-03-16,arx_lag1_7_route,hormuz_tanker_transits,0.0,57.95668696491836,-57.95668696491836,57.95668696491836,911.8628180632661
2026-03-17,arx_lag1_7_route,hormuz_tanker_transits,1.0,58.5259655583402,-57.5259655583402,57.5259655583402,969.3887836216063
2026-03-18,arx_lag1_7_route,hormuz_tanker_transits,0.0,56.660552167437245,-56.660552167437245,56.660552167437245,1026.0493357890437
2026-03-19,arx_lag1_7_route,hormuz_tanker_transits,0.0,57.740559263381876,-57.740559263381876,57.740559263381876,1083.7898950524254
2026-03-20,arx_lag1_7_route,hormuz_tanker_transits,2.0,57.72580489755149,-55.72580489755149,55.72580489755149,1139.515699949977
2026-03-21,arx_lag1_7_route,hormuz_tanker_transits,0.0,57.590254297551006,-57.590254297551006,57.590254297551006,1197.105954247528
2026-03-22,arx_lag1_7_route,hormuz_tanker_transits,0.0,59.048059320932246,-59.048059320932246,59.048059320932246,1256.1540135684602
2026-03-23,arx_lag1_7_route,hormuz_tanker_transits,2.0,57.352652064234675,-55.352652064234675,55.352652064234675,1311.5066656326949
2026-03-24,arx_lag1_7_route,hormuz_tanker_transits,1.0,56.647528928509715,-55.647528928509715,55.647528928509715,1367.1541945612046
2026-03-25,arx_lag1_7_route,hormuz_tanker_transits,1.0,56.231280980847785,-55.231280980847785,55.231280980847785,1422.3854755420523
2026-03-26,arx_lag1_7_route,hormuz_tanker_transits,0.0,58.147696543931396,-58.147696543931396,58.147696543931396,1480.5331720859838
2026-03-27,arx_lag1_7_route,hormuz_tanker_transits,0.0,57.770061051333045,-57.770061051333045,57.770061051333045,1538.3032331373167
2026-03-28,arx_lag1_7_route,hormuz_tanker_transits,1.0,57.17584814237055,-56.17584814237055,56.17584814237055,1594.4790812796873
2026-03-29,arx_lag1_7_route,hormuz_tanker_transits,2.0,57.841845596666325,-55.841845596666325,55.841845596666325,1650.3209268763537
2026-03-30,arx_lag1_7_route,hormuz_tanker_transits,5.0,59.91073376473873,-54.91073376473873,54.91073376473873,1705.2316606410925
2026-03-31,arx_lag1_7_route,hormuz_tanker_transits,5.0,57.86732106280693,-52.86732106280693,52.86732106280693,1758.0989817038994
2026-04-01,arx_lag1_7_route,hormuz_tanker_transits,3.0,58.314927806214016,-55.314927806214016,55.314927806214016,1813.4139095101134
2026-04-02,arx_lag1_7_route,hormuz_tanker_transits,1.0,59.32737143678595,-58.32737143678595,58.32737143678595,1871.7412809468995
2026-04-03,arx_lag1_7_route,hormuz_tanker_transits,5.0,60.036025369152476,-55.036025369152476,55.036025369152476,1926.7773063160519
2026-04-04,arx_lag1_7_route,hormuz_tanker_transits,4.0,58.571507464564,-54.571507464564,54.571507464564,1981.348813780616
2026-04-05,arx_lag1_7_route,hormuz_tanker_transits,5.0,59.167092769061576,-54.167092769061576,54.167092769061576,2035.5159065496775
2026-04-06,arx_lag1_7_route,hormuz_tanker_transits,1.0,58.959522456883555,-57.959522456883555,57.959522456883555,2093.475429006561
2026-04-07,arx_lag1_7_route,hormuz_tanker_transits,3.0,57.63779951333424,-54.63779951333424,54.63779951333424,2148.1132285198955
2026-04-08,arx_lag1_7_route,hormuz_tanker_transits,1.0,57.37980087555866,-56.37980087555866,56.37980087555866,2204.493029395454
2026-04-09,arx_lag1_7_route,hormuz_tanker_transits,5.0,58.586578751382035,-53.586578751382035,53.586578751382035,2258.079608146836
2026-04-10,arx_lag1_7_route,hormuz_tanker_transits,1.0,59.974505751658825,-58.974505751658825,58.974505751658825,2317.054113898495
2026-04-11,arx_lag1_7_route,hormuz_tanker_transits,4.0,59.357149004256364,-55.357149004256364,55.357149004256364,2372.4112629027513
2026-04-12,arx_lag1_7_route,hormuz_tanker_transits,4.0,60.15036584271491,-56.15036584271491,56.15036584271491,2428.5616287454664
2026-04-13,arx_lag1_7_route,hormuz_tanker_transits,4.0,60.51664077469822,-56.51664077469822,56.51664077469822,2485.0782695201647
2026-04-14,arx_lag1_7_route,hormuz_tanker_transits,5.0,59.02825563491732,-54.02825563491732,54.02825563491732,2539.106525155082
2026-04-15,arx_lag1_7_route,hormuz_tanker_transits,7.0,59.157795330212025,-52.157795330212025,52.157795330212025,2591.2643204852943
2026-04-16,arx_lag1_7_route,hormuz_tanker_transits,5.0,57.95080895997184,-52.95080895997184,52.95080895997184,2644.215129445266
2026-04-17,arx_lag1_7_route,hormuz_tanker_transits,10.0,59.429954122873625,-49.429954122873625,49.429954122873625,2693.64508356814
2026-04-18,arx_lag1_7_route,hormuz_tanker_transits,14.0,61.017969797470165,-47.017969797470165,47.017969797470165,2740.66305336561
2026-04-19,arx_lag1_7_route,hormuz_tanker_transits,5.0,59.594217736741534,-54.594217736741534,54.594217736741534,2795.2572711023513
2026-04-20,arx_lag1_7_route,hormuz_tanker_transits,5.0,57.94939868371837,-52.94939868371837,52.94939868371837,2848.2066697860696
2026-04-21,arx_lag1_7_route,hormuz_tanker_transits,3.0,59.25722519179509,-56.25722519179509,56.25722519179509,2904.4638949778646
2026-04-22,arx_lag1_7_route,hormuz_tanker_transits,4.0,57.736000160512496,-53.736000160512496,53.736000160512496,2958.199895138377
2026-04-23,arx_lag1_7_route,hormuz_tanker_transits,2.0,58.44016774819975,-56.44016774819975,56.44016774819975,3014.6400628865767
2026-04-24,arx_lag1_7_route,hormuz_tanker_transits,3.0,58.98638005633517,-55.98638005633517,55.98638005633517,3070.626442942912
2026-04-25,arx_lag1_7_route,hormuz_tanker_transits,2.0,59.52890914186688,-57.52890914186688,57.52890914186688,3128.1553520847788
2026-04-26,arx_lag1_7_route,hormuz_tanker_transits,2.0,59.262357786920695,-57.262357786920695,57.262357786920695,3185.4177098716996
2026-04-27,arx_lag1_7_route,hormuz_tanker_transits,0.0,57.89109184283475,-57.89109184283475,57.89109184283475,3243.308801714534
2026-04-28,arx_lag1_7_route,hormuz_tanker_transits,2.0,58.053890404906724,-56.053890404906724,56.053890404906724,3299.362692119441
2026-04-29,arx_lag1_7_route,hormuz_tanker_transits,3.0,57.55571422898011,-54.55571422898011,54.55571422898011,3353.918406348421
2026-04-30,arx_lag1_7_route,hormuz_tanker_transits,4.0,57.59453817243192,-53.59453817243192,53.59453817243192,3407.5129445208527
2026-05-01,arx_lag1_7_route,hormuz_tanker_transits,4.0,58.92139453814567,-54.92139453814567,54.92139453814567,3462.4343390589984
2026-05-02,arx_lag1_7_route,hormuz_tanker_transits,5.0,59.68049036849093,-54.68049036849093,54.68049036849093,3517.1148294274894
2026-05-03,arx_lag1_7_route,hormuz_tanker_transits,1.0,60.26825401676712,-59.26825401676712,59.26825401676712,3576.3830834442565
2026-05-04,arx_lag1_7_route,hormuz_tanker_transits,0.0,60.556485479270926,-60.556485479270926,60.556485479270926,3636.9395689235275
2026-05-05,arx_lag1_7_route,hormuz_tanker_transits,0.0,58.975237215713506,-58.975237215713506,58.975237215713506,3695.914806139241
2026-05-06,arx_lag1_7_route,hormuz_tanker_transits,0.0,58.17416320099843,-58.17416320099843,58.17416320099843,3754.0889693402396
2026-05-07,arx_lag1_7_route,hormuz_tanker_transits,1.0,58.73415865822098,-57.73415865822098,57.73415865822098,3811.8231279984607
2026-05-08,arx_lag1_7_route,hormuz_tanker_transits,1.0,59.67451336619081,-58.67451336619081,58.67451336619081,3870.4976413646514
2026-05-09,arx_lag1_7_route,hormuz_tanker_transits,2.0,58.89220744889812,-56.89220744889812,56.89220744889812,3927.3898488135496
2026-05-10,arx_lag1_7_route,hormuz_tanker_transits,3.0,60.466202871513254,-57.466202871513254,57.466202871513254,3984.856051685063
2026-05-11,arx_lag1_7_route,hormuz_tanker_transits,4.0,59.264733223061576,-55.264733223061576,55.264733223061576,4040.1207849081247
2026-05-12,arx_lag1_7_route,hormuz_tanker_transits,1.0,58.933638235624876,-57.933638235624876,57.933638235624876,4098.05442314375
2026-05-13,arx_lag1_7_route,hormuz_tanker_transits,2.0,58.239767578972774,-56.239767578972774,56.239767578972774,4154.294190722722
2026-05-14,arx_lag1_7_route,hormuz_tanker_transits,4.0,57.56624650888231,-53.56624650888231,53.56624650888231,4207.860437231605
2026-05-15,arx_lag1_7_route,hormuz_tanker_transits,2.0,59.57085708669717,-57.57085708669717,57.57085708669717,4265.431294318302
2026-05-16,arx_lag1_7_route,hormuz_tanker_transits,2.0,59.7977780765283,-57.7977780765283,57.7977780765283,4323.229072394831
2026-05-17,arx_lag1_7_route,hormuz_tanker_transits,2.0,60.36910902190429,-58.36910902190429,58.36910902190429,4381.598181416735
2026-05-18,arx_lag1_7_route,hormuz_tanker_transits,1.0,59.033249836138204,-58.033249836138204,58.033249836138204,4439.631431252874
2026-05-19,arx_lag1_7_route,hormuz_tanker_transits,3.0,58.24665302139001,-55.24665302139001,55.24665302139001,4494.8780842742635
2026-05-20,arx_lag1_7_route,hormuz_tanker_transits,5.0,60.10406607711645,-55.10406607711645,55.10406607711645,4549.98215035138
2026-05-21,arx_lag1_7_route,hormuz_tanker_transits,2.0,59.31758086611327,-57.31758086611327,57.31758086611327,4607.299731217494
2026-05-22,arx_lag1_7_route,hormuz_tanker_transits,0.0,59.02828691354513,-59.02828691354513,59.02828691354513,4666.328018131039
2026-05-23,arx_lag1_7_route,hormuz_tanker_transits,1.0,59.43280104701377,-58.43280104701377,58.43280104701377,4724.760819178053
2026-05-24,arx_lag1_7_route,hormuz_tanker_transits,2.0,59.650498095745874,-57.650498095745874,57.650498095745874,4782.411317273799
2026-05-25,arx_lag1_7_route,hormuz_tanker_transits,0.0,58.41813347884707,-58.41813347884707,58.41813347884707,4840.829450752646
2026-05-26,arx_lag1_7_route,hormuz_tanker_transits,2.0,58.438444160779824,-56.438444160779824,56.438444160779824,4897.267894913426
2026-05-27,arx_lag1_7_route,hormuz_tanker_transits,2.0,59.350845080321676,-57.350845080321676,57.350845080321676,4954.618739993748
2026-05-28,arx_lag1_7_route,hormuz_tanker_transits,0.0,58.844020152081875,-58.844020152081875,58.844020152081875,5013.46276014583
2026-05-29,arx_lag1_7_route,hormuz_tanker_transits,0.0,59.52240884825497,-59.52240884825497,59.52240884825497,5072.985168994084
2026-05-30,arx_lag1_7_route,hormuz_tanker_transits,1.0,60.73479311587389,-59.73479311587389,59.73479311587389,5132.719962109958
2026-05-31,arx_lag1_7_route,hormuz_tanker_transits,0.0,58.7354725631995,-58.7354725631995,58.7354725631995,5191.4554346731575
2026-06-01,arx_lag1_7_route,hormuz_tanker_transits,2.0,59.007233764056764,-57.007233764056764,57.007233764056764,5248.462668437214
2026-06-02,arx_lag1_7_route,hormuz_tanker_transits,4.0,58.36625430836167,-54.36625430836167,54.36625430836167,5302.828922745576
2026-06-03,arx_lag1_7_route,hormuz_tanker_transits,4.0,57.796620354397746,-53.796620354397746,53.796620354397746,5356.625543099974
2026-06-04,arx_lag1_7_route,hormuz_tanker_transits,2.0,57.371309009055096,-55.371309009055096,55.371309009055096,5411.996852109029
2026-06-05,arx_lag1_7_route,hormuz_tanker_transits,0.0,59.187490962092966,-59.187490962092966,59.187490962092966,5471.1843430711215
2026-06-06,arx_lag1_7_route,hormuz_tanker_transits,0.0,58.20884566656495,-58.20884566656495,58.20884566656495,5529.393188737687
2026-06-07,arx_lag1_7_route,hormuz_tanker_transits,1.0,58.95183457480565,-57.95183457480565,57.95183457480565,5587.345023312492
2026-06-08,arx_lag1_7_route,hormuz_tanker_transits,2.0,58.63261292003371,-56.63261292003371,56.63261292003371,5643.977636232526
2026-06-09,arx_lag1_7_route,hormuz_tanker_transits,2.0,56.686863426695524,-54.686863426695524,54.686863426695524,5698.664499659221
2026-06-10,arx_lag1_7_route,hormuz_tanker_transits,1.0,56.7868975890057,-55.7868975890057,55.7868975890057,5754.451397248227
2026-06-11,arx_lag1_7_route,hormuz_tanker_transits,2.0,56.61704260597656,-54.61704260597656,54.61704260597656,5809.0684398542035
2026-06-12,arx_lag1_7_route,hormuz_tanker_transits,1.0,58.16631908071475,-57.16631908071475,57.16631908071475,5866.234758934918
2026-06-13,arx_lag1_7_route,hormuz_tanker_transits,0.0,56.995461850263816,-56.995461850263816,56.995461850263816,5923.230220785182
2026-06-14,arx_lag1_7_route,hormuz_tanker_transits,0.0,56.94529501640253,-56.94529501640253,56.94529501640253,5980.175515801584
2026-06-15,arx_lag1_7_route,hormuz_tanker_transits,1.0,56.735209587926285,-55.735209587926285,55.735209587926285,6035.91072538951
2026-06-16,arx_lag1_7_route,hormuz_tanker_transits,2.0,55.784280028478136,-53.784280028478136,53.784280028478136,6089.695005417988
2026-06-17,arx_lag1_7_route,hormuz_tanker_transits,1.0,55.30512661445195,-54.30512661445195,54.30512661445195,6144.00013203244
2026-06-18,arx_lag1_7_route,hormuz_tanker_transits,11.0,57.40728974892104,-46.40728974892104,46.40728974892104,6190.407421781361
2026-06-19,arx_lag1_7_route,hormuz_tanker_transits,5.0,58.73523394350119,-53.73523394350119,53.73523394350119,6244.142655724862
2026-06-20,arx_lag1_7_route,hormuz_tanker_transits,12.0,58.886647144934024,-46.886647144934024,46.886647144934024,6291.029302869796
2026-06-21,arx_lag1_7_route,hormuz_tanker_transits,1.0,60.65679838728249,-59.65679838728249,59.65679838728249,6350.686101257079
2026-06-22,arx_lag1_7_route,hormuz_tanker_transits,9.0,58.631480647094385,-49.631480647094385,49.631480647094385,6400.3175819041735
2026-06-23,arx_lag1_7_route,hormuz_tanker_transits,5.0,59.245434165175176,-54.245434165175176,54.245434165175176,6454.563016069349
2026-06-24,arx_lag1_7_route,hormuz_tanker_transits,21.0,57.47307920247893,-36.47307920247893,36.47307920247893,6491.036095271828
2026-06-25,arx_lag1_7_route,hormuz_tanker_transits,23.0,58.32476124346646,-35.32476124346646,35.32476124346646,6526.3608565152945
2026-06-26,arx_lag1_7_route,hormuz_tanker_transits,19.0,58.66584938590337,-39.66584938590337,39.66584938590337,6566.026705901198
2026-06-27,arx_lag1_7_route,hormuz_tanker_transits,9.0,60.38120634863453,-51.38120634863453,51.38120634863453,6617.407912249832
2026-06-28,arx_lag1_7_route,hormuz_tanker_transits,11.0,59.12871636124518,-48.12871636124518,48.12871636124518,6665.5366286110775
2026-06-29,arx_lag1_7_route,hormuz_tanker_transits,13.0,59.17079664474762,-46.17079664474762,46.17079664474762,6711.707425255825
2026-06-30,arx_lag1_7_route,hormuz_tanker_transits,6.0,58.25374948712677,-52.25374948712677,52.25374948712677,6763.961174742952
2026-07-01,arx_lag1_7_route,hormuz_tanker_transits,23.0,57.397534457347966,-34.397534457347966,34.397534457347966,6798.3587092003
2026-07-02,arx_lag1_7_route,hormuz_tanker_transits,18.0,57.657703838826436,-39.657703838826436,39.657703838826436,6838.016413039127
2026-07-03,arx_lag1_7_route,hormuz_tanker_transits,21.0,58.784184832805835,-37.784184832805835,37.784184832805835,6875.800597871933
2026-07-04,arx_lag1_7_route,hormuz_tanker_transits,11.0,58.79192948227008,-47.79192948227008,47.79192948227008,6923.592527354203
2026-07-05,arx_lag1_7_route,hormuz_tanker_transits,16.0,58.62000597428862,-42.62000597428862,42.62000597428862,6966.212533328492
2026-07-06,arx_lag1_7_route,hormuz_tanker_transits,14.0,58.51164600428794,-44.51164600428794,44.51164600428794,7010.72417933278
2026-07-07,arx_lag1_7_route,hormuz_tanker_transits,12.0,57.694379083292,-45.694379083292,45.694379083292,7056.418558416072
2026-02-28,arx_lag1_7_route_energy,hormuz_tanker_transits,35.0,49.14773186593535,-14.147731865935349,14.147731865935349,14.147731865935349
2026-03-01,arx_lag1_7_route_energy,hormuz_tanker_transits,10.0,55.753967024768905,-45.753967024768905,45.753967024768905,59.90169889070425
2026-03-02,arx_lag1_7_route_energy,hormuz_tanker_transits,2.0,58.00322137234292,-56.00322137234292,56.00322137234292,115.90492026304717
2026-03-03,arx_lag1_7_route_energy,hormuz_tanker_transits,2.0,54.53783893842012,-52.53783893842012,52.53783893842012,168.4427592014673
2026-03-04,arx_lag1_7_route_energy,hormuz_tanker_transits,0.0,56.800477992774276,-56.800477992774276,56.800477992774276,225.2432371942416
2026-03-05,arx_lag1_7_route_energy,hormuz_tanker_transits,1.0,58.45981457103943,-57.45981457103943,57.45981457103943,282.70305176528103
2026-03-06,arx_lag1_7_route_energy,hormuz_tanker_transits,0.0,57.77677415683865,-57.77677415683865,57.77677415683865,340.4798259221197
2026-03-07,arx_lag1_7_route_energy,hormuz_tanker_transits,0.0,59.941327050527065,-59.941327050527065,59.941327050527065,400.4211529726467
2026-03-08,arx_lag1_7_route_energy,hormuz_tanker_transits,0.0,61.83887500223494,-61.83887500223494,61.83887500223494,462.26002797488167
2026-03-09,arx_lag1_7_route_energy,hormuz_tanker_transits,0.0,61.4501378779571,-61.4501378779571,61.4501378779571,523.7101658528387
2026-03-10,arx_lag1_7_route_energy,hormuz_tanker_transits,1.0,59.27343150213816,-58.27343150213816,58.27343150213816,581.9835973549768
2026-03-11,arx_lag1_7_route_energy,hormuz_tanker_transits,1.0,59.5870732348052,-58.5870732348052,58.5870732348052,640.570670589782
2026-03-12,arx_lag1_7_route_energy,hormuz_tanker_transits,0.0,63.2242929065136,-63.2242929065136,63.2242929065136,703.7949634962956
2026-03-13,arx_lag1_7_route_energy,hormuz_tanker_transits,0.0,64.52177975426848,-64.52177975426848,64.52177975426848,768.3167432505641
2026-03-14,arx_lag1_7_route_energy,hormuz_tanker_transits,0.0,65.78738628924808,-65.78738628924808,65.78738628924808,834.1041295398121
2026-03-15,arx_lag1_7_route_energy,hormuz_tanker_transits,2.0,66.68725942780178,-64.68725942780178,64.68725942780178,898.7913889676139
2026-03-16,arx_lag1_7_route_energy,hormuz_tanker_transits,0.0,65.64729810950803,-65.64729810950803,65.64729810950803,964.4386870771219
2026-03-17,arx_lag1_7_route_energy,hormuz_tanker_transits,1.0,67.30091324546935,-66.30091324546935,66.30091324546935,1030.7396003225913
2026-03-18,arx_lag1_7_route_energy,hormuz_tanker_transits,0.0,67.99556529151081,-67.99556529151081,67.99556529151081,1098.735165614102
2026-03-19,arx_lag1_7_route_energy,hormuz_tanker_transits,0.0,68.91008125623577,-68.91008125623577,68.91008125623577,1167.6452468703378
2026-03-20,arx_lag1_7_route_energy,hormuz_tanker_transits,2.0,70.66948545639514,-68.66948545639514,68.66948545639514,1236.314732326733
2026-03-21,arx_lag1_7_route_energy,hormuz_tanker_transits,0.0,71.47136680312795,-71.47136680312795,71.47136680312795,1307.786099129861
2026-03-22,arx_lag1_7_route_energy,hormuz_tanker_transits,0.0,73.08901755304572,-73.08901755304572,73.08901755304572,1380.8751166829068
2026-03-23,arx_lag1_7_route_energy,hormuz_tanker_transits,2.0,68.80474200944734,-66.80474200944734,66.80474200944734,1447.6798586923542
2026-03-24,arx_lag1_7_route_energy,hormuz_tanker_transits,1.0,67.98410092402807,-66.98410092402807,66.98410092402807,1514.6639596163823
2026-03-25,arx_lag1_7_route_energy,hormuz_tanker_transits,1.0,68.03060142685023,-67.03060142685023,67.03060142685023,1581.6945610432324
2026-03-26,arx_lag1_7_route_energy,hormuz_tanker_transits,0.0,70.70005331421781,-70.70005331421781,70.70005331421781,1652.39461435745
2026-03-27,arx_lag1_7_route_energy,hormuz_tanker_transits,0.0,72.64000445727042,-72.64000445727042,72.64000445727042,1725.0346188147205
2026-03-28,arx_lag1_7_route_energy,hormuz_tanker_transits,1.0,73.28381438038124,-72.28381438038124,72.28381438038124,1797.3184331951018
2026-03-29,arx_lag1_7_route_energy,hormuz_tanker_transits,2.0,74.37269268475013,-72.37269268475013,72.37269268475013,1869.6911258798518
2026-03-30,arx_lag1_7_route_energy,hormuz_tanker_transits,5.0,76.10985410005016,-71.10985410005016,71.10985410005016,1940.800979979902
2026-03-31,arx_lag1_7_route_energy,hormuz_tanker_transits,5.0,75.12983783861922,-70.12983783861922,70.12983783861922,2010.9308178185213
2026-04-01,arx_lag1_7_route_energy,hormuz_tanker_transits,3.0,74.53281815529044,-71.53281815529044,71.53281815529044,2082.4636359738115
2026-04-02,arx_lag1_7_route_energy,hormuz_tanker_transits,1.0,76.66918332740656,-75.66918332740656,75.66918332740656,2158.132819301218
2026-04-03,arx_lag1_7_route_energy,hormuz_tanker_transits,5.0,78.208864279148,-73.208864279148,73.208864279148,2231.3416835803664
2026-04-04,arx_lag1_7_route_energy,hormuz_tanker_transits,4.0,77.51348053483245,-73.51348053483245,73.51348053483245,2304.855164115199
2026-04-05,arx_lag1_7_route_energy,hormuz_tanker_transits,5.0,78.36176150293126,-73.36176150293126,73.36176150293126,2378.21692561813
2026-04-06,arx_lag1_7_route_energy,hormuz_tanker_transits,1.0,78.08241906243907,-77.08241906243907,77.08241906243907,2455.299344680569
2026-04-07,arx_lag1_7_route_energy,hormuz_tanker_transits,3.0,79.04223588458476,-76.04223588458476,76.04223588458476,2531.341580565154
2026-04-08,arx_lag1_7_route_energy,hormuz_tanker_transits,1.0,76.57396764599001,-75.57396764599001,75.57396764599001,2606.9155482111437
2026-04-09,arx_lag1_7_route_energy,hormuz_tanker_transits,5.0,76.25556843204255,-71.25556843204255,71.25556843204255,2678.1711166431865
2026-04-10,arx_lag1_7_route_energy,hormuz_tanker_transits,1.0,77.0492281972608,-76.0492281972608,76.0492281972608,2754.220344840447
2026-04-11,arx_lag1_7_route_energy,hormuz_tanker_transits,4.0,76.45752508370366,-72.45752508370366,72.45752508370366,2826.677869924151
2026-04-12,arx_lag1_7_route_energy,hormuz_tanker_transits,4.0,77.12564464121252,-73.12564464121252,73.12564464121252,2899.8035145653635
2026-04-13,arx_lag1_7_route_energy,hormuz_tanker_transits,4.0,78.10349728348325,-74.10349728348325,74.10349728348325,2973.9070118488467
2026-04-14,arx_lag1_7_route_energy,hormuz_tanker_transits,5.0,76.42187712165295,-71.42187712165295,71.42187712165295,3045.3288889704995
2026-04-15,arx_lag1_7_route_energy,hormuz_tanker_transits,7.0,75.42904906159876,-68.42904906159876,68.42904906159876,3113.757938032098
2026-04-16,arx_lag1_7_route_energy,hormuz_tanker_transits,5.0,74.0412218860245,-69.0412218860245,69.0412218860245,3182.7991599181228
2026-04-17,arx_lag1_7_route_energy,hormuz_tanker_transits,10.0,71.74824151249221,-61.748241512492214,61.748241512492214,3244.547401430615
2026-04-18,arx_lag1_7_route_energy,hormuz_tanker_transits,14.0,71.56239390777858,-57.562393907778585,57.562393907778585,3302.1097953383937
2026-04-19,arx_lag1_7_route_energy,hormuz_tanker_transits,5.0,69.54731915687161,-64.54731915687161,64.54731915687161,3366.6571144952654
2026-04-20,arx_lag1_7_route_energy,hormuz_tanker_transits,5.0,68.71803570067577,-63.71803570067577,63.71803570067577,3430.3751501959414
2026-04-21,arx_lag1_7_route_energy,hormuz_tanker_transits,3.0,70.62383666828534,-67.62383666828534,67.62383666828534,3497.998986864227
2026-04-22,arx_lag1_7_route_energy,hormuz_tanker_transits,4.0,70.88288843825117,-66.88288843825117,66.88288843825117,3564.881875302478
2026-04-23,arx_lag1_7_route_energy,hormuz_tanker_transits,2.0,72.27087442219968,-70.27087442219968,70.27087442219968,3635.1527497246775
2026-04-24,arx_lag1_7_route_energy,hormuz_tanker_transits,3.0,72.41129963676295,-69.41129963676295,69.41129963676295,3704.5640493614405
2026-04-25,arx_lag1_7_route_energy,hormuz_tanker_transits,2.0,72.50653113483968,-70.50653113483968,70.50653113483968,3775.0705804962804
2026-04-26,arx_lag1_7_route_energy,hormuz_tanker_transits,2.0,72.00739916281546,-70.00739916281546,70.00739916281546,3845.077979659096
2026-04-27,arx_lag1_7_route_energy,hormuz_tanker_transits,0.0,71.12460461101143,-71.12460461101143,71.12460461101143,3916.2025842701073
2026-04-28,arx_lag1_7_route_energy,hormuz_tanker_transits,2.0,72.13875857078398,-70.13875857078398,70.13875857078398,3986.3413428408912
2026-04-29,arx_lag1_7_route_energy,hormuz_tanker_transits,3.0,73.65588824589129,-70.65588824589129,70.65588824589129,4056.9972310867824
2026-04-30,arx_lag1_7_route_energy,hormuz_tanker_transits,4.0,74.6722054379097,-70.6722054379097,70.6722054379097,4127.669436524692
2026-05-01,arx_lag1_7_route_energy,hormuz_tanker_transits,4.0,75.11900622486563,-71.11900622486563,71.11900622486563,4198.788442749557
2026-05-02,arx_lag1_7_route_energy,hormuz_tanker_transits,5.0,75.39294909762486,-70.39294909762486,70.39294909762486,4269.181391847183
2026-05-03,arx_lag1_7_route_energy,hormuz_tanker_transits,1.0,75.64741742106696,-74.64741742106696,74.64741742106696,4343.82880926825
2026-05-04,arx_lag1_7_route_energy,hormuz_tanker_transits,0.0,75.8017985158019,-75.8017985158019,75.8017985158019,4419.630607784052
2026-05-05,arx_lag1_7_route_energy,hormuz_tanker_transits,0.0,73.60659522228819,-73.60659522228819,73.60659522228819,4493.23720300634
2026-05-06,arx_lag1_7_route_energy,hormuz_tanker_transits,0.0,70.77615524033388,-70.77615524033388,70.77615524033388,4564.013358246673
2026-05-07,arx_lag1_7_route_energy,hormuz_tanker_transits,1.0,70.21189203222113,-69.21189203222113,69.21189203222113,4633.225250278894
2026-05-08,arx_lag1_7_route_energy,hormuz_tanker_transits,1.0,70.79179000072425,-69.79179000072425,69.79179000072425,4703.017040279618
2026-05-09,arx_lag1_7_route_energy,hormuz_tanker_transits,2.0,69.92759336177244,-67.92759336177244,67.92759336177244,4770.944633641391
2026-05-10,arx_lag1_7_route_energy,hormuz_tanker_transits,3.0,71.16821933758992,-68.16821933758992,68.16821933758992,4839.112852978981
2026-05-11,arx_lag1_7_route_energy,hormuz_tanker_transits,4.0,70.38732487190627,-66.38732487190627,66.38732487190627,4905.500177850888
2026-05-12,arx_lag1_7_route_energy,hormuz_tanker_transits,1.0,71.15967467210369,-70.15967467210369,70.15967467210369,4975.659852522991
2026-05-13,arx_lag1_7_route_energy,hormuz_tanker_transits,2.0,70.57475381465525,-68.57475381465525,68.57475381465525,5044.234606337646
2026-05-14,arx_lag1_7_route_energy,hormuz_tanker_transits,4.0,70.07415726167085,-66.07415726167085,66.07415726167085,5110.308763599317
2026-05-15,arx_lag1_7_route_energy,hormuz_tanker_transits,2.0,72.45285402298408,-70.45285402298408,70.45285402298408,5180.761617622301
2026-05-16,arx_lag1_7_route_energy,hormuz_tanker_transits,2.0,72.95958901665604,-70.95958901665604,70.95958901665604,5251.721206638957
2026-05-17,arx_lag1_7_route_energy,hormuz_tanker_transits,2.0,73.40168899152663,-71.40168899152663,71.40168899152663,5323.122895630483
2026-05-18,arx_lag1_7_route_energy,hormuz_tanker_transits,1.0,72.7045327868947,-71.7045327868947,71.7045327868947,5394.827428417378
2026-05-19,arx_lag1_7_route_energy,hormuz_tanker_transits,3.0,71.87954313098122,-68.87954313098122,68.87954313098122,5463.7069715483585
2026-05-20,arx_lag1_7_route_energy,hormuz_tanker_transits,5.0,72.40159275897008,-67.40159275897008,67.40159275897008,5531.108564307328
2026-05-21,arx_lag1_7_route_energy,hormuz_tanker_transits,2.0,70.66921585521875,-68.66921585521875,68.66921585521875,5599.777780162547
2026-05-22,arx_lag1_7_route_energy,hormuz_tanker_transits,0.0,70.34613408764766,-70.34613408764766,70.34613408764766,5670.1239142501945
2026-05-23,arx_lag1_7_route_energy,hormuz_tanker_transits,1.0,70.7683475005977,-69.7683475005977,69.7683475005977,5739.892261750792
2026-05-24,arx_lag1_7_route_energy,hormuz_tanker_transits,2.0,70.90838300006942,-68.90838300006942,68.90838300006942,5808.8006447508615
2026-05-25,arx_lag1_7_route_energy,hormuz_tanker_transits,0.0,69.83101909395808,-69.83101909395808,69.83101909395808,5878.63166384482
2026-05-26,arx_lag1_7_route_energy,hormuz_tanker_transits,2.0,68.97616919154115,-66.97616919154115,66.97616919154115,5945.607833036361
2026-05-27,arx_lag1_7_route_energy,hormuz_tanker_transits,2.0,68.03914763742223,-66.03914763742223,66.03914763742223,6011.646980673783
2026-05-28,arx_lag1_7_route_energy,hormuz_tanker_transits,0.0,66.47409697874559,-66.47409697874559,66.47409697874559,6078.121077652529
2026-05-29,arx_lag1_7_route_energy,hormuz_tanker_transits,0.0,66.12710377374111,-66.12710377374111,66.12710377374111,6144.24818142627
2026-05-30,arx_lag1_7_route_energy,hormuz_tanker_transits,1.0,66.75791969017105,-65.75791969017105,65.75791969017105,6210.006101116441
2026-05-31,arx_lag1_7_route_energy,hormuz_tanker_transits,0.0,64.75927189974848,-64.75927189974848,64.75927189974848,6274.765373016189
2026-06-01,arx_lag1_7_route_energy,hormuz_tanker_transits,2.0,66.09216704967437,-64.09216704967437,64.09216704967437,6338.857540065864
2026-06-02,arx_lag1_7_route_energy,hormuz_tanker_transits,4.0,65.8488691068692,-61.8488691068692,61.8488691068692,6400.706409172733
2026-06-03,arx_lag1_7_route_energy,hormuz_tanker_transits,4.0,65.85488564046938,-61.85488564046938,61.85488564046938,6462.561294813203
2026-06-04,arx_lag1_7_route_energy,hormuz_tanker_transits,2.0,65.13911097298072,-63.13911097298072,63.13911097298072,6525.700405786184
2026-06-05,arx_lag1_7_route_energy,hormuz_tanker_transits,0.0,66.20718512479829,-66.20718512479829,66.20718512479829,6591.907590910982
2026-06-06,arx_lag1_7_route_energy,hormuz_tanker_transits,0.0,64.96970805241062,-64.96970805241062,64.96970805241062,6656.877298963393
2026-06-07,arx_lag1_7_route_energy,hormuz_tanker_transits,1.0,65.54648929479553,-64.54648929479553,64.54648929479553,6721.423788258188
2026-06-08,arx_lag1_7_route_energy,hormuz_tanker_transits,2.0,65.2844281997843,-63.2844281997843,63.2844281997843,6784.708216457972
2026-06-09,arx_lag1_7_route_energy,hormuz_tanker_transits,2.0,62.89171130829317,-60.89171130829317,60.89171130829317,6845.599927766266
2026-06-10,arx_lag1_7_route_energy,hormuz_tanker_transits,1.0,63.13423493656991,-62.13423493656991,62.13423493656991,6907.734162702835
2026-06-11,arx_lag1_7_route_energy,hormuz_tanker_transits,2.0,62.531301202227674,-60.531301202227674,60.531301202227674,6968.265463905063
2026-06-12,arx_lag1_7_route_energy,hormuz_tanker_transits,1.0,62.887100214442945,-61.887100214442945,61.887100214442945,7030.152564119507
2026-06-13,arx_lag1_7_route_energy,hormuz_tanker_transits,0.0,61.40937675502395,-61.40937675502395,61.40937675502395,7091.561940874531
2026-06-14,arx_lag1_7_route_energy,hormuz_tanker_transits,0.0,61.10866849171666,-61.10866849171666,61.10866849171666,7152.670609366247
2026-06-15,arx_lag1_7_route_energy,hormuz_tanker_transits,1.0,59.95766062598681,-58.95766062598681,58.95766062598681,7211.628269992234
2026-06-16,arx_lag1_7_route_energy,hormuz_tanker_transits,2.0,57.85518312942919,-55.85518312942919,55.85518312942919,7267.483453121663
2026-06-17,arx_lag1_7_route_energy,hormuz_tanker_transits,1.0,56.826093968172636,-55.826093968172636,55.826093968172636,7323.309547089835
2026-06-18,arx_lag1_7_route_energy,hormuz_tanker_transits,11.0,58.29933694381298,-47.29933694381298,47.29933694381298,7370.608884033648
2026-06-19,arx_lag1_7_route_energy,hormuz_tanker_transits,5.0,59.303718148037376,-54.303718148037376,54.303718148037376,7424.9126021816855
2026-06-20,arx_lag1_7_route_energy,hormuz_tanker_transits,12.0,59.35565958007995,-47.35565958007995,47.35565958007995,7472.268261761766
2026-06-21,arx_lag1_7_route_energy,hormuz_tanker_transits,1.0,60.84205867060747,-59.84205867060747,59.84205867060747,7532.110320432374
2026-06-22,arx_lag1_7_route_energy,hormuz_tanker_transits,9.0,57.95576311730417,-48.95576311730417,48.95576311730417,7581.066083549677
2026-06-23,arx_lag1_7_route_energy,hormuz_tanker_transits,5.0,57.76170736365311,-52.76170736365311,52.76170736365311,7633.82779091333
2026-06-24,arx_lag1_7_route_energy,hormuz_tanker_transits,21.0,55.059402007333915,-34.059402007333915,34.059402007333915,7667.887192920664
2026-06-25,arx_lag1_7_route_energy,hormuz_tanker_transits,23.0,55.624633528698425,-32.624633528698425,32.624633528698425,7700.511826449363
2026-06-26,arx_lag1_7_route_energy,hormuz_tanker_transits,19.0,55.109719755260755,-36.109719755260755,36.109719755260755,7736.621546204624
2026-06-27,arx_lag1_7_route_energy,hormuz_tanker_transits,9.0,56.251275560299746,-47.251275560299746,47.251275560299746,7783.872821764924
2026-06-28,arx_lag1_7_route_energy,hormuz_tanker_transits,11.0,54.84709709569282,-43.84709709569282,43.84709709569282,7827.719918860617
2026-06-29,arx_lag1_7_route_energy,hormuz_tanker_transits,13.0,54.92860872025765,-41.92860872025765,41.92860872025765,7869.6485275808745
2026-06-30,arx_lag1_7_route_energy,hormuz_tanker_transits,6.0,53.713916903476196,-47.713916903476196,47.713916903476196,7917.362444484351
2026-07-01,arx_lag1_7_route_energy,hormuz_tanker_transits,23.0,52.52631943258851,-29.526319432588508,29.526319432588508,7946.88876391694
2026-07-02,arx_lag1_7_route_energy,hormuz_tanker_transits,18.0,52.43750759714193,-34.43750759714193,34.43750759714193,7981.326271514082
2026-07-03,arx_lag1_7_route_energy,hormuz_tanker_transits,21.0,53.27423791726329,-32.27423791726329,32.27423791726329,8013.600509431345
2026-07-04,arx_lag1_7_route_energy,hormuz_tanker_transits,11.0,53.094403632532654,-42.094403632532654,42.094403632532654,8055.694913063878
2026-07-05,arx_lag1_7_route_energy,hormuz_tanker_transits,16.0,52.887875369211194,-36.887875369211194,36.887875369211194,8092.582788433089
2026-07-06,arx_lag1_7_route_energy,hormuz_tanker_transits,14.0,52.86744914266917,-38.86744914266917,38.86744914266917,8131.450237575758
2026-07-07,arx_lag1_7_route_energy,hormuz_tanker_transits,12.0,52.07146051283063,-40.07146051283063,40.07146051283063,8171.521698088589
2026-02-28,seasonal_naive_7d,hormuz_tanker_capacity,2543517.0,2599939.0,-56422.0,56422.0,56422.0
2026-03-01,seasonal_naive_7d,hormuz_tanker_capacity,446614.0,3879234.0,-3432620.0,3432620.0,3489042.0
2026-03-02,seasonal_naive_7d,hormuz_tanker_capacity,6701.0,2948390.0,-2941689.0,2941689.0,6430731.0
2026-03-03,seasonal_naive_7d,hormuz_tanker_capacity,6701.0,1669159.0,-1662458.0,1662458.0,8093189.0
2026-03-04,seasonal_naive_7d,hormuz_tanker_capacity,0.0,4461976.0,-4461976.0,4461976.0,12555165.0
2026-03-05,seasonal_naive_7d,hormuz_tanker_capacity,,1415483.0,,,12555165.0
2026-03-06,seasonal_naive_7d,hormuz_tanker_capacity,0.0,914016.0,-914016.0,914016.0,13469181.0
2026-03-07,seasonal_naive_7d,hormuz_tanker_capacity,0.0,2599939.0,-2599939.0,2599939.0,16069120.0
2026-03-08,seasonal_naive_7d,hormuz_tanker_capacity,0.0,3879234.0,-3879234.0,3879234.0,19948354.0
2026-03-09,seasonal_naive_7d,hormuz_tanker_capacity,0.0,2948390.0,-2948390.0,2948390.0,22896744.0
2026-03-10,seasonal_naive_7d,hormuz_tanker_capacity,42122.0,1669159.0,-1627037.0,1627037.0,24523781.0
2026-03-11,seasonal_naive_7d,hormuz_tanker_capacity,51338.0,4461976.0,-4410638.0,4410638.0,28934419.0
2026-03-12,seasonal_naive_7d,hormuz_tanker_capacity,0.0,1415483.0,-1415483.0,1415483.0,30349902.0
2026-03-13,seasonal_naive_7d,hormuz_tanker_capacity,0.0,914016.0,-914016.0,914016.0,31263918.0
2026-03-14,seasonal_naive_7d,hormuz_tanker_capacity,0.0,2599939.0,-2599939.0,2599939.0,33863857.0
2026-03-15,seasonal_naive_7d,hormuz_tanker_capacity,339183.0,3879234.0,-3540051.0,3540051.0,37403908.0
2026-03-16,seasonal_naive_7d,hormuz_tanker_capacity,0.0,2948390.0,-2948390.0,2948390.0,40352298.0
2026-03-17,seasonal_naive_7d,hormuz_tanker_capacity,47804.0,1669159.0,-1621355.0,1621355.0,41973653.0
2026-03-18,seasonal_naive_7d,hormuz_tanker_capacity,0.0,4461976.0,-4461976.0,4461976.0,46435629.0
2026-03-19,seasonal_naive_7d,hormuz_tanker_capacity,0.0,1415483.0,-1415483.0,1415483.0,47851112.0
2026-03-20,seasonal_naive_7d,hormuz_tanker_capacity,118692.0,914016.0,-795324.0,795324.0,48646436.0
2026-03-21,seasonal_naive_7d,hormuz_tanker_capacity,0.0,2599939.0,-2599939.0,2599939.0,51246375.0
2026-03-22,seasonal_naive_7d,hormuz_tanker_capacity,0.0,3879234.0,-3879234.0,3879234.0,55125609.0
2026-03-23,seasonal_naive_7d,hormuz_tanker_capacity,48834.0,2948390.0,-2899556.0,2899556.0,58025165.0
2026-03-24,seasonal_naive_7d,hormuz_tanker_capacity,,1669159.0,,,58025165.0
2026-03-25,seasonal_naive_7d,hormuz_tanker_capacity,,4461976.0,,,58025165.0
2026-03-26,seasonal_naive_7d,hormuz_tanker_capacity,0.0,1415483.0,-1415483.0,1415483.0,59440648.0
2026-03-27,seasonal_naive_7d,hormuz_tanker_capacity,0.0,914016.0,-914016.0,914016.0,60354664.0
2026-03-28,seasonal_naive_7d,hormuz_tanker_capacity,5464.0,2599939.0,-2594475.0,2594475.0,62949139.0
2026-03-29,seasonal_naive_7d,hormuz_tanker_capacity,5464.0,3879234.0,-3873770.0,3873770.0,66822909.0
2026-03-30,seasonal_naive_7d,hormuz_tanker_capacity,4062.0,2948390.0,-2944328.0,2944328.0,69767237.0
2026-03-31,seasonal_naive_7d,hormuz_tanker_capacity,74905.0,1669159.0,-1594254.0,1594254.0,71361491.0
2026-04-01,seasonal_naive_7d,hormuz_tanker_capacity,74905.0,4461976.0,-4387071.0,4387071.0,75748562.0
2026-04-02,seasonal_naive_7d,hormuz_tanker_capacity,,1415483.0,,,75748562.0
2026-04-03,seasonal_naive_7d,hormuz_tanker_capacity,97195.0,914016.0,-816821.0,816821.0,76565383.0
2026-04-04,seasonal_naive_7d,hormuz_tanker_capacity,38238.0,2599939.0,-2561701.0,2561701.0,79127084.0
2026-04-05,seasonal_naive_7d,hormuz_tanker_capacity,264106.0,3879234.0,-3615128.0,3615128.0,82742212.0
2026-04-06,seasonal_naive_7d,hormuz_tanker_capacity,,2948390.0,,,82742212.0
2026-04-07,seasonal_naive_7d,hormuz_tanker_capacity,69890.0,1669159.0,-1599269.0,1599269.0,84341481.0
2026-04-08,seasonal_naive_7d,hormuz_tanker_capacity,141855.0,4461976.0,-4320121.0,4320121.0,88661602.0
2026-04-09,seasonal_naive_7d,hormuz_tanker_capacity,164591.0,1415483.0,-1250892.0,1250892.0,89912494.0
2026-04-10,seasonal_naive_7d,hormuz_tanker_capacity,21001.0,914016.0,-893015.0,893015.0,90805509.0
2026-04-11,seasonal_naive_7d,hormuz_tanker_capacity,287665.0,2599939.0,-2312274.0,2312274.0,93117783.0
2026-04-12,seasonal_naive_7d,hormuz_tanker_capacity,33937.0,3879234.0,-3845297.0,3845297.0,96963080.0
2026-04-13,seasonal_naive_7d,hormuz_tanker_capacity,36638.0,2948390.0,-2911752.0,2911752.0,99874832.0
2026-04-14,seasonal_naive_7d,hormuz_tanker_capacity,79555.0,1669159.0,-1589604.0,1589604.0,101464436.0
2026-04-15,seasonal_naive_7d,hormuz_tanker_capacity,54951.0,4461976.0,-4407025.0,4407025.0,105871461.0
2026-04-16,seasonal_naive_7d,hormuz_tanker_capacity,129222.0,1415483.0,-1286261.0,1286261.0,107157722.0
2026-04-17,seasonal_naive_7d,hormuz_tanker_capacity,147901.0,914016.0,-766115.0,766115.0,107923837.0
2026-04-18,seasonal_naive_7d,hormuz_tanker_capacity,586984.0,2599939.0,-2012955.0,2012955.0,109936792.0
2026-04-19,seasonal_naive_7d,hormuz_tanker_capacity,149988.0,3879234.0,-3729246.0,3729246.0,113666038.0
2026-04-20,seasonal_naive_7d,hormuz_tanker_capacity,145835.0,2948390.0,-2802555.0,2802555.0,116468593.0
2026-04-21,seasonal_naive_7d,hormuz_tanker_capacity,109256.0,1669159.0,-1559903.0,1559903.0,118028496.0
2026-04-22,seasonal_naive_7d,hormuz_tanker_capacity,67426.0,4461976.0,-4394550.0,4394550.0,122423046.0
2026-04-23,seasonal_naive_7d,hormuz_tanker_capacity,67426.0,1415483.0,-1348057.0,1348057.0,123771103.0
2026-04-24,seasonal_naive_7d,hormuz_tanker_capacity,67426.0,914016.0,-846590.0,846590.0,124617693.0
2026-04-25,seasonal_naive_7d,hormuz_tanker_capacity,77025.0,2599939.0,-2522914.0,2522914.0,127140607.0
2026-04-26,seasonal_naive_7d,hormuz_tanker_capacity,34143.0,3879234.0,-3845091.0,3845091.0,130985698.0
2026-04-27,seasonal_naive_7d,hormuz_tanker_capacity,0.0,2948390.0,-2948390.0,2948390.0,133934088.0
2026-04-28,seasonal_naive_7d,hormuz_tanker_capacity,323392.0,1669159.0,-1345767.0,1345767.0,135279855.0
2026-04-29,seasonal_naive_7d,hormuz_tanker_capacity,11036.0,4461976.0,-4450940.0,4450940.0,139730795.0
2026-04-30,seasonal_naive_7d,hormuz_tanker_capacity,64253.0,1415483.0,-1351230.0,1351230.0,141082025.0
2026-05-01,seasonal_naive_7d,hormuz_tanker_capacity,83813.0,914016.0,-830203.0,830203.0,141912228.0
2026-05-02,seasonal_naive_7d,hormuz_tanker_capacity,93041.0,2599939.0,-2506898.0,2506898.0,144419126.0
2026-05-03,seasonal_naive_7d,hormuz_tanker_capacity,,3879234.0,,,144419126.0
2026-05-04,seasonal_naive_7d,hormuz_tanker_capacity,0.0,2948390.0,-2948390.0,2948390.0,147367516.0
2026-05-05,seasonal_naive_7d,hormuz_tanker_capacity,0.0,1669159.0,-1669159.0,1669159.0,149036675.0
2026-05-06,seasonal_naive_7d,hormuz_tanker_capacity,0.0,4461976.0,-4461976.0,4461976.0,153498651.0
2026-05-07,seasonal_naive_7d,hormuz_tanker_capacity,,1415483.0,,,153498651.0
2026-05-08,seasonal_naive_7d,hormuz_tanker_capacity,38238.0,914016.0,-875778.0,875778.0,154374429.0
2026-05-09,seasonal_naive_7d,hormuz_tanker_capacity,136764.0,2599939.0,-2463175.0,2463175.0,156837604.0
2026-05-10,seasonal_naive_7d,hormuz_tanker_capacity,357615.0,3879234.0,-3521619.0,3521619.0,160359223.0
2026-05-11,seasonal_naive_7d,hormuz_tanker_capacity,88456.0,2948390.0,-2859934.0,2859934.0,163219157.0
2026-05-12,seasonal_naive_7d,hormuz_tanker_capacity,,1669159.0,,,163219157.0
2026-05-13,seasonal_naive_7d,hormuz_tanker_capacity,349804.0,4461976.0,-4112172.0,4112172.0,167331329.0
2026-05-14,seasonal_naive_7d,hormuz_tanker_capacity,42976.0,1415483.0,-1372507.0,1372507.0,168703836.0
2026-05-15,seasonal_naive_7d,hormuz_tanker_capacity,5341.0,914016.0,-908675.0,908675.0,169612511.0
2026-05-16,seasonal_naive_7d,hormuz_tanker_capacity,41921.0,2599939.0,-2558018.0,2558018.0,172170529.0
2026-05-17,seasonal_naive_7d,hormuz_tanker_capacity,13968.0,3879234.0,-3865266.0,3865266.0,176035795.0
2026-05-18,seasonal_naive_7d,hormuz_tanker_capacity,13968.0,2948390.0,-2934422.0,2934422.0,178970217.0
2026-05-19,seasonal_naive_7d,hormuz_tanker_capacity,570517.0,1669159.0,-1098642.0,1098642.0,180068859.0
2026-05-20,seasonal_naive_7d,hormuz_tanker_capacity,588209.0,4461976.0,-3873767.0,3873767.0,183942626.0
2026-05-21,seasonal_naive_7d,hormuz_tanker_capacity,42682.0,1415483.0,-1372801.0,1372801.0,185315427.0
2026-05-22,seasonal_naive_7d,hormuz_tanker_capacity,0.0,914016.0,-914016.0,914016.0,186229443.0
2026-05-23,seasonal_naive_7d,hormuz_tanker_capacity,284471.0,2599939.0,-2315468.0,2315468.0,188544911.0
2026-05-24,seasonal_naive_7d,hormuz_tanker_capacity,6839.0,3879234.0,-3872395.0,3872395.0,192417306.0
2026-05-25,seasonal_naive_7d,hormuz_tanker_capacity,0.0,2948390.0,-2948390.0,2948390.0,195365696.0
2026-05-26,seasonal_naive_7d,hormuz_tanker_capacity,,1669159.0,,,195365696.0
2026-05-27,seasonal_naive_7d,hormuz_tanker_capacity,106096.0,4461976.0,-4355880.0,4355880.0,199721576.0
2026-05-28,seasonal_naive_7d,hormuz_tanker_capacity,0.0,1415483.0,-1415483.0,1415483.0,201137059.0
2026-05-29,seasonal_naive_7d,hormuz_tanker_capacity,0.0,914016.0,-914016.0,914016.0,202051075.0
2026-05-30,seasonal_naive_7d,hormuz_tanker_capacity,,2599939.0,,,202051075.0
2026-05-31,seasonal_naive_7d,hormuz_tanker_capacity,0.0,3879234.0,-3879234.0,3879234.0,205930309.0
2026-06-01,seasonal_naive_7d,hormuz_tanker_capacity,38238.0,2948390.0,-2910152.0,2910152.0,208840461.0
2026-06-02,seasonal_naive_7d,hormuz_tanker_capacity,37590.0,1669159.0,-1631569.0,1631569.0,210472030.0
2026-06-03,seasonal_naive_7d,hormuz_tanker_capacity,12593.0,4461976.0,-4449383.0,4449383.0,214921413.0
2026-06-04,seasonal_naive_7d,hormuz_tanker_capacity,8271.0,1415483.0,-1407212.0,1407212.0,216328625.0
2026-06-05,seasonal_naive_7d,hormuz_tanker_capacity,0.0,914016.0,-914016.0,914016.0,217242641.0
2026-06-06,seasonal_naive_7d,hormuz_tanker_capacity,0.0,2599939.0,-2599939.0,2599939.0,219842580.0
2026-06-07,seasonal_naive_7d,hormuz_tanker_capacity,,3879234.0,,,219842580.0
2026-06-08,seasonal_naive_7d,hormuz_tanker_capacity,50124.0,2948390.0,-2898266.0,2898266.0,222740846.0
2026-06-09,seasonal_naive_7d,hormuz_tanker_capacity,48671.0,1669159.0,-1620488.0,1620488.0,224361334.0
2026-06-10,seasonal_naive_7d,hormuz_tanker_capacity,5341.0,4461976.0,-4456635.0,4456635.0,228817969.0
2026-06-11,seasonal_naive_7d,hormuz_tanker_capacity,11142.0,1415483.0,-1404341.0,1404341.0,230222310.0
2026-06-12,seasonal_naive_7d,hormuz_tanker_capacity,11375.0,914016.0,-902641.0,902641.0,231124951.0
2026-06-13,seasonal_naive_7d,hormuz_tanker_capacity,0.0,2599939.0,-2599939.0,2599939.0,233724890.0
2026-06-14,seasonal_naive_7d,hormuz_tanker_capacity,0.0,3879234.0,-3879234.0,3879234.0,237604124.0
2026-06-15,seasonal_naive_7d,hormuz_tanker_capacity,,2948390.0,,,237604124.0
2026-06-16,seasonal_naive_7d,hormuz_tanker_capacity,35583.0,1669159.0,-1633576.0,1633576.0,239237700.0
2026-06-17,seasonal_naive_7d,hormuz_tanker_capacity,4593.0,4461976.0,-4457383.0,4457383.0,243695083.0
2026-06-18,seasonal_naive_7d,hormuz_tanker_capacity,459872.0,1415483.0,-955611.0,955611.0,244650694.0
2026-06-19,seasonal_naive_7d,hormuz_tanker_capacity,889755.0,914016.0,-24261.0,24261.0,244674955.0
2026-06-20,seasonal_naive_7d,hormuz_tanker_capacity,543037.0,2599939.0,-2056902.0,2056902.0,246731857.0
2026-06-21,seasonal_naive_7d,hormuz_tanker_capacity,65755.0,3879234.0,-3813479.0,3813479.0,250545336.0
2026-06-22,seasonal_naive_7d,hormuz_tanker_capacity,618208.0,2948390.0,-2330182.0,2330182.0,252875518.0
2026-06-23,seasonal_naive_7d,hormuz_tanker_capacity,839231.0,1669159.0,-829928.0,829928.0,253705446.0
2026-06-24,seasonal_naive_7d,hormuz_tanker_capacity,1546046.0,4461976.0,-2915930.0,2915930.0,256621376.0
2026-06-25,seasonal_naive_7d,hormuz_tanker_capacity,1383947.0,1415483.0,-31536.0,31536.0,256652912.0
2026-06-26,seasonal_naive_7d,hormuz_tanker_capacity,708895.0,914016.0,-205121.0,205121.0,256858033.0
2026-06-27,seasonal_naive_7d,hormuz_tanker_capacity,552718.0,2599939.0,-2047221.0,2047221.0,258905254.0
2026-06-28,seasonal_naive_7d,hormuz_tanker_capacity,448071.0,3879234.0,-3431163.0,3431163.0,262336417.0
2026-06-29,seasonal_naive_7d,hormuz_tanker_capacity,1131108.0,2948390.0,-1817282.0,1817282.0,264153699.0
2026-06-30,seasonal_naive_7d,hormuz_tanker_capacity,264380.0,1669159.0,-1404779.0,1404779.0,265558478.0
2026-07-01,seasonal_naive_7d,hormuz_tanker_capacity,1720088.0,4461976.0,-2741888.0,2741888.0,268300366.0
2026-07-02,seasonal_naive_7d,hormuz_tanker_capacity,565406.0,1415483.0,-850077.0,850077.0,269150443.0
2026-07-03,seasonal_naive_7d,hormuz_tanker_capacity,1127426.0,914016.0,213410.0,-213410.0,268937033.0
2026-07-04,seasonal_naive_7d,hormuz_tanker_capacity,360954.0,2599939.0,-2238985.0,2238985.0,271176018.0
2026-07-05,seasonal_naive_7d,hormuz_tanker_capacity,782230.0,3879234.0,-3097004.0,3097004.0,274273022.0
2026-07-06,seasonal_naive_7d,hormuz_tanker_capacity,2066636.0,2948390.0,-881754.0,881754.0,275154776.0
2026-07-07,seasonal_naive_7d,hormuz_tanker_capacity,1210489.0,1669159.0,-458670.0,458670.0,275613446.0
2026-02-28,ar_lag1_7,hormuz_tanker_capacity,2543517.0,2172930.2456601383,370586.7543398617,-370586.7543398617,-370586.7543398617
2026-03-01,ar_lag1_7,hormuz_tanker_capacity,446614.0,2762420.4574185377,-2315806.4574185377,2315806.4574185377,1945219.703078676
2026-03-02,ar_lag1_7,hormuz_tanker_capacity,6701.0,2753330.992940811,-2746629.992940811,2746629.992940811,4691849.696019487
2026-03-03,ar_lag1_7,hormuz_tanker_capacity,6701.0,2507932.9510793285,-2501231.9510793285,2501231.9510793285,7193081.647098816
2026-03-04,ar_lag1_7,hormuz_tanker_capacity,0.0,2901309.400993761,-2901309.400993761,2901309.400993761,10094391.048092578
2026-03-05,ar_lag1_7,hormuz_tanker_capacity,,2545041.7090300093,,,10094391.048092578
2026-03-06,ar_lag1_7,hormuz_tanker_capacity,0.0,2386114.6151259234,-2386114.6151259234,2386114.6151259234,12480505.663218502
2026-03-07,ar_lag1_7,hormuz_tanker_capacity,0.0,2561739.8587401146,-2561739.8587401146,2561739.8587401146,15042245.521958616
2026-03-08,ar_lag1_7,hormuz_tanker_capacity,0.0,2696915.39873337,-2696915.39873337,2696915.39873337,17739160.920691986
2026-03-09,ar_lag1_7,hormuz_tanker_capacity,0.0,2700170.1670076977,-2700170.1670076977,2700170.1670076977,20439331.08769968
2026-03-10,ar_lag1_7,hormuz_tanker_capacity,42122.0,2631821.7403459284,-2589699.7403459284,2589699.7403459284,23029030.82804561
2026-03-11,ar_lag1_7,hormuz_tanker_capacity,51338.0,2678605.427683406,-2627267.427683406,2627267.427683406,25656298.255729016
2026-03-12,ar_lag1_7,hormuz_tanker_capacity,0.0,2664625.078415636,-2664625.078415636,2664625.078415636,28320923.334144652
2026-03-13,ar_lag1_7,hormuz_tanker_capacity,0.0,2670118.186020961,-2670118.186020961,2670118.186020961,30991041.520165615
2026-03-14,ar_lag1_7,hormuz_tanker_capacity,0.0,2715685.2068035803,-2715685.2068035803,2715685.2068035803,33706726.7269692
2026-03-15,ar_lag1_7,hormuz_tanker_capacity,339183.0,2734082.432284146,-2394899.432284146,2394899.432284146,36101626.159253344
2026-03-16,ar_lag1_7,hormuz_tanker_capacity,0.0,2702887.1522128955,-2702887.1522128955,2702887.1522128955,38804513.31146624
2026-03-17,ar_lag1_7,hormuz_tanker_capacity,47804.0,2653425.431258473,-2605621.431258473,2605621.431258473,41410134.74272471
2026-03-18,ar_lag1_7,hormuz_tanker_capacity,0.0,2648053.4180275565,-2648053.4180275565,2648053.4180275565,44058188.16075227
2026-03-19,ar_lag1_7,hormuz_tanker_capacity,0.0,2675103.9058150207,-2675103.9058150207,2675103.9058150207,46733292.06656729
2026-03-20,ar_lag1_7,hormuz_tanker_capacity,118692.0,2720971.7937527057,-2602279.7937527057,2602279.7937527057,49335571.860319994
2026-03-21,ar_lag1_7,hormuz_tanker_capacity,0.0,2757376.919976441,-2757376.919976441,2757376.919976441,52092948.78029644
2026-03-22,ar_lag1_7,hormuz_tanker_capacity,0.0,2753346.2129720827,-2753346.2129720827,2753346.2129720827,54846294.99326852
2026-03-23,ar_lag1_7,hormuz_tanker_capacity,48834.0,2709366.320609256,-2660532.320609256,2660532.320609256,57506827.313877776
2026-03-24,ar_lag1_7,hormuz_tanker_capacity,,2659070.6310951267,,,57506827.313877776
2026-03-25,ar_lag1_7,hormuz_tanker_capacity,,2644700.6157457745,,,57506827.313877776
2026-03-26,ar_lag1_7,hormuz_tanker_capacity,0.0,2675810.8751537646,-2675810.8751537646,2675810.8751537646,60182638.18903154
2026-03-27,ar_lag1_7,hormuz_tanker_capacity,0.0,2729711.9529271293,-2729711.9529271293,2729711.9529271293,62912350.14195867
2026-03-28,ar_lag1_7,hormuz_tanker_capacity,5464.0,2767094.3377391165,-2761630.3377391165,2761630.3377391165,65673980.479697786
2026-03-29,ar_lag1_7,hormuz_tanker_capacity,5464.0,2759612.0664201197,-2754148.0664201197,2754148.0664201197,68428128.5461179
2026-03-30,ar_lag1_7,hormuz_tanker_capacity,4062.0,2712411.129006544,-2708349.129006544,2708349.129006544,71136477.67512445
2026-03-31,ar_lag1_7,hormuz_tanker_capacity,74905.0,2660968.4723944273,-2586063.4723944273,2586063.4723944273,73722541.14751887
2026-04-01,ar_lag1_7,hormuz_tanker_capacity,74905.0,2644732.4263606984,-2569827.4263606984,2569827.4263606984,76292368.57387957
2026-04-02,ar_lag1_7,hormuz_tanker_capacity,,2675939.2553992155,,,76292368.57387957
2026-04-03,ar_lag1_7,hormuz_tanker_capacity,97195.0,2731216.2650458403,-2634021.2650458403,2634021.2650458403,78926389.8389254
2026-04-04,ar_lag1_7,hormuz_tanker_capacity,38238.0,2769192.63219483,-2730954.63219483,2730954.63219483,81657344.47112024
2026-04-05,ar_lag1_7,hormuz_tanker_capacity,264106.0,2761317.894426637,-2497211.894426637,2497211.894426637,84154556.36554688
2026-04-06,ar_lag1_7,hormuz_tanker_capacity,,2713454.633209478,,,84154556.36554688
2026-04-07,ar_lag1_7,hormuz_tanker_capacity,69890.0,2661612.7181805144,-2591722.7181805144,2591722.7181805144,86746279.08372739
2026-04-08,ar_lag1_7,hormuz_tanker_capacity,141855.0,2644939.218686422,-2503084.218686422,2503084.218686422,89249363.3024138
2026-04-09,ar_lag1_7,hormuz_tanker_capacity,164591.0,2676025.4283047775,-2511434.4283047775,2511434.4283047775,91760797.73071858
2026-04-10,ar_lag1_7,hormuz_tanker_capacity,21001.0,2731495.2172253174,-2710494.2172253174,2710494.2172253174,94471291.9479439
2026-04-11,ar_lag1_7,hormuz_tanker_capacity,287665.0,2769631.373672082,-2481966.373672082,2481966.373672082,96953258.32161598
2026-04-12,ar_lag1_7,hormuz_tanker_capacity,33937.0,2761740.8572914437,-2727803.8572914437,2727803.8572914437,99681062.17890742
2026-04-13,ar_lag1_7,hormuz_tanker_capacity,36638.0,2713761.7083223606,-2677123.7083223606,2677123.7083223606,102358185.88722979
2026-04-14,ar_lag1_7,hormuz_tanker_capacity,79555.0,2661816.6693704203,-2582261.6693704203,2582261.6693704203,104940447.55660021
2026-04-15,ar_lag1_7,hormuz_tanker_capacity,54951.0,2645037.6388576706,-2590086.6388576706,2590086.6388576706,107530534.19545789
2026-04-16,ar_lag1_7,hormuz_tanker_capacity,129222.0,2676070.641298044,-2546848.641298044,2546848.641298044,110077382.83675593
2026-04-17,ar_lag1_7,hormuz_tanker_capacity,147901.0,2731556.0864043734,-2583655.0864043734,2583655.0864043734,112661037.9231603
2026-04-18,ar_lag1_7,hormuz_tanker_capacity,586984.0,2769723.9068979654,-2182739.9068979654,2182739.9068979654,114843777.83005826
2026-04-19,ar_lag1_7,hormuz_tanker_capacity,149988.0,2761840.6489837226,-2611852.6489837226,2611852.6489837226,117455630.47904198
2026-04-20,ar_lag1_7,hormuz_tanker_capacity,145835.0,2713844.3561138404,-2568009.3561138404,2568009.3561138404,120023639.83515581
2026-04-21,ar_lag1_7,hormuz_tanker_capacity,109256.0,2661876.6805671556,-2552620.6805671556,2552620.6805671556,122576260.51572298
2026-04-22,ar_lag1_7,hormuz_tanker_capacity,67426.0,2645072.8925879137,-2577646.8925879137,2577646.8925879137,125153907.40831089
2026-04-23,ar_lag1_7,hormuz_tanker_capacity,67426.0,2676089.2397171403,-2608663.2397171403,2608663.2397171403,127762570.64802803
2026-04-24,ar_lag1_7,hormuz_tanker_capacity,67426.0,2731572.0992590105,-2664146.0992590105,2664146.0992590105,130426716.74728703
2026-04-25,ar_lag1_7,hormuz_tanker_capacity,77025.0,2769744.415629767,-2692719.415629767,2692719.415629767,133119436.16291681
2026-04-26,ar_lag1_7,hormuz_tanker_capacity,34143.0,2761863.7795804837,-2727720.7795804837,2727720.7795804837,135847156.94249728
2026-04-27,ar_lag1_7,hormuz_tanker_capacity,0.0,2713865.434624183,-2713865.434624183,2713865.434624183,138561022.37712148
2026-04-28,ar_lag1_7,hormuz_tanker_capacity,323392.0,2661893.3252453376,-2338501.3252453376,2338501.3252453376,140899523.70236683
2026-04-29,ar_lag1_7,hormuz_tanker_capacity,11036.0,2645084.00334159,-2634048.00334159,2634048.00334159,143533571.7057084
2026-04-30,ar_lag1_7,hormuz_tanker_capacity,64253.0,2676095.829820897,-2611842.829820897,2611842.829820897,146145414.53552932
2026-05-01,ar_lag1_7,hormuz_tanker_capacity,83813.0,2731576.8425634173,-2647763.8425634173,2647763.8425634173,148793178.37809274
2026-05-02,ar_lag1_7,hormuz_tanker_capacity,93041.0,2769749.334574803,-2676708.334574803,2676708.334574803,151469886.71266752
2026-05-03,ar_lag1_7,hormuz_tanker_capacity,,2761869.1926696463,,,151469886.71266752
2026-05-04,ar_lag1_7,hormuz_tanker_capacity,0.0,2713870.658469172,-2713870.658469172,2713870.658469172,154183757.3711367
2026-05-05,ar_lag1_7,hormuz_tanker_capacity,0.0,2661897.7471484337,-2661897.7471484337,2661897.7471484337,156845655.11828512
2026-05-06,ar_lag1_7,hormuz_tanker_capacity,0.0,2645087.247415582,-2645087.247415582,2645087.247415582,159490742.3657007
2026-05-07,ar_lag1_7,hormuz_tanker_capacity,,2676097.948266815,,,159490742.3657007
2026-05-08,ar_lag1_7,hormuz_tanker_capacity,38238.0,2731578.2996330652,-2693340.2996330652,2693340.2996330652,162184082.66533375
2026-05-09,ar_lag1_7,hormuz_tanker_capacity,136764.0,2769750.614247797,-2632986.614247797,2632986.614247797,164817069.27958155
2026-05-10,ar_lag1_7,hormuz_tanker_capacity,357615.0,2761870.4996484374,-2404255.4996484374,2404255.4996484374,167221324.77923
2026-05-11,ar_lag1_7,hormuz_tanker_capacity,88456.0,2713871.942284312,-2625415.942284312,2625415.942284312,169846740.7215143
2026-05-12,ar_lag1_7,hormuz_tanker_capacity,,2661898.8893773756,,,169846740.7215143
2026-05-13,ar_lag1_7,hormuz_tanker_capacity,349804.0,2645088.1480569267,-2295284.1480569267,2295284.1480569267,172142024.86957124
2026-05-14,ar_lag1_7,hormuz_tanker_capacity,42976.0,2676098.584793732,-2633122.584793732,2633122.584793732,174775147.454365
2026-05-15,ar_lag1_7,hormuz_tanker_capacity,5341.0,2731578.7427733853,-2726237.7427733853,2726237.7427733853,177501385.19713837
2026-05-16,ar_lag1_7,hormuz_tanker_capacity,41921.0,2769750.9671960324,-2727829.9671960324,2727829.9671960324,180229215.16433442
2026-05-17,ar_lag1_7,hormuz_tanker_capacity,13968.0,2761870.8289668425,-2747902.8289668425,2747902.8289668425,182977117.99330127
2026-05-18,ar_lag1_7,hormuz_tanker_capacity,13968.0,2713872.2603329727,-2699904.2603329727,2699904.2603329727,185677022.25363424
2026-05-19,ar_lag1_7,hormuz_tanker_capacity,570517.0,2661899.180183096,-2091382.1801830959,2091382.1801830959,187768404.43381733
2026-05-20,ar_lag1_7,hormuz_tanker_capacity,588209.0,2645088.3898722953,-2056879.3898722953,2056879.3898722953,189825283.8236896
2026-05-21,ar_lag1_7,hormuz_tanker_capacity,42682.0,2676098.7670443417,-2633416.7670443417,2633416.7670443417,192458700.59073395
2026-05-22,ar_lag1_7,hormuz_tanker_capacity,0.0,2731578.8740009367,-2731578.8740009367,2731578.8740009367,195190279.46473488
2026-05-23,ar_lag1_7,hormuz_tanker_capacity,284471.0,2769751.067358935,-2485280.067358935,2485280.067358935,197675559.53209382
2026-05-24,ar_lag1_7,hormuz_tanker_capacity,6839.0,2761870.9154569497,-2755031.9154569497,2755031.9154569497,200430591.44755077
2026-05-25,ar_lag1_7,hormuz_tanker_capacity,0.0,2713872.340659507,-2713872.340659507,2713872.340659507,203144463.78821027
2026-05-26,ar_lag1_7,hormuz_tanker_capacity,,2661899.254018424,,,203144463.78821027
2026-05-27,ar_lag1_7,hormuz_tanker_capacity,106096.0,2645088.4534708005,-2538992.4534708005,2538992.4534708005,205683456.24168107
2026-05-28,ar_lag1_7,hormuz_tanker_capacity,0.0,2676098.817463282,-2676098.817463282,2676098.817463282,208359555.05914435
2026-05-29,ar_lag1_7,hormuz_tanker_capacity,0.0,2731578.9117510016,-2731578.9117510016,2731578.9117510016,211091133.97089535
2026-05-30,ar_lag1_7,hormuz_tanker_capacity,,2769751.0959432884,,,211091133.97089535
2026-05-31,ar_lag1_7,hormuz_tanker_capacity,0.0,2761870.9388845856,-2761870.9388845856,2761870.9388845856,213853004.90977994
2026-06-01,ar_lag1_7,hormuz_tanker_capacity,38238.0,2713872.361442044,-2675634.361442044,2675634.361442044,216528639.27122197
2026-06-02,ar_lag1_7,hormuz_tanker_capacity,37590.0,2661899.2728863894,-2624309.2728863894,2624309.2728863894,219152948.54410836
2026-06-03,ar_lag1_7,hormuz_tanker_capacity,12593.0,2645088.4700251664,-2632495.4700251664,2632495.4700251664,221785444.0141335
2026-06-04,ar_lag1_7,hormuz_tanker_capacity,8271.0,2676098.831086295,-2667827.831086295,2667827.831086295,224453271.84521982
2026-06-05,ar_lag1_7,hormuz_tanker_capacity,0.0,2731578.9223350347,-2731578.9223350347,2731578.9223350347,227184850.76755485
2026-06-06,ar_lag1_7,hormuz_tanker_capacity,0.0,2769751.1040415405,-2769751.1040415405,2769751.1040415405,229954601.8715964
2026-06-07,ar_lag1_7,hormuz_tanker_capacity,,2761870.945341643,,,229954601.8715964
2026-06-08,ar_lag1_7,hormuz_tanker_capacity,50124.0,2713872.3669427685,-2663748.3669427685,2663748.3669427685,232618350.23853916
2026-06-09,ar_lag1_7,hormuz_tanker_capacity,48671.0,2661899.277767325,-2613228.277767325,2613228.277767325,235231578.5163065
2026-06-10,ar_lag1_7,hormuz_tanker_capacity,5341.0,2645088.4743247083,-2639747.4743247083,2639747.4743247083,237871325.9906312
2026-06-11,ar_lag1_7,hormuz_tanker_capacity,11142.0,2676098.834712963,-2664956.834712963,2664956.834712963,240536282.82534415
2026-06-12,ar_lag1_7,hormuz_tanker_capacity,11375.0,2731578.9252421916,-2720203.9252421916,2720203.9252421916,243256486.75058633
2026-06-13,ar_lag1_7,hormuz_tanker_capacity,0.0,2769751.1063072765,-2769751.1063072765,2769751.1063072765,246026237.8568936
2026-06-14,ar_lag1_7,hormuz_tanker_capacity,0.0,2761870.9471318624,-2761870.9471318624,2761870.9471318624,248788108.80402547
2026-06-15,ar_lag1_7,hormuz_tanker_capacity,,2713872.3684240817,,,248788108.80402547
2026-06-16,ar_lag1_7,hormuz_tanker_capacity,35583.0,2661899.279048212,-2626316.279048212,2626316.279048212,251414425.08307368
2026-06-17,ar_lag1_7,hormuz_tanker_capacity,4593.0,2645088.475445524,-2640495.475445524,2640495.475445524,254054920.55851918
2026-06-18,ar_lag1_7,hormuz_tanker_capacity,459872.0,2676098.835671001,-2216226.835671001,2216226.835671001,256271147.3941902
2026-06-19,ar_lag1_7,hormuz_tanker_capacity,889755.0,2731578.9260287937,-1841823.9260287937,1841823.9260287937,258112971.32021898
2026-06-20,ar_lag1_7,hormuz_tanker_capacity,543037.0,2769751.106932816,-2226714.106932816,2226714.106932816,260339685.4271518
2026-06-21,ar_lag1_7,hormuz_tanker_capacity,65755.0,2761870.9476273768,-2696115.9476273768,2696115.9476273768,263035801.37477916
2026-06-22,ar_lag1_7,hormuz_tanker_capacity,618208.0,2713872.3688271875,-2095664.3688271875,2095664.3688271875,265131465.74360636
2026-06-23,ar_lag1_7,hormuz_tanker_capacity,839231.0,2661899.279388844,-1822668.279388844,1822668.279388844,266954134.0229952
2026-06-24,ar_lag1_7,hormuz_tanker_capacity,1546046.0,2645088.475739804,-1099042.475739804,1099042.475739804,268053176.498735
2026-06-25,ar_lag1_7,hormuz_tanker_capacity,1383947.0,2676098.835923518,-1292151.835923518,1292151.835923518,269345328.3346585
2026-06-26,ar_lag1_7,hormuz_tanker_capacity,708895.0,2731578.9262395315,-2022683.9262395315,2022683.9262395315,271368012.26089805
2026-06-27,ar_lag1_7,hormuz_tanker_capacity,552718.0,2769751.107103508,-2217033.107103508,2217033.107103508,273585045.3680016
2026-06-28,ar_lag1_7,hormuz_tanker_capacity,448071.0,2761870.947763764,-2313799.947763764,2313799.947763764,275898845.3157653
2026-06-29,ar_lag1_7,hormuz_tanker_capacity,1131108.0,2713872.368937366,-1582764.3689373662,1582764.3689373662,277481609.6847027
2026-06-30,ar_lag1_7,hormuz_tanker_capacity,264380.0,2661899.2794803614,-2397519.2794803614,2397519.2794803614,279879128.96418303
2026-07-01,ar_lag1_7,hormuz_tanker_capacity,1720088.0,2645088.475817721,-925000.4758177209,925000.4758177209,280804129.4400008
2026-07-02,ar_lag1_7,hormuz_tanker_capacity,565406.0,2676098.835990186,-2110692.835990186,2110692.835990186,282914822.27599096
2026-07-03,ar_lag1_7,hormuz_tanker_capacity,1127426.0,2731578.9262956823,-1604152.9262956823,1604152.9262956823,284518975.20228666
2026-07-04,ar_lag1_7,hormuz_tanker_capacity,360954.0,2769751.1071496615,-2408797.1071496615,2408797.1071496615,286927772.3094363
2026-07-05,ar_lag1_7,hormuz_tanker_capacity,782230.0,2761870.947801044,-1979640.9478010442,1979640.9478010442,288907413.2572374
2026-07-06,ar_lag1_7,hormuz_tanker_capacity,2066636.0,2713872.3689674814,-647236.3689674814,647236.3689674814,289554649.62620485
2026-07-07,ar_lag1_7,hormuz_tanker_capacity,1210489.0,2661899.2795051103,-1451410.2795051103,1451410.2795051103,291006059.90571
2026-02-28,arx_lag1_7_route,hormuz_tanker_capacity,2543517.0,2239277.7633167803,304239.2366832197,-304239.2366832197,-304239.2366832197
2026-03-01,arx_lag1_7_route,hormuz_tanker_capacity,446614.0,2801017.8550772853,-2354403.8550772853,2354403.8550772853,2050164.6183940656
2026-03-02,arx_lag1_7_route,hormuz_tanker_capacity,6701.0,2783089.117131548,-2776388.117131548,2776388.117131548,4826552.735525614
2026-03-03,arx_lag1_7_route,hormuz_tanker_capacity,6701.0,2532726.667442407,-2526025.667442407,2526025.667442407,7352578.402968021
2026-03-04,arx_lag1_7_route,hormuz_tanker_capacity,0.0,2911362.408078841,-2911362.408078841,2911362.408078841,10263940.811046861
2026-03-05,arx_lag1_7_route,hormuz_tanker_capacity,,2561011.994720637,,,10263940.811046861
2026-03-06,arx_lag1_7_route,hormuz_tanker_capacity,0.0,2380710.6319760345,-2380710.6319760345,2380710.6319760345,12644651.443022896
2026-03-07,arx_lag1_7_route,hormuz_tanker_capacity,0.0,2580466.711116862,-2580466.711116862,2580466.711116862,15225118.154139757
2026-03-08,arx_lag1_7_route,hormuz_tanker_capacity,0.0,2730443.6116310772,-2730443.6116310772,2730443.6116310772,17955561.765770834
2026-03-09,arx_lag1_7_route,hormuz_tanker_capacity,0.0,2715256.8349368293,-2715256.8349368293,2715256.8349368293,20670818.600707665
2026-03-10,arx_lag1_7_route,hormuz_tanker_capacity,42122.0,2623664.611493884,-2581542.611493884,2581542.611493884,23252361.21220155
2026-03-11,arx_lag1_7_route,hormuz_tanker_capacity,51338.0,2677775.738672926,-2626437.738672926,2626437.738672926,25878798.950874478
2026-03-12,arx_lag1_7_route,hormuz_tanker_capacity,0.0,2702658.026471714,-2702658.026471714,2702658.026471714,28581456.977346193
2026-03-13,arx_lag1_7_route,hormuz_tanker_capacity,0.0,2684382.198885089,-2684382.198885089,2684382.198885089,31265839.17623128
2026-03-14,arx_lag1_7_route,hormuz_tanker_capacity,0.0,2735299.93922896,-2735299.93922896,2735299.93922896,34001139.11546024
2026-03-15,arx_lag1_7_route,hormuz_tanker_capacity,339183.0,2776778.7471553003,-2437595.7471553003,2437595.7471553003,36438734.86261554
2026-03-16,arx_lag1_7_route,hormuz_tanker_capacity,0.0,2728783.043032854,-2728783.043032854,2728783.043032854,39167517.905648395
2026-03-17,arx_lag1_7_route,hormuz_tanker_capacity,47804.0,2709748.543949373,-2661944.543949373,2661944.543949373,41829462.44959777
2026-03-18,arx_lag1_7_route,hormuz_tanker_capacity,0.0,2644013.046911299,-2644013.046911299,2644013.046911299,44473475.49650907
2026-03-19,arx_lag1_7_route,hormuz_tanker_capacity,0.0,2700167.696794657,-2700167.696794657,2700167.696794657,47173643.19330373
2026-03-20,arx_lag1_7_route,hormuz_tanker_capacity,118692.0,2723119.5846334356,-2604427.5846334356,2604427.5846334356,49778070.77793716
2026-03-21,arx_lag1_7_route,hormuz_tanker_capacity,0.0,2743710.6148121203,-2743710.6148121203,2743710.6148121203,52521781.39274928
2026-03-22,arx_lag1_7_route,hormuz_tanker_capacity,0.0,2796454.8638607464,-2796454.8638607464,2796454.8638607464,55318236.25661003
2026-03-23,arx_lag1_7_route,hormuz_tanker_capacity,48834.0,2703540.288590769,-2654706.288590769,2654706.288590769,57972942.545200795
2026-03-24,arx_lag1_7_route,hormuz_tanker_capacity,,2654858.0856807595,,,57972942.545200795
2026-03-25,arx_lag1_7_route,hormuz_tanker_capacity,,2637755.134128144,,,57972942.545200795
2026-03-26,arx_lag1_7_route,hormuz_tanker_capacity,0.0,2722262.251282834,-2722262.251282834,2722262.251282834,60695204.79648363
2026-03-27,arx_lag1_7_route,hormuz_tanker_capacity,0.0,2729750.505414141,-2729750.505414141,2729750.505414141,63424955.30189777
2026-03-28,arx_lag1_7_route,hormuz_tanker_capacity,5464.0,2739431.9442294603,-2733967.9442294603,2733967.9442294603,66158923.24612723
2026-03-29,arx_lag1_7_route,hormuz_tanker_capacity,5464.0,2760278.422596028,-2754814.422596028,2754814.422596028,68913737.66872326
2026-03-30,arx_lag1_7_route,hormuz_tanker_capacity,4062.0,2794036.7681072303,-2789974.7681072303,2789974.7681072303,71703712.43683049
2026-03-31,arx_lag1_7_route,hormuz_tanker_capacity,74905.0,2674136.3962533455,-2599231.3962533455,2599231.3962533455,74302943.83308384
2026-04-01,arx_lag1_7_route,hormuz_tanker_capacity,74905.0,2689628.922934032,-2614723.922934032,2614723.922934032,76917667.75601786
2026-04-02,arx_lag1_7_route,hormuz_tanker_capacity,,2742043.874228963,,,76917667.75601786
2026-04-03,arx_lag1_7_route,hormuz_tanker_capacity,97195.0,2786540.534526659,-2689345.534526659,2689345.534526659,79607013.29054452
2026-04-04,arx_lag1_7_route,hormuz_tanker_capacity,38238.0,2764906.8719967185,-2726668.8719967185,2726668.8719967185,82333682.16254124
2026-04-05,arx_lag1_7_route,hormuz_tanker_capacity,264106.0,2789633.4899287485,-2525527.4899287485,2525527.4899287485,84859209.65247
2026-04-06,arx_lag1_7_route,hormuz_tanker_capacity,,2749105.174212984,,,84859209.65247
2026-04-07,arx_lag1_7_route,hormuz_tanker_capacity,69890.0,2677837.3548462284,-2607947.3548462284,2607947.3548462284,87467157.00731622
2026-04-08,arx_lag1_7_route,hormuz_tanker_capacity,141855.0,2665220.880183697,-2523365.880183697,2523365.880183697,89990522.88749991
2026-04-09,arx_lag1_7_route,hormuz_tanker_capacity,164591.0,2718523.7569688596,-2553932.7569688596,2553932.7569688596,92544455.64446877
2026-04-10,arx_lag1_7_route,hormuz_tanker_capacity,21001.0,2786732.5066122743,-2765731.5066122743,2765731.5066122743,95310187.15108104
2026-04-11,arx_lag1_7_route,hormuz_tanker_capacity,287665.0,2785353.0247581075,-2497688.0247581075,2497688.0247581075,97807875.17583914
2026-04-12,arx_lag1_7_route,hormuz_tanker_capacity,33937.0,2815250.9697234835,-2781313.9697234835,2781313.9697234835,100589189.14556262
2026-04-13,arx_lag1_7_route,hormuz_tanker_capacity,36638.0,2792016.312028748,-2755378.312028748,2755378.312028748,103344567.45759137
2026-04-14,arx_lag1_7_route,hormuz_tanker_capacity,79555.0,2710158.800217573,-2630603.800217573,2630603.800217573,105975171.25780894
2026-04-15,arx_lag1_7_route,hormuz_tanker_capacity,54951.0,2704557.275648909,-2649606.275648909,2649606.275648909,108624777.53345785
2026-04-16,arx_lag1_7_route,hormuz_tanker_capacity,129222.0,2685851.6924855,-2556629.6924855,2556629.6924855,111181407.22594334
2026-04-17,arx_lag1_7_route,hormuz_tanker_capacity,147901.0,2767810.2200683854,-2619909.2200683854,2619909.2200683854,113801316.44601172
2026-04-18,arx_lag1_7_route,hormuz_tanker_capacity,586984.0,2840163.997484879,-2253179.997484879,2253179.997484879,116054496.4434966
2026-04-19,arx_lag1_7_route,hormuz_tanker_capacity,149988.0,2779238.96965657,-2629250.96965657,2629250.96965657,118683747.41315317
2026-04-20,arx_lag1_7_route,hormuz_tanker_capacity,145835.0,2702183.5607944876,-2556348.5607944876,2556348.5607944876,121240095.97394766
2026-04-21,arx_lag1_7_route,hormuz_tanker_capacity,109256.0,2729097.40388168,-2619841.40388168,2619841.40388168,123859937.37782934
2026-04-22,arx_lag1_7_route,hormuz_tanker_capacity,67426.0,2657444.260075929,-2590018.260075929,2590018.260075929,126449955.63790527
2026-04-23,arx_lag1_7_route,hormuz_tanker_capacity,67426.0,2709685.372376596,-2642259.372376596,2642259.372376596,129092215.01028186
2026-04-24,arx_lag1_7_route,hormuz_tanker_capacity,67426.0,2757368.991695775,-2689942.991695775,2689942.991695775,131782158.00197764
2026-04-25,arx_lag1_7_route,hormuz_tanker_capacity,77025.0,2795286.9495661305,-2718261.9495661305,2718261.9495661305,134500419.95154378
2026-04-26,arx_lag1_7_route,hormuz_tanker_capacity,34143.0,2784010.3099016882,-2749867.3099016882,2749867.3099016882,137250287.26144546
2026-04-27,arx_lag1_7_route,hormuz_tanker_capacity,0.0,2712101.7700646934,-2712101.7700646934,2712101.7700646934,139962389.03151014
2026-04-28,arx_lag1_7_route,hormuz_tanker_capacity,323392.0,2696202.90057842,-2372810.90057842,2372810.90057842,142335199.93208855
2026-04-29,arx_lag1_7_route,hormuz_tanker_capacity,11036.0,2662587.0429340936,-2651551.0429340936,2651551.0429340936,144986750.97502264
2026-04-30,arx_lag1_7_route,hormuz_tanker_capacity,64253.0,2686523.2358601596,-2622270.2358601596,2622270.2358601596,147609021.2108828
2026-05-01,arx_lag1_7_route,hormuz_tanker_capacity,83813.0,2762771.578308116,-2678958.578308116,2678958.578308116,150287979.78919092
2026-05-02,arx_lag1_7_route,hormuz_tanker_capacity,93041.0,2806712.684986251,-2713671.684986251,2713671.684986251,153001651.47417718
2026-05-03,arx_lag1_7_route,hormuz_tanker_capacity,,2820815.380405782,,,153001651.47417718
2026-05-04,arx_lag1_7_route,hormuz_tanker_capacity,0.0,2790220.0050354227,-2790220.0050354227,2790220.0050354227,155791871.4792126
2026-05-05,arx_lag1_7_route,hormuz_tanker_capacity,0.0,2705048.5393835083,-2705048.5393835083,2705048.5393835083,158496920.0185961
2026-05-06,arx_lag1_7_route,hormuz_tanker_capacity,0.0,2676105.0502825608,-2676105.0502825608,2676105.0502825608,161173025.06887868
2026-05-07,arx_lag1_7_route,hormuz_tanker_capacity,,2715278.291016415,,,161173025.06887868
2026-05-08,arx_lag1_7_route,hormuz_tanker_capacity,38238.0,2778921.1408070843,-2740683.1408070843,2740683.1408070843,163913708.20968577
2026-05-09,arx_lag1_7_route,hormuz_tanker_capacity,136764.0,2777884.615435586,-2641120.615435586,2641120.615435586,166554828.82512137
2026-05-10,arx_lag1_7_route,hormuz_tanker_capacity,357615.0,2829595.021199237,-2471980.021199237,2471980.021199237,169026808.8463206
2026-05-11,arx_lag1_7_route,hormuz_tanker_capacity,88456.0,2753918.1510318085,-2665462.1510318085,2665462.1510318085,171692270.99735242
2026-05-12,arx_lag1_7_route,hormuz_tanker_capacity,,2709539.1339360033,,,171692270.99735242
2026-05-13,arx_lag1_7_route,hormuz_tanker_capacity,349804.0,2676889.298510403,-2327085.298510403,2327085.298510403,174019356.29586282
2026-05-14,arx_lag1_7_route,hormuz_tanker_capacity,42976.0,2677980.3421063116,-2635004.3421063116,2635004.3421063116,176654360.63796914
2026-05-15,arx_lag1_7_route,hormuz_tanker_capacity,5341.0,2782725.1215716335,-2777384.1215716335,2777384.1215716335,179431744.75954077
2026-05-16,arx_lag1_7_route,hormuz_tanker_capacity,41921.0,2796828.6386190914,-2754907.6386190914,2754907.6386190914,182186652.39815986
2026-05-17,arx_lag1_7_route,hormuz_tanker_capacity,13968.0,2822816.866959927,-2808848.866959927,2808848.866959927,184995501.2651198
2026-05-18,arx_lag1_7_route,hormuz_tanker_capacity,13968.0,2745410.7666689293,-2731442.7666689293,2731442.7666689293,187726944.0317887
2026-05-19,arx_lag1_7_route,hormuz_tanker_capacity,570517.0,2693573.282271399,-2123056.282271399,2123056.282271399,189850000.3140601
2026-05-20,arx_lag1_7_route,hormuz_tanker_capacity,588209.0,2740832.918571019,-2152623.918571019,2152623.918571019,192002624.23263112
2026-05-21,arx_lag1_7_route,hormuz_tanker_capacity,42682.0,2724631.178195594,-2681949.178195594,2681949.178195594,194684573.4108267
2026-05-22,arx_lag1_7_route,hormuz_tanker_capacity,0.0,2754687.849187835,-2754687.849187835,2754687.849187835,197439261.26001453
2026-05-23,arx_lag1_7_route,hormuz_tanker_capacity,284471.0,2792997.85812953,-2508526.85812953,2508526.85812953,199947788.11814407
2026-05-24,arx_lag1_7_route,hormuz_tanker_capacity,6839.0,2800153.547123033,-2793314.547123033,2793314.547123033,202741102.6652671
2026-05-25,arx_lag1_7_route,hormuz_tanker_capacity,0.0,2734082.60136884,-2734082.60136884,2734082.60136884,205475185.26663595
2026-05-26,arx_lag1_7_route,hormuz_tanker_capacity,,2707048.7475634455,,,205475185.26663595
2026-05-27,arx_lag1_7_route,hormuz_tanker_capacity,106096.0,2724119.1867247983,-2618023.1867247983,2618023.1867247983,208093208.45336077
2026-05-28,arx_lag1_7_route,hormuz_tanker_capacity,0.0,2718978.075632672,-2718978.075632672,2718978.075632672,210812186.52899343
2026-05-29,arx_lag1_7_route,hormuz_tanker_capacity,0.0,2768061.7348138415,-2768061.7348138415,2768061.7348138415,213580248.26380727
2026-05-30,arx_lag1_7_route,hormuz_tanker_capacity,,2834248.0793882203,,,213580248.26380727
2026-05-31,arx_lag1_7_route,hormuz_tanker_capacity,0.0,2762211.2749098325,-2762211.2749098325,2762211.2749098325,216342459.5387171
2026-06-01,arx_lag1_7_route,hormuz_tanker_capacity,38238.0,2748657.778205725,-2710419.778205725,2710419.778205725,219052879.3169228
2026-06-02,arx_lag1_7_route,hormuz_tanker_capacity,37590.0,2702666.9258210417,-2665076.9258210417,2665076.9258210417,221717956.24274385
2026-06-03,arx_lag1_7_route,hormuz_tanker_capacity,12593.0,2678129.361955566,-2665536.361955566,2665536.361955566,224383492.6046994
2026-06-04,arx_lag1_7_route,hormuz_tanker_capacity,8271.0,2677010.1763995653,-2668739.1763995653,2668739.1763995653,227052231.78109896
2026-06-05,arx_lag1_7_route,hormuz_tanker_capacity,0.0,2768464.725312602,-2768464.725312602,2768464.725312602,229820696.50641155
2026-06-06,arx_lag1_7_route,hormuz_tanker_capacity,0.0,2762622.7934845537,-2762622.7934845537,2762622.7934845537,232583319.29989612
2026-06-07,arx_lag1_7_route,hormuz_tanker_capacity,,2783593.9826232013,,,232583319.29989612
2026-06-08,arx_lag1_7_route,hormuz_tanker_capacity,50124.0,2739147.3631154574,-2689023.3631154574,2689023.3631154574,235272342.66301158
2026-06-09,arx_lag1_7_route,hormuz_tanker_capacity,48671.0,2653316.0324078193,-2604645.0324078193,2604645.0324078193,237876987.6954194
2026-06-10,arx_lag1_7_route,hormuz_tanker_capacity,5341.0,2650072.3888204484,-2644731.3888204484,2644731.3888204484,240521719.08423984
2026-06-11,arx_lag1_7_route,hormuz_tanker_capacity,11142.0,2666933.5353676863,-2655791.5353676863,2655791.5353676863,243177510.61960754
2026-06-12,arx_lag1_7_route,hormuz_tanker_capacity,11375.0,2744232.579498046,-2732857.579498046,2732857.579498046,245910368.1991056
2026-06-13,arx_lag1_7_route,hormuz_tanker_capacity,0.0,2726497.279725204,-2726497.279725204,2726497.279725204,248636865.47883078
2026-06-14,arx_lag1_7_route,hormuz_tanker_capacity,0.0,2737273.395241494,-2737273.395241494,2737273.395241494,251374138.87407228
2026-06-15,arx_lag1_7_route,hormuz_tanker_capacity,,2697695.152234068,,,251374138.87407228
2026-06-16,arx_lag1_7_route,hormuz_tanker_capacity,35583.0,2638235.2072220608,-2602652.2072220608,2602652.2072220608,253976791.08129436
2026-06-17,arx_lag1_7_route,hormuz_tanker_capacity,4593.0,2618969.654021712,-2614376.654021712,2614376.654021712,256591167.73531607
2026-06-18,arx_lag1_7_route,hormuz_tanker_capacity,459872.0,2703217.620525847,-2243345.620525847,2243345.620525847,258834513.3558419
2026-06-19,arx_lag1_7_route,hormuz_tanker_capacity,889755.0,2771638.877883748,-1881883.8778837482,1881883.8778837482,260716397.23372567
2026-06-20,arx_lag1_7_route,hormuz_tanker_capacity,543037.0,2793935.00559021,-2250898.00559021,2250898.00559021,262967295.23931587
2026-06-21,arx_lag1_7_route,hormuz_tanker_capacity,65755.0,2838885.8789053685,-2773130.8789053685,2773130.8789053685,265740426.11822122
2026-06-22,arx_lag1_7_route,hormuz_tanker_capacity,618208.0,2741277.9768715217,-2123069.9768715217,2123069.9768715217,267863496.09509274
2026-06-23,arx_lag1_7_route,hormuz_tanker_capacity,839231.0,2730216.9297668044,-1890985.9297668044,1890985.9297668044,269754482.02485955
2026-06-24,arx_lag1_7_route,hormuz_tanker_capacity,1546046.0,2665732.4751066742,-1119686.4751066742,1119686.4751066742,270874168.4999662
2026-06-25,arx_lag1_7_route,hormuz_tanker_capacity,1383947.0,2715373.151904117,-1331426.1519041169,1331426.1519041169,272205594.6518703
2026-06-26,arx_lag1_7_route,hormuz_tanker_capacity,708895.0,2756248.171421698,-2047353.1714216978,2047353.1714216978,274252947.823292
2026-06-27,arx_lag1_7_route,hormuz_tanker_capacity,552718.0,2836800.366714847,-2284082.366714847,2284082.366714847,276537030.19000685
2026-06-28,arx_lag1_7_route,hormuz_tanker_capacity,448071.0,2782502.50978646,-2334431.50978646,2334431.50978646,278871461.69979334
2026-06-29,arx_lag1_7_route,hormuz_tanker_capacity,1131108.0,2755685.4478370417,-1624577.4478370417,1624577.4478370417,280496039.1476304
2026-06-30,arx_lag1_7_route,hormuz_tanker_capacity,264380.0,2695807.1227265163,-2431427.1227265163,2431427.1227265163,282927466.2703569
2026-07-01,arx_lag1_7_route,hormuz_tanker_capacity,1720088.0,2655766.729383839,-935678.7293838388,935678.7293838388,283863144.9997407
2026-07-02,arx_lag1_7_route,hormuz_tanker_capacity,565406.0,2689562.1672995347,-2124156.1672995347,2124156.1672995347,285987301.1670402
2026-07-03,arx_lag1_7_route,hormuz_tanker_capacity,1127426.0,2759218.0251947436,-1631792.0251947436,1631792.0251947436,287619093.192235
2026-07-04,arx_lag1_7_route,hormuz_tanker_capacity,360954.0,2782811.5571906157,-2421857.5571906157,2421857.5571906157,290040950.7494256
2026-07-05,arx_lag1_7_route,hormuz_tanker_capacity,782230.0,2766820.071980101,-1984590.071980101,1984590.071980101,292025540.8214057
2026-07-06,arx_lag1_7_route,hormuz_tanker_capacity,2066636.0,2737488.8389082304,-670852.8389082304,670852.8389082304,292696393.66031396
2026-07-07,arx_lag1_7_route,hormuz_tanker_capacity,1210489.0,2685788.0664343676,-1475299.0664343676,1475299.0664343676,294171692.72674835
2026-02-28,arx_lag1_7_route_energy,hormuz_tanker_capacity,2543517.0,2173596.321094195,369920.6789058051,-369920.6789058051,-369920.6789058051
2026-03-01,arx_lag1_7_route_energy,hormuz_tanker_capacity,446614.0,2581623.699453502,-2135009.699453502,2135009.699453502,1765089.0205476969
2026-03-02,arx_lag1_7_route_energy,hormuz_tanker_capacity,6701.0,2634878.5033360356,-2628177.5033360356,2628177.5033360356,4393266.523883732
2026-03-03,arx_lag1_7_route_energy,hormuz_tanker_capacity,6701.0,2565724.7517180564,-2559023.7517180564,2559023.7517180564,6952290.275601788
2026-03-04,arx_lag1_7_route_energy,hormuz_tanker_capacity,0.0,2821462.455128567,-2821462.455128567,2821462.455128567,9773752.730730355
2026-03-05,arx_lag1_7_route_energy,hormuz_tanker_capacity,,2699591.6945728515,,,9773752.730730355
2026-03-06,arx_lag1_7_route_energy,hormuz_tanker_capacity,0.0,2744746.1186114666,-2744746.1186114666,2744746.1186114666,12518498.84934182
2026-03-07,arx_lag1_7_route_energy,hormuz_tanker_capacity,0.0,2924314.61903258,-2924314.61903258,2924314.61903258,15442813.468374401
2026-03-08,arx_lag1_7_route_energy,hormuz_tanker_capacity,0.0,3002196.084472861,-3002196.084472861,3002196.084472861,18445009.552847262
2026-03-09,arx_lag1_7_route_energy,hormuz_tanker_capacity,0.0,2953465.569370475,-2953465.569370475,2953465.569370475,21398475.122217737
2026-03-10,arx_lag1_7_route_energy,hormuz_tanker_capacity,42122.0,2823645.1144181527,-2781523.1144181527,2781523.1144181527,24179998.23663589
2026-03-11,arx_lag1_7_route_energy,hormuz_tanker_capacity,51338.0,2837928.6244779155,-2786590.6244779155,2786590.6244779155,26966588.861113805
2026-03-12,arx_lag1_7_route_energy,hormuz_tanker_capacity,0.0,3064697.099214862,-3064697.099214862,3064697.099214862,30031285.96032867
2026-03-13,arx_lag1_7_route_energy,hormuz_tanker_capacity,0.0,3158173.907652266,-3158173.907652266,3158173.907652266,33189459.867980935
2026-03-14,arx_lag1_7_route_energy,hormuz_tanker_capacity,0.0,3223261.5547153526,-3223261.5547153526,3223261.5547153526,36412721.422696285
2026-03-15,arx_lag1_7_route_energy,hormuz_tanker_capacity,339183.0,3247513.4472916615,-2908330.4472916615,2908330.4472916615,39321051.86998795
2026-03-16,arx_lag1_7_route_energy,hormuz_tanker_capacity,0.0,3163229.423849579,-3163229.423849579,3163229.423849579,42484281.29383753
2026-03-17,arx_lag1_7_route_energy,hormuz_tanker_capacity,47804.0,3223982.747527781,-3176178.747527781,3176178.747527781,45660460.04136531
2026-03-18,arx_lag1_7_route_energy,hormuz_tanker_capacity,0.0,3346232.9013828416,-3346232.9013828416,3346232.9013828416,49006692.94274815
2026-03-19,arx_lag1_7_route_energy,hormuz_tanker_capacity,0.0,3350997.206719144,-3350997.206719144,3350997.206719144,52357690.1494673
2026-03-20,arx_lag1_7_route_energy,hormuz_tanker_capacity,118692.0,3499149.4728079867,-3380457.4728079867,3380457.4728079867,55738147.622275285
2026-03-21,arx_lag1_7_route_energy,hormuz_tanker_capacity,0.0,3555384.040924689,-3555384.040924689,3555384.040924689,59293531.663199976
2026-03-22,arx_lag1_7_route_energy,hormuz_tanker_capacity,0.0,3597381.665090634,-3597381.665090634,3597381.665090634,62890913.32829061
2026-03-23,arx_lag1_7_route_energy,hormuz_tanker_capacity,48834.0,3289374.2461124156,-3240540.2461124156,3240540.2461124156,66131453.574403025
2026-03-24,arx_lag1_7_route_energy,hormuz_tanker_capacity,,3268059.7683202717,,,66131453.574403025
2026-03-25,arx_lag1_7_route_energy,hormuz_tanker_capacity,,3292870.90049577,,,66131453.574403025
2026-03-26,arx_lag1_7_route_energy,hormuz_tanker_capacity,0.0,3429182.8176084,-3429182.8176084,3429182.8176084,69560636.39201142
2026-03-27,arx_lag1_7_route_energy,hormuz_tanker_capacity,0.0,3599456.7096199826,-3599456.7096199826,3599456.7096199826,73160093.1016314
2026-03-28,arx_lag1_7_route_energy,hormuz_tanker_capacity,5464.0,3664703.876210866,-3659239.876210866,3659239.876210866,76819332.97784227
2026-03-29,arx_lag1_7_route_energy,hormuz_tanker_capacity,5464.0,3681745.82889834,-3676281.82889834,3676281.82889834,80495614.80674061
2026-03-30,arx_lag1_7_route_energy,hormuz_tanker_capacity,4062.0,3674041.6409592386,-3669979.6409592386,3669979.6409592386,84165594.44769984
2026-03-31,arx_lag1_7_route_energy,hormuz_tanker_capacity,74905.0,3639118.444224311,-3564213.444224311,3564213.444224311,87729807.89192416
2026-04-01,arx_lag1_7_route_energy,hormuz_tanker_capacity,74905.0,3566214.9948110348,-3491309.9948110348,3491309.9948110348,91221117.88673519
2026-04-02,arx_lag1_7_route_energy,hormuz_tanker_capacity,,3722795.2274921206,,,91221117.88673519
2026-04-03,arx_lag1_7_route_energy,hormuz_tanker_capacity,97195.0,3808331.5861810516,-3711136.5861810516,3711136.5861810516,94932254.47291623
2026-04-04,arx_lag1_7_route_energy,hormuz_tanker_capacity,38238.0,3827359.431612723,-3789121.431612723,3789121.431612723,98721375.90452896
2026-04-05,arx_lag1_7_route_energy,hormuz_tanker_capacity,264106.0,3846088.571701206,-3581982.571701206,3581982.571701206,102303358.47623016
2026-04-06,arx_lag1_7_route_energy,hormuz_tanker_capacity,,3792100.367684293,,,102303358.47623016
2026-04-07,arx_lag1_7_route_energy,hormuz_tanker_capacity,69890.0,3907352.068936386,-3837462.068936386,3837462.068936386,106140820.54516655
2026-04-08,arx_lag1_7_route_energy,hormuz_tanker_capacity,141855.0,3687928.9282558635,-3546073.9282558635,3546073.9282558635,109686894.47342241
2026-04-09,arx_lag1_7_route_energy,hormuz_tanker_capacity,164591.0,3639317.260541954,-3474726.260541954,3474726.260541954,113161620.73396437
2026-04-10,arx_lag1_7_route_energy,hormuz_tanker_capacity,21001.0,3683577.688998773,-3662576.688998773,3662576.688998773,116824197.42296314
2026-04-11,arx_lag1_7_route_energy,hormuz_tanker_capacity,287665.0,3695458.0449362467,-3407793.0449362467,3407793.0449362467,120231990.46789938
2026-04-12,arx_lag1_7_route_energy,hormuz_tanker_capacity,33937.0,3716315.7316313707,-3682378.7316313707,3682378.7316313707,123914369.19953075
2026-04-13,arx_lag1_7_route_energy,hormuz_tanker_capacity,36638.0,3741254.0904694125,-3704616.0904694125,3704616.0904694125,127618985.29000017
2026-04-14,arx_lag1_7_route_energy,hormuz_tanker_capacity,79555.0,3637644.2793345135,-3558089.2793345135,3558089.2793345135,131177074.56933469
2026-04-15,arx_lag1_7_route_energy,hormuz_tanker_capacity,54951.0,3537535.1094168345,-3482584.1094168345,3482584.1094168345,134659658.67875153
2026-04-16,arx_lag1_7_route_energy,hormuz_tanker_capacity,129222.0,3531610.6736447373,-3402388.6736447373,3402388.6736447373,138062047.35239628
2026-04-17,arx_lag1_7_route_energy,hormuz_tanker_capacity,147901.0,3321600.609494029,-3173699.609494029,3173699.609494029,141235746.9618903
2026-04-18,arx_lag1_7_route_energy,hormuz_tanker_capacity,586984.0,3313951.417084904,-2726967.417084904,2726967.417084904,143962714.3789752
2026-04-19,arx_lag1_7_route_energy,hormuz_tanker_capacity,149988.0,3245588.1096756514,-3095600.1096756514,3095600.1096756514,147058314.48865086
2026-04-20,arx_lag1_7_route_energy,hormuz_tanker_capacity,145835.0,3252715.826329239,-3106880.826329239,3106880.826329239,150165195.3149801
2026-04-21,arx_lag1_7_route_energy,hormuz_tanker_capacity,109256.0,3323886.1588593214,-3214630.1588593214,3214630.1588593214,153379825.4738394
2026-04-22,arx_lag1_7_route_energy,hormuz_tanker_capacity,67426.0,3380257.45281518,-3312831.45281518,3312831.45281518,156692656.92665458
2026-04-23,arx_lag1_7_route_energy,hormuz_tanker_capacity,67426.0,3462966.057027332,-3395540.057027332,3395540.057027332,160088196.98368192
2026-04-24,arx_lag1_7_route_energy,hormuz_tanker_capacity,67426.0,3465210.9538629283,-3397784.9538629283,3397784.9538629283,163485981.93754485
2026-04-25,arx_lag1_7_route_energy,hormuz_tanker_capacity,77025.0,3480171.526246844,-3403146.526246844,3403146.526246844,166889128.4637917
2026-04-26,arx_lag1_7_route_energy,hormuz_tanker_capacity,34143.0,3468107.2548798085,-3433964.2548798085,3433964.2548798085,170323092.7186715
2026-04-27,arx_lag1_7_route_energy,hormuz_tanker_capacity,0.0,3439413.032958055,-3439413.032958055,3439413.032958055,173762505.75162956
2026-04-28,arx_lag1_7_route_energy,hormuz_tanker_capacity,323392.0,3487525.0204506363,-3164133.0204506363,3164133.0204506363,176926638.77208018
2026-04-29,arx_lag1_7_route_energy,hormuz_tanker_capacity,11036.0,3589060.1829024577,-3578024.1829024577,3578024.1829024577,180504662.95498264
2026-04-30,arx_lag1_7_route_energy,hormuz_tanker_capacity,64253.0,3655591.4617863456,-3591338.4617863456,3591338.4617863456,184096001.416769
2026-05-01,arx_lag1_7_route_energy,hormuz_tanker_capacity,83813.0,3635843.6250600116,-3552030.6250600116,3552030.6250600116,187648032.04182902
2026-05-02,arx_lag1_7_route_energy,hormuz_tanker_capacity,93041.0,3651893.5712905717,-3558852.5712905717,3558852.5712905717,191206884.6131196
2026-05-03,arx_lag1_7_route_energy,hormuz_tanker_capacity,,3653777.6912768697,,,191206884.6131196
2026-05-04,arx_lag1_7_route_energy,hormuz_tanker_capacity,0.0,3611466.3394681388,-3611466.3394681388,3611466.3394681388,194818350.95258775
2026-05-05,arx_lag1_7_route_energy,hormuz_tanker_capacity,0.0,3486583.66330359,-3486583.66330359,3486583.66330359,198304934.61589134
2026-05-06,arx_lag1_7_route_energy,hormuz_tanker_capacity,0.0,3305819.156963736,-3305819.156963736,3305819.156963736,201610753.77285507
2026-05-07,arx_lag1_7_route_energy,hormuz_tanker_capacity,,3276362.9875374157,,,201610753.77285507
2026-05-08,arx_lag1_7_route_energy,hormuz_tanker_capacity,38238.0,3334138.4543656195,-3295900.4543656195,3295900.4543656195,204906654.22722068
2026-05-09,arx_lag1_7_route_energy,hormuz_tanker_capacity,136764.0,3344845.4207995227,-3208081.4207995227,3208081.4207995227,208114735.6480202
2026-05-10,arx_lag1_7_route_energy,hormuz_tanker_capacity,357615.0,3374631.0855069435,-3017016.0855069435,3017016.0855069435,211131751.73352715
2026-05-11,arx_lag1_7_route_energy,hormuz_tanker_capacity,88456.0,3344788.9239677535,-3256332.9239677535,3256332.9239677535,214388084.6574949
2026-05-12,arx_lag1_7_route_energy,hormuz_tanker_capacity,,3380194.936596103,,,214388084.6574949
2026-05-13,arx_lag1_7_route_energy,hormuz_tanker_capacity,349804.0,3342353.5496211452,-2992549.5496211452,2992549.5496211452,217380634.20711604
2026-05-14,arx_lag1_7_route_energy,hormuz_tanker_capacity,42976.0,3356556.5009475383,-3313580.5009475383,3313580.5009475383,220694214.70806357
2026-05-15,arx_lag1_7_route_energy,hormuz_tanker_capacity,5341.0,3490028.8547807853,-3484687.8547807853,3484687.8547807853,224178902.56284437
2026-05-16,arx_lag1_7_route_energy,hormuz_tanker_capacity,41921.0,3509963.5165056423,-3468042.5165056423,3468042.5165056423,227646945.07935
2026-05-17,arx_lag1_7_route_energy,hormuz_tanker_capacity,13968.0,3538647.580707757,-3524679.580707757,3524679.580707757,231171624.66005775
2026-05-18,arx_lag1_7_route_energy,hormuz_tanker_capacity,13968.0,3512865.7411955697,-3498897.7411955697,3498897.7411955697,234670522.4012533
2026-05-19,arx_lag1_7_route_energy,hormuz_tanker_capacity,570517.0,3450117.1831313088,-2879600.1831313088,2879600.1831313088,237550122.58438462
2026-05-20,arx_lag1_7_route_energy,hormuz_tanker_capacity,588209.0,3381674.552042406,-2793465.552042406,2793465.552042406,240343588.13642702
2026-05-21,arx_lag1_7_route_energy,hormuz_tanker_capacity,42682.0,3311817.156772986,-3269135.156772986,3269135.156772986,243612723.29320002
2026-05-22,arx_lag1_7_route_energy,hormuz_tanker_capacity,0.0,3359406.258242709,-3359406.258242709,3359406.258242709,246972129.5514427
2026-05-23,arx_lag1_7_route_energy,hormuz_tanker_capacity,284471.0,3398453.9045180567,-3113982.9045180567,3113982.9045180567,250086112.45596078
2026-05-24,arx_lag1_7_route_energy,hormuz_tanker_capacity,6839.0,3402660.335342331,-3395821.335342331,3395821.335342331,253481933.7913031
2026-05-25,arx_lag1_7_route_energy,hormuz_tanker_capacity,0.0,3352200.7634395915,-3352200.7634395915,3352200.7634395915,256834134.5547427
2026-05-26,arx_lag1_7_route_energy,hormuz_tanker_capacity,,3250946.5332478317,,,256834134.5547427
2026-05-27,arx_lag1_7_route_energy,hormuz_tanker_capacity,106096.0,3141561.561633101,-3035465.561633101,3035465.561633101,259869600.1163758
2026-05-28,arx_lag1_7_route_energy,hormuz_tanker_capacity,0.0,3089867.1967322957,-3089867.1967322957,3089867.1967322957,262959467.3131081
2026-05-29,arx_lag1_7_route_energy,hormuz_tanker_capacity,0.0,3073278.7007886334,-3073278.7007886334,3073278.7007886334,266032746.01389673
2026-05-30,arx_lag1_7_route_energy,hormuz_tanker_capacity,,3118613.3447396667,,,266032746.01389673
2026-05-31,arx_lag1_7_route_energy,hormuz_tanker_capacity,0.0,3062493.926486369,-3062493.926486369,3062493.926486369,269095239.9403831
2026-06-01,arx_lag1_7_route_energy,hormuz_tanker_capacity,38238.0,3124530.8532275017,-3086292.8532275017,3086292.8532275017,272181532.7936106
2026-06-02,arx_lag1_7_route_energy,hormuz_tanker_capacity,37590.0,3103401.275126336,-3065811.275126336,3065811.275126336,275247344.0687369
2026-06-03,arx_lag1_7_route_energy,hormuz_tanker_capacity,12593.0,3126662.2175376774,-3114069.2175376774,3114069.2175376774,278361413.2862746
2026-06-04,arx_lag1_7_route_energy,hormuz_tanker_capacity,8271.0,3090718.683807224,-3082447.683807224,3082447.683807224,281443860.9700818
2026-06-05,arx_lag1_7_route_energy,hormuz_tanker_capacity,0.0,3124862.6499349833,-3124862.6499349833,3124862.6499349833,284568723.6200168
2026-06-06,arx_lag1_7_route_energy,hormuz_tanker_capacity,0.0,3127047.638601646,-3127047.638601646,3127047.638601646,287695771.2586185
2026-06-07,arx_lag1_7_route_energy,hormuz_tanker_capacity,,3132362.948822203,,,287695771.2586185
2026-06-08,arx_lag1_7_route_energy,hormuz_tanker_capacity,50124.0,3091957.1985129355,-3041833.1985129355,3041833.1985129355,290737604.4571314
2026-06-09,arx_lag1_7_route_energy,hormuz_tanker_capacity,48671.0,2980874.6573303537,-2932203.6573303537,2932203.6573303537,293669808.1144617
2026-06-10,arx_lag1_7_route_energy,hormuz_tanker_capacity,5341.0,2986216.4873609715,-2980875.4873609715,2980875.4873609715,296650683.6018227
2026-06-11,arx_lag1_7_route_energy,hormuz_tanker_capacity,11142.0,2970122.1684316276,-2958980.1684316276,2958980.1684316276,299609663.7702543
2026-06-12,arx_lag1_7_route_energy,hormuz_tanker_capacity,11375.0,2951513.0080879973,-2940138.0080879973,2940138.0080879973,302549801.7783423
2026-06-13,arx_lag1_7_route_energy,hormuz_tanker_capacity,0.0,2932579.1939189476,-2932579.1939189476,2932579.1939189476,305482380.97226125
2026-06-14,arx_lag1_7_route_energy,hormuz_tanker_capacity,0.0,2941695.752289571,-2941695.752289571,2941695.752289571,308424076.72455084
2026-06-15,arx_lag1_7_route_energy,hormuz_tanker_capacity,,2826393.5133866547,,,308424076.72455084
2026-06-16,arx_lag1_7_route_energy,hormuz_tanker_capacity,35583.0,2693365.669467,-2657782.669467,2657782.669467,311081859.3940178
2026-06-17,arx_lag1_7_route_energy,hormuz_tanker_capacity,4593.0,2655660.7967917793,-2651067.7967917793,2651067.7967917793,313732927.1908096
2026-06-18,arx_lag1_7_route_energy,hormuz_tanker_capacity,459872.0,2695233.2081937697,-2235361.2081937697,2235361.2081937697,315968288.3990034
2026-06-19,arx_lag1_7_route_energy,hormuz_tanker_capacity,889755.0,2760301.952370622,-1870546.9523706222,1870546.9523706222,317838835.35137403
2026-06-20,arx_lag1_7_route_energy,hormuz_tanker_capacity,543037.0,2787418.185775819,-2244381.185775819,2244381.185775819,320083216.53714985
2026-06-21,arx_lag1_7_route_energy,hormuz_tanker_capacity,65755.0,2803718.7899352997,-2737963.7899352997,2737963.7899352997,322821180.32708514
2026-06-22,arx_lag1_7_route_energy,hormuz_tanker_capacity,618208.0,2658244.7812372018,-2040036.7812372018,2040036.7812372018,324861217.1083223
2026-06-23,arx_lag1_7_route_energy,hormuz_tanker_capacity,839231.0,2592601.9700410613,-1753370.9700410613,1753370.9700410613,326614588.07836336
2026-06-24,arx_lag1_7_route_energy,hormuz_tanker_capacity,1546046.0,2483914.4514916483,-937868.4514916483,937868.4514916483,327552456.529855
2026-06-25,arx_lag1_7_route_energy,hormuz_tanker_capacity,1383947.0,2528533.7211588216,-1144586.7211588216,1144586.7211588216,328697043.2510138
2026-06-26,arx_lag1_7_route_energy,hormuz_tanker_capacity,708895.0,2516637.5514791375,-1807742.5514791375,1807742.5514791375,330504785.802493
2026-06-27,arx_lag1_7_route_energy,hormuz_tanker_capacity,552718.0,2571390.764056954,-2018672.764056954,2018672.764056954,332523458.56654996
2026-06-28,arx_lag1_7_route_energy,hormuz_tanker_capacity,448071.0,2523055.531878529,-2074984.5318785291,2074984.5318785291,334598443.0984285
2026-06-29,arx_lag1_7_route_energy,hormuz_tanker_capacity,1131108.0,2501585.398802135,-1370477.3988021351,1370477.3988021351,335968920.49723065
2026-06-30,arx_lag1_7_route_energy,hormuz_tanker_capacity,264380.0,2428661.5152882356,-2164281.5152882356,2164281.5152882356,338133202.0125189
2026-07-01,arx_lag1_7_route_energy,hormuz_tanker_capacity,1720088.0,2364667.055076729,-644579.055076729,644579.055076729,338777781.0675956
2026-07-02,arx_lag1_7_route_energy,hormuz_tanker_capacity,565406.0,2382705.631482135,-1817299.631482135,1817299.631482135,340595080.6990777
2026-07-03,arx_lag1_7_route_energy,hormuz_tanker_capacity,1127426.0,2437347.1014960455,-1309921.1014960455,1309921.1014960455,341905001.80057377
2026-07-04,arx_lag1_7_route_energy,hormuz_tanker_capacity,360954.0,2461995.1039610985,-2101041.1039610985,2101041.1039610985,344006042.9045349
2026-07-05,arx_lag1_7_route_energy,hormuz_tanker_capacity,782230.0,2441121.0769088347,-1658891.0769088347,1658891.0769088347,345664933.9814437
2026-07-06,arx_lag1_7_route_energy,hormuz_tanker_capacity,2066636.0,2423924.4806796974,-357288.48067969736,357288.48067969736,346022222.4621234
2026-07-07,arx_lag1_7_route_energy,hormuz_tanker_capacity,1210489.0,2383210.2105879677,-1172721.2105879677,1172721.2105879677,347194943.6727114
