model,horizon_days,form,scope,held_out_unit,threshold,requested_episodes_per_year,achieved_episodes_per_year,exceedance_share_of_unit_days,attainable,n_calibration_units,n_candidate_thresholds,rate_curve_monotone,monotonicity_violations,max_upward_rate_step,literal_tie_rule_threshold,literal_tie_rule_rate,literal_tie_rule_exceedance_share,literal_tie_rule_degenerate,held_out_episodes,held_out_censored_episodes,held_out_exposure_years,held_out_episodes_per_year
global_ridge,1,raw_level,end_to_end_loco,bab_el_mandeb_strait,8.014315625110122,2.0,1.9938733681896532,0.04821779399382543,True,26,36486,False,1028,0.03352762988801228,-73.86132132975456,0.5340516267484099,0.9999719337636823,True,0,0,2.948665297741273,0.0
global_ridge,1,raw_level,end_to_end_loco,balabac_strait,8.00036325908372,2.0,1.9938733681896532,0.05011621974034809,True,26,36486,False,1019,0.03352762988801228,-73.88232113483758,0.5274339286423713,0.9999716537218664,True,0,0,3.912388774811773,0.0
global_ridge,1,raw_level,end_to_end_loco,bering_strait,8.039205325048895,2.0,1.9938733681896532,0.04903906117126821,True,26,36486,False,1044,0.03352762988801228,-73.95317810683487,0.5274339286423713,0.9999716537218664,True,0,0,3.912388774811773,0.0
global_ridge,1,raw_level,end_to_end_loco,bohai_strait,7.369693078597443,2.0,1.9970863747183785,0.05210045920970577,True,26,36486,False,1010,0.03352762988801228,-73.70047332177735,0.5274339286423713,0.9999716537218664,True,30,0,3.912388774811773,7.667949615115465
global_ridge,1,raw_level,end_to_end_loco,bosporus_strait,7.935225238592601,2.0,1.9938733681896532,0.04867055955553036,True,26,36486,False,1026,0.03352762988801228,-73.84830460304657,0.5274339286423713,0.9999716537218664,True,11,0,3.912388774811773,2.811581525542337
global_ridge,1,raw_level,end_to_end_loco,cape_of_good_hope,8.043731906275696,2.0,1.9938733681896528,0.04898236861500085,True,26,36486,False,1020,0.03352762988801228,-74.0483751217246,0.5274339286423713,0.9999716537218664,True,0,0,3.912388774811773,0.0
global_ridge,1,raw_level,end_to_end_loco,dover_strait,7.635567577826322,2.0,1.9970863747183782,0.04909575372753557,True,26,36486,False,1013,0.03352762988801228,-73.73379653586383,0.5274339286423713,0.9999716537218664,True,18,1,3.912388774811773,4.600769769069279
global_ridge,1,raw_level,end_to_end_loco,gibraltar_strait,7.861900848968013,2.0,1.9938733681896532,0.04784851748965361,True,26,36486,False,1027,0.03352762988801228,-73.82074191391149,0.5274339286423713,0.9999716537218664,True,10,0,3.912388774811773,2.5559832050384883
global_ridge,1,raw_level,end_to_end_loco,kerch_strait,7.9795247961382785,2.0,1.9956330408569736,0.04828042328042328,True,26,36486,False,1054,0.013129043853343347,-73.9242207772852,0.5135677080238864,0.999972442680776,True,2,0,1.1471594798083504,1.743436754176611
global_ridge,1,raw_level,end_to_end_loco,korea_strait,7.153752034092367,2.0,1.9872556700836148,0.05221384432224049,True,26,36486,False,1019,0.03352762988801228,-74.63192441836878,0.5274339286423714,0.9999716537218664,True,35,2,3.912388774811773,8.94594121763471
global_ridge,1,raw_level,end_to_end_loco,lombok_strait,8.035648336979072,2.0,1.9938733681896532,0.04969102556834288,True,26,36486,False,1028,0.03352762988801228,-73.95762948832716,0.5274339286423714,0.9999716537218664,True,0,0,3.912388774811773,0.0
global_ridge,1,raw_level,end_to_end_loco,luzon_strait,7.50726062264868,2.0,1.9970863747183782,0.05272407732864675,True,26,36486,False,1018,0.03352762988801228,-73.6474355667754,0.5274339286423714,0.9999716537218664,True,23,0,3.912388774811773,5.878761371588523
global_ridge,1,raw_level,end_to_end_loco,magellan_strait,8.108462446205227,2.0,1.9938733681896532,0.04867055955553036,True,26,36486,False,1020,0.03352762988801228,-73.77349112634286,0.5274339286423714,0.9999716537218664,True,0,0,3.912388774811773,0.0
global_ridge,1,raw_level,end_to_end_loco,makassar_strait,8.047225851543871,2.0,1.9938733681896532,0.04943590906513975,True,26,36486,False,1011,0.03352762988801228,-73.91957729239394,0.5274339286423714,0.9999716537218664,True,0,0,3.912388774811773,0.0
global_ridge,1,raw_level,end_to_end_loco,malacca_strait,7.228780307434192,2.0,1.9970863747183785,0.05292250127558252,True,26,36486,False,1016,0.03352762988801228,-73.56828889315756,0.5274339286423714,0.9999716537218664,True,30,2,3.912388774811773,7.667949615115465
global_ridge,1,raw_level,end_to_end_loco,mindoro_strait,8.0458291793733,2.0,1.9938733681896532,0.04946425534327343,True,26,36486,False,1016,0.03352762988801228,-73.73312722060297,0.5274339286423714,0.9999716537218664,True,0,0,3.912388774811773,0.0
global_ridge,1,raw_level,end_to_end_loco,mona_passage,8.112763245125436,2.0,1.9938733681896532,0.048557174442995635,True,26,36486,False,1015,0.03352762988801228,-73.83011861363869,0.5274339286423714,0.9999716537218664,True,0,0,3.912388774811773,0.0
global_ridge,1,raw_level,end_to_end_loco,ombai_strait,8.021552007021043,2.0,1.9938733681896532,0.04986110323714496,True,26,36486,False,1021,0.03352762988801228,-73.85733468657867,0.5274339286423714,0.9999716537218664,True,0,0,3.912388774811773,0.0
global_ridge,1,raw_level,end_to_end_loco,oresund_strait,8.065790298739287,2.0,1.9938733681896532,0.04903906117126821,True,26,36486,False,1015,0.03352762988801228,-73.86922704085114,0.5274339286423714,0.9999716537218664,True,0,0,3.912388774811773,0.0
global_ridge,1,raw_level,end_to_end_loco,panama_canal,8.05446686223626,2.0,1.9938733681896532,0.04893743120819575,True,26,36486,False,1026,0.03352762988801228,-73.84872086375901,0.5250418419573033,0.9999717777213332,True,0,0,3.488021902806297,0.0
global_ridge,1,raw_level,end_to_end_loco,suez_canal,8.039296964677824,2.0,1.9938733681896532,0.0482363835339675,True,26,36486,False,1023,0.03352762988801228,-73.74354617201021,0.5208372502052124,0.9999719392765946,True,0,0,2.9295003422313486,0.0
global_ridge,1,raw_level,end_to_end_loco,sunda_strait,8.06071662779242,2.0,1.9938733681896532,0.04903906117126821,True,26,36486,False,1007,0.03352762988801228,-73.69252730189163,0.5274339286423714,0.9999716537218664,True,0,0,3.912388774811773,0.0
global_ridge,1,raw_level,end_to_end_loco,taiwan_strait,6.925118942094265,2.0,1.990554009302194,0.05510516469187596,True,26,36486,False,1011,0.03352762988801228,-74.0874007019559,0.5274339286423714,1.0,True,38,1,3.912388774811773,9.712736179146257
global_ridge,1,raw_level,end_to_end_loco,torres_strait,8.038166859041539,2.0,1.9938733681896532,0.049605986733941836,True,26,36486,False,1021,0.03352762988801228,-73.97886516393042,0.5274339286423714,0.9999716537218664,True,0,0,3.912388774811773,0.0
global_ridge,1,raw_level,end_to_end_loco,tsugaru_strait,7.707757405171577,2.0,1.997086374718378,0.051816996428368955,True,26,36486,False,1022,0.03352762988801228,-74.07644233171797,0.5274339286423714,0.9999716537218664,True,17,0,3.912388774811773,4.34517144856543
global_ridge,1,raw_level,end_to_end_loco,windward_passage,8.052833278496603,2.0,1.9938733681896532,0.04929417767447134,True,26,36486,False,1025,0.03352762988801228,-73.8627787074557,0.5274339286423714,0.9999716537218664,True,0,0,3.912388774811773,0.0
global_ridge,1,raw_level,end_to_end_loco,yucatan_channel,7.996412132821867,2.0,1.9938733681896534,0.04892567605873349,True,26,36486,False,1013,0.03352762988801228,-73.93131649012199,0.5274339286423714,0.9999716537218664,True,4,0,3.912388774811773,1.0223932820153954
global_ridge,1,raw_level,operational,,7.91706510591402,2.0,1.9957590421096951,0.049254910507532626,True,27,36486,False,1060,0.03228586581808646,-73.81238950035141,0.5268325476188649,0.9999727572397635,True,,,,
global_ridge,1,raw_level,threshold_loco,bab_el_mandeb_strait,8.093361439941521,2.0,1.9938733681896532,0.04768453550378894,True,26,36486,False,1027,0.03352762988801228,-73.81238950035141,0.5340516267484099,0.9999719337636823,True,0,0,2.948665297741273,0.0
global_ridge,1,raw_level,threshold_loco,balabac_strait,8.093361439941521,2.0,1.9938733681896532,0.04872725211179772,True,26,36486,False,1026,0.03352762988801228,-73.81238950035141,0.5274339286423713,0.9999716537218664,True,0,0,3.912388774811773,0.0
global_ridge,1,raw_level,threshold_loco,bering_strait,8.093361439941521,2.0,1.9938733681896532,0.04872725211179772,True,26,36486,False,1046,0.03352762988801228,-73.81238950035141,0.5274339286423713,0.9999716537218664,True,0,0,3.912388774811773,0.0
global_ridge,1,raw_level,threshold_loco,bohai_strait,7.271616800727003,2.0,1.9970863747183782,0.053177617778785644,True,26,36486,False,1012,0.03352762988801228,-73.81238950035141,0.5274339286423713,0.9999716537218664,True,27,0,3.912388774811773,6.9011546536039186
global_ridge,1,raw_level,threshold_loco,bosporus_strait,7.864644234285468,2.0,1.9938733681896532,0.04946425534327343,True,26,36486,False,1014,0.03352762988801228,-73.81238950035141,0.5274339286423713,0.9999716537218664,True,11,0,3.912388774811773,2.811581525542337
global_ridge,1,raw_level,threshold_loco,cape_of_good_hope,8.093361439941521,2.0,1.9938733681896532,0.04847213560859459,True,26,36486,False,1013,0.03352762988801228,-73.81238950035141,0.5274339286423713,0.9999716537218664,True,0,0,3.912388774811773,0.0
global_ridge,1,raw_level,threshold_loco,dover_strait,7.630603466594977,2.0,1.9970863747183782,0.049180792561936616,True,26,36486,False,1022,0.03352762988801228,-73.81238950035141,0.5274339286423713,0.9999716537218664,True,17,1,3.912388774811773,4.34517144856543
global_ridge,1,raw_level,threshold_loco,gibraltar_strait,7.880593443688165,2.0,1.9938733681896532,0.047763478655252566,True,26,36486,False,1024,0.03352762988801228,-73.81238950035141,0.5274339286423713,0.9999716537218664,True,10,0,3.912388774811773,2.5559832050384883
global_ridge,1,raw_level,threshold_loco,kerch_strait,7.933227309250757,2.0,1.9956330408569736,0.049052028218694886,True,26,36486,False,1048,0.013129043853343347,-73.81238950035141,0.5135677080238864,0.999972442680776,True,2,0,1.1471594798083504,1.743436754176611
global_ridge,1,raw_level,threshold_loco,korea_strait,7.127477556495052,2.0,1.9905540093021943,0.052610692216112025,True,26,36486,False,1014,0.03352762988801228,-73.81238950035141,0.5274339286423714,0.9999716537218664,True,35,2,3.912388774811773,8.94594121763471
global_ridge,1,raw_level,threshold_loco,lombok_strait,8.093361439941521,2.0,1.9938733681896532,0.04872725211179772,True,26,36486,False,1023,0.03352762988801228,-73.81238950035141,0.5274339286423714,0.9999716537218664,True,0,0,3.912388774811773,0.0
global_ridge,1,raw_level,threshold_loco,luzon_strait,7.5180342356360725,2.0,1.997086374718378,0.052639038494245706,True,26,36486,False,1009,0.03352762988801228,-73.81238950035141,0.5274339286423714,0.9999716537218664,True,23,0,3.912388774811773,5.878761371588523
global_ridge,1,raw_level,threshold_loco,magellan_strait,8.093361439941521,2.0,1.9938733681896532,0.04872725211179772,True,26,36486,False,1021,0.03352762988801228,-73.81238950035141,0.5274339286423714,0.9999716537218664,True,0,0,3.912388774811773,0.0
global_ridge,1,raw_level,threshold_loco,makassar_strait,8.093361439941521,2.0,1.9938733681896532,0.04872725211179772,True,26,36486,False,1023,0.03352762988801228,-73.81238950035141,0.5274339286423714,0.9999716537218664,True,0,0,3.912388774811773,0.0
global_ridge,1,raw_level,threshold_loco,malacca_strait,7.221771928568408,2.0,1.9970863747183782,0.05314927150065196,True,26,36486,False,1022,0.03352762988801228,-73.81238950035141,0.5274339286423714,0.9999716537218664,True,30,2,3.912388774811773,7.667949615115465
global_ridge,1,raw_level,threshold_loco,mindoro_strait,8.093361439941521,2.0,1.9938733681896532,0.04872725211179772,True,26,36486,False,1020,0.03352762988801228,-73.81238950035141,0.5274339286423714,0.9999716537218664,True,0,0,3.912388774811773,0.0
global_ridge,1,raw_level,threshold_loco,mona_passage,8.093361439941521,2.0,1.9938733681896532,0.04872725211179772,True,26,36486,False,1015,0.03352762988801228,-73.81238950035141,0.5274339286423714,0.9999716537218664,True,0,0,3.912388774811773,0.0
global_ridge,1,raw_level,threshold_loco,ombai_strait,8.093361439941521,2.0,1.9938733681896532,0.04872725211179772,True,26,36486,False,1021,0.03352762988801228,-73.81238950035141,0.5274339286423714,0.9999716537218664,True,0,0,3.912388774811773,0.0
global_ridge,1,raw_level,threshold_loco,oresund_strait,8.093361439941521,2.0,1.9938733681896532,0.048557174442995635,True,26,36486,False,1020,0.03352762988801228,-73.81238950035141,0.5274339286423714,0.9999716537218664,True,0,0,3.912388774811773,0.0
global_ridge,1,raw_level,threshold_loco,panama_canal,8.093361439941521,2.0,1.9938733681896532,0.048429430192193715,True,26,36486,False,1023,0.03352762988801228,-73.81238950035141,0.5250418419573033,0.9999717777213332,True,0,0,3.488021902806297,0.0
global_ridge,1,raw_level,threshold_loco,suez_canal,8.093361439941521,2.0,1.9938733681896532,0.047590986895642166,True,26,36486,False,1028,0.03352762988801228,-73.81238950035141,0.5208372502052124,0.9999719392765946,True,0,0,2.9295003422313486,0.0
global_ridge,1,raw_level,threshold_loco,sunda_strait,8.093361439941521,2.0,1.9938733681896532,0.04864221327739668,True,26,36486,False,1016,0.03352762988801228,-73.81238950035141,0.5274339286423714,0.9999716537218664,True,0,0,3.912388774811773,0.0
global_ridge,1,raw_level,threshold_loco,taiwan_strait,6.980143164584586,2.0,1.990554009302194,0.05416973751346448,True,26,36486,False,1008,0.03352762988801228,-73.81238950035141,0.5274339286423714,1.0,True,39,1,3.912388774811773,9.968334499650105
global_ridge,1,raw_level,threshold_loco,torres_strait,8.093361439941521,2.0,1.9938733681896532,0.04872725211179772,True,26,36486,False,1018,0.03352762988801228,-73.81238950035141,0.5274339286423714,0.9999716537218664,True,0,0,3.912388774811773,0.0
global_ridge,1,raw_level,threshold_loco,tsugaru_strait,7.654969745397381,2.0,1.997086374718378,0.0524973071035773,True,26,36486,False,1011,0.03352762988801228,-73.81238950035141,0.5274339286423714,0.9999716537218664,True,17,0,3.912388774811773,4.34517144856543
global_ridge,1,raw_level,threshold_loco,windward_passage,8.093361439941521,2.0,1.9938733681896532,0.04872725211179772,True,26,36486,False,1022,0.03352762988801228,-73.81238950035141,0.5274339286423714,0.9999716537218664,True,0,0,3.912388774811773,0.0
global_ridge,1,raw_level,threshold_loco,yucatan_channel,7.990577089127239,2.0,1.9938733681896534,0.048954022336867166,True,26,36486,False,1014,0.03352762988801228,-73.81238950035141,0.5274339286423714,0.9999716537218664,True,4,0,3.912388774811773,1.0223932820153954
global_ridge,1,scale_invariant,end_to_end_loco,bab_el_mandeb_strait,1.503857551824324,2.0,1.9810984281663075,0.06182991860791468,True,26,36486,False,1027,0.03352762988801228,-7.11696838852157,0.5340516267484099,0.9999719337636823,True,1,0,2.948665297741273,0.33913649025069637
global_ridge,1,scale_invariant,end_to_end_loco,balabac_strait,1.4730135611044322,2.0,1.990739037363822,0.06290039117863824,True,26,36486,False,1019,0.03352762988801228,-7.118991842018614,0.5274339286423713,0.9999716537218664,True,15,0,3.912388774811773,3.8339748075577327
global_ridge,1,scale_invariant,end_to_end_loco,bering_strait,1.4970879837284072,2.0,1.9953381826723295,0.06321220023810874,True,26,36486,False,1043,0.03352762988801228,-7.12581932385528,0.5274339286423713,0.9999716537218664,True,3,0,3.912388774811773,0.7667949615115465
global_ridge,1,scale_invariant,end_to_end_loco,bohai_strait,1.4972436406918967,2.0,1.9907390373638216,0.0622200805034299,True,26,36486,False,1009,0.03352762988801228,-7.101469746370022,0.5274339286423713,0.9999716537218664,True,11,0,3.912388774811773,2.811581525542337
global_ridge,1,scale_invariant,end_to_end_loco,bosporus_strait,1.4918268274792408,2.0,1.990739037363822,0.061738193775157324,True,26,36486,False,1026,0.03352762988801228,-7.115714151109689,0.5274339286423713,0.9999716537218664,True,14,0,3.912388774811773,3.5783764870538834
global_ridge,1,scale_invariant,end_to_end_loco,cape_of_good_hope,1.4944558763956515,2.0,1.9993736986560515,0.061114575656216336,True,26,36486,False,1019,0.03352762988801228,-7.134992110551407,0.5274339286423713,0.9999716537218664,True,10,0,3.912388774811773,2.5559832050384883
global_ridge,1,scale_invariant,end_to_end_loco,dover_strait,1.5091444979174242,2.0,1.999373698656051,0.06100119054368162,True,26,36486,False,1014,0.03352762988801228,-7.104680632081077,0.5274339286423713,0.9999716537218664,True,2,0,3.912388774811773,0.5111966410076977
global_ridge,1,scale_invariant,end_to_end_loco,gibraltar_strait,1.5101699557238781,2.0,1.999373698656051,0.061312999603152105,True,26,36486,False,1026,0.03352762988801228,-7.113058325519984,0.5274339286423713,0.9999716537218664,True,2,0,3.912388774811773,0.5111966410076977
global_ridge,1,scale_invariant,end_to_end_loco,kerch_strait,1.489748421491337,2.0,1.9970978553396503,0.0627204585537919,True,26,36486,False,1053,0.013129043853343347,-7.123029116540942,0.5135677080238864,0.999972442680776,True,3,0,1.1471594798083504,2.6151551312649164
global_ridge,1,scale_invariant,end_to_end_loco,korea_strait,1.4947355933902982,2.0,1.990739037363822,0.06207834911276149,True,26,36486,False,1018,0.03352762988801228,-7.19122048316363,0.5274339286423714,0.9999716537218664,True,10,0,3.912388774811773,2.5559832050384883
global_ridge,1,scale_invariant,end_to_end_loco,lombok_strait,1.5010009491386824,2.0,1.9941421393297958,0.062361811894098305,True,26,36486,False,1027,0.03352762988801228,-7.126248240381488,0.5274339286423714,0.9999716537218664,True,2,0,3.912388774811773,0.5111966410076977
global_ridge,1,scale_invariant,end_to_end_loco,luzon_strait,1.4814191253825821,2.0,1.990739037363822,0.063722433244515,True,26,36486,False,1017,0.03352762988801228,-7.096359249848279,0.5274339286423714,0.9999716537218664,True,15,0,3.912388774811773,3.8339748075577327
global_ridge,1,scale_invariant,end_to_end_loco,magellan_strait,1.5048979103071463,2.0,1.9953381826723298,0.06343897046317819,True,26,36486,False,1019,0.03352762988801228,-7.108505437006693,0.5274339286423714,0.9999716537218664,True,0,0,3.912388774811773,0.0
global_ridge,1,scale_invariant,end_to_end_loco,makassar_strait,1.4737559251076966,2.0,1.990739037363822,0.061738193775157324,True,26,36486,False,1010,0.03352762988801228,-7.122581689733667,0.5274339286423714,0.9999716537218664,True,12,1,3.912388774811773,3.067179846046186
global_ridge,1,scale_invariant,end_to_end_loco,malacca_strait,1.5078644774424212,2.0,1.975676773402803,0.06196496400022677,True,26,36486,False,1015,0.03352762988801228,-7.088733006991343,0.5274339286423714,0.9999716537218664,True,2,0,3.912388774811773,0.5111966410076977
global_ridge,1,scale_invariant,end_to_end_loco,mindoro_strait,1.4827233149843697,2.0,1.990739037363822,0.061312999603152105,True,26,36486,False,1015,0.03352762988801228,-7.1046161396584155,0.5274339286423714,0.9999716537218664,True,14,0,3.912388774811773,3.5783764870538834
global_ridge,1,scale_invariant,end_to_end_loco,mona_passage,1.4960476690326512,2.0,1.999373698656051,0.06207834911276149,True,26,36486,False,1014,0.03352762988801228,-7.113961825137181,0.5274339286423714,0.9999716537218664,True,4,0,3.912388774811773,1.0223932820153954
global_ridge,1,scale_invariant,end_to_end_loco,ombai_strait,1.4829300107354102,2.0,1.990739037363822,0.06253188956290039,True,26,36486,False,1021,0.03352762988801228,-7.1165842522382174,0.5274339286423714,0.9999716537218664,True,13,0,3.912388774811773,3.3227781665500347
global_ridge,1,scale_invariant,end_to_end_loco,oresund_strait,1.488201178250873,2.0,1.990739037363822,0.061936617722093086,True,26,36486,False,1015,0.03352762988801228,-7.117730149818962,0.5274339286423714,0.9999716537218664,True,11,0,3.912388774811773,2.811581525542337
global_ridge,1,scale_invariant,end_to_end_loco,panama_canal,1.5011875098942977,2.0,1.9905540093021938,0.061750345722913665,True,26,36486,False,1025,0.03352762988801228,-7.115754260253128,0.5250418419573033,0.9999717777213332,True,4,0,3.488021902806297,1.1467817896389325
global_ridge,1,scale_invariant,end_to_end_loco,suez_canal,1.5095810337070763,2.0,1.9960753594374718,0.061144316300474226,True,26,36486,False,1023,0.03352762988801228,-7.10562006629379,0.5208372502052124,0.9999719392765946,True,1,0,2.9295003422313486,0.3413551401869159
global_ridge,1,scale_invariant,end_to_end_loco,sunda_strait,1.4939439201080924,2.0,1.999373698656051,0.062135041669028855,True,26,36486,False,1007,0.03352762988801228,-7.100704101086087,0.5274339286423714,0.9999716537218664,True,5,0,3.912388774811773,1.2779916025192442
global_ridge,1,scale_invariant,end_to_end_loco,taiwan_strait,1.4792067200158003,2.0,1.990739037363822,0.06383581835704973,True,26,36486,False,1009,0.03352762988801228,-7.138752452444153,0.5274339286423714,1.0,True,18,0,3.912388774811773,4.600769769069279
global_ridge,1,scale_invariant,end_to_end_loco,torres_strait,1.5006305973165726,2.0,1.9953381826723298,0.06329723907250978,True,26,36486,False,1020,0.03352762988801228,-7.12829442137658,0.5274339286423714,0.9999716537218664,True,4,0,3.912388774811773,1.0223932820153954
global_ridge,1,scale_invariant,end_to_end_loco,tsugaru_strait,1.4682853301744492,2.0,1.991935080706356,0.06482793809172856,True,26,36486,False,1021,0.03352762988801228,-7.137696549663523,0.5274339286423714,0.9999716537218664,True,22,1,3.912388774811773,5.623163051084674
global_ridge,1,scale_invariant,end_to_end_loco,windward_passage,1.5087982011351762,2.0,1.994142139329796,0.062333465615964624,True,26,36486,False,1024,0.03352762988801228,-7.117108815349069,0.5274339286423714,0.9999716537218664,True,0,0,3.912388774811773,0.0
global_ridge,1,scale_invariant,end_to_end_loco,yucatan_channel,1.4934417322153304,2.0,1.9993736986560515,0.06241850445036567,True,26,36486,False,1012,0.03352762988801228,-7.123712829789558,0.5274339286423714,0.9999716537218664,True,9,0,3.912388774811773,2.3003848845346395
global_ridge,1,scale_invariant,operational,,1.494110917098456,2.0,1.9915890521697879,0.06244040646198273,True,27,36486,False,1059,0.03228586581808646,-7.112253521839184,0.5268325476188649,0.9999727572397635,True,,,,
global_ridge,1,scale_invariant,threshold_loco,bab_el_mandeb_strait,1.5068524303172433,2.0,1.9822944715088413,0.06143699129946674,True,26,36486,False,1026,0.03352762988801228,-7.112253521839184,0.5340516267484099,0.9999719337636823,True,1,0,2.948665297741273,0.33913649025069637
global_ridge,1,scale_invariant,threshold_loco,balabac_strait,1.482245353497422,2.0,1.990739037363822,0.06187992516582573,True,26,36486,False,1025,0.03352762988801228,-7.112253521839184,0.5274339286423713,0.9999716537218664,True,15,0,3.912388774811773,3.8339748075577327
global_ridge,1,scale_invariant,threshold_loco,bering_strait,1.5044090650344177,2.0,1.999373698656051,0.06253188956290039,True,26,36486,False,1045,0.03352762988801228,-7.112253521839184,0.5274339286423713,0.9999716537218664,True,3,0,3.912388774811773,0.7667949615115465
global_ridge,1,scale_invariant,threshold_loco,bohai_strait,1.4932412864066413,2.0,1.9895429940212876,0.06307046884744033,True,26,36486,False,1011,0.03352762988801228,-7.112253521839184,0.5274339286423713,0.9999716537218664,True,11,0,3.912388774811773,2.811581525542337
global_ridge,1,scale_invariant,threshold_loco,bosporus_strait,1.492153576723446,2.0,1.990739037363822,0.061908271443959405,True,26,36486,False,1013,0.03352762988801228,-7.112253521839184,0.5274339286423713,0.9999716537218664,True,13,0,3.912388774811773,3.3227781665500347
global_ridge,1,scale_invariant,threshold_loco,cape_of_good_hope,1.4935440747991158,2.0,1.999373698656051,0.06136969215941947,True,26,36486,False,1012,0.03352762988801228,-7.112253521839184,0.5274339286423713,0.9999716537218664,True,9,0,3.912388774811773,2.3003848845346395
global_ridge,1,scale_invariant,threshold_loco,dover_strait,1.5068524303172433,2.0,1.975676773402803,0.06125630704688474,True,26,36486,False,1022,0.03352762988801228,-7.112253521839184,0.5274339286423713,0.9999716537218664,True,2,0,3.912388774811773,0.5111966410076977
global_ridge,1,scale_invariant,threshold_loco,gibraltar_strait,1.5068524303172433,2.0,1.975676773402803,0.061908271443959405,True,26,36486,False,1023,0.03352762988801228,-7.112253521839184,0.5274339286423713,0.9999716537218664,True,2,0,3.912388774811773,0.5111966410076977
global_ridge,1,scale_invariant,threshold_loco,kerch_strait,1.4932412864066413,2.0,1.9970978553396501,0.062472442680776015,True,26,36486,False,1047,0.013129043853343347,-7.112253521839184,0.5135677080238864,0.999972442680776,True,3,0,1.1471594798083504,2.6151551312649164
global_ridge,1,scale_invariant,threshold_loco,korea_strait,1.4932412864066413,2.0,1.999373698656051,0.062361811894098305,True,26,36486,False,1013,0.03352762988801228,-7.112253521839184,0.5274339286423714,0.9999716537218664,True,10,0,3.912388774811773,2.5559832050384883
global_ridge,1,scale_invariant,threshold_loco,lombok_strait,1.5068524303172433,2.0,1.975676773402803,0.061341345881285786,True,26,36486,False,1022,0.03352762988801228,-7.112253521839184,0.5274339286423714,0.9999716537218664,True,2,0,3.912388774811773,0.5111966410076977
global_ridge,1,scale_invariant,threshold_loco,luzon_strait,1.482245353497422,2.0,1.9907390373638216,0.06409093486025284,True,26,36486,False,1008,0.03352762988801228,-7.112253521839184,0.5274339286423714,0.9999716537218664,True,15,0,3.912388774811773,3.8339748075577327
global_ridge,1,scale_invariant,threshold_loco,magellan_strait,1.5068524303172433,2.0,1.9953381826723298,0.06307046884744033,True,26,36486,False,1020,0.03352762988801228,-7.112253521839184,0.5274339286423714,0.9999716537218664,True,0,0,3.912388774811773,0.0
global_ridge,1,scale_invariant,threshold_loco,makassar_strait,1.492153576723446,2.0,1.990739037363822,0.05986733941833437,True,26,36486,False,1022,0.03352762988801228,-7.112253521839184,0.5274339286423714,0.9999716537218664,True,13,1,3.912388774811773,3.3227781665500347
global_ridge,1,scale_invariant,threshold_loco,malacca_strait,1.5068524303172433,2.0,1.975676773402803,0.06219173422529622,True,26,36486,False,1021,0.03352762988801228,-7.112253521839184,0.5274339286423714,0.9999716537218664,True,2,0,3.912388774811773,0.5111966410076977
global_ridge,1,scale_invariant,threshold_loco,mindoro_strait,1.4837869972257196,2.0,1.9907390373638216,0.06122796076875106,True,26,36486,False,1019,0.03352762988801228,-7.112253521839184,0.5274339286423714,0.9999716537218664,True,14,0,3.912388774811773,3.5783764870538834
global_ridge,1,scale_invariant,threshold_loco,mona_passage,1.5031408846941448,2.0,1.999373698656051,0.06105788309994898,True,26,36486,False,1014,0.03352762988801228,-7.112253521839184,0.5274339286423714,0.9999716537218664,True,4,0,3.912388774811773,1.0223932820153954
global_ridge,1,scale_invariant,threshold_loco,ombai_strait,1.492153576723446,2.0,1.990739037363822,0.06165315494075628,True,26,36486,False,1020,0.03352762988801228,-7.112253521839184,0.5274339286423714,0.9999716537218664,True,13,0,3.912388774811773,3.3227781665500347
global_ridge,1,scale_invariant,threshold_loco,oresund_strait,1.4932412864066413,2.0,1.989542994021288,0.06128465332501842,True,26,36486,False,1019,0.03352762988801228,-7.112253521839184,0.5274339286423714,0.9999716537218664,True,11,0,3.912388774811773,2.811581525542337
global_ridge,1,scale_invariant,threshold_loco,panama_canal,1.5031408846941448,2.0,1.9945895252859152,0.061298789264245195,True,26,36486,False,1022,0.03352762988801228,-7.112253521839184,0.5250418419573033,0.9999717777213332,True,4,0,3.488021902806297,1.1467817896389325
global_ridge,1,scale_invariant,threshold_loco,suez_canal,1.5068524303172433,2.0,1.982209138818987,0.06134074136431237,True,26,36486,False,1027,0.03352762988801228,-7.112253521839184,0.5208372502052124,0.9999719392765946,True,1,0,2.9295003422313486,0.3413551401869159
global_ridge,1,scale_invariant,threshold_loco,sunda_strait,1.4990940031737767,2.0,1.999373698656051,0.0616248086626226,True,26,36486,False,1015,0.03352762988801228,-7.112253521839184,0.5274339286423714,0.9999716537218664,True,5,0,3.912388774811773,1.2779916025192442
global_ridge,1,scale_invariant,threshold_loco,taiwan_strait,1.4809117742904676,2.0,1.990739037363822,0.06403424230398548,True,26,36486,False,1007,0.03352762988801228,-7.112253521839184,0.5274339286423714,1.0,True,16,0,3.912388774811773,4.0895731280615815
global_ridge,1,scale_invariant,threshold_loco,torres_strait,1.5031408846941448,2.0,1.999373698656051,0.06244685072849935,True,26,36486,False,1017,0.03352762988801228,-7.112253521839184,0.5274339286423714,0.9999716537218664,True,4,0,3.912388774811773,1.0223932820153954
global_ridge,1,scale_invariant,threshold_loco,tsugaru_strait,1.4731499407054855,2.0,1.9919350807063556,0.0644594364759907,True,26,36486,False,1010,0.03352762988801228,-7.112253521839184,0.5274339286423714,0.9999716537218664,True,22,1,3.912388774811773,5.623163051084674
global_ridge,1,scale_invariant,threshold_loco,windward_passage,1.5068524303172433,2.0,1.9953381826723298,0.0625035432847667,True,26,36486,False,1021,0.03352762988801228,-7.112253521839184,0.5274339286423714,0.9999716537218664,True,0,0,3.912388774811773,0.0
global_ridge,1,scale_invariant,threshold_loco,yucatan_channel,1.4935440747991158,2.0,1.9993736986560515,0.06224842678156358,True,26,36486,False,1013,0.03352762988801228,-7.112253521839184,0.5274339286423714,0.9999716537218664,True,9,0,3.912388774811773,2.3003848845346395
global_ridge,7,raw_level,end_to_end_loco,bab_el_mandeb_strait,8.134315768660983,2.0,1.9938733681896532,0.04723547572270558,True,26,36489,False,1061,0.03352762988801228,-72.30435890584701,0.5340516267484099,0.9999719337636823,True,1,0,2.948665297741273,0.33913649025069637
global_ridge,7,raw_level,end_to_end_loco,balabac_strait,8.177643626537304,2.0,1.997086374718378,0.04810363399285674,True,26,36489,False,1056,0.03352762988801228,-72.38320389936837,0.5274339286423713,0.9999716537218664,True,0,0,3.912388774811773,0.0
global_ridge,7,raw_level,end_to_end_loco,bering_strait,8.186360879610625,2.0,1.997086374718378,0.04779182493338625,True,26,36489,False,1066,0.03352762988801228,-72.4713585462157,0.5274339286423713,0.9999716537218664,True,0,0,3.912388774811773,0.0
global_ridge,7,raw_level,end_to_end_loco,bohai_strait,7.446423699413149,2.0,1.9970863747183782,0.05071149158115539,True,26,36489,False,1040,0.03352762988801228,-72.32945295031914,0.5274339286423713,0.9999716537218664,True,28,0,3.912388774811773,7.156752974107767
global_ridge,7,raw_level,end_to_end_loco,bosporus_strait,7.9798870415642895,2.0,1.997086374718378,0.04784851748965361,True,26,36489,False,1049,0.03352762988801228,-72.34489293369747,0.5274339286423713,0.9999716537218664,True,11,0,3.912388774811773,2.811581525542337
global_ridge,7,raw_level,end_to_end_loco,cape_of_good_hope,8.231173055335901,2.0,1.997086374718378,0.047536708430183115,True,26,36489,False,1049,0.03352762988801228,-72.35056296267376,0.5274339286423713,0.9999716537218664,True,0,0,3.912388774811773,0.0
global_ridge,7,raw_level,end_to_end_loco,dover_strait,7.682078217462255,2.0,1.997086374718378,0.0480185951584557,True,26,36489,False,1051,0.03352762988801228,-72.26006790890963,0.5274339286423713,0.9999716537218664,True,18,1,3.912388774811773,4.600769769069279
global_ridge,7,raw_level,end_to_end_loco,gibraltar_strait,7.884505799518472,2.0,1.997086374718378,0.04725324564884631,True,26,36489,False,1060,0.03352762988801228,-72.28008088952632,0.5274339286423713,0.9999716537218664,True,9,0,3.912388774811773,2.3003848845346395
global_ridge,7,raw_level,end_to_end_loco,kerch_strait,8.053363262285686,2.0,1.998846047385698,0.04715057319223986,True,26,36489,False,1082,0.013129043853343347,-72.33332256468124,0.5135677080238864,0.999972442680776,True,2,0,1.1471594798083504,1.743436754176611
global_ridge,7,raw_level,end_to_end_loco,korea_strait,7.211074125899511,2.0,1.9872556700836144,0.0514484948126311,True,26,36489,False,1050,0.03352762988801228,-72.32285295251782,0.5274339286423714,0.9999716537218664,True,37,2,3.912388774811773,9.457137858642406
global_ridge,7,raw_level,end_to_end_loco,lombok_strait,8.201772966722118,2.0,1.997086374718378,0.04804694143658938,True,26,36489,False,1058,0.03352762988801228,-72.34396618559697,0.5274339286423714,0.9999716537218664,True,0,0,3.912388774811773,0.0
global_ridge,7,raw_level,end_to_end_loco,luzon_strait,7.541580364610686,2.0,1.997086374718378,0.05173195759396791,True,26,36489,False,1043,0.03352762988801228,-72.28189258276618,0.5274339286423714,0.9999716537218664,True,23,0,3.912388774811773,5.878761371588523
global_ridge,7,raw_level,end_to_end_loco,magellan_strait,8.19986354216298,2.0,1.9970863747183782,0.04810363399285674,True,26,36489,False,1049,0.03352762988801228,-72.34602173775801,0.5274339286423714,0.9999716537218664,True,0,0,3.912388774811773,0.0
global_ridge,7,raw_level,end_to_end_loco,makassar_strait,8.19782716618134,2.0,1.997086374718378,0.04810363399285674,True,26,36489,False,1062,0.03352762988801228,-72.47295890629789,0.5274339286423714,0.9999716537218664,True,0,0,3.912388774811773,0.0
global_ridge,7,raw_level,end_to_end_loco,malacca_strait,7.457327427779486,2.0,1.9970863747183782,0.04971937184647656,True,26,36489,False,1053,0.03352762988801228,-72.25994572077325,0.5274339286423714,0.9999716537218664,True,27,1,3.912388774811773,6.9011546536039186
global_ridge,7,raw_level,end_to_end_loco,mindoro_strait,8.197629991377816,2.0,1.997086374718378,0.04810363399285674,True,26,36489,False,1052,0.03352762988801228,-72.37858052131403,0.5274339286423714,0.9999716537218664,True,0,0,3.912388774811773,0.0
global_ridge,7,raw_level,end_to_end_loco,mona_passage,8.198018849109033,2.0,1.997086374718378,0.04787686376778729,True,26,36489,False,1053,0.03352762988801228,-72.38164077988483,0.5274339286423714,0.9999716537218664,True,0,0,3.912388774811773,0.0
global_ridge,7,raw_level,end_to_end_loco,ombai_strait,8.175952684290394,2.0,1.997086374718378,0.047990248880322016,True,26,36489,False,1059,0.03352762988801228,-72.36043099357678,0.5274339286423714,0.9999716537218664,True,0,0,3.912388774811773,0.0
global_ridge,7,raw_level,end_to_end_loco,oresund_strait,8.219024863730432,2.0,1.9970863747183782,0.0475650547083168,True,26,36489,False,1057,0.03352762988801228,-72.4040016060698,0.5274339286423714,0.9999716537218664,True,0,0,3.912388774811773,0.0
global_ridge,7,raw_level,end_to_end_loco,panama_canal,8.21381142473549,2.0,1.9970863747183782,0.047413428160189654,True,26,36489,False,1058,0.03352762988801228,-72.32238432991515,0.5250418419573033,0.9999717777213332,True,0,0,3.488021902806297,0.0
global_ridge,7,raw_level,end_to_end_loco,suez_canal,8.131110913234593,2.0,1.997086374718378,0.04736650110839857,True,26,36489,False,1064,0.03352762988801228,-72.28516000179604,0.5208372502052124,0.9999719392765946,True,0,0,2.9295003422313486,0.0
global_ridge,7,raw_level,end_to_end_loco,sunda_strait,8.19034079097586,2.0,1.9970863747183782,0.04793355632405465,True,26,36489,False,1053,0.03352762988801228,-72.39122331606886,0.5274339286423714,0.9999716537218664,True,0,0,3.912388774811773,0.0
global_ridge,7,raw_level,end_to_end_loco,taiwan_strait,7.180253785710043,2.0,1.9970863747183782,0.0513067634219627,True,26,36489,False,1044,0.03352762988801228,-72.34155195932757,0.5274339286423714,1.0,True,38,1,3.912388774811773,9.712736179146257
global_ridge,7,raw_level,end_to_end_loco,torres_strait,8.197259553541421,2.0,1.9970863747183782,0.047990248880322016,True,26,36489,False,1057,0.03352762988801228,-72.39926923790283,0.5274339286423714,0.9999716537218664,True,0,0,3.912388774811773,0.0
global_ridge,7,raw_level,end_to_end_loco,tsugaru_strait,7.7799224633066615,2.0,1.997086374718378,0.05051306763421963,True,26,36489,False,1043,0.03352762988801228,-72.36089367476902,0.5274339286423714,0.9999716537218664,True,15,0,3.912388774811773,3.8339748075577327
global_ridge,7,raw_level,end_to_end_loco,windward_passage,8.188449634934486,2.0,1.997086374718378,0.04790521004592097,True,26,36489,False,1054,0.03352762988801228,-72.36773287493665,0.5274339286423714,0.9999716537218664,True,0,0,3.912388774811773,0.0
global_ridge,7,raw_level,end_to_end_loco,yucatan_channel,8.104068684205103,2.0,1.9970863747183782,0.04779182493338625,True,26,36489,False,1045,0.03352762988801228,-72.33247027177174,0.5274339286423714,0.9999716537218664,True,4,0,3.912388774811773,1.0223932820153954
global_ridge,7,raw_level,operational,,8.023997823429362,2.0,1.9988530483966154,0.04759310213310813,True,27,36489,False,1096,0.03228586581808646,-72.3483893896835,0.5268325476188649,0.9999727572397635,True,,,,
global_ridge,7,raw_level,threshold_loco,bab_el_mandeb_strait,8.167304748726536,2.0,1.9938733681896532,0.04706707830479932,True,26,36489,False,1059,0.03352762988801228,-72.3483893896835,0.5340516267484099,0.9999719337636823,True,1,0,2.948665297741273,0.33913649025069637
global_ridge,7,raw_level,threshold_loco,balabac_strait,8.173573356072957,2.0,1.997086374718378,0.04804694143658938,True,26,36489,False,1055,0.03352762988801228,-72.3483893896835,0.5274339286423713,0.9999716537218664,True,0,0,3.912388774811773,0.0
global_ridge,7,raw_level,threshold_loco,bering_strait,8.173573356072957,2.0,1.997086374718378,0.04804694143658938,True,26,36489,False,1073,0.03352762988801228,-72.3483893896835,0.5274339286423713,0.9999716537218664,True,0,0,3.912388774811773,0.0
global_ridge,7,raw_level,threshold_loco,bohai_strait,7.426370720637511,2.0,1.9970863747183782,0.05105164691875957,True,26,36489,False,1045,0.03352762988801228,-72.3483893896835,0.5274339286423713,0.9999716537218664,True,28,0,3.912388774811773,7.156752974107767
global_ridge,7,raw_level,threshold_loco,bosporus_strait,7.910314761979215,2.0,1.997086374718378,0.04847213560859459,True,26,36489,False,1050,0.03352762988801228,-72.3483893896835,0.5274339286423713,0.9999716537218664,True,11,0,3.912388774811773,2.811581525542337
global_ridge,7,raw_level,threshold_loco,cape_of_good_hope,8.173573356072957,2.0,1.997086374718378,0.04787686376778729,True,26,36489,False,1052,0.03352762988801228,-72.3483893896835,0.5274339286423713,0.9999716537218664,True,0,0,3.912388774811773,0.0
global_ridge,7,raw_level,threshold_loco,dover_strait,7.6791393328021975,2.0,1.997086374718378,0.0480185951584557,True,26,36489,False,1054,0.03352762988801228,-72.3483893896835,0.5274339286423713,0.9999716537218664,True,18,1,3.912388774811773,4.600769769069279
global_ridge,7,raw_level,threshold_loco,gibraltar_strait,7.994860029673212,2.0,1.997086374718378,0.046346164748568515,True,26,36489,False,1059,0.03352762988801228,-72.3483893896835,0.5274339286423713,0.9999716537218664,True,9,0,3.912388774811773,2.3003848845346395
global_ridge,7,raw_level,threshold_loco,kerch_strait,8.029009561585738,2.0,1.998846047385698,0.04742614638447972,True,26,36489,False,1084,0.013129043853343347,-72.3483893896835,0.5135677080238864,0.999972442680776,True,2,0,1.1471594798083504,1.743436754176611
global_ridge,7,raw_level,threshold_loco,korea_strait,7.214793671663653,2.0,1.9970863747183782,0.05110833947502693,True,26,36489,False,1050,0.03352762988801228,-72.3483893896835,0.5274339286423714,0.9999716537218664,True,37,2,3.912388774811773,9.457137858642406
global_ridge,7,raw_level,threshold_loco,lombok_strait,8.173573356072957,2.0,1.997086374718378,0.04804694143658938,True,26,36489,False,1058,0.03352762988801228,-72.3483893896835,0.5274339286423714,0.9999716537218664,True,0,0,3.912388774811773,0.0
global_ridge,7,raw_level,threshold_loco,luzon_strait,7.538263946831705,2.0,1.997086374718378,0.05176030387210159,True,26,36489,False,1045,0.03352762988801228,-72.3483893896835,0.5274339286423714,0.9999716537218664,True,23,0,3.912388774811773,5.878761371588523
global_ridge,7,raw_level,threshold_loco,magellan_strait,8.173573356072957,2.0,1.997086374718378,0.04804694143658938,True,26,36489,False,1048,0.03352762988801228,-72.3483893896835,0.5274339286423714,0.9999716537218664,True,0,0,3.912388774811773,0.0
global_ridge,7,raw_level,threshold_loco,makassar_strait,8.173573356072957,2.0,1.997086374718378,0.04804694143658938,True,26,36489,False,1058,0.03352762988801228,-72.3483893896835,0.5274339286423714,0.9999716537218664,True,0,0,3.912388774811773,0.0
global_ridge,7,raw_level,threshold_loco,malacca_strait,7.4231143986913395,2.0,1.9970863747183782,0.05031464368728386,True,26,36489,False,1056,0.03352762988801228,-72.3483893896835,0.5274339286423714,0.9999716537218664,True,29,2,3.912388774811773,7.412351294611616
global_ridge,7,raw_level,threshold_loco,mindoro_strait,8.173573356072957,2.0,1.997086374718378,0.04804694143658938,True,26,36489,False,1056,0.03352762988801228,-72.3483893896835,0.5274339286423714,0.9999716537218664,True,0,0,3.912388774811773,0.0
global_ridge,7,raw_level,threshold_loco,mona_passage,8.173573356072957,2.0,1.997086374718378,0.04804694143658938,True,26,36489,False,1053,0.03352762988801228,-72.3483893896835,0.5274339286423714,0.9999716537218664,True,0,0,3.912388774811773,0.0
global_ridge,7,raw_level,threshold_loco,ombai_strait,8.173573356072957,2.0,1.997086374718378,0.04804694143658938,True,26,36489,False,1056,0.03352762988801228,-72.3483893896835,0.5274339286423714,0.9999716537218664,True,0,0,3.912388774811773,0.0
global_ridge,7,raw_level,threshold_loco,oresund_strait,8.173573356072957,2.0,1.997086374718378,0.04784851748965361,True,26,36489,False,1056,0.03352762988801228,-72.3483893896835,0.5274339286423714,0.9999716537218664,True,0,0,3.912388774811773,0.0
global_ridge,7,raw_level,threshold_loco,panama_canal,8.173573356072957,2.0,1.997086374718378,0.04775209550419101,True,26,36489,False,1060,0.03352762988801228,-72.3483893896835,0.5250418419573033,0.9999717777213332,True,0,0,3.488021902806297,0.0
global_ridge,7,raw_level,threshold_loco,suez_canal,8.173573356072957,2.0,1.997086374718378,0.04708589387434408,True,26,36489,False,1063,0.03352762988801228,-72.3483893896835,0.5208372502052124,0.9999719392765946,True,0,0,2.9295003422313486,0.0
global_ridge,7,raw_level,threshold_loco,sunda_strait,8.173573356072957,2.0,1.997086374718378,0.047961902602188335,True,26,36489,False,1053,0.03352762988801228,-72.3483893896835,0.5274339286423714,0.9999716537218664,True,0,0,3.912388774811773,0.0
global_ridge,7,raw_level,threshold_loco,taiwan_strait,7.138153380709717,2.0,1.9970863747183782,0.051816996428368955,True,26,36489,False,1047,0.03352762988801228,-72.3483893896835,0.5274339286423714,1.0,True,38,1,3.912388774811773,9.712736179146257
global_ridge,7,raw_level,threshold_loco,torres_strait,8.173573356072957,2.0,1.997086374718378,0.04804694143658938,True,26,36489,False,1055,0.03352762988801228,-72.3483893896835,0.5274339286423714,0.9999716537218664,True,0,0,3.912388774811773,0.0
global_ridge,7,raw_level,threshold_loco,tsugaru_strait,7.761357213071452,2.0,1.997086374718378,0.050768184137422755,True,26,36489,False,1045,0.03352762988801228,-72.3483893896835,0.5274339286423714,0.9999716537218664,True,15,0,3.912388774811773,3.8339748075577327
global_ridge,7,raw_level,threshold_loco,windward_passage,8.173573356072957,2.0,1.997086374718378,0.04804694143658938,True,26,36489,False,1055,0.03352762988801228,-72.3483893896835,0.5274339286423714,0.9999716537218664,True,0,0,3.912388774811773,0.0
global_ridge,7,raw_level,threshold_loco,yucatan_channel,8.140179160104331,2.0,1.9970863747183782,0.04719655309257895,True,26,36489,False,1051,0.03352762988801228,-72.3483893896835,0.5274339286423714,0.9999716537218664,True,4,0,3.912388774811773,1.0223932820153954
global_ridge,7,scale_invariant,end_to_end_loco,bab_el_mandeb_strait,1.5150476189292599,2.0,1.9985527788123945,0.06039854055571148,True,26,36489,False,1060,0.03352762988801228,-6.997297009024554,0.5340516267484099,0.9999719337636823,True,1,0,2.948665297741273,0.33913649025069637
global_ridge,7,scale_invariant,end_to_end_loco,balabac_strait,1.5005972629681965,2.0,1.99313112404889,0.05944214524632916,True,26,36489,False,1055,0.03352762988801228,-7.014448904293414,0.5274339286423713,0.9999716537218664,True,13,0,3.912388774811773,3.3227781665500347
global_ridge,7,scale_invariant,end_to_end_loco,bering_strait,1.5244269140458826,2.0,1.991935080706356,0.06023584103407223,True,26,36489,False,1065,0.03352762988801228,-6.983037380876809,0.5274339286423713,0.9999716537218664,True,3,0,3.912388774811773,0.7667949615115465
global_ridge,7,scale_invariant,end_to_end_loco,bohai_strait,1.5041467286715824,2.0,1.991935080706356,0.06168150121888996,True,26,36489,False,1039,0.03352762988801228,-7.010784759256478,0.5274339286423713,0.9999716537218664,True,11,0,3.912388774811773,2.811581525542337
global_ridge,7,scale_invariant,end_to_end_loco,bosporus_strait,1.4984965732326425,2.0,1.9931311240488898,0.06114292193435002,True,26,36489,False,1048,0.03352762988801228,-7.014021775083181,0.5274339286423713,0.9999716537218664,True,16,0,3.912388774811773,4.0895731280615815
global_ridge,7,scale_invariant,end_to_end_loco,cape_of_good_hope,1.5082947004141707,2.0,1.991935080706356,0.05978230058393333,True,26,36489,False,1048,0.03352762988801228,-7.007136185982427,0.5274339286423713,0.9999716537218664,True,9,0,3.912388774811773,2.3003848845346395
global_ridge,7,scale_invariant,end_to_end_loco,dover_strait,1.517198476412252,2.0,1.9919350807063556,0.060292533590339585,True,26,36489,False,1050,0.03352762988801228,-7.011749664593459,0.5274339286423713,0.9999716537218664,True,1,0,3.912388774811773,0.25559832050384884
global_ridge,7,scale_invariant,end_to_end_loco,gibraltar_strait,1.51300883076269,2.0,1.991935080706356,0.06088780543114689,True,26,36489,False,1059,0.03352762988801228,-7.011967973718072,0.5274339286423713,0.9999716537218664,True,3,0,3.912388774811773,0.7667949615115465
global_ridge,7,scale_invariant,end_to_end_loco,kerch_strait,1.5033221804468915,2.0,1.999489942024718,0.06123236331569665,True,26,36489,False,1081,0.013129043853343347,-7.006877312232094,0.5135677080238864,0.999972442680776,True,3,0,1.1471594798083504,2.6151551312649164
global_ridge,7,scale_invariant,end_to_end_loco,korea_strait,1.503579153103601,2.0,1.99313112404889,0.060717727762344804,True,26,36489,False,1049,0.03352762988801228,-7.015993025611255,0.5274339286423714,0.9999716537218664,True,11,0,3.912388774811773,2.811581525542337
global_ridge,7,scale_invariant,end_to_end_loco,lombok_strait,1.5144583309384012,2.0,1.9919350807063556,0.06068938148421112,True,26,36489,False,1057,0.03352762988801228,-7.0094957921309415,0.5274339286423714,0.9999716537218664,True,2,0,3.912388774811773,0.5111966410076977
global_ridge,7,scale_invariant,end_to_end_loco,luzon_strait,1.5001775099268142,2.0,1.9931311240488894,0.06199331027836045,True,26,36489,False,1042,0.03352762988801228,-7.005949819327814,0.5274339286423714,0.9999716537218664,True,14,0,3.912388774811773,3.5783764870538834
global_ridge,7,scale_invariant,end_to_end_loco,magellan_strait,1.520553083967876,2.0,1.9919350807063556,0.06159646238448892,True,26,36489,False,1048,0.03352762988801228,-7.007036933710492,0.5274339286423714,0.9999716537218664,True,0,0,3.912388774811773,0.0
global_ridge,7,scale_invariant,end_to_end_loco,makassar_strait,1.501533163841529,2.0,1.991935080706356,0.05881852712738817,True,26,36489,False,1062,0.03352762988801228,-7.016633868464102,0.5274339286423714,0.9999716537218664,True,14,1,3.912388774811773,3.5783764870538834
global_ridge,7,scale_invariant,end_to_end_loco,malacca_strait,1.5156729811112857,2.0,1.9919350807063556,0.0611712682124837,True,26,36489,False,1052,0.03352762988801228,-7.001035301525814,0.5274339286423714,0.9999716537218664,True,2,0,3.912388774811773,0.5111966410076977
global_ridge,7,scale_invariant,end_to_end_loco,mindoro_strait,1.5015969225567671,2.0,1.9919350807063556,0.05961222291513124,True,26,36489,False,1051,0.03352762988801228,-6.9942498414320635,0.5274339286423714,0.9999716537218664,True,16,0,3.912388774811773,4.0895731280615815
global_ridge,7,scale_invariant,end_to_end_loco,mona_passage,1.5129210444708054,2.0,1.9919350807063556,0.06023584103407223,True,26,36489,False,1052,0.03352762988801228,-7.011591666199261,0.5274339286423714,0.9999716537218664,True,3,0,3.912388774811773,0.7667949615115465
global_ridge,7,scale_invariant,end_to_end_loco,ombai_strait,1.505996398592435,2.0,1.9919350807063556,0.05961222291513124,True,26,36489,False,1058,0.03352762988801228,-7.006344613228278,0.5274339286423714,0.9999716537218664,True,11,0,3.912388774811773,2.811581525542337
global_ridge,7,scale_invariant,end_to_end_loco,oresund_strait,1.5009938930323992,2.0,1.9931311240488898,0.06083111287487953,True,26,36489,False,1056,0.03352762988801228,-7.007330759622948,0.5274339286423714,0.9999716537218664,True,13,0,3.912388774811773,3.3227781665500347
global_ridge,7,scale_invariant,end_to_end_loco,panama_canal,1.506238902071479,2.0,1.9945895252859152,0.061129455592244517,True,26,36489,False,1059,0.03352762988801228,-7.011771247944969,0.5250418419573033,0.9999717777213332,True,7,1,3.488021902806297,2.006868131868132
global_ridge,7,scale_invariant,end_to_end_loco,suez_canal,1.5190165750263445,2.0,1.9984674461225398,0.0600499480876617,True,26,36489,False,1063,0.03352762988801228,-7.000131958331377,0.5208372502052124,0.9999719392765946,True,1,0,2.9295003422313486,0.3413551401869159
global_ridge,7,scale_invariant,end_to_end_loco,sunda_strait,1.5131410565787276,2.0,1.991935080706356,0.059924031974601735,True,26,36489,False,1052,0.03352762988801228,-7.007447235933267,0.5274339286423714,0.9999716537218664,True,4,0,3.912388774811773,1.0223932820153954
global_ridge,7,scale_invariant,end_to_end_loco,taiwan_strait,1.4976849850337732,2.0,1.9931311240488898,0.06202165655649413,True,26,36489,False,1043,0.03352762988801228,-7.009630848869493,0.5274339286423714,0.9999716537218664,True,16,0,3.912388774811773,4.0895731280615815
global_ridge,7,scale_invariant,end_to_end_loco,torres_strait,1.518175566974163,2.0,1.9919350807063556,0.06088780543114689,True,26,36489,False,1057,0.03352762988801228,-7.006582609334165,0.5274339286423714,0.9999716537218664,True,2,0,3.912388774811773,0.5111966410076977
global_ridge,7,scale_invariant,end_to_end_loco,tsugaru_strait,1.4956554334291456,2.0,1.9931311240488898,0.061936617722093086,True,26,36489,False,1042,0.03352762988801228,-7.005580941177545,0.5274339286423714,1.0,True,20,1,3.912388774811773,5.111966410076977
global_ridge,7,scale_invariant,end_to_end_loco,windward_passage,1.5172996275169142,2.0,1.9919350807063556,0.06122796076875106,True,26,36489,False,1053,0.03352762988801228,-7.00395674057073,0.5274339286423714,0.9999716537218664,True,2,0,3.912388774811773,0.5111966410076977
global_ridge,7,scale_invariant,end_to_end_loco,yucatan_channel,1.5048010593156065,2.0,1.99313112404889,0.061114575656216336,True,26,36489,False,1044,0.03352762988801228,-7.005483309743372,0.5274339286423714,0.9999716537218664,True,9,0,3.912388774811773,2.3003848845346395
global_ridge,7,scale_invariant,operational,,1.5079867688767528,2.0,1.9938925430517054,0.060778598087558235,True,27,36489,False,1095,0.03228586581808601,-7.006642633316836,0.5268325476188649,0.9999727572397635,True,,,,
global_ridge,7,scale_invariant,threshold_loco,bab_el_mandeb_strait,1.5133580506665805,2.0,1.9985527788123945,0.06062307044625316,True,26,36489,False,1058,0.03352762988801228,-7.006642633316836,0.5340516267484099,0.9999719337636823,True,1,0,2.948665297741273,0.33913649025069637
global_ridge,7,scale_invariant,threshold_loco,balabac_strait,1.5019303796984407,2.0,1.99313112404889,0.05955553035886388,True,26,36489,False,1054,0.03352762988801228,-7.006642633316836,0.5274339286423713,0.9999716537218664,True,13,0,3.912388774811773,3.3227781665500347
global_ridge,7,scale_invariant,threshold_loco,bering_strait,1.512529585079617,2.0,1.991935080706356,0.06142638471568683,True,26,36489,False,1072,0.03352762988801228,-7.006642633316836,0.5274339286423713,0.9999716537218664,True,3,0,3.912388774811773,0.7667949615115465
global_ridge,7,scale_invariant,threshold_loco,bohai_strait,1.5043809862896684,2.0,1.991935080706356,0.0616248086626226,True,26,36489,False,1044,0.03352762988801228,-7.006642633316836,0.5274339286423713,0.9999716537218664,True,11,0,3.912388774811773,2.811581525542337
global_ridge,7,scale_invariant,threshold_loco,bosporus_strait,1.4989045797346308,2.0,1.9931311240488898,0.06105788309994898,True,26,36489,False,1049,0.03352762988801228,-7.006642633316836,0.5274339286423713,0.9999716537218664,True,16,0,3.912388774811773,4.0895731280615815
global_ridge,7,scale_invariant,threshold_loco,cape_of_good_hope,1.507069656625689,2.0,1.991935080706356,0.05981064686206701,True,26,36489,False,1051,0.03352762988801228,-7.006642633316836,0.5274339286423713,0.9999716537218664,True,9,0,3.912388774811773,2.3003848845346395
global_ridge,7,scale_invariant,threshold_loco,dover_strait,1.5140259656393207,2.0,1.9919350807063556,0.060519303815409035,True,26,36489,False,1053,0.03352762988801228,-7.006642633316836,0.5274339286423713,0.9999716537218664,True,1,0,3.912388774811773,0.25559832050384884
global_ridge,7,scale_invariant,threshold_loco,gibraltar_strait,1.512529585079617,2.0,1.991935080706356,0.0611712682124837,True,26,36489,False,1058,0.03352762988801228,-7.006642633316836,0.5274339286423713,0.9999716537218664,True,3,0,3.912388774811773,0.7667949615115465
global_ridge,7,scale_invariant,threshold_loco,kerch_strait,1.5043809862896684,2.0,1.9994899420247185,0.060874118165784835,True,26,36489,False,1083,0.013129043853343347,-7.006642633316836,0.5135677080238864,0.999972442680776,True,3,0,1.1471594798083504,2.6151551312649164
global_ridge,7,scale_invariant,threshold_loco,korea_strait,1.505586563470508,2.0,1.991935080706356,0.06063268892794376,True,26,36489,False,1049,0.03352762988801228,-7.006642633316836,0.5274339286423714,0.9999716537218664,True,10,0,3.912388774811773,2.5559832050384883
global_ridge,7,scale_invariant,threshold_loco,lombok_strait,1.5133580506665805,2.0,1.9919350807063556,0.06068938148421112,True,26,36489,False,1057,0.03352762988801228,-7.006642633316836,0.5274339286423714,0.9999716537218664,True,2,0,3.912388774811773,0.5111966410076977
global_ridge,7,scale_invariant,threshold_loco,luzon_strait,1.5003989490256504,2.0,1.99313112404889,0.06199331027836045,True,26,36489,False,1044,0.03352762988801228,-7.006642633316836,0.5274339286423714,0.9999716537218664,True,14,0,3.912388774811773,3.5783764870538834
global_ridge,7,scale_invariant,threshold_loco,magellan_strait,1.518661366729759,2.0,1.9919350807063556,0.06170984749702364,True,26,36489,False,1047,0.03352762988801228,-7.006642633316836,0.5274339286423714,0.9999716537218664,True,0,0,3.912388774811773,0.0
global_ridge,7,scale_invariant,threshold_loco,makassar_strait,1.5019303796984407,2.0,1.99313112404889,0.05864844945858609,True,26,36489,False,1058,0.03352762988801228,-7.006642633316836,0.5274339286423714,0.9999716537218664,True,13,1,3.912388774811773,3.3227781665500347
global_ridge,7,scale_invariant,threshold_loco,malacca_strait,1.5133580506665805,2.0,1.9919350807063556,0.06142638471568683,True,26,36489,False,1055,0.03352762988801228,-7.006642633316836,0.5274339286423714,0.9999716537218664,True,2,0,3.912388774811773,0.5111966410076977
global_ridge,7,scale_invariant,threshold_loco,mindoro_strait,1.499886918611784,2.0,1.99313112404889,0.05944214524632916,True,26,36489,False,1055,0.03352762988801228,-7.006642633316836,0.5274339286423714,0.9999716537218664,True,15,0,3.912388774811773,3.8339748075577327
global_ridge,7,scale_invariant,threshold_loco,mona_passage,1.512529585079617,2.0,1.9919350807063556,0.06037757242474063,True,26,36489,False,1052,0.03352762988801228,-7.006642633316836,0.5274339286423714,0.9999716537218664,True,3,0,3.912388774811773,0.7667949615115465
global_ridge,7,scale_invariant,threshold_loco,ombai_strait,1.5043809862896684,2.0,1.9919350807063556,0.060150802199671186,True,26,36489,False,1055,0.03352762988801228,-7.006642633316836,0.5274339286423714,0.9999716537218664,True,11,0,3.912388774811773,2.811581525542337
global_ridge,7,scale_invariant,threshold_loco,oresund_strait,1.5019303796984407,2.0,1.9931311240488898,0.060320879868473266,True,26,36489,False,1055,0.03352762988801228,-7.006642633316836,0.5274339286423714,0.9999716537218664,True,13,0,3.912388774811773,3.3227781665500347
global_ridge,7,scale_invariant,threshold_loco,panama_canal,1.5085496351032217,2.0,1.9945895252859152,0.060734343690909603,True,26,36489,False,1059,0.03352762988801228,-7.006642633316836,0.5250418419573033,0.9999717777213332,True,6,0,3.488021902806297,1.7201726844583987
global_ridge,7,scale_invariant,threshold_loco,suez_canal,1.5133580506665805,2.0,1.9984674461225398,0.06061116255577069,True,26,36489,False,1062,0.03352762988801228,-7.006642633316836,0.5208372502052124,0.9999719392765946,True,1,0,2.9295003422313486,0.3413551401869159
global_ridge,7,scale_invariant,threshold_loco,sunda_strait,1.5113014626485708,2.0,1.991935080706356,0.05995237825273542,True,26,36489,False,1052,0.03352762988801228,-7.006642633316836,0.5274339286423714,0.9999716537218664,True,4,0,3.912388774811773,1.0223932820153954
global_ridge,7,scale_invariant,threshold_loco,taiwan_strait,1.4989045797346308,2.0,1.9931311240488894,0.061766540053291005,True,26,36489,False,1046,0.03352762988801228,-7.006642633316836,0.5274339286423714,0.9999716537218664,True,16,0,3.912388774811773,4.0895731280615815
global_ridge,7,scale_invariant,threshold_loco,torres_strait,1.5133580506665805,2.0,1.9919350807063556,0.061312999603152105,True,26,36489,False,1054,0.03352762988801228,-7.006642633316836,0.5274339286423714,0.9999716537218664,True,2,0,3.912388774811773,0.5111966410076977
global_ridge,7,scale_invariant,threshold_loco,tsugaru_strait,1.4935007264205535,2.0,1.9931311240488898,0.062106695390895174,True,26,36489,False,1044,0.03352762988801228,-7.006642633316836,0.5274339286423714,1.0,True,20,1,3.912388774811773,5.111966410076977
global_ridge,7,scale_invariant,threshold_loco,windward_passage,1.5133580506665805,2.0,1.9919350807063556,0.06168150121888996,True,26,36489,False,1054,0.03352762988801228,-7.006642633316836,0.5274339286423714,0.9999716537218664,True,2,0,3.912388774811773,0.5111966410076977
global_ridge,7,scale_invariant,threshold_loco,yucatan_channel,1.507069656625689,2.0,1.991935080706356,0.060717727762344804,True,26,36489,False,1050,0.03352762988801228,-7.006642633316836,0.5274339286423714,0.9999716537218664,True,9,0,3.912388774811773,2.3003848845346395
global_ridge,30,raw_level,end_to_end_loco,bab_el_mandeb_strait,7.303315115380348,2.0,1.997908884173375,0.05756385068762279,True,26,36513,False,1040,0.03352762988801228,-71.52549195429717,0.5340516267484099,0.9999719337636823,True,1,0,2.948665297741273,0.33913649025069637
global_ridge,30,raw_level,end_to_end_loco,balabac_strait,7.335802758060609,2.0,1.9912911860673363,0.05825160156471455,True,26,36513,False,1031,0.03352762988801228,-71.58799760440593,0.5274339286423713,0.9999716537218664,True,0,0,3.912388774811773,0.0
global_ridge,30,raw_level,end_to_end_loco,bering_strait,7.160447115311371,2.0,1.9912911860673363,0.060944497987414255,True,26,36513,False,1042,0.03352762988801228,-71.69901922772166,0.5274339286423713,0.9999716537218664,True,0,0,3.912388774811773,0.0
global_ridge,30,raw_level,end_to_end_loco,bohai_strait,6.730861812935874,2.0,1.998539708579783,0.061114575656216336,True,26,36513,False,1031,0.03352762988801228,-71.65391586097512,0.5274339286423713,0.9999716537218664,True,26,0,3.912388774811773,6.645556333100069
global_ridge,30,raw_level,end_to_end_loco,bosporus_strait,7.061929249097375,2.0,1.9953267020510579,0.05981064686206701,True,26,36513,False,1023,0.03352762988801228,-71.6339740615401,0.5274339286423713,0.9999716537218664,True,12,0,3.912388774811773,3.067179846046186
global_ridge,30,raw_level,end_to_end_loco,cape_of_good_hope,7.358623090482467,2.0,1.9912911860673363,0.0577413685583083,True,26,36513,False,1026,0.03352762988801228,-71.5307491785736,0.5274339286423713,0.9999716537218664,True,0,0,3.912388774811773,0.0
global_ridge,30,raw_level,end_to_end_loco,dover_strait,6.799976322546705,2.0,1.9953267020510579,0.06085945915301321,True,26,36513,False,1037,0.03352762988801228,-71.49930211102163,0.5274339286423713,0.9999716537218664,True,18,1,3.912388774811773,4.600769769069279
global_ridge,30,raw_level,end_to_end_loco,gibraltar_strait,7.0694658187446855,2.0,1.9953267020510579,0.05881852712738817,True,26,36513,False,1036,0.03352762988801228,-71.51886358781627,0.5274339286423713,0.9999716537218664,True,11,0,3.912388774811773,2.811581525542337
global_ridge,30,raw_level,end_to_end_loco,kerch_strait,7.060948771838703,2.0,1.9988460473856986,0.05971671075837742,True,26,36513,False,1056,0.013129043853343347,-71.63599495192906,0.5135677080238864,0.999972442680776,True,4,0,1.1471594798083504,3.486873508353222
global_ridge,30,raw_level,end_to_end_loco,korea_strait,6.454716726344419,2.0,1.9920073431635985,0.062361811894098305,True,26,36513,False,1028,0.03352762988801228,-71.67008463523804,0.5274339286423714,0.9999716537218664,True,32,1,3.912388774811773,8.179146256123163
global_ridge,30,raw_level,end_to_end_loco,lombok_strait,7.524736202067,2.0,1.9675942608140882,0.05615397698282216,True,26,36513,False,1030,0.03352762988801228,-71.6102157904246,0.5274339286423714,0.9999716537218664,True,0,0,3.912388774811773,0.0
global_ridge,30,raw_level,end_to_end_loco,luzon_strait,6.728363794941394,2.0,1.9985397085797822,0.06352400929757923,True,26,36513,False,1021,0.03352762988801228,-71.59599825656342,0.5274339286423714,0.9999716537218664,True,25,0,3.912388774811773,6.389958012596221
global_ridge,30,raw_level,end_to_end_loco,magellan_strait,7.390005883516954,2.0,1.9912911860673363,0.05819490900844719,True,26,36513,False,1021,0.03352762988801228,-71.63157715203093,0.5274339286423714,0.9999716537218664,True,0,0,3.912388774811773,0.0
global_ridge,30,raw_level,end_to_end_loco,makassar_strait,7.435178784392194,2.0,1.9675942608140882,0.057259481830035715,True,26,36513,False,1036,0.033527629888013166,-71.69229360705425,0.5274339286423714,0.9999716537218664,True,0,0,3.912388774811773,0.0
global_ridge,30,raw_level,end_to_end_loco,malacca_strait,6.829487639498794,2.0,1.9953267020510579,0.05918702874312603,True,26,36513,False,1031,0.03352762988801228,-71.53282993896403,0.5274339286423714,0.9999716537218664,True,19,1,3.912388774811773,4.856368089573128
global_ridge,30,raw_level,end_to_end_loco,mindoro_strait,7.4732159797636,2.0,1.9774249654488512,0.057061057883099946,True,26,36513,False,1033,0.03352762988801228,-71.65545332763386,0.5274339286423714,0.9999716537218664,True,0,0,3.912388774811773,0.0
global_ridge,30,raw_level,end_to_end_loco,mona_passage,7.377388364291523,2.0,1.9912911860673363,0.05791144622711038,True,26,36513,False,1028,0.033527629888013166,-71.68758702086436,0.5274339286423714,0.9999716537218664,True,0,0,3.912388774811773,0.0
global_ridge,30,raw_level,end_to_end_loco,ombai_strait,7.360911665226796,2.0,1.9912911860673363,0.05796813878337774,True,26,36513,False,1028,0.033527629888013166,-71.64077268050231,0.5274339286423714,0.9999716537218664,True,0,0,3.912388774811773,0.0
global_ridge,30,raw_level,end_to_end_loco,oresund_strait,7.383351848793325,2.0,1.9912911860673363,0.057713022280174615,True,26,36513,False,1026,0.03352762988801228,-71.70661433685922,0.5274339286423714,0.9999716537218664,True,0,0,3.912388774811773,0.0
global_ridge,30,raw_level,end_to_end_loco,panama_canal,7.346594750617339,2.0,1.9912911860673363,0.057996782660231984,True,26,36513,False,1037,0.03352762988801228,-71.55680639099671,0.5250418419573033,0.9999717777213332,True,0,0,3.488021902806297,0.0
global_ridge,30,raw_level,end_to_end_loco,suez_canal,7.35319735993146,2.0,1.9912911860673363,0.057019389959873164,True,26,36513,False,1041,0.03352762988801228,-71.51885405910612,0.5208372502052124,0.9999719392765946,True,0,0,2.9295003422313486,0.0
global_ridge,30,raw_level,end_to_end_loco,sunda_strait,7.386814699536515,2.0,1.9912911860673363,0.05779806111457566,True,26,36513,False,1030,0.03352762988801228,-71.6705590295118,0.5274339286423714,0.9999716537218664,True,0,0,3.912388774811773,0.0
global_ridge,30,raw_level,end_to_end_loco,taiwan_strait,6.418735846980365,2.0,1.9920073431635985,0.06119961449061738,True,26,36513,False,1022,0.03352762988801228,-71.71277917677125,0.5274339286423714,1.0,True,34,1,3.912388774811773,8.69034289713086
global_ridge,30,raw_level,end_to_end_loco,torres_strait,7.411268489108915,2.0,1.9912911860673363,0.05776971483644198,True,26,36513,False,1028,0.03352762988801228,-71.65001351346105,0.5274339286423714,0.9999716537218664,True,0,0,3.912388774811773,0.0
global_ridge,30,raw_level,end_to_end_loco,tsugaru_strait,6.859811702754726,2.0,1.9953267020510579,0.06309881512557401,True,26,36513,False,1016,0.03352762988801228,-71.65304087595561,0.5274339286423714,0.9999716537218664,True,18,1,3.912388774811773,4.600769769069279
global_ridge,30,raw_level,end_to_end_loco,windward_passage,7.386218568967312,2.0,1.9912911860673363,0.05776971483644198,True,26,36513,False,1032,0.03352762988801228,-71.7211508965961,0.5274339286423714,0.9999716537218664,True,0,0,3.912388774811773,0.0
global_ridge,30,raw_level,end_to_end_loco,yucatan_channel,7.295377573841298,2.0,1.9953267020510574,0.05731617438630308,True,26,36513,False,1029,0.03352762988801228,-71.64308381421742,0.5274339286423714,0.9999716537218664,True,7,0,3.912388774811773,1.7891882435269417
global_ridge,30,raw_level,operational,,7.114027873966158,2.0,1.997158548791048,0.05977061595880895,True,27,36513,False,1070,0.03228586581808646,-71.62763365821313,0.5268325476188649,0.9999727572397635,True,,,,
global_ridge,30,raw_level,threshold_loco,bab_el_mandeb_strait,7.324216993235147,2.0,1.9979088841733748,0.05761998316025821,True,26,36513,False,1040,0.03352762988801228,-71.62763365821313,0.5340516267484099,0.9999719337636823,True,1,0,2.948665297741273,0.33913649025069637
global_ridge,30,raw_level,threshold_loco,balabac_strait,7.336783698710121,2.0,1.9912911860673363,0.05845002551165032,True,26,36513,False,1031,0.03352762988801228,-71.62763365821313,0.5274339286423713,0.9999716537218664,True,0,0,3.912388774811773,0.0
global_ridge,30,raw_level,threshold_loco,bering_strait,7.336783698710121,2.0,1.9912911860673363,0.05845002551165032,True,26,36513,False,1049,0.03352762988801228,-71.62763365821313,0.5274339286423713,0.9999716537218664,True,0,0,3.912388774811773,0.0
global_ridge,30,raw_level,threshold_loco,bohai_strait,6.715456833092759,2.0,1.9985397085797827,0.0611712682124837,True,26,36513,False,1025,0.03352762988801228,-71.62763365821313,0.5274339286423713,0.9999716537218664,True,26,0,3.912388774811773,6.645556333100069
global_ridge,30,raw_level,threshold_loco,bosporus_strait,7.055303527202916,2.0,1.9953267020510579,0.05955553035886388,True,26,36513,False,1024,0.03352762988801228,-71.62763365821313,0.5274339286423713,0.9999716537218664,True,12,0,3.912388774811773,3.067179846046186
global_ridge,30,raw_level,threshold_loco,cape_of_good_hope,7.336783698710121,2.0,1.9912911860673363,0.05793979250524406,True,26,36513,False,1024,0.033527629888013166,-71.62763365821313,0.5274339286423713,0.9999716537218664,True,0,0,3.912388774811773,0.0
global_ridge,30,raw_level,threshold_loco,dover_strait,6.799126842167574,2.0,1.9953267020510579,0.061114575656216336,True,26,36513,False,1033,0.03352762988801228,-71.62763365821313,0.5274339286423713,0.9999716537218664,True,18,1,3.912388774811773,4.600769769069279
global_ridge,30,raw_level,threshold_loco,gibraltar_strait,7.055303527202916,2.0,1.9953267020510579,0.05924372129939339,True,26,36513,False,1034,0.033527629888013166,-71.62763365821313,0.5274339286423713,0.9999716537218664,True,12,0,3.912388774811773,3.067179846046186
global_ridge,30,raw_level,threshold_loco,kerch_strait,7.037133712533379,2.0,1.9988460473856988,0.06001984126984127,True,26,36513,False,1057,0.013129043853343347,-71.62763365821313,0.5135677080238864,0.999972442680776,True,4,0,1.1471594798083504,3.486873508353222
global_ridge,30,raw_level,threshold_loco,korea_strait,6.49679366447981,2.0,1.9920073431635985,0.06142638471568683,True,26,36513,False,1026,0.03352762988801228,-71.62763365821313,0.5274339286423714,0.9999716537218664,True,32,1,3.912388774811773,8.179146256123163
global_ridge,30,raw_level,threshold_loco,lombok_strait,7.336783698710121,2.0,1.9912911860673363,0.05845002551165032,True,26,36513,False,1030,0.03352762988801228,-71.62763365821313,0.5274339286423714,0.9999716537218664,True,0,0,3.912388774811773,0.0
global_ridge,30,raw_level,threshold_loco,luzon_strait,6.7403574995245155,2.0,1.9985397085797827,0.06332558535064346,True,26,36513,False,1020,0.03352762988801228,-71.62763365821313,0.5274339286423714,0.9999716537218664,True,24,0,3.912388774811773,6.134359692092372
global_ridge,30,raw_level,threshold_loco,magellan_strait,7.336783698710121,2.0,1.9912911860673363,0.05845002551165032,True,26,36513,False,1021,0.03352762988801228,-71.62763365821313,0.5274339286423714,0.9999716537218664,True,0,0,3.912388774811773,0.0
global_ridge,30,raw_level,threshold_loco,makassar_strait,7.336783698710121,2.0,1.9912911860673363,0.05845002551165032,True,26,36513,False,1037,0.033527629888013166,-71.62763365821313,0.5274339286423714,0.9999716537218664,True,0,0,3.912388774811773,0.0
global_ridge,30,raw_level,threshold_loco,malacca_strait,6.7950609856563915,2.0,1.9953267020510579,0.06003741708713646,True,26,36513,False,1032,0.03352762988801228,-71.62763365821313,0.5274339286423714,0.9999716537218664,True,19,1,3.912388774811773,4.856368089573128
global_ridge,30,raw_level,threshold_loco,mindoro_strait,7.336783698710121,2.0,1.9912911860673363,0.05845002551165032,True,26,36513,False,1033,0.03352762988801228,-71.62763365821313,0.5274339286423714,0.9999716537218664,True,0,0,3.912388774811773,0.0
global_ridge,30,raw_level,threshold_loco,mona_passage,7.336783698710121,2.0,1.9912911860673363,0.05845002551165032,True,26,36513,False,1025,0.03352762988801228,-71.62763365821313,0.5274339286423714,0.9999716537218664,True,0,0,3.912388774811773,0.0
global_ridge,30,raw_level,threshold_loco,ombai_strait,7.336783698710121,2.0,1.9912911860673363,0.05845002551165032,True,26,36513,False,1028,0.03352762988801228,-71.62763365821313,0.5274339286423714,0.9999716537218664,True,0,0,3.912388774811773,0.0
global_ridge,30,raw_level,threshold_loco,oresund_strait,7.336783698710121,2.0,1.9912911860673363,0.05791144622711038,True,26,36513,False,1029,0.033527629888013166,-71.62763365821313,0.5274339286423714,0.9999716537218664,True,0,0,3.912388774811773,0.0
global_ridge,30,raw_level,threshold_loco,panama_canal,7.336783698710121,2.0,1.9912911860673363,0.058081449496232326,True,26,36513,False,1036,0.03352762988801228,-71.62763365821313,0.5250418419573033,0.9999717777213332,True,0,0,3.488021902806297,0.0
global_ridge,30,raw_level,threshold_loco,suez_canal,7.336783698710121,2.0,1.9912911860673363,0.057215815023711314,True,26,36513,False,1038,0.03352762988801228,-71.62763365821313,0.5208372502052124,0.9999719392765946,True,0,0,2.9295003422313486,0.0
global_ridge,30,raw_level,threshold_loco,sunda_strait,7.336783698710121,2.0,1.9912911860673363,0.05836498667724928,True,26,36513,False,1029,0.033527629888013166,-71.62763365821313,0.5274339286423714,0.9999716537218664,True,0,0,3.912388774811773,0.0
global_ridge,30,raw_level,threshold_loco,taiwan_strait,6.426891385274644,2.0,1.9920073431635985,0.06083111287487953,True,26,36513,False,1021,0.033527629888013166,-71.62763365821313,0.5274339286423714,1.0,True,34,1,3.912388774811773,8.69034289713086
global_ridge,30,raw_level,threshold_loco,torres_strait,7.336783698710121,2.0,1.9912911860673363,0.05845002551165032,True,26,36513,False,1025,0.03352762988801228,-71.62763365821313,0.5274339286423714,0.9999716537218664,True,0,0,3.912388774811773,0.0
global_ridge,30,raw_level,threshold_loco,tsugaru_strait,6.799126842167574,2.0,1.9953267020510579,0.06392085719145076,True,26,36513,False,1015,0.03352762988801228,-71.62763365821313,0.5274339286423714,0.9999716537218664,True,18,1,3.912388774811773,4.600769769069279
global_ridge,30,raw_level,threshold_loco,windward_passage,7.336783698710121,2.0,1.9912911860673363,0.05845002551165032,True,26,36513,False,1031,0.03352762988801228,-71.62763365821313,0.5274339286423714,0.9999716537218664,True,0,0,3.912388774811773,0.0
global_ridge,30,raw_level,threshold_loco,yucatan_channel,7.2870240573215295,2.0,1.9716297767978095,0.05740121322070412,True,26,36513,False,1027,0.03352762988801228,-71.62763365821313,0.5274339286423714,0.9999716537218664,True,7,0,3.912388774811773,1.7891882435269417
global_ridge,30,scale_invariant,end_to_end_loco,bab_el_mandeb_strait,1.5426908010379257,2.0,1.9928623529087472,0.056609598652820656,True,26,36513,False,1038,0.03352762988801228,-7.060611323311224,0.5340516267484099,0.9999719337636823,True,1,0,2.948665297741273,0.33913649025069637
global_ridge,30,scale_invariant,end_to_end_loco,balabac_strait,1.5101999996467879,2.0,1.9960753594374718,0.057713022280174615,True,26,36513,False,1030,0.03352762988801228,-7.088560476060176,0.5274339286423713,0.9999716537218664,True,14,0,3.912388774811773,3.5783764870538834
global_ridge,30,scale_invariant,end_to_end_loco,bering_strait,1.5363901839238394,2.0,1.996075359437472,0.057854753670843015,True,26,36513,False,1041,0.03352762988801228,-7.064799679836095,0.5274339286423713,0.9999716537218664,True,2,1,3.912388774811773,0.5111966410076977
global_ridge,30,scale_invariant,end_to_end_loco,bohai_strait,1.5137084410870159,2.0,1.996075359437472,0.059725608027665966,True,26,36513,False,1028,0.03352762988801228,-7.085859849031883,0.5274339286423713,0.9999716537218664,True,11,0,3.912388774811773,2.811581525542337
global_ridge,30,scale_invariant,end_to_end_loco,bosporus_strait,1.5110296288030973,2.0,1.996075359437472,0.05873348829298713,True,26,36513,False,1022,0.03352762988801228,-7.076435979248129,0.5274339286423713,0.9999716537218664,True,15,0,3.912388774811773,3.8339748075577327
global_ridge,30,scale_invariant,end_to_end_loco,cape_of_good_hope,1.5191251138325141,2.0,1.996075359437472,0.05754294461137253,True,26,36513,False,1022,0.03352762988801228,-7.065112520049039,0.5274339286423713,0.9999716537218664,True,10,0,3.912388774811773,2.5559832050384883
global_ridge,30,scale_invariant,end_to_end_loco,dover_strait,1.5397653977895223,2.0,1.9960753594374718,0.056890980214297865,True,26,36513,False,1035,0.03352762988801228,-7.07540788311354,0.5274339286423713,0.9999716537218664,True,2,0,3.912388774811773,0.5111966410076977
global_ridge,30,scale_invariant,end_to_end_loco,gibraltar_strait,1.5377981710670225,2.0,1.996075359437472,0.057514598333238846,True,26,36513,False,1034,0.03352762988801228,-7.070215531996457,0.5274339286423713,0.9999716537218664,True,2,0,3.912388774811773,0.5111966410076977
global_ridge,30,scale_invariant,end_to_end_loco,kerch_strait,1.5189088117778584,2.0,1.9937995161210709,0.058256172839506175,True,26,36513,False,1053,0.013129043853343347,-7.073081102753477,0.5135677080238864,0.999972442680776,True,3,0,1.1471594798083504,2.6151551312649164
global_ridge,30,scale_invariant,end_to_end_loco,korea_strait,1.5170970800540287,2.0,1.9960753594374716,0.05879018084925449,True,26,36513,False,1026,0.03352762988801228,-7.070652092552568,0.5274339286423714,0.9999716537218664,True,13,0,3.912388774811773,3.3227781665500347
global_ridge,30,scale_invariant,end_to_end_loco,lombok_strait,1.5448631780413342,2.0,1.9960753594374725,0.05629570837349056,True,26,36513,False,1028,0.03352762988801228,-7.068733376377742,0.5274339286423714,0.9999716537218664,True,2,0,3.912388774811773,0.5111966410076977
global_ridge,30,scale_invariant,end_to_end_loco,luzon_strait,1.5055728335671692,2.0,1.9960753594374718,0.06054765009354272,True,26,36513,False,1019,0.03352762988801228,-7.072743815457795,0.5274339286423714,0.9999716537218664,True,16,0,3.912388774811773,4.0895731280615815
global_ridge,30,scale_invariant,end_to_end_loco,magellan_strait,1.5490631126963474,2.0,1.996075359437472,0.05754294461137253,True,26,36513,False,1021,0.03352762988801272,-7.072177968913423,0.5274339286423714,0.9999716537218664,True,0,0,3.912388774811773,0.0
global_ridge,30,scale_invariant,end_to_end_loco,makassar_strait,1.5095353090446306,2.0,1.9960753594374718,0.05723113555190203,True,26,36513,False,1036,0.03352762988801228,-7.068473569316048,0.5274339286423714,0.9999716537218664,True,14,1,3.912388774811773,3.5783764870538834
global_ridge,30,scale_invariant,end_to_end_loco,malacca_strait,1.5354781654976104,2.0,1.9960753594374718,0.057883099948976696,True,26,36513,False,1030,0.03352762988801228,-7.067249345147788,0.5274339286423714,0.9999716537218664,True,4,0,3.912388774811773,1.0223932820153954
global_ridge,30,scale_invariant,end_to_end_loco,mindoro_strait,1.5183535384991433,2.0,1.996075359437472,0.057061057883099946,True,26,36513,False,1031,0.03352762988801228,-7.053944476826129,0.5274339286423714,0.9999716537218664,True,13,0,3.912388774811773,3.3227781665500347
global_ridge,30,scale_invariant,end_to_end_loco,mona_passage,1.5287528247624047,2.0,1.996075359437472,0.05791144622711038,True,26,36513,False,1026,0.03352762988801228,-7.081816533059276,0.5274339286423714,0.9999716537218664,True,4,0,3.912388774811773,1.0223932820153954
global_ridge,30,scale_invariant,end_to_end_loco,ombai_strait,1.516489225276355,2.0,1.9960753594374718,0.057713022280174615,True,26,36513,False,1027,0.03352762988801228,-7.055922435078697,0.5274339286423714,0.9999716537218664,True,10,0,3.912388774811773,2.5559832050384883
global_ridge,30,scale_invariant,end_to_end_loco,oresund_strait,1.5217763084926348,2.0,1.9960753594374718,0.05740121322070412,True,26,36513,False,1026,0.03352762988801228,-7.076465489170045,0.5274339286423714,0.9999716537218664,True,11,0,3.912388774811773,2.811581525542337
global_ridge,30,scale_invariant,end_to_end_loco,panama_canal,1.5378288783822691,2.0,1.991291186067336,0.05644455733355911,True,26,36513,False,1035,0.03352762988801228,-7.067693319615263,0.5250418419573033,0.9999717777213332,True,4,0,3.488021902806297,1.1467817896389325
global_ridge,30,scale_invariant,end_to_end_loco,suez_canal,1.5431949052266867,2.0,1.996075359437472,0.05651429693857508,True,26,36513,False,1039,0.03352762988801228,-7.062473615046097,0.5208372502052124,0.9999719392765946,True,0,0,2.9295003422313486,0.0
global_ridge,30,scale_invariant,end_to_end_loco,sunda_strait,1.5295440813243706,2.0,1.996075359437472,0.056862633936164184,True,26,36513,False,1027,0.03352762988801228,-7.075582688620547,0.5274339286423714,0.9999716537218664,True,4,0,3.912388774811773,1.0223932820153954
global_ridge,30,scale_invariant,end_to_end_loco,taiwan_strait,1.4939187992830225,2.0,1.9960753594374716,0.061341345881285786,True,26,36513,False,1021,0.03352762988801228,-7.0692652250429155,0.5274339286423714,0.9999716537218664,True,19,0,3.912388774811773,4.856368089573128
global_ridge,30,scale_invariant,end_to_end_loco,torres_strait,1.5445676781582538,2.0,1.9960753594374718,0.05731617438630308,True,26,36513,False,1027,0.03352762988801228,-7.064779700260817,0.5274339286423714,0.9999716537218664,True,3,0,3.912388774811773,0.7667949615115465
global_ridge,30,scale_invariant,end_to_end_loco,tsugaru_strait,1.4802384394394155,2.0,1.9948793160949378,0.06270196723170247,True,26,36513,False,1014,0.03352762988801228,-7.080777063597375,0.5274339286423714,1.0,True,20,1,3.912388774811773,5.111966410076977
global_ridge,30,scale_invariant,end_to_end_loco,windward_passage,1.5331894738406937,2.0,1.996075359437472,0.05839333295538296,True,26,36513,False,1030,0.03352762988801228,-7.0715065361294,0.5274339286423714,0.9999716537218664,True,3,0,3.912388774811773,0.7667949615115465
global_ridge,30,scale_invariant,end_to_end_loco,yucatan_channel,1.5194605226449065,2.0,1.9960753594374718,0.058535064346051366,True,26,36513,False,1027,0.03352762988801228,-7.0695250236057525,0.5274339286423714,0.9999716537218664,True,9,0,3.912388774811773,2.3003848845346395
global_ridge,30,scale_invariant,operational,,1.5209987834122471,2.0,1.997879478126113,0.058435720707222055,True,27,36513,False,1069,0.03228586581808601,-7.0704832918861324,0.5268325476188649,0.9999727572397635,True,,,,
global_ridge,30,scale_invariant,threshold_loco,bab_el_mandeb_strait,1.5452570011604674,2.0,1.9928623529087472,0.056469267471232105,True,26,36513,False,1039,0.03352762988801228,-7.0704832918861324,0.5340516267484099,0.9999719337636823,True,1,0,2.948665297741273,0.33913649025069637
global_ridge,30,scale_invariant,threshold_loco,balabac_strait,1.5139145177784694,2.0,1.9960753594374718,0.057854753670843015,True,26,36513,False,1031,0.03352762988801228,-7.0704832918861324,0.5274339286423713,0.9999716537218664,True,14,0,3.912388774811773,3.5783764870538834
global_ridge,30,scale_invariant,threshold_loco,bering_strait,1.5388288343374898,2.0,1.996075359437472,0.057854753670843015,True,26,36513,False,1047,0.03352762988801228,-7.0704832918861324,0.5274339286423713,0.9999716537218664,True,2,1,3.912388774811773,0.5111966410076977
global_ridge,30,scale_invariant,threshold_loco,bohai_strait,1.5167385294471551,2.0,1.996075359437472,0.059328760133794435,True,26,36513,False,1024,0.03352762988801228,-7.0704832918861324,0.5274339286423713,0.9999716537218664,True,11,0,3.912388774811773,2.811581525542337
global_ridge,30,scale_invariant,threshold_loco,bosporus_strait,1.5104500272117691,2.0,1.9960753594374718,0.05864844945858609,True,26,36513,False,1023,0.03352762988801228,-7.0704832918861324,0.5274339286423713,0.9999716537218664,True,15,0,3.912388774811773,3.8339748075577327
global_ridge,30,scale_invariant,threshold_loco,cape_of_good_hope,1.519262853194401,2.0,1.996075359437472,0.05720278927376835,True,26,36513,False,1023,0.03352762988801228,-7.0704832918861324,0.5274339286423713,0.9999716537218664,True,10,0,3.912388774811773,2.5559832050384883
global_ridge,30,scale_invariant,threshold_loco,dover_strait,1.5388288343374898,2.0,1.996075359437472,0.056919326492431546,True,26,36513,False,1032,0.03352762988801228,-7.0704832918861324,0.5274339286423713,0.9999716537218664,True,2,0,3.912388774811773,0.5111966410076977
global_ridge,30,scale_invariant,threshold_loco,gibraltar_strait,1.5388288343374898,2.0,1.996075359437472,0.05754294461137253,True,26,36513,False,1033,0.03352762988801228,-7.0704832918861324,0.5274339286423713,0.9999716537218664,True,2,0,3.912388774811773,0.5111966410076977
global_ridge,30,scale_invariant,threshold_loco,kerch_strait,1.519262853194401,2.0,1.993799516121071,0.05803571428571429,True,26,36513,False,1056,0.013129043853343347,-7.0704832918861324,0.5135677080238864,0.999972442680776,True,3,0,1.1471594798083504,2.6151551312649164
global_ridge,30,scale_invariant,threshold_loco,korea_strait,1.5154362829993515,2.0,1.996075359437472,0.05879018084925449,True,26,36513,False,1025,0.03352762988801228,-7.0704832918861324,0.5274339286423714,0.9999716537218664,True,13,0,3.912388774811773,3.3227781665500347
global_ridge,30,scale_invariant,threshold_loco,lombok_strait,1.5388288343374898,2.0,1.9960753594374725,0.056919326492431546,True,26,36513,False,1029,0.03352762988801228,-7.0704832918861324,0.5274339286423714,0.9999716537218664,True,2,0,3.912388774811773,0.5111966410076977
global_ridge,30,scale_invariant,threshold_loco,luzon_strait,1.5076621699365147,2.0,1.9960753594374716,0.060490957537275354,True,26,36513,False,1019,0.03352762988801228,-7.0704832918861324,0.5274339286423714,0.9999716537218664,True,16,0,3.912388774811773,4.0895731280615815
global_ridge,30,scale_invariant,threshold_loco,magellan_strait,1.5483412142559705,2.0,1.996075359437472,0.05708940416123363,True,26,36513,False,1020,0.03352762988801228,-7.0704832918861324,0.5274339286423714,0.9999716537218664,True,0,0,3.912388774811773,0.0
global_ridge,30,scale_invariant,threshold_loco,makassar_strait,1.5139145177784694,2.0,1.9960753594374718,0.056890980214297865,True,26,36513,False,1037,0.03352762988801228,-7.0704832918861324,0.5274339286423714,0.9999716537218664,True,14,1,3.912388774811773,3.5783764870538834
global_ridge,30,scale_invariant,threshold_loco,malacca_strait,1.5320471667447229,2.0,1.9960753594374718,0.05839333295538296,True,26,36513,False,1031,0.03352762988801228,-7.0704832918861324,0.5274339286423714,0.9999716537218664,True,4,0,3.912388774811773,1.0223932820153954
global_ridge,30,scale_invariant,threshold_loco,mindoro_strait,1.5159215469832377,2.0,1.9960753594374718,0.056890980214297865,True,26,36513,False,1032,0.03352762988801228,-7.0704832918861324,0.5274339286423714,0.9999716537218664,True,12,0,3.912388774811773,3.067179846046186
global_ridge,30,scale_invariant,threshold_loco,mona_passage,1.5320471667447229,2.0,1.9960753594374718,0.05782640739270934,True,26,36513,False,1024,0.03352762988801228,-7.0704832918861324,0.5274339286423714,0.9999716537218664,True,4,0,3.912388774811773,1.0223932820153954
global_ridge,30,scale_invariant,threshold_loco,ombai_strait,1.519262853194401,2.0,1.9960753594374718,0.057713022280174615,True,26,36513,False,1027,0.03352762988801228,-7.0704832918861324,0.5274339286423714,0.9999716537218664,True,10,0,3.912388774811773,2.5559832050384883
global_ridge,30,scale_invariant,threshold_loco,oresund_strait,1.5167385294471551,2.0,1.9960753594374718,0.05791144622711038,True,26,36513,False,1028,0.03352762988801228,-7.0704832918861324,0.5274339286423714,0.9999716537218664,True,11,0,3.912388774811773,2.811581525542337
global_ridge,30,scale_invariant,threshold_loco,panama_canal,1.5320471667447229,2.0,1.991291186067336,0.05726300341489572,True,26,36513,False,1035,0.03352762988801228,-7.0704832918861324,0.5250418419573033,0.9999717777213332,True,4,0,3.488021902806297,1.1467817896389325
global_ridge,30,scale_invariant,threshold_loco,suez_canal,1.5483412142559705,2.0,1.996075359437472,0.05575665740662794,True,26,36513,False,1037,0.03352762988801228,-7.0704832918861324,0.5208372502052124,0.9999719392765946,True,0,0,2.9295003422313486,0.0
global_ridge,30,scale_invariant,threshold_loco,sunda_strait,1.5320471667447229,2.0,1.9960753594374718,0.05714609671750099,True,26,36513,False,1028,0.03352762988801228,-7.0704832918861324,0.5274339286423714,0.9999716537218664,True,4,0,3.912388774811773,1.0223932820153954
global_ridge,30,scale_invariant,threshold_loco,taiwan_strait,1.4948122662575056,2.0,1.9960753594374716,0.06100119054368162,True,26,36513,False,1020,0.03352762988801228,-7.0704832918861324,0.5274339286423714,0.9999716537218664,True,19,0,3.912388774811773,4.856368089573128
global_ridge,30,scale_invariant,threshold_loco,torres_strait,1.5326632498831736,2.0,1.996075359437472,0.05864844945858609,True,26,36513,False,1024,0.03352762988801228,-7.0704832918861324,0.5274339286423714,0.9999716537218664,True,3,0,3.912388774811773,0.7667949615115465
global_ridge,30,scale_invariant,threshold_loco,tsugaru_strait,1.4795186890313299,2.0,1.994879316094938,0.06258858211916775,True,26,36513,False,1014,0.03352762988801228,-7.0704832918861324,0.5274339286423714,1.0,True,20,1,3.912388774811773,5.111966410076977
global_ridge,30,scale_invariant,threshold_loco,windward_passage,1.5326632498831736,2.0,1.996075359437472,0.05862010318045241,True,26,36513,False,1030,0.03352762988801228,-7.0704832918861324,0.5274339286423714,0.9999716537218664,True,3,0,3.912388774811773,0.7667949615115465
global_ridge,30,scale_invariant,threshold_loco,yucatan_channel,1.5192941888987563,2.0,1.9960753594374718,0.05842167923351664,True,26,36513,False,1026,0.03352762988801228,-7.0704832918861324,0.5274339286423714,0.9999716537218664,True,9,0,3.912388774811773,2.3003848845346395
seasonal_naive,1,raw_level,operational,,12.0,2.0,1.75441583196144,0.04143623831966655,True,27,109,False,10,2.352000468777614,-70.0,0.5268325476188649,0.9999727572397635,True,,,,
seasonal_naive,1,raw_level,threshold_loco,bab_el_mandeb_strait,12.0,2.0,1.8088496527964688,0.041846758349705304,True,26,109,False,10,2.4033308917785963,-70.0,0.5340516267484099,0.9999719337636823,True,1,0,2.948665297741273,0.33913649025069637
seasonal_naive,1,raw_level,threshold_loco,balabac_strait,12.0,2.0,1.821893363959957,0.043114689041328876,True,26,109,False,10,2.3146628650171372,-70.0,0.5274339286423713,0.9999716537218664,True,0,0,3.912388774811773,0.0
seasonal_naive,1,raw_level,threshold_loco,bering_strait,12.0,2.0,1.821893363959957,0.043114689041328876,True,26,109,False,10,2.5225757108528155,-70.0,0.5274339286423713,0.9999716537218664,True,0,0,3.912388774811773,0.0
seasonal_naive,1,raw_level,threshold_loco,bohai_strait,11.0,2.0,1.8939213029320254,0.045892624298429614,True,26,109,False,10,2.4031392067300072,-70.0,0.5274339286423713,0.9999716537218664,True,27,0,3.912388774811773,6.9011546536039186
seasonal_naive,1,raw_level,threshold_loco,bosporus_strait,12.0,2.0,1.7825705454209033,0.04166902885651114,True,26,109,False,10,2.373647092825718,-70.0,0.5274339286423713,0.9999716537218664,True,4,0,3.912388774811773,1.0223932820153954
seasonal_naive,1,raw_level,threshold_loco,cape_of_good_hope,12.0,2.0,1.821893363959957,0.0427745337037247,True,26,109,False,10,2.383477797460481,-70.0,0.5274339286423713,0.9999716537218664,True,0,0,3.912388774811773,0.0
seasonal_naive,1,raw_level,threshold_loco,dover_strait,11.0,2.0,1.903752007566789,0.045098928510686545,True,26,109,False,10,2.4228006159995346,-70.0,0.5274339286423713,0.9999716537218664,True,26,0,3.912388774811773,6.645556333100069
seasonal_naive,1,raw_level,threshold_loco,gibraltar_strait,11.0,2.0,1.9725669400101333,0.04628947219230115,True,26,109,False,10,2.412969911364772,-70.0,0.5274339286423713,0.9999716537218664,True,19,1,3.912388774811773,4.856368089573128
seasonal_naive,1,raw_level,threshold_loco,kerch_strait,12.0,2.0,1.821893363959957,0.04172178130511464,True,26,109,False,10,2.414437959870418,-70.0,0.5135677080238864,0.999972442680776,True,0,0,1.1471594798083504,0.0
seasonal_naive,1,raw_level,threshold_loco,korea_strait,11.0,2.0,1.7759528473148645,0.043681614604002494,True,26,109,False,9,2.4129699113647716,-70.0,0.5274339286423714,1.0,True,39,1,3.912388774811773,9.968334499650105
seasonal_naive,1,raw_level,threshold_loco,lombok_strait,12.0,2.0,1.821893363959957,0.043114689041328876,True,26,109,False,10,2.3834777974604817,-70.0,0.5274339286423714,0.9999716537218664,True,0,0,3.912388774811773,0.0
seasonal_naive,1,raw_level,threshold_loco,luzon_strait,11.0,2.0,1.9430748261058428,0.04719655309257895,True,26,109,False,10,2.383477797460481,-70.0,0.5274339286423714,0.9999716537218664,True,22,0,3.912388774811773,5.623163051084674
seasonal_naive,1,raw_level,threshold_loco,magellan_strait,12.0,2.0,1.821893363959957,0.043114689041328876,True,26,109,False,11,2.53240641548758,-70.0,0.5274339286423714,0.9999716537218664,True,0,0,3.912388774811773,0.0
seasonal_naive,1,raw_level,threshold_loco,makassar_strait,12.0,2.0,1.821893363959957,0.043114689041328876,True,26,109,False,10,2.3048321603823743,-70.0,0.5274339286423714,0.9999716537218664,True,0,0,3.912388774811773,0.0
seasonal_naive,1,raw_level,threshold_loco,malacca_strait,11.0,2.0,1.8545984843929721,0.043709960882136176,True,26,109,False,10,2.404607255235655,-70.0,0.5274339286423714,0.9999716537218664,True,31,2,3.912388774811773,7.923547935619314
seasonal_naive,1,raw_level,threshold_loco,mindoro_strait,12.0,2.0,1.821893363959957,0.043114689041328876,True,26,109,False,10,2.2950014557476104,-70.0,0.5274339286423714,0.9999716537218664,True,0,0,3.912388774811773,0.0
seasonal_naive,1,raw_level,threshold_loco,mona_passage,12.0,2.0,1.821893363959957,0.043114689041328876,True,26,109,False,11,2.2950014557476104,-70.0,0.5274339286423714,0.9999716537218664,True,0,0,3.912388774811773,0.0
seasonal_naive,1,raw_level,threshold_loco,ombai_strait,12.0,2.0,1.821893363959957,0.043114689041328876,True,26,109,False,11,2.2851707511128465,-70.0,0.5274339286423714,0.9999716537218664,True,0,0,3.912388774811773,0.0
seasonal_naive,1,raw_level,threshold_loco,oresund_strait,12.0,2.0,1.821893363959957,0.042887918816259425,True,26,109,False,9,2.393308502095244,-70.0,0.5274339286423714,0.9999716537218664,True,0,0,3.912388774811773,0.0
seasonal_naive,1,raw_level,threshold_loco,panama_canal,12.0,2.0,1.821893363959957,0.04286964129483815,True,26,109,False,10,2.3542480414506817,-70.0,0.5250418419573033,0.9999717777213332,True,0,0,3.488021902806297,0.0
seasonal_naive,1,raw_level,threshold_loco,suez_canal,12.0,2.0,1.821893363959957,0.04211914583157954,True,26,109,False,10,2.3768168060023465,-70.0,0.5208372502052124,0.9999719392765946,True,0,0,2.9295003422313486,0.0
seasonal_naive,1,raw_level,threshold_loco,sunda_strait,12.0,2.0,1.821893363959957,0.04297295765066047,True,26,109,False,10,2.3539856835561896,-70.0,0.5274339286423714,0.9999716537218664,True,0,0,3.912388774811773,0.0
seasonal_naive,1,raw_level,threshold_loco,taiwan_strait,11.0,2.0,1.7562914380453378,0.04319972787572992,True,26,109,False,9,2.4228006159995337,-70.0,0.5274339286423714,0.9999716537218664,True,41,0,3.912388774811773,10.479531140657802
seasonal_naive,1,raw_level,threshold_loco,torres_strait,12.0,2.0,1.821893363959957,0.043114689041328876,True,26,109,False,11,2.236017227939029,-70.0,0.5274339286423714,0.9999716537218664,True,0,0,3.912388774811773,0.0
seasonal_naive,1,raw_level,threshold_loco,tsugaru_strait,12.0,2.0,1.8022319546904302,0.04203753047224899,True,26,109,False,10,2.38347779746048,-70.0,0.5274339286423714,0.9999716537218664,True,2,0,3.912388774811773,0.5111966410076977
seasonal_naive,1,raw_level,threshold_loco,windward_passage,12.0,2.0,1.821893363959957,0.043114689041328876,True,26,109,False,11,2.325961618157548,-70.0,0.5274339286423714,0.9999716537218664,True,0,0,3.912388774811773,0.0
seasonal_naive,1,raw_level,threshold_loco,yucatan_channel,12.0,2.0,1.8120626593251936,0.042320993253585806,True,26,109,False,10,2.412969911364771,-70.0,0.5274339286423714,0.9999716537218664,True,1,0,3.912388774811773,0.25559832050384884
seasonal_naive,1,scale_invariant,operational,,2.023472278429786,2.0,1.8011779177810001,0.060533413245430025,True,27,496,False,50,2.352000468777614,-8.093889113719143,0.5268325476188649,0.9999727572397635,True,,,,
seasonal_naive,1,scale_invariant,threshold_loco,bab_el_mandeb_strait,2.023472278429786,2.0,1.7791480133973896,0.06048273926466461,True,26,496,False,50,2.4033308917785963,-8.093889113719143,0.5340516267484099,0.9999719337636823,True,7,0,2.948665297741273,2.3739554317548746
seasonal_naive,1,scale_invariant,threshold_loco,balabac_strait,2.023472278429786,2.0,1.7819776498289372,0.05941379896819548,True,26,496,False,50,2.3146628650171372,-8.093889113719143,0.5274339286423713,0.9999716537218664,True,9,0,3.912388774811773,2.3003848845346395
seasonal_naive,1,scale_invariant,threshold_loco,bering_strait,2.023472278429786,2.0,1.8311311730027542,0.06136969215941947,True,26,496,False,49,2.314662865017137,-8.093889113719143,0.5274339286423713,0.9999716537218664,True,4,0,3.912388774811773,1.0223932820153954
seasonal_naive,1,scale_invariant,threshold_loco,bohai_strait,2.023472278429786,2.0,1.7819776498289372,0.061312999603152105,True,26,496,False,51,2.4031392067300072,-8.093889113719143,0.5274339286423713,0.9999716537218664,True,9,0,3.912388774811773,2.3003848845346395
seasonal_naive,1,scale_invariant,threshold_loco,bosporus_strait,2.023472278429786,2.0,1.7623162405594106,0.059470491524462835,True,26,496,False,49,2.373647092825718,-8.093889113719143,0.5274339286423713,0.9999716537218664,True,11,0,3.912388774811773,2.811581525542337
seasonal_naive,1,scale_invariant,threshold_loco,cape_of_good_hope,2.023472278429786,2.0,1.7918083544637007,0.06000907080900278,True,26,496,False,50,2.383477797460481,-8.093889113719143,0.5274339286423713,0.9999716537218664,True,8,0,3.912388774811773,2.0447865640307907
seasonal_naive,1,scale_invariant,threshold_loco,dover_strait,2.023472278429786,2.0,1.8016390590984641,0.0605759963716764,True,26,496,False,50,2.4228006159995346,-8.093889113719143,0.5274339286423713,0.9999716537218664,True,7,0,3.912388774811773,1.7891882435269417
seasonal_naive,1,scale_invariant,threshold_loco,gibraltar_strait,2.023472278429786,2.0,1.8114697637332275,0.06080276659674585,True,26,496,False,50,2.412969911364772,-8.093889113719143,0.5274339286423713,0.9999716537218664,True,6,1,3.912388774811773,1.533589923023093
seasonal_naive,1,scale_invariant,threshold_loco,kerch_strait,2.023472278429786,2.0,1.8033987317657845,0.06059854497354497,True,26,496,False,49,2.375406765493038,-8.093889113719143,0.5135677080238864,0.999972442680776,True,2,0,1.1471594798083504,1.743436754176611
seasonal_naive,1,scale_invariant,threshold_loco,korea_strait,2.023472278429786,2.0,1.7918083544637007,0.06060434264981008,True,26,496,False,50,2.4129699113647716,-8.093889113719143,0.5274339286423714,0.9999716537218664,True,8,0,3.912388774811773,2.0447865640307907
seasonal_naive,1,scale_invariant,threshold_loco,lombok_strait,2.023472278429786,2.0,1.870453991541808,0.06187992516582573,True,26,496,False,50,2.3834777974604817,-8.093889113719143,0.5274339286423714,0.9999716537218664,True,0,0,3.912388774811773,0.0
seasonal_naive,1,scale_invariant,threshold_loco,luzon_strait,2.023472278429786,2.0,1.7131627173855934,0.06006576336527014,True,26,496,False,50,2.383477797460481,-8.093889113719143,0.5274339286423714,0.9999716537218664,True,16,0,3.912388774811773,4.0895731280615815
seasonal_naive,1,scale_invariant,threshold_loco,magellan_strait,2.023472278429786,2.0,1.870453991541808,0.06258858211916775,True,26,496,False,50,2.177033000130449,-8.093889113719143,0.5274339286423714,0.9999716537218664,True,0,0,3.912388774811773,0.0
seasonal_naive,1,scale_invariant,threshold_loco,makassar_strait,2.023472278429786,2.0,1.7229934220203567,0.05822325528658087,True,26,496,False,50,2.3048321603823743,-8.093889113719143,0.5274339286423714,1.0,True,15,0,3.912388774811773,3.8339748075577327
seasonal_naive,1,scale_invariant,threshold_loco,malacca_strait,2.023472278429786,2.0,1.8311311730027542,0.06159646238448892,True,26,496,False,42,2.393308502095244,-8.093889113719143,0.5274339286423714,0.9999716537218664,True,4,0,3.912388774811773,1.0223932820153954
seasonal_naive,1,scale_invariant,threshold_loco,mindoro_strait,2.023472278429786,2.0,1.7229934220203567,0.059300413855660754,True,26,496,False,50,2.2950014557476104,-8.093889113719143,0.5274339286423714,0.9999716537218664,True,15,1,3.912388774811773,3.8339748075577327
seasonal_naive,1,scale_invariant,threshold_loco,mona_passage,2.023472278429786,2.0,1.8311311730027542,0.0610295368218153,True,26,496,False,50,2.2950014557476104,-8.093889113719143,0.5274339286423714,0.9999716537218664,True,4,0,3.912388774811773,1.0223932820153954
seasonal_naive,1,scale_invariant,threshold_loco,ombai_strait,2.023472278429786,2.0,1.8114697637332273,0.05944214524632916,True,26,496,False,50,2.2851707511128465,-8.093889113719143,0.5274339286423714,0.9999716537218664,True,6,0,3.912388774811773,1.533589923023093
seasonal_naive,1,scale_invariant,threshold_loco,oresund_strait,2.023472278429786,2.0,1.7721469451941738,0.059328760133794435,True,26,496,False,49,2.393308502095244,-8.093889113719143,0.5274339286423714,0.9999716537218664,True,10,0,3.912388774811773,2.5559832050384883
seasonal_naive,1,scale_invariant,threshold_loco,panama_canal,2.023472278429786,2.0,1.8263469996326183,0.06093189964157706,True,26,496,False,50,2.3542480414506817,-8.093889113719143,0.5250418419573033,0.9999717777213332,True,4,0,3.488021902806297,1.1467817896389325
seasonal_naive,1,scale_invariant,threshold_loco,suez_canal,2.023472278429786,2.0,1.8441959038351219,0.06077952689620338,True,26,496,False,50,2.3768168060023465,-8.093889113719143,0.5208372502052124,0.9999719392765946,True,2,0,2.9295003422313486,0.6827102803738317
seasonal_naive,1,scale_invariant,threshold_loco,sunda_strait,2.023472278429786,2.0,1.8114697637332273,0.06040591870287431,True,26,496,False,50,2.3539856835561896,-8.093889113719143,0.5274339286423714,0.9999716537218664,True,6,0,3.912388774811773,1.533589923023093
seasonal_naive,1,scale_invariant,threshold_loco,taiwan_strait,2.023472278429786,2.0,1.7819776498289372,0.06046261125914167,True,26,496,False,48,2.4228006159995337,-8.093889113719143,0.5274339286423714,0.9999716537218664,True,9,0,3.912388774811773,2.3003848845346395
seasonal_naive,1,scale_invariant,threshold_loco,torres_strait,2.023472278429786,2.0,1.8507925822722808,0.06148307727195419,True,26,496,False,50,2.236017227939029,-8.093889113719143,0.5274339286423714,0.9999716537218664,True,2,0,3.912388774811773,0.5111966410076977
seasonal_naive,1,scale_invariant,threshold_loco,tsugaru_strait,2.023472278429786,2.0,1.7721469451941738,0.06020749475593855,True,26,496,False,50,2.38347779746048,-8.093889113719143,0.5274339286423714,0.9999716537218664,True,10,0,3.912388774811773,2.5559832050384883
seasonal_naive,1,scale_invariant,threshold_loco,windward_passage,2.023472278429786,2.0,1.8507925822722808,0.061539769828221555,True,26,496,False,50,2.236017227939029,-8.093889113719143,0.5274339286423714,0.9999716537218664,True,2,0,3.912388774811773,0.5111966410076977
seasonal_naive,1,scale_invariant,threshold_loco,yucatan_channel,2.023472278429786,2.0,1.8114697637332273,0.060490957537275354,True,26,496,False,50,2.412969911364771,-8.093889113719143,0.5274339286423714,0.9999716537218664,True,6,0,3.912388774811773,1.533589923023093
seasonal_naive,7,raw_level,operational,,12.0,2.0,1.75441583196144,0.04143623831966655,True,27,109,False,10,2.352000468777614,-70.0,0.5268325476188649,0.9999727572397635,True,,,,
seasonal_naive,7,raw_level,threshold_loco,bab_el_mandeb_strait,12.0,2.0,1.8088496527964688,0.041846758349705304,True,26,109,False,10,2.4033308917785963,-70.0,0.5340516267484099,0.9999719337636823,True,1,0,2.948665297741273,0.33913649025069637
seasonal_naive,7,raw_level,threshold_loco,balabac_strait,12.0,2.0,1.821893363959957,0.043114689041328876,True,26,109,False,10,2.3146628650171372,-70.0,0.5274339286423713,0.9999716537218664,True,0,0,3.912388774811773,0.0
seasonal_naive,7,raw_level,threshold_loco,bering_strait,12.0,2.0,1.821893363959957,0.043114689041328876,True,26,109,False,10,2.5225757108528155,-70.0,0.5274339286423713,0.9999716537218664,True,0,0,3.912388774811773,0.0
seasonal_naive,7,raw_level,threshold_loco,bohai_strait,11.0,2.0,1.8939213029320254,0.045892624298429614,True,26,109,False,10,2.4031392067300072,-70.0,0.5274339286423713,0.9999716537218664,True,27,0,3.912388774811773,6.9011546536039186
seasonal_naive,7,raw_level,threshold_loco,bosporus_strait,12.0,2.0,1.7825705454209033,0.04166902885651114,True,26,109,False,10,2.373647092825718,-70.0,0.5274339286423713,0.9999716537218664,True,4,0,3.912388774811773,1.0223932820153954
seasonal_naive,7,raw_level,threshold_loco,cape_of_good_hope,12.0,2.0,1.821893363959957,0.0427745337037247,True,26,109,False,10,2.383477797460481,-70.0,0.5274339286423713,0.9999716537218664,True,0,0,3.912388774811773,0.0
seasonal_naive,7,raw_level,threshold_loco,dover_strait,11.0,2.0,1.903752007566789,0.045098928510686545,True,26,109,False,10,2.4228006159995346,-70.0,0.5274339286423713,0.9999716537218664,True,26,0,3.912388774811773,6.645556333100069
seasonal_naive,7,raw_level,threshold_loco,gibraltar_strait,11.0,2.0,1.9725669400101333,0.04628947219230115,True,26,109,False,10,2.412969911364772,-70.0,0.5274339286423713,0.9999716537218664,True,19,1,3.912388774811773,4.856368089573128
seasonal_naive,7,raw_level,threshold_loco,kerch_strait,12.0,2.0,1.821893363959957,0.04172178130511464,True,26,109,False,10,2.414437959870418,-70.0,0.5135677080238864,0.999972442680776,True,0,0,1.1471594798083504,0.0
seasonal_naive,7,raw_level,threshold_loco,korea_strait,11.0,2.0,1.7759528473148645,0.043681614604002494,True,26,109,False,9,2.4129699113647716,-70.0,0.5274339286423714,1.0,True,39,1,3.912388774811773,9.968334499650105
seasonal_naive,7,raw_level,threshold_loco,lombok_strait,12.0,2.0,1.821893363959957,0.043114689041328876,True,26,109,False,10,2.3834777974604817,-70.0,0.5274339286423714,0.9999716537218664,True,0,0,3.912388774811773,0.0
seasonal_naive,7,raw_level,threshold_loco,luzon_strait,11.0,2.0,1.9430748261058428,0.04719655309257895,True,26,109,False,10,2.383477797460481,-70.0,0.5274339286423714,0.9999716537218664,True,22,0,3.912388774811773,5.623163051084674
seasonal_naive,7,raw_level,threshold_loco,magellan_strait,12.0,2.0,1.821893363959957,0.043114689041328876,True,26,109,False,11,2.53240641548758,-70.0,0.5274339286423714,0.9999716537218664,True,0,0,3.912388774811773,0.0
seasonal_naive,7,raw_level,threshold_loco,makassar_strait,12.0,2.0,1.821893363959957,0.043114689041328876,True,26,109,False,10,2.3048321603823743,-70.0,0.5274339286423714,0.9999716537218664,True,0,0,3.912388774811773,0.0
seasonal_naive,7,raw_level,threshold_loco,malacca_strait,11.0,2.0,1.8545984843929721,0.043709960882136176,True,26,109,False,10,2.404607255235655,-70.0,0.5274339286423714,0.9999716537218664,True,31,2,3.912388774811773,7.923547935619314
seasonal_naive,7,raw_level,threshold_loco,mindoro_strait,12.0,2.0,1.821893363959957,0.043114689041328876,True,26,109,False,10,2.2950014557476104,-70.0,0.5274339286423714,0.9999716537218664,True,0,0,3.912388774811773,0.0
seasonal_naive,7,raw_level,threshold_loco,mona_passage,12.0,2.0,1.821893363959957,0.043114689041328876,True,26,109,False,11,2.2950014557476104,-70.0,0.5274339286423714,0.9999716537218664,True,0,0,3.912388774811773,0.0
seasonal_naive,7,raw_level,threshold_loco,ombai_strait,12.0,2.0,1.821893363959957,0.043114689041328876,True,26,109,False,11,2.2851707511128465,-70.0,0.5274339286423714,0.9999716537218664,True,0,0,3.912388774811773,0.0
seasonal_naive,7,raw_level,threshold_loco,oresund_strait,12.0,2.0,1.821893363959957,0.042887918816259425,True,26,109,False,9,2.393308502095244,-70.0,0.5274339286423714,0.9999716537218664,True,0,0,3.912388774811773,0.0
seasonal_naive,7,raw_level,threshold_loco,panama_canal,12.0,2.0,1.821893363959957,0.04286964129483815,True,26,109,False,10,2.3542480414506817,-70.0,0.5250418419573033,0.9999717777213332,True,0,0,3.488021902806297,0.0
seasonal_naive,7,raw_level,threshold_loco,suez_canal,12.0,2.0,1.821893363959957,0.04211914583157954,True,26,109,False,10,2.3768168060023465,-70.0,0.5208372502052124,0.9999719392765946,True,0,0,2.9295003422313486,0.0
seasonal_naive,7,raw_level,threshold_loco,sunda_strait,12.0,2.0,1.821893363959957,0.04297295765066047,True,26,109,False,10,2.3539856835561896,-70.0,0.5274339286423714,0.9999716537218664,True,0,0,3.912388774811773,0.0
seasonal_naive,7,raw_level,threshold_loco,taiwan_strait,11.0,2.0,1.7562914380453378,0.04319972787572992,True,26,109,False,9,2.4228006159995337,-70.0,0.5274339286423714,0.9999716537218664,True,41,0,3.912388774811773,10.479531140657802
seasonal_naive,7,raw_level,threshold_loco,torres_strait,12.0,2.0,1.821893363959957,0.043114689041328876,True,26,109,False,11,2.236017227939029,-70.0,0.5274339286423714,0.9999716537218664,True,0,0,3.912388774811773,0.0
seasonal_naive,7,raw_level,threshold_loco,tsugaru_strait,12.0,2.0,1.8022319546904302,0.04203753047224899,True,26,109,False,10,2.38347779746048,-70.0,0.5274339286423714,0.9999716537218664,True,2,0,3.912388774811773,0.5111966410076977
seasonal_naive,7,raw_level,threshold_loco,windward_passage,12.0,2.0,1.821893363959957,0.043114689041328876,True,26,109,False,11,2.325961618157548,-70.0,0.5274339286423714,0.9999716537218664,True,0,0,3.912388774811773,0.0
seasonal_naive,7,raw_level,threshold_loco,yucatan_channel,12.0,2.0,1.8120626593251936,0.042320993253585806,True,26,109,False,10,2.412969911364771,-70.0,0.5274339286423714,0.9999716537218664,True,1,0,3.912388774811773,0.25559832050384884
seasonal_naive,7,scale_invariant,operational,,2.023472278429786,2.0,1.8106445222441057,0.060805840847794695,True,27,496,False,52,2.352000468777614,-8.093889113719143,0.5268325476188649,0.9999727572397635,True,,,,
seasonal_naive,7,scale_invariant,threshold_loco,bab_el_mandeb_strait,2.023472278429786,2.0,1.7889787180321532,0.060735335391523995,True,26,496,False,53,2.4033308917785963,-8.093889113719143,0.5340516267484099,0.9999719337636823,True,7,0,2.948665297741273,2.3739554317548746
seasonal_naive,7,scale_invariant,threshold_loco,balabac_strait,2.023472278429786,2.0,1.7918083544637007,0.059697261749532285,True,26,496,False,52,2.3146628650171372,-8.093889113719143,0.5274339286423713,0.9999716537218664,True,9,0,3.912388774811773,2.3003848845346395
seasonal_naive,7,scale_invariant,threshold_loco,bering_strait,2.023472278429786,2.0,1.8409618776375178,0.06165315494075628,True,26,496,False,51,2.314662865017137,-8.093889113719143,0.5274339286423713,0.9999716537218664,True,4,0,3.912388774811773,1.0223932820153954
seasonal_naive,7,scale_invariant,threshold_loco,bohai_strait,2.023472278429786,2.0,1.7918083544637007,0.06159646238448892,True,26,496,False,53,2.4031392067300072,-8.093889113719143,0.5274339286423713,0.9999716537218664,True,9,0,3.912388774811773,2.3003848845346395
seasonal_naive,7,scale_invariant,threshold_loco,bosporus_strait,2.023472278429786,2.0,1.7721469451941738,0.05975395430579965,True,26,496,False,51,2.373647092825718,-8.093889113719143,0.5274339286423713,0.9999716537218664,True,11,0,3.912388774811773,2.811581525542337
seasonal_naive,7,scale_invariant,threshold_loco,cape_of_good_hope,2.023472278429786,2.0,1.8016390590984641,0.060292533590339585,True,26,496,False,52,2.383477797460481,-8.093889113719143,0.5274339286423713,0.9999716537218664,True,8,0,3.912388774811773,2.0447865640307907
seasonal_naive,7,scale_invariant,threshold_loco,dover_strait,2.023472278429786,2.0,1.8114697637332275,0.06085945915301321,True,26,496,False,52,2.4228006159995346,-8.093889113719143,0.5274339286423713,0.9999716537218664,True,7,0,3.912388774811773,1.7891882435269417
seasonal_naive,7,scale_invariant,threshold_loco,gibraltar_strait,2.023472278429786,2.0,1.8114697637332275,0.06105788309994898,True,26,496,False,52,2.412969911364772,-8.093889113719143,0.5274339286423713,0.9999716537218664,True,7,1,3.912388774811773,1.7891882435269417
seasonal_naive,7,scale_invariant,threshold_loco,kerch_strait,2.023472278429786,2.0,1.813229436400548,0.060874118165784835,True,26,496,False,51,2.375406765493038,-8.093889113719143,0.5135677080238864,0.999972442680776,True,2,0,1.1471594798083504,1.743436754176611
seasonal_naive,7,scale_invariant,threshold_loco,korea_strait,2.023472278429786,2.0,1.8016390590984641,0.06083111287487953,True,26,496,False,51,2.4129699113647716,-8.093889113719143,0.5274339286423714,0.9999716537218664,True,8,0,3.912388774811773,2.0447865640307907
seasonal_naive,7,scale_invariant,threshold_loco,lombok_strait,2.023472278429786,2.0,1.8802846961765713,0.062163387947162536,True,26,496,False,52,2.3834777974604817,-8.093889113719143,0.5274339286423714,0.9999716537218664,True,0,0,3.912388774811773,0.0
seasonal_naive,7,scale_invariant,threshold_loco,luzon_strait,2.023472278429786,2.0,1.7229934220203569,0.06034922614660695,True,26,496,False,52,2.383477797460481,-8.093889113719143,0.5274339286423714,0.9999716537218664,True,16,0,3.912388774811773,4.0895731280615815
seasonal_naive,7,scale_invariant,threshold_loco,magellan_strait,2.023472278429786,2.0,1.8802846961765713,0.06287204490050456,True,26,496,False,52,2.177033000130449,-8.093889113719143,0.5274339286423714,0.9999716537218664,True,0,0,3.912388774811773,0.0
seasonal_naive,7,scale_invariant,threshold_loco,makassar_strait,2.023472278429786,2.0,1.73282412665512,0.05845002551165032,True,26,496,False,52,2.3048321603823743,-8.093889113719143,0.5274339286423714,1.0,True,15,0,3.912388774811773,3.8339748075577327
seasonal_naive,7,scale_invariant,threshold_loco,malacca_strait,2.023472278429786,2.0,1.8409618776375178,0.06185157888769205,True,26,496,False,42,2.393308502095244,-8.093889113719143,0.5274339286423714,0.9999716537218664,True,4,0,3.912388774811773,1.0223932820153954
seasonal_naive,7,scale_invariant,threshold_loco,mindoro_strait,2.023472278429786,2.0,1.73282412665512,0.05958387663699756,True,26,496,False,52,2.2950014557476104,-8.093889113719143,0.5274339286423714,0.9999716537218664,True,15,1,3.912388774811773,3.8339748075577327
seasonal_naive,7,scale_invariant,threshold_loco,mona_passage,2.023472278429786,2.0,1.8409618776375178,0.061312999603152105,True,26,496,False,52,2.2950014557476104,-8.093889113719143,0.5274339286423714,0.9999716537218664,True,4,0,3.912388774811773,1.0223932820153954
seasonal_naive,7,scale_invariant,threshold_loco,ombai_strait,2.023472278429786,2.0,1.8213004683679908,0.059725608027665966,True,26,496,False,52,2.2851707511128465,-8.093889113719143,0.5274339286423714,0.9999716537218664,True,6,0,3.912388774811773,1.533589923023093
seasonal_naive,7,scale_invariant,threshold_loco,oresund_strait,2.023472278429786,2.0,1.7819776498289372,0.05961222291513124,True,26,496,False,51,2.393308502095244,-8.093889113719143,0.5274339286423714,0.9999716537218664,True,10,0,3.912388774811773,2.5559832050384883
seasonal_naive,7,scale_invariant,threshold_loco,panama_canal,2.023472278429786,2.0,1.8361777042673817,0.06121412242824486,True,26,496,False,52,2.3542480414506817,-8.093889113719143,0.5250418419573033,0.9999717777213332,True,4,0,3.488021902806297,1.1467817896389325
seasonal_naive,7,scale_invariant,threshold_loco,suez_canal,2.023472278429786,2.0,1.8540266084698855,0.06097595196004153,True,26,496,False,53,2.3768168060023465,-8.093889113719143,0.5208372502052124,0.9999719392765946,True,2,0,2.9295003422313486,0.6827102803738317
seasonal_naive,7,scale_invariant,threshold_loco,sunda_strait,2.023472278429786,2.0,1.8213004683679908,0.06068938148421112,True,26,496,False,52,2.3539856835561896,-8.093889113719143,0.5274339286423714,0.9999716537218664,True,6,0,3.912388774811773,1.533589923023093
seasonal_naive,7,scale_invariant,threshold_loco,taiwan_strait,2.023472278429786,2.0,1.7918083544637007,0.060746074040478486,True,26,496,False,49,2.4228006159995337,-8.093889113719143,0.5274339286423714,0.9999716537218664,True,9,0,3.912388774811773,2.3003848845346395
seasonal_naive,7,scale_invariant,threshold_loco,torres_strait,2.023472278429786,2.0,1.8606232869070445,0.061766540053291005,True,26,496,False,52,2.236017227939029,-8.093889113719143,0.5274339286423714,0.9999716537218664,True,2,0,3.912388774811773,0.5111966410076977
seasonal_naive,7,scale_invariant,threshold_loco,tsugaru_strait,2.023472278429786,2.0,1.7819776498289372,0.060490957537275354,True,26,496,False,52,2.38347779746048,-8.093889113719143,0.5274339286423714,0.9999716537218664,True,10,0,3.912388774811773,2.5559832050384883
seasonal_naive,7,scale_invariant,threshold_loco,windward_passage,2.023472278429786,2.0,1.8606232869070445,0.06182323260955837,True,26,496,False,52,2.236017227939029,-8.093889113719143,0.5274339286423714,0.9999716537218664,True,2,0,3.912388774811773,0.5111966410076977
seasonal_naive,7,scale_invariant,threshold_loco,yucatan_channel,2.023472278429786,2.0,1.8213004683679908,0.06077442031861217,True,26,496,False,51,2.412969911364771,-8.093889113719143,0.5274339286423714,0.9999716537218664,True,6,0,3.912388774811773,1.533589923023093
seasonal_naive,30,raw_level,operational,,11.0,2.0,1.8954100320618184,0.0500177077941537,True,27,110,False,12,1.8655653499708587,-77.0,0.5268325476188649,0.9999727572397635,True,,,,
seasonal_naive,30,raw_level,threshold_loco,bab_el_mandeb_strait,11.0,2.0,1.9422229955833734,0.05063149031714847,True,26,110,False,12,1.885143018777323,-77.0,0.5340516267484099,0.9999719337636823,True,2,0,2.948665297741273,0.6782729805013927
seasonal_naive,30,raw_level,threshold_loco,balabac_strait,11.0,2.0,1.9683104179103499,0.052043766653438406,True,26,110,False,13,1.7898572939098254,-77.0,0.5274339286423713,0.9999716537218664,True,0,0,3.912388774811773,0.0
seasonal_naive,30,raw_level,threshold_loco,bering_strait,11.0,2.0,1.9683104179103499,0.052043766653438406,True,26,110,False,13,1.9569792727008029,-77.0,0.5274339286423713,0.9999716537218664,True,0,0,3.912388774811773,0.0
seasonal_naive,30,raw_level,threshold_loco,bohai_strait,10.0,2.0,1.8797277238387455,0.05479335563240546,True,26,110,False,11,1.9176564541617496,-77.0,0.5274339286423713,0.9999716537218664,True,33,0,3.912388774811773,8.434744576627011
seasonal_naive,30,raw_level,threshold_loco,bosporus_strait,11.0,2.0,1.8798340761974792,0.0498044106808776,True,26,110,False,12,1.8979950448922227,-77.0,0.5274339286423713,0.9999716537218664,True,9,0,3.912388774811773,2.3003848845346395
seasonal_naive,30,raw_level,threshold_loco,cape_of_good_hope,11.0,2.0,1.9584797132755865,0.0513067634219627,True,26,110,False,12,1.848841521718405,-77.0,0.5274339286423713,0.9999716537218664,True,1,0,3.912388774811773,0.25559832050384884
seasonal_naive,30,raw_level,threshold_loco,dover_strait,10.0,2.0,1.9583733609168528,0.05541697375134645,True,26,110,False,12,1.9176564541617487,-77.0,0.5274339286423713,0.9999716537218664,True,25,1,3.912388774811773,6.389958012596221
seasonal_naive,30,raw_level,threshold_loco,gibraltar_strait,11.0,2.0,1.8306805530236618,0.04742332331764839,True,26,110,False,12,1.927487158796513,-77.0,0.5274339286423713,0.9999716537218664,True,14,0,3.912388774811773,3.5783764870538834
seasonal_naive,30,raw_level,threshold_loco,kerch_strait,11.0,2.0,1.8677275282463148,0.04996141975308642,True,26,110,False,12,1.8367349737672418,-77.0,0.5135677080238864,0.999972442680776,True,3,0,1.1471594798083504,2.6151551312649164
seasonal_naive,30,raw_level,threshold_loco,korea_strait,10.0,2.0,1.9485426562820896,0.05371619706332559,True,26,110,False,12,1.9274871587965126,-77.0,0.5274339286423714,0.9999716537218664,True,26,0,3.912388774811773,6.645556333100069
seasonal_naive,30,raw_level,threshold_loco,lombok_strait,11.0,2.0,1.9683104179103499,0.05198707409717104,True,26,110,False,13,1.8390108170836421,-77.0,0.5274339286423714,0.9999716537218664,True,0,0,3.912388774811773,0.0
seasonal_naive,30,raw_level,threshold_loco,luzon_strait,10.0,2.0,1.9485426562820896,0.05700436532683259,True,26,110,False,12,1.878333635622695,-77.0,0.5274339286423714,0.9999716537218664,True,26,0,3.912388774811773,6.645556333100069
seasonal_naive,30,raw_level,threshold_loco,magellan_strait,11.0,2.0,1.9683104179103499,0.052043766653438406,True,26,110,False,13,1.9963020912398566,-77.0,0.5274339286423714,0.9999716537218664,True,0,0,3.912388774811773,0.0
seasonal_naive,30,raw_level,threshold_loco,makassar_strait,11.0,2.0,1.9683104179103499,0.052043766653438406,True,26,110,False,14,1.770195884640298,-77.0,0.5274339286423714,0.9999716537218664,True,0,0,3.912388774811773,0.0
seasonal_naive,30,raw_level,threshold_loco,malacca_strait,10.0,2.0,1.9682040655516162,0.05394296728839503,True,26,110,False,10,1.9274871587965126,-77.0,0.5274339286423714,0.9999716537218664,True,24,1,3.912388774811773,6.134359692092372
seasonal_naive,30,raw_level,threshold_loco,mindoro_strait,11.0,2.0,1.9683104179103499,0.052043766653438406,True,26,110,False,14,1.7898572939098254,-77.0,0.5274339286423714,0.9999716537218664,True,0,0,3.912388774811773,0.0
seasonal_naive,30,raw_level,threshold_loco,mona_passage,11.0,2.0,1.9683104179103499,0.052043766653438406,True,26,110,False,14,1.7898572939098258,-77.0,0.5274339286423714,0.9999716537218664,True,0,0,3.912388774811773,0.0
seasonal_naive,30,raw_level,threshold_loco,ombai_strait,11.0,2.0,1.9683104179103499,0.052015420375304725,True,26,110,False,13,1.7898572939098254,-77.0,0.5274339286423714,0.9999716537218664,True,0,0,3.912388774811773,0.0
seasonal_naive,30,raw_level,threshold_loco,oresund_strait,11.0,2.0,1.9683104179103499,0.05167526503770055,True,26,110,False,12,1.8390108170836426,-77.0,0.5274339286423714,0.9999716537218664,True,0,0,3.912388774811773,0.0
seasonal_naive,30,raw_level,threshold_loco,panama_canal,11.0,2.0,1.9683104179103499,0.05170321451754015,True,26,110,False,12,1.8601306275901952,-77.0,0.5250418419573033,0.9999717777213332,True,0,0,3.488021902806297,0.0
seasonal_naive,30,raw_level,threshold_loco,suez_canal,11.0,2.0,1.955181374057007,0.05036899851278166,True,26,110,False,12,1.8716726441645624,-77.0,0.5208372502052124,0.9999719392765946,True,1,0,2.9295003422313486,0.3413551401869159
seasonal_naive,30,raw_level,threshold_loco,sunda_strait,11.0,2.0,1.9683104179103499,0.05167526503770055,True,26,110,False,12,1.8291801124488787,-77.0,0.5274339286423714,0.9999716537218664,True,0,0,3.912388774811773,0.0
seasonal_naive,30,raw_level,threshold_loco,taiwan_strait,10.0,2.0,1.8797277238387455,0.05331934916945405,True,26,110,False,10,1.9274871587965126,-77.0,0.5274339286423714,1.0,True,33,0,3.912388774811773,8.434744576627011
seasonal_naive,30,raw_level,threshold_loco,torres_strait,11.0,2.0,1.9683104179103499,0.052043766653438406,True,26,110,False,14,1.7308730661012444,-77.0,0.5274339286423714,0.9999716537218664,True,0,0,3.912388774811773,0.0
seasonal_naive,30,raw_level,threshold_loco,tsugaru_strait,11.0,2.0,1.9388183040060598,0.050371336243551224,True,26,110,False,12,1.8685029309879324,-77.0,0.5274339286423714,0.9999716537218664,True,3,0,3.912388774811773,0.7667949615115465
seasonal_naive,30,raw_level,threshold_loco,windward_passage,11.0,2.0,1.9683104179103499,0.052043766653438406,True,26,110,False,14,1.8783336356226958,-77.0,0.5274339286423714,0.9999716537218664,True,0,0,3.912388774811773,0.0
seasonal_naive,30,raw_level,threshold_loco,yucatan_channel,11.0,2.0,1.9289875993712964,0.050569760190486986,True,26,110,False,12,1.8783336356226958,-77.0,0.5274339286423714,0.9999716537218664,True,4,0,3.912388774811773,1.0223932820153954
seasonal_naive,30,scale_invariant,operational,,2.023472278429786,2.0,1.73570373268111,0.06358460239191435,True,27,604,False,64,1.7774252453132835,-7.4193983542425475,0.5268325476188649,0.9999727572397635,True,,,,
seasonal_naive,30,scale_invariant,threshold_loco,bab_el_mandeb_strait,2.023472278429786,2.0,1.7241993015725305,0.06382262138647207,True,26,604,False,64,1.7153506431135268,-7.4193983542425475,0.5340516267484099,0.9999719337636823,True,6,0,2.948665297741273,2.034818941504178
seasonal_naive,30,scale_invariant,threshold_loco,balabac_strait,2.023472278429786,2.0,1.7336466361101168,0.06247519700663303,True,26,604,False,64,1.708157889861722,-7.4193983542425475,0.5274339286423713,0.9999716537218664,True,7,0,3.912388774811773,1.7891882435269417
seasonal_naive,30,scale_invariant,threshold_loco,bering_strait,2.023472278429786,2.0,1.7238159314753534,0.06409093486025284,True,26,604,False,60,1.8457877547484092,-7.4193983542425475,0.5274339286423713,0.9999716537218664,True,8,1,3.912388774811773,2.0447865640307907
seasonal_naive,30,scale_invariant,threshold_loco,bohai_strait,2.023472278429786,2.0,1.7336466361101168,0.0644594364759907,True,26,604,False,59,1.8064649362093546,-7.4193983542425475,0.5274339286423713,0.9999716537218664,True,7,0,3.912388774811773,1.7891882435269417
seasonal_naive,30,scale_invariant,threshold_loco,bosporus_strait,2.023472278429786,2.0,1.6648317036667728,0.06247519700663303,True,26,604,False,64,1.7671421176703026,-7.4193983542425475,0.5274339286423713,0.9999716537218664,True,14,0,3.912388774811773,3.5783764870538834
seasonal_naive,30,scale_invariant,threshold_loco,cape_of_good_hope,2.023472278429786,2.0,1.7041545222058263,0.06267362095356879,True,26,604,False,64,1.8359570501136462,-7.4193983542425475,0.5274339286423713,0.9999716537218664,True,10,0,3.912388774811773,2.5559832050384883
seasonal_naive,30,scale_invariant,threshold_loco,dover_strait,2.023472278429786,2.0,1.7336466361101168,0.0635807018538466,True,26,604,False,59,1.8064649362093563,-7.4193983542425475,0.5274339286423713,0.9999716537218664,True,7,0,3.912388774811773,1.7891882435269417
seasonal_naive,30,scale_invariant,threshold_loco,gibraltar_strait,2.023472278429786,2.0,1.77296945464917,0.0643177050853223,True,26,604,False,64,1.8064649362093546,-7.4193983542425475,0.5274339286423713,0.9999716537218664,True,3,0,3.912388774811773,0.7667949615115465
seasonal_naive,30,scale_invariant,threshold_loco,kerch_strait,2.023472278429786,2.0,1.7018786788894253,0.06346450617283951,True,26,604,False,63,1.8122601248603978,-7.4193983542425475,0.5135677080238864,0.999972442680776,True,3,0,1.1471594798083504,2.6151551312649164
seasonal_naive,30,scale_invariant,threshold_loco,korea_strait,2.023472278429786,2.0,1.6746624083015362,0.06321220023810874,True,26,604,False,59,1.8162956408441202,-7.4193983542425475,0.5274339286423714,0.9999716537218664,True,13,0,3.912388774811773,3.3227781665500347
seasonal_naive,30,scale_invariant,threshold_loco,lombok_strait,2.023472278429786,2.0,1.8024615685534604,0.0647712455354612,True,26,604,False,65,1.7376500037660128,-7.4193983542425475,0.5274339286423714,0.9999716537218664,True,0,0,3.912388774811773,0.0
seasonal_naive,30,scale_invariant,threshold_loco,luzon_strait,2.023472278429786,2.0,1.6353395897624823,0.06292873745677192,True,26,604,False,62,1.8064649362093554,-7.4193983542425475,0.5274339286423714,0.9999716537218664,True,17,0,3.912388774811773,4.34517144856543
seasonal_naive,30,scale_invariant,threshold_loco,magellan_strait,2.023472278429786,2.0,1.8024615685534604,0.06587675038267475,True,26,604,False,64,1.9047719825569898,-7.4193983542425475,0.5274339286423714,0.9999716537218664,True,0,0,3.912388774811773,0.0
seasonal_naive,30,scale_invariant,threshold_loco,makassar_strait,2.023472278429786,2.0,1.7041545222058263,0.06145473099382051,True,26,604,False,64,1.6688350713226683,-7.4193983542425475,0.5274339286423714,0.9999716537218664,True,10,1,3.912388774811773,2.5559832050384883
seasonal_naive,30,scale_invariant,threshold_loco,malacca_strait,2.023472278429786,2.0,1.7631387500144067,0.06457282158852543,True,26,604,False,57,1.8457877547484092,-7.4193983542425475,0.5274339286423714,0.9999716537218664,True,4,0,3.912388774811773,1.0223932820153954
seasonal_naive,30,scale_invariant,threshold_loco,mindoro_strait,2.023472278429786,2.0,1.7041545222058263,0.061908271443959405,True,26,604,False,64,1.6983271852269581,-7.4193983542425475,0.5274339286423714,0.9999716537218664,True,10,1,3.912388774811773,2.5559832050384883
seasonal_naive,30,scale_invariant,threshold_loco,mona_passage,2.023472278429786,2.0,1.7729694546491703,0.0641476274165202,True,26,604,False,64,1.6983271852269581,-7.4193983542425475,0.5274339286423714,0.9999716537218664,True,3,0,3.912388774811773,0.7667949615115465
seasonal_naive,30,scale_invariant,threshold_loco,ombai_strait,2.023472278429786,2.0,1.7533080453796435,0.06227677305969726,True,26,604,False,64,1.6983271852269581,-7.4193983542425475,0.5274339286423714,0.9999716537218664,True,5,0,3.912388774811773,1.2779916025192442
seasonal_naive,30,scale_invariant,threshold_loco,oresund_strait,2.023472278429786,2.0,1.7139852268405897,0.06278700606610352,True,26,604,False,64,1.7966342315745933,-7.4193983542425475,0.5274339286423714,0.9999716537218664,True,9,0,3.912388774811773,2.3003848845346395
seasonal_naive,30,scale_invariant,threshold_loco,panama_canal,2.023472278429786,2.0,1.758354576644271,0.06375412750825502,True,26,604,False,65,1.7796272668846251,-7.4193983542425475,0.5250418419573033,0.9999717777213332,True,4,0,3.488021902806297,1.1467817896389325
seasonal_naive,30,scale_invariant,threshold_loco,suez_canal,2.023472278429786,2.0,1.7762034808467746,0.06386620647080282,True,26,604,False,64,1.7538844477750102,-7.4193983542425475,0.5208372502052124,0.9999719392765946,True,2,0,2.9295003422313486,0.6827102803738317
seasonal_naive,30,scale_invariant,threshold_loco,sunda_strait,2.023472278429786,2.0,1.7729694546491703,0.06349566301944555,True,26,604,False,64,1.7966342315745925,-7.4193983542425475,0.5274339286423714,0.9999716537218664,True,3,0,3.912388774811773,0.7667949615115465
seasonal_naive,30,scale_invariant,threshold_loco,taiwan_strait,2.023472278429786,2.0,1.6943238175710629,0.0638641646351834,True,26,604,False,60,1.84578775474841,-7.4193983542425475,0.5274339286423714,1.0,True,11,0,3.912388774811773,2.811581525542337
seasonal_naive,30,scale_invariant,threshold_loco,torres_strait,2.023472278429786,2.0,1.7828001592839335,0.06479959181359488,True,26,604,False,64,1.6393429574183784,-7.4193983542425475,0.5274339286423714,0.9999716537218664,True,2,0,3.912388774811773,0.5111966410076977
seasonal_naive,30,scale_invariant,threshold_loco,tsugaru_strait,2.023472278429786,2.0,1.74347734074488,0.06346731674131187,True,26,604,False,64,1.8162956408441184,-7.4193983542425475,0.5274339286423714,0.9999716537218664,True,6,0,3.912388774811773,1.533589923023093
seasonal_naive,30,scale_invariant,threshold_loco,windward_passage,2.023472278429786,2.0,1.7828001592839335,0.06468620670106015,True,26,604,False,64,1.7868035269398295,-7.4193983542425475,0.5274339286423714,0.9999716537218664,True,2,0,3.912388774811773,0.5111966410076977
seasonal_naive,30,scale_invariant,threshold_loco,yucatan_channel,2.023472278429786,2.0,1.7336466361101164,0.06355235557571291,True,26,604,False,63,1.7966342315745925,-7.4193983542425475,0.5274339286423714,0.9999716537218664,True,7,0,3.912388774811773,1.7891882435269417
