grid_id,high_exposure_pre_gulf_share_min,high_offset_ratio_min,constrained_total_pct_max,stable_band_abs,destination_unit,destination_unit_type,headline_primary_typology,grid_primary_typology,agrees_with_headline,unit_grid_points,unit_grid_agreement_count,unit_grid_agreement_share,evidence_strength,caution_flags,pre_months,post_months,pre_gulf_share,post_gulf_share,gulf_share_change_pp,edge_total_pct_change,seasonality_adjusted_edge_total_pct_change,non_gulf_edge_pct_change,non_gulf_offset_ratio,jensen_shannon_distance,edge_turnover_rate,rule_thresholds,coverage_note,admissibility_note
grid_001,0.1,0.7,-3.0,8.0,China,importer,high_exposure_constrained,high_exposure_constrained,True,81,81,1.0,medium,none,12,3,0.3043393783467947,0.0884241697188483,-21.59152086279463,-25.708617872944075,-13.923582288884273,-2.849721991484866,-0.1743030253582267,0.2095565409791185,0.2059264671134633,"{""constrained_offset_ratio_max"": 0.5, ""constrained_total_pct_max"": -3.0, ""high_exposure_pre_gulf_share_min"": 0.1, ""high_offset_ratio_min"": 0.7, ""min_post_months"": 3, ""min_pre_months"": 12, ""stable_gulf_share_abs_pp_max"": 8.0, ""stable_total_abs_pct_max"": 8.0}",descriptive_coverage_ok,strict origin-split national customs; weight basis
grid_002,0.1,0.7,-3.0,10.0,China,importer,high_exposure_constrained,high_exposure_constrained,True,81,81,1.0,medium,none,12,3,0.3043393783467947,0.0884241697188483,-21.59152086279463,-25.708617872944075,-13.923582288884273,-2.849721991484866,-0.1743030253582267,0.2095565409791185,0.2059264671134633,"{""constrained_offset_ratio_max"": 0.5, ""constrained_total_pct_max"": -3.0, ""high_exposure_pre_gulf_share_min"": 0.1, ""high_offset_ratio_min"": 0.7, ""min_post_months"": 3, ""min_pre_months"": 12, ""stable_gulf_share_abs_pp_max"": 10.0, ""stable_total_abs_pct_max"": 10.0}",descriptive_coverage_ok,strict origin-split national customs; weight basis
grid_003,0.1,0.7,-3.0,12.0,China,importer,high_exposure_constrained,high_exposure_constrained,True,81,81,1.0,medium,none,12,3,0.3043393783467947,0.0884241697188483,-21.59152086279463,-25.708617872944075,-13.923582288884273,-2.849721991484866,-0.1743030253582267,0.2095565409791185,0.2059264671134633,"{""constrained_offset_ratio_max"": 0.5, ""constrained_total_pct_max"": -3.0, ""high_exposure_pre_gulf_share_min"": 0.1, ""high_offset_ratio_min"": 0.7, ""min_post_months"": 3, ""min_pre_months"": 12, ""stable_gulf_share_abs_pp_max"": 12.0, ""stable_total_abs_pct_max"": 12.0}",descriptive_coverage_ok,strict origin-split national customs; weight basis
grid_004,0.1,0.7,-5.0,8.0,China,importer,high_exposure_constrained,high_exposure_constrained,True,81,81,1.0,medium,none,12,3,0.3043393783467947,0.0884241697188483,-21.59152086279463,-25.708617872944075,-13.923582288884273,-2.849721991484866,-0.1743030253582267,0.2095565409791185,0.2059264671134633,"{""constrained_offset_ratio_max"": 0.5, ""constrained_total_pct_max"": -5.0, ""high_exposure_pre_gulf_share_min"": 0.1, ""high_offset_ratio_min"": 0.7, ""min_post_months"": 3, ""min_pre_months"": 12, ""stable_gulf_share_abs_pp_max"": 8.0, ""stable_total_abs_pct_max"": 8.0}",descriptive_coverage_ok,strict origin-split national customs; weight basis
grid_005,0.1,0.7,-5.0,10.0,China,importer,high_exposure_constrained,high_exposure_constrained,True,81,81,1.0,medium,none,12,3,0.3043393783467947,0.0884241697188483,-21.59152086279463,-25.708617872944075,-13.923582288884273,-2.849721991484866,-0.1743030253582267,0.2095565409791185,0.2059264671134633,"{""constrained_offset_ratio_max"": 0.5, ""constrained_total_pct_max"": -5.0, ""high_exposure_pre_gulf_share_min"": 0.1, ""high_offset_ratio_min"": 0.7, ""min_post_months"": 3, ""min_pre_months"": 12, ""stable_gulf_share_abs_pp_max"": 10.0, ""stable_total_abs_pct_max"": 10.0}",descriptive_coverage_ok,strict origin-split national customs; weight basis
grid_006,0.1,0.7,-5.0,12.0,China,importer,high_exposure_constrained,high_exposure_constrained,True,81,81,1.0,medium,none,12,3,0.3043393783467947,0.0884241697188483,-21.59152086279463,-25.708617872944075,-13.923582288884273,-2.849721991484866,-0.1743030253582267,0.2095565409791185,0.2059264671134633,"{""constrained_offset_ratio_max"": 0.5, ""constrained_total_pct_max"": -5.0, ""high_exposure_pre_gulf_share_min"": 0.1, ""high_offset_ratio_min"": 0.7, ""min_post_months"": 3, ""min_pre_months"": 12, ""stable_gulf_share_abs_pp_max"": 12.0, ""stable_total_abs_pct_max"": 12.0}",descriptive_coverage_ok,strict origin-split national customs; weight basis
grid_007,0.1,0.7,-10.0,8.0,China,importer,high_exposure_constrained,high_exposure_constrained,True,81,81,1.0,medium,none,12,3,0.3043393783467947,0.0884241697188483,-21.59152086279463,-25.708617872944075,-13.923582288884273,-2.849721991484866,-0.1743030253582267,0.2095565409791185,0.2059264671134633,"{""constrained_offset_ratio_max"": 0.5, ""constrained_total_pct_max"": -10.0, ""high_exposure_pre_gulf_share_min"": 0.1, ""high_offset_ratio_min"": 0.7, ""min_post_months"": 3, ""min_pre_months"": 12, ""stable_gulf_share_abs_pp_max"": 8.0, ""stable_total_abs_pct_max"": 8.0}",descriptive_coverage_ok,strict origin-split national customs; weight basis
grid_008,0.1,0.7,-10.0,10.0,China,importer,high_exposure_constrained,high_exposure_constrained,True,81,81,1.0,medium,none,12,3,0.3043393783467947,0.0884241697188483,-21.59152086279463,-25.708617872944075,-13.923582288884273,-2.849721991484866,-0.1743030253582267,0.2095565409791185,0.2059264671134633,"{""constrained_offset_ratio_max"": 0.5, ""constrained_total_pct_max"": -10.0, ""high_exposure_pre_gulf_share_min"": 0.1, ""high_offset_ratio_min"": 0.7, ""min_post_months"": 3, ""min_pre_months"": 12, ""stable_gulf_share_abs_pp_max"": 10.0, ""stable_total_abs_pct_max"": 10.0}",descriptive_coverage_ok,strict origin-split national customs; weight basis
grid_009,0.1,0.7,-10.0,12.0,China,importer,high_exposure_constrained,high_exposure_constrained,True,81,81,1.0,medium,none,12,3,0.3043393783467947,0.0884241697188483,-21.59152086279463,-25.708617872944075,-13.923582288884273,-2.849721991484866,-0.1743030253582267,0.2095565409791185,0.2059264671134633,"{""constrained_offset_ratio_max"": 0.5, ""constrained_total_pct_max"": -10.0, ""high_exposure_pre_gulf_share_min"": 0.1, ""high_offset_ratio_min"": 0.7, ""min_post_months"": 3, ""min_pre_months"": 12, ""stable_gulf_share_abs_pp_max"": 12.0, ""stable_total_abs_pct_max"": 12.0}",descriptive_coverage_ok,strict origin-split national customs; weight basis
grid_010,0.1,0.8,-3.0,8.0,China,importer,high_exposure_constrained,high_exposure_constrained,True,81,81,1.0,medium,none,12,3,0.3043393783467947,0.0884241697188483,-21.59152086279463,-25.708617872944075,-13.923582288884273,-2.849721991484866,-0.1743030253582267,0.2095565409791185,0.2059264671134633,"{""constrained_offset_ratio_max"": 0.5, ""constrained_total_pct_max"": -3.0, ""high_exposure_pre_gulf_share_min"": 0.1, ""high_offset_ratio_min"": 0.8, ""min_post_months"": 3, ""min_pre_months"": 12, ""stable_gulf_share_abs_pp_max"": 8.0, ""stable_total_abs_pct_max"": 8.0}",descriptive_coverage_ok,strict origin-split national customs; weight basis
grid_011,0.1,0.8,-3.0,10.0,China,importer,high_exposure_constrained,high_exposure_constrained,True,81,81,1.0,medium,none,12,3,0.3043393783467947,0.0884241697188483,-21.59152086279463,-25.708617872944075,-13.923582288884273,-2.849721991484866,-0.1743030253582267,0.2095565409791185,0.2059264671134633,"{""constrained_offset_ratio_max"": 0.5, ""constrained_total_pct_max"": -3.0, ""high_exposure_pre_gulf_share_min"": 0.1, ""high_offset_ratio_min"": 0.8, ""min_post_months"": 3, ""min_pre_months"": 12, ""stable_gulf_share_abs_pp_max"": 10.0, ""stable_total_abs_pct_max"": 10.0}",descriptive_coverage_ok,strict origin-split national customs; weight basis
grid_012,0.1,0.8,-3.0,12.0,China,importer,high_exposure_constrained,high_exposure_constrained,True,81,81,1.0,medium,none,12,3,0.3043393783467947,0.0884241697188483,-21.59152086279463,-25.708617872944075,-13.923582288884273,-2.849721991484866,-0.1743030253582267,0.2095565409791185,0.2059264671134633,"{""constrained_offset_ratio_max"": 0.5, ""constrained_total_pct_max"": -3.0, ""high_exposure_pre_gulf_share_min"": 0.1, ""high_offset_ratio_min"": 0.8, ""min_post_months"": 3, ""min_pre_months"": 12, ""stable_gulf_share_abs_pp_max"": 12.0, ""stable_total_abs_pct_max"": 12.0}",descriptive_coverage_ok,strict origin-split national customs; weight basis
grid_013,0.1,0.8,-5.0,8.0,China,importer,high_exposure_constrained,high_exposure_constrained,True,81,81,1.0,medium,none,12,3,0.3043393783467947,0.0884241697188483,-21.59152086279463,-25.708617872944075,-13.923582288884273,-2.849721991484866,-0.1743030253582267,0.2095565409791185,0.2059264671134633,"{""constrained_offset_ratio_max"": 0.5, ""constrained_total_pct_max"": -5.0, ""high_exposure_pre_gulf_share_min"": 0.1, ""high_offset_ratio_min"": 0.8, ""min_post_months"": 3, ""min_pre_months"": 12, ""stable_gulf_share_abs_pp_max"": 8.0, ""stable_total_abs_pct_max"": 8.0}",descriptive_coverage_ok,strict origin-split national customs; weight basis
grid_014,0.1,0.8,-5.0,10.0,China,importer,high_exposure_constrained,high_exposure_constrained,True,81,81,1.0,medium,none,12,3,0.3043393783467947,0.0884241697188483,-21.59152086279463,-25.708617872944075,-13.923582288884273,-2.849721991484866,-0.1743030253582267,0.2095565409791185,0.2059264671134633,"{""constrained_offset_ratio_max"": 0.5, ""constrained_total_pct_max"": -5.0, ""high_exposure_pre_gulf_share_min"": 0.1, ""high_offset_ratio_min"": 0.8, ""min_post_months"": 3, ""min_pre_months"": 12, ""stable_gulf_share_abs_pp_max"": 10.0, ""stable_total_abs_pct_max"": 10.0}",descriptive_coverage_ok,strict origin-split national customs; weight basis
grid_015,0.1,0.8,-5.0,12.0,China,importer,high_exposure_constrained,high_exposure_constrained,True,81,81,1.0,medium,none,12,3,0.3043393783467947,0.0884241697188483,-21.59152086279463,-25.708617872944075,-13.923582288884273,-2.849721991484866,-0.1743030253582267,0.2095565409791185,0.2059264671134633,"{""constrained_offset_ratio_max"": 0.5, ""constrained_total_pct_max"": -5.0, ""high_exposure_pre_gulf_share_min"": 0.1, ""high_offset_ratio_min"": 0.8, ""min_post_months"": 3, ""min_pre_months"": 12, ""stable_gulf_share_abs_pp_max"": 12.0, ""stable_total_abs_pct_max"": 12.0}",descriptive_coverage_ok,strict origin-split national customs; weight basis
grid_016,0.1,0.8,-10.0,8.0,China,importer,high_exposure_constrained,high_exposure_constrained,True,81,81,1.0,medium,none,12,3,0.3043393783467947,0.0884241697188483,-21.59152086279463,-25.708617872944075,-13.923582288884273,-2.849721991484866,-0.1743030253582267,0.2095565409791185,0.2059264671134633,"{""constrained_offset_ratio_max"": 0.5, ""constrained_total_pct_max"": -10.0, ""high_exposure_pre_gulf_share_min"": 0.1, ""high_offset_ratio_min"": 0.8, ""min_post_months"": 3, ""min_pre_months"": 12, ""stable_gulf_share_abs_pp_max"": 8.0, ""stable_total_abs_pct_max"": 8.0}",descriptive_coverage_ok,strict origin-split national customs; weight basis
grid_017,0.1,0.8,-10.0,10.0,China,importer,high_exposure_constrained,high_exposure_constrained,True,81,81,1.0,medium,none,12,3,0.3043393783467947,0.0884241697188483,-21.59152086279463,-25.708617872944075,-13.923582288884273,-2.849721991484866,-0.1743030253582267,0.2095565409791185,0.2059264671134633,"{""constrained_offset_ratio_max"": 0.5, ""constrained_total_pct_max"": -10.0, ""high_exposure_pre_gulf_share_min"": 0.1, ""high_offset_ratio_min"": 0.8, ""min_post_months"": 3, ""min_pre_months"": 12, ""stable_gulf_share_abs_pp_max"": 10.0, ""stable_total_abs_pct_max"": 10.0}",descriptive_coverage_ok,strict origin-split national customs; weight basis
grid_018,0.1,0.8,-10.0,12.0,China,importer,high_exposure_constrained,high_exposure_constrained,True,81,81,1.0,medium,none,12,3,0.3043393783467947,0.0884241697188483,-21.59152086279463,-25.708617872944075,-13.923582288884273,-2.849721991484866,-0.1743030253582267,0.2095565409791185,0.2059264671134633,"{""constrained_offset_ratio_max"": 0.5, ""constrained_total_pct_max"": -10.0, ""high_exposure_pre_gulf_share_min"": 0.1, ""high_offset_ratio_min"": 0.8, ""min_post_months"": 3, ""min_pre_months"": 12, ""stable_gulf_share_abs_pp_max"": 12.0, ""stable_total_abs_pct_max"": 12.0}",descriptive_coverage_ok,strict origin-split national customs; weight basis
grid_019,0.1,0.9,-3.0,8.0,China,importer,high_exposure_constrained,high_exposure_constrained,True,81,81,1.0,medium,none,12,3,0.3043393783467947,0.0884241697188483,-21.59152086279463,-25.708617872944075,-13.923582288884273,-2.849721991484866,-0.1743030253582267,0.2095565409791185,0.2059264671134633,"{""constrained_offset_ratio_max"": 0.5, ""constrained_total_pct_max"": -3.0, ""high_exposure_pre_gulf_share_min"": 0.1, ""high_offset_ratio_min"": 0.9, ""min_post_months"": 3, ""min_pre_months"": 12, ""stable_gulf_share_abs_pp_max"": 8.0, ""stable_total_abs_pct_max"": 8.0}",descriptive_coverage_ok,strict origin-split national customs; weight basis
grid_020,0.1,0.9,-3.0,10.0,China,importer,high_exposure_constrained,high_exposure_constrained,True,81,81,1.0,medium,none,12,3,0.3043393783467947,0.0884241697188483,-21.59152086279463,-25.708617872944075,-13.923582288884273,-2.849721991484866,-0.1743030253582267,0.2095565409791185,0.2059264671134633,"{""constrained_offset_ratio_max"": 0.5, ""constrained_total_pct_max"": -3.0, ""high_exposure_pre_gulf_share_min"": 0.1, ""high_offset_ratio_min"": 0.9, ""min_post_months"": 3, ""min_pre_months"": 12, ""stable_gulf_share_abs_pp_max"": 10.0, ""stable_total_abs_pct_max"": 10.0}",descriptive_coverage_ok,strict origin-split national customs; weight basis
grid_021,0.1,0.9,-3.0,12.0,China,importer,high_exposure_constrained,high_exposure_constrained,True,81,81,1.0,medium,none,12,3,0.3043393783467947,0.0884241697188483,-21.59152086279463,-25.708617872944075,-13.923582288884273,-2.849721991484866,-0.1743030253582267,0.2095565409791185,0.2059264671134633,"{""constrained_offset_ratio_max"": 0.5, ""constrained_total_pct_max"": -3.0, ""high_exposure_pre_gulf_share_min"": 0.1, ""high_offset_ratio_min"": 0.9, ""min_post_months"": 3, ""min_pre_months"": 12, ""stable_gulf_share_abs_pp_max"": 12.0, ""stable_total_abs_pct_max"": 12.0}",descriptive_coverage_ok,strict origin-split national customs; weight basis
grid_022,0.1,0.9,-5.0,8.0,China,importer,high_exposure_constrained,high_exposure_constrained,True,81,81,1.0,medium,none,12,3,0.3043393783467947,0.0884241697188483,-21.59152086279463,-25.708617872944075,-13.923582288884273,-2.849721991484866,-0.1743030253582267,0.2095565409791185,0.2059264671134633,"{""constrained_offset_ratio_max"": 0.5, ""constrained_total_pct_max"": -5.0, ""high_exposure_pre_gulf_share_min"": 0.1, ""high_offset_ratio_min"": 0.9, ""min_post_months"": 3, ""min_pre_months"": 12, ""stable_gulf_share_abs_pp_max"": 8.0, ""stable_total_abs_pct_max"": 8.0}",descriptive_coverage_ok,strict origin-split national customs; weight basis
grid_023,0.1,0.9,-5.0,10.0,China,importer,high_exposure_constrained,high_exposure_constrained,True,81,81,1.0,medium,none,12,3,0.3043393783467947,0.0884241697188483,-21.59152086279463,-25.708617872944075,-13.923582288884273,-2.849721991484866,-0.1743030253582267,0.2095565409791185,0.2059264671134633,"{""constrained_offset_ratio_max"": 0.5, ""constrained_total_pct_max"": -5.0, ""high_exposure_pre_gulf_share_min"": 0.1, ""high_offset_ratio_min"": 0.9, ""min_post_months"": 3, ""min_pre_months"": 12, ""stable_gulf_share_abs_pp_max"": 10.0, ""stable_total_abs_pct_max"": 10.0}",descriptive_coverage_ok,strict origin-split national customs; weight basis
grid_024,0.1,0.9,-5.0,12.0,China,importer,high_exposure_constrained,high_exposure_constrained,True,81,81,1.0,medium,none,12,3,0.3043393783467947,0.0884241697188483,-21.59152086279463,-25.708617872944075,-13.923582288884273,-2.849721991484866,-0.1743030253582267,0.2095565409791185,0.2059264671134633,"{""constrained_offset_ratio_max"": 0.5, ""constrained_total_pct_max"": -5.0, ""high_exposure_pre_gulf_share_min"": 0.1, ""high_offset_ratio_min"": 0.9, ""min_post_months"": 3, ""min_pre_months"": 12, ""stable_gulf_share_abs_pp_max"": 12.0, ""stable_total_abs_pct_max"": 12.0}",descriptive_coverage_ok,strict origin-split national customs; weight basis
grid_025,0.1,0.9,-10.0,8.0,China,importer,high_exposure_constrained,high_exposure_constrained,True,81,81,1.0,medium,none,12,3,0.3043393783467947,0.0884241697188483,-21.59152086279463,-25.708617872944075,-13.923582288884273,-2.849721991484866,-0.1743030253582267,0.2095565409791185,0.2059264671134633,"{""constrained_offset_ratio_max"": 0.5, ""constrained_total_pct_max"": -10.0, ""high_exposure_pre_gulf_share_min"": 0.1, ""high_offset_ratio_min"": 0.9, ""min_post_months"": 3, ""min_pre_months"": 12, ""stable_gulf_share_abs_pp_max"": 8.0, ""stable_total_abs_pct_max"": 8.0}",descriptive_coverage_ok,strict origin-split national customs; weight basis
grid_026,0.1,0.9,-10.0,10.0,China,importer,high_exposure_constrained,high_exposure_constrained,True,81,81,1.0,medium,none,12,3,0.3043393783467947,0.0884241697188483,-21.59152086279463,-25.708617872944075,-13.923582288884273,-2.849721991484866,-0.1743030253582267,0.2095565409791185,0.2059264671134633,"{""constrained_offset_ratio_max"": 0.5, ""constrained_total_pct_max"": -10.0, ""high_exposure_pre_gulf_share_min"": 0.1, ""high_offset_ratio_min"": 0.9, ""min_post_months"": 3, ""min_pre_months"": 12, ""stable_gulf_share_abs_pp_max"": 10.0, ""stable_total_abs_pct_max"": 10.0}",descriptive_coverage_ok,strict origin-split national customs; weight basis
grid_027,0.1,0.9,-10.0,12.0,China,importer,high_exposure_constrained,high_exposure_constrained,True,81,81,1.0,medium,none,12,3,0.3043393783467947,0.0884241697188483,-21.59152086279463,-25.708617872944075,-13.923582288884273,-2.849721991484866,-0.1743030253582267,0.2095565409791185,0.2059264671134633,"{""constrained_offset_ratio_max"": 0.5, ""constrained_total_pct_max"": -10.0, ""high_exposure_pre_gulf_share_min"": 0.1, ""high_offset_ratio_min"": 0.9, ""min_post_months"": 3, ""min_pre_months"": 12, ""stable_gulf_share_abs_pp_max"": 12.0, ""stable_total_abs_pct_max"": 12.0}",descriptive_coverage_ok,strict origin-split national customs; weight basis
grid_028,0.15,0.7,-3.0,8.0,China,importer,high_exposure_constrained,high_exposure_constrained,True,81,81,1.0,medium,none,12,3,0.3043393783467947,0.0884241697188483,-21.59152086279463,-25.708617872944075,-13.923582288884273,-2.849721991484866,-0.1743030253582267,0.2095565409791185,0.2059264671134633,"{""constrained_offset_ratio_max"": 0.5, ""constrained_total_pct_max"": -3.0, ""high_exposure_pre_gulf_share_min"": 0.15, ""high_offset_ratio_min"": 0.7, ""min_post_months"": 3, ""min_pre_months"": 12, ""stable_gulf_share_abs_pp_max"": 8.0, ""stable_total_abs_pct_max"": 8.0}",descriptive_coverage_ok,strict origin-split national customs; weight basis
grid_029,0.15,0.7,-3.0,10.0,China,importer,high_exposure_constrained,high_exposure_constrained,True,81,81,1.0,medium,none,12,3,0.3043393783467947,0.0884241697188483,-21.59152086279463,-25.708617872944075,-13.923582288884273,-2.849721991484866,-0.1743030253582267,0.2095565409791185,0.2059264671134633,"{""constrained_offset_ratio_max"": 0.5, ""constrained_total_pct_max"": -3.0, ""high_exposure_pre_gulf_share_min"": 0.15, ""high_offset_ratio_min"": 0.7, ""min_post_months"": 3, ""min_pre_months"": 12, ""stable_gulf_share_abs_pp_max"": 10.0, ""stable_total_abs_pct_max"": 10.0}",descriptive_coverage_ok,strict origin-split national customs; weight basis
grid_030,0.15,0.7,-3.0,12.0,China,importer,high_exposure_constrained,high_exposure_constrained,True,81,81,1.0,medium,none,12,3,0.3043393783467947,0.0884241697188483,-21.59152086279463,-25.708617872944075,-13.923582288884273,-2.849721991484866,-0.1743030253582267,0.2095565409791185,0.2059264671134633,"{""constrained_offset_ratio_max"": 0.5, ""constrained_total_pct_max"": -3.0, ""high_exposure_pre_gulf_share_min"": 0.15, ""high_offset_ratio_min"": 0.7, ""min_post_months"": 3, ""min_pre_months"": 12, ""stable_gulf_share_abs_pp_max"": 12.0, ""stable_total_abs_pct_max"": 12.0}",descriptive_coverage_ok,strict origin-split national customs; weight basis
grid_031,0.15,0.7,-5.0,8.0,China,importer,high_exposure_constrained,high_exposure_constrained,True,81,81,1.0,medium,none,12,3,0.3043393783467947,0.0884241697188483,-21.59152086279463,-25.708617872944075,-13.923582288884273,-2.849721991484866,-0.1743030253582267,0.2095565409791185,0.2059264671134633,"{""constrained_offset_ratio_max"": 0.5, ""constrained_total_pct_max"": -5.0, ""high_exposure_pre_gulf_share_min"": 0.15, ""high_offset_ratio_min"": 0.7, ""min_post_months"": 3, ""min_pre_months"": 12, ""stable_gulf_share_abs_pp_max"": 8.0, ""stable_total_abs_pct_max"": 8.0}",descriptive_coverage_ok,strict origin-split national customs; weight basis
grid_032,0.15,0.7,-5.0,10.0,China,importer,high_exposure_constrained,high_exposure_constrained,True,81,81,1.0,medium,none,12,3,0.3043393783467947,0.0884241697188483,-21.59152086279463,-25.708617872944075,-13.923582288884273,-2.849721991484866,-0.1743030253582267,0.2095565409791185,0.2059264671134633,"{""constrained_offset_ratio_max"": 0.5, ""constrained_total_pct_max"": -5.0, ""high_exposure_pre_gulf_share_min"": 0.15, ""high_offset_ratio_min"": 0.7, ""min_post_months"": 3, ""min_pre_months"": 12, ""stable_gulf_share_abs_pp_max"": 10.0, ""stable_total_abs_pct_max"": 10.0}",descriptive_coverage_ok,strict origin-split national customs; weight basis
grid_033,0.15,0.7,-5.0,12.0,China,importer,high_exposure_constrained,high_exposure_constrained,True,81,81,1.0,medium,none,12,3,0.3043393783467947,0.0884241697188483,-21.59152086279463,-25.708617872944075,-13.923582288884273,-2.849721991484866,-0.1743030253582267,0.2095565409791185,0.2059264671134633,"{""constrained_offset_ratio_max"": 0.5, ""constrained_total_pct_max"": -5.0, ""high_exposure_pre_gulf_share_min"": 0.15, ""high_offset_ratio_min"": 0.7, ""min_post_months"": 3, ""min_pre_months"": 12, ""stable_gulf_share_abs_pp_max"": 12.0, ""stable_total_abs_pct_max"": 12.0}",descriptive_coverage_ok,strict origin-split national customs; weight basis
grid_034,0.15,0.7,-10.0,8.0,China,importer,high_exposure_constrained,high_exposure_constrained,True,81,81,1.0,medium,none,12,3,0.3043393783467947,0.0884241697188483,-21.59152086279463,-25.708617872944075,-13.923582288884273,-2.849721991484866,-0.1743030253582267,0.2095565409791185,0.2059264671134633,"{""constrained_offset_ratio_max"": 0.5, ""constrained_total_pct_max"": -10.0, ""high_exposure_pre_gulf_share_min"": 0.15, ""high_offset_ratio_min"": 0.7, ""min_post_months"": 3, ""min_pre_months"": 12, ""stable_gulf_share_abs_pp_max"": 8.0, ""stable_total_abs_pct_max"": 8.0}",descriptive_coverage_ok,strict origin-split national customs; weight basis
grid_035,0.15,0.7,-10.0,10.0,China,importer,high_exposure_constrained,high_exposure_constrained,True,81,81,1.0,medium,none,12,3,0.3043393783467947,0.0884241697188483,-21.59152086279463,-25.708617872944075,-13.923582288884273,-2.849721991484866,-0.1743030253582267,0.2095565409791185,0.2059264671134633,"{""constrained_offset_ratio_max"": 0.5, ""constrained_total_pct_max"": -10.0, ""high_exposure_pre_gulf_share_min"": 0.15, ""high_offset_ratio_min"": 0.7, ""min_post_months"": 3, ""min_pre_months"": 12, ""stable_gulf_share_abs_pp_max"": 10.0, ""stable_total_abs_pct_max"": 10.0}",descriptive_coverage_ok,strict origin-split national customs; weight basis
grid_036,0.15,0.7,-10.0,12.0,China,importer,high_exposure_constrained,high_exposure_constrained,True,81,81,1.0,medium,none,12,3,0.3043393783467947,0.0884241697188483,-21.59152086279463,-25.708617872944075,-13.923582288884273,-2.849721991484866,-0.1743030253582267,0.2095565409791185,0.2059264671134633,"{""constrained_offset_ratio_max"": 0.5, ""constrained_total_pct_max"": -10.0, ""high_exposure_pre_gulf_share_min"": 0.15, ""high_offset_ratio_min"": 0.7, ""min_post_months"": 3, ""min_pre_months"": 12, ""stable_gulf_share_abs_pp_max"": 12.0, ""stable_total_abs_pct_max"": 12.0}",descriptive_coverage_ok,strict origin-split national customs; weight basis
grid_037,0.15,0.8,-3.0,8.0,China,importer,high_exposure_constrained,high_exposure_constrained,True,81,81,1.0,medium,none,12,3,0.3043393783467947,0.0884241697188483,-21.59152086279463,-25.708617872944075,-13.923582288884273,-2.849721991484866,-0.1743030253582267,0.2095565409791185,0.2059264671134633,"{""constrained_offset_ratio_max"": 0.5, ""constrained_total_pct_max"": -3.0, ""high_exposure_pre_gulf_share_min"": 0.15, ""high_offset_ratio_min"": 0.8, ""min_post_months"": 3, ""min_pre_months"": 12, ""stable_gulf_share_abs_pp_max"": 8.0, ""stable_total_abs_pct_max"": 8.0}",descriptive_coverage_ok,strict origin-split national customs; weight basis
grid_038,0.15,0.8,-3.0,10.0,China,importer,high_exposure_constrained,high_exposure_constrained,True,81,81,1.0,medium,none,12,3,0.3043393783467947,0.0884241697188483,-21.59152086279463,-25.708617872944075,-13.923582288884273,-2.849721991484866,-0.1743030253582267,0.2095565409791185,0.2059264671134633,"{""constrained_offset_ratio_max"": 0.5, ""constrained_total_pct_max"": -3.0, ""high_exposure_pre_gulf_share_min"": 0.15, ""high_offset_ratio_min"": 0.8, ""min_post_months"": 3, ""min_pre_months"": 12, ""stable_gulf_share_abs_pp_max"": 10.0, ""stable_total_abs_pct_max"": 10.0}",descriptive_coverage_ok,strict origin-split national customs; weight basis
grid_039,0.15,0.8,-3.0,12.0,China,importer,high_exposure_constrained,high_exposure_constrained,True,81,81,1.0,medium,none,12,3,0.3043393783467947,0.0884241697188483,-21.59152086279463,-25.708617872944075,-13.923582288884273,-2.849721991484866,-0.1743030253582267,0.2095565409791185,0.2059264671134633,"{""constrained_offset_ratio_max"": 0.5, ""constrained_total_pct_max"": -3.0, ""high_exposure_pre_gulf_share_min"": 0.15, ""high_offset_ratio_min"": 0.8, ""min_post_months"": 3, ""min_pre_months"": 12, ""stable_gulf_share_abs_pp_max"": 12.0, ""stable_total_abs_pct_max"": 12.0}",descriptive_coverage_ok,strict origin-split national customs; weight basis
grid_040,0.15,0.8,-5.0,8.0,China,importer,high_exposure_constrained,high_exposure_constrained,True,81,81,1.0,medium,none,12,3,0.3043393783467947,0.0884241697188483,-21.59152086279463,-25.708617872944075,-13.923582288884273,-2.849721991484866,-0.1743030253582267,0.2095565409791185,0.2059264671134633,"{""constrained_offset_ratio_max"": 0.5, ""constrained_total_pct_max"": -5.0, ""high_exposure_pre_gulf_share_min"": 0.15, ""high_offset_ratio_min"": 0.8, ""min_post_months"": 3, ""min_pre_months"": 12, ""stable_gulf_share_abs_pp_max"": 8.0, ""stable_total_abs_pct_max"": 8.0}",descriptive_coverage_ok,strict origin-split national customs; weight basis
grid_041,0.15,0.8,-5.0,10.0,China,importer,high_exposure_constrained,high_exposure_constrained,True,81,81,1.0,medium,none,12,3,0.3043393783467947,0.0884241697188483,-21.59152086279463,-25.708617872944075,-13.923582288884273,-2.849721991484866,-0.1743030253582267,0.2095565409791185,0.2059264671134633,"{""constrained_offset_ratio_max"": 0.5, ""constrained_total_pct_max"": -5.0, ""high_exposure_pre_gulf_share_min"": 0.15, ""high_offset_ratio_min"": 0.8, ""min_post_months"": 3, ""min_pre_months"": 12, ""stable_gulf_share_abs_pp_max"": 10.0, ""stable_total_abs_pct_max"": 10.0}",descriptive_coverage_ok,strict origin-split national customs; weight basis
grid_042,0.15,0.8,-5.0,12.0,China,importer,high_exposure_constrained,high_exposure_constrained,True,81,81,1.0,medium,none,12,3,0.3043393783467947,0.0884241697188483,-21.59152086279463,-25.708617872944075,-13.923582288884273,-2.849721991484866,-0.1743030253582267,0.2095565409791185,0.2059264671134633,"{""constrained_offset_ratio_max"": 0.5, ""constrained_total_pct_max"": -5.0, ""high_exposure_pre_gulf_share_min"": 0.15, ""high_offset_ratio_min"": 0.8, ""min_post_months"": 3, ""min_pre_months"": 12, ""stable_gulf_share_abs_pp_max"": 12.0, ""stable_total_abs_pct_max"": 12.0}",descriptive_coverage_ok,strict origin-split national customs; weight basis
grid_043,0.15,0.8,-10.0,8.0,China,importer,high_exposure_constrained,high_exposure_constrained,True,81,81,1.0,medium,none,12,3,0.3043393783467947,0.0884241697188483,-21.59152086279463,-25.708617872944075,-13.923582288884273,-2.849721991484866,-0.1743030253582267,0.2095565409791185,0.2059264671134633,"{""constrained_offset_ratio_max"": 0.5, ""constrained_total_pct_max"": -10.0, ""high_exposure_pre_gulf_share_min"": 0.15, ""high_offset_ratio_min"": 0.8, ""min_post_months"": 3, ""min_pre_months"": 12, ""stable_gulf_share_abs_pp_max"": 8.0, ""stable_total_abs_pct_max"": 8.0}",descriptive_coverage_ok,strict origin-split national customs; weight basis
grid_044,0.15,0.8,-10.0,10.0,China,importer,high_exposure_constrained,high_exposure_constrained,True,81,81,1.0,medium,none,12,3,0.3043393783467947,0.0884241697188483,-21.59152086279463,-25.708617872944075,-13.923582288884273,-2.849721991484866,-0.1743030253582267,0.2095565409791185,0.2059264671134633,"{""constrained_offset_ratio_max"": 0.5, ""constrained_total_pct_max"": -10.0, ""high_exposure_pre_gulf_share_min"": 0.15, ""high_offset_ratio_min"": 0.8, ""min_post_months"": 3, ""min_pre_months"": 12, ""stable_gulf_share_abs_pp_max"": 10.0, ""stable_total_abs_pct_max"": 10.0}",descriptive_coverage_ok,strict origin-split national customs; weight basis
grid_045,0.15,0.8,-10.0,12.0,China,importer,high_exposure_constrained,high_exposure_constrained,True,81,81,1.0,medium,none,12,3,0.3043393783467947,0.0884241697188483,-21.59152086279463,-25.708617872944075,-13.923582288884273,-2.849721991484866,-0.1743030253582267,0.2095565409791185,0.2059264671134633,"{""constrained_offset_ratio_max"": 0.5, ""constrained_total_pct_max"": -10.0, ""high_exposure_pre_gulf_share_min"": 0.15, ""high_offset_ratio_min"": 0.8, ""min_post_months"": 3, ""min_pre_months"": 12, ""stable_gulf_share_abs_pp_max"": 12.0, ""stable_total_abs_pct_max"": 12.0}",descriptive_coverage_ok,strict origin-split national customs; weight basis
grid_046,0.15,0.9,-3.0,8.0,China,importer,high_exposure_constrained,high_exposure_constrained,True,81,81,1.0,medium,none,12,3,0.3043393783467947,0.0884241697188483,-21.59152086279463,-25.708617872944075,-13.923582288884273,-2.849721991484866,-0.1743030253582267,0.2095565409791185,0.2059264671134633,"{""constrained_offset_ratio_max"": 0.5, ""constrained_total_pct_max"": -3.0, ""high_exposure_pre_gulf_share_min"": 0.15, ""high_offset_ratio_min"": 0.9, ""min_post_months"": 3, ""min_pre_months"": 12, ""stable_gulf_share_abs_pp_max"": 8.0, ""stable_total_abs_pct_max"": 8.0}",descriptive_coverage_ok,strict origin-split national customs; weight basis
grid_047,0.15,0.9,-3.0,10.0,China,importer,high_exposure_constrained,high_exposure_constrained,True,81,81,1.0,medium,none,12,3,0.3043393783467947,0.0884241697188483,-21.59152086279463,-25.708617872944075,-13.923582288884273,-2.849721991484866,-0.1743030253582267,0.2095565409791185,0.2059264671134633,"{""constrained_offset_ratio_max"": 0.5, ""constrained_total_pct_max"": -3.0, ""high_exposure_pre_gulf_share_min"": 0.15, ""high_offset_ratio_min"": 0.9, ""min_post_months"": 3, ""min_pre_months"": 12, ""stable_gulf_share_abs_pp_max"": 10.0, ""stable_total_abs_pct_max"": 10.0}",descriptive_coverage_ok,strict origin-split national customs; weight basis
grid_048,0.15,0.9,-3.0,12.0,China,importer,high_exposure_constrained,high_exposure_constrained,True,81,81,1.0,medium,none,12,3,0.3043393783467947,0.0884241697188483,-21.59152086279463,-25.708617872944075,-13.923582288884273,-2.849721991484866,-0.1743030253582267,0.2095565409791185,0.2059264671134633,"{""constrained_offset_ratio_max"": 0.5, ""constrained_total_pct_max"": -3.0, ""high_exposure_pre_gulf_share_min"": 0.15, ""high_offset_ratio_min"": 0.9, ""min_post_months"": 3, ""min_pre_months"": 12, ""stable_gulf_share_abs_pp_max"": 12.0, ""stable_total_abs_pct_max"": 12.0}",descriptive_coverage_ok,strict origin-split national customs; weight basis
grid_049,0.15,0.9,-5.0,8.0,China,importer,high_exposure_constrained,high_exposure_constrained,True,81,81,1.0,medium,none,12,3,0.3043393783467947,0.0884241697188483,-21.59152086279463,-25.708617872944075,-13.923582288884273,-2.849721991484866,-0.1743030253582267,0.2095565409791185,0.2059264671134633,"{""constrained_offset_ratio_max"": 0.5, ""constrained_total_pct_max"": -5.0, ""high_exposure_pre_gulf_share_min"": 0.15, ""high_offset_ratio_min"": 0.9, ""min_post_months"": 3, ""min_pre_months"": 12, ""stable_gulf_share_abs_pp_max"": 8.0, ""stable_total_abs_pct_max"": 8.0}",descriptive_coverage_ok,strict origin-split national customs; weight basis
grid_050,0.15,0.9,-5.0,10.0,China,importer,high_exposure_constrained,high_exposure_constrained,True,81,81,1.0,medium,none,12,3,0.3043393783467947,0.0884241697188483,-21.59152086279463,-25.708617872944075,-13.923582288884273,-2.849721991484866,-0.1743030253582267,0.2095565409791185,0.2059264671134633,"{""constrained_offset_ratio_max"": 0.5, ""constrained_total_pct_max"": -5.0, ""high_exposure_pre_gulf_share_min"": 0.15, ""high_offset_ratio_min"": 0.9, ""min_post_months"": 3, ""min_pre_months"": 12, ""stable_gulf_share_abs_pp_max"": 10.0, ""stable_total_abs_pct_max"": 10.0}",descriptive_coverage_ok,strict origin-split national customs; weight basis
grid_051,0.15,0.9,-5.0,12.0,China,importer,high_exposure_constrained,high_exposure_constrained,True,81,81,1.0,medium,none,12,3,0.3043393783467947,0.0884241697188483,-21.59152086279463,-25.708617872944075,-13.923582288884273,-2.849721991484866,-0.1743030253582267,0.2095565409791185,0.2059264671134633,"{""constrained_offset_ratio_max"": 0.5, ""constrained_total_pct_max"": -5.0, ""high_exposure_pre_gulf_share_min"": 0.15, ""high_offset_ratio_min"": 0.9, ""min_post_months"": 3, ""min_pre_months"": 12, ""stable_gulf_share_abs_pp_max"": 12.0, ""stable_total_abs_pct_max"": 12.0}",descriptive_coverage_ok,strict origin-split national customs; weight basis
grid_052,0.15,0.9,-10.0,8.0,China,importer,high_exposure_constrained,high_exposure_constrained,True,81,81,1.0,medium,none,12,3,0.3043393783467947,0.0884241697188483,-21.59152086279463,-25.708617872944075,-13.923582288884273,-2.849721991484866,-0.1743030253582267,0.2095565409791185,0.2059264671134633,"{""constrained_offset_ratio_max"": 0.5, ""constrained_total_pct_max"": -10.0, ""high_exposure_pre_gulf_share_min"": 0.15, ""high_offset_ratio_min"": 0.9, ""min_post_months"": 3, ""min_pre_months"": 12, ""stable_gulf_share_abs_pp_max"": 8.0, ""stable_total_abs_pct_max"": 8.0}",descriptive_coverage_ok,strict origin-split national customs; weight basis
grid_053,0.15,0.9,-10.0,10.0,China,importer,high_exposure_constrained,high_exposure_constrained,True,81,81,1.0,medium,none,12,3,0.3043393783467947,0.0884241697188483,-21.59152086279463,-25.708617872944075,-13.923582288884273,-2.849721991484866,-0.1743030253582267,0.2095565409791185,0.2059264671134633,"{""constrained_offset_ratio_max"": 0.5, ""constrained_total_pct_max"": -10.0, ""high_exposure_pre_gulf_share_min"": 0.15, ""high_offset_ratio_min"": 0.9, ""min_post_months"": 3, ""min_pre_months"": 12, ""stable_gulf_share_abs_pp_max"": 10.0, ""stable_total_abs_pct_max"": 10.0}",descriptive_coverage_ok,strict origin-split national customs; weight basis
grid_054,0.15,0.9,-10.0,12.0,China,importer,high_exposure_constrained,high_exposure_constrained,True,81,81,1.0,medium,none,12,3,0.3043393783467947,0.0884241697188483,-21.59152086279463,-25.708617872944075,-13.923582288884273,-2.849721991484866,-0.1743030253582267,0.2095565409791185,0.2059264671134633,"{""constrained_offset_ratio_max"": 0.5, ""constrained_total_pct_max"": -10.0, ""high_exposure_pre_gulf_share_min"": 0.15, ""high_offset_ratio_min"": 0.9, ""min_post_months"": 3, ""min_pre_months"": 12, ""stable_gulf_share_abs_pp_max"": 12.0, ""stable_total_abs_pct_max"": 12.0}",descriptive_coverage_ok,strict origin-split national customs; weight basis
grid_055,0.2,0.7,-3.0,8.0,China,importer,high_exposure_constrained,high_exposure_constrained,True,81,81,1.0,medium,none,12,3,0.3043393783467947,0.0884241697188483,-21.59152086279463,-25.708617872944075,-13.923582288884273,-2.849721991484866,-0.1743030253582267,0.2095565409791185,0.2059264671134633,"{""constrained_offset_ratio_max"": 0.5, ""constrained_total_pct_max"": -3.0, ""high_exposure_pre_gulf_share_min"": 0.2, ""high_offset_ratio_min"": 0.7, ""min_post_months"": 3, ""min_pre_months"": 12, ""stable_gulf_share_abs_pp_max"": 8.0, ""stable_total_abs_pct_max"": 8.0}",descriptive_coverage_ok,strict origin-split national customs; weight basis
grid_056,0.2,0.7,-3.0,10.0,China,importer,high_exposure_constrained,high_exposure_constrained,True,81,81,1.0,medium,none,12,3,0.3043393783467947,0.0884241697188483,-21.59152086279463,-25.708617872944075,-13.923582288884273,-2.849721991484866,-0.1743030253582267,0.2095565409791185,0.2059264671134633,"{""constrained_offset_ratio_max"": 0.5, ""constrained_total_pct_max"": -3.0, ""high_exposure_pre_gulf_share_min"": 0.2, ""high_offset_ratio_min"": 0.7, ""min_post_months"": 3, ""min_pre_months"": 12, ""stable_gulf_share_abs_pp_max"": 10.0, ""stable_total_abs_pct_max"": 10.0}",descriptive_coverage_ok,strict origin-split national customs; weight basis
grid_057,0.2,0.7,-3.0,12.0,China,importer,high_exposure_constrained,high_exposure_constrained,True,81,81,1.0,medium,none,12,3,0.3043393783467947,0.0884241697188483,-21.59152086279463,-25.708617872944075,-13.923582288884273,-2.849721991484866,-0.1743030253582267,0.2095565409791185,0.2059264671134633,"{""constrained_offset_ratio_max"": 0.5, ""constrained_total_pct_max"": -3.0, ""high_exposure_pre_gulf_share_min"": 0.2, ""high_offset_ratio_min"": 0.7, ""min_post_months"": 3, ""min_pre_months"": 12, ""stable_gulf_share_abs_pp_max"": 12.0, ""stable_total_abs_pct_max"": 12.0}",descriptive_coverage_ok,strict origin-split national customs; weight basis
grid_058,0.2,0.7,-5.0,8.0,China,importer,high_exposure_constrained,high_exposure_constrained,True,81,81,1.0,medium,none,12,3,0.3043393783467947,0.0884241697188483,-21.59152086279463,-25.708617872944075,-13.923582288884273,-2.849721991484866,-0.1743030253582267,0.2095565409791185,0.2059264671134633,"{""constrained_offset_ratio_max"": 0.5, ""constrained_total_pct_max"": -5.0, ""high_exposure_pre_gulf_share_min"": 0.2, ""high_offset_ratio_min"": 0.7, ""min_post_months"": 3, ""min_pre_months"": 12, ""stable_gulf_share_abs_pp_max"": 8.0, ""stable_total_abs_pct_max"": 8.0}",descriptive_coverage_ok,strict origin-split national customs; weight basis
grid_059,0.2,0.7,-5.0,10.0,China,importer,high_exposure_constrained,high_exposure_constrained,True,81,81,1.0,medium,none,12,3,0.3043393783467947,0.0884241697188483,-21.59152086279463,-25.708617872944075,-13.923582288884273,-2.849721991484866,-0.1743030253582267,0.2095565409791185,0.2059264671134633,"{""constrained_offset_ratio_max"": 0.5, ""constrained_total_pct_max"": -5.0, ""high_exposure_pre_gulf_share_min"": 0.2, ""high_offset_ratio_min"": 0.7, ""min_post_months"": 3, ""min_pre_months"": 12, ""stable_gulf_share_abs_pp_max"": 10.0, ""stable_total_abs_pct_max"": 10.0}",descriptive_coverage_ok,strict origin-split national customs; weight basis
grid_060,0.2,0.7,-5.0,12.0,China,importer,high_exposure_constrained,high_exposure_constrained,True,81,81,1.0,medium,none,12,3,0.3043393783467947,0.0884241697188483,-21.59152086279463,-25.708617872944075,-13.923582288884273,-2.849721991484866,-0.1743030253582267,0.2095565409791185,0.2059264671134633,"{""constrained_offset_ratio_max"": 0.5, ""constrained_total_pct_max"": -5.0, ""high_exposure_pre_gulf_share_min"": 0.2, ""high_offset_ratio_min"": 0.7, ""min_post_months"": 3, ""min_pre_months"": 12, ""stable_gulf_share_abs_pp_max"": 12.0, ""stable_total_abs_pct_max"": 12.0}",descriptive_coverage_ok,strict origin-split national customs; weight basis
grid_061,0.2,0.7,-10.0,8.0,China,importer,high_exposure_constrained,high_exposure_constrained,True,81,81,1.0,medium,none,12,3,0.3043393783467947,0.0884241697188483,-21.59152086279463,-25.708617872944075,-13.923582288884273,-2.849721991484866,-0.1743030253582267,0.2095565409791185,0.2059264671134633,"{""constrained_offset_ratio_max"": 0.5, ""constrained_total_pct_max"": -10.0, ""high_exposure_pre_gulf_share_min"": 0.2, ""high_offset_ratio_min"": 0.7, ""min_post_months"": 3, ""min_pre_months"": 12, ""stable_gulf_share_abs_pp_max"": 8.0, ""stable_total_abs_pct_max"": 8.0}",descriptive_coverage_ok,strict origin-split national customs; weight basis
grid_062,0.2,0.7,-10.0,10.0,China,importer,high_exposure_constrained,high_exposure_constrained,True,81,81,1.0,medium,none,12,3,0.3043393783467947,0.0884241697188483,-21.59152086279463,-25.708617872944075,-13.923582288884273,-2.849721991484866,-0.1743030253582267,0.2095565409791185,0.2059264671134633,"{""constrained_offset_ratio_max"": 0.5, ""constrained_total_pct_max"": -10.0, ""high_exposure_pre_gulf_share_min"": 0.2, ""high_offset_ratio_min"": 0.7, ""min_post_months"": 3, ""min_pre_months"": 12, ""stable_gulf_share_abs_pp_max"": 10.0, ""stable_total_abs_pct_max"": 10.0}",descriptive_coverage_ok,strict origin-split national customs; weight basis
grid_063,0.2,0.7,-10.0,12.0,China,importer,high_exposure_constrained,high_exposure_constrained,True,81,81,1.0,medium,none,12,3,0.3043393783467947,0.0884241697188483,-21.59152086279463,-25.708617872944075,-13.923582288884273,-2.849721991484866,-0.1743030253582267,0.2095565409791185,0.2059264671134633,"{""constrained_offset_ratio_max"": 0.5, ""constrained_total_pct_max"": -10.0, ""high_exposure_pre_gulf_share_min"": 0.2, ""high_offset_ratio_min"": 0.7, ""min_post_months"": 3, ""min_pre_months"": 12, ""stable_gulf_share_abs_pp_max"": 12.0, ""stable_total_abs_pct_max"": 12.0}",descriptive_coverage_ok,strict origin-split national customs; weight basis
grid_064,0.2,0.8,-3.0,8.0,China,importer,high_exposure_constrained,high_exposure_constrained,True,81,81,1.0,medium,none,12,3,0.3043393783467947,0.0884241697188483,-21.59152086279463,-25.708617872944075,-13.923582288884273,-2.849721991484866,-0.1743030253582267,0.2095565409791185,0.2059264671134633,"{""constrained_offset_ratio_max"": 0.5, ""constrained_total_pct_max"": -3.0, ""high_exposure_pre_gulf_share_min"": 0.2, ""high_offset_ratio_min"": 0.8, ""min_post_months"": 3, ""min_pre_months"": 12, ""stable_gulf_share_abs_pp_max"": 8.0, ""stable_total_abs_pct_max"": 8.0}",descriptive_coverage_ok,strict origin-split national customs; weight basis
grid_065,0.2,0.8,-3.0,10.0,China,importer,high_exposure_constrained,high_exposure_constrained,True,81,81,1.0,medium,none,12,3,0.3043393783467947,0.0884241697188483,-21.59152086279463,-25.708617872944075,-13.923582288884273,-2.849721991484866,-0.1743030253582267,0.2095565409791185,0.2059264671134633,"{""constrained_offset_ratio_max"": 0.5, ""constrained_total_pct_max"": -3.0, ""high_exposure_pre_gulf_share_min"": 0.2, ""high_offset_ratio_min"": 0.8, ""min_post_months"": 3, ""min_pre_months"": 12, ""stable_gulf_share_abs_pp_max"": 10.0, ""stable_total_abs_pct_max"": 10.0}",descriptive_coverage_ok,strict origin-split national customs; weight basis
grid_066,0.2,0.8,-3.0,12.0,China,importer,high_exposure_constrained,high_exposure_constrained,True,81,81,1.0,medium,none,12,3,0.3043393783467947,0.0884241697188483,-21.59152086279463,-25.708617872944075,-13.923582288884273,-2.849721991484866,-0.1743030253582267,0.2095565409791185,0.2059264671134633,"{""constrained_offset_ratio_max"": 0.5, ""constrained_total_pct_max"": -3.0, ""high_exposure_pre_gulf_share_min"": 0.2, ""high_offset_ratio_min"": 0.8, ""min_post_months"": 3, ""min_pre_months"": 12, ""stable_gulf_share_abs_pp_max"": 12.0, ""stable_total_abs_pct_max"": 12.0}",descriptive_coverage_ok,strict origin-split national customs; weight basis
grid_067,0.2,0.8,-5.0,8.0,China,importer,high_exposure_constrained,high_exposure_constrained,True,81,81,1.0,medium,none,12,3,0.3043393783467947,0.0884241697188483,-21.59152086279463,-25.708617872944075,-13.923582288884273,-2.849721991484866,-0.1743030253582267,0.2095565409791185,0.2059264671134633,"{""constrained_offset_ratio_max"": 0.5, ""constrained_total_pct_max"": -5.0, ""high_exposure_pre_gulf_share_min"": 0.2, ""high_offset_ratio_min"": 0.8, ""min_post_months"": 3, ""min_pre_months"": 12, ""stable_gulf_share_abs_pp_max"": 8.0, ""stable_total_abs_pct_max"": 8.0}",descriptive_coverage_ok,strict origin-split national customs; weight basis
grid_068,0.2,0.8,-5.0,10.0,China,importer,high_exposure_constrained,high_exposure_constrained,True,81,81,1.0,medium,none,12,3,0.3043393783467947,0.0884241697188483,-21.59152086279463,-25.708617872944075,-13.923582288884273,-2.849721991484866,-0.1743030253582267,0.2095565409791185,0.2059264671134633,"{""constrained_offset_ratio_max"": 0.5, ""constrained_total_pct_max"": -5.0, ""high_exposure_pre_gulf_share_min"": 0.2, ""high_offset_ratio_min"": 0.8, ""min_post_months"": 3, ""min_pre_months"": 12, ""stable_gulf_share_abs_pp_max"": 10.0, ""stable_total_abs_pct_max"": 10.0}",descriptive_coverage_ok,strict origin-split national customs; weight basis
grid_069,0.2,0.8,-5.0,12.0,China,importer,high_exposure_constrained,high_exposure_constrained,True,81,81,1.0,medium,none,12,3,0.3043393783467947,0.0884241697188483,-21.59152086279463,-25.708617872944075,-13.923582288884273,-2.849721991484866,-0.1743030253582267,0.2095565409791185,0.2059264671134633,"{""constrained_offset_ratio_max"": 0.5, ""constrained_total_pct_max"": -5.0, ""high_exposure_pre_gulf_share_min"": 0.2, ""high_offset_ratio_min"": 0.8, ""min_post_months"": 3, ""min_pre_months"": 12, ""stable_gulf_share_abs_pp_max"": 12.0, ""stable_total_abs_pct_max"": 12.0}",descriptive_coverage_ok,strict origin-split national customs; weight basis
grid_070,0.2,0.8,-10.0,8.0,China,importer,high_exposure_constrained,high_exposure_constrained,True,81,81,1.0,medium,none,12,3,0.3043393783467947,0.0884241697188483,-21.59152086279463,-25.708617872944075,-13.923582288884273,-2.849721991484866,-0.1743030253582267,0.2095565409791185,0.2059264671134633,"{""constrained_offset_ratio_max"": 0.5, ""constrained_total_pct_max"": -10.0, ""high_exposure_pre_gulf_share_min"": 0.2, ""high_offset_ratio_min"": 0.8, ""min_post_months"": 3, ""min_pre_months"": 12, ""stable_gulf_share_abs_pp_max"": 8.0, ""stable_total_abs_pct_max"": 8.0}",descriptive_coverage_ok,strict origin-split national customs; weight basis
grid_071,0.2,0.8,-10.0,10.0,China,importer,high_exposure_constrained,high_exposure_constrained,True,81,81,1.0,medium,none,12,3,0.3043393783467947,0.0884241697188483,-21.59152086279463,-25.708617872944075,-13.923582288884273,-2.849721991484866,-0.1743030253582267,0.2095565409791185,0.2059264671134633,"{""constrained_offset_ratio_max"": 0.5, ""constrained_total_pct_max"": -10.0, ""high_exposure_pre_gulf_share_min"": 0.2, ""high_offset_ratio_min"": 0.8, ""min_post_months"": 3, ""min_pre_months"": 12, ""stable_gulf_share_abs_pp_max"": 10.0, ""stable_total_abs_pct_max"": 10.0}",descriptive_coverage_ok,strict origin-split national customs; weight basis
grid_072,0.2,0.8,-10.0,12.0,China,importer,high_exposure_constrained,high_exposure_constrained,True,81,81,1.0,medium,none,12,3,0.3043393783467947,0.0884241697188483,-21.59152086279463,-25.708617872944075,-13.923582288884273,-2.849721991484866,-0.1743030253582267,0.2095565409791185,0.2059264671134633,"{""constrained_offset_ratio_max"": 0.5, ""constrained_total_pct_max"": -10.0, ""high_exposure_pre_gulf_share_min"": 0.2, ""high_offset_ratio_min"": 0.8, ""min_post_months"": 3, ""min_pre_months"": 12, ""stable_gulf_share_abs_pp_max"": 12.0, ""stable_total_abs_pct_max"": 12.0}",descriptive_coverage_ok,strict origin-split national customs; weight basis
grid_073,0.2,0.9,-3.0,8.0,China,importer,high_exposure_constrained,high_exposure_constrained,True,81,81,1.0,medium,none,12,3,0.3043393783467947,0.0884241697188483,-21.59152086279463,-25.708617872944075,-13.923582288884273,-2.849721991484866,-0.1743030253582267,0.2095565409791185,0.2059264671134633,"{""constrained_offset_ratio_max"": 0.5, ""constrained_total_pct_max"": -3.0, ""high_exposure_pre_gulf_share_min"": 0.2, ""high_offset_ratio_min"": 0.9, ""min_post_months"": 3, ""min_pre_months"": 12, ""stable_gulf_share_abs_pp_max"": 8.0, ""stable_total_abs_pct_max"": 8.0}",descriptive_coverage_ok,strict origin-split national customs; weight basis
grid_074,0.2,0.9,-3.0,10.0,China,importer,high_exposure_constrained,high_exposure_constrained,True,81,81,1.0,medium,none,12,3,0.3043393783467947,0.0884241697188483,-21.59152086279463,-25.708617872944075,-13.923582288884273,-2.849721991484866,-0.1743030253582267,0.2095565409791185,0.2059264671134633,"{""constrained_offset_ratio_max"": 0.5, ""constrained_total_pct_max"": -3.0, ""high_exposure_pre_gulf_share_min"": 0.2, ""high_offset_ratio_min"": 0.9, ""min_post_months"": 3, ""min_pre_months"": 12, ""stable_gulf_share_abs_pp_max"": 10.0, ""stable_total_abs_pct_max"": 10.0}",descriptive_coverage_ok,strict origin-split national customs; weight basis
grid_075,0.2,0.9,-3.0,12.0,China,importer,high_exposure_constrained,high_exposure_constrained,True,81,81,1.0,medium,none,12,3,0.3043393783467947,0.0884241697188483,-21.59152086279463,-25.708617872944075,-13.923582288884273,-2.849721991484866,-0.1743030253582267,0.2095565409791185,0.2059264671134633,"{""constrained_offset_ratio_max"": 0.5, ""constrained_total_pct_max"": -3.0, ""high_exposure_pre_gulf_share_min"": 0.2, ""high_offset_ratio_min"": 0.9, ""min_post_months"": 3, ""min_pre_months"": 12, ""stable_gulf_share_abs_pp_max"": 12.0, ""stable_total_abs_pct_max"": 12.0}",descriptive_coverage_ok,strict origin-split national customs; weight basis
grid_076,0.2,0.9,-5.0,8.0,China,importer,high_exposure_constrained,high_exposure_constrained,True,81,81,1.0,medium,none,12,3,0.3043393783467947,0.0884241697188483,-21.59152086279463,-25.708617872944075,-13.923582288884273,-2.849721991484866,-0.1743030253582267,0.2095565409791185,0.2059264671134633,"{""constrained_offset_ratio_max"": 0.5, ""constrained_total_pct_max"": -5.0, ""high_exposure_pre_gulf_share_min"": 0.2, ""high_offset_ratio_min"": 0.9, ""min_post_months"": 3, ""min_pre_months"": 12, ""stable_gulf_share_abs_pp_max"": 8.0, ""stable_total_abs_pct_max"": 8.0}",descriptive_coverage_ok,strict origin-split national customs; weight basis
grid_077,0.2,0.9,-5.0,10.0,China,importer,high_exposure_constrained,high_exposure_constrained,True,81,81,1.0,medium,none,12,3,0.3043393783467947,0.0884241697188483,-21.59152086279463,-25.708617872944075,-13.923582288884273,-2.849721991484866,-0.1743030253582267,0.2095565409791185,0.2059264671134633,"{""constrained_offset_ratio_max"": 0.5, ""constrained_total_pct_max"": -5.0, ""high_exposure_pre_gulf_share_min"": 0.2, ""high_offset_ratio_min"": 0.9, ""min_post_months"": 3, ""min_pre_months"": 12, ""stable_gulf_share_abs_pp_max"": 10.0, ""stable_total_abs_pct_max"": 10.0}",descriptive_coverage_ok,strict origin-split national customs; weight basis
grid_078,0.2,0.9,-5.0,12.0,China,importer,high_exposure_constrained,high_exposure_constrained,True,81,81,1.0,medium,none,12,3,0.3043393783467947,0.0884241697188483,-21.59152086279463,-25.708617872944075,-13.923582288884273,-2.849721991484866,-0.1743030253582267,0.2095565409791185,0.2059264671134633,"{""constrained_offset_ratio_max"": 0.5, ""constrained_total_pct_max"": -5.0, ""high_exposure_pre_gulf_share_min"": 0.2, ""high_offset_ratio_min"": 0.9, ""min_post_months"": 3, ""min_pre_months"": 12, ""stable_gulf_share_abs_pp_max"": 12.0, ""stable_total_abs_pct_max"": 12.0}",descriptive_coverage_ok,strict origin-split national customs; weight basis
grid_079,0.2,0.9,-10.0,8.0,China,importer,high_exposure_constrained,high_exposure_constrained,True,81,81,1.0,medium,none,12,3,0.3043393783467947,0.0884241697188483,-21.59152086279463,-25.708617872944075,-13.923582288884273,-2.849721991484866,-0.1743030253582267,0.2095565409791185,0.2059264671134633,"{""constrained_offset_ratio_max"": 0.5, ""constrained_total_pct_max"": -10.0, ""high_exposure_pre_gulf_share_min"": 0.2, ""high_offset_ratio_min"": 0.9, ""min_post_months"": 3, ""min_pre_months"": 12, ""stable_gulf_share_abs_pp_max"": 8.0, ""stable_total_abs_pct_max"": 8.0}",descriptive_coverage_ok,strict origin-split national customs; weight basis
grid_080,0.2,0.9,-10.0,10.0,China,importer,high_exposure_constrained,high_exposure_constrained,True,81,81,1.0,medium,none,12,3,0.3043393783467947,0.0884241697188483,-21.59152086279463,-25.708617872944075,-13.923582288884273,-2.849721991484866,-0.1743030253582267,0.2095565409791185,0.2059264671134633,"{""constrained_offset_ratio_max"": 0.5, ""constrained_total_pct_max"": -10.0, ""high_exposure_pre_gulf_share_min"": 0.2, ""high_offset_ratio_min"": 0.9, ""min_post_months"": 3, ""min_pre_months"": 12, ""stable_gulf_share_abs_pp_max"": 10.0, ""stable_total_abs_pct_max"": 10.0}",descriptive_coverage_ok,strict origin-split national customs; weight basis
grid_081,0.2,0.9,-10.0,12.0,China,importer,high_exposure_constrained,high_exposure_constrained,True,81,81,1.0,medium,none,12,3,0.3043393783467947,0.0884241697188483,-21.59152086279463,-25.708617872944075,-13.923582288884273,-2.849721991484866,-0.1743030253582267,0.2095565409791185,0.2059264671134633,"{""constrained_offset_ratio_max"": 0.5, ""constrained_total_pct_max"": -10.0, ""high_exposure_pre_gulf_share_min"": 0.2, ""high_offset_ratio_min"": 0.9, ""min_post_months"": 3, ""min_pre_months"": 12, ""stable_gulf_share_abs_pp_max"": 12.0, ""stable_total_abs_pct_max"": 12.0}",descriptive_coverage_ok,strict origin-split national customs; weight basis
grid_001,0.1,0.7,-3.0,8.0,EU27,aggregate_comparator,aggregate_comparator,aggregate_comparator,True,81,81,1.0,context_only,aggregate_comparator,12,3,0.0583747562407402,0.0213294640327324,-3.7045292208007745,3.5177806173845916,-3.283672422888717,7.442076822334198,,0.1516932523316834,0.0987109662922369,"{""constrained_offset_ratio_max"": 0.5, ""constrained_total_pct_max"": -3.0, ""high_exposure_pre_gulf_share_min"": 0.1, ""high_offset_ratio_min"": 0.7, ""min_post_months"": 3, ""min_pre_months"": 12, ""stable_gulf_share_abs_pp_max"": 8.0, ""stable_total_abs_pct_max"": 8.0}",descriptive_coverage_ok; aggregate_comparator,origin-split Eurostat aggregate comparator; EU27 is not a single importer
grid_002,0.1,0.7,-3.0,10.0,EU27,aggregate_comparator,aggregate_comparator,aggregate_comparator,True,81,81,1.0,context_only,aggregate_comparator,12,3,0.0583747562407402,0.0213294640327324,-3.7045292208007745,3.5177806173845916,-3.283672422888717,7.442076822334198,,0.1516932523316834,0.0987109662922369,"{""constrained_offset_ratio_max"": 0.5, ""constrained_total_pct_max"": -3.0, ""high_exposure_pre_gulf_share_min"": 0.1, ""high_offset_ratio_min"": 0.7, ""min_post_months"": 3, ""min_pre_months"": 12, ""stable_gulf_share_abs_pp_max"": 10.0, ""stable_total_abs_pct_max"": 10.0}",descriptive_coverage_ok; aggregate_comparator,origin-split Eurostat aggregate comparator; EU27 is not a single importer
grid_003,0.1,0.7,-3.0,12.0,EU27,aggregate_comparator,aggregate_comparator,aggregate_comparator,True,81,81,1.0,context_only,aggregate_comparator,12,3,0.0583747562407402,0.0213294640327324,-3.7045292208007745,3.5177806173845916,-3.283672422888717,7.442076822334198,,0.1516932523316834,0.0987109662922369,"{""constrained_offset_ratio_max"": 0.5, ""constrained_total_pct_max"": -3.0, ""high_exposure_pre_gulf_share_min"": 0.1, ""high_offset_ratio_min"": 0.7, ""min_post_months"": 3, ""min_pre_months"": 12, ""stable_gulf_share_abs_pp_max"": 12.0, ""stable_total_abs_pct_max"": 12.0}",descriptive_coverage_ok; aggregate_comparator,origin-split Eurostat aggregate comparator; EU27 is not a single importer
grid_004,0.1,0.7,-5.0,8.0,EU27,aggregate_comparator,aggregate_comparator,aggregate_comparator,True,81,81,1.0,context_only,aggregate_comparator,12,3,0.0583747562407402,0.0213294640327324,-3.7045292208007745,3.5177806173845916,-3.283672422888717,7.442076822334198,,0.1516932523316834,0.0987109662922369,"{""constrained_offset_ratio_max"": 0.5, ""constrained_total_pct_max"": -5.0, ""high_exposure_pre_gulf_share_min"": 0.1, ""high_offset_ratio_min"": 0.7, ""min_post_months"": 3, ""min_pre_months"": 12, ""stable_gulf_share_abs_pp_max"": 8.0, ""stable_total_abs_pct_max"": 8.0}",descriptive_coverage_ok; aggregate_comparator,origin-split Eurostat aggregate comparator; EU27 is not a single importer
grid_005,0.1,0.7,-5.0,10.0,EU27,aggregate_comparator,aggregate_comparator,aggregate_comparator,True,81,81,1.0,context_only,aggregate_comparator,12,3,0.0583747562407402,0.0213294640327324,-3.7045292208007745,3.5177806173845916,-3.283672422888717,7.442076822334198,,0.1516932523316834,0.0987109662922369,"{""constrained_offset_ratio_max"": 0.5, ""constrained_total_pct_max"": -5.0, ""high_exposure_pre_gulf_share_min"": 0.1, ""high_offset_ratio_min"": 0.7, ""min_post_months"": 3, ""min_pre_months"": 12, ""stable_gulf_share_abs_pp_max"": 10.0, ""stable_total_abs_pct_max"": 10.0}",descriptive_coverage_ok; aggregate_comparator,origin-split Eurostat aggregate comparator; EU27 is not a single importer
grid_006,0.1,0.7,-5.0,12.0,EU27,aggregate_comparator,aggregate_comparator,aggregate_comparator,True,81,81,1.0,context_only,aggregate_comparator,12,3,0.0583747562407402,0.0213294640327324,-3.7045292208007745,3.5177806173845916,-3.283672422888717,7.442076822334198,,0.1516932523316834,0.0987109662922369,"{""constrained_offset_ratio_max"": 0.5, ""constrained_total_pct_max"": -5.0, ""high_exposure_pre_gulf_share_min"": 0.1, ""high_offset_ratio_min"": 0.7, ""min_post_months"": 3, ""min_pre_months"": 12, ""stable_gulf_share_abs_pp_max"": 12.0, ""stable_total_abs_pct_max"": 12.0}",descriptive_coverage_ok; aggregate_comparator,origin-split Eurostat aggregate comparator; EU27 is not a single importer
grid_007,0.1,0.7,-10.0,8.0,EU27,aggregate_comparator,aggregate_comparator,aggregate_comparator,True,81,81,1.0,context_only,aggregate_comparator,12,3,0.0583747562407402,0.0213294640327324,-3.7045292208007745,3.5177806173845916,-3.283672422888717,7.442076822334198,,0.1516932523316834,0.0987109662922369,"{""constrained_offset_ratio_max"": 0.5, ""constrained_total_pct_max"": -10.0, ""high_exposure_pre_gulf_share_min"": 0.1, ""high_offset_ratio_min"": 0.7, ""min_post_months"": 3, ""min_pre_months"": 12, ""stable_gulf_share_abs_pp_max"": 8.0, ""stable_total_abs_pct_max"": 8.0}",descriptive_coverage_ok; aggregate_comparator,origin-split Eurostat aggregate comparator; EU27 is not a single importer
grid_008,0.1,0.7,-10.0,10.0,EU27,aggregate_comparator,aggregate_comparator,aggregate_comparator,True,81,81,1.0,context_only,aggregate_comparator,12,3,0.0583747562407402,0.0213294640327324,-3.7045292208007745,3.5177806173845916,-3.283672422888717,7.442076822334198,,0.1516932523316834,0.0987109662922369,"{""constrained_offset_ratio_max"": 0.5, ""constrained_total_pct_max"": -10.0, ""high_exposure_pre_gulf_share_min"": 0.1, ""high_offset_ratio_min"": 0.7, ""min_post_months"": 3, ""min_pre_months"": 12, ""stable_gulf_share_abs_pp_max"": 10.0, ""stable_total_abs_pct_max"": 10.0}",descriptive_coverage_ok; aggregate_comparator,origin-split Eurostat aggregate comparator; EU27 is not a single importer
grid_009,0.1,0.7,-10.0,12.0,EU27,aggregate_comparator,aggregate_comparator,aggregate_comparator,True,81,81,1.0,context_only,aggregate_comparator,12,3,0.0583747562407402,0.0213294640327324,-3.7045292208007745,3.5177806173845916,-3.283672422888717,7.442076822334198,,0.1516932523316834,0.0987109662922369,"{""constrained_offset_ratio_max"": 0.5, ""constrained_total_pct_max"": -10.0, ""high_exposure_pre_gulf_share_min"": 0.1, ""high_offset_ratio_min"": 0.7, ""min_post_months"": 3, ""min_pre_months"": 12, ""stable_gulf_share_abs_pp_max"": 12.0, ""stable_total_abs_pct_max"": 12.0}",descriptive_coverage_ok; aggregate_comparator,origin-split Eurostat aggregate comparator; EU27 is not a single importer
grid_010,0.1,0.8,-3.0,8.0,EU27,aggregate_comparator,aggregate_comparator,aggregate_comparator,True,81,81,1.0,context_only,aggregate_comparator,12,3,0.0583747562407402,0.0213294640327324,-3.7045292208007745,3.5177806173845916,-3.283672422888717,7.442076822334198,,0.1516932523316834,0.0987109662922369,"{""constrained_offset_ratio_max"": 0.5, ""constrained_total_pct_max"": -3.0, ""high_exposure_pre_gulf_share_min"": 0.1, ""high_offset_ratio_min"": 0.8, ""min_post_months"": 3, ""min_pre_months"": 12, ""stable_gulf_share_abs_pp_max"": 8.0, ""stable_total_abs_pct_max"": 8.0}",descriptive_coverage_ok; aggregate_comparator,origin-split Eurostat aggregate comparator; EU27 is not a single importer
grid_011,0.1,0.8,-3.0,10.0,EU27,aggregate_comparator,aggregate_comparator,aggregate_comparator,True,81,81,1.0,context_only,aggregate_comparator,12,3,0.0583747562407402,0.0213294640327324,-3.7045292208007745,3.5177806173845916,-3.283672422888717,7.442076822334198,,0.1516932523316834,0.0987109662922369,"{""constrained_offset_ratio_max"": 0.5, ""constrained_total_pct_max"": -3.0, ""high_exposure_pre_gulf_share_min"": 0.1, ""high_offset_ratio_min"": 0.8, ""min_post_months"": 3, ""min_pre_months"": 12, ""stable_gulf_share_abs_pp_max"": 10.0, ""stable_total_abs_pct_max"": 10.0}",descriptive_coverage_ok; aggregate_comparator,origin-split Eurostat aggregate comparator; EU27 is not a single importer
grid_012,0.1,0.8,-3.0,12.0,EU27,aggregate_comparator,aggregate_comparator,aggregate_comparator,True,81,81,1.0,context_only,aggregate_comparator,12,3,0.0583747562407402,0.0213294640327324,-3.7045292208007745,3.5177806173845916,-3.283672422888717,7.442076822334198,,0.1516932523316834,0.0987109662922369,"{""constrained_offset_ratio_max"": 0.5, ""constrained_total_pct_max"": -3.0, ""high_exposure_pre_gulf_share_min"": 0.1, ""high_offset_ratio_min"": 0.8, ""min_post_months"": 3, ""min_pre_months"": 12, ""stable_gulf_share_abs_pp_max"": 12.0, ""stable_total_abs_pct_max"": 12.0}",descriptive_coverage_ok; aggregate_comparator,origin-split Eurostat aggregate comparator; EU27 is not a single importer
grid_013,0.1,0.8,-5.0,8.0,EU27,aggregate_comparator,aggregate_comparator,aggregate_comparator,True,81,81,1.0,context_only,aggregate_comparator,12,3,0.0583747562407402,0.0213294640327324,-3.7045292208007745,3.5177806173845916,-3.283672422888717,7.442076822334198,,0.1516932523316834,0.0987109662922369,"{""constrained_offset_ratio_max"": 0.5, ""constrained_total_pct_max"": -5.0, ""high_exposure_pre_gulf_share_min"": 0.1, ""high_offset_ratio_min"": 0.8, ""min_post_months"": 3, ""min_pre_months"": 12, ""stable_gulf_share_abs_pp_max"": 8.0, ""stable_total_abs_pct_max"": 8.0}",descriptive_coverage_ok; aggregate_comparator,origin-split Eurostat aggregate comparator; EU27 is not a single importer
grid_014,0.1,0.8,-5.0,10.0,EU27,aggregate_comparator,aggregate_comparator,aggregate_comparator,True,81,81,1.0,context_only,aggregate_comparator,12,3,0.0583747562407402,0.0213294640327324,-3.7045292208007745,3.5177806173845916,-3.283672422888717,7.442076822334198,,0.1516932523316834,0.0987109662922369,"{""constrained_offset_ratio_max"": 0.5, ""constrained_total_pct_max"": -5.0, ""high_exposure_pre_gulf_share_min"": 0.1, ""high_offset_ratio_min"": 0.8, ""min_post_months"": 3, ""min_pre_months"": 12, ""stable_gulf_share_abs_pp_max"": 10.0, ""stable_total_abs_pct_max"": 10.0}",descriptive_coverage_ok; aggregate_comparator,origin-split Eurostat aggregate comparator; EU27 is not a single importer
grid_015,0.1,0.8,-5.0,12.0,EU27,aggregate_comparator,aggregate_comparator,aggregate_comparator,True,81,81,1.0,context_only,aggregate_comparator,12,3,0.0583747562407402,0.0213294640327324,-3.7045292208007745,3.5177806173845916,-3.283672422888717,7.442076822334198,,0.1516932523316834,0.0987109662922369,"{""constrained_offset_ratio_max"": 0.5, ""constrained_total_pct_max"": -5.0, ""high_exposure_pre_gulf_share_min"": 0.1, ""high_offset_ratio_min"": 0.8, ""min_post_months"": 3, ""min_pre_months"": 12, ""stable_gulf_share_abs_pp_max"": 12.0, ""stable_total_abs_pct_max"": 12.0}",descriptive_coverage_ok; aggregate_comparator,origin-split Eurostat aggregate comparator; EU27 is not a single importer
grid_016,0.1,0.8,-10.0,8.0,EU27,aggregate_comparator,aggregate_comparator,aggregate_comparator,True,81,81,1.0,context_only,aggregate_comparator,12,3,0.0583747562407402,0.0213294640327324,-3.7045292208007745,3.5177806173845916,-3.283672422888717,7.442076822334198,,0.1516932523316834,0.0987109662922369,"{""constrained_offset_ratio_max"": 0.5, ""constrained_total_pct_max"": -10.0, ""high_exposure_pre_gulf_share_min"": 0.1, ""high_offset_ratio_min"": 0.8, ""min_post_months"": 3, ""min_pre_months"": 12, ""stable_gulf_share_abs_pp_max"": 8.0, ""stable_total_abs_pct_max"": 8.0}",descriptive_coverage_ok; aggregate_comparator,origin-split Eurostat aggregate comparator; EU27 is not a single importer
grid_017,0.1,0.8,-10.0,10.0,EU27,aggregate_comparator,aggregate_comparator,aggregate_comparator,True,81,81,1.0,context_only,aggregate_comparator,12,3,0.0583747562407402,0.0213294640327324,-3.7045292208007745,3.5177806173845916,-3.283672422888717,7.442076822334198,,0.1516932523316834,0.0987109662922369,"{""constrained_offset_ratio_max"": 0.5, ""constrained_total_pct_max"": -10.0, ""high_exposure_pre_gulf_share_min"": 0.1, ""high_offset_ratio_min"": 0.8, ""min_post_months"": 3, ""min_pre_months"": 12, ""stable_gulf_share_abs_pp_max"": 10.0, ""stable_total_abs_pct_max"": 10.0}",descriptive_coverage_ok; aggregate_comparator,origin-split Eurostat aggregate comparator; EU27 is not a single importer
grid_018,0.1,0.8,-10.0,12.0,EU27,aggregate_comparator,aggregate_comparator,aggregate_comparator,True,81,81,1.0,context_only,aggregate_comparator,12,3,0.0583747562407402,0.0213294640327324,-3.7045292208007745,3.5177806173845916,-3.283672422888717,7.442076822334198,,0.1516932523316834,0.0987109662922369,"{""constrained_offset_ratio_max"": 0.5, ""constrained_total_pct_max"": -10.0, ""high_exposure_pre_gulf_share_min"": 0.1, ""high_offset_ratio_min"": 0.8, ""min_post_months"": 3, ""min_pre_months"": 12, ""stable_gulf_share_abs_pp_max"": 12.0, ""stable_total_abs_pct_max"": 12.0}",descriptive_coverage_ok; aggregate_comparator,origin-split Eurostat aggregate comparator; EU27 is not a single importer
grid_019,0.1,0.9,-3.0,8.0,EU27,aggregate_comparator,aggregate_comparator,aggregate_comparator,True,81,81,1.0,context_only,aggregate_comparator,12,3,0.0583747562407402,0.0213294640327324,-3.7045292208007745,3.5177806173845916,-3.283672422888717,7.442076822334198,,0.1516932523316834,0.0987109662922369,"{""constrained_offset_ratio_max"": 0.5, ""constrained_total_pct_max"": -3.0, ""high_exposure_pre_gulf_share_min"": 0.1, ""high_offset_ratio_min"": 0.9, ""min_post_months"": 3, ""min_pre_months"": 12, ""stable_gulf_share_abs_pp_max"": 8.0, ""stable_total_abs_pct_max"": 8.0}",descriptive_coverage_ok; aggregate_comparator,origin-split Eurostat aggregate comparator; EU27 is not a single importer
grid_020,0.1,0.9,-3.0,10.0,EU27,aggregate_comparator,aggregate_comparator,aggregate_comparator,True,81,81,1.0,context_only,aggregate_comparator,12,3,0.0583747562407402,0.0213294640327324,-3.7045292208007745,3.5177806173845916,-3.283672422888717,7.442076822334198,,0.1516932523316834,0.0987109662922369,"{""constrained_offset_ratio_max"": 0.5, ""constrained_total_pct_max"": -3.0, ""high_exposure_pre_gulf_share_min"": 0.1, ""high_offset_ratio_min"": 0.9, ""min_post_months"": 3, ""min_pre_months"": 12, ""stable_gulf_share_abs_pp_max"": 10.0, ""stable_total_abs_pct_max"": 10.0}",descriptive_coverage_ok; aggregate_comparator,origin-split Eurostat aggregate comparator; EU27 is not a single importer
grid_021,0.1,0.9,-3.0,12.0,EU27,aggregate_comparator,aggregate_comparator,aggregate_comparator,True,81,81,1.0,context_only,aggregate_comparator,12,3,0.0583747562407402,0.0213294640327324,-3.7045292208007745,3.5177806173845916,-3.283672422888717,7.442076822334198,,0.1516932523316834,0.0987109662922369,"{""constrained_offset_ratio_max"": 0.5, ""constrained_total_pct_max"": -3.0, ""high_exposure_pre_gulf_share_min"": 0.1, ""high_offset_ratio_min"": 0.9, ""min_post_months"": 3, ""min_pre_months"": 12, ""stable_gulf_share_abs_pp_max"": 12.0, ""stable_total_abs_pct_max"": 12.0}",descriptive_coverage_ok; aggregate_comparator,origin-split Eurostat aggregate comparator; EU27 is not a single importer
grid_022,0.1,0.9,-5.0,8.0,EU27,aggregate_comparator,aggregate_comparator,aggregate_comparator,True,81,81,1.0,context_only,aggregate_comparator,12,3,0.0583747562407402,0.0213294640327324,-3.7045292208007745,3.5177806173845916,-3.283672422888717,7.442076822334198,,0.1516932523316834,0.0987109662922369,"{""constrained_offset_ratio_max"": 0.5, ""constrained_total_pct_max"": -5.0, ""high_exposure_pre_gulf_share_min"": 0.1, ""high_offset_ratio_min"": 0.9, ""min_post_months"": 3, ""min_pre_months"": 12, ""stable_gulf_share_abs_pp_max"": 8.0, ""stable_total_abs_pct_max"": 8.0}",descriptive_coverage_ok; aggregate_comparator,origin-split Eurostat aggregate comparator; EU27 is not a single importer
grid_023,0.1,0.9,-5.0,10.0,EU27,aggregate_comparator,aggregate_comparator,aggregate_comparator,True,81,81,1.0,context_only,aggregate_comparator,12,3,0.0583747562407402,0.0213294640327324,-3.7045292208007745,3.5177806173845916,-3.283672422888717,7.442076822334198,,0.1516932523316834,0.0987109662922369,"{""constrained_offset_ratio_max"": 0.5, ""constrained_total_pct_max"": -5.0, ""high_exposure_pre_gulf_share_min"": 0.1, ""high_offset_ratio_min"": 0.9, ""min_post_months"": 3, ""min_pre_months"": 12, ""stable_gulf_share_abs_pp_max"": 10.0, ""stable_total_abs_pct_max"": 10.0}",descriptive_coverage_ok; aggregate_comparator,origin-split Eurostat aggregate comparator; EU27 is not a single importer
grid_024,0.1,0.9,-5.0,12.0,EU27,aggregate_comparator,aggregate_comparator,aggregate_comparator,True,81,81,1.0,context_only,aggregate_comparator,12,3,0.0583747562407402,0.0213294640327324,-3.7045292208007745,3.5177806173845916,-3.283672422888717,7.442076822334198,,0.1516932523316834,0.0987109662922369,"{""constrained_offset_ratio_max"": 0.5, ""constrained_total_pct_max"": -5.0, ""high_exposure_pre_gulf_share_min"": 0.1, ""high_offset_ratio_min"": 0.9, ""min_post_months"": 3, ""min_pre_months"": 12, ""stable_gulf_share_abs_pp_max"": 12.0, ""stable_total_abs_pct_max"": 12.0}",descriptive_coverage_ok; aggregate_comparator,origin-split Eurostat aggregate comparator; EU27 is not a single importer
grid_025,0.1,0.9,-10.0,8.0,EU27,aggregate_comparator,aggregate_comparator,aggregate_comparator,True,81,81,1.0,context_only,aggregate_comparator,12,3,0.0583747562407402,0.0213294640327324,-3.7045292208007745,3.5177806173845916,-3.283672422888717,7.442076822334198,,0.1516932523316834,0.0987109662922369,"{""constrained_offset_ratio_max"": 0.5, ""constrained_total_pct_max"": -10.0, ""high_exposure_pre_gulf_share_min"": 0.1, ""high_offset_ratio_min"": 0.9, ""min_post_months"": 3, ""min_pre_months"": 12, ""stable_gulf_share_abs_pp_max"": 8.0, ""stable_total_abs_pct_max"": 8.0}",descriptive_coverage_ok; aggregate_comparator,origin-split Eurostat aggregate comparator; EU27 is not a single importer
grid_026,0.1,0.9,-10.0,10.0,EU27,aggregate_comparator,aggregate_comparator,aggregate_comparator,True,81,81,1.0,context_only,aggregate_comparator,12,3,0.0583747562407402,0.0213294640327324,-3.7045292208007745,3.5177806173845916,-3.283672422888717,7.442076822334198,,0.1516932523316834,0.0987109662922369,"{""constrained_offset_ratio_max"": 0.5, ""constrained_total_pct_max"": -10.0, ""high_exposure_pre_gulf_share_min"": 0.1, ""high_offset_ratio_min"": 0.9, ""min_post_months"": 3, ""min_pre_months"": 12, ""stable_gulf_share_abs_pp_max"": 10.0, ""stable_total_abs_pct_max"": 10.0}",descriptive_coverage_ok; aggregate_comparator,origin-split Eurostat aggregate comparator; EU27 is not a single importer
grid_027,0.1,0.9,-10.0,12.0,EU27,aggregate_comparator,aggregate_comparator,aggregate_comparator,True,81,81,1.0,context_only,aggregate_comparator,12,3,0.0583747562407402,0.0213294640327324,-3.7045292208007745,3.5177806173845916,-3.283672422888717,7.442076822334198,,0.1516932523316834,0.0987109662922369,"{""constrained_offset_ratio_max"": 0.5, ""constrained_total_pct_max"": -10.0, ""high_exposure_pre_gulf_share_min"": 0.1, ""high_offset_ratio_min"": 0.9, ""min_post_months"": 3, ""min_pre_months"": 12, ""stable_gulf_share_abs_pp_max"": 12.0, ""stable_total_abs_pct_max"": 12.0}",descriptive_coverage_ok; aggregate_comparator,origin-split Eurostat aggregate comparator; EU27 is not a single importer
grid_028,0.15,0.7,-3.0,8.0,EU27,aggregate_comparator,aggregate_comparator,aggregate_comparator,True,81,81,1.0,context_only,aggregate_comparator,12,3,0.0583747562407402,0.0213294640327324,-3.7045292208007745,3.5177806173845916,-3.283672422888717,7.442076822334198,,0.1516932523316834,0.0987109662922369,"{""constrained_offset_ratio_max"": 0.5, ""constrained_total_pct_max"": -3.0, ""high_exposure_pre_gulf_share_min"": 0.15, ""high_offset_ratio_min"": 0.7, ""min_post_months"": 3, ""min_pre_months"": 12, ""stable_gulf_share_abs_pp_max"": 8.0, ""stable_total_abs_pct_max"": 8.0}",descriptive_coverage_ok; aggregate_comparator,origin-split Eurostat aggregate comparator; EU27 is not a single importer
grid_029,0.15,0.7,-3.0,10.0,EU27,aggregate_comparator,aggregate_comparator,aggregate_comparator,True,81,81,1.0,context_only,aggregate_comparator,12,3,0.0583747562407402,0.0213294640327324,-3.7045292208007745,3.5177806173845916,-3.283672422888717,7.442076822334198,,0.1516932523316834,0.0987109662922369,"{""constrained_offset_ratio_max"": 0.5, ""constrained_total_pct_max"": -3.0, ""high_exposure_pre_gulf_share_min"": 0.15, ""high_offset_ratio_min"": 0.7, ""min_post_months"": 3, ""min_pre_months"": 12, ""stable_gulf_share_abs_pp_max"": 10.0, ""stable_total_abs_pct_max"": 10.0}",descriptive_coverage_ok; aggregate_comparator,origin-split Eurostat aggregate comparator; EU27 is not a single importer
grid_030,0.15,0.7,-3.0,12.0,EU27,aggregate_comparator,aggregate_comparator,aggregate_comparator,True,81,81,1.0,context_only,aggregate_comparator,12,3,0.0583747562407402,0.0213294640327324,-3.7045292208007745,3.5177806173845916,-3.283672422888717,7.442076822334198,,0.1516932523316834,0.0987109662922369,"{""constrained_offset_ratio_max"": 0.5, ""constrained_total_pct_max"": -3.0, ""high_exposure_pre_gulf_share_min"": 0.15, ""high_offset_ratio_min"": 0.7, ""min_post_months"": 3, ""min_pre_months"": 12, ""stable_gulf_share_abs_pp_max"": 12.0, ""stable_total_abs_pct_max"": 12.0}",descriptive_coverage_ok; aggregate_comparator,origin-split Eurostat aggregate comparator; EU27 is not a single importer
grid_031,0.15,0.7,-5.0,8.0,EU27,aggregate_comparator,aggregate_comparator,aggregate_comparator,True,81,81,1.0,context_only,aggregate_comparator,12,3,0.0583747562407402,0.0213294640327324,-3.7045292208007745,3.5177806173845916,-3.283672422888717,7.442076822334198,,0.1516932523316834,0.0987109662922369,"{""constrained_offset_ratio_max"": 0.5, ""constrained_total_pct_max"": -5.0, ""high_exposure_pre_gulf_share_min"": 0.15, ""high_offset_ratio_min"": 0.7, ""min_post_months"": 3, ""min_pre_months"": 12, ""stable_gulf_share_abs_pp_max"": 8.0, ""stable_total_abs_pct_max"": 8.0}",descriptive_coverage_ok; aggregate_comparator,origin-split Eurostat aggregate comparator; EU27 is not a single importer
grid_032,0.15,0.7,-5.0,10.0,EU27,aggregate_comparator,aggregate_comparator,aggregate_comparator,True,81,81,1.0,context_only,aggregate_comparator,12,3,0.0583747562407402,0.0213294640327324,-3.7045292208007745,3.5177806173845916,-3.283672422888717,7.442076822334198,,0.1516932523316834,0.0987109662922369,"{""constrained_offset_ratio_max"": 0.5, ""constrained_total_pct_max"": -5.0, ""high_exposure_pre_gulf_share_min"": 0.15, ""high_offset_ratio_min"": 0.7, ""min_post_months"": 3, ""min_pre_months"": 12, ""stable_gulf_share_abs_pp_max"": 10.0, ""stable_total_abs_pct_max"": 10.0}",descriptive_coverage_ok; aggregate_comparator,origin-split Eurostat aggregate comparator; EU27 is not a single importer
grid_033,0.15,0.7,-5.0,12.0,EU27,aggregate_comparator,aggregate_comparator,aggregate_comparator,True,81,81,1.0,context_only,aggregate_comparator,12,3,0.0583747562407402,0.0213294640327324,-3.7045292208007745,3.5177806173845916,-3.283672422888717,7.442076822334198,,0.1516932523316834,0.0987109662922369,"{""constrained_offset_ratio_max"": 0.5, ""constrained_total_pct_max"": -5.0, ""high_exposure_pre_gulf_share_min"": 0.15, ""high_offset_ratio_min"": 0.7, ""min_post_months"": 3, ""min_pre_months"": 12, ""stable_gulf_share_abs_pp_max"": 12.0, ""stable_total_abs_pct_max"": 12.0}",descriptive_coverage_ok; aggregate_comparator,origin-split Eurostat aggregate comparator; EU27 is not a single importer
grid_034,0.15,0.7,-10.0,8.0,EU27,aggregate_comparator,aggregate_comparator,aggregate_comparator,True,81,81,1.0,context_only,aggregate_comparator,12,3,0.0583747562407402,0.0213294640327324,-3.7045292208007745,3.5177806173845916,-3.283672422888717,7.442076822334198,,0.1516932523316834,0.0987109662922369,"{""constrained_offset_ratio_max"": 0.5, ""constrained_total_pct_max"": -10.0, ""high_exposure_pre_gulf_share_min"": 0.15, ""high_offset_ratio_min"": 0.7, ""min_post_months"": 3, ""min_pre_months"": 12, ""stable_gulf_share_abs_pp_max"": 8.0, ""stable_total_abs_pct_max"": 8.0}",descriptive_coverage_ok; aggregate_comparator,origin-split Eurostat aggregate comparator; EU27 is not a single importer
grid_035,0.15,0.7,-10.0,10.0,EU27,aggregate_comparator,aggregate_comparator,aggregate_comparator,True,81,81,1.0,context_only,aggregate_comparator,12,3,0.0583747562407402,0.0213294640327324,-3.7045292208007745,3.5177806173845916,-3.283672422888717,7.442076822334198,,0.1516932523316834,0.0987109662922369,"{""constrained_offset_ratio_max"": 0.5, ""constrained_total_pct_max"": -10.0, ""high_exposure_pre_gulf_share_min"": 0.15, ""high_offset_ratio_min"": 0.7, ""min_post_months"": 3, ""min_pre_months"": 12, ""stable_gulf_share_abs_pp_max"": 10.0, ""stable_total_abs_pct_max"": 10.0}",descriptive_coverage_ok; aggregate_comparator,origin-split Eurostat aggregate comparator; EU27 is not a single importer
grid_036,0.15,0.7,-10.0,12.0,EU27,aggregate_comparator,aggregate_comparator,aggregate_comparator,True,81,81,1.0,context_only,aggregate_comparator,12,3,0.0583747562407402,0.0213294640327324,-3.7045292208007745,3.5177806173845916,-3.283672422888717,7.442076822334198,,0.1516932523316834,0.0987109662922369,"{""constrained_offset_ratio_max"": 0.5, ""constrained_total_pct_max"": -10.0, ""high_exposure_pre_gulf_share_min"": 0.15, ""high_offset_ratio_min"": 0.7, ""min_post_months"": 3, ""min_pre_months"": 12, ""stable_gulf_share_abs_pp_max"": 12.0, ""stable_total_abs_pct_max"": 12.0}",descriptive_coverage_ok; aggregate_comparator,origin-split Eurostat aggregate comparator; EU27 is not a single importer
grid_037,0.15,0.8,-3.0,8.0,EU27,aggregate_comparator,aggregate_comparator,aggregate_comparator,True,81,81,1.0,context_only,aggregate_comparator,12,3,0.0583747562407402,0.0213294640327324,-3.7045292208007745,3.5177806173845916,-3.283672422888717,7.442076822334198,,0.1516932523316834,0.0987109662922369,"{""constrained_offset_ratio_max"": 0.5, ""constrained_total_pct_max"": -3.0, ""high_exposure_pre_gulf_share_min"": 0.15, ""high_offset_ratio_min"": 0.8, ""min_post_months"": 3, ""min_pre_months"": 12, ""stable_gulf_share_abs_pp_max"": 8.0, ""stable_total_abs_pct_max"": 8.0}",descriptive_coverage_ok; aggregate_comparator,origin-split Eurostat aggregate comparator; EU27 is not a single importer
grid_038,0.15,0.8,-3.0,10.0,EU27,aggregate_comparator,aggregate_comparator,aggregate_comparator,True,81,81,1.0,context_only,aggregate_comparator,12,3,0.0583747562407402,0.0213294640327324,-3.7045292208007745,3.5177806173845916,-3.283672422888717,7.442076822334198,,0.1516932523316834,0.0987109662922369,"{""constrained_offset_ratio_max"": 0.5, ""constrained_total_pct_max"": -3.0, ""high_exposure_pre_gulf_share_min"": 0.15, ""high_offset_ratio_min"": 0.8, ""min_post_months"": 3, ""min_pre_months"": 12, ""stable_gulf_share_abs_pp_max"": 10.0, ""stable_total_abs_pct_max"": 10.0}",descriptive_coverage_ok; aggregate_comparator,origin-split Eurostat aggregate comparator; EU27 is not a single importer
grid_039,0.15,0.8,-3.0,12.0,EU27,aggregate_comparator,aggregate_comparator,aggregate_comparator,True,81,81,1.0,context_only,aggregate_comparator,12,3,0.0583747562407402,0.0213294640327324,-3.7045292208007745,3.5177806173845916,-3.283672422888717,7.442076822334198,,0.1516932523316834,0.0987109662922369,"{""constrained_offset_ratio_max"": 0.5, ""constrained_total_pct_max"": -3.0, ""high_exposure_pre_gulf_share_min"": 0.15, ""high_offset_ratio_min"": 0.8, ""min_post_months"": 3, ""min_pre_months"": 12, ""stable_gulf_share_abs_pp_max"": 12.0, ""stable_total_abs_pct_max"": 12.0}",descriptive_coverage_ok; aggregate_comparator,origin-split Eurostat aggregate comparator; EU27 is not a single importer
grid_040,0.15,0.8,-5.0,8.0,EU27,aggregate_comparator,aggregate_comparator,aggregate_comparator,True,81,81,1.0,context_only,aggregate_comparator,12,3,0.0583747562407402,0.0213294640327324,-3.7045292208007745,3.5177806173845916,-3.283672422888717,7.442076822334198,,0.1516932523316834,0.0987109662922369,"{""constrained_offset_ratio_max"": 0.5, ""constrained_total_pct_max"": -5.0, ""high_exposure_pre_gulf_share_min"": 0.15, ""high_offset_ratio_min"": 0.8, ""min_post_months"": 3, ""min_pre_months"": 12, ""stable_gulf_share_abs_pp_max"": 8.0, ""stable_total_abs_pct_max"": 8.0}",descriptive_coverage_ok; aggregate_comparator,origin-split Eurostat aggregate comparator; EU27 is not a single importer
grid_041,0.15,0.8,-5.0,10.0,EU27,aggregate_comparator,aggregate_comparator,aggregate_comparator,True,81,81,1.0,context_only,aggregate_comparator,12,3,0.0583747562407402,0.0213294640327324,-3.7045292208007745,3.5177806173845916,-3.283672422888717,7.442076822334198,,0.1516932523316834,0.0987109662922369,"{""constrained_offset_ratio_max"": 0.5, ""constrained_total_pct_max"": -5.0, ""high_exposure_pre_gulf_share_min"": 0.15, ""high_offset_ratio_min"": 0.8, ""min_post_months"": 3, ""min_pre_months"": 12, ""stable_gulf_share_abs_pp_max"": 10.0, ""stable_total_abs_pct_max"": 10.0}",descriptive_coverage_ok; aggregate_comparator,origin-split Eurostat aggregate comparator; EU27 is not a single importer
grid_042,0.15,0.8,-5.0,12.0,EU27,aggregate_comparator,aggregate_comparator,aggregate_comparator,True,81,81,1.0,context_only,aggregate_comparator,12,3,0.0583747562407402,0.0213294640327324,-3.7045292208007745,3.5177806173845916,-3.283672422888717,7.442076822334198,,0.1516932523316834,0.0987109662922369,"{""constrained_offset_ratio_max"": 0.5, ""constrained_total_pct_max"": -5.0, ""high_exposure_pre_gulf_share_min"": 0.15, ""high_offset_ratio_min"": 0.8, ""min_post_months"": 3, ""min_pre_months"": 12, ""stable_gulf_share_abs_pp_max"": 12.0, ""stable_total_abs_pct_max"": 12.0}",descriptive_coverage_ok; aggregate_comparator,origin-split Eurostat aggregate comparator; EU27 is not a single importer
grid_043,0.15,0.8,-10.0,8.0,EU27,aggregate_comparator,aggregate_comparator,aggregate_comparator,True,81,81,1.0,context_only,aggregate_comparator,12,3,0.0583747562407402,0.0213294640327324,-3.7045292208007745,3.5177806173845916,-3.283672422888717,7.442076822334198,,0.1516932523316834,0.0987109662922369,"{""constrained_offset_ratio_max"": 0.5, ""constrained_total_pct_max"": -10.0, ""high_exposure_pre_gulf_share_min"": 0.15, ""high_offset_ratio_min"": 0.8, ""min_post_months"": 3, ""min_pre_months"": 12, ""stable_gulf_share_abs_pp_max"": 8.0, ""stable_total_abs_pct_max"": 8.0}",descriptive_coverage_ok; aggregate_comparator,origin-split Eurostat aggregate comparator; EU27 is not a single importer
grid_044,0.15,0.8,-10.0,10.0,EU27,aggregate_comparator,aggregate_comparator,aggregate_comparator,True,81,81,1.0,context_only,aggregate_comparator,12,3,0.0583747562407402,0.0213294640327324,-3.7045292208007745,3.5177806173845916,-3.283672422888717,7.442076822334198,,0.1516932523316834,0.0987109662922369,"{""constrained_offset_ratio_max"": 0.5, ""constrained_total_pct_max"": -10.0, ""high_exposure_pre_gulf_share_min"": 0.15, ""high_offset_ratio_min"": 0.8, ""min_post_months"": 3, ""min_pre_months"": 12, ""stable_gulf_share_abs_pp_max"": 10.0, ""stable_total_abs_pct_max"": 10.0}",descriptive_coverage_ok; aggregate_comparator,origin-split Eurostat aggregate comparator; EU27 is not a single importer
grid_045,0.15,0.8,-10.0,12.0,EU27,aggregate_comparator,aggregate_comparator,aggregate_comparator,True,81,81,1.0,context_only,aggregate_comparator,12,3,0.0583747562407402,0.0213294640327324,-3.7045292208007745,3.5177806173845916,-3.283672422888717,7.442076822334198,,0.1516932523316834,0.0987109662922369,"{""constrained_offset_ratio_max"": 0.5, ""constrained_total_pct_max"": -10.0, ""high_exposure_pre_gulf_share_min"": 0.15, ""high_offset_ratio_min"": 0.8, ""min_post_months"": 3, ""min_pre_months"": 12, ""stable_gulf_share_abs_pp_max"": 12.0, ""stable_total_abs_pct_max"": 12.0}",descriptive_coverage_ok; aggregate_comparator,origin-split Eurostat aggregate comparator; EU27 is not a single importer
grid_046,0.15,0.9,-3.0,8.0,EU27,aggregate_comparator,aggregate_comparator,aggregate_comparator,True,81,81,1.0,context_only,aggregate_comparator,12,3,0.0583747562407402,0.0213294640327324,-3.7045292208007745,3.5177806173845916,-3.283672422888717,7.442076822334198,,0.1516932523316834,0.0987109662922369,"{""constrained_offset_ratio_max"": 0.5, ""constrained_total_pct_max"": -3.0, ""high_exposure_pre_gulf_share_min"": 0.15, ""high_offset_ratio_min"": 0.9, ""min_post_months"": 3, ""min_pre_months"": 12, ""stable_gulf_share_abs_pp_max"": 8.0, ""stable_total_abs_pct_max"": 8.0}",descriptive_coverage_ok; aggregate_comparator,origin-split Eurostat aggregate comparator; EU27 is not a single importer
grid_047,0.15,0.9,-3.0,10.0,EU27,aggregate_comparator,aggregate_comparator,aggregate_comparator,True,81,81,1.0,context_only,aggregate_comparator,12,3,0.0583747562407402,0.0213294640327324,-3.7045292208007745,3.5177806173845916,-3.283672422888717,7.442076822334198,,0.1516932523316834,0.0987109662922369,"{""constrained_offset_ratio_max"": 0.5, ""constrained_total_pct_max"": -3.0, ""high_exposure_pre_gulf_share_min"": 0.15, ""high_offset_ratio_min"": 0.9, ""min_post_months"": 3, ""min_pre_months"": 12, ""stable_gulf_share_abs_pp_max"": 10.0, ""stable_total_abs_pct_max"": 10.0}",descriptive_coverage_ok; aggregate_comparator,origin-split Eurostat aggregate comparator; EU27 is not a single importer
grid_048,0.15,0.9,-3.0,12.0,EU27,aggregate_comparator,aggregate_comparator,aggregate_comparator,True,81,81,1.0,context_only,aggregate_comparator,12,3,0.0583747562407402,0.0213294640327324,-3.7045292208007745,3.5177806173845916,-3.283672422888717,7.442076822334198,,0.1516932523316834,0.0987109662922369,"{""constrained_offset_ratio_max"": 0.5, ""constrained_total_pct_max"": -3.0, ""high_exposure_pre_gulf_share_min"": 0.15, ""high_offset_ratio_min"": 0.9, ""min_post_months"": 3, ""min_pre_months"": 12, ""stable_gulf_share_abs_pp_max"": 12.0, ""stable_total_abs_pct_max"": 12.0}",descriptive_coverage_ok; aggregate_comparator,origin-split Eurostat aggregate comparator; EU27 is not a single importer
grid_049,0.15,0.9,-5.0,8.0,EU27,aggregate_comparator,aggregate_comparator,aggregate_comparator,True,81,81,1.0,context_only,aggregate_comparator,12,3,0.0583747562407402,0.0213294640327324,-3.7045292208007745,3.5177806173845916,-3.283672422888717,7.442076822334198,,0.1516932523316834,0.0987109662922369,"{""constrained_offset_ratio_max"": 0.5, ""constrained_total_pct_max"": -5.0, ""high_exposure_pre_gulf_share_min"": 0.15, ""high_offset_ratio_min"": 0.9, ""min_post_months"": 3, ""min_pre_months"": 12, ""stable_gulf_share_abs_pp_max"": 8.0, ""stable_total_abs_pct_max"": 8.0}",descriptive_coverage_ok; aggregate_comparator,origin-split Eurostat aggregate comparator; EU27 is not a single importer
grid_050,0.15,0.9,-5.0,10.0,EU27,aggregate_comparator,aggregate_comparator,aggregate_comparator,True,81,81,1.0,context_only,aggregate_comparator,12,3,0.0583747562407402,0.0213294640327324,-3.7045292208007745,3.5177806173845916,-3.283672422888717,7.442076822334198,,0.1516932523316834,0.0987109662922369,"{""constrained_offset_ratio_max"": 0.5, ""constrained_total_pct_max"": -5.0, ""high_exposure_pre_gulf_share_min"": 0.15, ""high_offset_ratio_min"": 0.9, ""min_post_months"": 3, ""min_pre_months"": 12, ""stable_gulf_share_abs_pp_max"": 10.0, ""stable_total_abs_pct_max"": 10.0}",descriptive_coverage_ok; aggregate_comparator,origin-split Eurostat aggregate comparator; EU27 is not a single importer
grid_051,0.15,0.9,-5.0,12.0,EU27,aggregate_comparator,aggregate_comparator,aggregate_comparator,True,81,81,1.0,context_only,aggregate_comparator,12,3,0.0583747562407402,0.0213294640327324,-3.7045292208007745,3.5177806173845916,-3.283672422888717,7.442076822334198,,0.1516932523316834,0.0987109662922369,"{""constrained_offset_ratio_max"": 0.5, ""constrained_total_pct_max"": -5.0, ""high_exposure_pre_gulf_share_min"": 0.15, ""high_offset_ratio_min"": 0.9, ""min_post_months"": 3, ""min_pre_months"": 12, ""stable_gulf_share_abs_pp_max"": 12.0, ""stable_total_abs_pct_max"": 12.0}",descriptive_coverage_ok; aggregate_comparator,origin-split Eurostat aggregate comparator; EU27 is not a single importer
grid_052,0.15,0.9,-10.0,8.0,EU27,aggregate_comparator,aggregate_comparator,aggregate_comparator,True,81,81,1.0,context_only,aggregate_comparator,12,3,0.0583747562407402,0.0213294640327324,-3.7045292208007745,3.5177806173845916,-3.283672422888717,7.442076822334198,,0.1516932523316834,0.0987109662922369,"{""constrained_offset_ratio_max"": 0.5, ""constrained_total_pct_max"": -10.0, ""high_exposure_pre_gulf_share_min"": 0.15, ""high_offset_ratio_min"": 0.9, ""min_post_months"": 3, ""min_pre_months"": 12, ""stable_gulf_share_abs_pp_max"": 8.0, ""stable_total_abs_pct_max"": 8.0}",descriptive_coverage_ok; aggregate_comparator,origin-split Eurostat aggregate comparator; EU27 is not a single importer
grid_053,0.15,0.9,-10.0,10.0,EU27,aggregate_comparator,aggregate_comparator,aggregate_comparator,True,81,81,1.0,context_only,aggregate_comparator,12,3,0.0583747562407402,0.0213294640327324,-3.7045292208007745,3.5177806173845916,-3.283672422888717,7.442076822334198,,0.1516932523316834,0.0987109662922369,"{""constrained_offset_ratio_max"": 0.5, ""constrained_total_pct_max"": -10.0, ""high_exposure_pre_gulf_share_min"": 0.15, ""high_offset_ratio_min"": 0.9, ""min_post_months"": 3, ""min_pre_months"": 12, ""stable_gulf_share_abs_pp_max"": 10.0, ""stable_total_abs_pct_max"": 10.0}",descriptive_coverage_ok; aggregate_comparator,origin-split Eurostat aggregate comparator; EU27 is not a single importer
grid_054,0.15,0.9,-10.0,12.0,EU27,aggregate_comparator,aggregate_comparator,aggregate_comparator,True,81,81,1.0,context_only,aggregate_comparator,12,3,0.0583747562407402,0.0213294640327324,-3.7045292208007745,3.5177806173845916,-3.283672422888717,7.442076822334198,,0.1516932523316834,0.0987109662922369,"{""constrained_offset_ratio_max"": 0.5, ""constrained_total_pct_max"": -10.0, ""high_exposure_pre_gulf_share_min"": 0.15, ""high_offset_ratio_min"": 0.9, ""min_post_months"": 3, ""min_pre_months"": 12, ""stable_gulf_share_abs_pp_max"": 12.0, ""stable_total_abs_pct_max"": 12.0}",descriptive_coverage_ok; aggregate_comparator,origin-split Eurostat aggregate comparator; EU27 is not a single importer
grid_055,0.2,0.7,-3.0,8.0,EU27,aggregate_comparator,aggregate_comparator,aggregate_comparator,True,81,81,1.0,context_only,aggregate_comparator,12,3,0.0583747562407402,0.0213294640327324,-3.7045292208007745,3.5177806173845916,-3.283672422888717,7.442076822334198,,0.1516932523316834,0.0987109662922369,"{""constrained_offset_ratio_max"": 0.5, ""constrained_total_pct_max"": -3.0, ""high_exposure_pre_gulf_share_min"": 0.2, ""high_offset_ratio_min"": 0.7, ""min_post_months"": 3, ""min_pre_months"": 12, ""stable_gulf_share_abs_pp_max"": 8.0, ""stable_total_abs_pct_max"": 8.0}",descriptive_coverage_ok; aggregate_comparator,origin-split Eurostat aggregate comparator; EU27 is not a single importer
grid_056,0.2,0.7,-3.0,10.0,EU27,aggregate_comparator,aggregate_comparator,aggregate_comparator,True,81,81,1.0,context_only,aggregate_comparator,12,3,0.0583747562407402,0.0213294640327324,-3.7045292208007745,3.5177806173845916,-3.283672422888717,7.442076822334198,,0.1516932523316834,0.0987109662922369,"{""constrained_offset_ratio_max"": 0.5, ""constrained_total_pct_max"": -3.0, ""high_exposure_pre_gulf_share_min"": 0.2, ""high_offset_ratio_min"": 0.7, ""min_post_months"": 3, ""min_pre_months"": 12, ""stable_gulf_share_abs_pp_max"": 10.0, ""stable_total_abs_pct_max"": 10.0}",descriptive_coverage_ok; aggregate_comparator,origin-split Eurostat aggregate comparator; EU27 is not a single importer
grid_057,0.2,0.7,-3.0,12.0,EU27,aggregate_comparator,aggregate_comparator,aggregate_comparator,True,81,81,1.0,context_only,aggregate_comparator,12,3,0.0583747562407402,0.0213294640327324,-3.7045292208007745,3.5177806173845916,-3.283672422888717,7.442076822334198,,0.1516932523316834,0.0987109662922369,"{""constrained_offset_ratio_max"": 0.5, ""constrained_total_pct_max"": -3.0, ""high_exposure_pre_gulf_share_min"": 0.2, ""high_offset_ratio_min"": 0.7, ""min_post_months"": 3, ""min_pre_months"": 12, ""stable_gulf_share_abs_pp_max"": 12.0, ""stable_total_abs_pct_max"": 12.0}",descriptive_coverage_ok; aggregate_comparator,origin-split Eurostat aggregate comparator; EU27 is not a single importer
grid_058,0.2,0.7,-5.0,8.0,EU27,aggregate_comparator,aggregate_comparator,aggregate_comparator,True,81,81,1.0,context_only,aggregate_comparator,12,3,0.0583747562407402,0.0213294640327324,-3.7045292208007745,3.5177806173845916,-3.283672422888717,7.442076822334198,,0.1516932523316834,0.0987109662922369,"{""constrained_offset_ratio_max"": 0.5, ""constrained_total_pct_max"": -5.0, ""high_exposure_pre_gulf_share_min"": 0.2, ""high_offset_ratio_min"": 0.7, ""min_post_months"": 3, ""min_pre_months"": 12, ""stable_gulf_share_abs_pp_max"": 8.0, ""stable_total_abs_pct_max"": 8.0}",descriptive_coverage_ok; aggregate_comparator,origin-split Eurostat aggregate comparator; EU27 is not a single importer
grid_059,0.2,0.7,-5.0,10.0,EU27,aggregate_comparator,aggregate_comparator,aggregate_comparator,True,81,81,1.0,context_only,aggregate_comparator,12,3,0.0583747562407402,0.0213294640327324,-3.7045292208007745,3.5177806173845916,-3.283672422888717,7.442076822334198,,0.1516932523316834,0.0987109662922369,"{""constrained_offset_ratio_max"": 0.5, ""constrained_total_pct_max"": -5.0, ""high_exposure_pre_gulf_share_min"": 0.2, ""high_offset_ratio_min"": 0.7, ""min_post_months"": 3, ""min_pre_months"": 12, ""stable_gulf_share_abs_pp_max"": 10.0, ""stable_total_abs_pct_max"": 10.0}",descriptive_coverage_ok; aggregate_comparator,origin-split Eurostat aggregate comparator; EU27 is not a single importer
grid_060,0.2,0.7,-5.0,12.0,EU27,aggregate_comparator,aggregate_comparator,aggregate_comparator,True,81,81,1.0,context_only,aggregate_comparator,12,3,0.0583747562407402,0.0213294640327324,-3.7045292208007745,3.5177806173845916,-3.283672422888717,7.442076822334198,,0.1516932523316834,0.0987109662922369,"{""constrained_offset_ratio_max"": 0.5, ""constrained_total_pct_max"": -5.0, ""high_exposure_pre_gulf_share_min"": 0.2, ""high_offset_ratio_min"": 0.7, ""min_post_months"": 3, ""min_pre_months"": 12, ""stable_gulf_share_abs_pp_max"": 12.0, ""stable_total_abs_pct_max"": 12.0}",descriptive_coverage_ok; aggregate_comparator,origin-split Eurostat aggregate comparator; EU27 is not a single importer
grid_061,0.2,0.7,-10.0,8.0,EU27,aggregate_comparator,aggregate_comparator,aggregate_comparator,True,81,81,1.0,context_only,aggregate_comparator,12,3,0.0583747562407402,0.0213294640327324,-3.7045292208007745,3.5177806173845916,-3.283672422888717,7.442076822334198,,0.1516932523316834,0.0987109662922369,"{""constrained_offset_ratio_max"": 0.5, ""constrained_total_pct_max"": -10.0, ""high_exposure_pre_gulf_share_min"": 0.2, ""high_offset_ratio_min"": 0.7, ""min_post_months"": 3, ""min_pre_months"": 12, ""stable_gulf_share_abs_pp_max"": 8.0, ""stable_total_abs_pct_max"": 8.0}",descriptive_coverage_ok; aggregate_comparator,origin-split Eurostat aggregate comparator; EU27 is not a single importer
grid_062,0.2,0.7,-10.0,10.0,EU27,aggregate_comparator,aggregate_comparator,aggregate_comparator,True,81,81,1.0,context_only,aggregate_comparator,12,3,0.0583747562407402,0.0213294640327324,-3.7045292208007745,3.5177806173845916,-3.283672422888717,7.442076822334198,,0.1516932523316834,0.0987109662922369,"{""constrained_offset_ratio_max"": 0.5, ""constrained_total_pct_max"": -10.0, ""high_exposure_pre_gulf_share_min"": 0.2, ""high_offset_ratio_min"": 0.7, ""min_post_months"": 3, ""min_pre_months"": 12, ""stable_gulf_share_abs_pp_max"": 10.0, ""stable_total_abs_pct_max"": 10.0}",descriptive_coverage_ok; aggregate_comparator,origin-split Eurostat aggregate comparator; EU27 is not a single importer
grid_063,0.2,0.7,-10.0,12.0,EU27,aggregate_comparator,aggregate_comparator,aggregate_comparator,True,81,81,1.0,context_only,aggregate_comparator,12,3,0.0583747562407402,0.0213294640327324,-3.7045292208007745,3.5177806173845916,-3.283672422888717,7.442076822334198,,0.1516932523316834,0.0987109662922369,"{""constrained_offset_ratio_max"": 0.5, ""constrained_total_pct_max"": -10.0, ""high_exposure_pre_gulf_share_min"": 0.2, ""high_offset_ratio_min"": 0.7, ""min_post_months"": 3, ""min_pre_months"": 12, ""stable_gulf_share_abs_pp_max"": 12.0, ""stable_total_abs_pct_max"": 12.0}",descriptive_coverage_ok; aggregate_comparator,origin-split Eurostat aggregate comparator; EU27 is not a single importer
grid_064,0.2,0.8,-3.0,8.0,EU27,aggregate_comparator,aggregate_comparator,aggregate_comparator,True,81,81,1.0,context_only,aggregate_comparator,12,3,0.0583747562407402,0.0213294640327324,-3.7045292208007745,3.5177806173845916,-3.283672422888717,7.442076822334198,,0.1516932523316834,0.0987109662922369,"{""constrained_offset_ratio_max"": 0.5, ""constrained_total_pct_max"": -3.0, ""high_exposure_pre_gulf_share_min"": 0.2, ""high_offset_ratio_min"": 0.8, ""min_post_months"": 3, ""min_pre_months"": 12, ""stable_gulf_share_abs_pp_max"": 8.0, ""stable_total_abs_pct_max"": 8.0}",descriptive_coverage_ok; aggregate_comparator,origin-split Eurostat aggregate comparator; EU27 is not a single importer
grid_065,0.2,0.8,-3.0,10.0,EU27,aggregate_comparator,aggregate_comparator,aggregate_comparator,True,81,81,1.0,context_only,aggregate_comparator,12,3,0.0583747562407402,0.0213294640327324,-3.7045292208007745,3.5177806173845916,-3.283672422888717,7.442076822334198,,0.1516932523316834,0.0987109662922369,"{""constrained_offset_ratio_max"": 0.5, ""constrained_total_pct_max"": -3.0, ""high_exposure_pre_gulf_share_min"": 0.2, ""high_offset_ratio_min"": 0.8, ""min_post_months"": 3, ""min_pre_months"": 12, ""stable_gulf_share_abs_pp_max"": 10.0, ""stable_total_abs_pct_max"": 10.0}",descriptive_coverage_ok; aggregate_comparator,origin-split Eurostat aggregate comparator; EU27 is not a single importer
grid_066,0.2,0.8,-3.0,12.0,EU27,aggregate_comparator,aggregate_comparator,aggregate_comparator,True,81,81,1.0,context_only,aggregate_comparator,12,3,0.0583747562407402,0.0213294640327324,-3.7045292208007745,3.5177806173845916,-3.283672422888717,7.442076822334198,,0.1516932523316834,0.0987109662922369,"{""constrained_offset_ratio_max"": 0.5, ""constrained_total_pct_max"": -3.0, ""high_exposure_pre_gulf_share_min"": 0.2, ""high_offset_ratio_min"": 0.8, ""min_post_months"": 3, ""min_pre_months"": 12, ""stable_gulf_share_abs_pp_max"": 12.0, ""stable_total_abs_pct_max"": 12.0}",descriptive_coverage_ok; aggregate_comparator,origin-split Eurostat aggregate comparator; EU27 is not a single importer
grid_067,0.2,0.8,-5.0,8.0,EU27,aggregate_comparator,aggregate_comparator,aggregate_comparator,True,81,81,1.0,context_only,aggregate_comparator,12,3,0.0583747562407402,0.0213294640327324,-3.7045292208007745,3.5177806173845916,-3.283672422888717,7.442076822334198,,0.1516932523316834,0.0987109662922369,"{""constrained_offset_ratio_max"": 0.5, ""constrained_total_pct_max"": -5.0, ""high_exposure_pre_gulf_share_min"": 0.2, ""high_offset_ratio_min"": 0.8, ""min_post_months"": 3, ""min_pre_months"": 12, ""stable_gulf_share_abs_pp_max"": 8.0, ""stable_total_abs_pct_max"": 8.0}",descriptive_coverage_ok; aggregate_comparator,origin-split Eurostat aggregate comparator; EU27 is not a single importer
grid_068,0.2,0.8,-5.0,10.0,EU27,aggregate_comparator,aggregate_comparator,aggregate_comparator,True,81,81,1.0,context_only,aggregate_comparator,12,3,0.0583747562407402,0.0213294640327324,-3.7045292208007745,3.5177806173845916,-3.283672422888717,7.442076822334198,,0.1516932523316834,0.0987109662922369,"{""constrained_offset_ratio_max"": 0.5, ""constrained_total_pct_max"": -5.0, ""high_exposure_pre_gulf_share_min"": 0.2, ""high_offset_ratio_min"": 0.8, ""min_post_months"": 3, ""min_pre_months"": 12, ""stable_gulf_share_abs_pp_max"": 10.0, ""stable_total_abs_pct_max"": 10.0}",descriptive_coverage_ok; aggregate_comparator,origin-split Eurostat aggregate comparator; EU27 is not a single importer
grid_069,0.2,0.8,-5.0,12.0,EU27,aggregate_comparator,aggregate_comparator,aggregate_comparator,True,81,81,1.0,context_only,aggregate_comparator,12,3,0.0583747562407402,0.0213294640327324,-3.7045292208007745,3.5177806173845916,-3.283672422888717,7.442076822334198,,0.1516932523316834,0.0987109662922369,"{""constrained_offset_ratio_max"": 0.5, ""constrained_total_pct_max"": -5.0, ""high_exposure_pre_gulf_share_min"": 0.2, ""high_offset_ratio_min"": 0.8, ""min_post_months"": 3, ""min_pre_months"": 12, ""stable_gulf_share_abs_pp_max"": 12.0, ""stable_total_abs_pct_max"": 12.0}",descriptive_coverage_ok; aggregate_comparator,origin-split Eurostat aggregate comparator; EU27 is not a single importer
grid_070,0.2,0.8,-10.0,8.0,EU27,aggregate_comparator,aggregate_comparator,aggregate_comparator,True,81,81,1.0,context_only,aggregate_comparator,12,3,0.0583747562407402,0.0213294640327324,-3.7045292208007745,3.5177806173845916,-3.283672422888717,7.442076822334198,,0.1516932523316834,0.0987109662922369,"{""constrained_offset_ratio_max"": 0.5, ""constrained_total_pct_max"": -10.0, ""high_exposure_pre_gulf_share_min"": 0.2, ""high_offset_ratio_min"": 0.8, ""min_post_months"": 3, ""min_pre_months"": 12, ""stable_gulf_share_abs_pp_max"": 8.0, ""stable_total_abs_pct_max"": 8.0}",descriptive_coverage_ok; aggregate_comparator,origin-split Eurostat aggregate comparator; EU27 is not a single importer
grid_071,0.2,0.8,-10.0,10.0,EU27,aggregate_comparator,aggregate_comparator,aggregate_comparator,True,81,81,1.0,context_only,aggregate_comparator,12,3,0.0583747562407402,0.0213294640327324,-3.7045292208007745,3.5177806173845916,-3.283672422888717,7.442076822334198,,0.1516932523316834,0.0987109662922369,"{""constrained_offset_ratio_max"": 0.5, ""constrained_total_pct_max"": -10.0, ""high_exposure_pre_gulf_share_min"": 0.2, ""high_offset_ratio_min"": 0.8, ""min_post_months"": 3, ""min_pre_months"": 12, ""stable_gulf_share_abs_pp_max"": 10.0, ""stable_total_abs_pct_max"": 10.0}",descriptive_coverage_ok; aggregate_comparator,origin-split Eurostat aggregate comparator; EU27 is not a single importer
grid_072,0.2,0.8,-10.0,12.0,EU27,aggregate_comparator,aggregate_comparator,aggregate_comparator,True,81,81,1.0,context_only,aggregate_comparator,12,3,0.0583747562407402,0.0213294640327324,-3.7045292208007745,3.5177806173845916,-3.283672422888717,7.442076822334198,,0.1516932523316834,0.0987109662922369,"{""constrained_offset_ratio_max"": 0.5, ""constrained_total_pct_max"": -10.0, ""high_exposure_pre_gulf_share_min"": 0.2, ""high_offset_ratio_min"": 0.8, ""min_post_months"": 3, ""min_pre_months"": 12, ""stable_gulf_share_abs_pp_max"": 12.0, ""stable_total_abs_pct_max"": 12.0}",descriptive_coverage_ok; aggregate_comparator,origin-split Eurostat aggregate comparator; EU27 is not a single importer
grid_073,0.2,0.9,-3.0,8.0,EU27,aggregate_comparator,aggregate_comparator,aggregate_comparator,True,81,81,1.0,context_only,aggregate_comparator,12,3,0.0583747562407402,0.0213294640327324,-3.7045292208007745,3.5177806173845916,-3.283672422888717,7.442076822334198,,0.1516932523316834,0.0987109662922369,"{""constrained_offset_ratio_max"": 0.5, ""constrained_total_pct_max"": -3.0, ""high_exposure_pre_gulf_share_min"": 0.2, ""high_offset_ratio_min"": 0.9, ""min_post_months"": 3, ""min_pre_months"": 12, ""stable_gulf_share_abs_pp_max"": 8.0, ""stable_total_abs_pct_max"": 8.0}",descriptive_coverage_ok; aggregate_comparator,origin-split Eurostat aggregate comparator; EU27 is not a single importer
grid_074,0.2,0.9,-3.0,10.0,EU27,aggregate_comparator,aggregate_comparator,aggregate_comparator,True,81,81,1.0,context_only,aggregate_comparator,12,3,0.0583747562407402,0.0213294640327324,-3.7045292208007745,3.5177806173845916,-3.283672422888717,7.442076822334198,,0.1516932523316834,0.0987109662922369,"{""constrained_offset_ratio_max"": 0.5, ""constrained_total_pct_max"": -3.0, ""high_exposure_pre_gulf_share_min"": 0.2, ""high_offset_ratio_min"": 0.9, ""min_post_months"": 3, ""min_pre_months"": 12, ""stable_gulf_share_abs_pp_max"": 10.0, ""stable_total_abs_pct_max"": 10.0}",descriptive_coverage_ok; aggregate_comparator,origin-split Eurostat aggregate comparator; EU27 is not a single importer
grid_075,0.2,0.9,-3.0,12.0,EU27,aggregate_comparator,aggregate_comparator,aggregate_comparator,True,81,81,1.0,context_only,aggregate_comparator,12,3,0.0583747562407402,0.0213294640327324,-3.7045292208007745,3.5177806173845916,-3.283672422888717,7.442076822334198,,0.1516932523316834,0.0987109662922369,"{""constrained_offset_ratio_max"": 0.5, ""constrained_total_pct_max"": -3.0, ""high_exposure_pre_gulf_share_min"": 0.2, ""high_offset_ratio_min"": 0.9, ""min_post_months"": 3, ""min_pre_months"": 12, ""stable_gulf_share_abs_pp_max"": 12.0, ""stable_total_abs_pct_max"": 12.0}",descriptive_coverage_ok; aggregate_comparator,origin-split Eurostat aggregate comparator; EU27 is not a single importer
grid_076,0.2,0.9,-5.0,8.0,EU27,aggregate_comparator,aggregate_comparator,aggregate_comparator,True,81,81,1.0,context_only,aggregate_comparator,12,3,0.0583747562407402,0.0213294640327324,-3.7045292208007745,3.5177806173845916,-3.283672422888717,7.442076822334198,,0.1516932523316834,0.0987109662922369,"{""constrained_offset_ratio_max"": 0.5, ""constrained_total_pct_max"": -5.0, ""high_exposure_pre_gulf_share_min"": 0.2, ""high_offset_ratio_min"": 0.9, ""min_post_months"": 3, ""min_pre_months"": 12, ""stable_gulf_share_abs_pp_max"": 8.0, ""stable_total_abs_pct_max"": 8.0}",descriptive_coverage_ok; aggregate_comparator,origin-split Eurostat aggregate comparator; EU27 is not a single importer
grid_077,0.2,0.9,-5.0,10.0,EU27,aggregate_comparator,aggregate_comparator,aggregate_comparator,True,81,81,1.0,context_only,aggregate_comparator,12,3,0.0583747562407402,0.0213294640327324,-3.7045292208007745,3.5177806173845916,-3.283672422888717,7.442076822334198,,0.1516932523316834,0.0987109662922369,"{""constrained_offset_ratio_max"": 0.5, ""constrained_total_pct_max"": -5.0, ""high_exposure_pre_gulf_share_min"": 0.2, ""high_offset_ratio_min"": 0.9, ""min_post_months"": 3, ""min_pre_months"": 12, ""stable_gulf_share_abs_pp_max"": 10.0, ""stable_total_abs_pct_max"": 10.0}",descriptive_coverage_ok; aggregate_comparator,origin-split Eurostat aggregate comparator; EU27 is not a single importer
grid_078,0.2,0.9,-5.0,12.0,EU27,aggregate_comparator,aggregate_comparator,aggregate_comparator,True,81,81,1.0,context_only,aggregate_comparator,12,3,0.0583747562407402,0.0213294640327324,-3.7045292208007745,3.5177806173845916,-3.283672422888717,7.442076822334198,,0.1516932523316834,0.0987109662922369,"{""constrained_offset_ratio_max"": 0.5, ""constrained_total_pct_max"": -5.0, ""high_exposure_pre_gulf_share_min"": 0.2, ""high_offset_ratio_min"": 0.9, ""min_post_months"": 3, ""min_pre_months"": 12, ""stable_gulf_share_abs_pp_max"": 12.0, ""stable_total_abs_pct_max"": 12.0}",descriptive_coverage_ok; aggregate_comparator,origin-split Eurostat aggregate comparator; EU27 is not a single importer
grid_079,0.2,0.9,-10.0,8.0,EU27,aggregate_comparator,aggregate_comparator,aggregate_comparator,True,81,81,1.0,context_only,aggregate_comparator,12,3,0.0583747562407402,0.0213294640327324,-3.7045292208007745,3.5177806173845916,-3.283672422888717,7.442076822334198,,0.1516932523316834,0.0987109662922369,"{""constrained_offset_ratio_max"": 0.5, ""constrained_total_pct_max"": -10.0, ""high_exposure_pre_gulf_share_min"": 0.2, ""high_offset_ratio_min"": 0.9, ""min_post_months"": 3, ""min_pre_months"": 12, ""stable_gulf_share_abs_pp_max"": 8.0, ""stable_total_abs_pct_max"": 8.0}",descriptive_coverage_ok; aggregate_comparator,origin-split Eurostat aggregate comparator; EU27 is not a single importer
grid_080,0.2,0.9,-10.0,10.0,EU27,aggregate_comparator,aggregate_comparator,aggregate_comparator,True,81,81,1.0,context_only,aggregate_comparator,12,3,0.0583747562407402,0.0213294640327324,-3.7045292208007745,3.5177806173845916,-3.283672422888717,7.442076822334198,,0.1516932523316834,0.0987109662922369,"{""constrained_offset_ratio_max"": 0.5, ""constrained_total_pct_max"": -10.0, ""high_exposure_pre_gulf_share_min"": 0.2, ""high_offset_ratio_min"": 0.9, ""min_post_months"": 3, ""min_pre_months"": 12, ""stable_gulf_share_abs_pp_max"": 10.0, ""stable_total_abs_pct_max"": 10.0}",descriptive_coverage_ok; aggregate_comparator,origin-split Eurostat aggregate comparator; EU27 is not a single importer
grid_081,0.2,0.9,-10.0,12.0,EU27,aggregate_comparator,aggregate_comparator,aggregate_comparator,True,81,81,1.0,context_only,aggregate_comparator,12,3,0.0583747562407402,0.0213294640327324,-3.7045292208007745,3.5177806173845916,-3.283672422888717,7.442076822334198,,0.1516932523316834,0.0987109662922369,"{""constrained_offset_ratio_max"": 0.5, ""constrained_total_pct_max"": -10.0, ""high_exposure_pre_gulf_share_min"": 0.2, ""high_offset_ratio_min"": 0.9, ""min_post_months"": 3, ""min_pre_months"": 12, ""stable_gulf_share_abs_pp_max"": 12.0, ""stable_total_abs_pct_max"": 12.0}",descriptive_coverage_ok; aggregate_comparator,origin-split Eurostat aggregate comparator; EU27 is not a single importer
grid_001,0.1,0.7,-3.0,8.0,India,importer,high_exposure_high_offset,high_exposure_high_offset,True,81,81,1.0,medium,value_basis_caution,12,3,0.5806949579688169,0.058119477916328,-52.257548005248886,5.137888313788963,5.939381170238378,137.55787797918347,1.3659766438919,0.4070399573314663,0.4722156258386733,"{""constrained_offset_ratio_max"": 0.5, ""constrained_total_pct_max"": -3.0, ""high_exposure_pre_gulf_share_min"": 0.1, ""high_offset_ratio_min"": 0.7, ""min_post_months"": 3, ""min_pre_months"": 12, ""stable_gulf_share_abs_pp_max"": 8.0, ""stable_total_abs_pct_max"": 8.0}",descriptive_coverage_ok; value_basis,strict origin-split national customs; value basis because Tradestat HS-6 monthly quantity is unpopulated
grid_002,0.1,0.7,-3.0,10.0,India,importer,high_exposure_high_offset,high_exposure_high_offset,True,81,81,1.0,medium,value_basis_caution,12,3,0.5806949579688169,0.058119477916328,-52.257548005248886,5.137888313788963,5.939381170238378,137.55787797918347,1.3659766438919,0.4070399573314663,0.4722156258386733,"{""constrained_offset_ratio_max"": 0.5, ""constrained_total_pct_max"": -3.0, ""high_exposure_pre_gulf_share_min"": 0.1, ""high_offset_ratio_min"": 0.7, ""min_post_months"": 3, ""min_pre_months"": 12, ""stable_gulf_share_abs_pp_max"": 10.0, ""stable_total_abs_pct_max"": 10.0}",descriptive_coverage_ok; value_basis,strict origin-split national customs; value basis because Tradestat HS-6 monthly quantity is unpopulated
grid_003,0.1,0.7,-3.0,12.0,India,importer,high_exposure_high_offset,high_exposure_high_offset,True,81,81,1.0,medium,value_basis_caution,12,3,0.5806949579688169,0.058119477916328,-52.257548005248886,5.137888313788963,5.939381170238378,137.55787797918347,1.3659766438919,0.4070399573314663,0.4722156258386733,"{""constrained_offset_ratio_max"": 0.5, ""constrained_total_pct_max"": -3.0, ""high_exposure_pre_gulf_share_min"": 0.1, ""high_offset_ratio_min"": 0.7, ""min_post_months"": 3, ""min_pre_months"": 12, ""stable_gulf_share_abs_pp_max"": 12.0, ""stable_total_abs_pct_max"": 12.0}",descriptive_coverage_ok; value_basis,strict origin-split national customs; value basis because Tradestat HS-6 monthly quantity is unpopulated
grid_004,0.1,0.7,-5.0,8.0,India,importer,high_exposure_high_offset,high_exposure_high_offset,True,81,81,1.0,medium,value_basis_caution,12,3,0.5806949579688169,0.058119477916328,-52.257548005248886,5.137888313788963,5.939381170238378,137.55787797918347,1.3659766438919,0.4070399573314663,0.4722156258386733,"{""constrained_offset_ratio_max"": 0.5, ""constrained_total_pct_max"": -5.0, ""high_exposure_pre_gulf_share_min"": 0.1, ""high_offset_ratio_min"": 0.7, ""min_post_months"": 3, ""min_pre_months"": 12, ""stable_gulf_share_abs_pp_max"": 8.0, ""stable_total_abs_pct_max"": 8.0}",descriptive_coverage_ok; value_basis,strict origin-split national customs; value basis because Tradestat HS-6 monthly quantity is unpopulated
grid_005,0.1,0.7,-5.0,10.0,India,importer,high_exposure_high_offset,high_exposure_high_offset,True,81,81,1.0,medium,value_basis_caution,12,3,0.5806949579688169,0.058119477916328,-52.257548005248886,5.137888313788963,5.939381170238378,137.55787797918347,1.3659766438919,0.4070399573314663,0.4722156258386733,"{""constrained_offset_ratio_max"": 0.5, ""constrained_total_pct_max"": -5.0, ""high_exposure_pre_gulf_share_min"": 0.1, ""high_offset_ratio_min"": 0.7, ""min_post_months"": 3, ""min_pre_months"": 12, ""stable_gulf_share_abs_pp_max"": 10.0, ""stable_total_abs_pct_max"": 10.0}",descriptive_coverage_ok; value_basis,strict origin-split national customs; value basis because Tradestat HS-6 monthly quantity is unpopulated
grid_006,0.1,0.7,-5.0,12.0,India,importer,high_exposure_high_offset,high_exposure_high_offset,True,81,81,1.0,medium,value_basis_caution,12,3,0.5806949579688169,0.058119477916328,-52.257548005248886,5.137888313788963,5.939381170238378,137.55787797918347,1.3659766438919,0.4070399573314663,0.4722156258386733,"{""constrained_offset_ratio_max"": 0.5, ""constrained_total_pct_max"": -5.0, ""high_exposure_pre_gulf_share_min"": 0.1, ""high_offset_ratio_min"": 0.7, ""min_post_months"": 3, ""min_pre_months"": 12, ""stable_gulf_share_abs_pp_max"": 12.0, ""stable_total_abs_pct_max"": 12.0}",descriptive_coverage_ok; value_basis,strict origin-split national customs; value basis because Tradestat HS-6 monthly quantity is unpopulated
grid_007,0.1,0.7,-10.0,8.0,India,importer,high_exposure_high_offset,high_exposure_high_offset,True,81,81,1.0,medium,value_basis_caution,12,3,0.5806949579688169,0.058119477916328,-52.257548005248886,5.137888313788963,5.939381170238378,137.55787797918347,1.3659766438919,0.4070399573314663,0.4722156258386733,"{""constrained_offset_ratio_max"": 0.5, ""constrained_total_pct_max"": -10.0, ""high_exposure_pre_gulf_share_min"": 0.1, ""high_offset_ratio_min"": 0.7, ""min_post_months"": 3, ""min_pre_months"": 12, ""stable_gulf_share_abs_pp_max"": 8.0, ""stable_total_abs_pct_max"": 8.0}",descriptive_coverage_ok; value_basis,strict origin-split national customs; value basis because Tradestat HS-6 monthly quantity is unpopulated
grid_008,0.1,0.7,-10.0,10.0,India,importer,high_exposure_high_offset,high_exposure_high_offset,True,81,81,1.0,medium,value_basis_caution,12,3,0.5806949579688169,0.058119477916328,-52.257548005248886,5.137888313788963,5.939381170238378,137.55787797918347,1.3659766438919,0.4070399573314663,0.4722156258386733,"{""constrained_offset_ratio_max"": 0.5, ""constrained_total_pct_max"": -10.0, ""high_exposure_pre_gulf_share_min"": 0.1, ""high_offset_ratio_min"": 0.7, ""min_post_months"": 3, ""min_pre_months"": 12, ""stable_gulf_share_abs_pp_max"": 10.0, ""stable_total_abs_pct_max"": 10.0}",descriptive_coverage_ok; value_basis,strict origin-split national customs; value basis because Tradestat HS-6 monthly quantity is unpopulated
grid_009,0.1,0.7,-10.0,12.0,India,importer,high_exposure_high_offset,high_exposure_high_offset,True,81,81,1.0,medium,value_basis_caution,12,3,0.5806949579688169,0.058119477916328,-52.257548005248886,5.137888313788963,5.939381170238378,137.55787797918347,1.3659766438919,0.4070399573314663,0.4722156258386733,"{""constrained_offset_ratio_max"": 0.5, ""constrained_total_pct_max"": -10.0, ""high_exposure_pre_gulf_share_min"": 0.1, ""high_offset_ratio_min"": 0.7, ""min_post_months"": 3, ""min_pre_months"": 12, ""stable_gulf_share_abs_pp_max"": 12.0, ""stable_total_abs_pct_max"": 12.0}",descriptive_coverage_ok; value_basis,strict origin-split national customs; value basis because Tradestat HS-6 monthly quantity is unpopulated
grid_010,0.1,0.8,-3.0,8.0,India,importer,high_exposure_high_offset,high_exposure_high_offset,True,81,81,1.0,medium,value_basis_caution,12,3,0.5806949579688169,0.058119477916328,-52.257548005248886,5.137888313788963,5.939381170238378,137.55787797918347,1.3659766438919,0.4070399573314663,0.4722156258386733,"{""constrained_offset_ratio_max"": 0.5, ""constrained_total_pct_max"": -3.0, ""high_exposure_pre_gulf_share_min"": 0.1, ""high_offset_ratio_min"": 0.8, ""min_post_months"": 3, ""min_pre_months"": 12, ""stable_gulf_share_abs_pp_max"": 8.0, ""stable_total_abs_pct_max"": 8.0}",descriptive_coverage_ok; value_basis,strict origin-split national customs; value basis because Tradestat HS-6 monthly quantity is unpopulated
grid_011,0.1,0.8,-3.0,10.0,India,importer,high_exposure_high_offset,high_exposure_high_offset,True,81,81,1.0,medium,value_basis_caution,12,3,0.5806949579688169,0.058119477916328,-52.257548005248886,5.137888313788963,5.939381170238378,137.55787797918347,1.3659766438919,0.4070399573314663,0.4722156258386733,"{""constrained_offset_ratio_max"": 0.5, ""constrained_total_pct_max"": -3.0, ""high_exposure_pre_gulf_share_min"": 0.1, ""high_offset_ratio_min"": 0.8, ""min_post_months"": 3, ""min_pre_months"": 12, ""stable_gulf_share_abs_pp_max"": 10.0, ""stable_total_abs_pct_max"": 10.0}",descriptive_coverage_ok; value_basis,strict origin-split national customs; value basis because Tradestat HS-6 monthly quantity is unpopulated
grid_012,0.1,0.8,-3.0,12.0,India,importer,high_exposure_high_offset,high_exposure_high_offset,True,81,81,1.0,medium,value_basis_caution,12,3,0.5806949579688169,0.058119477916328,-52.257548005248886,5.137888313788963,5.939381170238378,137.55787797918347,1.3659766438919,0.4070399573314663,0.4722156258386733,"{""constrained_offset_ratio_max"": 0.5, ""constrained_total_pct_max"": -3.0, ""high_exposure_pre_gulf_share_min"": 0.1, ""high_offset_ratio_min"": 0.8, ""min_post_months"": 3, ""min_pre_months"": 12, ""stable_gulf_share_abs_pp_max"": 12.0, ""stable_total_abs_pct_max"": 12.0}",descriptive_coverage_ok; value_basis,strict origin-split national customs; value basis because Tradestat HS-6 monthly quantity is unpopulated
grid_013,0.1,0.8,-5.0,8.0,India,importer,high_exposure_high_offset,high_exposure_high_offset,True,81,81,1.0,medium,value_basis_caution,12,3,0.5806949579688169,0.058119477916328,-52.257548005248886,5.137888313788963,5.939381170238378,137.55787797918347,1.3659766438919,0.4070399573314663,0.4722156258386733,"{""constrained_offset_ratio_max"": 0.5, ""constrained_total_pct_max"": -5.0, ""high_exposure_pre_gulf_share_min"": 0.1, ""high_offset_ratio_min"": 0.8, ""min_post_months"": 3, ""min_pre_months"": 12, ""stable_gulf_share_abs_pp_max"": 8.0, ""stable_total_abs_pct_max"": 8.0}",descriptive_coverage_ok; value_basis,strict origin-split national customs; value basis because Tradestat HS-6 monthly quantity is unpopulated
grid_014,0.1,0.8,-5.0,10.0,India,importer,high_exposure_high_offset,high_exposure_high_offset,True,81,81,1.0,medium,value_basis_caution,12,3,0.5806949579688169,0.058119477916328,-52.257548005248886,5.137888313788963,5.939381170238378,137.55787797918347,1.3659766438919,0.4070399573314663,0.4722156258386733,"{""constrained_offset_ratio_max"": 0.5, ""constrained_total_pct_max"": -5.0, ""high_exposure_pre_gulf_share_min"": 0.1, ""high_offset_ratio_min"": 0.8, ""min_post_months"": 3, ""min_pre_months"": 12, ""stable_gulf_share_abs_pp_max"": 10.0, ""stable_total_abs_pct_max"": 10.0}",descriptive_coverage_ok; value_basis,strict origin-split national customs; value basis because Tradestat HS-6 monthly quantity is unpopulated
grid_015,0.1,0.8,-5.0,12.0,India,importer,high_exposure_high_offset,high_exposure_high_offset,True,81,81,1.0,medium,value_basis_caution,12,3,0.5806949579688169,0.058119477916328,-52.257548005248886,5.137888313788963,5.939381170238378,137.55787797918347,1.3659766438919,0.4070399573314663,0.4722156258386733,"{""constrained_offset_ratio_max"": 0.5, ""constrained_total_pct_max"": -5.0, ""high_exposure_pre_gulf_share_min"": 0.1, ""high_offset_ratio_min"": 0.8, ""min_post_months"": 3, ""min_pre_months"": 12, ""stable_gulf_share_abs_pp_max"": 12.0, ""stable_total_abs_pct_max"": 12.0}",descriptive_coverage_ok; value_basis,strict origin-split national customs; value basis because Tradestat HS-6 monthly quantity is unpopulated
grid_016,0.1,0.8,-10.0,8.0,India,importer,high_exposure_high_offset,high_exposure_high_offset,True,81,81,1.0,medium,value_basis_caution,12,3,0.5806949579688169,0.058119477916328,-52.257548005248886,5.137888313788963,5.939381170238378,137.55787797918347,1.3659766438919,0.4070399573314663,0.4722156258386733,"{""constrained_offset_ratio_max"": 0.5, ""constrained_total_pct_max"": -10.0, ""high_exposure_pre_gulf_share_min"": 0.1, ""high_offset_ratio_min"": 0.8, ""min_post_months"": 3, ""min_pre_months"": 12, ""stable_gulf_share_abs_pp_max"": 8.0, ""stable_total_abs_pct_max"": 8.0}",descriptive_coverage_ok; value_basis,strict origin-split national customs; value basis because Tradestat HS-6 monthly quantity is unpopulated
grid_017,0.1,0.8,-10.0,10.0,India,importer,high_exposure_high_offset,high_exposure_high_offset,True,81,81,1.0,medium,value_basis_caution,12,3,0.5806949579688169,0.058119477916328,-52.257548005248886,5.137888313788963,5.939381170238378,137.55787797918347,1.3659766438919,0.4070399573314663,0.4722156258386733,"{""constrained_offset_ratio_max"": 0.5, ""constrained_total_pct_max"": -10.0, ""high_exposure_pre_gulf_share_min"": 0.1, ""high_offset_ratio_min"": 0.8, ""min_post_months"": 3, ""min_pre_months"": 12, ""stable_gulf_share_abs_pp_max"": 10.0, ""stable_total_abs_pct_max"": 10.0}",descriptive_coverage_ok; value_basis,strict origin-split national customs; value basis because Tradestat HS-6 monthly quantity is unpopulated
grid_018,0.1,0.8,-10.0,12.0,India,importer,high_exposure_high_offset,high_exposure_high_offset,True,81,81,1.0,medium,value_basis_caution,12,3,0.5806949579688169,0.058119477916328,-52.257548005248886,5.137888313788963,5.939381170238378,137.55787797918347,1.3659766438919,0.4070399573314663,0.4722156258386733,"{""constrained_offset_ratio_max"": 0.5, ""constrained_total_pct_max"": -10.0, ""high_exposure_pre_gulf_share_min"": 0.1, ""high_offset_ratio_min"": 0.8, ""min_post_months"": 3, ""min_pre_months"": 12, ""stable_gulf_share_abs_pp_max"": 12.0, ""stable_total_abs_pct_max"": 12.0}",descriptive_coverage_ok; value_basis,strict origin-split national customs; value basis because Tradestat HS-6 monthly quantity is unpopulated
grid_019,0.1,0.9,-3.0,8.0,India,importer,high_exposure_high_offset,high_exposure_high_offset,True,81,81,1.0,medium,value_basis_caution,12,3,0.5806949579688169,0.058119477916328,-52.257548005248886,5.137888313788963,5.939381170238378,137.55787797918347,1.3659766438919,0.4070399573314663,0.4722156258386733,"{""constrained_offset_ratio_max"": 0.5, ""constrained_total_pct_max"": -3.0, ""high_exposure_pre_gulf_share_min"": 0.1, ""high_offset_ratio_min"": 0.9, ""min_post_months"": 3, ""min_pre_months"": 12, ""stable_gulf_share_abs_pp_max"": 8.0, ""stable_total_abs_pct_max"": 8.0}",descriptive_coverage_ok; value_basis,strict origin-split national customs; value basis because Tradestat HS-6 monthly quantity is unpopulated
grid_020,0.1,0.9,-3.0,10.0,India,importer,high_exposure_high_offset,high_exposure_high_offset,True,81,81,1.0,medium,value_basis_caution,12,3,0.5806949579688169,0.058119477916328,-52.257548005248886,5.137888313788963,5.939381170238378,137.55787797918347,1.3659766438919,0.4070399573314663,0.4722156258386733,"{""constrained_offset_ratio_max"": 0.5, ""constrained_total_pct_max"": -3.0, ""high_exposure_pre_gulf_share_min"": 0.1, ""high_offset_ratio_min"": 0.9, ""min_post_months"": 3, ""min_pre_months"": 12, ""stable_gulf_share_abs_pp_max"": 10.0, ""stable_total_abs_pct_max"": 10.0}",descriptive_coverage_ok; value_basis,strict origin-split national customs; value basis because Tradestat HS-6 monthly quantity is unpopulated
grid_021,0.1,0.9,-3.0,12.0,India,importer,high_exposure_high_offset,high_exposure_high_offset,True,81,81,1.0,medium,value_basis_caution,12,3,0.5806949579688169,0.058119477916328,-52.257548005248886,5.137888313788963,5.939381170238378,137.55787797918347,1.3659766438919,0.4070399573314663,0.4722156258386733,"{""constrained_offset_ratio_max"": 0.5, ""constrained_total_pct_max"": -3.0, ""high_exposure_pre_gulf_share_min"": 0.1, ""high_offset_ratio_min"": 0.9, ""min_post_months"": 3, ""min_pre_months"": 12, ""stable_gulf_share_abs_pp_max"": 12.0, ""stable_total_abs_pct_max"": 12.0}",descriptive_coverage_ok; value_basis,strict origin-split national customs; value basis because Tradestat HS-6 monthly quantity is unpopulated
grid_022,0.1,0.9,-5.0,8.0,India,importer,high_exposure_high_offset,high_exposure_high_offset,True,81,81,1.0,medium,value_basis_caution,12,3,0.5806949579688169,0.058119477916328,-52.257548005248886,5.137888313788963,5.939381170238378,137.55787797918347,1.3659766438919,0.4070399573314663,0.4722156258386733,"{""constrained_offset_ratio_max"": 0.5, ""constrained_total_pct_max"": -5.0, ""high_exposure_pre_gulf_share_min"": 0.1, ""high_offset_ratio_min"": 0.9, ""min_post_months"": 3, ""min_pre_months"": 12, ""stable_gulf_share_abs_pp_max"": 8.0, ""stable_total_abs_pct_max"": 8.0}",descriptive_coverage_ok; value_basis,strict origin-split national customs; value basis because Tradestat HS-6 monthly quantity is unpopulated
grid_023,0.1,0.9,-5.0,10.0,India,importer,high_exposure_high_offset,high_exposure_high_offset,True,81,81,1.0,medium,value_basis_caution,12,3,0.5806949579688169,0.058119477916328,-52.257548005248886,5.137888313788963,5.939381170238378,137.55787797918347,1.3659766438919,0.4070399573314663,0.4722156258386733,"{""constrained_offset_ratio_max"": 0.5, ""constrained_total_pct_max"": -5.0, ""high_exposure_pre_gulf_share_min"": 0.1, ""high_offset_ratio_min"": 0.9, ""min_post_months"": 3, ""min_pre_months"": 12, ""stable_gulf_share_abs_pp_max"": 10.0, ""stable_total_abs_pct_max"": 10.0}",descriptive_coverage_ok; value_basis,strict origin-split national customs; value basis because Tradestat HS-6 monthly quantity is unpopulated
grid_024,0.1,0.9,-5.0,12.0,India,importer,high_exposure_high_offset,high_exposure_high_offset,True,81,81,1.0,medium,value_basis_caution,12,3,0.5806949579688169,0.058119477916328,-52.257548005248886,5.137888313788963,5.939381170238378,137.55787797918347,1.3659766438919,0.4070399573314663,0.4722156258386733,"{""constrained_offset_ratio_max"": 0.5, ""constrained_total_pct_max"": -5.0, ""high_exposure_pre_gulf_share_min"": 0.1, ""high_offset_ratio_min"": 0.9, ""min_post_months"": 3, ""min_pre_months"": 12, ""stable_gulf_share_abs_pp_max"": 12.0, ""stable_total_abs_pct_max"": 12.0}",descriptive_coverage_ok; value_basis,strict origin-split national customs; value basis because Tradestat HS-6 monthly quantity is unpopulated
grid_025,0.1,0.9,-10.0,8.0,India,importer,high_exposure_high_offset,high_exposure_high_offset,True,81,81,1.0,medium,value_basis_caution,12,3,0.5806949579688169,0.058119477916328,-52.257548005248886,5.137888313788963,5.939381170238378,137.55787797918347,1.3659766438919,0.4070399573314663,0.4722156258386733,"{""constrained_offset_ratio_max"": 0.5, ""constrained_total_pct_max"": -10.0, ""high_exposure_pre_gulf_share_min"": 0.1, ""high_offset_ratio_min"": 0.9, ""min_post_months"": 3, ""min_pre_months"": 12, ""stable_gulf_share_abs_pp_max"": 8.0, ""stable_total_abs_pct_max"": 8.0}",descriptive_coverage_ok; value_basis,strict origin-split national customs; value basis because Tradestat HS-6 monthly quantity is unpopulated
grid_026,0.1,0.9,-10.0,10.0,India,importer,high_exposure_high_offset,high_exposure_high_offset,True,81,81,1.0,medium,value_basis_caution,12,3,0.5806949579688169,0.058119477916328,-52.257548005248886,5.137888313788963,5.939381170238378,137.55787797918347,1.3659766438919,0.4070399573314663,0.4722156258386733,"{""constrained_offset_ratio_max"": 0.5, ""constrained_total_pct_max"": -10.0, ""high_exposure_pre_gulf_share_min"": 0.1, ""high_offset_ratio_min"": 0.9, ""min_post_months"": 3, ""min_pre_months"": 12, ""stable_gulf_share_abs_pp_max"": 10.0, ""stable_total_abs_pct_max"": 10.0}",descriptive_coverage_ok; value_basis,strict origin-split national customs; value basis because Tradestat HS-6 monthly quantity is unpopulated
grid_027,0.1,0.9,-10.0,12.0,India,importer,high_exposure_high_offset,high_exposure_high_offset,True,81,81,1.0,medium,value_basis_caution,12,3,0.5806949579688169,0.058119477916328,-52.257548005248886,5.137888313788963,5.939381170238378,137.55787797918347,1.3659766438919,0.4070399573314663,0.4722156258386733,"{""constrained_offset_ratio_max"": 0.5, ""constrained_total_pct_max"": -10.0, ""high_exposure_pre_gulf_share_min"": 0.1, ""high_offset_ratio_min"": 0.9, ""min_post_months"": 3, ""min_pre_months"": 12, ""stable_gulf_share_abs_pp_max"": 12.0, ""stable_total_abs_pct_max"": 12.0}",descriptive_coverage_ok; value_basis,strict origin-split national customs; value basis because Tradestat HS-6 monthly quantity is unpopulated
grid_028,0.15,0.7,-3.0,8.0,India,importer,high_exposure_high_offset,high_exposure_high_offset,True,81,81,1.0,medium,value_basis_caution,12,3,0.5806949579688169,0.058119477916328,-52.257548005248886,5.137888313788963,5.939381170238378,137.55787797918347,1.3659766438919,0.4070399573314663,0.4722156258386733,"{""constrained_offset_ratio_max"": 0.5, ""constrained_total_pct_max"": -3.0, ""high_exposure_pre_gulf_share_min"": 0.15, ""high_offset_ratio_min"": 0.7, ""min_post_months"": 3, ""min_pre_months"": 12, ""stable_gulf_share_abs_pp_max"": 8.0, ""stable_total_abs_pct_max"": 8.0}",descriptive_coverage_ok; value_basis,strict origin-split national customs; value basis because Tradestat HS-6 monthly quantity is unpopulated
grid_029,0.15,0.7,-3.0,10.0,India,importer,high_exposure_high_offset,high_exposure_high_offset,True,81,81,1.0,medium,value_basis_caution,12,3,0.5806949579688169,0.058119477916328,-52.257548005248886,5.137888313788963,5.939381170238378,137.55787797918347,1.3659766438919,0.4070399573314663,0.4722156258386733,"{""constrained_offset_ratio_max"": 0.5, ""constrained_total_pct_max"": -3.0, ""high_exposure_pre_gulf_share_min"": 0.15, ""high_offset_ratio_min"": 0.7, ""min_post_months"": 3, ""min_pre_months"": 12, ""stable_gulf_share_abs_pp_max"": 10.0, ""stable_total_abs_pct_max"": 10.0}",descriptive_coverage_ok; value_basis,strict origin-split national customs; value basis because Tradestat HS-6 monthly quantity is unpopulated
grid_030,0.15,0.7,-3.0,12.0,India,importer,high_exposure_high_offset,high_exposure_high_offset,True,81,81,1.0,medium,value_basis_caution,12,3,0.5806949579688169,0.058119477916328,-52.257548005248886,5.137888313788963,5.939381170238378,137.55787797918347,1.3659766438919,0.4070399573314663,0.4722156258386733,"{""constrained_offset_ratio_max"": 0.5, ""constrained_total_pct_max"": -3.0, ""high_exposure_pre_gulf_share_min"": 0.15, ""high_offset_ratio_min"": 0.7, ""min_post_months"": 3, ""min_pre_months"": 12, ""stable_gulf_share_abs_pp_max"": 12.0, ""stable_total_abs_pct_max"": 12.0}",descriptive_coverage_ok; value_basis,strict origin-split national customs; value basis because Tradestat HS-6 monthly quantity is unpopulated
grid_031,0.15,0.7,-5.0,8.0,India,importer,high_exposure_high_offset,high_exposure_high_offset,True,81,81,1.0,medium,value_basis_caution,12,3,0.5806949579688169,0.058119477916328,-52.257548005248886,5.137888313788963,5.939381170238378,137.55787797918347,1.3659766438919,0.4070399573314663,0.4722156258386733,"{""constrained_offset_ratio_max"": 0.5, ""constrained_total_pct_max"": -5.0, ""high_exposure_pre_gulf_share_min"": 0.15, ""high_offset_ratio_min"": 0.7, ""min_post_months"": 3, ""min_pre_months"": 12, ""stable_gulf_share_abs_pp_max"": 8.0, ""stable_total_abs_pct_max"": 8.0}",descriptive_coverage_ok; value_basis,strict origin-split national customs; value basis because Tradestat HS-6 monthly quantity is unpopulated
grid_032,0.15,0.7,-5.0,10.0,India,importer,high_exposure_high_offset,high_exposure_high_offset,True,81,81,1.0,medium,value_basis_caution,12,3,0.5806949579688169,0.058119477916328,-52.257548005248886,5.137888313788963,5.939381170238378,137.55787797918347,1.3659766438919,0.4070399573314663,0.4722156258386733,"{""constrained_offset_ratio_max"": 0.5, ""constrained_total_pct_max"": -5.0, ""high_exposure_pre_gulf_share_min"": 0.15, ""high_offset_ratio_min"": 0.7, ""min_post_months"": 3, ""min_pre_months"": 12, ""stable_gulf_share_abs_pp_max"": 10.0, ""stable_total_abs_pct_max"": 10.0}",descriptive_coverage_ok; value_basis,strict origin-split national customs; value basis because Tradestat HS-6 monthly quantity is unpopulated
grid_033,0.15,0.7,-5.0,12.0,India,importer,high_exposure_high_offset,high_exposure_high_offset,True,81,81,1.0,medium,value_basis_caution,12,3,0.5806949579688169,0.058119477916328,-52.257548005248886,5.137888313788963,5.939381170238378,137.55787797918347,1.3659766438919,0.4070399573314663,0.4722156258386733,"{""constrained_offset_ratio_max"": 0.5, ""constrained_total_pct_max"": -5.0, ""high_exposure_pre_gulf_share_min"": 0.15, ""high_offset_ratio_min"": 0.7, ""min_post_months"": 3, ""min_pre_months"": 12, ""stable_gulf_share_abs_pp_max"": 12.0, ""stable_total_abs_pct_max"": 12.0}",descriptive_coverage_ok; value_basis,strict origin-split national customs; value basis because Tradestat HS-6 monthly quantity is unpopulated
grid_034,0.15,0.7,-10.0,8.0,India,importer,high_exposure_high_offset,high_exposure_high_offset,True,81,81,1.0,medium,value_basis_caution,12,3,0.5806949579688169,0.058119477916328,-52.257548005248886,5.137888313788963,5.939381170238378,137.55787797918347,1.3659766438919,0.4070399573314663,0.4722156258386733,"{""constrained_offset_ratio_max"": 0.5, ""constrained_total_pct_max"": -10.0, ""high_exposure_pre_gulf_share_min"": 0.15, ""high_offset_ratio_min"": 0.7, ""min_post_months"": 3, ""min_pre_months"": 12, ""stable_gulf_share_abs_pp_max"": 8.0, ""stable_total_abs_pct_max"": 8.0}",descriptive_coverage_ok; value_basis,strict origin-split national customs; value basis because Tradestat HS-6 monthly quantity is unpopulated
grid_035,0.15,0.7,-10.0,10.0,India,importer,high_exposure_high_offset,high_exposure_high_offset,True,81,81,1.0,medium,value_basis_caution,12,3,0.5806949579688169,0.058119477916328,-52.257548005248886,5.137888313788963,5.939381170238378,137.55787797918347,1.3659766438919,0.4070399573314663,0.4722156258386733,"{""constrained_offset_ratio_max"": 0.5, ""constrained_total_pct_max"": -10.0, ""high_exposure_pre_gulf_share_min"": 0.15, ""high_offset_ratio_min"": 0.7, ""min_post_months"": 3, ""min_pre_months"": 12, ""stable_gulf_share_abs_pp_max"": 10.0, ""stable_total_abs_pct_max"": 10.0}",descriptive_coverage_ok; value_basis,strict origin-split national customs; value basis because Tradestat HS-6 monthly quantity is unpopulated
grid_036,0.15,0.7,-10.0,12.0,India,importer,high_exposure_high_offset,high_exposure_high_offset,True,81,81,1.0,medium,value_basis_caution,12,3,0.5806949579688169,0.058119477916328,-52.257548005248886,5.137888313788963,5.939381170238378,137.55787797918347,1.3659766438919,0.4070399573314663,0.4722156258386733,"{""constrained_offset_ratio_max"": 0.5, ""constrained_total_pct_max"": -10.0, ""high_exposure_pre_gulf_share_min"": 0.15, ""high_offset_ratio_min"": 0.7, ""min_post_months"": 3, ""min_pre_months"": 12, ""stable_gulf_share_abs_pp_max"": 12.0, ""stable_total_abs_pct_max"": 12.0}",descriptive_coverage_ok; value_basis,strict origin-split national customs; value basis because Tradestat HS-6 monthly quantity is unpopulated
grid_037,0.15,0.8,-3.0,8.0,India,importer,high_exposure_high_offset,high_exposure_high_offset,True,81,81,1.0,medium,value_basis_caution,12,3,0.5806949579688169,0.058119477916328,-52.257548005248886,5.137888313788963,5.939381170238378,137.55787797918347,1.3659766438919,0.4070399573314663,0.4722156258386733,"{""constrained_offset_ratio_max"": 0.5, ""constrained_total_pct_max"": -3.0, ""high_exposure_pre_gulf_share_min"": 0.15, ""high_offset_ratio_min"": 0.8, ""min_post_months"": 3, ""min_pre_months"": 12, ""stable_gulf_share_abs_pp_max"": 8.0, ""stable_total_abs_pct_max"": 8.0}",descriptive_coverage_ok; value_basis,strict origin-split national customs; value basis because Tradestat HS-6 monthly quantity is unpopulated
grid_038,0.15,0.8,-3.0,10.0,India,importer,high_exposure_high_offset,high_exposure_high_offset,True,81,81,1.0,medium,value_basis_caution,12,3,0.5806949579688169,0.058119477916328,-52.257548005248886,5.137888313788963,5.939381170238378,137.55787797918347,1.3659766438919,0.4070399573314663,0.4722156258386733,"{""constrained_offset_ratio_max"": 0.5, ""constrained_total_pct_max"": -3.0, ""high_exposure_pre_gulf_share_min"": 0.15, ""high_offset_ratio_min"": 0.8, ""min_post_months"": 3, ""min_pre_months"": 12, ""stable_gulf_share_abs_pp_max"": 10.0, ""stable_total_abs_pct_max"": 10.0}",descriptive_coverage_ok; value_basis,strict origin-split national customs; value basis because Tradestat HS-6 monthly quantity is unpopulated
grid_039,0.15,0.8,-3.0,12.0,India,importer,high_exposure_high_offset,high_exposure_high_offset,True,81,81,1.0,medium,value_basis_caution,12,3,0.5806949579688169,0.058119477916328,-52.257548005248886,5.137888313788963,5.939381170238378,137.55787797918347,1.3659766438919,0.4070399573314663,0.4722156258386733,"{""constrained_offset_ratio_max"": 0.5, ""constrained_total_pct_max"": -3.0, ""high_exposure_pre_gulf_share_min"": 0.15, ""high_offset_ratio_min"": 0.8, ""min_post_months"": 3, ""min_pre_months"": 12, ""stable_gulf_share_abs_pp_max"": 12.0, ""stable_total_abs_pct_max"": 12.0}",descriptive_coverage_ok; value_basis,strict origin-split national customs; value basis because Tradestat HS-6 monthly quantity is unpopulated
grid_040,0.15,0.8,-5.0,8.0,India,importer,high_exposure_high_offset,high_exposure_high_offset,True,81,81,1.0,medium,value_basis_caution,12,3,0.5806949579688169,0.058119477916328,-52.257548005248886,5.137888313788963,5.939381170238378,137.55787797918347,1.3659766438919,0.4070399573314663,0.4722156258386733,"{""constrained_offset_ratio_max"": 0.5, ""constrained_total_pct_max"": -5.0, ""high_exposure_pre_gulf_share_min"": 0.15, ""high_offset_ratio_min"": 0.8, ""min_post_months"": 3, ""min_pre_months"": 12, ""stable_gulf_share_abs_pp_max"": 8.0, ""stable_total_abs_pct_max"": 8.0}",descriptive_coverage_ok; value_basis,strict origin-split national customs; value basis because Tradestat HS-6 monthly quantity is unpopulated
grid_041,0.15,0.8,-5.0,10.0,India,importer,high_exposure_high_offset,high_exposure_high_offset,True,81,81,1.0,medium,value_basis_caution,12,3,0.5806949579688169,0.058119477916328,-52.257548005248886,5.137888313788963,5.939381170238378,137.55787797918347,1.3659766438919,0.4070399573314663,0.4722156258386733,"{""constrained_offset_ratio_max"": 0.5, ""constrained_total_pct_max"": -5.0, ""high_exposure_pre_gulf_share_min"": 0.15, ""high_offset_ratio_min"": 0.8, ""min_post_months"": 3, ""min_pre_months"": 12, ""stable_gulf_share_abs_pp_max"": 10.0, ""stable_total_abs_pct_max"": 10.0}",descriptive_coverage_ok; value_basis,strict origin-split national customs; value basis because Tradestat HS-6 monthly quantity is unpopulated
grid_042,0.15,0.8,-5.0,12.0,India,importer,high_exposure_high_offset,high_exposure_high_offset,True,81,81,1.0,medium,value_basis_caution,12,3,0.5806949579688169,0.058119477916328,-52.257548005248886,5.137888313788963,5.939381170238378,137.55787797918347,1.3659766438919,0.4070399573314663,0.4722156258386733,"{""constrained_offset_ratio_max"": 0.5, ""constrained_total_pct_max"": -5.0, ""high_exposure_pre_gulf_share_min"": 0.15, ""high_offset_ratio_min"": 0.8, ""min_post_months"": 3, ""min_pre_months"": 12, ""stable_gulf_share_abs_pp_max"": 12.0, ""stable_total_abs_pct_max"": 12.0}",descriptive_coverage_ok; value_basis,strict origin-split national customs; value basis because Tradestat HS-6 monthly quantity is unpopulated
grid_043,0.15,0.8,-10.0,8.0,India,importer,high_exposure_high_offset,high_exposure_high_offset,True,81,81,1.0,medium,value_basis_caution,12,3,0.5806949579688169,0.058119477916328,-52.257548005248886,5.137888313788963,5.939381170238378,137.55787797918347,1.3659766438919,0.4070399573314663,0.4722156258386733,"{""constrained_offset_ratio_max"": 0.5, ""constrained_total_pct_max"": -10.0, ""high_exposure_pre_gulf_share_min"": 0.15, ""high_offset_ratio_min"": 0.8, ""min_post_months"": 3, ""min_pre_months"": 12, ""stable_gulf_share_abs_pp_max"": 8.0, ""stable_total_abs_pct_max"": 8.0}",descriptive_coverage_ok; value_basis,strict origin-split national customs; value basis because Tradestat HS-6 monthly quantity is unpopulated
grid_044,0.15,0.8,-10.0,10.0,India,importer,high_exposure_high_offset,high_exposure_high_offset,True,81,81,1.0,medium,value_basis_caution,12,3,0.5806949579688169,0.058119477916328,-52.257548005248886,5.137888313788963,5.939381170238378,137.55787797918347,1.3659766438919,0.4070399573314663,0.4722156258386733,"{""constrained_offset_ratio_max"": 0.5, ""constrained_total_pct_max"": -10.0, ""high_exposure_pre_gulf_share_min"": 0.15, ""high_offset_ratio_min"": 0.8, ""min_post_months"": 3, ""min_pre_months"": 12, ""stable_gulf_share_abs_pp_max"": 10.0, ""stable_total_abs_pct_max"": 10.0}",descriptive_coverage_ok; value_basis,strict origin-split national customs; value basis because Tradestat HS-6 monthly quantity is unpopulated
grid_045,0.15,0.8,-10.0,12.0,India,importer,high_exposure_high_offset,high_exposure_high_offset,True,81,81,1.0,medium,value_basis_caution,12,3,0.5806949579688169,0.058119477916328,-52.257548005248886,5.137888313788963,5.939381170238378,137.55787797918347,1.3659766438919,0.4070399573314663,0.4722156258386733,"{""constrained_offset_ratio_max"": 0.5, ""constrained_total_pct_max"": -10.0, ""high_exposure_pre_gulf_share_min"": 0.15, ""high_offset_ratio_min"": 0.8, ""min_post_months"": 3, ""min_pre_months"": 12, ""stable_gulf_share_abs_pp_max"": 12.0, ""stable_total_abs_pct_max"": 12.0}",descriptive_coverage_ok; value_basis,strict origin-split national customs; value basis because Tradestat HS-6 monthly quantity is unpopulated
grid_046,0.15,0.9,-3.0,8.0,India,importer,high_exposure_high_offset,high_exposure_high_offset,True,81,81,1.0,medium,value_basis_caution,12,3,0.5806949579688169,0.058119477916328,-52.257548005248886,5.137888313788963,5.939381170238378,137.55787797918347,1.3659766438919,0.4070399573314663,0.4722156258386733,"{""constrained_offset_ratio_max"": 0.5, ""constrained_total_pct_max"": -3.0, ""high_exposure_pre_gulf_share_min"": 0.15, ""high_offset_ratio_min"": 0.9, ""min_post_months"": 3, ""min_pre_months"": 12, ""stable_gulf_share_abs_pp_max"": 8.0, ""stable_total_abs_pct_max"": 8.0}",descriptive_coverage_ok; value_basis,strict origin-split national customs; value basis because Tradestat HS-6 monthly quantity is unpopulated
grid_047,0.15,0.9,-3.0,10.0,India,importer,high_exposure_high_offset,high_exposure_high_offset,True,81,81,1.0,medium,value_basis_caution,12,3,0.5806949579688169,0.058119477916328,-52.257548005248886,5.137888313788963,5.939381170238378,137.55787797918347,1.3659766438919,0.4070399573314663,0.4722156258386733,"{""constrained_offset_ratio_max"": 0.5, ""constrained_total_pct_max"": -3.0, ""high_exposure_pre_gulf_share_min"": 0.15, ""high_offset_ratio_min"": 0.9, ""min_post_months"": 3, ""min_pre_months"": 12, ""stable_gulf_share_abs_pp_max"": 10.0, ""stable_total_abs_pct_max"": 10.0}",descriptive_coverage_ok; value_basis,strict origin-split national customs; value basis because Tradestat HS-6 monthly quantity is unpopulated
grid_048,0.15,0.9,-3.0,12.0,India,importer,high_exposure_high_offset,high_exposure_high_offset,True,81,81,1.0,medium,value_basis_caution,12,3,0.5806949579688169,0.058119477916328,-52.257548005248886,5.137888313788963,5.939381170238378,137.55787797918347,1.3659766438919,0.4070399573314663,0.4722156258386733,"{""constrained_offset_ratio_max"": 0.5, ""constrained_total_pct_max"": -3.0, ""high_exposure_pre_gulf_share_min"": 0.15, ""high_offset_ratio_min"": 0.9, ""min_post_months"": 3, ""min_pre_months"": 12, ""stable_gulf_share_abs_pp_max"": 12.0, ""stable_total_abs_pct_max"": 12.0}",descriptive_coverage_ok; value_basis,strict origin-split national customs; value basis because Tradestat HS-6 monthly quantity is unpopulated
grid_049,0.15,0.9,-5.0,8.0,India,importer,high_exposure_high_offset,high_exposure_high_offset,True,81,81,1.0,medium,value_basis_caution,12,3,0.5806949579688169,0.058119477916328,-52.257548005248886,5.137888313788963,5.939381170238378,137.55787797918347,1.3659766438919,0.4070399573314663,0.4722156258386733,"{""constrained_offset_ratio_max"": 0.5, ""constrained_total_pct_max"": -5.0, ""high_exposure_pre_gulf_share_min"": 0.15, ""high_offset_ratio_min"": 0.9, ""min_post_months"": 3, ""min_pre_months"": 12, ""stable_gulf_share_abs_pp_max"": 8.0, ""stable_total_abs_pct_max"": 8.0}",descriptive_coverage_ok; value_basis,strict origin-split national customs; value basis because Tradestat HS-6 monthly quantity is unpopulated
grid_050,0.15,0.9,-5.0,10.0,India,importer,high_exposure_high_offset,high_exposure_high_offset,True,81,81,1.0,medium,value_basis_caution,12,3,0.5806949579688169,0.058119477916328,-52.257548005248886,5.137888313788963,5.939381170238378,137.55787797918347,1.3659766438919,0.4070399573314663,0.4722156258386733,"{""constrained_offset_ratio_max"": 0.5, ""constrained_total_pct_max"": -5.0, ""high_exposure_pre_gulf_share_min"": 0.15, ""high_offset_ratio_min"": 0.9, ""min_post_months"": 3, ""min_pre_months"": 12, ""stable_gulf_share_abs_pp_max"": 10.0, ""stable_total_abs_pct_max"": 10.0}",descriptive_coverage_ok; value_basis,strict origin-split national customs; value basis because Tradestat HS-6 monthly quantity is unpopulated
grid_051,0.15,0.9,-5.0,12.0,India,importer,high_exposure_high_offset,high_exposure_high_offset,True,81,81,1.0,medium,value_basis_caution,12,3,0.5806949579688169,0.058119477916328,-52.257548005248886,5.137888313788963,5.939381170238378,137.55787797918347,1.3659766438919,0.4070399573314663,0.4722156258386733,"{""constrained_offset_ratio_max"": 0.5, ""constrained_total_pct_max"": -5.0, ""high_exposure_pre_gulf_share_min"": 0.15, ""high_offset_ratio_min"": 0.9, ""min_post_months"": 3, ""min_pre_months"": 12, ""stable_gulf_share_abs_pp_max"": 12.0, ""stable_total_abs_pct_max"": 12.0}",descriptive_coverage_ok; value_basis,strict origin-split national customs; value basis because Tradestat HS-6 monthly quantity is unpopulated
grid_052,0.15,0.9,-10.0,8.0,India,importer,high_exposure_high_offset,high_exposure_high_offset,True,81,81,1.0,medium,value_basis_caution,12,3,0.5806949579688169,0.058119477916328,-52.257548005248886,5.137888313788963,5.939381170238378,137.55787797918347,1.3659766438919,0.4070399573314663,0.4722156258386733,"{""constrained_offset_ratio_max"": 0.5, ""constrained_total_pct_max"": -10.0, ""high_exposure_pre_gulf_share_min"": 0.15, ""high_offset_ratio_min"": 0.9, ""min_post_months"": 3, ""min_pre_months"": 12, ""stable_gulf_share_abs_pp_max"": 8.0, ""stable_total_abs_pct_max"": 8.0}",descriptive_coverage_ok; value_basis,strict origin-split national customs; value basis because Tradestat HS-6 monthly quantity is unpopulated
grid_053,0.15,0.9,-10.0,10.0,India,importer,high_exposure_high_offset,high_exposure_high_offset,True,81,81,1.0,medium,value_basis_caution,12,3,0.5806949579688169,0.058119477916328,-52.257548005248886,5.137888313788963,5.939381170238378,137.55787797918347,1.3659766438919,0.4070399573314663,0.4722156258386733,"{""constrained_offset_ratio_max"": 0.5, ""constrained_total_pct_max"": -10.0, ""high_exposure_pre_gulf_share_min"": 0.15, ""high_offset_ratio_min"": 0.9, ""min_post_months"": 3, ""min_pre_months"": 12, ""stable_gulf_share_abs_pp_max"": 10.0, ""stable_total_abs_pct_max"": 10.0}",descriptive_coverage_ok; value_basis,strict origin-split national customs; value basis because Tradestat HS-6 monthly quantity is unpopulated
grid_054,0.15,0.9,-10.0,12.0,India,importer,high_exposure_high_offset,high_exposure_high_offset,True,81,81,1.0,medium,value_basis_caution,12,3,0.5806949579688169,0.058119477916328,-52.257548005248886,5.137888313788963,5.939381170238378,137.55787797918347,1.3659766438919,0.4070399573314663,0.4722156258386733,"{""constrained_offset_ratio_max"": 0.5, ""constrained_total_pct_max"": -10.0, ""high_exposure_pre_gulf_share_min"": 0.15, ""high_offset_ratio_min"": 0.9, ""min_post_months"": 3, ""min_pre_months"": 12, ""stable_gulf_share_abs_pp_max"": 12.0, ""stable_total_abs_pct_max"": 12.0}",descriptive_coverage_ok; value_basis,strict origin-split national customs; value basis because Tradestat HS-6 monthly quantity is unpopulated
grid_055,0.2,0.7,-3.0,8.0,India,importer,high_exposure_high_offset,high_exposure_high_offset,True,81,81,1.0,medium,value_basis_caution,12,3,0.5806949579688169,0.058119477916328,-52.257548005248886,5.137888313788963,5.939381170238378,137.55787797918347,1.3659766438919,0.4070399573314663,0.4722156258386733,"{""constrained_offset_ratio_max"": 0.5, ""constrained_total_pct_max"": -3.0, ""high_exposure_pre_gulf_share_min"": 0.2, ""high_offset_ratio_min"": 0.7, ""min_post_months"": 3, ""min_pre_months"": 12, ""stable_gulf_share_abs_pp_max"": 8.0, ""stable_total_abs_pct_max"": 8.0}",descriptive_coverage_ok; value_basis,strict origin-split national customs; value basis because Tradestat HS-6 monthly quantity is unpopulated
grid_056,0.2,0.7,-3.0,10.0,India,importer,high_exposure_high_offset,high_exposure_high_offset,True,81,81,1.0,medium,value_basis_caution,12,3,0.5806949579688169,0.058119477916328,-52.257548005248886,5.137888313788963,5.939381170238378,137.55787797918347,1.3659766438919,0.4070399573314663,0.4722156258386733,"{""constrained_offset_ratio_max"": 0.5, ""constrained_total_pct_max"": -3.0, ""high_exposure_pre_gulf_share_min"": 0.2, ""high_offset_ratio_min"": 0.7, ""min_post_months"": 3, ""min_pre_months"": 12, ""stable_gulf_share_abs_pp_max"": 10.0, ""stable_total_abs_pct_max"": 10.0}",descriptive_coverage_ok; value_basis,strict origin-split national customs; value basis because Tradestat HS-6 monthly quantity is unpopulated
grid_057,0.2,0.7,-3.0,12.0,India,importer,high_exposure_high_offset,high_exposure_high_offset,True,81,81,1.0,medium,value_basis_caution,12,3,0.5806949579688169,0.058119477916328,-52.257548005248886,5.137888313788963,5.939381170238378,137.55787797918347,1.3659766438919,0.4070399573314663,0.4722156258386733,"{""constrained_offset_ratio_max"": 0.5, ""constrained_total_pct_max"": -3.0, ""high_exposure_pre_gulf_share_min"": 0.2, ""high_offset_ratio_min"": 0.7, ""min_post_months"": 3, ""min_pre_months"": 12, ""stable_gulf_share_abs_pp_max"": 12.0, ""stable_total_abs_pct_max"": 12.0}",descriptive_coverage_ok; value_basis,strict origin-split national customs; value basis because Tradestat HS-6 monthly quantity is unpopulated
grid_058,0.2,0.7,-5.0,8.0,India,importer,high_exposure_high_offset,high_exposure_high_offset,True,81,81,1.0,medium,value_basis_caution,12,3,0.5806949579688169,0.058119477916328,-52.257548005248886,5.137888313788963,5.939381170238378,137.55787797918347,1.3659766438919,0.4070399573314663,0.4722156258386733,"{""constrained_offset_ratio_max"": 0.5, ""constrained_total_pct_max"": -5.0, ""high_exposure_pre_gulf_share_min"": 0.2, ""high_offset_ratio_min"": 0.7, ""min_post_months"": 3, ""min_pre_months"": 12, ""stable_gulf_share_abs_pp_max"": 8.0, ""stable_total_abs_pct_max"": 8.0}",descriptive_coverage_ok; value_basis,strict origin-split national customs; value basis because Tradestat HS-6 monthly quantity is unpopulated
grid_059,0.2,0.7,-5.0,10.0,India,importer,high_exposure_high_offset,high_exposure_high_offset,True,81,81,1.0,medium,value_basis_caution,12,3,0.5806949579688169,0.058119477916328,-52.257548005248886,5.137888313788963,5.939381170238378,137.55787797918347,1.3659766438919,0.4070399573314663,0.4722156258386733,"{""constrained_offset_ratio_max"": 0.5, ""constrained_total_pct_max"": -5.0, ""high_exposure_pre_gulf_share_min"": 0.2, ""high_offset_ratio_min"": 0.7, ""min_post_months"": 3, ""min_pre_months"": 12, ""stable_gulf_share_abs_pp_max"": 10.0, ""stable_total_abs_pct_max"": 10.0}",descriptive_coverage_ok; value_basis,strict origin-split national customs; value basis because Tradestat HS-6 monthly quantity is unpopulated
grid_060,0.2,0.7,-5.0,12.0,India,importer,high_exposure_high_offset,high_exposure_high_offset,True,81,81,1.0,medium,value_basis_caution,12,3,0.5806949579688169,0.058119477916328,-52.257548005248886,5.137888313788963,5.939381170238378,137.55787797918347,1.3659766438919,0.4070399573314663,0.4722156258386733,"{""constrained_offset_ratio_max"": 0.5, ""constrained_total_pct_max"": -5.0, ""high_exposure_pre_gulf_share_min"": 0.2, ""high_offset_ratio_min"": 0.7, ""min_post_months"": 3, ""min_pre_months"": 12, ""stable_gulf_share_abs_pp_max"": 12.0, ""stable_total_abs_pct_max"": 12.0}",descriptive_coverage_ok; value_basis,strict origin-split national customs; value basis because Tradestat HS-6 monthly quantity is unpopulated
grid_061,0.2,0.7,-10.0,8.0,India,importer,high_exposure_high_offset,high_exposure_high_offset,True,81,81,1.0,medium,value_basis_caution,12,3,0.5806949579688169,0.058119477916328,-52.257548005248886,5.137888313788963,5.939381170238378,137.55787797918347,1.3659766438919,0.4070399573314663,0.4722156258386733,"{""constrained_offset_ratio_max"": 0.5, ""constrained_total_pct_max"": -10.0, ""high_exposure_pre_gulf_share_min"": 0.2, ""high_offset_ratio_min"": 0.7, ""min_post_months"": 3, ""min_pre_months"": 12, ""stable_gulf_share_abs_pp_max"": 8.0, ""stable_total_abs_pct_max"": 8.0}",descriptive_coverage_ok; value_basis,strict origin-split national customs; value basis because Tradestat HS-6 monthly quantity is unpopulated
grid_062,0.2,0.7,-10.0,10.0,India,importer,high_exposure_high_offset,high_exposure_high_offset,True,81,81,1.0,medium,value_basis_caution,12,3,0.5806949579688169,0.058119477916328,-52.257548005248886,5.137888313788963,5.939381170238378,137.55787797918347,1.3659766438919,0.4070399573314663,0.4722156258386733,"{""constrained_offset_ratio_max"": 0.5, ""constrained_total_pct_max"": -10.0, ""high_exposure_pre_gulf_share_min"": 0.2, ""high_offset_ratio_min"": 0.7, ""min_post_months"": 3, ""min_pre_months"": 12, ""stable_gulf_share_abs_pp_max"": 10.0, ""stable_total_abs_pct_max"": 10.0}",descriptive_coverage_ok; value_basis,strict origin-split national customs; value basis because Tradestat HS-6 monthly quantity is unpopulated
grid_063,0.2,0.7,-10.0,12.0,India,importer,high_exposure_high_offset,high_exposure_high_offset,True,81,81,1.0,medium,value_basis_caution,12,3,0.5806949579688169,0.058119477916328,-52.257548005248886,5.137888313788963,5.939381170238378,137.55787797918347,1.3659766438919,0.4070399573314663,0.4722156258386733,"{""constrained_offset_ratio_max"": 0.5, ""constrained_total_pct_max"": -10.0, ""high_exposure_pre_gulf_share_min"": 0.2, ""high_offset_ratio_min"": 0.7, ""min_post_months"": 3, ""min_pre_months"": 12, ""stable_gulf_share_abs_pp_max"": 12.0, ""stable_total_abs_pct_max"": 12.0}",descriptive_coverage_ok; value_basis,strict origin-split national customs; value basis because Tradestat HS-6 monthly quantity is unpopulated
grid_064,0.2,0.8,-3.0,8.0,India,importer,high_exposure_high_offset,high_exposure_high_offset,True,81,81,1.0,medium,value_basis_caution,12,3,0.5806949579688169,0.058119477916328,-52.257548005248886,5.137888313788963,5.939381170238378,137.55787797918347,1.3659766438919,0.4070399573314663,0.4722156258386733,"{""constrained_offset_ratio_max"": 0.5, ""constrained_total_pct_max"": -3.0, ""high_exposure_pre_gulf_share_min"": 0.2, ""high_offset_ratio_min"": 0.8, ""min_post_months"": 3, ""min_pre_months"": 12, ""stable_gulf_share_abs_pp_max"": 8.0, ""stable_total_abs_pct_max"": 8.0}",descriptive_coverage_ok; value_basis,strict origin-split national customs; value basis because Tradestat HS-6 monthly quantity is unpopulated
grid_065,0.2,0.8,-3.0,10.0,India,importer,high_exposure_high_offset,high_exposure_high_offset,True,81,81,1.0,medium,value_basis_caution,12,3,0.5806949579688169,0.058119477916328,-52.257548005248886,5.137888313788963,5.939381170238378,137.55787797918347,1.3659766438919,0.4070399573314663,0.4722156258386733,"{""constrained_offset_ratio_max"": 0.5, ""constrained_total_pct_max"": -3.0, ""high_exposure_pre_gulf_share_min"": 0.2, ""high_offset_ratio_min"": 0.8, ""min_post_months"": 3, ""min_pre_months"": 12, ""stable_gulf_share_abs_pp_max"": 10.0, ""stable_total_abs_pct_max"": 10.0}",descriptive_coverage_ok; value_basis,strict origin-split national customs; value basis because Tradestat HS-6 monthly quantity is unpopulated
grid_066,0.2,0.8,-3.0,12.0,India,importer,high_exposure_high_offset,high_exposure_high_offset,True,81,81,1.0,medium,value_basis_caution,12,3,0.5806949579688169,0.058119477916328,-52.257548005248886,5.137888313788963,5.939381170238378,137.55787797918347,1.3659766438919,0.4070399573314663,0.4722156258386733,"{""constrained_offset_ratio_max"": 0.5, ""constrained_total_pct_max"": -3.0, ""high_exposure_pre_gulf_share_min"": 0.2, ""high_offset_ratio_min"": 0.8, ""min_post_months"": 3, ""min_pre_months"": 12, ""stable_gulf_share_abs_pp_max"": 12.0, ""stable_total_abs_pct_max"": 12.0}",descriptive_coverage_ok; value_basis,strict origin-split national customs; value basis because Tradestat HS-6 monthly quantity is unpopulated
grid_067,0.2,0.8,-5.0,8.0,India,importer,high_exposure_high_offset,high_exposure_high_offset,True,81,81,1.0,medium,value_basis_caution,12,3,0.5806949579688169,0.058119477916328,-52.257548005248886,5.137888313788963,5.939381170238378,137.55787797918347,1.3659766438919,0.4070399573314663,0.4722156258386733,"{""constrained_offset_ratio_max"": 0.5, ""constrained_total_pct_max"": -5.0, ""high_exposure_pre_gulf_share_min"": 0.2, ""high_offset_ratio_min"": 0.8, ""min_post_months"": 3, ""min_pre_months"": 12, ""stable_gulf_share_abs_pp_max"": 8.0, ""stable_total_abs_pct_max"": 8.0}",descriptive_coverage_ok; value_basis,strict origin-split national customs; value basis because Tradestat HS-6 monthly quantity is unpopulated
grid_068,0.2,0.8,-5.0,10.0,India,importer,high_exposure_high_offset,high_exposure_high_offset,True,81,81,1.0,medium,value_basis_caution,12,3,0.5806949579688169,0.058119477916328,-52.257548005248886,5.137888313788963,5.939381170238378,137.55787797918347,1.3659766438919,0.4070399573314663,0.4722156258386733,"{""constrained_offset_ratio_max"": 0.5, ""constrained_total_pct_max"": -5.0, ""high_exposure_pre_gulf_share_min"": 0.2, ""high_offset_ratio_min"": 0.8, ""min_post_months"": 3, ""min_pre_months"": 12, ""stable_gulf_share_abs_pp_max"": 10.0, ""stable_total_abs_pct_max"": 10.0}",descriptive_coverage_ok; value_basis,strict origin-split national customs; value basis because Tradestat HS-6 monthly quantity is unpopulated
grid_069,0.2,0.8,-5.0,12.0,India,importer,high_exposure_high_offset,high_exposure_high_offset,True,81,81,1.0,medium,value_basis_caution,12,3,0.5806949579688169,0.058119477916328,-52.257548005248886,5.137888313788963,5.939381170238378,137.55787797918347,1.3659766438919,0.4070399573314663,0.4722156258386733,"{""constrained_offset_ratio_max"": 0.5, ""constrained_total_pct_max"": -5.0, ""high_exposure_pre_gulf_share_min"": 0.2, ""high_offset_ratio_min"": 0.8, ""min_post_months"": 3, ""min_pre_months"": 12, ""stable_gulf_share_abs_pp_max"": 12.0, ""stable_total_abs_pct_max"": 12.0}",descriptive_coverage_ok; value_basis,strict origin-split national customs; value basis because Tradestat HS-6 monthly quantity is unpopulated
grid_070,0.2,0.8,-10.0,8.0,India,importer,high_exposure_high_offset,high_exposure_high_offset,True,81,81,1.0,medium,value_basis_caution,12,3,0.5806949579688169,0.058119477916328,-52.257548005248886,5.137888313788963,5.939381170238378,137.55787797918347,1.3659766438919,0.4070399573314663,0.4722156258386733,"{""constrained_offset_ratio_max"": 0.5, ""constrained_total_pct_max"": -10.0, ""high_exposure_pre_gulf_share_min"": 0.2, ""high_offset_ratio_min"": 0.8, ""min_post_months"": 3, ""min_pre_months"": 12, ""stable_gulf_share_abs_pp_max"": 8.0, ""stable_total_abs_pct_max"": 8.0}",descriptive_coverage_ok; value_basis,strict origin-split national customs; value basis because Tradestat HS-6 monthly quantity is unpopulated
grid_071,0.2,0.8,-10.0,10.0,India,importer,high_exposure_high_offset,high_exposure_high_offset,True,81,81,1.0,medium,value_basis_caution,12,3,0.5806949579688169,0.058119477916328,-52.257548005248886,5.137888313788963,5.939381170238378,137.55787797918347,1.3659766438919,0.4070399573314663,0.4722156258386733,"{""constrained_offset_ratio_max"": 0.5, ""constrained_total_pct_max"": -10.0, ""high_exposure_pre_gulf_share_min"": 0.2, ""high_offset_ratio_min"": 0.8, ""min_post_months"": 3, ""min_pre_months"": 12, ""stable_gulf_share_abs_pp_max"": 10.0, ""stable_total_abs_pct_max"": 10.0}",descriptive_coverage_ok; value_basis,strict origin-split national customs; value basis because Tradestat HS-6 monthly quantity is unpopulated
grid_072,0.2,0.8,-10.0,12.0,India,importer,high_exposure_high_offset,high_exposure_high_offset,True,81,81,1.0,medium,value_basis_caution,12,3,0.5806949579688169,0.058119477916328,-52.257548005248886,5.137888313788963,5.939381170238378,137.55787797918347,1.3659766438919,0.4070399573314663,0.4722156258386733,"{""constrained_offset_ratio_max"": 0.5, ""constrained_total_pct_max"": -10.0, ""high_exposure_pre_gulf_share_min"": 0.2, ""high_offset_ratio_min"": 0.8, ""min_post_months"": 3, ""min_pre_months"": 12, ""stable_gulf_share_abs_pp_max"": 12.0, ""stable_total_abs_pct_max"": 12.0}",descriptive_coverage_ok; value_basis,strict origin-split national customs; value basis because Tradestat HS-6 monthly quantity is unpopulated
grid_073,0.2,0.9,-3.0,8.0,India,importer,high_exposure_high_offset,high_exposure_high_offset,True,81,81,1.0,medium,value_basis_caution,12,3,0.5806949579688169,0.058119477916328,-52.257548005248886,5.137888313788963,5.939381170238378,137.55787797918347,1.3659766438919,0.4070399573314663,0.4722156258386733,"{""constrained_offset_ratio_max"": 0.5, ""constrained_total_pct_max"": -3.0, ""high_exposure_pre_gulf_share_min"": 0.2, ""high_offset_ratio_min"": 0.9, ""min_post_months"": 3, ""min_pre_months"": 12, ""stable_gulf_share_abs_pp_max"": 8.0, ""stable_total_abs_pct_max"": 8.0}",descriptive_coverage_ok; value_basis,strict origin-split national customs; value basis because Tradestat HS-6 monthly quantity is unpopulated
grid_074,0.2,0.9,-3.0,10.0,India,importer,high_exposure_high_offset,high_exposure_high_offset,True,81,81,1.0,medium,value_basis_caution,12,3,0.5806949579688169,0.058119477916328,-52.257548005248886,5.137888313788963,5.939381170238378,137.55787797918347,1.3659766438919,0.4070399573314663,0.4722156258386733,"{""constrained_offset_ratio_max"": 0.5, ""constrained_total_pct_max"": -3.0, ""high_exposure_pre_gulf_share_min"": 0.2, ""high_offset_ratio_min"": 0.9, ""min_post_months"": 3, ""min_pre_months"": 12, ""stable_gulf_share_abs_pp_max"": 10.0, ""stable_total_abs_pct_max"": 10.0}",descriptive_coverage_ok; value_basis,strict origin-split national customs; value basis because Tradestat HS-6 monthly quantity is unpopulated
grid_075,0.2,0.9,-3.0,12.0,India,importer,high_exposure_high_offset,high_exposure_high_offset,True,81,81,1.0,medium,value_basis_caution,12,3,0.5806949579688169,0.058119477916328,-52.257548005248886,5.137888313788963,5.939381170238378,137.55787797918347,1.3659766438919,0.4070399573314663,0.4722156258386733,"{""constrained_offset_ratio_max"": 0.5, ""constrained_total_pct_max"": -3.0, ""high_exposure_pre_gulf_share_min"": 0.2, ""high_offset_ratio_min"": 0.9, ""min_post_months"": 3, ""min_pre_months"": 12, ""stable_gulf_share_abs_pp_max"": 12.0, ""stable_total_abs_pct_max"": 12.0}",descriptive_coverage_ok; value_basis,strict origin-split national customs; value basis because Tradestat HS-6 monthly quantity is unpopulated
grid_076,0.2,0.9,-5.0,8.0,India,importer,high_exposure_high_offset,high_exposure_high_offset,True,81,81,1.0,medium,value_basis_caution,12,3,0.5806949579688169,0.058119477916328,-52.257548005248886,5.137888313788963,5.939381170238378,137.55787797918347,1.3659766438919,0.4070399573314663,0.4722156258386733,"{""constrained_offset_ratio_max"": 0.5, ""constrained_total_pct_max"": -5.0, ""high_exposure_pre_gulf_share_min"": 0.2, ""high_offset_ratio_min"": 0.9, ""min_post_months"": 3, ""min_pre_months"": 12, ""stable_gulf_share_abs_pp_max"": 8.0, ""stable_total_abs_pct_max"": 8.0}",descriptive_coverage_ok; value_basis,strict origin-split national customs; value basis because Tradestat HS-6 monthly quantity is unpopulated
grid_077,0.2,0.9,-5.0,10.0,India,importer,high_exposure_high_offset,high_exposure_high_offset,True,81,81,1.0,medium,value_basis_caution,12,3,0.5806949579688169,0.058119477916328,-52.257548005248886,5.137888313788963,5.939381170238378,137.55787797918347,1.3659766438919,0.4070399573314663,0.4722156258386733,"{""constrained_offset_ratio_max"": 0.5, ""constrained_total_pct_max"": -5.0, ""high_exposure_pre_gulf_share_min"": 0.2, ""high_offset_ratio_min"": 0.9, ""min_post_months"": 3, ""min_pre_months"": 12, ""stable_gulf_share_abs_pp_max"": 10.0, ""stable_total_abs_pct_max"": 10.0}",descriptive_coverage_ok; value_basis,strict origin-split national customs; value basis because Tradestat HS-6 monthly quantity is unpopulated
grid_078,0.2,0.9,-5.0,12.0,India,importer,high_exposure_high_offset,high_exposure_high_offset,True,81,81,1.0,medium,value_basis_caution,12,3,0.5806949579688169,0.058119477916328,-52.257548005248886,5.137888313788963,5.939381170238378,137.55787797918347,1.3659766438919,0.4070399573314663,0.4722156258386733,"{""constrained_offset_ratio_max"": 0.5, ""constrained_total_pct_max"": -5.0, ""high_exposure_pre_gulf_share_min"": 0.2, ""high_offset_ratio_min"": 0.9, ""min_post_months"": 3, ""min_pre_months"": 12, ""stable_gulf_share_abs_pp_max"": 12.0, ""stable_total_abs_pct_max"": 12.0}",descriptive_coverage_ok; value_basis,strict origin-split national customs; value basis because Tradestat HS-6 monthly quantity is unpopulated
grid_079,0.2,0.9,-10.0,8.0,India,importer,high_exposure_high_offset,high_exposure_high_offset,True,81,81,1.0,medium,value_basis_caution,12,3,0.5806949579688169,0.058119477916328,-52.257548005248886,5.137888313788963,5.939381170238378,137.55787797918347,1.3659766438919,0.4070399573314663,0.4722156258386733,"{""constrained_offset_ratio_max"": 0.5, ""constrained_total_pct_max"": -10.0, ""high_exposure_pre_gulf_share_min"": 0.2, ""high_offset_ratio_min"": 0.9, ""min_post_months"": 3, ""min_pre_months"": 12, ""stable_gulf_share_abs_pp_max"": 8.0, ""stable_total_abs_pct_max"": 8.0}",descriptive_coverage_ok; value_basis,strict origin-split national customs; value basis because Tradestat HS-6 monthly quantity is unpopulated
grid_080,0.2,0.9,-10.0,10.0,India,importer,high_exposure_high_offset,high_exposure_high_offset,True,81,81,1.0,medium,value_basis_caution,12,3,0.5806949579688169,0.058119477916328,-52.257548005248886,5.137888313788963,5.939381170238378,137.55787797918347,1.3659766438919,0.4070399573314663,0.4722156258386733,"{""constrained_offset_ratio_max"": 0.5, ""constrained_total_pct_max"": -10.0, ""high_exposure_pre_gulf_share_min"": 0.2, ""high_offset_ratio_min"": 0.9, ""min_post_months"": 3, ""min_pre_months"": 12, ""stable_gulf_share_abs_pp_max"": 10.0, ""stable_total_abs_pct_max"": 10.0}",descriptive_coverage_ok; value_basis,strict origin-split national customs; value basis because Tradestat HS-6 monthly quantity is unpopulated
grid_081,0.2,0.9,-10.0,12.0,India,importer,high_exposure_high_offset,high_exposure_high_offset,True,81,81,1.0,medium,value_basis_caution,12,3,0.5806949579688169,0.058119477916328,-52.257548005248886,5.137888313788963,5.939381170238378,137.55787797918347,1.3659766438919,0.4070399573314663,0.4722156258386733,"{""constrained_offset_ratio_max"": 0.5, ""constrained_total_pct_max"": -10.0, ""high_exposure_pre_gulf_share_min"": 0.2, ""high_offset_ratio_min"": 0.9, ""min_post_months"": 3, ""min_pre_months"": 12, ""stable_gulf_share_abs_pp_max"": 12.0, ""stable_total_abs_pct_max"": 12.0}",descriptive_coverage_ok; value_basis,strict origin-split national customs; value basis because Tradestat HS-6 monthly quantity is unpopulated
grid_001,0.1,0.7,-3.0,8.0,Japan,importer,low_exposure_stable,low_exposure_stable,True,81,81,1.0,medium,none,12,3,0.0649037317905285,0.0134726811323636,-5.143105065816486,-13.14926509706038,-7.703367012111084,-8.435562986680045,-3.2761295383382607,0.1717606595823727,0.105255513221496,"{""constrained_offset_ratio_max"": 0.5, ""constrained_total_pct_max"": -3.0, ""high_exposure_pre_gulf_share_min"": 0.1, ""high_offset_ratio_min"": 0.7, ""min_post_months"": 3, ""min_pre_months"": 12, ""stable_gulf_share_abs_pp_max"": 8.0, ""stable_total_abs_pct_max"": 8.0}",descriptive_coverage_ok,strict origin-split Japan Customs/e-Stat snapshot; weight basis
grid_002,0.1,0.7,-3.0,10.0,Japan,importer,low_exposure_stable,low_exposure_stable,True,81,81,1.0,medium,none,12,3,0.0649037317905285,0.0134726811323636,-5.143105065816486,-13.14926509706038,-7.703367012111084,-8.435562986680045,-3.2761295383382607,0.1717606595823727,0.105255513221496,"{""constrained_offset_ratio_max"": 0.5, ""constrained_total_pct_max"": -3.0, ""high_exposure_pre_gulf_share_min"": 0.1, ""high_offset_ratio_min"": 0.7, ""min_post_months"": 3, ""min_pre_months"": 12, ""stable_gulf_share_abs_pp_max"": 10.0, ""stable_total_abs_pct_max"": 10.0}",descriptive_coverage_ok,strict origin-split Japan Customs/e-Stat snapshot; weight basis
grid_003,0.1,0.7,-3.0,12.0,Japan,importer,low_exposure_stable,low_exposure_stable,True,81,81,1.0,medium,none,12,3,0.0649037317905285,0.0134726811323636,-5.143105065816486,-13.14926509706038,-7.703367012111084,-8.435562986680045,-3.2761295383382607,0.1717606595823727,0.105255513221496,"{""constrained_offset_ratio_max"": 0.5, ""constrained_total_pct_max"": -3.0, ""high_exposure_pre_gulf_share_min"": 0.1, ""high_offset_ratio_min"": 0.7, ""min_post_months"": 3, ""min_pre_months"": 12, ""stable_gulf_share_abs_pp_max"": 12.0, ""stable_total_abs_pct_max"": 12.0}",descriptive_coverage_ok,strict origin-split Japan Customs/e-Stat snapshot; weight basis
grid_004,0.1,0.7,-5.0,8.0,Japan,importer,low_exposure_stable,low_exposure_stable,True,81,81,1.0,medium,none,12,3,0.0649037317905285,0.0134726811323636,-5.143105065816486,-13.14926509706038,-7.703367012111084,-8.435562986680045,-3.2761295383382607,0.1717606595823727,0.105255513221496,"{""constrained_offset_ratio_max"": 0.5, ""constrained_total_pct_max"": -5.0, ""high_exposure_pre_gulf_share_min"": 0.1, ""high_offset_ratio_min"": 0.7, ""min_post_months"": 3, ""min_pre_months"": 12, ""stable_gulf_share_abs_pp_max"": 8.0, ""stable_total_abs_pct_max"": 8.0}",descriptive_coverage_ok,strict origin-split Japan Customs/e-Stat snapshot; weight basis
grid_005,0.1,0.7,-5.0,10.0,Japan,importer,low_exposure_stable,low_exposure_stable,True,81,81,1.0,medium,none,12,3,0.0649037317905285,0.0134726811323636,-5.143105065816486,-13.14926509706038,-7.703367012111084,-8.435562986680045,-3.2761295383382607,0.1717606595823727,0.105255513221496,"{""constrained_offset_ratio_max"": 0.5, ""constrained_total_pct_max"": -5.0, ""high_exposure_pre_gulf_share_min"": 0.1, ""high_offset_ratio_min"": 0.7, ""min_post_months"": 3, ""min_pre_months"": 12, ""stable_gulf_share_abs_pp_max"": 10.0, ""stable_total_abs_pct_max"": 10.0}",descriptive_coverage_ok,strict origin-split Japan Customs/e-Stat snapshot; weight basis
grid_006,0.1,0.7,-5.0,12.0,Japan,importer,low_exposure_stable,low_exposure_stable,True,81,81,1.0,medium,none,12,3,0.0649037317905285,0.0134726811323636,-5.143105065816486,-13.14926509706038,-7.703367012111084,-8.435562986680045,-3.2761295383382607,0.1717606595823727,0.105255513221496,"{""constrained_offset_ratio_max"": 0.5, ""constrained_total_pct_max"": -5.0, ""high_exposure_pre_gulf_share_min"": 0.1, ""high_offset_ratio_min"": 0.7, ""min_post_months"": 3, ""min_pre_months"": 12, ""stable_gulf_share_abs_pp_max"": 12.0, ""stable_total_abs_pct_max"": 12.0}",descriptive_coverage_ok,strict origin-split Japan Customs/e-Stat snapshot; weight basis
grid_007,0.1,0.7,-10.0,8.0,Japan,importer,low_exposure_stable,low_exposure_stable,True,81,81,1.0,medium,none,12,3,0.0649037317905285,0.0134726811323636,-5.143105065816486,-13.14926509706038,-7.703367012111084,-8.435562986680045,-3.2761295383382607,0.1717606595823727,0.105255513221496,"{""constrained_offset_ratio_max"": 0.5, ""constrained_total_pct_max"": -10.0, ""high_exposure_pre_gulf_share_min"": 0.1, ""high_offset_ratio_min"": 0.7, ""min_post_months"": 3, ""min_pre_months"": 12, ""stable_gulf_share_abs_pp_max"": 8.0, ""stable_total_abs_pct_max"": 8.0}",descriptive_coverage_ok,strict origin-split Japan Customs/e-Stat snapshot; weight basis
grid_008,0.1,0.7,-10.0,10.0,Japan,importer,low_exposure_stable,low_exposure_stable,True,81,81,1.0,medium,none,12,3,0.0649037317905285,0.0134726811323636,-5.143105065816486,-13.14926509706038,-7.703367012111084,-8.435562986680045,-3.2761295383382607,0.1717606595823727,0.105255513221496,"{""constrained_offset_ratio_max"": 0.5, ""constrained_total_pct_max"": -10.0, ""high_exposure_pre_gulf_share_min"": 0.1, ""high_offset_ratio_min"": 0.7, ""min_post_months"": 3, ""min_pre_months"": 12, ""stable_gulf_share_abs_pp_max"": 10.0, ""stable_total_abs_pct_max"": 10.0}",descriptive_coverage_ok,strict origin-split Japan Customs/e-Stat snapshot; weight basis
grid_009,0.1,0.7,-10.0,12.0,Japan,importer,low_exposure_stable,low_exposure_stable,True,81,81,1.0,medium,none,12,3,0.0649037317905285,0.0134726811323636,-5.143105065816486,-13.14926509706038,-7.703367012111084,-8.435562986680045,-3.2761295383382607,0.1717606595823727,0.105255513221496,"{""constrained_offset_ratio_max"": 0.5, ""constrained_total_pct_max"": -10.0, ""high_exposure_pre_gulf_share_min"": 0.1, ""high_offset_ratio_min"": 0.7, ""min_post_months"": 3, ""min_pre_months"": 12, ""stable_gulf_share_abs_pp_max"": 12.0, ""stable_total_abs_pct_max"": 12.0}",descriptive_coverage_ok,strict origin-split Japan Customs/e-Stat snapshot; weight basis
grid_010,0.1,0.8,-3.0,8.0,Japan,importer,low_exposure_stable,low_exposure_stable,True,81,81,1.0,medium,none,12,3,0.0649037317905285,0.0134726811323636,-5.143105065816486,-13.14926509706038,-7.703367012111084,-8.435562986680045,-3.2761295383382607,0.1717606595823727,0.105255513221496,"{""constrained_offset_ratio_max"": 0.5, ""constrained_total_pct_max"": -3.0, ""high_exposure_pre_gulf_share_min"": 0.1, ""high_offset_ratio_min"": 0.8, ""min_post_months"": 3, ""min_pre_months"": 12, ""stable_gulf_share_abs_pp_max"": 8.0, ""stable_total_abs_pct_max"": 8.0}",descriptive_coverage_ok,strict origin-split Japan Customs/e-Stat snapshot; weight basis
grid_011,0.1,0.8,-3.0,10.0,Japan,importer,low_exposure_stable,low_exposure_stable,True,81,81,1.0,medium,none,12,3,0.0649037317905285,0.0134726811323636,-5.143105065816486,-13.14926509706038,-7.703367012111084,-8.435562986680045,-3.2761295383382607,0.1717606595823727,0.105255513221496,"{""constrained_offset_ratio_max"": 0.5, ""constrained_total_pct_max"": -3.0, ""high_exposure_pre_gulf_share_min"": 0.1, ""high_offset_ratio_min"": 0.8, ""min_post_months"": 3, ""min_pre_months"": 12, ""stable_gulf_share_abs_pp_max"": 10.0, ""stable_total_abs_pct_max"": 10.0}",descriptive_coverage_ok,strict origin-split Japan Customs/e-Stat snapshot; weight basis
grid_012,0.1,0.8,-3.0,12.0,Japan,importer,low_exposure_stable,low_exposure_stable,True,81,81,1.0,medium,none,12,3,0.0649037317905285,0.0134726811323636,-5.143105065816486,-13.14926509706038,-7.703367012111084,-8.435562986680045,-3.2761295383382607,0.1717606595823727,0.105255513221496,"{""constrained_offset_ratio_max"": 0.5, ""constrained_total_pct_max"": -3.0, ""high_exposure_pre_gulf_share_min"": 0.1, ""high_offset_ratio_min"": 0.8, ""min_post_months"": 3, ""min_pre_months"": 12, ""stable_gulf_share_abs_pp_max"": 12.0, ""stable_total_abs_pct_max"": 12.0}",descriptive_coverage_ok,strict origin-split Japan Customs/e-Stat snapshot; weight basis
grid_013,0.1,0.8,-5.0,8.0,Japan,importer,low_exposure_stable,low_exposure_stable,True,81,81,1.0,medium,none,12,3,0.0649037317905285,0.0134726811323636,-5.143105065816486,-13.14926509706038,-7.703367012111084,-8.435562986680045,-3.2761295383382607,0.1717606595823727,0.105255513221496,"{""constrained_offset_ratio_max"": 0.5, ""constrained_total_pct_max"": -5.0, ""high_exposure_pre_gulf_share_min"": 0.1, ""high_offset_ratio_min"": 0.8, ""min_post_months"": 3, ""min_pre_months"": 12, ""stable_gulf_share_abs_pp_max"": 8.0, ""stable_total_abs_pct_max"": 8.0}",descriptive_coverage_ok,strict origin-split Japan Customs/e-Stat snapshot; weight basis
grid_014,0.1,0.8,-5.0,10.0,Japan,importer,low_exposure_stable,low_exposure_stable,True,81,81,1.0,medium,none,12,3,0.0649037317905285,0.0134726811323636,-5.143105065816486,-13.14926509706038,-7.703367012111084,-8.435562986680045,-3.2761295383382607,0.1717606595823727,0.105255513221496,"{""constrained_offset_ratio_max"": 0.5, ""constrained_total_pct_max"": -5.0, ""high_exposure_pre_gulf_share_min"": 0.1, ""high_offset_ratio_min"": 0.8, ""min_post_months"": 3, ""min_pre_months"": 12, ""stable_gulf_share_abs_pp_max"": 10.0, ""stable_total_abs_pct_max"": 10.0}",descriptive_coverage_ok,strict origin-split Japan Customs/e-Stat snapshot; weight basis
grid_015,0.1,0.8,-5.0,12.0,Japan,importer,low_exposure_stable,low_exposure_stable,True,81,81,1.0,medium,none,12,3,0.0649037317905285,0.0134726811323636,-5.143105065816486,-13.14926509706038,-7.703367012111084,-8.435562986680045,-3.2761295383382607,0.1717606595823727,0.105255513221496,"{""constrained_offset_ratio_max"": 0.5, ""constrained_total_pct_max"": -5.0, ""high_exposure_pre_gulf_share_min"": 0.1, ""high_offset_ratio_min"": 0.8, ""min_post_months"": 3, ""min_pre_months"": 12, ""stable_gulf_share_abs_pp_max"": 12.0, ""stable_total_abs_pct_max"": 12.0}",descriptive_coverage_ok,strict origin-split Japan Customs/e-Stat snapshot; weight basis
grid_016,0.1,0.8,-10.0,8.0,Japan,importer,low_exposure_stable,low_exposure_stable,True,81,81,1.0,medium,none,12,3,0.0649037317905285,0.0134726811323636,-5.143105065816486,-13.14926509706038,-7.703367012111084,-8.435562986680045,-3.2761295383382607,0.1717606595823727,0.105255513221496,"{""constrained_offset_ratio_max"": 0.5, ""constrained_total_pct_max"": -10.0, ""high_exposure_pre_gulf_share_min"": 0.1, ""high_offset_ratio_min"": 0.8, ""min_post_months"": 3, ""min_pre_months"": 12, ""stable_gulf_share_abs_pp_max"": 8.0, ""stable_total_abs_pct_max"": 8.0}",descriptive_coverage_ok,strict origin-split Japan Customs/e-Stat snapshot; weight basis
grid_017,0.1,0.8,-10.0,10.0,Japan,importer,low_exposure_stable,low_exposure_stable,True,81,81,1.0,medium,none,12,3,0.0649037317905285,0.0134726811323636,-5.143105065816486,-13.14926509706038,-7.703367012111084,-8.435562986680045,-3.2761295383382607,0.1717606595823727,0.105255513221496,"{""constrained_offset_ratio_max"": 0.5, ""constrained_total_pct_max"": -10.0, ""high_exposure_pre_gulf_share_min"": 0.1, ""high_offset_ratio_min"": 0.8, ""min_post_months"": 3, ""min_pre_months"": 12, ""stable_gulf_share_abs_pp_max"": 10.0, ""stable_total_abs_pct_max"": 10.0}",descriptive_coverage_ok,strict origin-split Japan Customs/e-Stat snapshot; weight basis
grid_018,0.1,0.8,-10.0,12.0,Japan,importer,low_exposure_stable,low_exposure_stable,True,81,81,1.0,medium,none,12,3,0.0649037317905285,0.0134726811323636,-5.143105065816486,-13.14926509706038,-7.703367012111084,-8.435562986680045,-3.2761295383382607,0.1717606595823727,0.105255513221496,"{""constrained_offset_ratio_max"": 0.5, ""constrained_total_pct_max"": -10.0, ""high_exposure_pre_gulf_share_min"": 0.1, ""high_offset_ratio_min"": 0.8, ""min_post_months"": 3, ""min_pre_months"": 12, ""stable_gulf_share_abs_pp_max"": 12.0, ""stable_total_abs_pct_max"": 12.0}",descriptive_coverage_ok,strict origin-split Japan Customs/e-Stat snapshot; weight basis
grid_019,0.1,0.9,-3.0,8.0,Japan,importer,low_exposure_stable,low_exposure_stable,True,81,81,1.0,medium,none,12,3,0.0649037317905285,0.0134726811323636,-5.143105065816486,-13.14926509706038,-7.703367012111084,-8.435562986680045,-3.2761295383382607,0.1717606595823727,0.105255513221496,"{""constrained_offset_ratio_max"": 0.5, ""constrained_total_pct_max"": -3.0, ""high_exposure_pre_gulf_share_min"": 0.1, ""high_offset_ratio_min"": 0.9, ""min_post_months"": 3, ""min_pre_months"": 12, ""stable_gulf_share_abs_pp_max"": 8.0, ""stable_total_abs_pct_max"": 8.0}",descriptive_coverage_ok,strict origin-split Japan Customs/e-Stat snapshot; weight basis
grid_020,0.1,0.9,-3.0,10.0,Japan,importer,low_exposure_stable,low_exposure_stable,True,81,81,1.0,medium,none,12,3,0.0649037317905285,0.0134726811323636,-5.143105065816486,-13.14926509706038,-7.703367012111084,-8.435562986680045,-3.2761295383382607,0.1717606595823727,0.105255513221496,"{""constrained_offset_ratio_max"": 0.5, ""constrained_total_pct_max"": -3.0, ""high_exposure_pre_gulf_share_min"": 0.1, ""high_offset_ratio_min"": 0.9, ""min_post_months"": 3, ""min_pre_months"": 12, ""stable_gulf_share_abs_pp_max"": 10.0, ""stable_total_abs_pct_max"": 10.0}",descriptive_coverage_ok,strict origin-split Japan Customs/e-Stat snapshot; weight basis
grid_021,0.1,0.9,-3.0,12.0,Japan,importer,low_exposure_stable,low_exposure_stable,True,81,81,1.0,medium,none,12,3,0.0649037317905285,0.0134726811323636,-5.143105065816486,-13.14926509706038,-7.703367012111084,-8.435562986680045,-3.2761295383382607,0.1717606595823727,0.105255513221496,"{""constrained_offset_ratio_max"": 0.5, ""constrained_total_pct_max"": -3.0, ""high_exposure_pre_gulf_share_min"": 0.1, ""high_offset_ratio_min"": 0.9, ""min_post_months"": 3, ""min_pre_months"": 12, ""stable_gulf_share_abs_pp_max"": 12.0, ""stable_total_abs_pct_max"": 12.0}",descriptive_coverage_ok,strict origin-split Japan Customs/e-Stat snapshot; weight basis
grid_022,0.1,0.9,-5.0,8.0,Japan,importer,low_exposure_stable,low_exposure_stable,True,81,81,1.0,medium,none,12,3,0.0649037317905285,0.0134726811323636,-5.143105065816486,-13.14926509706038,-7.703367012111084,-8.435562986680045,-3.2761295383382607,0.1717606595823727,0.105255513221496,"{""constrained_offset_ratio_max"": 0.5, ""constrained_total_pct_max"": -5.0, ""high_exposure_pre_gulf_share_min"": 0.1, ""high_offset_ratio_min"": 0.9, ""min_post_months"": 3, ""min_pre_months"": 12, ""stable_gulf_share_abs_pp_max"": 8.0, ""stable_total_abs_pct_max"": 8.0}",descriptive_coverage_ok,strict origin-split Japan Customs/e-Stat snapshot; weight basis
grid_023,0.1,0.9,-5.0,10.0,Japan,importer,low_exposure_stable,low_exposure_stable,True,81,81,1.0,medium,none,12,3,0.0649037317905285,0.0134726811323636,-5.143105065816486,-13.14926509706038,-7.703367012111084,-8.435562986680045,-3.2761295383382607,0.1717606595823727,0.105255513221496,"{""constrained_offset_ratio_max"": 0.5, ""constrained_total_pct_max"": -5.0, ""high_exposure_pre_gulf_share_min"": 0.1, ""high_offset_ratio_min"": 0.9, ""min_post_months"": 3, ""min_pre_months"": 12, ""stable_gulf_share_abs_pp_max"": 10.0, ""stable_total_abs_pct_max"": 10.0}",descriptive_coverage_ok,strict origin-split Japan Customs/e-Stat snapshot; weight basis
grid_024,0.1,0.9,-5.0,12.0,Japan,importer,low_exposure_stable,low_exposure_stable,True,81,81,1.0,medium,none,12,3,0.0649037317905285,0.0134726811323636,-5.143105065816486,-13.14926509706038,-7.703367012111084,-8.435562986680045,-3.2761295383382607,0.1717606595823727,0.105255513221496,"{""constrained_offset_ratio_max"": 0.5, ""constrained_total_pct_max"": -5.0, ""high_exposure_pre_gulf_share_min"": 0.1, ""high_offset_ratio_min"": 0.9, ""min_post_months"": 3, ""min_pre_months"": 12, ""stable_gulf_share_abs_pp_max"": 12.0, ""stable_total_abs_pct_max"": 12.0}",descriptive_coverage_ok,strict origin-split Japan Customs/e-Stat snapshot; weight basis
grid_025,0.1,0.9,-10.0,8.0,Japan,importer,low_exposure_stable,low_exposure_stable,True,81,81,1.0,medium,none,12,3,0.0649037317905285,0.0134726811323636,-5.143105065816486,-13.14926509706038,-7.703367012111084,-8.435562986680045,-3.2761295383382607,0.1717606595823727,0.105255513221496,"{""constrained_offset_ratio_max"": 0.5, ""constrained_total_pct_max"": -10.0, ""high_exposure_pre_gulf_share_min"": 0.1, ""high_offset_ratio_min"": 0.9, ""min_post_months"": 3, ""min_pre_months"": 12, ""stable_gulf_share_abs_pp_max"": 8.0, ""stable_total_abs_pct_max"": 8.0}",descriptive_coverage_ok,strict origin-split Japan Customs/e-Stat snapshot; weight basis
grid_026,0.1,0.9,-10.0,10.0,Japan,importer,low_exposure_stable,low_exposure_stable,True,81,81,1.0,medium,none,12,3,0.0649037317905285,0.0134726811323636,-5.143105065816486,-13.14926509706038,-7.703367012111084,-8.435562986680045,-3.2761295383382607,0.1717606595823727,0.105255513221496,"{""constrained_offset_ratio_max"": 0.5, ""constrained_total_pct_max"": -10.0, ""high_exposure_pre_gulf_share_min"": 0.1, ""high_offset_ratio_min"": 0.9, ""min_post_months"": 3, ""min_pre_months"": 12, ""stable_gulf_share_abs_pp_max"": 10.0, ""stable_total_abs_pct_max"": 10.0}",descriptive_coverage_ok,strict origin-split Japan Customs/e-Stat snapshot; weight basis
grid_027,0.1,0.9,-10.0,12.0,Japan,importer,low_exposure_stable,low_exposure_stable,True,81,81,1.0,medium,none,12,3,0.0649037317905285,0.0134726811323636,-5.143105065816486,-13.14926509706038,-7.703367012111084,-8.435562986680045,-3.2761295383382607,0.1717606595823727,0.105255513221496,"{""constrained_offset_ratio_max"": 0.5, ""constrained_total_pct_max"": -10.0, ""high_exposure_pre_gulf_share_min"": 0.1, ""high_offset_ratio_min"": 0.9, ""min_post_months"": 3, ""min_pre_months"": 12, ""stable_gulf_share_abs_pp_max"": 12.0, ""stable_total_abs_pct_max"": 12.0}",descriptive_coverage_ok,strict origin-split Japan Customs/e-Stat snapshot; weight basis
grid_028,0.15,0.7,-3.0,8.0,Japan,importer,low_exposure_stable,low_exposure_stable,True,81,81,1.0,medium,none,12,3,0.0649037317905285,0.0134726811323636,-5.143105065816486,-13.14926509706038,-7.703367012111084,-8.435562986680045,-3.2761295383382607,0.1717606595823727,0.105255513221496,"{""constrained_offset_ratio_max"": 0.5, ""constrained_total_pct_max"": -3.0, ""high_exposure_pre_gulf_share_min"": 0.15, ""high_offset_ratio_min"": 0.7, ""min_post_months"": 3, ""min_pre_months"": 12, ""stable_gulf_share_abs_pp_max"": 8.0, ""stable_total_abs_pct_max"": 8.0}",descriptive_coverage_ok,strict origin-split Japan Customs/e-Stat snapshot; weight basis
grid_029,0.15,0.7,-3.0,10.0,Japan,importer,low_exposure_stable,low_exposure_stable,True,81,81,1.0,medium,none,12,3,0.0649037317905285,0.0134726811323636,-5.143105065816486,-13.14926509706038,-7.703367012111084,-8.435562986680045,-3.2761295383382607,0.1717606595823727,0.105255513221496,"{""constrained_offset_ratio_max"": 0.5, ""constrained_total_pct_max"": -3.0, ""high_exposure_pre_gulf_share_min"": 0.15, ""high_offset_ratio_min"": 0.7, ""min_post_months"": 3, ""min_pre_months"": 12, ""stable_gulf_share_abs_pp_max"": 10.0, ""stable_total_abs_pct_max"": 10.0}",descriptive_coverage_ok,strict origin-split Japan Customs/e-Stat snapshot; weight basis
grid_030,0.15,0.7,-3.0,12.0,Japan,importer,low_exposure_stable,low_exposure_stable,True,81,81,1.0,medium,none,12,3,0.0649037317905285,0.0134726811323636,-5.143105065816486,-13.14926509706038,-7.703367012111084,-8.435562986680045,-3.2761295383382607,0.1717606595823727,0.105255513221496,"{""constrained_offset_ratio_max"": 0.5, ""constrained_total_pct_max"": -3.0, ""high_exposure_pre_gulf_share_min"": 0.15, ""high_offset_ratio_min"": 0.7, ""min_post_months"": 3, ""min_pre_months"": 12, ""stable_gulf_share_abs_pp_max"": 12.0, ""stable_total_abs_pct_max"": 12.0}",descriptive_coverage_ok,strict origin-split Japan Customs/e-Stat snapshot; weight basis
grid_031,0.15,0.7,-5.0,8.0,Japan,importer,low_exposure_stable,low_exposure_stable,True,81,81,1.0,medium,none,12,3,0.0649037317905285,0.0134726811323636,-5.143105065816486,-13.14926509706038,-7.703367012111084,-8.435562986680045,-3.2761295383382607,0.1717606595823727,0.105255513221496,"{""constrained_offset_ratio_max"": 0.5, ""constrained_total_pct_max"": -5.0, ""high_exposure_pre_gulf_share_min"": 0.15, ""high_offset_ratio_min"": 0.7, ""min_post_months"": 3, ""min_pre_months"": 12, ""stable_gulf_share_abs_pp_max"": 8.0, ""stable_total_abs_pct_max"": 8.0}",descriptive_coverage_ok,strict origin-split Japan Customs/e-Stat snapshot; weight basis
grid_032,0.15,0.7,-5.0,10.0,Japan,importer,low_exposure_stable,low_exposure_stable,True,81,81,1.0,medium,none,12,3,0.0649037317905285,0.0134726811323636,-5.143105065816486,-13.14926509706038,-7.703367012111084,-8.435562986680045,-3.2761295383382607,0.1717606595823727,0.105255513221496,"{""constrained_offset_ratio_max"": 0.5, ""constrained_total_pct_max"": -5.0, ""high_exposure_pre_gulf_share_min"": 0.15, ""high_offset_ratio_min"": 0.7, ""min_post_months"": 3, ""min_pre_months"": 12, ""stable_gulf_share_abs_pp_max"": 10.0, ""stable_total_abs_pct_max"": 10.0}",descriptive_coverage_ok,strict origin-split Japan Customs/e-Stat snapshot; weight basis
grid_033,0.15,0.7,-5.0,12.0,Japan,importer,low_exposure_stable,low_exposure_stable,True,81,81,1.0,medium,none,12,3,0.0649037317905285,0.0134726811323636,-5.143105065816486,-13.14926509706038,-7.703367012111084,-8.435562986680045,-3.2761295383382607,0.1717606595823727,0.105255513221496,"{""constrained_offset_ratio_max"": 0.5, ""constrained_total_pct_max"": -5.0, ""high_exposure_pre_gulf_share_min"": 0.15, ""high_offset_ratio_min"": 0.7, ""min_post_months"": 3, ""min_pre_months"": 12, ""stable_gulf_share_abs_pp_max"": 12.0, ""stable_total_abs_pct_max"": 12.0}",descriptive_coverage_ok,strict origin-split Japan Customs/e-Stat snapshot; weight basis
grid_034,0.15,0.7,-10.0,8.0,Japan,importer,low_exposure_stable,low_exposure_stable,True,81,81,1.0,medium,none,12,3,0.0649037317905285,0.0134726811323636,-5.143105065816486,-13.14926509706038,-7.703367012111084,-8.435562986680045,-3.2761295383382607,0.1717606595823727,0.105255513221496,"{""constrained_offset_ratio_max"": 0.5, ""constrained_total_pct_max"": -10.0, ""high_exposure_pre_gulf_share_min"": 0.15, ""high_offset_ratio_min"": 0.7, ""min_post_months"": 3, ""min_pre_months"": 12, ""stable_gulf_share_abs_pp_max"": 8.0, ""stable_total_abs_pct_max"": 8.0}",descriptive_coverage_ok,strict origin-split Japan Customs/e-Stat snapshot; weight basis
grid_035,0.15,0.7,-10.0,10.0,Japan,importer,low_exposure_stable,low_exposure_stable,True,81,81,1.0,medium,none,12,3,0.0649037317905285,0.0134726811323636,-5.143105065816486,-13.14926509706038,-7.703367012111084,-8.435562986680045,-3.2761295383382607,0.1717606595823727,0.105255513221496,"{""constrained_offset_ratio_max"": 0.5, ""constrained_total_pct_max"": -10.0, ""high_exposure_pre_gulf_share_min"": 0.15, ""high_offset_ratio_min"": 0.7, ""min_post_months"": 3, ""min_pre_months"": 12, ""stable_gulf_share_abs_pp_max"": 10.0, ""stable_total_abs_pct_max"": 10.0}",descriptive_coverage_ok,strict origin-split Japan Customs/e-Stat snapshot; weight basis
grid_036,0.15,0.7,-10.0,12.0,Japan,importer,low_exposure_stable,low_exposure_stable,True,81,81,1.0,medium,none,12,3,0.0649037317905285,0.0134726811323636,-5.143105065816486,-13.14926509706038,-7.703367012111084,-8.435562986680045,-3.2761295383382607,0.1717606595823727,0.105255513221496,"{""constrained_offset_ratio_max"": 0.5, ""constrained_total_pct_max"": -10.0, ""high_exposure_pre_gulf_share_min"": 0.15, ""high_offset_ratio_min"": 0.7, ""min_post_months"": 3, ""min_pre_months"": 12, ""stable_gulf_share_abs_pp_max"": 12.0, ""stable_total_abs_pct_max"": 12.0}",descriptive_coverage_ok,strict origin-split Japan Customs/e-Stat snapshot; weight basis
grid_037,0.15,0.8,-3.0,8.0,Japan,importer,low_exposure_stable,low_exposure_stable,True,81,81,1.0,medium,none,12,3,0.0649037317905285,0.0134726811323636,-5.143105065816486,-13.14926509706038,-7.703367012111084,-8.435562986680045,-3.2761295383382607,0.1717606595823727,0.105255513221496,"{""constrained_offset_ratio_max"": 0.5, ""constrained_total_pct_max"": -3.0, ""high_exposure_pre_gulf_share_min"": 0.15, ""high_offset_ratio_min"": 0.8, ""min_post_months"": 3, ""min_pre_months"": 12, ""stable_gulf_share_abs_pp_max"": 8.0, ""stable_total_abs_pct_max"": 8.0}",descriptive_coverage_ok,strict origin-split Japan Customs/e-Stat snapshot; weight basis
grid_038,0.15,0.8,-3.0,10.0,Japan,importer,low_exposure_stable,low_exposure_stable,True,81,81,1.0,medium,none,12,3,0.0649037317905285,0.0134726811323636,-5.143105065816486,-13.14926509706038,-7.703367012111084,-8.435562986680045,-3.2761295383382607,0.1717606595823727,0.105255513221496,"{""constrained_offset_ratio_max"": 0.5, ""constrained_total_pct_max"": -3.0, ""high_exposure_pre_gulf_share_min"": 0.15, ""high_offset_ratio_min"": 0.8, ""min_post_months"": 3, ""min_pre_months"": 12, ""stable_gulf_share_abs_pp_max"": 10.0, ""stable_total_abs_pct_max"": 10.0}",descriptive_coverage_ok,strict origin-split Japan Customs/e-Stat snapshot; weight basis
grid_039,0.15,0.8,-3.0,12.0,Japan,importer,low_exposure_stable,low_exposure_stable,True,81,81,1.0,medium,none,12,3,0.0649037317905285,0.0134726811323636,-5.143105065816486,-13.14926509706038,-7.703367012111084,-8.435562986680045,-3.2761295383382607,0.1717606595823727,0.105255513221496,"{""constrained_offset_ratio_max"": 0.5, ""constrained_total_pct_max"": -3.0, ""high_exposure_pre_gulf_share_min"": 0.15, ""high_offset_ratio_min"": 0.8, ""min_post_months"": 3, ""min_pre_months"": 12, ""stable_gulf_share_abs_pp_max"": 12.0, ""stable_total_abs_pct_max"": 12.0}",descriptive_coverage_ok,strict origin-split Japan Customs/e-Stat snapshot; weight basis
grid_040,0.15,0.8,-5.0,8.0,Japan,importer,low_exposure_stable,low_exposure_stable,True,81,81,1.0,medium,none,12,3,0.0649037317905285,0.0134726811323636,-5.143105065816486,-13.14926509706038,-7.703367012111084,-8.435562986680045,-3.2761295383382607,0.1717606595823727,0.105255513221496,"{""constrained_offset_ratio_max"": 0.5, ""constrained_total_pct_max"": -5.0, ""high_exposure_pre_gulf_share_min"": 0.15, ""high_offset_ratio_min"": 0.8, ""min_post_months"": 3, ""min_pre_months"": 12, ""stable_gulf_share_abs_pp_max"": 8.0, ""stable_total_abs_pct_max"": 8.0}",descriptive_coverage_ok,strict origin-split Japan Customs/e-Stat snapshot; weight basis
grid_041,0.15,0.8,-5.0,10.0,Japan,importer,low_exposure_stable,low_exposure_stable,True,81,81,1.0,medium,none,12,3,0.0649037317905285,0.0134726811323636,-5.143105065816486,-13.14926509706038,-7.703367012111084,-8.435562986680045,-3.2761295383382607,0.1717606595823727,0.105255513221496,"{""constrained_offset_ratio_max"": 0.5, ""constrained_total_pct_max"": -5.0, ""high_exposure_pre_gulf_share_min"": 0.15, ""high_offset_ratio_min"": 0.8, ""min_post_months"": 3, ""min_pre_months"": 12, ""stable_gulf_share_abs_pp_max"": 10.0, ""stable_total_abs_pct_max"": 10.0}",descriptive_coverage_ok,strict origin-split Japan Customs/e-Stat snapshot; weight basis
grid_042,0.15,0.8,-5.0,12.0,Japan,importer,low_exposure_stable,low_exposure_stable,True,81,81,1.0,medium,none,12,3,0.0649037317905285,0.0134726811323636,-5.143105065816486,-13.14926509706038,-7.703367012111084,-8.435562986680045,-3.2761295383382607,0.1717606595823727,0.105255513221496,"{""constrained_offset_ratio_max"": 0.5, ""constrained_total_pct_max"": -5.0, ""high_exposure_pre_gulf_share_min"": 0.15, ""high_offset_ratio_min"": 0.8, ""min_post_months"": 3, ""min_pre_months"": 12, ""stable_gulf_share_abs_pp_max"": 12.0, ""stable_total_abs_pct_max"": 12.0}",descriptive_coverage_ok,strict origin-split Japan Customs/e-Stat snapshot; weight basis
grid_043,0.15,0.8,-10.0,8.0,Japan,importer,low_exposure_stable,low_exposure_stable,True,81,81,1.0,medium,none,12,3,0.0649037317905285,0.0134726811323636,-5.143105065816486,-13.14926509706038,-7.703367012111084,-8.435562986680045,-3.2761295383382607,0.1717606595823727,0.105255513221496,"{""constrained_offset_ratio_max"": 0.5, ""constrained_total_pct_max"": -10.0, ""high_exposure_pre_gulf_share_min"": 0.15, ""high_offset_ratio_min"": 0.8, ""min_post_months"": 3, ""min_pre_months"": 12, ""stable_gulf_share_abs_pp_max"": 8.0, ""stable_total_abs_pct_max"": 8.0}",descriptive_coverage_ok,strict origin-split Japan Customs/e-Stat snapshot; weight basis
grid_044,0.15,0.8,-10.0,10.0,Japan,importer,low_exposure_stable,low_exposure_stable,True,81,81,1.0,medium,none,12,3,0.0649037317905285,0.0134726811323636,-5.143105065816486,-13.14926509706038,-7.703367012111084,-8.435562986680045,-3.2761295383382607,0.1717606595823727,0.105255513221496,"{""constrained_offset_ratio_max"": 0.5, ""constrained_total_pct_max"": -10.0, ""high_exposure_pre_gulf_share_min"": 0.15, ""high_offset_ratio_min"": 0.8, ""min_post_months"": 3, ""min_pre_months"": 12, ""stable_gulf_share_abs_pp_max"": 10.0, ""stable_total_abs_pct_max"": 10.0}",descriptive_coverage_ok,strict origin-split Japan Customs/e-Stat snapshot; weight basis
grid_045,0.15,0.8,-10.0,12.0,Japan,importer,low_exposure_stable,low_exposure_stable,True,81,81,1.0,medium,none,12,3,0.0649037317905285,0.0134726811323636,-5.143105065816486,-13.14926509706038,-7.703367012111084,-8.435562986680045,-3.2761295383382607,0.1717606595823727,0.105255513221496,"{""constrained_offset_ratio_max"": 0.5, ""constrained_total_pct_max"": -10.0, ""high_exposure_pre_gulf_share_min"": 0.15, ""high_offset_ratio_min"": 0.8, ""min_post_months"": 3, ""min_pre_months"": 12, ""stable_gulf_share_abs_pp_max"": 12.0, ""stable_total_abs_pct_max"": 12.0}",descriptive_coverage_ok,strict origin-split Japan Customs/e-Stat snapshot; weight basis
grid_046,0.15,0.9,-3.0,8.0,Japan,importer,low_exposure_stable,low_exposure_stable,True,81,81,1.0,medium,none,12,3,0.0649037317905285,0.0134726811323636,-5.143105065816486,-13.14926509706038,-7.703367012111084,-8.435562986680045,-3.2761295383382607,0.1717606595823727,0.105255513221496,"{""constrained_offset_ratio_max"": 0.5, ""constrained_total_pct_max"": -3.0, ""high_exposure_pre_gulf_share_min"": 0.15, ""high_offset_ratio_min"": 0.9, ""min_post_months"": 3, ""min_pre_months"": 12, ""stable_gulf_share_abs_pp_max"": 8.0, ""stable_total_abs_pct_max"": 8.0}",descriptive_coverage_ok,strict origin-split Japan Customs/e-Stat snapshot; weight basis
grid_047,0.15,0.9,-3.0,10.0,Japan,importer,low_exposure_stable,low_exposure_stable,True,81,81,1.0,medium,none,12,3,0.0649037317905285,0.0134726811323636,-5.143105065816486,-13.14926509706038,-7.703367012111084,-8.435562986680045,-3.2761295383382607,0.1717606595823727,0.105255513221496,"{""constrained_offset_ratio_max"": 0.5, ""constrained_total_pct_max"": -3.0, ""high_exposure_pre_gulf_share_min"": 0.15, ""high_offset_ratio_min"": 0.9, ""min_post_months"": 3, ""min_pre_months"": 12, ""stable_gulf_share_abs_pp_max"": 10.0, ""stable_total_abs_pct_max"": 10.0}",descriptive_coverage_ok,strict origin-split Japan Customs/e-Stat snapshot; weight basis
grid_048,0.15,0.9,-3.0,12.0,Japan,importer,low_exposure_stable,low_exposure_stable,True,81,81,1.0,medium,none,12,3,0.0649037317905285,0.0134726811323636,-5.143105065816486,-13.14926509706038,-7.703367012111084,-8.435562986680045,-3.2761295383382607,0.1717606595823727,0.105255513221496,"{""constrained_offset_ratio_max"": 0.5, ""constrained_total_pct_max"": -3.0, ""high_exposure_pre_gulf_share_min"": 0.15, ""high_offset_ratio_min"": 0.9, ""min_post_months"": 3, ""min_pre_months"": 12, ""stable_gulf_share_abs_pp_max"": 12.0, ""stable_total_abs_pct_max"": 12.0}",descriptive_coverage_ok,strict origin-split Japan Customs/e-Stat snapshot; weight basis
grid_049,0.15,0.9,-5.0,8.0,Japan,importer,low_exposure_stable,low_exposure_stable,True,81,81,1.0,medium,none,12,3,0.0649037317905285,0.0134726811323636,-5.143105065816486,-13.14926509706038,-7.703367012111084,-8.435562986680045,-3.2761295383382607,0.1717606595823727,0.105255513221496,"{""constrained_offset_ratio_max"": 0.5, ""constrained_total_pct_max"": -5.0, ""high_exposure_pre_gulf_share_min"": 0.15, ""high_offset_ratio_min"": 0.9, ""min_post_months"": 3, ""min_pre_months"": 12, ""stable_gulf_share_abs_pp_max"": 8.0, ""stable_total_abs_pct_max"": 8.0}",descriptive_coverage_ok,strict origin-split Japan Customs/e-Stat snapshot; weight basis
grid_050,0.15,0.9,-5.0,10.0,Japan,importer,low_exposure_stable,low_exposure_stable,True,81,81,1.0,medium,none,12,3,0.0649037317905285,0.0134726811323636,-5.143105065816486,-13.14926509706038,-7.703367012111084,-8.435562986680045,-3.2761295383382607,0.1717606595823727,0.105255513221496,"{""constrained_offset_ratio_max"": 0.5, ""constrained_total_pct_max"": -5.0, ""high_exposure_pre_gulf_share_min"": 0.15, ""high_offset_ratio_min"": 0.9, ""min_post_months"": 3, ""min_pre_months"": 12, ""stable_gulf_share_abs_pp_max"": 10.0, ""stable_total_abs_pct_max"": 10.0}",descriptive_coverage_ok,strict origin-split Japan Customs/e-Stat snapshot; weight basis
grid_051,0.15,0.9,-5.0,12.0,Japan,importer,low_exposure_stable,low_exposure_stable,True,81,81,1.0,medium,none,12,3,0.0649037317905285,0.0134726811323636,-5.143105065816486,-13.14926509706038,-7.703367012111084,-8.435562986680045,-3.2761295383382607,0.1717606595823727,0.105255513221496,"{""constrained_offset_ratio_max"": 0.5, ""constrained_total_pct_max"": -5.0, ""high_exposure_pre_gulf_share_min"": 0.15, ""high_offset_ratio_min"": 0.9, ""min_post_months"": 3, ""min_pre_months"": 12, ""stable_gulf_share_abs_pp_max"": 12.0, ""stable_total_abs_pct_max"": 12.0}",descriptive_coverage_ok,strict origin-split Japan Customs/e-Stat snapshot; weight basis
grid_052,0.15,0.9,-10.0,8.0,Japan,importer,low_exposure_stable,low_exposure_stable,True,81,81,1.0,medium,none,12,3,0.0649037317905285,0.0134726811323636,-5.143105065816486,-13.14926509706038,-7.703367012111084,-8.435562986680045,-3.2761295383382607,0.1717606595823727,0.105255513221496,"{""constrained_offset_ratio_max"": 0.5, ""constrained_total_pct_max"": -10.0, ""high_exposure_pre_gulf_share_min"": 0.15, ""high_offset_ratio_min"": 0.9, ""min_post_months"": 3, ""min_pre_months"": 12, ""stable_gulf_share_abs_pp_max"": 8.0, ""stable_total_abs_pct_max"": 8.0}",descriptive_coverage_ok,strict origin-split Japan Customs/e-Stat snapshot; weight basis
grid_053,0.15,0.9,-10.0,10.0,Japan,importer,low_exposure_stable,low_exposure_stable,True,81,81,1.0,medium,none,12,3,0.0649037317905285,0.0134726811323636,-5.143105065816486,-13.14926509706038,-7.703367012111084,-8.435562986680045,-3.2761295383382607,0.1717606595823727,0.105255513221496,"{""constrained_offset_ratio_max"": 0.5, ""constrained_total_pct_max"": -10.0, ""high_exposure_pre_gulf_share_min"": 0.15, ""high_offset_ratio_min"": 0.9, ""min_post_months"": 3, ""min_pre_months"": 12, ""stable_gulf_share_abs_pp_max"": 10.0, ""stable_total_abs_pct_max"": 10.0}",descriptive_coverage_ok,strict origin-split Japan Customs/e-Stat snapshot; weight basis
grid_054,0.15,0.9,-10.0,12.0,Japan,importer,low_exposure_stable,low_exposure_stable,True,81,81,1.0,medium,none,12,3,0.0649037317905285,0.0134726811323636,-5.143105065816486,-13.14926509706038,-7.703367012111084,-8.435562986680045,-3.2761295383382607,0.1717606595823727,0.105255513221496,"{""constrained_offset_ratio_max"": 0.5, ""constrained_total_pct_max"": -10.0, ""high_exposure_pre_gulf_share_min"": 0.15, ""high_offset_ratio_min"": 0.9, ""min_post_months"": 3, ""min_pre_months"": 12, ""stable_gulf_share_abs_pp_max"": 12.0, ""stable_total_abs_pct_max"": 12.0}",descriptive_coverage_ok,strict origin-split Japan Customs/e-Stat snapshot; weight basis
grid_055,0.2,0.7,-3.0,8.0,Japan,importer,low_exposure_stable,low_exposure_stable,True,81,81,1.0,medium,none,12,3,0.0649037317905285,0.0134726811323636,-5.143105065816486,-13.14926509706038,-7.703367012111084,-8.435562986680045,-3.2761295383382607,0.1717606595823727,0.105255513221496,"{""constrained_offset_ratio_max"": 0.5, ""constrained_total_pct_max"": -3.0, ""high_exposure_pre_gulf_share_min"": 0.2, ""high_offset_ratio_min"": 0.7, ""min_post_months"": 3, ""min_pre_months"": 12, ""stable_gulf_share_abs_pp_max"": 8.0, ""stable_total_abs_pct_max"": 8.0}",descriptive_coverage_ok,strict origin-split Japan Customs/e-Stat snapshot; weight basis
grid_056,0.2,0.7,-3.0,10.0,Japan,importer,low_exposure_stable,low_exposure_stable,True,81,81,1.0,medium,none,12,3,0.0649037317905285,0.0134726811323636,-5.143105065816486,-13.14926509706038,-7.703367012111084,-8.435562986680045,-3.2761295383382607,0.1717606595823727,0.105255513221496,"{""constrained_offset_ratio_max"": 0.5, ""constrained_total_pct_max"": -3.0, ""high_exposure_pre_gulf_share_min"": 0.2, ""high_offset_ratio_min"": 0.7, ""min_post_months"": 3, ""min_pre_months"": 12, ""stable_gulf_share_abs_pp_max"": 10.0, ""stable_total_abs_pct_max"": 10.0}",descriptive_coverage_ok,strict origin-split Japan Customs/e-Stat snapshot; weight basis
grid_057,0.2,0.7,-3.0,12.0,Japan,importer,low_exposure_stable,low_exposure_stable,True,81,81,1.0,medium,none,12,3,0.0649037317905285,0.0134726811323636,-5.143105065816486,-13.14926509706038,-7.703367012111084,-8.435562986680045,-3.2761295383382607,0.1717606595823727,0.105255513221496,"{""constrained_offset_ratio_max"": 0.5, ""constrained_total_pct_max"": -3.0, ""high_exposure_pre_gulf_share_min"": 0.2, ""high_offset_ratio_min"": 0.7, ""min_post_months"": 3, ""min_pre_months"": 12, ""stable_gulf_share_abs_pp_max"": 12.0, ""stable_total_abs_pct_max"": 12.0}",descriptive_coverage_ok,strict origin-split Japan Customs/e-Stat snapshot; weight basis
grid_058,0.2,0.7,-5.0,8.0,Japan,importer,low_exposure_stable,low_exposure_stable,True,81,81,1.0,medium,none,12,3,0.0649037317905285,0.0134726811323636,-5.143105065816486,-13.14926509706038,-7.703367012111084,-8.435562986680045,-3.2761295383382607,0.1717606595823727,0.105255513221496,"{""constrained_offset_ratio_max"": 0.5, ""constrained_total_pct_max"": -5.0, ""high_exposure_pre_gulf_share_min"": 0.2, ""high_offset_ratio_min"": 0.7, ""min_post_months"": 3, ""min_pre_months"": 12, ""stable_gulf_share_abs_pp_max"": 8.0, ""stable_total_abs_pct_max"": 8.0}",descriptive_coverage_ok,strict origin-split Japan Customs/e-Stat snapshot; weight basis
grid_059,0.2,0.7,-5.0,10.0,Japan,importer,low_exposure_stable,low_exposure_stable,True,81,81,1.0,medium,none,12,3,0.0649037317905285,0.0134726811323636,-5.143105065816486,-13.14926509706038,-7.703367012111084,-8.435562986680045,-3.2761295383382607,0.1717606595823727,0.105255513221496,"{""constrained_offset_ratio_max"": 0.5, ""constrained_total_pct_max"": -5.0, ""high_exposure_pre_gulf_share_min"": 0.2, ""high_offset_ratio_min"": 0.7, ""min_post_months"": 3, ""min_pre_months"": 12, ""stable_gulf_share_abs_pp_max"": 10.0, ""stable_total_abs_pct_max"": 10.0}",descriptive_coverage_ok,strict origin-split Japan Customs/e-Stat snapshot; weight basis
grid_060,0.2,0.7,-5.0,12.0,Japan,importer,low_exposure_stable,low_exposure_stable,True,81,81,1.0,medium,none,12,3,0.0649037317905285,0.0134726811323636,-5.143105065816486,-13.14926509706038,-7.703367012111084,-8.435562986680045,-3.2761295383382607,0.1717606595823727,0.105255513221496,"{""constrained_offset_ratio_max"": 0.5, ""constrained_total_pct_max"": -5.0, ""high_exposure_pre_gulf_share_min"": 0.2, ""high_offset_ratio_min"": 0.7, ""min_post_months"": 3, ""min_pre_months"": 12, ""stable_gulf_share_abs_pp_max"": 12.0, ""stable_total_abs_pct_max"": 12.0}",descriptive_coverage_ok,strict origin-split Japan Customs/e-Stat snapshot; weight basis
grid_061,0.2,0.7,-10.0,8.0,Japan,importer,low_exposure_stable,low_exposure_stable,True,81,81,1.0,medium,none,12,3,0.0649037317905285,0.0134726811323636,-5.143105065816486,-13.14926509706038,-7.703367012111084,-8.435562986680045,-3.2761295383382607,0.1717606595823727,0.105255513221496,"{""constrained_offset_ratio_max"": 0.5, ""constrained_total_pct_max"": -10.0, ""high_exposure_pre_gulf_share_min"": 0.2, ""high_offset_ratio_min"": 0.7, ""min_post_months"": 3, ""min_pre_months"": 12, ""stable_gulf_share_abs_pp_max"": 8.0, ""stable_total_abs_pct_max"": 8.0}",descriptive_coverage_ok,strict origin-split Japan Customs/e-Stat snapshot; weight basis
grid_062,0.2,0.7,-10.0,10.0,Japan,importer,low_exposure_stable,low_exposure_stable,True,81,81,1.0,medium,none,12,3,0.0649037317905285,0.0134726811323636,-5.143105065816486,-13.14926509706038,-7.703367012111084,-8.435562986680045,-3.2761295383382607,0.1717606595823727,0.105255513221496,"{""constrained_offset_ratio_max"": 0.5, ""constrained_total_pct_max"": -10.0, ""high_exposure_pre_gulf_share_min"": 0.2, ""high_offset_ratio_min"": 0.7, ""min_post_months"": 3, ""min_pre_months"": 12, ""stable_gulf_share_abs_pp_max"": 10.0, ""stable_total_abs_pct_max"": 10.0}",descriptive_coverage_ok,strict origin-split Japan Customs/e-Stat snapshot; weight basis
grid_063,0.2,0.7,-10.0,12.0,Japan,importer,low_exposure_stable,low_exposure_stable,True,81,81,1.0,medium,none,12,3,0.0649037317905285,0.0134726811323636,-5.143105065816486,-13.14926509706038,-7.703367012111084,-8.435562986680045,-3.2761295383382607,0.1717606595823727,0.105255513221496,"{""constrained_offset_ratio_max"": 0.5, ""constrained_total_pct_max"": -10.0, ""high_exposure_pre_gulf_share_min"": 0.2, ""high_offset_ratio_min"": 0.7, ""min_post_months"": 3, ""min_pre_months"": 12, ""stable_gulf_share_abs_pp_max"": 12.0, ""stable_total_abs_pct_max"": 12.0}",descriptive_coverage_ok,strict origin-split Japan Customs/e-Stat snapshot; weight basis
grid_064,0.2,0.8,-3.0,8.0,Japan,importer,low_exposure_stable,low_exposure_stable,True,81,81,1.0,medium,none,12,3,0.0649037317905285,0.0134726811323636,-5.143105065816486,-13.14926509706038,-7.703367012111084,-8.435562986680045,-3.2761295383382607,0.1717606595823727,0.105255513221496,"{""constrained_offset_ratio_max"": 0.5, ""constrained_total_pct_max"": -3.0, ""high_exposure_pre_gulf_share_min"": 0.2, ""high_offset_ratio_min"": 0.8, ""min_post_months"": 3, ""min_pre_months"": 12, ""stable_gulf_share_abs_pp_max"": 8.0, ""stable_total_abs_pct_max"": 8.0}",descriptive_coverage_ok,strict origin-split Japan Customs/e-Stat snapshot; weight basis
grid_065,0.2,0.8,-3.0,10.0,Japan,importer,low_exposure_stable,low_exposure_stable,True,81,81,1.0,medium,none,12,3,0.0649037317905285,0.0134726811323636,-5.143105065816486,-13.14926509706038,-7.703367012111084,-8.435562986680045,-3.2761295383382607,0.1717606595823727,0.105255513221496,"{""constrained_offset_ratio_max"": 0.5, ""constrained_total_pct_max"": -3.0, ""high_exposure_pre_gulf_share_min"": 0.2, ""high_offset_ratio_min"": 0.8, ""min_post_months"": 3, ""min_pre_months"": 12, ""stable_gulf_share_abs_pp_max"": 10.0, ""stable_total_abs_pct_max"": 10.0}",descriptive_coverage_ok,strict origin-split Japan Customs/e-Stat snapshot; weight basis
grid_066,0.2,0.8,-3.0,12.0,Japan,importer,low_exposure_stable,low_exposure_stable,True,81,81,1.0,medium,none,12,3,0.0649037317905285,0.0134726811323636,-5.143105065816486,-13.14926509706038,-7.703367012111084,-8.435562986680045,-3.2761295383382607,0.1717606595823727,0.105255513221496,"{""constrained_offset_ratio_max"": 0.5, ""constrained_total_pct_max"": -3.0, ""high_exposure_pre_gulf_share_min"": 0.2, ""high_offset_ratio_min"": 0.8, ""min_post_months"": 3, ""min_pre_months"": 12, ""stable_gulf_share_abs_pp_max"": 12.0, ""stable_total_abs_pct_max"": 12.0}",descriptive_coverage_ok,strict origin-split Japan Customs/e-Stat snapshot; weight basis
grid_067,0.2,0.8,-5.0,8.0,Japan,importer,low_exposure_stable,low_exposure_stable,True,81,81,1.0,medium,none,12,3,0.0649037317905285,0.0134726811323636,-5.143105065816486,-13.14926509706038,-7.703367012111084,-8.435562986680045,-3.2761295383382607,0.1717606595823727,0.105255513221496,"{""constrained_offset_ratio_max"": 0.5, ""constrained_total_pct_max"": -5.0, ""high_exposure_pre_gulf_share_min"": 0.2, ""high_offset_ratio_min"": 0.8, ""min_post_months"": 3, ""min_pre_months"": 12, ""stable_gulf_share_abs_pp_max"": 8.0, ""stable_total_abs_pct_max"": 8.0}",descriptive_coverage_ok,strict origin-split Japan Customs/e-Stat snapshot; weight basis
grid_068,0.2,0.8,-5.0,10.0,Japan,importer,low_exposure_stable,low_exposure_stable,True,81,81,1.0,medium,none,12,3,0.0649037317905285,0.0134726811323636,-5.143105065816486,-13.14926509706038,-7.703367012111084,-8.435562986680045,-3.2761295383382607,0.1717606595823727,0.105255513221496,"{""constrained_offset_ratio_max"": 0.5, ""constrained_total_pct_max"": -5.0, ""high_exposure_pre_gulf_share_min"": 0.2, ""high_offset_ratio_min"": 0.8, ""min_post_months"": 3, ""min_pre_months"": 12, ""stable_gulf_share_abs_pp_max"": 10.0, ""stable_total_abs_pct_max"": 10.0}",descriptive_coverage_ok,strict origin-split Japan Customs/e-Stat snapshot; weight basis
grid_069,0.2,0.8,-5.0,12.0,Japan,importer,low_exposure_stable,low_exposure_stable,True,81,81,1.0,medium,none,12,3,0.0649037317905285,0.0134726811323636,-5.143105065816486,-13.14926509706038,-7.703367012111084,-8.435562986680045,-3.2761295383382607,0.1717606595823727,0.105255513221496,"{""constrained_offset_ratio_max"": 0.5, ""constrained_total_pct_max"": -5.0, ""high_exposure_pre_gulf_share_min"": 0.2, ""high_offset_ratio_min"": 0.8, ""min_post_months"": 3, ""min_pre_months"": 12, ""stable_gulf_share_abs_pp_max"": 12.0, ""stable_total_abs_pct_max"": 12.0}",descriptive_coverage_ok,strict origin-split Japan Customs/e-Stat snapshot; weight basis
grid_070,0.2,0.8,-10.0,8.0,Japan,importer,low_exposure_stable,low_exposure_stable,True,81,81,1.0,medium,none,12,3,0.0649037317905285,0.0134726811323636,-5.143105065816486,-13.14926509706038,-7.703367012111084,-8.435562986680045,-3.2761295383382607,0.1717606595823727,0.105255513221496,"{""constrained_offset_ratio_max"": 0.5, ""constrained_total_pct_max"": -10.0, ""high_exposure_pre_gulf_share_min"": 0.2, ""high_offset_ratio_min"": 0.8, ""min_post_months"": 3, ""min_pre_months"": 12, ""stable_gulf_share_abs_pp_max"": 8.0, ""stable_total_abs_pct_max"": 8.0}",descriptive_coverage_ok,strict origin-split Japan Customs/e-Stat snapshot; weight basis
grid_071,0.2,0.8,-10.0,10.0,Japan,importer,low_exposure_stable,low_exposure_stable,True,81,81,1.0,medium,none,12,3,0.0649037317905285,0.0134726811323636,-5.143105065816486,-13.14926509706038,-7.703367012111084,-8.435562986680045,-3.2761295383382607,0.1717606595823727,0.105255513221496,"{""constrained_offset_ratio_max"": 0.5, ""constrained_total_pct_max"": -10.0, ""high_exposure_pre_gulf_share_min"": 0.2, ""high_offset_ratio_min"": 0.8, ""min_post_months"": 3, ""min_pre_months"": 12, ""stable_gulf_share_abs_pp_max"": 10.0, ""stable_total_abs_pct_max"": 10.0}",descriptive_coverage_ok,strict origin-split Japan Customs/e-Stat snapshot; weight basis
grid_072,0.2,0.8,-10.0,12.0,Japan,importer,low_exposure_stable,low_exposure_stable,True,81,81,1.0,medium,none,12,3,0.0649037317905285,0.0134726811323636,-5.143105065816486,-13.14926509706038,-7.703367012111084,-8.435562986680045,-3.2761295383382607,0.1717606595823727,0.105255513221496,"{""constrained_offset_ratio_max"": 0.5, ""constrained_total_pct_max"": -10.0, ""high_exposure_pre_gulf_share_min"": 0.2, ""high_offset_ratio_min"": 0.8, ""min_post_months"": 3, ""min_pre_months"": 12, ""stable_gulf_share_abs_pp_max"": 12.0, ""stable_total_abs_pct_max"": 12.0}",descriptive_coverage_ok,strict origin-split Japan Customs/e-Stat snapshot; weight basis
grid_073,0.2,0.9,-3.0,8.0,Japan,importer,low_exposure_stable,low_exposure_stable,True,81,81,1.0,medium,none,12,3,0.0649037317905285,0.0134726811323636,-5.143105065816486,-13.14926509706038,-7.703367012111084,-8.435562986680045,-3.2761295383382607,0.1717606595823727,0.105255513221496,"{""constrained_offset_ratio_max"": 0.5, ""constrained_total_pct_max"": -3.0, ""high_exposure_pre_gulf_share_min"": 0.2, ""high_offset_ratio_min"": 0.9, ""min_post_months"": 3, ""min_pre_months"": 12, ""stable_gulf_share_abs_pp_max"": 8.0, ""stable_total_abs_pct_max"": 8.0}",descriptive_coverage_ok,strict origin-split Japan Customs/e-Stat snapshot; weight basis
grid_074,0.2,0.9,-3.0,10.0,Japan,importer,low_exposure_stable,low_exposure_stable,True,81,81,1.0,medium,none,12,3,0.0649037317905285,0.0134726811323636,-5.143105065816486,-13.14926509706038,-7.703367012111084,-8.435562986680045,-3.2761295383382607,0.1717606595823727,0.105255513221496,"{""constrained_offset_ratio_max"": 0.5, ""constrained_total_pct_max"": -3.0, ""high_exposure_pre_gulf_share_min"": 0.2, ""high_offset_ratio_min"": 0.9, ""min_post_months"": 3, ""min_pre_months"": 12, ""stable_gulf_share_abs_pp_max"": 10.0, ""stable_total_abs_pct_max"": 10.0}",descriptive_coverage_ok,strict origin-split Japan Customs/e-Stat snapshot; weight basis
grid_075,0.2,0.9,-3.0,12.0,Japan,importer,low_exposure_stable,low_exposure_stable,True,81,81,1.0,medium,none,12,3,0.0649037317905285,0.0134726811323636,-5.143105065816486,-13.14926509706038,-7.703367012111084,-8.435562986680045,-3.2761295383382607,0.1717606595823727,0.105255513221496,"{""constrained_offset_ratio_max"": 0.5, ""constrained_total_pct_max"": -3.0, ""high_exposure_pre_gulf_share_min"": 0.2, ""high_offset_ratio_min"": 0.9, ""min_post_months"": 3, ""min_pre_months"": 12, ""stable_gulf_share_abs_pp_max"": 12.0, ""stable_total_abs_pct_max"": 12.0}",descriptive_coverage_ok,strict origin-split Japan Customs/e-Stat snapshot; weight basis
grid_076,0.2,0.9,-5.0,8.0,Japan,importer,low_exposure_stable,low_exposure_stable,True,81,81,1.0,medium,none,12,3,0.0649037317905285,0.0134726811323636,-5.143105065816486,-13.14926509706038,-7.703367012111084,-8.435562986680045,-3.2761295383382607,0.1717606595823727,0.105255513221496,"{""constrained_offset_ratio_max"": 0.5, ""constrained_total_pct_max"": -5.0, ""high_exposure_pre_gulf_share_min"": 0.2, ""high_offset_ratio_min"": 0.9, ""min_post_months"": 3, ""min_pre_months"": 12, ""stable_gulf_share_abs_pp_max"": 8.0, ""stable_total_abs_pct_max"": 8.0}",descriptive_coverage_ok,strict origin-split Japan Customs/e-Stat snapshot; weight basis
grid_077,0.2,0.9,-5.0,10.0,Japan,importer,low_exposure_stable,low_exposure_stable,True,81,81,1.0,medium,none,12,3,0.0649037317905285,0.0134726811323636,-5.143105065816486,-13.14926509706038,-7.703367012111084,-8.435562986680045,-3.2761295383382607,0.1717606595823727,0.105255513221496,"{""constrained_offset_ratio_max"": 0.5, ""constrained_total_pct_max"": -5.0, ""high_exposure_pre_gulf_share_min"": 0.2, ""high_offset_ratio_min"": 0.9, ""min_post_months"": 3, ""min_pre_months"": 12, ""stable_gulf_share_abs_pp_max"": 10.0, ""stable_total_abs_pct_max"": 10.0}",descriptive_coverage_ok,strict origin-split Japan Customs/e-Stat snapshot; weight basis
grid_078,0.2,0.9,-5.0,12.0,Japan,importer,low_exposure_stable,low_exposure_stable,True,81,81,1.0,medium,none,12,3,0.0649037317905285,0.0134726811323636,-5.143105065816486,-13.14926509706038,-7.703367012111084,-8.435562986680045,-3.2761295383382607,0.1717606595823727,0.105255513221496,"{""constrained_offset_ratio_max"": 0.5, ""constrained_total_pct_max"": -5.0, ""high_exposure_pre_gulf_share_min"": 0.2, ""high_offset_ratio_min"": 0.9, ""min_post_months"": 3, ""min_pre_months"": 12, ""stable_gulf_share_abs_pp_max"": 12.0, ""stable_total_abs_pct_max"": 12.0}",descriptive_coverage_ok,strict origin-split Japan Customs/e-Stat snapshot; weight basis
grid_079,0.2,0.9,-10.0,8.0,Japan,importer,low_exposure_stable,low_exposure_stable,True,81,81,1.0,medium,none,12,3,0.0649037317905285,0.0134726811323636,-5.143105065816486,-13.14926509706038,-7.703367012111084,-8.435562986680045,-3.2761295383382607,0.1717606595823727,0.105255513221496,"{""constrained_offset_ratio_max"": 0.5, ""constrained_total_pct_max"": -10.0, ""high_exposure_pre_gulf_share_min"": 0.2, ""high_offset_ratio_min"": 0.9, ""min_post_months"": 3, ""min_pre_months"": 12, ""stable_gulf_share_abs_pp_max"": 8.0, ""stable_total_abs_pct_max"": 8.0}",descriptive_coverage_ok,strict origin-split Japan Customs/e-Stat snapshot; weight basis
grid_080,0.2,0.9,-10.0,10.0,Japan,importer,low_exposure_stable,low_exposure_stable,True,81,81,1.0,medium,none,12,3,0.0649037317905285,0.0134726811323636,-5.143105065816486,-13.14926509706038,-7.703367012111084,-8.435562986680045,-3.2761295383382607,0.1717606595823727,0.105255513221496,"{""constrained_offset_ratio_max"": 0.5, ""constrained_total_pct_max"": -10.0, ""high_exposure_pre_gulf_share_min"": 0.2, ""high_offset_ratio_min"": 0.9, ""min_post_months"": 3, ""min_pre_months"": 12, ""stable_gulf_share_abs_pp_max"": 10.0, ""stable_total_abs_pct_max"": 10.0}",descriptive_coverage_ok,strict origin-split Japan Customs/e-Stat snapshot; weight basis
grid_081,0.2,0.9,-10.0,12.0,Japan,importer,low_exposure_stable,low_exposure_stable,True,81,81,1.0,medium,none,12,3,0.0649037317905285,0.0134726811323636,-5.143105065816486,-13.14926509706038,-7.703367012111084,-8.435562986680045,-3.2761295383382607,0.1717606595823727,0.105255513221496,"{""constrained_offset_ratio_max"": 0.5, ""constrained_total_pct_max"": -10.0, ""high_exposure_pre_gulf_share_min"": 0.2, ""high_offset_ratio_min"": 0.9, ""min_post_months"": 3, ""min_pre_months"": 12, ""stable_gulf_share_abs_pp_max"": 12.0, ""stable_total_abs_pct_max"": 12.0}",descriptive_coverage_ok,strict origin-split Japan Customs/e-Stat snapshot; weight basis
grid_001,0.1,0.7,-3.0,8.0,Korea,importer,high_exposure_constrained,high_exposure_constrained,True,81,54,0.6666666666666666,medium,none,12,4,0.1521921221332325,0.0165550550267513,-13.563706710648116,-15.817927061894489,-12.369717682023506,-2.7321490074767585,-0.4770182459642533,0.2386853001055283,0.2062019773209032,"{""constrained_offset_ratio_max"": 0.5, ""constrained_total_pct_max"": -3.0, ""high_exposure_pre_gulf_share_min"": 0.1, ""high_offset_ratio_min"": 0.7, ""min_post_months"": 3, ""min_pre_months"": 12, ""stable_gulf_share_abs_pp_max"": 8.0, ""stable_total_abs_pct_max"": 8.0}",descriptive_coverage_ok,strict origin-split national customs; weight basis
grid_002,0.1,0.7,-3.0,10.0,Korea,importer,high_exposure_constrained,high_exposure_constrained,True,81,54,0.6666666666666666,medium,none,12,4,0.1521921221332325,0.0165550550267513,-13.563706710648116,-15.817927061894489,-12.369717682023506,-2.7321490074767585,-0.4770182459642533,0.2386853001055283,0.2062019773209032,"{""constrained_offset_ratio_max"": 0.5, ""constrained_total_pct_max"": -3.0, ""high_exposure_pre_gulf_share_min"": 0.1, ""high_offset_ratio_min"": 0.7, ""min_post_months"": 3, ""min_pre_months"": 12, ""stable_gulf_share_abs_pp_max"": 10.0, ""stable_total_abs_pct_max"": 10.0}",descriptive_coverage_ok,strict origin-split national customs; weight basis
grid_003,0.1,0.7,-3.0,12.0,Korea,importer,high_exposure_constrained,high_exposure_constrained,True,81,54,0.6666666666666666,medium,none,12,4,0.1521921221332325,0.0165550550267513,-13.563706710648116,-15.817927061894489,-12.369717682023506,-2.7321490074767585,-0.4770182459642533,0.2386853001055283,0.2062019773209032,"{""constrained_offset_ratio_max"": 0.5, ""constrained_total_pct_max"": -3.0, ""high_exposure_pre_gulf_share_min"": 0.1, ""high_offset_ratio_min"": 0.7, ""min_post_months"": 3, ""min_pre_months"": 12, ""stable_gulf_share_abs_pp_max"": 12.0, ""stable_total_abs_pct_max"": 12.0}",descriptive_coverage_ok,strict origin-split national customs; weight basis
grid_004,0.1,0.7,-5.0,8.0,Korea,importer,high_exposure_constrained,high_exposure_constrained,True,81,54,0.6666666666666666,medium,none,12,4,0.1521921221332325,0.0165550550267513,-13.563706710648116,-15.817927061894489,-12.369717682023506,-2.7321490074767585,-0.4770182459642533,0.2386853001055283,0.2062019773209032,"{""constrained_offset_ratio_max"": 0.5, ""constrained_total_pct_max"": -5.0, ""high_exposure_pre_gulf_share_min"": 0.1, ""high_offset_ratio_min"": 0.7, ""min_post_months"": 3, ""min_pre_months"": 12, ""stable_gulf_share_abs_pp_max"": 8.0, ""stable_total_abs_pct_max"": 8.0}",descriptive_coverage_ok,strict origin-split national customs; weight basis
grid_005,0.1,0.7,-5.0,10.0,Korea,importer,high_exposure_constrained,high_exposure_constrained,True,81,54,0.6666666666666666,medium,none,12,4,0.1521921221332325,0.0165550550267513,-13.563706710648116,-15.817927061894489,-12.369717682023506,-2.7321490074767585,-0.4770182459642533,0.2386853001055283,0.2062019773209032,"{""constrained_offset_ratio_max"": 0.5, ""constrained_total_pct_max"": -5.0, ""high_exposure_pre_gulf_share_min"": 0.1, ""high_offset_ratio_min"": 0.7, ""min_post_months"": 3, ""min_pre_months"": 12, ""stable_gulf_share_abs_pp_max"": 10.0, ""stable_total_abs_pct_max"": 10.0}",descriptive_coverage_ok,strict origin-split national customs; weight basis
grid_006,0.1,0.7,-5.0,12.0,Korea,importer,high_exposure_constrained,high_exposure_constrained,True,81,54,0.6666666666666666,medium,none,12,4,0.1521921221332325,0.0165550550267513,-13.563706710648116,-15.817927061894489,-12.369717682023506,-2.7321490074767585,-0.4770182459642533,0.2386853001055283,0.2062019773209032,"{""constrained_offset_ratio_max"": 0.5, ""constrained_total_pct_max"": -5.0, ""high_exposure_pre_gulf_share_min"": 0.1, ""high_offset_ratio_min"": 0.7, ""min_post_months"": 3, ""min_pre_months"": 12, ""stable_gulf_share_abs_pp_max"": 12.0, ""stable_total_abs_pct_max"": 12.0}",descriptive_coverage_ok,strict origin-split national customs; weight basis
grid_007,0.1,0.7,-10.0,8.0,Korea,importer,high_exposure_constrained,high_exposure_constrained,True,81,54,0.6666666666666666,medium,none,12,4,0.1521921221332325,0.0165550550267513,-13.563706710648116,-15.817927061894489,-12.369717682023506,-2.7321490074767585,-0.4770182459642533,0.2386853001055283,0.2062019773209032,"{""constrained_offset_ratio_max"": 0.5, ""constrained_total_pct_max"": -10.0, ""high_exposure_pre_gulf_share_min"": 0.1, ""high_offset_ratio_min"": 0.7, ""min_post_months"": 3, ""min_pre_months"": 12, ""stable_gulf_share_abs_pp_max"": 8.0, ""stable_total_abs_pct_max"": 8.0}",descriptive_coverage_ok,strict origin-split national customs; weight basis
grid_008,0.1,0.7,-10.0,10.0,Korea,importer,high_exposure_constrained,high_exposure_constrained,True,81,54,0.6666666666666666,medium,none,12,4,0.1521921221332325,0.0165550550267513,-13.563706710648116,-15.817927061894489,-12.369717682023506,-2.7321490074767585,-0.4770182459642533,0.2386853001055283,0.2062019773209032,"{""constrained_offset_ratio_max"": 0.5, ""constrained_total_pct_max"": -10.0, ""high_exposure_pre_gulf_share_min"": 0.1, ""high_offset_ratio_min"": 0.7, ""min_post_months"": 3, ""min_pre_months"": 12, ""stable_gulf_share_abs_pp_max"": 10.0, ""stable_total_abs_pct_max"": 10.0}",descriptive_coverage_ok,strict origin-split national customs; weight basis
grid_009,0.1,0.7,-10.0,12.0,Korea,importer,high_exposure_constrained,high_exposure_constrained,True,81,54,0.6666666666666666,medium,none,12,4,0.1521921221332325,0.0165550550267513,-13.563706710648116,-15.817927061894489,-12.369717682023506,-2.7321490074767585,-0.4770182459642533,0.2386853001055283,0.2062019773209032,"{""constrained_offset_ratio_max"": 0.5, ""constrained_total_pct_max"": -10.0, ""high_exposure_pre_gulf_share_min"": 0.1, ""high_offset_ratio_min"": 0.7, ""min_post_months"": 3, ""min_pre_months"": 12, ""stable_gulf_share_abs_pp_max"": 12.0, ""stable_total_abs_pct_max"": 12.0}",descriptive_coverage_ok,strict origin-split national customs; weight basis
grid_010,0.1,0.8,-3.0,8.0,Korea,importer,high_exposure_constrained,high_exposure_constrained,True,81,54,0.6666666666666666,medium,none,12,4,0.1521921221332325,0.0165550550267513,-13.563706710648116,-15.817927061894489,-12.369717682023506,-2.7321490074767585,-0.4770182459642533,0.2386853001055283,0.2062019773209032,"{""constrained_offset_ratio_max"": 0.5, ""constrained_total_pct_max"": -3.0, ""high_exposure_pre_gulf_share_min"": 0.1, ""high_offset_ratio_min"": 0.8, ""min_post_months"": 3, ""min_pre_months"": 12, ""stable_gulf_share_abs_pp_max"": 8.0, ""stable_total_abs_pct_max"": 8.0}",descriptive_coverage_ok,strict origin-split national customs; weight basis
grid_011,0.1,0.8,-3.0,10.0,Korea,importer,high_exposure_constrained,high_exposure_constrained,True,81,54,0.6666666666666666,medium,none,12,4,0.1521921221332325,0.0165550550267513,-13.563706710648116,-15.817927061894489,-12.369717682023506,-2.7321490074767585,-0.4770182459642533,0.2386853001055283,0.2062019773209032,"{""constrained_offset_ratio_max"": 0.5, ""constrained_total_pct_max"": -3.0, ""high_exposure_pre_gulf_share_min"": 0.1, ""high_offset_ratio_min"": 0.8, ""min_post_months"": 3, ""min_pre_months"": 12, ""stable_gulf_share_abs_pp_max"": 10.0, ""stable_total_abs_pct_max"": 10.0}",descriptive_coverage_ok,strict origin-split national customs; weight basis
grid_012,0.1,0.8,-3.0,12.0,Korea,importer,high_exposure_constrained,high_exposure_constrained,True,81,54,0.6666666666666666,medium,none,12,4,0.1521921221332325,0.0165550550267513,-13.563706710648116,-15.817927061894489,-12.369717682023506,-2.7321490074767585,-0.4770182459642533,0.2386853001055283,0.2062019773209032,"{""constrained_offset_ratio_max"": 0.5, ""constrained_total_pct_max"": -3.0, ""high_exposure_pre_gulf_share_min"": 0.1, ""high_offset_ratio_min"": 0.8, ""min_post_months"": 3, ""min_pre_months"": 12, ""stable_gulf_share_abs_pp_max"": 12.0, ""stable_total_abs_pct_max"": 12.0}",descriptive_coverage_ok,strict origin-split national customs; weight basis
grid_013,0.1,0.8,-5.0,8.0,Korea,importer,high_exposure_constrained,high_exposure_constrained,True,81,54,0.6666666666666666,medium,none,12,4,0.1521921221332325,0.0165550550267513,-13.563706710648116,-15.817927061894489,-12.369717682023506,-2.7321490074767585,-0.4770182459642533,0.2386853001055283,0.2062019773209032,"{""constrained_offset_ratio_max"": 0.5, ""constrained_total_pct_max"": -5.0, ""high_exposure_pre_gulf_share_min"": 0.1, ""high_offset_ratio_min"": 0.8, ""min_post_months"": 3, ""min_pre_months"": 12, ""stable_gulf_share_abs_pp_max"": 8.0, ""stable_total_abs_pct_max"": 8.0}",descriptive_coverage_ok,strict origin-split national customs; weight basis
grid_014,0.1,0.8,-5.0,10.0,Korea,importer,high_exposure_constrained,high_exposure_constrained,True,81,54,0.6666666666666666,medium,none,12,4,0.1521921221332325,0.0165550550267513,-13.563706710648116,-15.817927061894489,-12.369717682023506,-2.7321490074767585,-0.4770182459642533,0.2386853001055283,0.2062019773209032,"{""constrained_offset_ratio_max"": 0.5, ""constrained_total_pct_max"": -5.0, ""high_exposure_pre_gulf_share_min"": 0.1, ""high_offset_ratio_min"": 0.8, ""min_post_months"": 3, ""min_pre_months"": 12, ""stable_gulf_share_abs_pp_max"": 10.0, ""stable_total_abs_pct_max"": 10.0}",descriptive_coverage_ok,strict origin-split national customs; weight basis
grid_015,0.1,0.8,-5.0,12.0,Korea,importer,high_exposure_constrained,high_exposure_constrained,True,81,54,0.6666666666666666,medium,none,12,4,0.1521921221332325,0.0165550550267513,-13.563706710648116,-15.817927061894489,-12.369717682023506,-2.7321490074767585,-0.4770182459642533,0.2386853001055283,0.2062019773209032,"{""constrained_offset_ratio_max"": 0.5, ""constrained_total_pct_max"": -5.0, ""high_exposure_pre_gulf_share_min"": 0.1, ""high_offset_ratio_min"": 0.8, ""min_post_months"": 3, ""min_pre_months"": 12, ""stable_gulf_share_abs_pp_max"": 12.0, ""stable_total_abs_pct_max"": 12.0}",descriptive_coverage_ok,strict origin-split national customs; weight basis
grid_016,0.1,0.8,-10.0,8.0,Korea,importer,high_exposure_constrained,high_exposure_constrained,True,81,54,0.6666666666666666,medium,none,12,4,0.1521921221332325,0.0165550550267513,-13.563706710648116,-15.817927061894489,-12.369717682023506,-2.7321490074767585,-0.4770182459642533,0.2386853001055283,0.2062019773209032,"{""constrained_offset_ratio_max"": 0.5, ""constrained_total_pct_max"": -10.0, ""high_exposure_pre_gulf_share_min"": 0.1, ""high_offset_ratio_min"": 0.8, ""min_post_months"": 3, ""min_pre_months"": 12, ""stable_gulf_share_abs_pp_max"": 8.0, ""stable_total_abs_pct_max"": 8.0}",descriptive_coverage_ok,strict origin-split national customs; weight basis
grid_017,0.1,0.8,-10.0,10.0,Korea,importer,high_exposure_constrained,high_exposure_constrained,True,81,54,0.6666666666666666,medium,none,12,4,0.1521921221332325,0.0165550550267513,-13.563706710648116,-15.817927061894489,-12.369717682023506,-2.7321490074767585,-0.4770182459642533,0.2386853001055283,0.2062019773209032,"{""constrained_offset_ratio_max"": 0.5, ""constrained_total_pct_max"": -10.0, ""high_exposure_pre_gulf_share_min"": 0.1, ""high_offset_ratio_min"": 0.8, ""min_post_months"": 3, ""min_pre_months"": 12, ""stable_gulf_share_abs_pp_max"": 10.0, ""stable_total_abs_pct_max"": 10.0}",descriptive_coverage_ok,strict origin-split national customs; weight basis
grid_018,0.1,0.8,-10.0,12.0,Korea,importer,high_exposure_constrained,high_exposure_constrained,True,81,54,0.6666666666666666,medium,none,12,4,0.1521921221332325,0.0165550550267513,-13.563706710648116,-15.817927061894489,-12.369717682023506,-2.7321490074767585,-0.4770182459642533,0.2386853001055283,0.2062019773209032,"{""constrained_offset_ratio_max"": 0.5, ""constrained_total_pct_max"": -10.0, ""high_exposure_pre_gulf_share_min"": 0.1, ""high_offset_ratio_min"": 0.8, ""min_post_months"": 3, ""min_pre_months"": 12, ""stable_gulf_share_abs_pp_max"": 12.0, ""stable_total_abs_pct_max"": 12.0}",descriptive_coverage_ok,strict origin-split national customs; weight basis
grid_019,0.1,0.9,-3.0,8.0,Korea,importer,high_exposure_constrained,high_exposure_constrained,True,81,54,0.6666666666666666,medium,none,12,4,0.1521921221332325,0.0165550550267513,-13.563706710648116,-15.817927061894489,-12.369717682023506,-2.7321490074767585,-0.4770182459642533,0.2386853001055283,0.2062019773209032,"{""constrained_offset_ratio_max"": 0.5, ""constrained_total_pct_max"": -3.0, ""high_exposure_pre_gulf_share_min"": 0.1, ""high_offset_ratio_min"": 0.9, ""min_post_months"": 3, ""min_pre_months"": 12, ""stable_gulf_share_abs_pp_max"": 8.0, ""stable_total_abs_pct_max"": 8.0}",descriptive_coverage_ok,strict origin-split national customs; weight basis
grid_020,0.1,0.9,-3.0,10.0,Korea,importer,high_exposure_constrained,high_exposure_constrained,True,81,54,0.6666666666666666,medium,none,12,4,0.1521921221332325,0.0165550550267513,-13.563706710648116,-15.817927061894489,-12.369717682023506,-2.7321490074767585,-0.4770182459642533,0.2386853001055283,0.2062019773209032,"{""constrained_offset_ratio_max"": 0.5, ""constrained_total_pct_max"": -3.0, ""high_exposure_pre_gulf_share_min"": 0.1, ""high_offset_ratio_min"": 0.9, ""min_post_months"": 3, ""min_pre_months"": 12, ""stable_gulf_share_abs_pp_max"": 10.0, ""stable_total_abs_pct_max"": 10.0}",descriptive_coverage_ok,strict origin-split national customs; weight basis
grid_021,0.1,0.9,-3.0,12.0,Korea,importer,high_exposure_constrained,high_exposure_constrained,True,81,54,0.6666666666666666,medium,none,12,4,0.1521921221332325,0.0165550550267513,-13.563706710648116,-15.817927061894489,-12.369717682023506,-2.7321490074767585,-0.4770182459642533,0.2386853001055283,0.2062019773209032,"{""constrained_offset_ratio_max"": 0.5, ""constrained_total_pct_max"": -3.0, ""high_exposure_pre_gulf_share_min"": 0.1, ""high_offset_ratio_min"": 0.9, ""min_post_months"": 3, ""min_pre_months"": 12, ""stable_gulf_share_abs_pp_max"": 12.0, ""stable_total_abs_pct_max"": 12.0}",descriptive_coverage_ok,strict origin-split national customs; weight basis
grid_022,0.1,0.9,-5.0,8.0,Korea,importer,high_exposure_constrained,high_exposure_constrained,True,81,54,0.6666666666666666,medium,none,12,4,0.1521921221332325,0.0165550550267513,-13.563706710648116,-15.817927061894489,-12.369717682023506,-2.7321490074767585,-0.4770182459642533,0.2386853001055283,0.2062019773209032,"{""constrained_offset_ratio_max"": 0.5, ""constrained_total_pct_max"": -5.0, ""high_exposure_pre_gulf_share_min"": 0.1, ""high_offset_ratio_min"": 0.9, ""min_post_months"": 3, ""min_pre_months"": 12, ""stable_gulf_share_abs_pp_max"": 8.0, ""stable_total_abs_pct_max"": 8.0}",descriptive_coverage_ok,strict origin-split national customs; weight basis
grid_023,0.1,0.9,-5.0,10.0,Korea,importer,high_exposure_constrained,high_exposure_constrained,True,81,54,0.6666666666666666,medium,none,12,4,0.1521921221332325,0.0165550550267513,-13.563706710648116,-15.817927061894489,-12.369717682023506,-2.7321490074767585,-0.4770182459642533,0.2386853001055283,0.2062019773209032,"{""constrained_offset_ratio_max"": 0.5, ""constrained_total_pct_max"": -5.0, ""high_exposure_pre_gulf_share_min"": 0.1, ""high_offset_ratio_min"": 0.9, ""min_post_months"": 3, ""min_pre_months"": 12, ""stable_gulf_share_abs_pp_max"": 10.0, ""stable_total_abs_pct_max"": 10.0}",descriptive_coverage_ok,strict origin-split national customs; weight basis
grid_024,0.1,0.9,-5.0,12.0,Korea,importer,high_exposure_constrained,high_exposure_constrained,True,81,54,0.6666666666666666,medium,none,12,4,0.1521921221332325,0.0165550550267513,-13.563706710648116,-15.817927061894489,-12.369717682023506,-2.7321490074767585,-0.4770182459642533,0.2386853001055283,0.2062019773209032,"{""constrained_offset_ratio_max"": 0.5, ""constrained_total_pct_max"": -5.0, ""high_exposure_pre_gulf_share_min"": 0.1, ""high_offset_ratio_min"": 0.9, ""min_post_months"": 3, ""min_pre_months"": 12, ""stable_gulf_share_abs_pp_max"": 12.0, ""stable_total_abs_pct_max"": 12.0}",descriptive_coverage_ok,strict origin-split national customs; weight basis
grid_025,0.1,0.9,-10.0,8.0,Korea,importer,high_exposure_constrained,high_exposure_constrained,True,81,54,0.6666666666666666,medium,none,12,4,0.1521921221332325,0.0165550550267513,-13.563706710648116,-15.817927061894489,-12.369717682023506,-2.7321490074767585,-0.4770182459642533,0.2386853001055283,0.2062019773209032,"{""constrained_offset_ratio_max"": 0.5, ""constrained_total_pct_max"": -10.0, ""high_exposure_pre_gulf_share_min"": 0.1, ""high_offset_ratio_min"": 0.9, ""min_post_months"": 3, ""min_pre_months"": 12, ""stable_gulf_share_abs_pp_max"": 8.0, ""stable_total_abs_pct_max"": 8.0}",descriptive_coverage_ok,strict origin-split national customs; weight basis
grid_026,0.1,0.9,-10.0,10.0,Korea,importer,high_exposure_constrained,high_exposure_constrained,True,81,54,0.6666666666666666,medium,none,12,4,0.1521921221332325,0.0165550550267513,-13.563706710648116,-15.817927061894489,-12.369717682023506,-2.7321490074767585,-0.4770182459642533,0.2386853001055283,0.2062019773209032,"{""constrained_offset_ratio_max"": 0.5, ""constrained_total_pct_max"": -10.0, ""high_exposure_pre_gulf_share_min"": 0.1, ""high_offset_ratio_min"": 0.9, ""min_post_months"": 3, ""min_pre_months"": 12, ""stable_gulf_share_abs_pp_max"": 10.0, ""stable_total_abs_pct_max"": 10.0}",descriptive_coverage_ok,strict origin-split national customs; weight basis
grid_027,0.1,0.9,-10.0,12.0,Korea,importer,high_exposure_constrained,high_exposure_constrained,True,81,54,0.6666666666666666,medium,none,12,4,0.1521921221332325,0.0165550550267513,-13.563706710648116,-15.817927061894489,-12.369717682023506,-2.7321490074767585,-0.4770182459642533,0.2386853001055283,0.2062019773209032,"{""constrained_offset_ratio_max"": 0.5, ""constrained_total_pct_max"": -10.0, ""high_exposure_pre_gulf_share_min"": 0.1, ""high_offset_ratio_min"": 0.9, ""min_post_months"": 3, ""min_pre_months"": 12, ""stable_gulf_share_abs_pp_max"": 12.0, ""stable_total_abs_pct_max"": 12.0}",descriptive_coverage_ok,strict origin-split national customs; weight basis
grid_028,0.15,0.7,-3.0,8.0,Korea,importer,high_exposure_constrained,high_exposure_constrained,True,81,54,0.6666666666666666,medium,none,12,4,0.1521921221332325,0.0165550550267513,-13.563706710648116,-15.817927061894489,-12.369717682023506,-2.7321490074767585,-0.4770182459642533,0.2386853001055283,0.2062019773209032,"{""constrained_offset_ratio_max"": 0.5, ""constrained_total_pct_max"": -3.0, ""high_exposure_pre_gulf_share_min"": 0.15, ""high_offset_ratio_min"": 0.7, ""min_post_months"": 3, ""min_pre_months"": 12, ""stable_gulf_share_abs_pp_max"": 8.0, ""stable_total_abs_pct_max"": 8.0}",descriptive_coverage_ok,strict origin-split national customs; weight basis
grid_029,0.15,0.7,-3.0,10.0,Korea,importer,high_exposure_constrained,high_exposure_constrained,True,81,54,0.6666666666666666,medium,none,12,4,0.1521921221332325,0.0165550550267513,-13.563706710648116,-15.817927061894489,-12.369717682023506,-2.7321490074767585,-0.4770182459642533,0.2386853001055283,0.2062019773209032,"{""constrained_offset_ratio_max"": 0.5, ""constrained_total_pct_max"": -3.0, ""high_exposure_pre_gulf_share_min"": 0.15, ""high_offset_ratio_min"": 0.7, ""min_post_months"": 3, ""min_pre_months"": 12, ""stable_gulf_share_abs_pp_max"": 10.0, ""stable_total_abs_pct_max"": 10.0}",descriptive_coverage_ok,strict origin-split national customs; weight basis
grid_030,0.15,0.7,-3.0,12.0,Korea,importer,high_exposure_constrained,high_exposure_constrained,True,81,54,0.6666666666666666,medium,none,12,4,0.1521921221332325,0.0165550550267513,-13.563706710648116,-15.817927061894489,-12.369717682023506,-2.7321490074767585,-0.4770182459642533,0.2386853001055283,0.2062019773209032,"{""constrained_offset_ratio_max"": 0.5, ""constrained_total_pct_max"": -3.0, ""high_exposure_pre_gulf_share_min"": 0.15, ""high_offset_ratio_min"": 0.7, ""min_post_months"": 3, ""min_pre_months"": 12, ""stable_gulf_share_abs_pp_max"": 12.0, ""stable_total_abs_pct_max"": 12.0}",descriptive_coverage_ok,strict origin-split national customs; weight basis
grid_031,0.15,0.7,-5.0,8.0,Korea,importer,high_exposure_constrained,high_exposure_constrained,True,81,54,0.6666666666666666,medium,none,12,4,0.1521921221332325,0.0165550550267513,-13.563706710648116,-15.817927061894489,-12.369717682023506,-2.7321490074767585,-0.4770182459642533,0.2386853001055283,0.2062019773209032,"{""constrained_offset_ratio_max"": 0.5, ""constrained_total_pct_max"": -5.0, ""high_exposure_pre_gulf_share_min"": 0.15, ""high_offset_ratio_min"": 0.7, ""min_post_months"": 3, ""min_pre_months"": 12, ""stable_gulf_share_abs_pp_max"": 8.0, ""stable_total_abs_pct_max"": 8.0}",descriptive_coverage_ok,strict origin-split national customs; weight basis
grid_032,0.15,0.7,-5.0,10.0,Korea,importer,high_exposure_constrained,high_exposure_constrained,True,81,54,0.6666666666666666,medium,none,12,4,0.1521921221332325,0.0165550550267513,-13.563706710648116,-15.817927061894489,-12.369717682023506,-2.7321490074767585,-0.4770182459642533,0.2386853001055283,0.2062019773209032,"{""constrained_offset_ratio_max"": 0.5, ""constrained_total_pct_max"": -5.0, ""high_exposure_pre_gulf_share_min"": 0.15, ""high_offset_ratio_min"": 0.7, ""min_post_months"": 3, ""min_pre_months"": 12, ""stable_gulf_share_abs_pp_max"": 10.0, ""stable_total_abs_pct_max"": 10.0}",descriptive_coverage_ok,strict origin-split national customs; weight basis
grid_033,0.15,0.7,-5.0,12.0,Korea,importer,high_exposure_constrained,high_exposure_constrained,True,81,54,0.6666666666666666,medium,none,12,4,0.1521921221332325,0.0165550550267513,-13.563706710648116,-15.817927061894489,-12.369717682023506,-2.7321490074767585,-0.4770182459642533,0.2386853001055283,0.2062019773209032,"{""constrained_offset_ratio_max"": 0.5, ""constrained_total_pct_max"": -5.0, ""high_exposure_pre_gulf_share_min"": 0.15, ""high_offset_ratio_min"": 0.7, ""min_post_months"": 3, ""min_pre_months"": 12, ""stable_gulf_share_abs_pp_max"": 12.0, ""stable_total_abs_pct_max"": 12.0}",descriptive_coverage_ok,strict origin-split national customs; weight basis
grid_034,0.15,0.7,-10.0,8.0,Korea,importer,high_exposure_constrained,high_exposure_constrained,True,81,54,0.6666666666666666,medium,none,12,4,0.1521921221332325,0.0165550550267513,-13.563706710648116,-15.817927061894489,-12.369717682023506,-2.7321490074767585,-0.4770182459642533,0.2386853001055283,0.2062019773209032,"{""constrained_offset_ratio_max"": 0.5, ""constrained_total_pct_max"": -10.0, ""high_exposure_pre_gulf_share_min"": 0.15, ""high_offset_ratio_min"": 0.7, ""min_post_months"": 3, ""min_pre_months"": 12, ""stable_gulf_share_abs_pp_max"": 8.0, ""stable_total_abs_pct_max"": 8.0}",descriptive_coverage_ok,strict origin-split national customs; weight basis
grid_035,0.15,0.7,-10.0,10.0,Korea,importer,high_exposure_constrained,high_exposure_constrained,True,81,54,0.6666666666666666,medium,none,12,4,0.1521921221332325,0.0165550550267513,-13.563706710648116,-15.817927061894489,-12.369717682023506,-2.7321490074767585,-0.4770182459642533,0.2386853001055283,0.2062019773209032,"{""constrained_offset_ratio_max"": 0.5, ""constrained_total_pct_max"": -10.0, ""high_exposure_pre_gulf_share_min"": 0.15, ""high_offset_ratio_min"": 0.7, ""min_post_months"": 3, ""min_pre_months"": 12, ""stable_gulf_share_abs_pp_max"": 10.0, ""stable_total_abs_pct_max"": 10.0}",descriptive_coverage_ok,strict origin-split national customs; weight basis
grid_036,0.15,0.7,-10.0,12.0,Korea,importer,high_exposure_constrained,high_exposure_constrained,True,81,54,0.6666666666666666,medium,none,12,4,0.1521921221332325,0.0165550550267513,-13.563706710648116,-15.817927061894489,-12.369717682023506,-2.7321490074767585,-0.4770182459642533,0.2386853001055283,0.2062019773209032,"{""constrained_offset_ratio_max"": 0.5, ""constrained_total_pct_max"": -10.0, ""high_exposure_pre_gulf_share_min"": 0.15, ""high_offset_ratio_min"": 0.7, ""min_post_months"": 3, ""min_pre_months"": 12, ""stable_gulf_share_abs_pp_max"": 12.0, ""stable_total_abs_pct_max"": 12.0}",descriptive_coverage_ok,strict origin-split national customs; weight basis
grid_037,0.15,0.8,-3.0,8.0,Korea,importer,high_exposure_constrained,high_exposure_constrained,True,81,54,0.6666666666666666,medium,none,12,4,0.1521921221332325,0.0165550550267513,-13.563706710648116,-15.817927061894489,-12.369717682023506,-2.7321490074767585,-0.4770182459642533,0.2386853001055283,0.2062019773209032,"{""constrained_offset_ratio_max"": 0.5, ""constrained_total_pct_max"": -3.0, ""high_exposure_pre_gulf_share_min"": 0.15, ""high_offset_ratio_min"": 0.8, ""min_post_months"": 3, ""min_pre_months"": 12, ""stable_gulf_share_abs_pp_max"": 8.0, ""stable_total_abs_pct_max"": 8.0}",descriptive_coverage_ok,strict origin-split national customs; weight basis
grid_038,0.15,0.8,-3.0,10.0,Korea,importer,high_exposure_constrained,high_exposure_constrained,True,81,54,0.6666666666666666,medium,none,12,4,0.1521921221332325,0.0165550550267513,-13.563706710648116,-15.817927061894489,-12.369717682023506,-2.7321490074767585,-0.4770182459642533,0.2386853001055283,0.2062019773209032,"{""constrained_offset_ratio_max"": 0.5, ""constrained_total_pct_max"": -3.0, ""high_exposure_pre_gulf_share_min"": 0.15, ""high_offset_ratio_min"": 0.8, ""min_post_months"": 3, ""min_pre_months"": 12, ""stable_gulf_share_abs_pp_max"": 10.0, ""stable_total_abs_pct_max"": 10.0}",descriptive_coverage_ok,strict origin-split national customs; weight basis
grid_039,0.15,0.8,-3.0,12.0,Korea,importer,high_exposure_constrained,high_exposure_constrained,True,81,54,0.6666666666666666,medium,none,12,4,0.1521921221332325,0.0165550550267513,-13.563706710648116,-15.817927061894489,-12.369717682023506,-2.7321490074767585,-0.4770182459642533,0.2386853001055283,0.2062019773209032,"{""constrained_offset_ratio_max"": 0.5, ""constrained_total_pct_max"": -3.0, ""high_exposure_pre_gulf_share_min"": 0.15, ""high_offset_ratio_min"": 0.8, ""min_post_months"": 3, ""min_pre_months"": 12, ""stable_gulf_share_abs_pp_max"": 12.0, ""stable_total_abs_pct_max"": 12.0}",descriptive_coverage_ok,strict origin-split national customs; weight basis
grid_040,0.15,0.8,-5.0,8.0,Korea,importer,high_exposure_constrained,high_exposure_constrained,True,81,54,0.6666666666666666,medium,none,12,4,0.1521921221332325,0.0165550550267513,-13.563706710648116,-15.817927061894489,-12.369717682023506,-2.7321490074767585,-0.4770182459642533,0.2386853001055283,0.2062019773209032,"{""constrained_offset_ratio_max"": 0.5, ""constrained_total_pct_max"": -5.0, ""high_exposure_pre_gulf_share_min"": 0.15, ""high_offset_ratio_min"": 0.8, ""min_post_months"": 3, ""min_pre_months"": 12, ""stable_gulf_share_abs_pp_max"": 8.0, ""stable_total_abs_pct_max"": 8.0}",descriptive_coverage_ok,strict origin-split national customs; weight basis
grid_041,0.15,0.8,-5.0,10.0,Korea,importer,high_exposure_constrained,high_exposure_constrained,True,81,54,0.6666666666666666,medium,none,12,4,0.1521921221332325,0.0165550550267513,-13.563706710648116,-15.817927061894489,-12.369717682023506,-2.7321490074767585,-0.4770182459642533,0.2386853001055283,0.2062019773209032,"{""constrained_offset_ratio_max"": 0.5, ""constrained_total_pct_max"": -5.0, ""high_exposure_pre_gulf_share_min"": 0.15, ""high_offset_ratio_min"": 0.8, ""min_post_months"": 3, ""min_pre_months"": 12, ""stable_gulf_share_abs_pp_max"": 10.0, ""stable_total_abs_pct_max"": 10.0}",descriptive_coverage_ok,strict origin-split national customs; weight basis
grid_042,0.15,0.8,-5.0,12.0,Korea,importer,high_exposure_constrained,high_exposure_constrained,True,81,54,0.6666666666666666,medium,none,12,4,0.1521921221332325,0.0165550550267513,-13.563706710648116,-15.817927061894489,-12.369717682023506,-2.7321490074767585,-0.4770182459642533,0.2386853001055283,0.2062019773209032,"{""constrained_offset_ratio_max"": 0.5, ""constrained_total_pct_max"": -5.0, ""high_exposure_pre_gulf_share_min"": 0.15, ""high_offset_ratio_min"": 0.8, ""min_post_months"": 3, ""min_pre_months"": 12, ""stable_gulf_share_abs_pp_max"": 12.0, ""stable_total_abs_pct_max"": 12.0}",descriptive_coverage_ok,strict origin-split national customs; weight basis
grid_043,0.15,0.8,-10.0,8.0,Korea,importer,high_exposure_constrained,high_exposure_constrained,True,81,54,0.6666666666666666,medium,none,12,4,0.1521921221332325,0.0165550550267513,-13.563706710648116,-15.817927061894489,-12.369717682023506,-2.7321490074767585,-0.4770182459642533,0.2386853001055283,0.2062019773209032,"{""constrained_offset_ratio_max"": 0.5, ""constrained_total_pct_max"": -10.0, ""high_exposure_pre_gulf_share_min"": 0.15, ""high_offset_ratio_min"": 0.8, ""min_post_months"": 3, ""min_pre_months"": 12, ""stable_gulf_share_abs_pp_max"": 8.0, ""stable_total_abs_pct_max"": 8.0}",descriptive_coverage_ok,strict origin-split national customs; weight basis
grid_044,0.15,0.8,-10.0,10.0,Korea,importer,high_exposure_constrained,high_exposure_constrained,True,81,54,0.6666666666666666,medium,none,12,4,0.1521921221332325,0.0165550550267513,-13.563706710648116,-15.817927061894489,-12.369717682023506,-2.7321490074767585,-0.4770182459642533,0.2386853001055283,0.2062019773209032,"{""constrained_offset_ratio_max"": 0.5, ""constrained_total_pct_max"": -10.0, ""high_exposure_pre_gulf_share_min"": 0.15, ""high_offset_ratio_min"": 0.8, ""min_post_months"": 3, ""min_pre_months"": 12, ""stable_gulf_share_abs_pp_max"": 10.0, ""stable_total_abs_pct_max"": 10.0}",descriptive_coverage_ok,strict origin-split national customs; weight basis
grid_045,0.15,0.8,-10.0,12.0,Korea,importer,high_exposure_constrained,high_exposure_constrained,True,81,54,0.6666666666666666,medium,none,12,4,0.1521921221332325,0.0165550550267513,-13.563706710648116,-15.817927061894489,-12.369717682023506,-2.7321490074767585,-0.4770182459642533,0.2386853001055283,0.2062019773209032,"{""constrained_offset_ratio_max"": 0.5, ""constrained_total_pct_max"": -10.0, ""high_exposure_pre_gulf_share_min"": 0.15, ""high_offset_ratio_min"": 0.8, ""min_post_months"": 3, ""min_pre_months"": 12, ""stable_gulf_share_abs_pp_max"": 12.0, ""stable_total_abs_pct_max"": 12.0}",descriptive_coverage_ok,strict origin-split national customs; weight basis
grid_046,0.15,0.9,-3.0,8.0,Korea,importer,high_exposure_constrained,high_exposure_constrained,True,81,54,0.6666666666666666,medium,none,12,4,0.1521921221332325,0.0165550550267513,-13.563706710648116,-15.817927061894489,-12.369717682023506,-2.7321490074767585,-0.4770182459642533,0.2386853001055283,0.2062019773209032,"{""constrained_offset_ratio_max"": 0.5, ""constrained_total_pct_max"": -3.0, ""high_exposure_pre_gulf_share_min"": 0.15, ""high_offset_ratio_min"": 0.9, ""min_post_months"": 3, ""min_pre_months"": 12, ""stable_gulf_share_abs_pp_max"": 8.0, ""stable_total_abs_pct_max"": 8.0}",descriptive_coverage_ok,strict origin-split national customs; weight basis
grid_047,0.15,0.9,-3.0,10.0,Korea,importer,high_exposure_constrained,high_exposure_constrained,True,81,54,0.6666666666666666,medium,none,12,4,0.1521921221332325,0.0165550550267513,-13.563706710648116,-15.817927061894489,-12.369717682023506,-2.7321490074767585,-0.4770182459642533,0.2386853001055283,0.2062019773209032,"{""constrained_offset_ratio_max"": 0.5, ""constrained_total_pct_max"": -3.0, ""high_exposure_pre_gulf_share_min"": 0.15, ""high_offset_ratio_min"": 0.9, ""min_post_months"": 3, ""min_pre_months"": 12, ""stable_gulf_share_abs_pp_max"": 10.0, ""stable_total_abs_pct_max"": 10.0}",descriptive_coverage_ok,strict origin-split national customs; weight basis
grid_048,0.15,0.9,-3.0,12.0,Korea,importer,high_exposure_constrained,high_exposure_constrained,True,81,54,0.6666666666666666,medium,none,12,4,0.1521921221332325,0.0165550550267513,-13.563706710648116,-15.817927061894489,-12.369717682023506,-2.7321490074767585,-0.4770182459642533,0.2386853001055283,0.2062019773209032,"{""constrained_offset_ratio_max"": 0.5, ""constrained_total_pct_max"": -3.0, ""high_exposure_pre_gulf_share_min"": 0.15, ""high_offset_ratio_min"": 0.9, ""min_post_months"": 3, ""min_pre_months"": 12, ""stable_gulf_share_abs_pp_max"": 12.0, ""stable_total_abs_pct_max"": 12.0}",descriptive_coverage_ok,strict origin-split national customs; weight basis
grid_049,0.15,0.9,-5.0,8.0,Korea,importer,high_exposure_constrained,high_exposure_constrained,True,81,54,0.6666666666666666,medium,none,12,4,0.1521921221332325,0.0165550550267513,-13.563706710648116,-15.817927061894489,-12.369717682023506,-2.7321490074767585,-0.4770182459642533,0.2386853001055283,0.2062019773209032,"{""constrained_offset_ratio_max"": 0.5, ""constrained_total_pct_max"": -5.0, ""high_exposure_pre_gulf_share_min"": 0.15, ""high_offset_ratio_min"": 0.9, ""min_post_months"": 3, ""min_pre_months"": 12, ""stable_gulf_share_abs_pp_max"": 8.0, ""stable_total_abs_pct_max"": 8.0}",descriptive_coverage_ok,strict origin-split national customs; weight basis
grid_050,0.15,0.9,-5.0,10.0,Korea,importer,high_exposure_constrained,high_exposure_constrained,True,81,54,0.6666666666666666,medium,none,12,4,0.1521921221332325,0.0165550550267513,-13.563706710648116,-15.817927061894489,-12.369717682023506,-2.7321490074767585,-0.4770182459642533,0.2386853001055283,0.2062019773209032,"{""constrained_offset_ratio_max"": 0.5, ""constrained_total_pct_max"": -5.0, ""high_exposure_pre_gulf_share_min"": 0.15, ""high_offset_ratio_min"": 0.9, ""min_post_months"": 3, ""min_pre_months"": 12, ""stable_gulf_share_abs_pp_max"": 10.0, ""stable_total_abs_pct_max"": 10.0}",descriptive_coverage_ok,strict origin-split national customs; weight basis
grid_051,0.15,0.9,-5.0,12.0,Korea,importer,high_exposure_constrained,high_exposure_constrained,True,81,54,0.6666666666666666,medium,none,12,4,0.1521921221332325,0.0165550550267513,-13.563706710648116,-15.817927061894489,-12.369717682023506,-2.7321490074767585,-0.4770182459642533,0.2386853001055283,0.2062019773209032,"{""constrained_offset_ratio_max"": 0.5, ""constrained_total_pct_max"": -5.0, ""high_exposure_pre_gulf_share_min"": 0.15, ""high_offset_ratio_min"": 0.9, ""min_post_months"": 3, ""min_pre_months"": 12, ""stable_gulf_share_abs_pp_max"": 12.0, ""stable_total_abs_pct_max"": 12.0}",descriptive_coverage_ok,strict origin-split national customs; weight basis
grid_052,0.15,0.9,-10.0,8.0,Korea,importer,high_exposure_constrained,high_exposure_constrained,True,81,54,0.6666666666666666,medium,none,12,4,0.1521921221332325,0.0165550550267513,-13.563706710648116,-15.817927061894489,-12.369717682023506,-2.7321490074767585,-0.4770182459642533,0.2386853001055283,0.2062019773209032,"{""constrained_offset_ratio_max"": 0.5, ""constrained_total_pct_max"": -10.0, ""high_exposure_pre_gulf_share_min"": 0.15, ""high_offset_ratio_min"": 0.9, ""min_post_months"": 3, ""min_pre_months"": 12, ""stable_gulf_share_abs_pp_max"": 8.0, ""stable_total_abs_pct_max"": 8.0}",descriptive_coverage_ok,strict origin-split national customs; weight basis
grid_053,0.15,0.9,-10.0,10.0,Korea,importer,high_exposure_constrained,high_exposure_constrained,True,81,54,0.6666666666666666,medium,none,12,4,0.1521921221332325,0.0165550550267513,-13.563706710648116,-15.817927061894489,-12.369717682023506,-2.7321490074767585,-0.4770182459642533,0.2386853001055283,0.2062019773209032,"{""constrained_offset_ratio_max"": 0.5, ""constrained_total_pct_max"": -10.0, ""high_exposure_pre_gulf_share_min"": 0.15, ""high_offset_ratio_min"": 0.9, ""min_post_months"": 3, ""min_pre_months"": 12, ""stable_gulf_share_abs_pp_max"": 10.0, ""stable_total_abs_pct_max"": 10.0}",descriptive_coverage_ok,strict origin-split national customs; weight basis
grid_054,0.15,0.9,-10.0,12.0,Korea,importer,high_exposure_constrained,high_exposure_constrained,True,81,54,0.6666666666666666,medium,none,12,4,0.1521921221332325,0.0165550550267513,-13.563706710648116,-15.817927061894489,-12.369717682023506,-2.7321490074767585,-0.4770182459642533,0.2386853001055283,0.2062019773209032,"{""constrained_offset_ratio_max"": 0.5, ""constrained_total_pct_max"": -10.0, ""high_exposure_pre_gulf_share_min"": 0.15, ""high_offset_ratio_min"": 0.9, ""min_post_months"": 3, ""min_pre_months"": 12, ""stable_gulf_share_abs_pp_max"": 12.0, ""stable_total_abs_pct_max"": 12.0}",descriptive_coverage_ok,strict origin-split national customs; weight basis
grid_055,0.2,0.7,-3.0,8.0,Korea,importer,high_exposure_constrained,intermediate_rewiring,False,81,54,0.6666666666666666,low,none,12,4,0.1521921221332325,0.0165550550267513,-13.563706710648116,-15.817927061894489,-12.369717682023506,-2.7321490074767585,-0.4770182459642533,0.2386853001055283,0.2062019773209032,"{""constrained_offset_ratio_max"": 0.5, ""constrained_total_pct_max"": -3.0, ""high_exposure_pre_gulf_share_min"": 0.2, ""high_offset_ratio_min"": 0.7, ""min_post_months"": 3, ""min_pre_months"": 12, ""stable_gulf_share_abs_pp_max"": 8.0, ""stable_total_abs_pct_max"": 8.0}",descriptive_coverage_ok,strict origin-split national customs; weight basis
grid_056,0.2,0.7,-3.0,10.0,Korea,importer,high_exposure_constrained,intermediate_rewiring,False,81,54,0.6666666666666666,low,none,12,4,0.1521921221332325,0.0165550550267513,-13.563706710648116,-15.817927061894489,-12.369717682023506,-2.7321490074767585,-0.4770182459642533,0.2386853001055283,0.2062019773209032,"{""constrained_offset_ratio_max"": 0.5, ""constrained_total_pct_max"": -3.0, ""high_exposure_pre_gulf_share_min"": 0.2, ""high_offset_ratio_min"": 0.7, ""min_post_months"": 3, ""min_pre_months"": 12, ""stable_gulf_share_abs_pp_max"": 10.0, ""stable_total_abs_pct_max"": 10.0}",descriptive_coverage_ok,strict origin-split national customs; weight basis
grid_057,0.2,0.7,-3.0,12.0,Korea,importer,high_exposure_constrained,intermediate_rewiring,False,81,54,0.6666666666666666,low,none,12,4,0.1521921221332325,0.0165550550267513,-13.563706710648116,-15.817927061894489,-12.369717682023506,-2.7321490074767585,-0.4770182459642533,0.2386853001055283,0.2062019773209032,"{""constrained_offset_ratio_max"": 0.5, ""constrained_total_pct_max"": -3.0, ""high_exposure_pre_gulf_share_min"": 0.2, ""high_offset_ratio_min"": 0.7, ""min_post_months"": 3, ""min_pre_months"": 12, ""stable_gulf_share_abs_pp_max"": 12.0, ""stable_total_abs_pct_max"": 12.0}",descriptive_coverage_ok,strict origin-split national customs; weight basis
grid_058,0.2,0.7,-5.0,8.0,Korea,importer,high_exposure_constrained,intermediate_rewiring,False,81,54,0.6666666666666666,low,none,12,4,0.1521921221332325,0.0165550550267513,-13.563706710648116,-15.817927061894489,-12.369717682023506,-2.7321490074767585,-0.4770182459642533,0.2386853001055283,0.2062019773209032,"{""constrained_offset_ratio_max"": 0.5, ""constrained_total_pct_max"": -5.0, ""high_exposure_pre_gulf_share_min"": 0.2, ""high_offset_ratio_min"": 0.7, ""min_post_months"": 3, ""min_pre_months"": 12, ""stable_gulf_share_abs_pp_max"": 8.0, ""stable_total_abs_pct_max"": 8.0}",descriptive_coverage_ok,strict origin-split national customs; weight basis
grid_059,0.2,0.7,-5.0,10.0,Korea,importer,high_exposure_constrained,intermediate_rewiring,False,81,54,0.6666666666666666,low,none,12,4,0.1521921221332325,0.0165550550267513,-13.563706710648116,-15.817927061894489,-12.369717682023506,-2.7321490074767585,-0.4770182459642533,0.2386853001055283,0.2062019773209032,"{""constrained_offset_ratio_max"": 0.5, ""constrained_total_pct_max"": -5.0, ""high_exposure_pre_gulf_share_min"": 0.2, ""high_offset_ratio_min"": 0.7, ""min_post_months"": 3, ""min_pre_months"": 12, ""stable_gulf_share_abs_pp_max"": 10.0, ""stable_total_abs_pct_max"": 10.0}",descriptive_coverage_ok,strict origin-split national customs; weight basis
grid_060,0.2,0.7,-5.0,12.0,Korea,importer,high_exposure_constrained,intermediate_rewiring,False,81,54,0.6666666666666666,low,none,12,4,0.1521921221332325,0.0165550550267513,-13.563706710648116,-15.817927061894489,-12.369717682023506,-2.7321490074767585,-0.4770182459642533,0.2386853001055283,0.2062019773209032,"{""constrained_offset_ratio_max"": 0.5, ""constrained_total_pct_max"": -5.0, ""high_exposure_pre_gulf_share_min"": 0.2, ""high_offset_ratio_min"": 0.7, ""min_post_months"": 3, ""min_pre_months"": 12, ""stable_gulf_share_abs_pp_max"": 12.0, ""stable_total_abs_pct_max"": 12.0}",descriptive_coverage_ok,strict origin-split national customs; weight basis
grid_061,0.2,0.7,-10.0,8.0,Korea,importer,high_exposure_constrained,intermediate_rewiring,False,81,54,0.6666666666666666,low,none,12,4,0.1521921221332325,0.0165550550267513,-13.563706710648116,-15.817927061894489,-12.369717682023506,-2.7321490074767585,-0.4770182459642533,0.2386853001055283,0.2062019773209032,"{""constrained_offset_ratio_max"": 0.5, ""constrained_total_pct_max"": -10.0, ""high_exposure_pre_gulf_share_min"": 0.2, ""high_offset_ratio_min"": 0.7, ""min_post_months"": 3, ""min_pre_months"": 12, ""stable_gulf_share_abs_pp_max"": 8.0, ""stable_total_abs_pct_max"": 8.0}",descriptive_coverage_ok,strict origin-split national customs; weight basis
grid_062,0.2,0.7,-10.0,10.0,Korea,importer,high_exposure_constrained,intermediate_rewiring,False,81,54,0.6666666666666666,low,none,12,4,0.1521921221332325,0.0165550550267513,-13.563706710648116,-15.817927061894489,-12.369717682023506,-2.7321490074767585,-0.4770182459642533,0.2386853001055283,0.2062019773209032,"{""constrained_offset_ratio_max"": 0.5, ""constrained_total_pct_max"": -10.0, ""high_exposure_pre_gulf_share_min"": 0.2, ""high_offset_ratio_min"": 0.7, ""min_post_months"": 3, ""min_pre_months"": 12, ""stable_gulf_share_abs_pp_max"": 10.0, ""stable_total_abs_pct_max"": 10.0}",descriptive_coverage_ok,strict origin-split national customs; weight basis
grid_063,0.2,0.7,-10.0,12.0,Korea,importer,high_exposure_constrained,intermediate_rewiring,False,81,54,0.6666666666666666,low,none,12,4,0.1521921221332325,0.0165550550267513,-13.563706710648116,-15.817927061894489,-12.369717682023506,-2.7321490074767585,-0.4770182459642533,0.2386853001055283,0.2062019773209032,"{""constrained_offset_ratio_max"": 0.5, ""constrained_total_pct_max"": -10.0, ""high_exposure_pre_gulf_share_min"": 0.2, ""high_offset_ratio_min"": 0.7, ""min_post_months"": 3, ""min_pre_months"": 12, ""stable_gulf_share_abs_pp_max"": 12.0, ""stable_total_abs_pct_max"": 12.0}",descriptive_coverage_ok,strict origin-split national customs; weight basis
grid_064,0.2,0.8,-3.0,8.0,Korea,importer,high_exposure_constrained,intermediate_rewiring,False,81,54,0.6666666666666666,low,none,12,4,0.1521921221332325,0.0165550550267513,-13.563706710648116,-15.817927061894489,-12.369717682023506,-2.7321490074767585,-0.4770182459642533,0.2386853001055283,0.2062019773209032,"{""constrained_offset_ratio_max"": 0.5, ""constrained_total_pct_max"": -3.0, ""high_exposure_pre_gulf_share_min"": 0.2, ""high_offset_ratio_min"": 0.8, ""min_post_months"": 3, ""min_pre_months"": 12, ""stable_gulf_share_abs_pp_max"": 8.0, ""stable_total_abs_pct_max"": 8.0}",descriptive_coverage_ok,strict origin-split national customs; weight basis
grid_065,0.2,0.8,-3.0,10.0,Korea,importer,high_exposure_constrained,intermediate_rewiring,False,81,54,0.6666666666666666,low,none,12,4,0.1521921221332325,0.0165550550267513,-13.563706710648116,-15.817927061894489,-12.369717682023506,-2.7321490074767585,-0.4770182459642533,0.2386853001055283,0.2062019773209032,"{""constrained_offset_ratio_max"": 0.5, ""constrained_total_pct_max"": -3.0, ""high_exposure_pre_gulf_share_min"": 0.2, ""high_offset_ratio_min"": 0.8, ""min_post_months"": 3, ""min_pre_months"": 12, ""stable_gulf_share_abs_pp_max"": 10.0, ""stable_total_abs_pct_max"": 10.0}",descriptive_coverage_ok,strict origin-split national customs; weight basis
grid_066,0.2,0.8,-3.0,12.0,Korea,importer,high_exposure_constrained,intermediate_rewiring,False,81,54,0.6666666666666666,low,none,12,4,0.1521921221332325,0.0165550550267513,-13.563706710648116,-15.817927061894489,-12.369717682023506,-2.7321490074767585,-0.4770182459642533,0.2386853001055283,0.2062019773209032,"{""constrained_offset_ratio_max"": 0.5, ""constrained_total_pct_max"": -3.0, ""high_exposure_pre_gulf_share_min"": 0.2, ""high_offset_ratio_min"": 0.8, ""min_post_months"": 3, ""min_pre_months"": 12, ""stable_gulf_share_abs_pp_max"": 12.0, ""stable_total_abs_pct_max"": 12.0}",descriptive_coverage_ok,strict origin-split national customs; weight basis
grid_067,0.2,0.8,-5.0,8.0,Korea,importer,high_exposure_constrained,intermediate_rewiring,False,81,54,0.6666666666666666,low,none,12,4,0.1521921221332325,0.0165550550267513,-13.563706710648116,-15.817927061894489,-12.369717682023506,-2.7321490074767585,-0.4770182459642533,0.2386853001055283,0.2062019773209032,"{""constrained_offset_ratio_max"": 0.5, ""constrained_total_pct_max"": -5.0, ""high_exposure_pre_gulf_share_min"": 0.2, ""high_offset_ratio_min"": 0.8, ""min_post_months"": 3, ""min_pre_months"": 12, ""stable_gulf_share_abs_pp_max"": 8.0, ""stable_total_abs_pct_max"": 8.0}",descriptive_coverage_ok,strict origin-split national customs; weight basis
grid_068,0.2,0.8,-5.0,10.0,Korea,importer,high_exposure_constrained,intermediate_rewiring,False,81,54,0.6666666666666666,low,none,12,4,0.1521921221332325,0.0165550550267513,-13.563706710648116,-15.817927061894489,-12.369717682023506,-2.7321490074767585,-0.4770182459642533,0.2386853001055283,0.2062019773209032,"{""constrained_offset_ratio_max"": 0.5, ""constrained_total_pct_max"": -5.0, ""high_exposure_pre_gulf_share_min"": 0.2, ""high_offset_ratio_min"": 0.8, ""min_post_months"": 3, ""min_pre_months"": 12, ""stable_gulf_share_abs_pp_max"": 10.0, ""stable_total_abs_pct_max"": 10.0}",descriptive_coverage_ok,strict origin-split national customs; weight basis
grid_069,0.2,0.8,-5.0,12.0,Korea,importer,high_exposure_constrained,intermediate_rewiring,False,81,54,0.6666666666666666,low,none,12,4,0.1521921221332325,0.0165550550267513,-13.563706710648116,-15.817927061894489,-12.369717682023506,-2.7321490074767585,-0.4770182459642533,0.2386853001055283,0.2062019773209032,"{""constrained_offset_ratio_max"": 0.5, ""constrained_total_pct_max"": -5.0, ""high_exposure_pre_gulf_share_min"": 0.2, ""high_offset_ratio_min"": 0.8, ""min_post_months"": 3, ""min_pre_months"": 12, ""stable_gulf_share_abs_pp_max"": 12.0, ""stable_total_abs_pct_max"": 12.0}",descriptive_coverage_ok,strict origin-split national customs; weight basis
grid_070,0.2,0.8,-10.0,8.0,Korea,importer,high_exposure_constrained,intermediate_rewiring,False,81,54,0.6666666666666666,low,none,12,4,0.1521921221332325,0.0165550550267513,-13.563706710648116,-15.817927061894489,-12.369717682023506,-2.7321490074767585,-0.4770182459642533,0.2386853001055283,0.2062019773209032,"{""constrained_offset_ratio_max"": 0.5, ""constrained_total_pct_max"": -10.0, ""high_exposure_pre_gulf_share_min"": 0.2, ""high_offset_ratio_min"": 0.8, ""min_post_months"": 3, ""min_pre_months"": 12, ""stable_gulf_share_abs_pp_max"": 8.0, ""stable_total_abs_pct_max"": 8.0}",descriptive_coverage_ok,strict origin-split national customs; weight basis
grid_071,0.2,0.8,-10.0,10.0,Korea,importer,high_exposure_constrained,intermediate_rewiring,False,81,54,0.6666666666666666,low,none,12,4,0.1521921221332325,0.0165550550267513,-13.563706710648116,-15.817927061894489,-12.369717682023506,-2.7321490074767585,-0.4770182459642533,0.2386853001055283,0.2062019773209032,"{""constrained_offset_ratio_max"": 0.5, ""constrained_total_pct_max"": -10.0, ""high_exposure_pre_gulf_share_min"": 0.2, ""high_offset_ratio_min"": 0.8, ""min_post_months"": 3, ""min_pre_months"": 12, ""stable_gulf_share_abs_pp_max"": 10.0, ""stable_total_abs_pct_max"": 10.0}",descriptive_coverage_ok,strict origin-split national customs; weight basis
grid_072,0.2,0.8,-10.0,12.0,Korea,importer,high_exposure_constrained,intermediate_rewiring,False,81,54,0.6666666666666666,low,none,12,4,0.1521921221332325,0.0165550550267513,-13.563706710648116,-15.817927061894489,-12.369717682023506,-2.7321490074767585,-0.4770182459642533,0.2386853001055283,0.2062019773209032,"{""constrained_offset_ratio_max"": 0.5, ""constrained_total_pct_max"": -10.0, ""high_exposure_pre_gulf_share_min"": 0.2, ""high_offset_ratio_min"": 0.8, ""min_post_months"": 3, ""min_pre_months"": 12, ""stable_gulf_share_abs_pp_max"": 12.0, ""stable_total_abs_pct_max"": 12.0}",descriptive_coverage_ok,strict origin-split national customs; weight basis
grid_073,0.2,0.9,-3.0,8.0,Korea,importer,high_exposure_constrained,intermediate_rewiring,False,81,54,0.6666666666666666,low,none,12,4,0.1521921221332325,0.0165550550267513,-13.563706710648116,-15.817927061894489,-12.369717682023506,-2.7321490074767585,-0.4770182459642533,0.2386853001055283,0.2062019773209032,"{""constrained_offset_ratio_max"": 0.5, ""constrained_total_pct_max"": -3.0, ""high_exposure_pre_gulf_share_min"": 0.2, ""high_offset_ratio_min"": 0.9, ""min_post_months"": 3, ""min_pre_months"": 12, ""stable_gulf_share_abs_pp_max"": 8.0, ""stable_total_abs_pct_max"": 8.0}",descriptive_coverage_ok,strict origin-split national customs; weight basis
grid_074,0.2,0.9,-3.0,10.0,Korea,importer,high_exposure_constrained,intermediate_rewiring,False,81,54,0.6666666666666666,low,none,12,4,0.1521921221332325,0.0165550550267513,-13.563706710648116,-15.817927061894489,-12.369717682023506,-2.7321490074767585,-0.4770182459642533,0.2386853001055283,0.2062019773209032,"{""constrained_offset_ratio_max"": 0.5, ""constrained_total_pct_max"": -3.0, ""high_exposure_pre_gulf_share_min"": 0.2, ""high_offset_ratio_min"": 0.9, ""min_post_months"": 3, ""min_pre_months"": 12, ""stable_gulf_share_abs_pp_max"": 10.0, ""stable_total_abs_pct_max"": 10.0}",descriptive_coverage_ok,strict origin-split national customs; weight basis
grid_075,0.2,0.9,-3.0,12.0,Korea,importer,high_exposure_constrained,intermediate_rewiring,False,81,54,0.6666666666666666,low,none,12,4,0.1521921221332325,0.0165550550267513,-13.563706710648116,-15.817927061894489,-12.369717682023506,-2.7321490074767585,-0.4770182459642533,0.2386853001055283,0.2062019773209032,"{""constrained_offset_ratio_max"": 0.5, ""constrained_total_pct_max"": -3.0, ""high_exposure_pre_gulf_share_min"": 0.2, ""high_offset_ratio_min"": 0.9, ""min_post_months"": 3, ""min_pre_months"": 12, ""stable_gulf_share_abs_pp_max"": 12.0, ""stable_total_abs_pct_max"": 12.0}",descriptive_coverage_ok,strict origin-split national customs; weight basis
grid_076,0.2,0.9,-5.0,8.0,Korea,importer,high_exposure_constrained,intermediate_rewiring,False,81,54,0.6666666666666666,low,none,12,4,0.1521921221332325,0.0165550550267513,-13.563706710648116,-15.817927061894489,-12.369717682023506,-2.7321490074767585,-0.4770182459642533,0.2386853001055283,0.2062019773209032,"{""constrained_offset_ratio_max"": 0.5, ""constrained_total_pct_max"": -5.0, ""high_exposure_pre_gulf_share_min"": 0.2, ""high_offset_ratio_min"": 0.9, ""min_post_months"": 3, ""min_pre_months"": 12, ""stable_gulf_share_abs_pp_max"": 8.0, ""stable_total_abs_pct_max"": 8.0}",descriptive_coverage_ok,strict origin-split national customs; weight basis
grid_077,0.2,0.9,-5.0,10.0,Korea,importer,high_exposure_constrained,intermediate_rewiring,False,81,54,0.6666666666666666,low,none,12,4,0.1521921221332325,0.0165550550267513,-13.563706710648116,-15.817927061894489,-12.369717682023506,-2.7321490074767585,-0.4770182459642533,0.2386853001055283,0.2062019773209032,"{""constrained_offset_ratio_max"": 0.5, ""constrained_total_pct_max"": -5.0, ""high_exposure_pre_gulf_share_min"": 0.2, ""high_offset_ratio_min"": 0.9, ""min_post_months"": 3, ""min_pre_months"": 12, ""stable_gulf_share_abs_pp_max"": 10.0, ""stable_total_abs_pct_max"": 10.0}",descriptive_coverage_ok,strict origin-split national customs; weight basis
grid_078,0.2,0.9,-5.0,12.0,Korea,importer,high_exposure_constrained,intermediate_rewiring,False,81,54,0.6666666666666666,low,none,12,4,0.1521921221332325,0.0165550550267513,-13.563706710648116,-15.817927061894489,-12.369717682023506,-2.7321490074767585,-0.4770182459642533,0.2386853001055283,0.2062019773209032,"{""constrained_offset_ratio_max"": 0.5, ""constrained_total_pct_max"": -5.0, ""high_exposure_pre_gulf_share_min"": 0.2, ""high_offset_ratio_min"": 0.9, ""min_post_months"": 3, ""min_pre_months"": 12, ""stable_gulf_share_abs_pp_max"": 12.0, ""stable_total_abs_pct_max"": 12.0}",descriptive_coverage_ok,strict origin-split national customs; weight basis
grid_079,0.2,0.9,-10.0,8.0,Korea,importer,high_exposure_constrained,intermediate_rewiring,False,81,54,0.6666666666666666,low,none,12,4,0.1521921221332325,0.0165550550267513,-13.563706710648116,-15.817927061894489,-12.369717682023506,-2.7321490074767585,-0.4770182459642533,0.2386853001055283,0.2062019773209032,"{""constrained_offset_ratio_max"": 0.5, ""constrained_total_pct_max"": -10.0, ""high_exposure_pre_gulf_share_min"": 0.2, ""high_offset_ratio_min"": 0.9, ""min_post_months"": 3, ""min_pre_months"": 12, ""stable_gulf_share_abs_pp_max"": 8.0, ""stable_total_abs_pct_max"": 8.0}",descriptive_coverage_ok,strict origin-split national customs; weight basis
grid_080,0.2,0.9,-10.0,10.0,Korea,importer,high_exposure_constrained,intermediate_rewiring,False,81,54,0.6666666666666666,low,none,12,4,0.1521921221332325,0.0165550550267513,-13.563706710648116,-15.817927061894489,-12.369717682023506,-2.7321490074767585,-0.4770182459642533,0.2386853001055283,0.2062019773209032,"{""constrained_offset_ratio_max"": 0.5, ""constrained_total_pct_max"": -10.0, ""high_exposure_pre_gulf_share_min"": 0.2, ""high_offset_ratio_min"": 0.9, ""min_post_months"": 3, ""min_pre_months"": 12, ""stable_gulf_share_abs_pp_max"": 10.0, ""stable_total_abs_pct_max"": 10.0}",descriptive_coverage_ok,strict origin-split national customs; weight basis
grid_081,0.2,0.9,-10.0,12.0,Korea,importer,high_exposure_constrained,intermediate_rewiring,False,81,54,0.6666666666666666,low,none,12,4,0.1521921221332325,0.0165550550267513,-13.563706710648116,-15.817927061894489,-12.369717682023506,-2.7321490074767585,-0.4770182459642533,0.2386853001055283,0.2062019773209032,"{""constrained_offset_ratio_max"": 0.5, ""constrained_total_pct_max"": -10.0, ""high_exposure_pre_gulf_share_min"": 0.2, ""high_offset_ratio_min"": 0.9, ""min_post_months"": 3, ""min_pre_months"": 12, ""stable_gulf_share_abs_pp_max"": 12.0, ""stable_total_abs_pct_max"": 12.0}",descriptive_coverage_ok,strict origin-split national customs; weight basis
grid_001,0.1,0.7,-3.0,8.0,Taiwan,importer,high_exposure_high_offset,high_exposure_high_offset,True,81,81,1.0,high,none,12,4,0.3489963124177345,0.0524903917477919,-29.650592066994253,1.417019602820213,2.496118426664329,46.43777696226299,1.4296798667144344,0.271656825563865,0.2233534913865689,"{""constrained_offset_ratio_max"": 0.5, ""constrained_total_pct_max"": -3.0, ""high_exposure_pre_gulf_share_min"": 0.1, ""high_offset_ratio_min"": 0.7, ""min_post_months"": 3, ""min_pre_months"": 12, ""stable_gulf_share_abs_pp_max"": 8.0, ""stable_total_abs_pct_max"": 8.0}",descriptive_coverage_ok,strict origin-split national customs; weight basis
grid_002,0.1,0.7,-3.0,10.0,Taiwan,importer,high_exposure_high_offset,high_exposure_high_offset,True,81,81,1.0,high,none,12,4,0.3489963124177345,0.0524903917477919,-29.650592066994253,1.417019602820213,2.496118426664329,46.43777696226299,1.4296798667144344,0.271656825563865,0.2233534913865689,"{""constrained_offset_ratio_max"": 0.5, ""constrained_total_pct_max"": -3.0, ""high_exposure_pre_gulf_share_min"": 0.1, ""high_offset_ratio_min"": 0.7, ""min_post_months"": 3, ""min_pre_months"": 12, ""stable_gulf_share_abs_pp_max"": 10.0, ""stable_total_abs_pct_max"": 10.0}",descriptive_coverage_ok,strict origin-split national customs; weight basis
grid_003,0.1,0.7,-3.0,12.0,Taiwan,importer,high_exposure_high_offset,high_exposure_high_offset,True,81,81,1.0,high,none,12,4,0.3489963124177345,0.0524903917477919,-29.650592066994253,1.417019602820213,2.496118426664329,46.43777696226299,1.4296798667144344,0.271656825563865,0.2233534913865689,"{""constrained_offset_ratio_max"": 0.5, ""constrained_total_pct_max"": -3.0, ""high_exposure_pre_gulf_share_min"": 0.1, ""high_offset_ratio_min"": 0.7, ""min_post_months"": 3, ""min_pre_months"": 12, ""stable_gulf_share_abs_pp_max"": 12.0, ""stable_total_abs_pct_max"": 12.0}",descriptive_coverage_ok,strict origin-split national customs; weight basis
grid_004,0.1,0.7,-5.0,8.0,Taiwan,importer,high_exposure_high_offset,high_exposure_high_offset,True,81,81,1.0,high,none,12,4,0.3489963124177345,0.0524903917477919,-29.650592066994253,1.417019602820213,2.496118426664329,46.43777696226299,1.4296798667144344,0.271656825563865,0.2233534913865689,"{""constrained_offset_ratio_max"": 0.5, ""constrained_total_pct_max"": -5.0, ""high_exposure_pre_gulf_share_min"": 0.1, ""high_offset_ratio_min"": 0.7, ""min_post_months"": 3, ""min_pre_months"": 12, ""stable_gulf_share_abs_pp_max"": 8.0, ""stable_total_abs_pct_max"": 8.0}",descriptive_coverage_ok,strict origin-split national customs; weight basis
grid_005,0.1,0.7,-5.0,10.0,Taiwan,importer,high_exposure_high_offset,high_exposure_high_offset,True,81,81,1.0,high,none,12,4,0.3489963124177345,0.0524903917477919,-29.650592066994253,1.417019602820213,2.496118426664329,46.43777696226299,1.4296798667144344,0.271656825563865,0.2233534913865689,"{""constrained_offset_ratio_max"": 0.5, ""constrained_total_pct_max"": -5.0, ""high_exposure_pre_gulf_share_min"": 0.1, ""high_offset_ratio_min"": 0.7, ""min_post_months"": 3, ""min_pre_months"": 12, ""stable_gulf_share_abs_pp_max"": 10.0, ""stable_total_abs_pct_max"": 10.0}",descriptive_coverage_ok,strict origin-split national customs; weight basis
grid_006,0.1,0.7,-5.0,12.0,Taiwan,importer,high_exposure_high_offset,high_exposure_high_offset,True,81,81,1.0,high,none,12,4,0.3489963124177345,0.0524903917477919,-29.650592066994253,1.417019602820213,2.496118426664329,46.43777696226299,1.4296798667144344,0.271656825563865,0.2233534913865689,"{""constrained_offset_ratio_max"": 0.5, ""constrained_total_pct_max"": -5.0, ""high_exposure_pre_gulf_share_min"": 0.1, ""high_offset_ratio_min"": 0.7, ""min_post_months"": 3, ""min_pre_months"": 12, ""stable_gulf_share_abs_pp_max"": 12.0, ""stable_total_abs_pct_max"": 12.0}",descriptive_coverage_ok,strict origin-split national customs; weight basis
grid_007,0.1,0.7,-10.0,8.0,Taiwan,importer,high_exposure_high_offset,high_exposure_high_offset,True,81,81,1.0,high,none,12,4,0.3489963124177345,0.0524903917477919,-29.650592066994253,1.417019602820213,2.496118426664329,46.43777696226299,1.4296798667144344,0.271656825563865,0.2233534913865689,"{""constrained_offset_ratio_max"": 0.5, ""constrained_total_pct_max"": -10.0, ""high_exposure_pre_gulf_share_min"": 0.1, ""high_offset_ratio_min"": 0.7, ""min_post_months"": 3, ""min_pre_months"": 12, ""stable_gulf_share_abs_pp_max"": 8.0, ""stable_total_abs_pct_max"": 8.0}",descriptive_coverage_ok,strict origin-split national customs; weight basis
grid_008,0.1,0.7,-10.0,10.0,Taiwan,importer,high_exposure_high_offset,high_exposure_high_offset,True,81,81,1.0,high,none,12,4,0.3489963124177345,0.0524903917477919,-29.650592066994253,1.417019602820213,2.496118426664329,46.43777696226299,1.4296798667144344,0.271656825563865,0.2233534913865689,"{""constrained_offset_ratio_max"": 0.5, ""constrained_total_pct_max"": -10.0, ""high_exposure_pre_gulf_share_min"": 0.1, ""high_offset_ratio_min"": 0.7, ""min_post_months"": 3, ""min_pre_months"": 12, ""stable_gulf_share_abs_pp_max"": 10.0, ""stable_total_abs_pct_max"": 10.0}",descriptive_coverage_ok,strict origin-split national customs; weight basis
grid_009,0.1,0.7,-10.0,12.0,Taiwan,importer,high_exposure_high_offset,high_exposure_high_offset,True,81,81,1.0,high,none,12,4,0.3489963124177345,0.0524903917477919,-29.650592066994253,1.417019602820213,2.496118426664329,46.43777696226299,1.4296798667144344,0.271656825563865,0.2233534913865689,"{""constrained_offset_ratio_max"": 0.5, ""constrained_total_pct_max"": -10.0, ""high_exposure_pre_gulf_share_min"": 0.1, ""high_offset_ratio_min"": 0.7, ""min_post_months"": 3, ""min_pre_months"": 12, ""stable_gulf_share_abs_pp_max"": 12.0, ""stable_total_abs_pct_max"": 12.0}",descriptive_coverage_ok,strict origin-split national customs; weight basis
grid_010,0.1,0.8,-3.0,8.0,Taiwan,importer,high_exposure_high_offset,high_exposure_high_offset,True,81,81,1.0,high,none,12,4,0.3489963124177345,0.0524903917477919,-29.650592066994253,1.417019602820213,2.496118426664329,46.43777696226299,1.4296798667144344,0.271656825563865,0.2233534913865689,"{""constrained_offset_ratio_max"": 0.5, ""constrained_total_pct_max"": -3.0, ""high_exposure_pre_gulf_share_min"": 0.1, ""high_offset_ratio_min"": 0.8, ""min_post_months"": 3, ""min_pre_months"": 12, ""stable_gulf_share_abs_pp_max"": 8.0, ""stable_total_abs_pct_max"": 8.0}",descriptive_coverage_ok,strict origin-split national customs; weight basis
grid_011,0.1,0.8,-3.0,10.0,Taiwan,importer,high_exposure_high_offset,high_exposure_high_offset,True,81,81,1.0,high,none,12,4,0.3489963124177345,0.0524903917477919,-29.650592066994253,1.417019602820213,2.496118426664329,46.43777696226299,1.4296798667144344,0.271656825563865,0.2233534913865689,"{""constrained_offset_ratio_max"": 0.5, ""constrained_total_pct_max"": -3.0, ""high_exposure_pre_gulf_share_min"": 0.1, ""high_offset_ratio_min"": 0.8, ""min_post_months"": 3, ""min_pre_months"": 12, ""stable_gulf_share_abs_pp_max"": 10.0, ""stable_total_abs_pct_max"": 10.0}",descriptive_coverage_ok,strict origin-split national customs; weight basis
grid_012,0.1,0.8,-3.0,12.0,Taiwan,importer,high_exposure_high_offset,high_exposure_high_offset,True,81,81,1.0,high,none,12,4,0.3489963124177345,0.0524903917477919,-29.650592066994253,1.417019602820213,2.496118426664329,46.43777696226299,1.4296798667144344,0.271656825563865,0.2233534913865689,"{""constrained_offset_ratio_max"": 0.5, ""constrained_total_pct_max"": -3.0, ""high_exposure_pre_gulf_share_min"": 0.1, ""high_offset_ratio_min"": 0.8, ""min_post_months"": 3, ""min_pre_months"": 12, ""stable_gulf_share_abs_pp_max"": 12.0, ""stable_total_abs_pct_max"": 12.0}",descriptive_coverage_ok,strict origin-split national customs; weight basis
grid_013,0.1,0.8,-5.0,8.0,Taiwan,importer,high_exposure_high_offset,high_exposure_high_offset,True,81,81,1.0,high,none,12,4,0.3489963124177345,0.0524903917477919,-29.650592066994253,1.417019602820213,2.496118426664329,46.43777696226299,1.4296798667144344,0.271656825563865,0.2233534913865689,"{""constrained_offset_ratio_max"": 0.5, ""constrained_total_pct_max"": -5.0, ""high_exposure_pre_gulf_share_min"": 0.1, ""high_offset_ratio_min"": 0.8, ""min_post_months"": 3, ""min_pre_months"": 12, ""stable_gulf_share_abs_pp_max"": 8.0, ""stable_total_abs_pct_max"": 8.0}",descriptive_coverage_ok,strict origin-split national customs; weight basis
grid_014,0.1,0.8,-5.0,10.0,Taiwan,importer,high_exposure_high_offset,high_exposure_high_offset,True,81,81,1.0,high,none,12,4,0.3489963124177345,0.0524903917477919,-29.650592066994253,1.417019602820213,2.496118426664329,46.43777696226299,1.4296798667144344,0.271656825563865,0.2233534913865689,"{""constrained_offset_ratio_max"": 0.5, ""constrained_total_pct_max"": -5.0, ""high_exposure_pre_gulf_share_min"": 0.1, ""high_offset_ratio_min"": 0.8, ""min_post_months"": 3, ""min_pre_months"": 12, ""stable_gulf_share_abs_pp_max"": 10.0, ""stable_total_abs_pct_max"": 10.0}",descriptive_coverage_ok,strict origin-split national customs; weight basis
grid_015,0.1,0.8,-5.0,12.0,Taiwan,importer,high_exposure_high_offset,high_exposure_high_offset,True,81,81,1.0,high,none,12,4,0.3489963124177345,0.0524903917477919,-29.650592066994253,1.417019602820213,2.496118426664329,46.43777696226299,1.4296798667144344,0.271656825563865,0.2233534913865689,"{""constrained_offset_ratio_max"": 0.5, ""constrained_total_pct_max"": -5.0, ""high_exposure_pre_gulf_share_min"": 0.1, ""high_offset_ratio_min"": 0.8, ""min_post_months"": 3, ""min_pre_months"": 12, ""stable_gulf_share_abs_pp_max"": 12.0, ""stable_total_abs_pct_max"": 12.0}",descriptive_coverage_ok,strict origin-split national customs; weight basis
grid_016,0.1,0.8,-10.0,8.0,Taiwan,importer,high_exposure_high_offset,high_exposure_high_offset,True,81,81,1.0,high,none,12,4,0.3489963124177345,0.0524903917477919,-29.650592066994253,1.417019602820213,2.496118426664329,46.43777696226299,1.4296798667144344,0.271656825563865,0.2233534913865689,"{""constrained_offset_ratio_max"": 0.5, ""constrained_total_pct_max"": -10.0, ""high_exposure_pre_gulf_share_min"": 0.1, ""high_offset_ratio_min"": 0.8, ""min_post_months"": 3, ""min_pre_months"": 12, ""stable_gulf_share_abs_pp_max"": 8.0, ""stable_total_abs_pct_max"": 8.0}",descriptive_coverage_ok,strict origin-split national customs; weight basis
grid_017,0.1,0.8,-10.0,10.0,Taiwan,importer,high_exposure_high_offset,high_exposure_high_offset,True,81,81,1.0,high,none,12,4,0.3489963124177345,0.0524903917477919,-29.650592066994253,1.417019602820213,2.496118426664329,46.43777696226299,1.4296798667144344,0.271656825563865,0.2233534913865689,"{""constrained_offset_ratio_max"": 0.5, ""constrained_total_pct_max"": -10.0, ""high_exposure_pre_gulf_share_min"": 0.1, ""high_offset_ratio_min"": 0.8, ""min_post_months"": 3, ""min_pre_months"": 12, ""stable_gulf_share_abs_pp_max"": 10.0, ""stable_total_abs_pct_max"": 10.0}",descriptive_coverage_ok,strict origin-split national customs; weight basis
grid_018,0.1,0.8,-10.0,12.0,Taiwan,importer,high_exposure_high_offset,high_exposure_high_offset,True,81,81,1.0,high,none,12,4,0.3489963124177345,0.0524903917477919,-29.650592066994253,1.417019602820213,2.496118426664329,46.43777696226299,1.4296798667144344,0.271656825563865,0.2233534913865689,"{""constrained_offset_ratio_max"": 0.5, ""constrained_total_pct_max"": -10.0, ""high_exposure_pre_gulf_share_min"": 0.1, ""high_offset_ratio_min"": 0.8, ""min_post_months"": 3, ""min_pre_months"": 12, ""stable_gulf_share_abs_pp_max"": 12.0, ""stable_total_abs_pct_max"": 12.0}",descriptive_coverage_ok,strict origin-split national customs; weight basis
grid_019,0.1,0.9,-3.0,8.0,Taiwan,importer,high_exposure_high_offset,high_exposure_high_offset,True,81,81,1.0,high,none,12,4,0.3489963124177345,0.0524903917477919,-29.650592066994253,1.417019602820213,2.496118426664329,46.43777696226299,1.4296798667144344,0.271656825563865,0.2233534913865689,"{""constrained_offset_ratio_max"": 0.5, ""constrained_total_pct_max"": -3.0, ""high_exposure_pre_gulf_share_min"": 0.1, ""high_offset_ratio_min"": 0.9, ""min_post_months"": 3, ""min_pre_months"": 12, ""stable_gulf_share_abs_pp_max"": 8.0, ""stable_total_abs_pct_max"": 8.0}",descriptive_coverage_ok,strict origin-split national customs; weight basis
grid_020,0.1,0.9,-3.0,10.0,Taiwan,importer,high_exposure_high_offset,high_exposure_high_offset,True,81,81,1.0,high,none,12,4,0.3489963124177345,0.0524903917477919,-29.650592066994253,1.417019602820213,2.496118426664329,46.43777696226299,1.4296798667144344,0.271656825563865,0.2233534913865689,"{""constrained_offset_ratio_max"": 0.5, ""constrained_total_pct_max"": -3.0, ""high_exposure_pre_gulf_share_min"": 0.1, ""high_offset_ratio_min"": 0.9, ""min_post_months"": 3, ""min_pre_months"": 12, ""stable_gulf_share_abs_pp_max"": 10.0, ""stable_total_abs_pct_max"": 10.0}",descriptive_coverage_ok,strict origin-split national customs; weight basis
grid_021,0.1,0.9,-3.0,12.0,Taiwan,importer,high_exposure_high_offset,high_exposure_high_offset,True,81,81,1.0,high,none,12,4,0.3489963124177345,0.0524903917477919,-29.650592066994253,1.417019602820213,2.496118426664329,46.43777696226299,1.4296798667144344,0.271656825563865,0.2233534913865689,"{""constrained_offset_ratio_max"": 0.5, ""constrained_total_pct_max"": -3.0, ""high_exposure_pre_gulf_share_min"": 0.1, ""high_offset_ratio_min"": 0.9, ""min_post_months"": 3, ""min_pre_months"": 12, ""stable_gulf_share_abs_pp_max"": 12.0, ""stable_total_abs_pct_max"": 12.0}",descriptive_coverage_ok,strict origin-split national customs; weight basis
grid_022,0.1,0.9,-5.0,8.0,Taiwan,importer,high_exposure_high_offset,high_exposure_high_offset,True,81,81,1.0,high,none,12,4,0.3489963124177345,0.0524903917477919,-29.650592066994253,1.417019602820213,2.496118426664329,46.43777696226299,1.4296798667144344,0.271656825563865,0.2233534913865689,"{""constrained_offset_ratio_max"": 0.5, ""constrained_total_pct_max"": -5.0, ""high_exposure_pre_gulf_share_min"": 0.1, ""high_offset_ratio_min"": 0.9, ""min_post_months"": 3, ""min_pre_months"": 12, ""stable_gulf_share_abs_pp_max"": 8.0, ""stable_total_abs_pct_max"": 8.0}",descriptive_coverage_ok,strict origin-split national customs; weight basis
grid_023,0.1,0.9,-5.0,10.0,Taiwan,importer,high_exposure_high_offset,high_exposure_high_offset,True,81,81,1.0,high,none,12,4,0.3489963124177345,0.0524903917477919,-29.650592066994253,1.417019602820213,2.496118426664329,46.43777696226299,1.4296798667144344,0.271656825563865,0.2233534913865689,"{""constrained_offset_ratio_max"": 0.5, ""constrained_total_pct_max"": -5.0, ""high_exposure_pre_gulf_share_min"": 0.1, ""high_offset_ratio_min"": 0.9, ""min_post_months"": 3, ""min_pre_months"": 12, ""stable_gulf_share_abs_pp_max"": 10.0, ""stable_total_abs_pct_max"": 10.0}",descriptive_coverage_ok,strict origin-split national customs; weight basis
grid_024,0.1,0.9,-5.0,12.0,Taiwan,importer,high_exposure_high_offset,high_exposure_high_offset,True,81,81,1.0,high,none,12,4,0.3489963124177345,0.0524903917477919,-29.650592066994253,1.417019602820213,2.496118426664329,46.43777696226299,1.4296798667144344,0.271656825563865,0.2233534913865689,"{""constrained_offset_ratio_max"": 0.5, ""constrained_total_pct_max"": -5.0, ""high_exposure_pre_gulf_share_min"": 0.1, ""high_offset_ratio_min"": 0.9, ""min_post_months"": 3, ""min_pre_months"": 12, ""stable_gulf_share_abs_pp_max"": 12.0, ""stable_total_abs_pct_max"": 12.0}",descriptive_coverage_ok,strict origin-split national customs; weight basis
grid_025,0.1,0.9,-10.0,8.0,Taiwan,importer,high_exposure_high_offset,high_exposure_high_offset,True,81,81,1.0,high,none,12,4,0.3489963124177345,0.0524903917477919,-29.650592066994253,1.417019602820213,2.496118426664329,46.43777696226299,1.4296798667144344,0.271656825563865,0.2233534913865689,"{""constrained_offset_ratio_max"": 0.5, ""constrained_total_pct_max"": -10.0, ""high_exposure_pre_gulf_share_min"": 0.1, ""high_offset_ratio_min"": 0.9, ""min_post_months"": 3, ""min_pre_months"": 12, ""stable_gulf_share_abs_pp_max"": 8.0, ""stable_total_abs_pct_max"": 8.0}",descriptive_coverage_ok,strict origin-split national customs; weight basis
grid_026,0.1,0.9,-10.0,10.0,Taiwan,importer,high_exposure_high_offset,high_exposure_high_offset,True,81,81,1.0,high,none,12,4,0.3489963124177345,0.0524903917477919,-29.650592066994253,1.417019602820213,2.496118426664329,46.43777696226299,1.4296798667144344,0.271656825563865,0.2233534913865689,"{""constrained_offset_ratio_max"": 0.5, ""constrained_total_pct_max"": -10.0, ""high_exposure_pre_gulf_share_min"": 0.1, ""high_offset_ratio_min"": 0.9, ""min_post_months"": 3, ""min_pre_months"": 12, ""stable_gulf_share_abs_pp_max"": 10.0, ""stable_total_abs_pct_max"": 10.0}",descriptive_coverage_ok,strict origin-split national customs; weight basis
grid_027,0.1,0.9,-10.0,12.0,Taiwan,importer,high_exposure_high_offset,high_exposure_high_offset,True,81,81,1.0,high,none,12,4,0.3489963124177345,0.0524903917477919,-29.650592066994253,1.417019602820213,2.496118426664329,46.43777696226299,1.4296798667144344,0.271656825563865,0.2233534913865689,"{""constrained_offset_ratio_max"": 0.5, ""constrained_total_pct_max"": -10.0, ""high_exposure_pre_gulf_share_min"": 0.1, ""high_offset_ratio_min"": 0.9, ""min_post_months"": 3, ""min_pre_months"": 12, ""stable_gulf_share_abs_pp_max"": 12.0, ""stable_total_abs_pct_max"": 12.0}",descriptive_coverage_ok,strict origin-split national customs; weight basis
grid_028,0.15,0.7,-3.0,8.0,Taiwan,importer,high_exposure_high_offset,high_exposure_high_offset,True,81,81,1.0,high,none,12,4,0.3489963124177345,0.0524903917477919,-29.650592066994253,1.417019602820213,2.496118426664329,46.43777696226299,1.4296798667144344,0.271656825563865,0.2233534913865689,"{""constrained_offset_ratio_max"": 0.5, ""constrained_total_pct_max"": -3.0, ""high_exposure_pre_gulf_share_min"": 0.15, ""high_offset_ratio_min"": 0.7, ""min_post_months"": 3, ""min_pre_months"": 12, ""stable_gulf_share_abs_pp_max"": 8.0, ""stable_total_abs_pct_max"": 8.0}",descriptive_coverage_ok,strict origin-split national customs; weight basis
grid_029,0.15,0.7,-3.0,10.0,Taiwan,importer,high_exposure_high_offset,high_exposure_high_offset,True,81,81,1.0,high,none,12,4,0.3489963124177345,0.0524903917477919,-29.650592066994253,1.417019602820213,2.496118426664329,46.43777696226299,1.4296798667144344,0.271656825563865,0.2233534913865689,"{""constrained_offset_ratio_max"": 0.5, ""constrained_total_pct_max"": -3.0, ""high_exposure_pre_gulf_share_min"": 0.15, ""high_offset_ratio_min"": 0.7, ""min_post_months"": 3, ""min_pre_months"": 12, ""stable_gulf_share_abs_pp_max"": 10.0, ""stable_total_abs_pct_max"": 10.0}",descriptive_coverage_ok,strict origin-split national customs; weight basis
grid_030,0.15,0.7,-3.0,12.0,Taiwan,importer,high_exposure_high_offset,high_exposure_high_offset,True,81,81,1.0,high,none,12,4,0.3489963124177345,0.0524903917477919,-29.650592066994253,1.417019602820213,2.496118426664329,46.43777696226299,1.4296798667144344,0.271656825563865,0.2233534913865689,"{""constrained_offset_ratio_max"": 0.5, ""constrained_total_pct_max"": -3.0, ""high_exposure_pre_gulf_share_min"": 0.15, ""high_offset_ratio_min"": 0.7, ""min_post_months"": 3, ""min_pre_months"": 12, ""stable_gulf_share_abs_pp_max"": 12.0, ""stable_total_abs_pct_max"": 12.0}",descriptive_coverage_ok,strict origin-split national customs; weight basis
grid_031,0.15,0.7,-5.0,8.0,Taiwan,importer,high_exposure_high_offset,high_exposure_high_offset,True,81,81,1.0,high,none,12,4,0.3489963124177345,0.0524903917477919,-29.650592066994253,1.417019602820213,2.496118426664329,46.43777696226299,1.4296798667144344,0.271656825563865,0.2233534913865689,"{""constrained_offset_ratio_max"": 0.5, ""constrained_total_pct_max"": -5.0, ""high_exposure_pre_gulf_share_min"": 0.15, ""high_offset_ratio_min"": 0.7, ""min_post_months"": 3, ""min_pre_months"": 12, ""stable_gulf_share_abs_pp_max"": 8.0, ""stable_total_abs_pct_max"": 8.0}",descriptive_coverage_ok,strict origin-split national customs; weight basis
grid_032,0.15,0.7,-5.0,10.0,Taiwan,importer,high_exposure_high_offset,high_exposure_high_offset,True,81,81,1.0,high,none,12,4,0.3489963124177345,0.0524903917477919,-29.650592066994253,1.417019602820213,2.496118426664329,46.43777696226299,1.4296798667144344,0.271656825563865,0.2233534913865689,"{""constrained_offset_ratio_max"": 0.5, ""constrained_total_pct_max"": -5.0, ""high_exposure_pre_gulf_share_min"": 0.15, ""high_offset_ratio_min"": 0.7, ""min_post_months"": 3, ""min_pre_months"": 12, ""stable_gulf_share_abs_pp_max"": 10.0, ""stable_total_abs_pct_max"": 10.0}",descriptive_coverage_ok,strict origin-split national customs; weight basis
grid_033,0.15,0.7,-5.0,12.0,Taiwan,importer,high_exposure_high_offset,high_exposure_high_offset,True,81,81,1.0,high,none,12,4,0.3489963124177345,0.0524903917477919,-29.650592066994253,1.417019602820213,2.496118426664329,46.43777696226299,1.4296798667144344,0.271656825563865,0.2233534913865689,"{""constrained_offset_ratio_max"": 0.5, ""constrained_total_pct_max"": -5.0, ""high_exposure_pre_gulf_share_min"": 0.15, ""high_offset_ratio_min"": 0.7, ""min_post_months"": 3, ""min_pre_months"": 12, ""stable_gulf_share_abs_pp_max"": 12.0, ""stable_total_abs_pct_max"": 12.0}",descriptive_coverage_ok,strict origin-split national customs; weight basis
grid_034,0.15,0.7,-10.0,8.0,Taiwan,importer,high_exposure_high_offset,high_exposure_high_offset,True,81,81,1.0,high,none,12,4,0.3489963124177345,0.0524903917477919,-29.650592066994253,1.417019602820213,2.496118426664329,46.43777696226299,1.4296798667144344,0.271656825563865,0.2233534913865689,"{""constrained_offset_ratio_max"": 0.5, ""constrained_total_pct_max"": -10.0, ""high_exposure_pre_gulf_share_min"": 0.15, ""high_offset_ratio_min"": 0.7, ""min_post_months"": 3, ""min_pre_months"": 12, ""stable_gulf_share_abs_pp_max"": 8.0, ""stable_total_abs_pct_max"": 8.0}",descriptive_coverage_ok,strict origin-split national customs; weight basis
grid_035,0.15,0.7,-10.0,10.0,Taiwan,importer,high_exposure_high_offset,high_exposure_high_offset,True,81,81,1.0,high,none,12,4,0.3489963124177345,0.0524903917477919,-29.650592066994253,1.417019602820213,2.496118426664329,46.43777696226299,1.4296798667144344,0.271656825563865,0.2233534913865689,"{""constrained_offset_ratio_max"": 0.5, ""constrained_total_pct_max"": -10.0, ""high_exposure_pre_gulf_share_min"": 0.15, ""high_offset_ratio_min"": 0.7, ""min_post_months"": 3, ""min_pre_months"": 12, ""stable_gulf_share_abs_pp_max"": 10.0, ""stable_total_abs_pct_max"": 10.0}",descriptive_coverage_ok,strict origin-split national customs; weight basis
grid_036,0.15,0.7,-10.0,12.0,Taiwan,importer,high_exposure_high_offset,high_exposure_high_offset,True,81,81,1.0,high,none,12,4,0.3489963124177345,0.0524903917477919,-29.650592066994253,1.417019602820213,2.496118426664329,46.43777696226299,1.4296798667144344,0.271656825563865,0.2233534913865689,"{""constrained_offset_ratio_max"": 0.5, ""constrained_total_pct_max"": -10.0, ""high_exposure_pre_gulf_share_min"": 0.15, ""high_offset_ratio_min"": 0.7, ""min_post_months"": 3, ""min_pre_months"": 12, ""stable_gulf_share_abs_pp_max"": 12.0, ""stable_total_abs_pct_max"": 12.0}",descriptive_coverage_ok,strict origin-split national customs; weight basis
grid_037,0.15,0.8,-3.0,8.0,Taiwan,importer,high_exposure_high_offset,high_exposure_high_offset,True,81,81,1.0,high,none,12,4,0.3489963124177345,0.0524903917477919,-29.650592066994253,1.417019602820213,2.496118426664329,46.43777696226299,1.4296798667144344,0.271656825563865,0.2233534913865689,"{""constrained_offset_ratio_max"": 0.5, ""constrained_total_pct_max"": -3.0, ""high_exposure_pre_gulf_share_min"": 0.15, ""high_offset_ratio_min"": 0.8, ""min_post_months"": 3, ""min_pre_months"": 12, ""stable_gulf_share_abs_pp_max"": 8.0, ""stable_total_abs_pct_max"": 8.0}",descriptive_coverage_ok,strict origin-split national customs; weight basis
grid_038,0.15,0.8,-3.0,10.0,Taiwan,importer,high_exposure_high_offset,high_exposure_high_offset,True,81,81,1.0,high,none,12,4,0.3489963124177345,0.0524903917477919,-29.650592066994253,1.417019602820213,2.496118426664329,46.43777696226299,1.4296798667144344,0.271656825563865,0.2233534913865689,"{""constrained_offset_ratio_max"": 0.5, ""constrained_total_pct_max"": -3.0, ""high_exposure_pre_gulf_share_min"": 0.15, ""high_offset_ratio_min"": 0.8, ""min_post_months"": 3, ""min_pre_months"": 12, ""stable_gulf_share_abs_pp_max"": 10.0, ""stable_total_abs_pct_max"": 10.0}",descriptive_coverage_ok,strict origin-split national customs; weight basis
grid_039,0.15,0.8,-3.0,12.0,Taiwan,importer,high_exposure_high_offset,high_exposure_high_offset,True,81,81,1.0,high,none,12,4,0.3489963124177345,0.0524903917477919,-29.650592066994253,1.417019602820213,2.496118426664329,46.43777696226299,1.4296798667144344,0.271656825563865,0.2233534913865689,"{""constrained_offset_ratio_max"": 0.5, ""constrained_total_pct_max"": -3.0, ""high_exposure_pre_gulf_share_min"": 0.15, ""high_offset_ratio_min"": 0.8, ""min_post_months"": 3, ""min_pre_months"": 12, ""stable_gulf_share_abs_pp_max"": 12.0, ""stable_total_abs_pct_max"": 12.0}",descriptive_coverage_ok,strict origin-split national customs; weight basis
grid_040,0.15,0.8,-5.0,8.0,Taiwan,importer,high_exposure_high_offset,high_exposure_high_offset,True,81,81,1.0,high,none,12,4,0.3489963124177345,0.0524903917477919,-29.650592066994253,1.417019602820213,2.496118426664329,46.43777696226299,1.4296798667144344,0.271656825563865,0.2233534913865689,"{""constrained_offset_ratio_max"": 0.5, ""constrained_total_pct_max"": -5.0, ""high_exposure_pre_gulf_share_min"": 0.15, ""high_offset_ratio_min"": 0.8, ""min_post_months"": 3, ""min_pre_months"": 12, ""stable_gulf_share_abs_pp_max"": 8.0, ""stable_total_abs_pct_max"": 8.0}",descriptive_coverage_ok,strict origin-split national customs; weight basis
grid_041,0.15,0.8,-5.0,10.0,Taiwan,importer,high_exposure_high_offset,high_exposure_high_offset,True,81,81,1.0,high,none,12,4,0.3489963124177345,0.0524903917477919,-29.650592066994253,1.417019602820213,2.496118426664329,46.43777696226299,1.4296798667144344,0.271656825563865,0.2233534913865689,"{""constrained_offset_ratio_max"": 0.5, ""constrained_total_pct_max"": -5.0, ""high_exposure_pre_gulf_share_min"": 0.15, ""high_offset_ratio_min"": 0.8, ""min_post_months"": 3, ""min_pre_months"": 12, ""stable_gulf_share_abs_pp_max"": 10.0, ""stable_total_abs_pct_max"": 10.0}",descriptive_coverage_ok,strict origin-split national customs; weight basis
grid_042,0.15,0.8,-5.0,12.0,Taiwan,importer,high_exposure_high_offset,high_exposure_high_offset,True,81,81,1.0,high,none,12,4,0.3489963124177345,0.0524903917477919,-29.650592066994253,1.417019602820213,2.496118426664329,46.43777696226299,1.4296798667144344,0.271656825563865,0.2233534913865689,"{""constrained_offset_ratio_max"": 0.5, ""constrained_total_pct_max"": -5.0, ""high_exposure_pre_gulf_share_min"": 0.15, ""high_offset_ratio_min"": 0.8, ""min_post_months"": 3, ""min_pre_months"": 12, ""stable_gulf_share_abs_pp_max"": 12.0, ""stable_total_abs_pct_max"": 12.0}",descriptive_coverage_ok,strict origin-split national customs; weight basis
grid_043,0.15,0.8,-10.0,8.0,Taiwan,importer,high_exposure_high_offset,high_exposure_high_offset,True,81,81,1.0,high,none,12,4,0.3489963124177345,0.0524903917477919,-29.650592066994253,1.417019602820213,2.496118426664329,46.43777696226299,1.4296798667144344,0.271656825563865,0.2233534913865689,"{""constrained_offset_ratio_max"": 0.5, ""constrained_total_pct_max"": -10.0, ""high_exposure_pre_gulf_share_min"": 0.15, ""high_offset_ratio_min"": 0.8, ""min_post_months"": 3, ""min_pre_months"": 12, ""stable_gulf_share_abs_pp_max"": 8.0, ""stable_total_abs_pct_max"": 8.0}",descriptive_coverage_ok,strict origin-split national customs; weight basis
grid_044,0.15,0.8,-10.0,10.0,Taiwan,importer,high_exposure_high_offset,high_exposure_high_offset,True,81,81,1.0,high,none,12,4,0.3489963124177345,0.0524903917477919,-29.650592066994253,1.417019602820213,2.496118426664329,46.43777696226299,1.4296798667144344,0.271656825563865,0.2233534913865689,"{""constrained_offset_ratio_max"": 0.5, ""constrained_total_pct_max"": -10.0, ""high_exposure_pre_gulf_share_min"": 0.15, ""high_offset_ratio_min"": 0.8, ""min_post_months"": 3, ""min_pre_months"": 12, ""stable_gulf_share_abs_pp_max"": 10.0, ""stable_total_abs_pct_max"": 10.0}",descriptive_coverage_ok,strict origin-split national customs; weight basis
grid_045,0.15,0.8,-10.0,12.0,Taiwan,importer,high_exposure_high_offset,high_exposure_high_offset,True,81,81,1.0,high,none,12,4,0.3489963124177345,0.0524903917477919,-29.650592066994253,1.417019602820213,2.496118426664329,46.43777696226299,1.4296798667144344,0.271656825563865,0.2233534913865689,"{""constrained_offset_ratio_max"": 0.5, ""constrained_total_pct_max"": -10.0, ""high_exposure_pre_gulf_share_min"": 0.15, ""high_offset_ratio_min"": 0.8, ""min_post_months"": 3, ""min_pre_months"": 12, ""stable_gulf_share_abs_pp_max"": 12.0, ""stable_total_abs_pct_max"": 12.0}",descriptive_coverage_ok,strict origin-split national customs; weight basis
grid_046,0.15,0.9,-3.0,8.0,Taiwan,importer,high_exposure_high_offset,high_exposure_high_offset,True,81,81,1.0,high,none,12,4,0.3489963124177345,0.0524903917477919,-29.650592066994253,1.417019602820213,2.496118426664329,46.43777696226299,1.4296798667144344,0.271656825563865,0.2233534913865689,"{""constrained_offset_ratio_max"": 0.5, ""constrained_total_pct_max"": -3.0, ""high_exposure_pre_gulf_share_min"": 0.15, ""high_offset_ratio_min"": 0.9, ""min_post_months"": 3, ""min_pre_months"": 12, ""stable_gulf_share_abs_pp_max"": 8.0, ""stable_total_abs_pct_max"": 8.0}",descriptive_coverage_ok,strict origin-split national customs; weight basis
grid_047,0.15,0.9,-3.0,10.0,Taiwan,importer,high_exposure_high_offset,high_exposure_high_offset,True,81,81,1.0,high,none,12,4,0.3489963124177345,0.0524903917477919,-29.650592066994253,1.417019602820213,2.496118426664329,46.43777696226299,1.4296798667144344,0.271656825563865,0.2233534913865689,"{""constrained_offset_ratio_max"": 0.5, ""constrained_total_pct_max"": -3.0, ""high_exposure_pre_gulf_share_min"": 0.15, ""high_offset_ratio_min"": 0.9, ""min_post_months"": 3, ""min_pre_months"": 12, ""stable_gulf_share_abs_pp_max"": 10.0, ""stable_total_abs_pct_max"": 10.0}",descriptive_coverage_ok,strict origin-split national customs; weight basis
grid_048,0.15,0.9,-3.0,12.0,Taiwan,importer,high_exposure_high_offset,high_exposure_high_offset,True,81,81,1.0,high,none,12,4,0.3489963124177345,0.0524903917477919,-29.650592066994253,1.417019602820213,2.496118426664329,46.43777696226299,1.4296798667144344,0.271656825563865,0.2233534913865689,"{""constrained_offset_ratio_max"": 0.5, ""constrained_total_pct_max"": -3.0, ""high_exposure_pre_gulf_share_min"": 0.15, ""high_offset_ratio_min"": 0.9, ""min_post_months"": 3, ""min_pre_months"": 12, ""stable_gulf_share_abs_pp_max"": 12.0, ""stable_total_abs_pct_max"": 12.0}",descriptive_coverage_ok,strict origin-split national customs; weight basis
grid_049,0.15,0.9,-5.0,8.0,Taiwan,importer,high_exposure_high_offset,high_exposure_high_offset,True,81,81,1.0,high,none,12,4,0.3489963124177345,0.0524903917477919,-29.650592066994253,1.417019602820213,2.496118426664329,46.43777696226299,1.4296798667144344,0.271656825563865,0.2233534913865689,"{""constrained_offset_ratio_max"": 0.5, ""constrained_total_pct_max"": -5.0, ""high_exposure_pre_gulf_share_min"": 0.15, ""high_offset_ratio_min"": 0.9, ""min_post_months"": 3, ""min_pre_months"": 12, ""stable_gulf_share_abs_pp_max"": 8.0, ""stable_total_abs_pct_max"": 8.0}",descriptive_coverage_ok,strict origin-split national customs; weight basis
grid_050,0.15,0.9,-5.0,10.0,Taiwan,importer,high_exposure_high_offset,high_exposure_high_offset,True,81,81,1.0,high,none,12,4,0.3489963124177345,0.0524903917477919,-29.650592066994253,1.417019602820213,2.496118426664329,46.43777696226299,1.4296798667144344,0.271656825563865,0.2233534913865689,"{""constrained_offset_ratio_max"": 0.5, ""constrained_total_pct_max"": -5.0, ""high_exposure_pre_gulf_share_min"": 0.15, ""high_offset_ratio_min"": 0.9, ""min_post_months"": 3, ""min_pre_months"": 12, ""stable_gulf_share_abs_pp_max"": 10.0, ""stable_total_abs_pct_max"": 10.0}",descriptive_coverage_ok,strict origin-split national customs; weight basis
grid_051,0.15,0.9,-5.0,12.0,Taiwan,importer,high_exposure_high_offset,high_exposure_high_offset,True,81,81,1.0,high,none,12,4,0.3489963124177345,0.0524903917477919,-29.650592066994253,1.417019602820213,2.496118426664329,46.43777696226299,1.4296798667144344,0.271656825563865,0.2233534913865689,"{""constrained_offset_ratio_max"": 0.5, ""constrained_total_pct_max"": -5.0, ""high_exposure_pre_gulf_share_min"": 0.15, ""high_offset_ratio_min"": 0.9, ""min_post_months"": 3, ""min_pre_months"": 12, ""stable_gulf_share_abs_pp_max"": 12.0, ""stable_total_abs_pct_max"": 12.0}",descriptive_coverage_ok,strict origin-split national customs; weight basis
grid_052,0.15,0.9,-10.0,8.0,Taiwan,importer,high_exposure_high_offset,high_exposure_high_offset,True,81,81,1.0,high,none,12,4,0.3489963124177345,0.0524903917477919,-29.650592066994253,1.417019602820213,2.496118426664329,46.43777696226299,1.4296798667144344,0.271656825563865,0.2233534913865689,"{""constrained_offset_ratio_max"": 0.5, ""constrained_total_pct_max"": -10.0, ""high_exposure_pre_gulf_share_min"": 0.15, ""high_offset_ratio_min"": 0.9, ""min_post_months"": 3, ""min_pre_months"": 12, ""stable_gulf_share_abs_pp_max"": 8.0, ""stable_total_abs_pct_max"": 8.0}",descriptive_coverage_ok,strict origin-split national customs; weight basis
grid_053,0.15,0.9,-10.0,10.0,Taiwan,importer,high_exposure_high_offset,high_exposure_high_offset,True,81,81,1.0,high,none,12,4,0.3489963124177345,0.0524903917477919,-29.650592066994253,1.417019602820213,2.496118426664329,46.43777696226299,1.4296798667144344,0.271656825563865,0.2233534913865689,"{""constrained_offset_ratio_max"": 0.5, ""constrained_total_pct_max"": -10.0, ""high_exposure_pre_gulf_share_min"": 0.15, ""high_offset_ratio_min"": 0.9, ""min_post_months"": 3, ""min_pre_months"": 12, ""stable_gulf_share_abs_pp_max"": 10.0, ""stable_total_abs_pct_max"": 10.0}",descriptive_coverage_ok,strict origin-split national customs; weight basis
grid_054,0.15,0.9,-10.0,12.0,Taiwan,importer,high_exposure_high_offset,high_exposure_high_offset,True,81,81,1.0,high,none,12,4,0.3489963124177345,0.0524903917477919,-29.650592066994253,1.417019602820213,2.496118426664329,46.43777696226299,1.4296798667144344,0.271656825563865,0.2233534913865689,"{""constrained_offset_ratio_max"": 0.5, ""constrained_total_pct_max"": -10.0, ""high_exposure_pre_gulf_share_min"": 0.15, ""high_offset_ratio_min"": 0.9, ""min_post_months"": 3, ""min_pre_months"": 12, ""stable_gulf_share_abs_pp_max"": 12.0, ""stable_total_abs_pct_max"": 12.0}",descriptive_coverage_ok,strict origin-split national customs; weight basis
grid_055,0.2,0.7,-3.0,8.0,Taiwan,importer,high_exposure_high_offset,high_exposure_high_offset,True,81,81,1.0,high,none,12,4,0.3489963124177345,0.0524903917477919,-29.650592066994253,1.417019602820213,2.496118426664329,46.43777696226299,1.4296798667144344,0.271656825563865,0.2233534913865689,"{""constrained_offset_ratio_max"": 0.5, ""constrained_total_pct_max"": -3.0, ""high_exposure_pre_gulf_share_min"": 0.2, ""high_offset_ratio_min"": 0.7, ""min_post_months"": 3, ""min_pre_months"": 12, ""stable_gulf_share_abs_pp_max"": 8.0, ""stable_total_abs_pct_max"": 8.0}",descriptive_coverage_ok,strict origin-split national customs; weight basis
grid_056,0.2,0.7,-3.0,10.0,Taiwan,importer,high_exposure_high_offset,high_exposure_high_offset,True,81,81,1.0,high,none,12,4,0.3489963124177345,0.0524903917477919,-29.650592066994253,1.417019602820213,2.496118426664329,46.43777696226299,1.4296798667144344,0.271656825563865,0.2233534913865689,"{""constrained_offset_ratio_max"": 0.5, ""constrained_total_pct_max"": -3.0, ""high_exposure_pre_gulf_share_min"": 0.2, ""high_offset_ratio_min"": 0.7, ""min_post_months"": 3, ""min_pre_months"": 12, ""stable_gulf_share_abs_pp_max"": 10.0, ""stable_total_abs_pct_max"": 10.0}",descriptive_coverage_ok,strict origin-split national customs; weight basis
grid_057,0.2,0.7,-3.0,12.0,Taiwan,importer,high_exposure_high_offset,high_exposure_high_offset,True,81,81,1.0,high,none,12,4,0.3489963124177345,0.0524903917477919,-29.650592066994253,1.417019602820213,2.496118426664329,46.43777696226299,1.4296798667144344,0.271656825563865,0.2233534913865689,"{""constrained_offset_ratio_max"": 0.5, ""constrained_total_pct_max"": -3.0, ""high_exposure_pre_gulf_share_min"": 0.2, ""high_offset_ratio_min"": 0.7, ""min_post_months"": 3, ""min_pre_months"": 12, ""stable_gulf_share_abs_pp_max"": 12.0, ""stable_total_abs_pct_max"": 12.0}",descriptive_coverage_ok,strict origin-split national customs; weight basis
grid_058,0.2,0.7,-5.0,8.0,Taiwan,importer,high_exposure_high_offset,high_exposure_high_offset,True,81,81,1.0,high,none,12,4,0.3489963124177345,0.0524903917477919,-29.650592066994253,1.417019602820213,2.496118426664329,46.43777696226299,1.4296798667144344,0.271656825563865,0.2233534913865689,"{""constrained_offset_ratio_max"": 0.5, ""constrained_total_pct_max"": -5.0, ""high_exposure_pre_gulf_share_min"": 0.2, ""high_offset_ratio_min"": 0.7, ""min_post_months"": 3, ""min_pre_months"": 12, ""stable_gulf_share_abs_pp_max"": 8.0, ""stable_total_abs_pct_max"": 8.0}",descriptive_coverage_ok,strict origin-split national customs; weight basis
grid_059,0.2,0.7,-5.0,10.0,Taiwan,importer,high_exposure_high_offset,high_exposure_high_offset,True,81,81,1.0,high,none,12,4,0.3489963124177345,0.0524903917477919,-29.650592066994253,1.417019602820213,2.496118426664329,46.43777696226299,1.4296798667144344,0.271656825563865,0.2233534913865689,"{""constrained_offset_ratio_max"": 0.5, ""constrained_total_pct_max"": -5.0, ""high_exposure_pre_gulf_share_min"": 0.2, ""high_offset_ratio_min"": 0.7, ""min_post_months"": 3, ""min_pre_months"": 12, ""stable_gulf_share_abs_pp_max"": 10.0, ""stable_total_abs_pct_max"": 10.0}",descriptive_coverage_ok,strict origin-split national customs; weight basis
grid_060,0.2,0.7,-5.0,12.0,Taiwan,importer,high_exposure_high_offset,high_exposure_high_offset,True,81,81,1.0,high,none,12,4,0.3489963124177345,0.0524903917477919,-29.650592066994253,1.417019602820213,2.496118426664329,46.43777696226299,1.4296798667144344,0.271656825563865,0.2233534913865689,"{""constrained_offset_ratio_max"": 0.5, ""constrained_total_pct_max"": -5.0, ""high_exposure_pre_gulf_share_min"": 0.2, ""high_offset_ratio_min"": 0.7, ""min_post_months"": 3, ""min_pre_months"": 12, ""stable_gulf_share_abs_pp_max"": 12.0, ""stable_total_abs_pct_max"": 12.0}",descriptive_coverage_ok,strict origin-split national customs; weight basis
grid_061,0.2,0.7,-10.0,8.0,Taiwan,importer,high_exposure_high_offset,high_exposure_high_offset,True,81,81,1.0,high,none,12,4,0.3489963124177345,0.0524903917477919,-29.650592066994253,1.417019602820213,2.496118426664329,46.43777696226299,1.4296798667144344,0.271656825563865,0.2233534913865689,"{""constrained_offset_ratio_max"": 0.5, ""constrained_total_pct_max"": -10.0, ""high_exposure_pre_gulf_share_min"": 0.2, ""high_offset_ratio_min"": 0.7, ""min_post_months"": 3, ""min_pre_months"": 12, ""stable_gulf_share_abs_pp_max"": 8.0, ""stable_total_abs_pct_max"": 8.0}",descriptive_coverage_ok,strict origin-split national customs; weight basis
grid_062,0.2,0.7,-10.0,10.0,Taiwan,importer,high_exposure_high_offset,high_exposure_high_offset,True,81,81,1.0,high,none,12,4,0.3489963124177345,0.0524903917477919,-29.650592066994253,1.417019602820213,2.496118426664329,46.43777696226299,1.4296798667144344,0.271656825563865,0.2233534913865689,"{""constrained_offset_ratio_max"": 0.5, ""constrained_total_pct_max"": -10.0, ""high_exposure_pre_gulf_share_min"": 0.2, ""high_offset_ratio_min"": 0.7, ""min_post_months"": 3, ""min_pre_months"": 12, ""stable_gulf_share_abs_pp_max"": 10.0, ""stable_total_abs_pct_max"": 10.0}",descriptive_coverage_ok,strict origin-split national customs; weight basis
grid_063,0.2,0.7,-10.0,12.0,Taiwan,importer,high_exposure_high_offset,high_exposure_high_offset,True,81,81,1.0,high,none,12,4,0.3489963124177345,0.0524903917477919,-29.650592066994253,1.417019602820213,2.496118426664329,46.43777696226299,1.4296798667144344,0.271656825563865,0.2233534913865689,"{""constrained_offset_ratio_max"": 0.5, ""constrained_total_pct_max"": -10.0, ""high_exposure_pre_gulf_share_min"": 0.2, ""high_offset_ratio_min"": 0.7, ""min_post_months"": 3, ""min_pre_months"": 12, ""stable_gulf_share_abs_pp_max"": 12.0, ""stable_total_abs_pct_max"": 12.0}",descriptive_coverage_ok,strict origin-split national customs; weight basis
grid_064,0.2,0.8,-3.0,8.0,Taiwan,importer,high_exposure_high_offset,high_exposure_high_offset,True,81,81,1.0,high,none,12,4,0.3489963124177345,0.0524903917477919,-29.650592066994253,1.417019602820213,2.496118426664329,46.43777696226299,1.4296798667144344,0.271656825563865,0.2233534913865689,"{""constrained_offset_ratio_max"": 0.5, ""constrained_total_pct_max"": -3.0, ""high_exposure_pre_gulf_share_min"": 0.2, ""high_offset_ratio_min"": 0.8, ""min_post_months"": 3, ""min_pre_months"": 12, ""stable_gulf_share_abs_pp_max"": 8.0, ""stable_total_abs_pct_max"": 8.0}",descriptive_coverage_ok,strict origin-split national customs; weight basis
grid_065,0.2,0.8,-3.0,10.0,Taiwan,importer,high_exposure_high_offset,high_exposure_high_offset,True,81,81,1.0,high,none,12,4,0.3489963124177345,0.0524903917477919,-29.650592066994253,1.417019602820213,2.496118426664329,46.43777696226299,1.4296798667144344,0.271656825563865,0.2233534913865689,"{""constrained_offset_ratio_max"": 0.5, ""constrained_total_pct_max"": -3.0, ""high_exposure_pre_gulf_share_min"": 0.2, ""high_offset_ratio_min"": 0.8, ""min_post_months"": 3, ""min_pre_months"": 12, ""stable_gulf_share_abs_pp_max"": 10.0, ""stable_total_abs_pct_max"": 10.0}",descriptive_coverage_ok,strict origin-split national customs; weight basis
grid_066,0.2,0.8,-3.0,12.0,Taiwan,importer,high_exposure_high_offset,high_exposure_high_offset,True,81,81,1.0,high,none,12,4,0.3489963124177345,0.0524903917477919,-29.650592066994253,1.417019602820213,2.496118426664329,46.43777696226299,1.4296798667144344,0.271656825563865,0.2233534913865689,"{""constrained_offset_ratio_max"": 0.5, ""constrained_total_pct_max"": -3.0, ""high_exposure_pre_gulf_share_min"": 0.2, ""high_offset_ratio_min"": 0.8, ""min_post_months"": 3, ""min_pre_months"": 12, ""stable_gulf_share_abs_pp_max"": 12.0, ""stable_total_abs_pct_max"": 12.0}",descriptive_coverage_ok,strict origin-split national customs; weight basis
grid_067,0.2,0.8,-5.0,8.0,Taiwan,importer,high_exposure_high_offset,high_exposure_high_offset,True,81,81,1.0,high,none,12,4,0.3489963124177345,0.0524903917477919,-29.650592066994253,1.417019602820213,2.496118426664329,46.43777696226299,1.4296798667144344,0.271656825563865,0.2233534913865689,"{""constrained_offset_ratio_max"": 0.5, ""constrained_total_pct_max"": -5.0, ""high_exposure_pre_gulf_share_min"": 0.2, ""high_offset_ratio_min"": 0.8, ""min_post_months"": 3, ""min_pre_months"": 12, ""stable_gulf_share_abs_pp_max"": 8.0, ""stable_total_abs_pct_max"": 8.0}",descriptive_coverage_ok,strict origin-split national customs; weight basis
grid_068,0.2,0.8,-5.0,10.0,Taiwan,importer,high_exposure_high_offset,high_exposure_high_offset,True,81,81,1.0,high,none,12,4,0.3489963124177345,0.0524903917477919,-29.650592066994253,1.417019602820213,2.496118426664329,46.43777696226299,1.4296798667144344,0.271656825563865,0.2233534913865689,"{""constrained_offset_ratio_max"": 0.5, ""constrained_total_pct_max"": -5.0, ""high_exposure_pre_gulf_share_min"": 0.2, ""high_offset_ratio_min"": 0.8, ""min_post_months"": 3, ""min_pre_months"": 12, ""stable_gulf_share_abs_pp_max"": 10.0, ""stable_total_abs_pct_max"": 10.0}",descriptive_coverage_ok,strict origin-split national customs; weight basis
grid_069,0.2,0.8,-5.0,12.0,Taiwan,importer,high_exposure_high_offset,high_exposure_high_offset,True,81,81,1.0,high,none,12,4,0.3489963124177345,0.0524903917477919,-29.650592066994253,1.417019602820213,2.496118426664329,46.43777696226299,1.4296798667144344,0.271656825563865,0.2233534913865689,"{""constrained_offset_ratio_max"": 0.5, ""constrained_total_pct_max"": -5.0, ""high_exposure_pre_gulf_share_min"": 0.2, ""high_offset_ratio_min"": 0.8, ""min_post_months"": 3, ""min_pre_months"": 12, ""stable_gulf_share_abs_pp_max"": 12.0, ""stable_total_abs_pct_max"": 12.0}",descriptive_coverage_ok,strict origin-split national customs; weight basis
grid_070,0.2,0.8,-10.0,8.0,Taiwan,importer,high_exposure_high_offset,high_exposure_high_offset,True,81,81,1.0,high,none,12,4,0.3489963124177345,0.0524903917477919,-29.650592066994253,1.417019602820213,2.496118426664329,46.43777696226299,1.4296798667144344,0.271656825563865,0.2233534913865689,"{""constrained_offset_ratio_max"": 0.5, ""constrained_total_pct_max"": -10.0, ""high_exposure_pre_gulf_share_min"": 0.2, ""high_offset_ratio_min"": 0.8, ""min_post_months"": 3, ""min_pre_months"": 12, ""stable_gulf_share_abs_pp_max"": 8.0, ""stable_total_abs_pct_max"": 8.0}",descriptive_coverage_ok,strict origin-split national customs; weight basis
grid_071,0.2,0.8,-10.0,10.0,Taiwan,importer,high_exposure_high_offset,high_exposure_high_offset,True,81,81,1.0,high,none,12,4,0.3489963124177345,0.0524903917477919,-29.650592066994253,1.417019602820213,2.496118426664329,46.43777696226299,1.4296798667144344,0.271656825563865,0.2233534913865689,"{""constrained_offset_ratio_max"": 0.5, ""constrained_total_pct_max"": -10.0, ""high_exposure_pre_gulf_share_min"": 0.2, ""high_offset_ratio_min"": 0.8, ""min_post_months"": 3, ""min_pre_months"": 12, ""stable_gulf_share_abs_pp_max"": 10.0, ""stable_total_abs_pct_max"": 10.0}",descriptive_coverage_ok,strict origin-split national customs; weight basis
grid_072,0.2,0.8,-10.0,12.0,Taiwan,importer,high_exposure_high_offset,high_exposure_high_offset,True,81,81,1.0,high,none,12,4,0.3489963124177345,0.0524903917477919,-29.650592066994253,1.417019602820213,2.496118426664329,46.43777696226299,1.4296798667144344,0.271656825563865,0.2233534913865689,"{""constrained_offset_ratio_max"": 0.5, ""constrained_total_pct_max"": -10.0, ""high_exposure_pre_gulf_share_min"": 0.2, ""high_offset_ratio_min"": 0.8, ""min_post_months"": 3, ""min_pre_months"": 12, ""stable_gulf_share_abs_pp_max"": 12.0, ""stable_total_abs_pct_max"": 12.0}",descriptive_coverage_ok,strict origin-split national customs; weight basis
grid_073,0.2,0.9,-3.0,8.0,Taiwan,importer,high_exposure_high_offset,high_exposure_high_offset,True,81,81,1.0,high,none,12,4,0.3489963124177345,0.0524903917477919,-29.650592066994253,1.417019602820213,2.496118426664329,46.43777696226299,1.4296798667144344,0.271656825563865,0.2233534913865689,"{""constrained_offset_ratio_max"": 0.5, ""constrained_total_pct_max"": -3.0, ""high_exposure_pre_gulf_share_min"": 0.2, ""high_offset_ratio_min"": 0.9, ""min_post_months"": 3, ""min_pre_months"": 12, ""stable_gulf_share_abs_pp_max"": 8.0, ""stable_total_abs_pct_max"": 8.0}",descriptive_coverage_ok,strict origin-split national customs; weight basis
grid_074,0.2,0.9,-3.0,10.0,Taiwan,importer,high_exposure_high_offset,high_exposure_high_offset,True,81,81,1.0,high,none,12,4,0.3489963124177345,0.0524903917477919,-29.650592066994253,1.417019602820213,2.496118426664329,46.43777696226299,1.4296798667144344,0.271656825563865,0.2233534913865689,"{""constrained_offset_ratio_max"": 0.5, ""constrained_total_pct_max"": -3.0, ""high_exposure_pre_gulf_share_min"": 0.2, ""high_offset_ratio_min"": 0.9, ""min_post_months"": 3, ""min_pre_months"": 12, ""stable_gulf_share_abs_pp_max"": 10.0, ""stable_total_abs_pct_max"": 10.0}",descriptive_coverage_ok,strict origin-split national customs; weight basis
grid_075,0.2,0.9,-3.0,12.0,Taiwan,importer,high_exposure_high_offset,high_exposure_high_offset,True,81,81,1.0,high,none,12,4,0.3489963124177345,0.0524903917477919,-29.650592066994253,1.417019602820213,2.496118426664329,46.43777696226299,1.4296798667144344,0.271656825563865,0.2233534913865689,"{""constrained_offset_ratio_max"": 0.5, ""constrained_total_pct_max"": -3.0, ""high_exposure_pre_gulf_share_min"": 0.2, ""high_offset_ratio_min"": 0.9, ""min_post_months"": 3, ""min_pre_months"": 12, ""stable_gulf_share_abs_pp_max"": 12.0, ""stable_total_abs_pct_max"": 12.0}",descriptive_coverage_ok,strict origin-split national customs; weight basis
grid_076,0.2,0.9,-5.0,8.0,Taiwan,importer,high_exposure_high_offset,high_exposure_high_offset,True,81,81,1.0,high,none,12,4,0.3489963124177345,0.0524903917477919,-29.650592066994253,1.417019602820213,2.496118426664329,46.43777696226299,1.4296798667144344,0.271656825563865,0.2233534913865689,"{""constrained_offset_ratio_max"": 0.5, ""constrained_total_pct_max"": -5.0, ""high_exposure_pre_gulf_share_min"": 0.2, ""high_offset_ratio_min"": 0.9, ""min_post_months"": 3, ""min_pre_months"": 12, ""stable_gulf_share_abs_pp_max"": 8.0, ""stable_total_abs_pct_max"": 8.0}",descriptive_coverage_ok,strict origin-split national customs; weight basis
grid_077,0.2,0.9,-5.0,10.0,Taiwan,importer,high_exposure_high_offset,high_exposure_high_offset,True,81,81,1.0,high,none,12,4,0.3489963124177345,0.0524903917477919,-29.650592066994253,1.417019602820213,2.496118426664329,46.43777696226299,1.4296798667144344,0.271656825563865,0.2233534913865689,"{""constrained_offset_ratio_max"": 0.5, ""constrained_total_pct_max"": -5.0, ""high_exposure_pre_gulf_share_min"": 0.2, ""high_offset_ratio_min"": 0.9, ""min_post_months"": 3, ""min_pre_months"": 12, ""stable_gulf_share_abs_pp_max"": 10.0, ""stable_total_abs_pct_max"": 10.0}",descriptive_coverage_ok,strict origin-split national customs; weight basis
grid_078,0.2,0.9,-5.0,12.0,Taiwan,importer,high_exposure_high_offset,high_exposure_high_offset,True,81,81,1.0,high,none,12,4,0.3489963124177345,0.0524903917477919,-29.650592066994253,1.417019602820213,2.496118426664329,46.43777696226299,1.4296798667144344,0.271656825563865,0.2233534913865689,"{""constrained_offset_ratio_max"": 0.5, ""constrained_total_pct_max"": -5.0, ""high_exposure_pre_gulf_share_min"": 0.2, ""high_offset_ratio_min"": 0.9, ""min_post_months"": 3, ""min_pre_months"": 12, ""stable_gulf_share_abs_pp_max"": 12.0, ""stable_total_abs_pct_max"": 12.0}",descriptive_coverage_ok,strict origin-split national customs; weight basis
grid_079,0.2,0.9,-10.0,8.0,Taiwan,importer,high_exposure_high_offset,high_exposure_high_offset,True,81,81,1.0,high,none,12,4,0.3489963124177345,0.0524903917477919,-29.650592066994253,1.417019602820213,2.496118426664329,46.43777696226299,1.4296798667144344,0.271656825563865,0.2233534913865689,"{""constrained_offset_ratio_max"": 0.5, ""constrained_total_pct_max"": -10.0, ""high_exposure_pre_gulf_share_min"": 0.2, ""high_offset_ratio_min"": 0.9, ""min_post_months"": 3, ""min_pre_months"": 12, ""stable_gulf_share_abs_pp_max"": 8.0, ""stable_total_abs_pct_max"": 8.0}",descriptive_coverage_ok,strict origin-split national customs; weight basis
grid_080,0.2,0.9,-10.0,10.0,Taiwan,importer,high_exposure_high_offset,high_exposure_high_offset,True,81,81,1.0,high,none,12,4,0.3489963124177345,0.0524903917477919,-29.650592066994253,1.417019602820213,2.496118426664329,46.43777696226299,1.4296798667144344,0.271656825563865,0.2233534913865689,"{""constrained_offset_ratio_max"": 0.5, ""constrained_total_pct_max"": -10.0, ""high_exposure_pre_gulf_share_min"": 0.2, ""high_offset_ratio_min"": 0.9, ""min_post_months"": 3, ""min_pre_months"": 12, ""stable_gulf_share_abs_pp_max"": 10.0, ""stable_total_abs_pct_max"": 10.0}",descriptive_coverage_ok,strict origin-split national customs; weight basis
grid_081,0.2,0.9,-10.0,12.0,Taiwan,importer,high_exposure_high_offset,high_exposure_high_offset,True,81,81,1.0,high,none,12,4,0.3489963124177345,0.0524903917477919,-29.650592066994253,1.417019602820213,2.496118426664329,46.43777696226299,1.4296798667144344,0.271656825563865,0.2233534913865689,"{""constrained_offset_ratio_max"": 0.5, ""constrained_total_pct_max"": -10.0, ""high_exposure_pre_gulf_share_min"": 0.2, ""high_offset_ratio_min"": 0.9, ""min_post_months"": 3, ""min_pre_months"": 12, ""stable_gulf_share_abs_pp_max"": 12.0, ""stable_total_abs_pct_max"": 12.0}",descriptive_coverage_ok,strict origin-split national customs; weight basis
