design_id,design_sha256,admission_protocol_sha256,vintage,source_variable,source_path,source_sha256,vintage_reporting_role,model,point_definition,date,y_true,y_pred,lower_pointwise,upper_pointwise,common_point_shortfall,cumulative_common_point_shortfall
portwatch_two_vintage_four_specification_matrix_v1,297908c214a0afab30a377854585cb1788922334c3bba976f8e2a1141c6ed73e,bb050aa041e8fc1c8391b908baeab529aaf2e9944d5f35b07af661349176adce,pinned_primary,portwatch_chokepoints_snapshot,data/raw/portwatch/Daily_Chokepoints_Data.csv,66f3a54afb042103f3e0afc9670568cb7be245394ec04eba55ebd158593f579d,pinned_primary_reference,seasonal_naive_7d,deterministic_daily_point,2026-02-28,35.0,67.0,,,32.0,32.0
portwatch_two_vintage_four_specification_matrix_v1,297908c214a0afab30a377854585cb1788922334c3bba976f8e2a1141c6ed73e,bb050aa041e8fc1c8391b908baeab529aaf2e9944d5f35b07af661349176adce,pinned_primary,portwatch_chokepoints_snapshot,data/raw/portwatch/Daily_Chokepoints_Data.csv,66f3a54afb042103f3e0afc9670568cb7be245394ec04eba55ebd158593f579d,pinned_primary_reference,seasonal_naive_7d,deterministic_daily_point,2026-03-01,10.0,83.0,,,73.0,105.0
portwatch_two_vintage_four_specification_matrix_v1,297908c214a0afab30a377854585cb1788922334c3bba976f8e2a1141c6ed73e,bb050aa041e8fc1c8391b908baeab529aaf2e9944d5f35b07af661349176adce,pinned_primary,portwatch_chokepoints_snapshot,data/raw/portwatch/Daily_Chokepoints_Data.csv,66f3a54afb042103f3e0afc9670568cb7be245394ec04eba55ebd158593f579d,pinned_primary_reference,seasonal_naive_7d,deterministic_daily_point,2026-03-02,2.0,73.0,,,71.0,176.0
portwatch_two_vintage_four_specification_matrix_v1,297908c214a0afab30a377854585cb1788922334c3bba976f8e2a1141c6ed73e,bb050aa041e8fc1c8391b908baeab529aaf2e9944d5f35b07af661349176adce,pinned_primary,portwatch_chokepoints_snapshot,data/raw/portwatch/Daily_Chokepoints_Data.csv,66f3a54afb042103f3e0afc9670568cb7be245394ec04eba55ebd158593f579d,pinned_primary_reference,seasonal_naive_7d,deterministic_daily_point,2026-03-03,2.0,32.0,,,30.0,206.0
portwatch_two_vintage_four_specification_matrix_v1,297908c214a0afab30a377854585cb1788922334c3bba976f8e2a1141c6ed73e,bb050aa041e8fc1c8391b908baeab529aaf2e9944d5f35b07af661349176adce,pinned_primary,portwatch_chokepoints_snapshot,data/raw/portwatch/Daily_Chokepoints_Data.csv,66f3a54afb042103f3e0afc9670568cb7be245394ec04eba55ebd158593f579d,pinned_primary_reference,seasonal_naive_7d,deterministic_daily_point,2026-03-04,0.0,66.0,,,66.0,272.0
portwatch_two_vintage_four_specification_matrix_v1,297908c214a0afab30a377854585cb1788922334c3bba976f8e2a1141c6ed73e,bb050aa041e8fc1c8391b908baeab529aaf2e9944d5f35b07af661349176adce,pinned_primary,portwatch_chokepoints_snapshot,data/raw/portwatch/Daily_Chokepoints_Data.csv,66f3a54afb042103f3e0afc9670568cb7be245394ec04eba55ebd158593f579d,pinned_primary_reference,seasonal_naive_7d,deterministic_daily_point,2026-03-05,1.0,55.0,,,54.0,326.0
portwatch_two_vintage_four_specification_matrix_v1,297908c214a0afab30a377854585cb1788922334c3bba976f8e2a1141c6ed73e,bb050aa041e8fc1c8391b908baeab529aaf2e9944d5f35b07af661349176adce,pinned_primary,portwatch_chokepoints_snapshot,data/raw/portwatch/Daily_Chokepoints_Data.csv,66f3a54afb042103f3e0afc9670568cb7be245394ec04eba55ebd158593f579d,pinned_primary_reference,seasonal_naive_7d,deterministic_daily_point,2026-03-06,0.0,35.0,,,35.0,361.0
portwatch_two_vintage_four_specification_matrix_v1,297908c214a0afab30a377854585cb1788922334c3bba976f8e2a1141c6ed73e,bb050aa041e8fc1c8391b908baeab529aaf2e9944d5f35b07af661349176adce,pinned_primary,portwatch_chokepoints_snapshot,data/raw/portwatch/Daily_Chokepoints_Data.csv,66f3a54afb042103f3e0afc9670568cb7be245394ec04eba55ebd158593f579d,pinned_primary_reference,seasonal_naive_7d,deterministic_daily_point,2026-03-07,0.0,67.0,,,67.0,428.0
portwatch_two_vintage_four_specification_matrix_v1,297908c214a0afab30a377854585cb1788922334c3bba976f8e2a1141c6ed73e,bb050aa041e8fc1c8391b908baeab529aaf2e9944d5f35b07af661349176adce,pinned_primary,portwatch_chokepoints_snapshot,data/raw/portwatch/Daily_Chokepoints_Data.csv,66f3a54afb042103f3e0afc9670568cb7be245394ec04eba55ebd158593f579d,pinned_primary_reference,seasonal_naive_7d,deterministic_daily_point,2026-03-08,0.0,83.0,,,83.0,511.0
portwatch_two_vintage_four_specification_matrix_v1,297908c214a0afab30a377854585cb1788922334c3bba976f8e2a1141c6ed73e,bb050aa041e8fc1c8391b908baeab529aaf2e9944d5f35b07af661349176adce,pinned_primary,portwatch_chokepoints_snapshot,data/raw/portwatch/Daily_Chokepoints_Data.csv,66f3a54afb042103f3e0afc9670568cb7be245394ec04eba55ebd158593f579d,pinned_primary_reference,seasonal_naive_7d,deterministic_daily_point,2026-03-09,0.0,73.0,,,73.0,584.0
portwatch_two_vintage_four_specification_matrix_v1,297908c214a0afab30a377854585cb1788922334c3bba976f8e2a1141c6ed73e,bb050aa041e8fc1c8391b908baeab529aaf2e9944d5f35b07af661349176adce,pinned_primary,portwatch_chokepoints_snapshot,data/raw/portwatch/Daily_Chokepoints_Data.csv,66f3a54afb042103f3e0afc9670568cb7be245394ec04eba55ebd158593f579d,pinned_primary_reference,seasonal_naive_7d,deterministic_daily_point,2026-03-10,1.0,32.0,,,31.0,615.0
portwatch_two_vintage_four_specification_matrix_v1,297908c214a0afab30a377854585cb1788922334c3bba976f8e2a1141c6ed73e,bb050aa041e8fc1c8391b908baeab529aaf2e9944d5f35b07af661349176adce,pinned_primary,portwatch_chokepoints_snapshot,data/raw/portwatch/Daily_Chokepoints_Data.csv,66f3a54afb042103f3e0afc9670568cb7be245394ec04eba55ebd158593f579d,pinned_primary_reference,seasonal_naive_7d,deterministic_daily_point,2026-03-11,1.0,66.0,,,65.0,680.0
portwatch_two_vintage_four_specification_matrix_v1,297908c214a0afab30a377854585cb1788922334c3bba976f8e2a1141c6ed73e,bb050aa041e8fc1c8391b908baeab529aaf2e9944d5f35b07af661349176adce,pinned_primary,portwatch_chokepoints_snapshot,data/raw/portwatch/Daily_Chokepoints_Data.csv,66f3a54afb042103f3e0afc9670568cb7be245394ec04eba55ebd158593f579d,pinned_primary_reference,seasonal_naive_7d,deterministic_daily_point,2026-03-12,0.0,55.0,,,55.0,735.0
portwatch_two_vintage_four_specification_matrix_v1,297908c214a0afab30a377854585cb1788922334c3bba976f8e2a1141c6ed73e,bb050aa041e8fc1c8391b908baeab529aaf2e9944d5f35b07af661349176adce,pinned_primary,portwatch_chokepoints_snapshot,data/raw/portwatch/Daily_Chokepoints_Data.csv,66f3a54afb042103f3e0afc9670568cb7be245394ec04eba55ebd158593f579d,pinned_primary_reference,seasonal_naive_7d,deterministic_daily_point,2026-03-13,0.0,35.0,,,35.0,770.0
portwatch_two_vintage_four_specification_matrix_v1,297908c214a0afab30a377854585cb1788922334c3bba976f8e2a1141c6ed73e,bb050aa041e8fc1c8391b908baeab529aaf2e9944d5f35b07af661349176adce,pinned_primary,portwatch_chokepoints_snapshot,data/raw/portwatch/Daily_Chokepoints_Data.csv,66f3a54afb042103f3e0afc9670568cb7be245394ec04eba55ebd158593f579d,pinned_primary_reference,seasonal_naive_7d,deterministic_daily_point,2026-03-14,0.0,67.0,,,67.0,837.0
portwatch_two_vintage_four_specification_matrix_v1,297908c214a0afab30a377854585cb1788922334c3bba976f8e2a1141c6ed73e,bb050aa041e8fc1c8391b908baeab529aaf2e9944d5f35b07af661349176adce,pinned_primary,portwatch_chokepoints_snapshot,data/raw/portwatch/Daily_Chokepoints_Data.csv,66f3a54afb042103f3e0afc9670568cb7be245394ec04eba55ebd158593f579d,pinned_primary_reference,seasonal_naive_7d,deterministic_daily_point,2026-03-15,2.0,83.0,,,81.0,918.0
portwatch_two_vintage_four_specification_matrix_v1,297908c214a0afab30a377854585cb1788922334c3bba976f8e2a1141c6ed73e,bb050aa041e8fc1c8391b908baeab529aaf2e9944d5f35b07af661349176adce,pinned_primary,portwatch_chokepoints_snapshot,data/raw/portwatch/Daily_Chokepoints_Data.csv,66f3a54afb042103f3e0afc9670568cb7be245394ec04eba55ebd158593f579d,pinned_primary_reference,seasonal_naive_7d,deterministic_daily_point,2026-03-16,0.0,73.0,,,73.0,991.0
portwatch_two_vintage_four_specification_matrix_v1,297908c214a0afab30a377854585cb1788922334c3bba976f8e2a1141c6ed73e,bb050aa041e8fc1c8391b908baeab529aaf2e9944d5f35b07af661349176adce,pinned_primary,portwatch_chokepoints_snapshot,data/raw/portwatch/Daily_Chokepoints_Data.csv,66f3a54afb042103f3e0afc9670568cb7be245394ec04eba55ebd158593f579d,pinned_primary_reference,seasonal_naive_7d,deterministic_daily_point,2026-03-17,1.0,32.0,,,31.0,1022.0
portwatch_two_vintage_four_specification_matrix_v1,297908c214a0afab30a377854585cb1788922334c3bba976f8e2a1141c6ed73e,bb050aa041e8fc1c8391b908baeab529aaf2e9944d5f35b07af661349176adce,pinned_primary,portwatch_chokepoints_snapshot,data/raw/portwatch/Daily_Chokepoints_Data.csv,66f3a54afb042103f3e0afc9670568cb7be245394ec04eba55ebd158593f579d,pinned_primary_reference,seasonal_naive_7d,deterministic_daily_point,2026-03-18,0.0,66.0,,,66.0,1088.0
portwatch_two_vintage_four_specification_matrix_v1,297908c214a0afab30a377854585cb1788922334c3bba976f8e2a1141c6ed73e,bb050aa041e8fc1c8391b908baeab529aaf2e9944d5f35b07af661349176adce,pinned_primary,portwatch_chokepoints_snapshot,data/raw/portwatch/Daily_Chokepoints_Data.csv,66f3a54afb042103f3e0afc9670568cb7be245394ec04eba55ebd158593f579d,pinned_primary_reference,seasonal_naive_7d,deterministic_daily_point,2026-03-19,0.0,55.0,,,55.0,1143.0
portwatch_two_vintage_four_specification_matrix_v1,297908c214a0afab30a377854585cb1788922334c3bba976f8e2a1141c6ed73e,bb050aa041e8fc1c8391b908baeab529aaf2e9944d5f35b07af661349176adce,pinned_primary,portwatch_chokepoints_snapshot,data/raw/portwatch/Daily_Chokepoints_Data.csv,66f3a54afb042103f3e0afc9670568cb7be245394ec04eba55ebd158593f579d,pinned_primary_reference,seasonal_naive_7d,deterministic_daily_point,2026-03-20,2.0,35.0,,,33.0,1176.0
portwatch_two_vintage_four_specification_matrix_v1,297908c214a0afab30a377854585cb1788922334c3bba976f8e2a1141c6ed73e,bb050aa041e8fc1c8391b908baeab529aaf2e9944d5f35b07af661349176adce,pinned_primary,portwatch_chokepoints_snapshot,data/raw/portwatch/Daily_Chokepoints_Data.csv,66f3a54afb042103f3e0afc9670568cb7be245394ec04eba55ebd158593f579d,pinned_primary_reference,seasonal_naive_7d,deterministic_daily_point,2026-03-21,0.0,67.0,,,67.0,1243.0
portwatch_two_vintage_four_specification_matrix_v1,297908c214a0afab30a377854585cb1788922334c3bba976f8e2a1141c6ed73e,bb050aa041e8fc1c8391b908baeab529aaf2e9944d5f35b07af661349176adce,pinned_primary,portwatch_chokepoints_snapshot,data/raw/portwatch/Daily_Chokepoints_Data.csv,66f3a54afb042103f3e0afc9670568cb7be245394ec04eba55ebd158593f579d,pinned_primary_reference,seasonal_naive_7d,deterministic_daily_point,2026-03-22,0.0,83.0,,,83.0,1326.0
portwatch_two_vintage_four_specification_matrix_v1,297908c214a0afab30a377854585cb1788922334c3bba976f8e2a1141c6ed73e,bb050aa041e8fc1c8391b908baeab529aaf2e9944d5f35b07af661349176adce,pinned_primary,portwatch_chokepoints_snapshot,data/raw/portwatch/Daily_Chokepoints_Data.csv,66f3a54afb042103f3e0afc9670568cb7be245394ec04eba55ebd158593f579d,pinned_primary_reference,seasonal_naive_7d,deterministic_daily_point,2026-03-23,2.0,73.0,,,71.0,1397.0
portwatch_two_vintage_four_specification_matrix_v1,297908c214a0afab30a377854585cb1788922334c3bba976f8e2a1141c6ed73e,bb050aa041e8fc1c8391b908baeab529aaf2e9944d5f35b07af661349176adce,pinned_primary,portwatch_chokepoints_snapshot,data/raw/portwatch/Daily_Chokepoints_Data.csv,66f3a54afb042103f3e0afc9670568cb7be245394ec04eba55ebd158593f579d,pinned_primary_reference,seasonal_naive_7d,deterministic_daily_point,2026-03-24,1.0,32.0,,,31.0,1428.0
portwatch_two_vintage_four_specification_matrix_v1,297908c214a0afab30a377854585cb1788922334c3bba976f8e2a1141c6ed73e,bb050aa041e8fc1c8391b908baeab529aaf2e9944d5f35b07af661349176adce,pinned_primary,portwatch_chokepoints_snapshot,data/raw/portwatch/Daily_Chokepoints_Data.csv,66f3a54afb042103f3e0afc9670568cb7be245394ec04eba55ebd158593f579d,pinned_primary_reference,seasonal_naive_7d,deterministic_daily_point,2026-03-25,1.0,66.0,,,65.0,1493.0
portwatch_two_vintage_four_specification_matrix_v1,297908c214a0afab30a377854585cb1788922334c3bba976f8e2a1141c6ed73e,bb050aa041e8fc1c8391b908baeab529aaf2e9944d5f35b07af661349176adce,pinned_primary,portwatch_chokepoints_snapshot,data/raw/portwatch/Daily_Chokepoints_Data.csv,66f3a54afb042103f3e0afc9670568cb7be245394ec04eba55ebd158593f579d,pinned_primary_reference,seasonal_naive_7d,deterministic_daily_point,2026-03-26,0.0,55.0,,,55.0,1548.0
portwatch_two_vintage_four_specification_matrix_v1,297908c214a0afab30a377854585cb1788922334c3bba976f8e2a1141c6ed73e,bb050aa041e8fc1c8391b908baeab529aaf2e9944d5f35b07af661349176adce,pinned_primary,portwatch_chokepoints_snapshot,data/raw/portwatch/Daily_Chokepoints_Data.csv,66f3a54afb042103f3e0afc9670568cb7be245394ec04eba55ebd158593f579d,pinned_primary_reference,seasonal_naive_7d,deterministic_daily_point,2026-03-27,0.0,35.0,,,35.0,1583.0
portwatch_two_vintage_four_specification_matrix_v1,297908c214a0afab30a377854585cb1788922334c3bba976f8e2a1141c6ed73e,bb050aa041e8fc1c8391b908baeab529aaf2e9944d5f35b07af661349176adce,pinned_primary,portwatch_chokepoints_snapshot,data/raw/portwatch/Daily_Chokepoints_Data.csv,66f3a54afb042103f3e0afc9670568cb7be245394ec04eba55ebd158593f579d,pinned_primary_reference,seasonal_naive_7d,deterministic_daily_point,2026-03-28,1.0,67.0,,,66.0,1649.0
portwatch_two_vintage_four_specification_matrix_v1,297908c214a0afab30a377854585cb1788922334c3bba976f8e2a1141c6ed73e,bb050aa041e8fc1c8391b908baeab529aaf2e9944d5f35b07af661349176adce,pinned_primary,portwatch_chokepoints_snapshot,data/raw/portwatch/Daily_Chokepoints_Data.csv,66f3a54afb042103f3e0afc9670568cb7be245394ec04eba55ebd158593f579d,pinned_primary_reference,seasonal_naive_7d,deterministic_daily_point,2026-03-29,2.0,83.0,,,81.0,1730.0
portwatch_two_vintage_four_specification_matrix_v1,297908c214a0afab30a377854585cb1788922334c3bba976f8e2a1141c6ed73e,bb050aa041e8fc1c8391b908baeab529aaf2e9944d5f35b07af661349176adce,pinned_primary,portwatch_chokepoints_snapshot,data/raw/portwatch/Daily_Chokepoints_Data.csv,66f3a54afb042103f3e0afc9670568cb7be245394ec04eba55ebd158593f579d,pinned_primary_reference,seasonal_naive_7d,deterministic_daily_point,2026-03-30,5.0,73.0,,,68.0,1798.0
portwatch_two_vintage_four_specification_matrix_v1,297908c214a0afab30a377854585cb1788922334c3bba976f8e2a1141c6ed73e,bb050aa041e8fc1c8391b908baeab529aaf2e9944d5f35b07af661349176adce,pinned_primary,portwatch_chokepoints_snapshot,data/raw/portwatch/Daily_Chokepoints_Data.csv,66f3a54afb042103f3e0afc9670568cb7be245394ec04eba55ebd158593f579d,pinned_primary_reference,seasonal_naive_7d,deterministic_daily_point,2026-03-31,5.0,32.0,,,27.0,1825.0
portwatch_two_vintage_four_specification_matrix_v1,297908c214a0afab30a377854585cb1788922334c3bba976f8e2a1141c6ed73e,bb050aa041e8fc1c8391b908baeab529aaf2e9944d5f35b07af661349176adce,pinned_primary,portwatch_chokepoints_snapshot,data/raw/portwatch/Daily_Chokepoints_Data.csv,66f3a54afb042103f3e0afc9670568cb7be245394ec04eba55ebd158593f579d,pinned_primary_reference,seasonal_naive_7d,deterministic_daily_point,2026-04-01,3.0,66.0,,,63.0,1888.0
portwatch_two_vintage_four_specification_matrix_v1,297908c214a0afab30a377854585cb1788922334c3bba976f8e2a1141c6ed73e,bb050aa041e8fc1c8391b908baeab529aaf2e9944d5f35b07af661349176adce,pinned_primary,portwatch_chokepoints_snapshot,data/raw/portwatch/Daily_Chokepoints_Data.csv,66f3a54afb042103f3e0afc9670568cb7be245394ec04eba55ebd158593f579d,pinned_primary_reference,seasonal_naive_7d,deterministic_daily_point,2026-04-02,1.0,55.0,,,54.0,1942.0
portwatch_two_vintage_four_specification_matrix_v1,297908c214a0afab30a377854585cb1788922334c3bba976f8e2a1141c6ed73e,bb050aa041e8fc1c8391b908baeab529aaf2e9944d5f35b07af661349176adce,pinned_primary,portwatch_chokepoints_snapshot,data/raw/portwatch/Daily_Chokepoints_Data.csv,66f3a54afb042103f3e0afc9670568cb7be245394ec04eba55ebd158593f579d,pinned_primary_reference,seasonal_naive_7d,deterministic_daily_point,2026-04-03,5.0,35.0,,,30.0,1972.0
portwatch_two_vintage_four_specification_matrix_v1,297908c214a0afab30a377854585cb1788922334c3bba976f8e2a1141c6ed73e,bb050aa041e8fc1c8391b908baeab529aaf2e9944d5f35b07af661349176adce,pinned_primary,portwatch_chokepoints_snapshot,data/raw/portwatch/Daily_Chokepoints_Data.csv,66f3a54afb042103f3e0afc9670568cb7be245394ec04eba55ebd158593f579d,pinned_primary_reference,seasonal_naive_7d,deterministic_daily_point,2026-04-04,4.0,67.0,,,63.0,2035.0
portwatch_two_vintage_four_specification_matrix_v1,297908c214a0afab30a377854585cb1788922334c3bba976f8e2a1141c6ed73e,bb050aa041e8fc1c8391b908baeab529aaf2e9944d5f35b07af661349176adce,pinned_primary,portwatch_chokepoints_snapshot,data/raw/portwatch/Daily_Chokepoints_Data.csv,66f3a54afb042103f3e0afc9670568cb7be245394ec04eba55ebd158593f579d,pinned_primary_reference,seasonal_naive_7d,deterministic_daily_point,2026-04-05,5.0,83.0,,,78.0,2113.0
portwatch_two_vintage_four_specification_matrix_v1,297908c214a0afab30a377854585cb1788922334c3bba976f8e2a1141c6ed73e,bb050aa041e8fc1c8391b908baeab529aaf2e9944d5f35b07af661349176adce,pinned_primary,portwatch_chokepoints_snapshot,data/raw/portwatch/Daily_Chokepoints_Data.csv,66f3a54afb042103f3e0afc9670568cb7be245394ec04eba55ebd158593f579d,pinned_primary_reference,seasonal_naive_7d,deterministic_daily_point,2026-04-06,1.0,73.0,,,72.0,2185.0
portwatch_two_vintage_four_specification_matrix_v1,297908c214a0afab30a377854585cb1788922334c3bba976f8e2a1141c6ed73e,bb050aa041e8fc1c8391b908baeab529aaf2e9944d5f35b07af661349176adce,pinned_primary,portwatch_chokepoints_snapshot,data/raw/portwatch/Daily_Chokepoints_Data.csv,66f3a54afb042103f3e0afc9670568cb7be245394ec04eba55ebd158593f579d,pinned_primary_reference,seasonal_naive_7d,deterministic_daily_point,2026-04-07,3.0,32.0,,,29.0,2214.0
portwatch_two_vintage_four_specification_matrix_v1,297908c214a0afab30a377854585cb1788922334c3bba976f8e2a1141c6ed73e,bb050aa041e8fc1c8391b908baeab529aaf2e9944d5f35b07af661349176adce,pinned_primary,portwatch_chokepoints_snapshot,data/raw/portwatch/Daily_Chokepoints_Data.csv,66f3a54afb042103f3e0afc9670568cb7be245394ec04eba55ebd158593f579d,pinned_primary_reference,seasonal_naive_7d,deterministic_daily_point,2026-04-08,1.0,66.0,,,65.0,2279.0
portwatch_two_vintage_four_specification_matrix_v1,297908c214a0afab30a377854585cb1788922334c3bba976f8e2a1141c6ed73e,bb050aa041e8fc1c8391b908baeab529aaf2e9944d5f35b07af661349176adce,pinned_primary,portwatch_chokepoints_snapshot,data/raw/portwatch/Daily_Chokepoints_Data.csv,66f3a54afb042103f3e0afc9670568cb7be245394ec04eba55ebd158593f579d,pinned_primary_reference,seasonal_naive_7d,deterministic_daily_point,2026-04-09,5.0,55.0,,,50.0,2329.0
portwatch_two_vintage_four_specification_matrix_v1,297908c214a0afab30a377854585cb1788922334c3bba976f8e2a1141c6ed73e,bb050aa041e8fc1c8391b908baeab529aaf2e9944d5f35b07af661349176adce,pinned_primary,portwatch_chokepoints_snapshot,data/raw/portwatch/Daily_Chokepoints_Data.csv,66f3a54afb042103f3e0afc9670568cb7be245394ec04eba55ebd158593f579d,pinned_primary_reference,seasonal_naive_7d,deterministic_daily_point,2026-04-10,1.0,35.0,,,34.0,2363.0
portwatch_two_vintage_four_specification_matrix_v1,297908c214a0afab30a377854585cb1788922334c3bba976f8e2a1141c6ed73e,bb050aa041e8fc1c8391b908baeab529aaf2e9944d5f35b07af661349176adce,pinned_primary,portwatch_chokepoints_snapshot,data/raw/portwatch/Daily_Chokepoints_Data.csv,66f3a54afb042103f3e0afc9670568cb7be245394ec04eba55ebd158593f579d,pinned_primary_reference,seasonal_naive_7d,deterministic_daily_point,2026-04-11,4.0,67.0,,,63.0,2426.0
portwatch_two_vintage_four_specification_matrix_v1,297908c214a0afab30a377854585cb1788922334c3bba976f8e2a1141c6ed73e,bb050aa041e8fc1c8391b908baeab529aaf2e9944d5f35b07af661349176adce,pinned_primary,portwatch_chokepoints_snapshot,data/raw/portwatch/Daily_Chokepoints_Data.csv,66f3a54afb042103f3e0afc9670568cb7be245394ec04eba55ebd158593f579d,pinned_primary_reference,seasonal_naive_7d,deterministic_daily_point,2026-04-12,4.0,83.0,,,79.0,2505.0
portwatch_two_vintage_four_specification_matrix_v1,297908c214a0afab30a377854585cb1788922334c3bba976f8e2a1141c6ed73e,bb050aa041e8fc1c8391b908baeab529aaf2e9944d5f35b07af661349176adce,pinned_primary,portwatch_chokepoints_snapshot,data/raw/portwatch/Daily_Chokepoints_Data.csv,66f3a54afb042103f3e0afc9670568cb7be245394ec04eba55ebd158593f579d,pinned_primary_reference,seasonal_naive_7d,deterministic_daily_point,2026-04-13,4.0,73.0,,,69.0,2574.0
portwatch_two_vintage_four_specification_matrix_v1,297908c214a0afab30a377854585cb1788922334c3bba976f8e2a1141c6ed73e,bb050aa041e8fc1c8391b908baeab529aaf2e9944d5f35b07af661349176adce,pinned_primary,portwatch_chokepoints_snapshot,data/raw/portwatch/Daily_Chokepoints_Data.csv,66f3a54afb042103f3e0afc9670568cb7be245394ec04eba55ebd158593f579d,pinned_primary_reference,seasonal_naive_7d,deterministic_daily_point,2026-04-14,5.0,32.0,,,27.0,2601.0
portwatch_two_vintage_four_specification_matrix_v1,297908c214a0afab30a377854585cb1788922334c3bba976f8e2a1141c6ed73e,bb050aa041e8fc1c8391b908baeab529aaf2e9944d5f35b07af661349176adce,pinned_primary,portwatch_chokepoints_snapshot,data/raw/portwatch/Daily_Chokepoints_Data.csv,66f3a54afb042103f3e0afc9670568cb7be245394ec04eba55ebd158593f579d,pinned_primary_reference,seasonal_naive_7d,deterministic_daily_point,2026-04-15,7.0,66.0,,,59.0,2660.0
portwatch_two_vintage_four_specification_matrix_v1,297908c214a0afab30a377854585cb1788922334c3bba976f8e2a1141c6ed73e,bb050aa041e8fc1c8391b908baeab529aaf2e9944d5f35b07af661349176adce,pinned_primary,portwatch_chokepoints_snapshot,data/raw/portwatch/Daily_Chokepoints_Data.csv,66f3a54afb042103f3e0afc9670568cb7be245394ec04eba55ebd158593f579d,pinned_primary_reference,seasonal_naive_7d,deterministic_daily_point,2026-04-16,5.0,55.0,,,50.0,2710.0
portwatch_two_vintage_four_specification_matrix_v1,297908c214a0afab30a377854585cb1788922334c3bba976f8e2a1141c6ed73e,bb050aa041e8fc1c8391b908baeab529aaf2e9944d5f35b07af661349176adce,pinned_primary,portwatch_chokepoints_snapshot,data/raw/portwatch/Daily_Chokepoints_Data.csv,66f3a54afb042103f3e0afc9670568cb7be245394ec04eba55ebd158593f579d,pinned_primary_reference,seasonal_naive_7d,deterministic_daily_point,2026-04-17,10.0,35.0,,,25.0,2735.0
portwatch_two_vintage_four_specification_matrix_v1,297908c214a0afab30a377854585cb1788922334c3bba976f8e2a1141c6ed73e,bb050aa041e8fc1c8391b908baeab529aaf2e9944d5f35b07af661349176adce,pinned_primary,portwatch_chokepoints_snapshot,data/raw/portwatch/Daily_Chokepoints_Data.csv,66f3a54afb042103f3e0afc9670568cb7be245394ec04eba55ebd158593f579d,pinned_primary_reference,seasonal_naive_7d,deterministic_daily_point,2026-04-18,14.0,67.0,,,53.0,2788.0
portwatch_two_vintage_four_specification_matrix_v1,297908c214a0afab30a377854585cb1788922334c3bba976f8e2a1141c6ed73e,bb050aa041e8fc1c8391b908baeab529aaf2e9944d5f35b07af661349176adce,pinned_primary,portwatch_chokepoints_snapshot,data/raw/portwatch/Daily_Chokepoints_Data.csv,66f3a54afb042103f3e0afc9670568cb7be245394ec04eba55ebd158593f579d,pinned_primary_reference,seasonal_naive_7d,deterministic_daily_point,2026-04-19,5.0,83.0,,,78.0,2866.0
portwatch_two_vintage_four_specification_matrix_v1,297908c214a0afab30a377854585cb1788922334c3bba976f8e2a1141c6ed73e,bb050aa041e8fc1c8391b908baeab529aaf2e9944d5f35b07af661349176adce,pinned_primary,portwatch_chokepoints_snapshot,data/raw/portwatch/Daily_Chokepoints_Data.csv,66f3a54afb042103f3e0afc9670568cb7be245394ec04eba55ebd158593f579d,pinned_primary_reference,seasonal_naive_7d,deterministic_daily_point,2026-04-20,5.0,73.0,,,68.0,2934.0
portwatch_two_vintage_four_specification_matrix_v1,297908c214a0afab30a377854585cb1788922334c3bba976f8e2a1141c6ed73e,bb050aa041e8fc1c8391b908baeab529aaf2e9944d5f35b07af661349176adce,pinned_primary,portwatch_chokepoints_snapshot,data/raw/portwatch/Daily_Chokepoints_Data.csv,66f3a54afb042103f3e0afc9670568cb7be245394ec04eba55ebd158593f579d,pinned_primary_reference,seasonal_naive_7d,deterministic_daily_point,2026-04-21,3.0,32.0,,,29.0,2963.0
portwatch_two_vintage_four_specification_matrix_v1,297908c214a0afab30a377854585cb1788922334c3bba976f8e2a1141c6ed73e,bb050aa041e8fc1c8391b908baeab529aaf2e9944d5f35b07af661349176adce,pinned_primary,portwatch_chokepoints_snapshot,data/raw/portwatch/Daily_Chokepoints_Data.csv,66f3a54afb042103f3e0afc9670568cb7be245394ec04eba55ebd158593f579d,pinned_primary_reference,seasonal_naive_7d,deterministic_daily_point,2026-04-22,4.0,66.0,,,62.0,3025.0
portwatch_two_vintage_four_specification_matrix_v1,297908c214a0afab30a377854585cb1788922334c3bba976f8e2a1141c6ed73e,bb050aa041e8fc1c8391b908baeab529aaf2e9944d5f35b07af661349176adce,pinned_primary,portwatch_chokepoints_snapshot,data/raw/portwatch/Daily_Chokepoints_Data.csv,66f3a54afb042103f3e0afc9670568cb7be245394ec04eba55ebd158593f579d,pinned_primary_reference,seasonal_naive_7d,deterministic_daily_point,2026-04-23,2.0,55.0,,,53.0,3078.0
portwatch_two_vintage_four_specification_matrix_v1,297908c214a0afab30a377854585cb1788922334c3bba976f8e2a1141c6ed73e,bb050aa041e8fc1c8391b908baeab529aaf2e9944d5f35b07af661349176adce,pinned_primary,portwatch_chokepoints_snapshot,data/raw/portwatch/Daily_Chokepoints_Data.csv,66f3a54afb042103f3e0afc9670568cb7be245394ec04eba55ebd158593f579d,pinned_primary_reference,seasonal_naive_7d,deterministic_daily_point,2026-04-24,3.0,35.0,,,32.0,3110.0
portwatch_two_vintage_four_specification_matrix_v1,297908c214a0afab30a377854585cb1788922334c3bba976f8e2a1141c6ed73e,bb050aa041e8fc1c8391b908baeab529aaf2e9944d5f35b07af661349176adce,pinned_primary,portwatch_chokepoints_snapshot,data/raw/portwatch/Daily_Chokepoints_Data.csv,66f3a54afb042103f3e0afc9670568cb7be245394ec04eba55ebd158593f579d,pinned_primary_reference,seasonal_naive_7d,deterministic_daily_point,2026-04-25,2.0,67.0,,,65.0,3175.0
portwatch_two_vintage_four_specification_matrix_v1,297908c214a0afab30a377854585cb1788922334c3bba976f8e2a1141c6ed73e,bb050aa041e8fc1c8391b908baeab529aaf2e9944d5f35b07af661349176adce,pinned_primary,portwatch_chokepoints_snapshot,data/raw/portwatch/Daily_Chokepoints_Data.csv,66f3a54afb042103f3e0afc9670568cb7be245394ec04eba55ebd158593f579d,pinned_primary_reference,seasonal_naive_7d,deterministic_daily_point,2026-04-26,2.0,83.0,,,81.0,3256.0
portwatch_two_vintage_four_specification_matrix_v1,297908c214a0afab30a377854585cb1788922334c3bba976f8e2a1141c6ed73e,bb050aa041e8fc1c8391b908baeab529aaf2e9944d5f35b07af661349176adce,pinned_primary,portwatch_chokepoints_snapshot,data/raw/portwatch/Daily_Chokepoints_Data.csv,66f3a54afb042103f3e0afc9670568cb7be245394ec04eba55ebd158593f579d,pinned_primary_reference,seasonal_naive_7d,deterministic_daily_point,2026-04-27,0.0,73.0,,,73.0,3329.0
portwatch_two_vintage_four_specification_matrix_v1,297908c214a0afab30a377854585cb1788922334c3bba976f8e2a1141c6ed73e,bb050aa041e8fc1c8391b908baeab529aaf2e9944d5f35b07af661349176adce,pinned_primary,portwatch_chokepoints_snapshot,data/raw/portwatch/Daily_Chokepoints_Data.csv,66f3a54afb042103f3e0afc9670568cb7be245394ec04eba55ebd158593f579d,pinned_primary_reference,seasonal_naive_7d,deterministic_daily_point,2026-04-28,2.0,32.0,,,30.0,3359.0
portwatch_two_vintage_four_specification_matrix_v1,297908c214a0afab30a377854585cb1788922334c3bba976f8e2a1141c6ed73e,bb050aa041e8fc1c8391b908baeab529aaf2e9944d5f35b07af661349176adce,pinned_primary,portwatch_chokepoints_snapshot,data/raw/portwatch/Daily_Chokepoints_Data.csv,66f3a54afb042103f3e0afc9670568cb7be245394ec04eba55ebd158593f579d,pinned_primary_reference,seasonal_naive_7d,deterministic_daily_point,2026-04-29,3.0,66.0,,,63.0,3422.0
portwatch_two_vintage_four_specification_matrix_v1,297908c214a0afab30a377854585cb1788922334c3bba976f8e2a1141c6ed73e,bb050aa041e8fc1c8391b908baeab529aaf2e9944d5f35b07af661349176adce,pinned_primary,portwatch_chokepoints_snapshot,data/raw/portwatch/Daily_Chokepoints_Data.csv,66f3a54afb042103f3e0afc9670568cb7be245394ec04eba55ebd158593f579d,pinned_primary_reference,seasonal_naive_7d,deterministic_daily_point,2026-04-30,4.0,55.0,,,51.0,3473.0
portwatch_two_vintage_four_specification_matrix_v1,297908c214a0afab30a377854585cb1788922334c3bba976f8e2a1141c6ed73e,bb050aa041e8fc1c8391b908baeab529aaf2e9944d5f35b07af661349176adce,pinned_primary,portwatch_chokepoints_snapshot,data/raw/portwatch/Daily_Chokepoints_Data.csv,66f3a54afb042103f3e0afc9670568cb7be245394ec04eba55ebd158593f579d,pinned_primary_reference,seasonal_naive_7d,deterministic_daily_point,2026-05-01,4.0,35.0,,,31.0,3504.0
portwatch_two_vintage_four_specification_matrix_v1,297908c214a0afab30a377854585cb1788922334c3bba976f8e2a1141c6ed73e,bb050aa041e8fc1c8391b908baeab529aaf2e9944d5f35b07af661349176adce,pinned_primary,portwatch_chokepoints_snapshot,data/raw/portwatch/Daily_Chokepoints_Data.csv,66f3a54afb042103f3e0afc9670568cb7be245394ec04eba55ebd158593f579d,pinned_primary_reference,seasonal_naive_7d,deterministic_daily_point,2026-05-02,5.0,67.0,,,62.0,3566.0
portwatch_two_vintage_four_specification_matrix_v1,297908c214a0afab30a377854585cb1788922334c3bba976f8e2a1141c6ed73e,bb050aa041e8fc1c8391b908baeab529aaf2e9944d5f35b07af661349176adce,pinned_primary,portwatch_chokepoints_snapshot,data/raw/portwatch/Daily_Chokepoints_Data.csv,66f3a54afb042103f3e0afc9670568cb7be245394ec04eba55ebd158593f579d,pinned_primary_reference,seasonal_naive_7d,deterministic_daily_point,2026-05-03,1.0,83.0,,,82.0,3648.0
portwatch_two_vintage_four_specification_matrix_v1,297908c214a0afab30a377854585cb1788922334c3bba976f8e2a1141c6ed73e,bb050aa041e8fc1c8391b908baeab529aaf2e9944d5f35b07af661349176adce,pinned_primary,portwatch_chokepoints_snapshot,data/raw/portwatch/Daily_Chokepoints_Data.csv,66f3a54afb042103f3e0afc9670568cb7be245394ec04eba55ebd158593f579d,pinned_primary_reference,seasonal_naive_7d,deterministic_daily_point,2026-05-04,0.0,73.0,,,73.0,3721.0
portwatch_two_vintage_four_specification_matrix_v1,297908c214a0afab30a377854585cb1788922334c3bba976f8e2a1141c6ed73e,bb050aa041e8fc1c8391b908baeab529aaf2e9944d5f35b07af661349176adce,pinned_primary,portwatch_chokepoints_snapshot,data/raw/portwatch/Daily_Chokepoints_Data.csv,66f3a54afb042103f3e0afc9670568cb7be245394ec04eba55ebd158593f579d,pinned_primary_reference,seasonal_naive_7d,deterministic_daily_point,2026-05-05,0.0,32.0,,,32.0,3753.0
portwatch_two_vintage_four_specification_matrix_v1,297908c214a0afab30a377854585cb1788922334c3bba976f8e2a1141c6ed73e,bb050aa041e8fc1c8391b908baeab529aaf2e9944d5f35b07af661349176adce,pinned_primary,portwatch_chokepoints_snapshot,data/raw/portwatch/Daily_Chokepoints_Data.csv,66f3a54afb042103f3e0afc9670568cb7be245394ec04eba55ebd158593f579d,pinned_primary_reference,seasonal_naive_7d,deterministic_daily_point,2026-05-06,0.0,66.0,,,66.0,3819.0
portwatch_two_vintage_four_specification_matrix_v1,297908c214a0afab30a377854585cb1788922334c3bba976f8e2a1141c6ed73e,bb050aa041e8fc1c8391b908baeab529aaf2e9944d5f35b07af661349176adce,pinned_primary,portwatch_chokepoints_snapshot,data/raw/portwatch/Daily_Chokepoints_Data.csv,66f3a54afb042103f3e0afc9670568cb7be245394ec04eba55ebd158593f579d,pinned_primary_reference,seasonal_naive_7d,deterministic_daily_point,2026-05-07,1.0,55.0,,,54.0,3873.0
portwatch_two_vintage_four_specification_matrix_v1,297908c214a0afab30a377854585cb1788922334c3bba976f8e2a1141c6ed73e,bb050aa041e8fc1c8391b908baeab529aaf2e9944d5f35b07af661349176adce,pinned_primary,portwatch_chokepoints_snapshot,data/raw/portwatch/Daily_Chokepoints_Data.csv,66f3a54afb042103f3e0afc9670568cb7be245394ec04eba55ebd158593f579d,pinned_primary_reference,seasonal_naive_7d,deterministic_daily_point,2026-05-08,1.0,35.0,,,34.0,3907.0
portwatch_two_vintage_four_specification_matrix_v1,297908c214a0afab30a377854585cb1788922334c3bba976f8e2a1141c6ed73e,bb050aa041e8fc1c8391b908baeab529aaf2e9944d5f35b07af661349176adce,pinned_primary,portwatch_chokepoints_snapshot,data/raw/portwatch/Daily_Chokepoints_Data.csv,66f3a54afb042103f3e0afc9670568cb7be245394ec04eba55ebd158593f579d,pinned_primary_reference,seasonal_naive_7d,deterministic_daily_point,2026-05-09,2.0,67.0,,,65.0,3972.0
portwatch_two_vintage_four_specification_matrix_v1,297908c214a0afab30a377854585cb1788922334c3bba976f8e2a1141c6ed73e,bb050aa041e8fc1c8391b908baeab529aaf2e9944d5f35b07af661349176adce,pinned_primary,portwatch_chokepoints_snapshot,data/raw/portwatch/Daily_Chokepoints_Data.csv,66f3a54afb042103f3e0afc9670568cb7be245394ec04eba55ebd158593f579d,pinned_primary_reference,seasonal_naive_7d,deterministic_daily_point,2026-05-10,3.0,83.0,,,80.0,4052.0
portwatch_two_vintage_four_specification_matrix_v1,297908c214a0afab30a377854585cb1788922334c3bba976f8e2a1141c6ed73e,bb050aa041e8fc1c8391b908baeab529aaf2e9944d5f35b07af661349176adce,pinned_primary,portwatch_chokepoints_snapshot,data/raw/portwatch/Daily_Chokepoints_Data.csv,66f3a54afb042103f3e0afc9670568cb7be245394ec04eba55ebd158593f579d,pinned_primary_reference,seasonal_naive_7d,deterministic_daily_point,2026-05-11,4.0,73.0,,,69.0,4121.0
portwatch_two_vintage_four_specification_matrix_v1,297908c214a0afab30a377854585cb1788922334c3bba976f8e2a1141c6ed73e,bb050aa041e8fc1c8391b908baeab529aaf2e9944d5f35b07af661349176adce,pinned_primary,portwatch_chokepoints_snapshot,data/raw/portwatch/Daily_Chokepoints_Data.csv,66f3a54afb042103f3e0afc9670568cb7be245394ec04eba55ebd158593f579d,pinned_primary_reference,seasonal_naive_7d,deterministic_daily_point,2026-05-12,1.0,32.0,,,31.0,4152.0
portwatch_two_vintage_four_specification_matrix_v1,297908c214a0afab30a377854585cb1788922334c3bba976f8e2a1141c6ed73e,bb050aa041e8fc1c8391b908baeab529aaf2e9944d5f35b07af661349176adce,pinned_primary,portwatch_chokepoints_snapshot,data/raw/portwatch/Daily_Chokepoints_Data.csv,66f3a54afb042103f3e0afc9670568cb7be245394ec04eba55ebd158593f579d,pinned_primary_reference,seasonal_naive_7d,deterministic_daily_point,2026-05-13,2.0,66.0,,,64.0,4216.0
portwatch_two_vintage_four_specification_matrix_v1,297908c214a0afab30a377854585cb1788922334c3bba976f8e2a1141c6ed73e,bb050aa041e8fc1c8391b908baeab529aaf2e9944d5f35b07af661349176adce,pinned_primary,portwatch_chokepoints_snapshot,data/raw/portwatch/Daily_Chokepoints_Data.csv,66f3a54afb042103f3e0afc9670568cb7be245394ec04eba55ebd158593f579d,pinned_primary_reference,seasonal_naive_7d,deterministic_daily_point,2026-05-14,4.0,55.0,,,51.0,4267.0
portwatch_two_vintage_four_specification_matrix_v1,297908c214a0afab30a377854585cb1788922334c3bba976f8e2a1141c6ed73e,bb050aa041e8fc1c8391b908baeab529aaf2e9944d5f35b07af661349176adce,pinned_primary,portwatch_chokepoints_snapshot,data/raw/portwatch/Daily_Chokepoints_Data.csv,66f3a54afb042103f3e0afc9670568cb7be245394ec04eba55ebd158593f579d,pinned_primary_reference,seasonal_naive_7d,deterministic_daily_point,2026-05-15,2.0,35.0,,,33.0,4300.0
portwatch_two_vintage_four_specification_matrix_v1,297908c214a0afab30a377854585cb1788922334c3bba976f8e2a1141c6ed73e,bb050aa041e8fc1c8391b908baeab529aaf2e9944d5f35b07af661349176adce,pinned_primary,portwatch_chokepoints_snapshot,data/raw/portwatch/Daily_Chokepoints_Data.csv,66f3a54afb042103f3e0afc9670568cb7be245394ec04eba55ebd158593f579d,pinned_primary_reference,seasonal_naive_7d,deterministic_daily_point,2026-05-16,2.0,67.0,,,65.0,4365.0
portwatch_two_vintage_four_specification_matrix_v1,297908c214a0afab30a377854585cb1788922334c3bba976f8e2a1141c6ed73e,bb050aa041e8fc1c8391b908baeab529aaf2e9944d5f35b07af661349176adce,pinned_primary,portwatch_chokepoints_snapshot,data/raw/portwatch/Daily_Chokepoints_Data.csv,66f3a54afb042103f3e0afc9670568cb7be245394ec04eba55ebd158593f579d,pinned_primary_reference,seasonal_naive_7d,deterministic_daily_point,2026-05-17,2.0,83.0,,,81.0,4446.0
portwatch_two_vintage_four_specification_matrix_v1,297908c214a0afab30a377854585cb1788922334c3bba976f8e2a1141c6ed73e,bb050aa041e8fc1c8391b908baeab529aaf2e9944d5f35b07af661349176adce,pinned_primary,portwatch_chokepoints_snapshot,data/raw/portwatch/Daily_Chokepoints_Data.csv,66f3a54afb042103f3e0afc9670568cb7be245394ec04eba55ebd158593f579d,pinned_primary_reference,seasonal_naive_7d,deterministic_daily_point,2026-05-18,1.0,73.0,,,72.0,4518.0
portwatch_two_vintage_four_specification_matrix_v1,297908c214a0afab30a377854585cb1788922334c3bba976f8e2a1141c6ed73e,bb050aa041e8fc1c8391b908baeab529aaf2e9944d5f35b07af661349176adce,pinned_primary,portwatch_chokepoints_snapshot,data/raw/portwatch/Daily_Chokepoints_Data.csv,66f3a54afb042103f3e0afc9670568cb7be245394ec04eba55ebd158593f579d,pinned_primary_reference,seasonal_naive_7d,deterministic_daily_point,2026-05-19,3.0,32.0,,,29.0,4547.0
portwatch_two_vintage_four_specification_matrix_v1,297908c214a0afab30a377854585cb1788922334c3bba976f8e2a1141c6ed73e,bb050aa041e8fc1c8391b908baeab529aaf2e9944d5f35b07af661349176adce,pinned_primary,portwatch_chokepoints_snapshot,data/raw/portwatch/Daily_Chokepoints_Data.csv,66f3a54afb042103f3e0afc9670568cb7be245394ec04eba55ebd158593f579d,pinned_primary_reference,seasonal_naive_7d,deterministic_daily_point,2026-05-20,5.0,66.0,,,61.0,4608.0
portwatch_two_vintage_four_specification_matrix_v1,297908c214a0afab30a377854585cb1788922334c3bba976f8e2a1141c6ed73e,bb050aa041e8fc1c8391b908baeab529aaf2e9944d5f35b07af661349176adce,pinned_primary,portwatch_chokepoints_snapshot,data/raw/portwatch/Daily_Chokepoints_Data.csv,66f3a54afb042103f3e0afc9670568cb7be245394ec04eba55ebd158593f579d,pinned_primary_reference,seasonal_naive_7d,deterministic_daily_point,2026-05-21,2.0,55.0,,,53.0,4661.0
portwatch_two_vintage_four_specification_matrix_v1,297908c214a0afab30a377854585cb1788922334c3bba976f8e2a1141c6ed73e,bb050aa041e8fc1c8391b908baeab529aaf2e9944d5f35b07af661349176adce,pinned_primary,portwatch_chokepoints_snapshot,data/raw/portwatch/Daily_Chokepoints_Data.csv,66f3a54afb042103f3e0afc9670568cb7be245394ec04eba55ebd158593f579d,pinned_primary_reference,seasonal_naive_7d,deterministic_daily_point,2026-05-22,0.0,35.0,,,35.0,4696.0
portwatch_two_vintage_four_specification_matrix_v1,297908c214a0afab30a377854585cb1788922334c3bba976f8e2a1141c6ed73e,bb050aa041e8fc1c8391b908baeab529aaf2e9944d5f35b07af661349176adce,pinned_primary,portwatch_chokepoints_snapshot,data/raw/portwatch/Daily_Chokepoints_Data.csv,66f3a54afb042103f3e0afc9670568cb7be245394ec04eba55ebd158593f579d,pinned_primary_reference,seasonal_naive_7d,deterministic_daily_point,2026-05-23,1.0,67.0,,,66.0,4762.0
portwatch_two_vintage_four_specification_matrix_v1,297908c214a0afab30a377854585cb1788922334c3bba976f8e2a1141c6ed73e,bb050aa041e8fc1c8391b908baeab529aaf2e9944d5f35b07af661349176adce,pinned_primary,portwatch_chokepoints_snapshot,data/raw/portwatch/Daily_Chokepoints_Data.csv,66f3a54afb042103f3e0afc9670568cb7be245394ec04eba55ebd158593f579d,pinned_primary_reference,seasonal_naive_7d,deterministic_daily_point,2026-05-24,2.0,83.0,,,81.0,4843.0
portwatch_two_vintage_four_specification_matrix_v1,297908c214a0afab30a377854585cb1788922334c3bba976f8e2a1141c6ed73e,bb050aa041e8fc1c8391b908baeab529aaf2e9944d5f35b07af661349176adce,pinned_primary,portwatch_chokepoints_snapshot,data/raw/portwatch/Daily_Chokepoints_Data.csv,66f3a54afb042103f3e0afc9670568cb7be245394ec04eba55ebd158593f579d,pinned_primary_reference,seasonal_naive_7d,deterministic_daily_point,2026-05-25,0.0,73.0,,,73.0,4916.0
portwatch_two_vintage_four_specification_matrix_v1,297908c214a0afab30a377854585cb1788922334c3bba976f8e2a1141c6ed73e,bb050aa041e8fc1c8391b908baeab529aaf2e9944d5f35b07af661349176adce,pinned_primary,portwatch_chokepoints_snapshot,data/raw/portwatch/Daily_Chokepoints_Data.csv,66f3a54afb042103f3e0afc9670568cb7be245394ec04eba55ebd158593f579d,pinned_primary_reference,seasonal_naive_7d,deterministic_daily_point,2026-05-26,2.0,32.0,,,30.0,4946.0
portwatch_two_vintage_four_specification_matrix_v1,297908c214a0afab30a377854585cb1788922334c3bba976f8e2a1141c6ed73e,bb050aa041e8fc1c8391b908baeab529aaf2e9944d5f35b07af661349176adce,pinned_primary,portwatch_chokepoints_snapshot,data/raw/portwatch/Daily_Chokepoints_Data.csv,66f3a54afb042103f3e0afc9670568cb7be245394ec04eba55ebd158593f579d,pinned_primary_reference,seasonal_naive_7d,deterministic_daily_point,2026-05-27,2.0,66.0,,,64.0,5010.0
portwatch_two_vintage_four_specification_matrix_v1,297908c214a0afab30a377854585cb1788922334c3bba976f8e2a1141c6ed73e,bb050aa041e8fc1c8391b908baeab529aaf2e9944d5f35b07af661349176adce,pinned_primary,portwatch_chokepoints_snapshot,data/raw/portwatch/Daily_Chokepoints_Data.csv,66f3a54afb042103f3e0afc9670568cb7be245394ec04eba55ebd158593f579d,pinned_primary_reference,seasonal_naive_7d,deterministic_daily_point,2026-05-28,0.0,55.0,,,55.0,5065.0
portwatch_two_vintage_four_specification_matrix_v1,297908c214a0afab30a377854585cb1788922334c3bba976f8e2a1141c6ed73e,bb050aa041e8fc1c8391b908baeab529aaf2e9944d5f35b07af661349176adce,pinned_primary,portwatch_chokepoints_snapshot,data/raw/portwatch/Daily_Chokepoints_Data.csv,66f3a54afb042103f3e0afc9670568cb7be245394ec04eba55ebd158593f579d,pinned_primary_reference,seasonal_naive_7d,deterministic_daily_point,2026-05-29,0.0,35.0,,,35.0,5100.0
portwatch_two_vintage_four_specification_matrix_v1,297908c214a0afab30a377854585cb1788922334c3bba976f8e2a1141c6ed73e,bb050aa041e8fc1c8391b908baeab529aaf2e9944d5f35b07af661349176adce,pinned_primary,portwatch_chokepoints_snapshot,data/raw/portwatch/Daily_Chokepoints_Data.csv,66f3a54afb042103f3e0afc9670568cb7be245394ec04eba55ebd158593f579d,pinned_primary_reference,seasonal_naive_7d,deterministic_daily_point,2026-05-30,1.0,67.0,,,66.0,5166.0
portwatch_two_vintage_four_specification_matrix_v1,297908c214a0afab30a377854585cb1788922334c3bba976f8e2a1141c6ed73e,bb050aa041e8fc1c8391b908baeab529aaf2e9944d5f35b07af661349176adce,pinned_primary,portwatch_chokepoints_snapshot,data/raw/portwatch/Daily_Chokepoints_Data.csv,66f3a54afb042103f3e0afc9670568cb7be245394ec04eba55ebd158593f579d,pinned_primary_reference,seasonal_naive_7d,deterministic_daily_point,2026-05-31,0.0,83.0,,,83.0,5249.0
portwatch_two_vintage_four_specification_matrix_v1,297908c214a0afab30a377854585cb1788922334c3bba976f8e2a1141c6ed73e,bb050aa041e8fc1c8391b908baeab529aaf2e9944d5f35b07af661349176adce,pinned_primary,portwatch_chokepoints_snapshot,data/raw/portwatch/Daily_Chokepoints_Data.csv,66f3a54afb042103f3e0afc9670568cb7be245394ec04eba55ebd158593f579d,pinned_primary_reference,seasonal_naive_7d,deterministic_daily_point,2026-06-01,2.0,73.0,,,71.0,5320.0
portwatch_two_vintage_four_specification_matrix_v1,297908c214a0afab30a377854585cb1788922334c3bba976f8e2a1141c6ed73e,bb050aa041e8fc1c8391b908baeab529aaf2e9944d5f35b07af661349176adce,pinned_primary,portwatch_chokepoints_snapshot,data/raw/portwatch/Daily_Chokepoints_Data.csv,66f3a54afb042103f3e0afc9670568cb7be245394ec04eba55ebd158593f579d,pinned_primary_reference,seasonal_naive_7d,deterministic_daily_point,2026-06-02,4.0,32.0,,,28.0,5348.0
portwatch_two_vintage_four_specification_matrix_v1,297908c214a0afab30a377854585cb1788922334c3bba976f8e2a1141c6ed73e,bb050aa041e8fc1c8391b908baeab529aaf2e9944d5f35b07af661349176adce,pinned_primary,portwatch_chokepoints_snapshot,data/raw/portwatch/Daily_Chokepoints_Data.csv,66f3a54afb042103f3e0afc9670568cb7be245394ec04eba55ebd158593f579d,pinned_primary_reference,seasonal_naive_7d,deterministic_daily_point,2026-06-03,4.0,66.0,,,62.0,5410.0
portwatch_two_vintage_four_specification_matrix_v1,297908c214a0afab30a377854585cb1788922334c3bba976f8e2a1141c6ed73e,bb050aa041e8fc1c8391b908baeab529aaf2e9944d5f35b07af661349176adce,pinned_primary,portwatch_chokepoints_snapshot,data/raw/portwatch/Daily_Chokepoints_Data.csv,66f3a54afb042103f3e0afc9670568cb7be245394ec04eba55ebd158593f579d,pinned_primary_reference,seasonal_naive_7d,deterministic_daily_point,2026-06-04,2.0,55.0,,,53.0,5463.0
portwatch_two_vintage_four_specification_matrix_v1,297908c214a0afab30a377854585cb1788922334c3bba976f8e2a1141c6ed73e,bb050aa041e8fc1c8391b908baeab529aaf2e9944d5f35b07af661349176adce,pinned_primary,portwatch_chokepoints_snapshot,data/raw/portwatch/Daily_Chokepoints_Data.csv,66f3a54afb042103f3e0afc9670568cb7be245394ec04eba55ebd158593f579d,pinned_primary_reference,seasonal_naive_7d,deterministic_daily_point,2026-06-05,0.0,35.0,,,35.0,5498.0
portwatch_two_vintage_four_specification_matrix_v1,297908c214a0afab30a377854585cb1788922334c3bba976f8e2a1141c6ed73e,bb050aa041e8fc1c8391b908baeab529aaf2e9944d5f35b07af661349176adce,pinned_primary,portwatch_chokepoints_snapshot,data/raw/portwatch/Daily_Chokepoints_Data.csv,66f3a54afb042103f3e0afc9670568cb7be245394ec04eba55ebd158593f579d,pinned_primary_reference,seasonal_naive_7d,deterministic_daily_point,2026-06-06,0.0,67.0,,,67.0,5565.0
portwatch_two_vintage_four_specification_matrix_v1,297908c214a0afab30a377854585cb1788922334c3bba976f8e2a1141c6ed73e,bb050aa041e8fc1c8391b908baeab529aaf2e9944d5f35b07af661349176adce,pinned_primary,portwatch_chokepoints_snapshot,data/raw/portwatch/Daily_Chokepoints_Data.csv,66f3a54afb042103f3e0afc9670568cb7be245394ec04eba55ebd158593f579d,pinned_primary_reference,seasonal_naive_7d,deterministic_daily_point,2026-06-07,1.0,83.0,,,82.0,5647.0
portwatch_two_vintage_four_specification_matrix_v1,297908c214a0afab30a377854585cb1788922334c3bba976f8e2a1141c6ed73e,bb050aa041e8fc1c8391b908baeab529aaf2e9944d5f35b07af661349176adce,pinned_primary,portwatch_chokepoints_snapshot,data/raw/portwatch/Daily_Chokepoints_Data.csv,66f3a54afb042103f3e0afc9670568cb7be245394ec04eba55ebd158593f579d,pinned_primary_reference,seasonal_naive_7d,deterministic_daily_point,2026-06-08,2.0,73.0,,,71.0,5718.0
portwatch_two_vintage_four_specification_matrix_v1,297908c214a0afab30a377854585cb1788922334c3bba976f8e2a1141c6ed73e,bb050aa041e8fc1c8391b908baeab529aaf2e9944d5f35b07af661349176adce,pinned_primary,portwatch_chokepoints_snapshot,data/raw/portwatch/Daily_Chokepoints_Data.csv,66f3a54afb042103f3e0afc9670568cb7be245394ec04eba55ebd158593f579d,pinned_primary_reference,seasonal_naive_7d,deterministic_daily_point,2026-06-09,2.0,32.0,,,30.0,5748.0
portwatch_two_vintage_four_specification_matrix_v1,297908c214a0afab30a377854585cb1788922334c3bba976f8e2a1141c6ed73e,bb050aa041e8fc1c8391b908baeab529aaf2e9944d5f35b07af661349176adce,pinned_primary,portwatch_chokepoints_snapshot,data/raw/portwatch/Daily_Chokepoints_Data.csv,66f3a54afb042103f3e0afc9670568cb7be245394ec04eba55ebd158593f579d,pinned_primary_reference,seasonal_naive_7d,deterministic_daily_point,2026-06-10,1.0,66.0,,,65.0,5813.0
portwatch_two_vintage_four_specification_matrix_v1,297908c214a0afab30a377854585cb1788922334c3bba976f8e2a1141c6ed73e,bb050aa041e8fc1c8391b908baeab529aaf2e9944d5f35b07af661349176adce,pinned_primary,portwatch_chokepoints_snapshot,data/raw/portwatch/Daily_Chokepoints_Data.csv,66f3a54afb042103f3e0afc9670568cb7be245394ec04eba55ebd158593f579d,pinned_primary_reference,seasonal_naive_7d,deterministic_daily_point,2026-06-11,2.0,55.0,,,53.0,5866.0
portwatch_two_vintage_four_specification_matrix_v1,297908c214a0afab30a377854585cb1788922334c3bba976f8e2a1141c6ed73e,bb050aa041e8fc1c8391b908baeab529aaf2e9944d5f35b07af661349176adce,pinned_primary,portwatch_chokepoints_snapshot,data/raw/portwatch/Daily_Chokepoints_Data.csv,66f3a54afb042103f3e0afc9670568cb7be245394ec04eba55ebd158593f579d,pinned_primary_reference,seasonal_naive_7d,deterministic_daily_point,2026-06-12,1.0,35.0,,,34.0,5900.0
portwatch_two_vintage_four_specification_matrix_v1,297908c214a0afab30a377854585cb1788922334c3bba976f8e2a1141c6ed73e,bb050aa041e8fc1c8391b908baeab529aaf2e9944d5f35b07af661349176adce,pinned_primary,portwatch_chokepoints_snapshot,data/raw/portwatch/Daily_Chokepoints_Data.csv,66f3a54afb042103f3e0afc9670568cb7be245394ec04eba55ebd158593f579d,pinned_primary_reference,seasonal_naive_7d,deterministic_daily_point,2026-06-13,0.0,67.0,,,67.0,5967.0
portwatch_two_vintage_four_specification_matrix_v1,297908c214a0afab30a377854585cb1788922334c3bba976f8e2a1141c6ed73e,bb050aa041e8fc1c8391b908baeab529aaf2e9944d5f35b07af661349176adce,pinned_primary,portwatch_chokepoints_snapshot,data/raw/portwatch/Daily_Chokepoints_Data.csv,66f3a54afb042103f3e0afc9670568cb7be245394ec04eba55ebd158593f579d,pinned_primary_reference,seasonal_naive_7d,deterministic_daily_point,2026-06-14,0.0,83.0,,,83.0,6050.0
portwatch_two_vintage_four_specification_matrix_v1,297908c214a0afab30a377854585cb1788922334c3bba976f8e2a1141c6ed73e,bb050aa041e8fc1c8391b908baeab529aaf2e9944d5f35b07af661349176adce,pinned_primary,portwatch_chokepoints_snapshot,data/raw/portwatch/Daily_Chokepoints_Data.csv,66f3a54afb042103f3e0afc9670568cb7be245394ec04eba55ebd158593f579d,pinned_primary_reference,seasonal_naive_7d,deterministic_daily_point,2026-06-15,1.0,73.0,,,72.0,6122.0
portwatch_two_vintage_four_specification_matrix_v1,297908c214a0afab30a377854585cb1788922334c3bba976f8e2a1141c6ed73e,bb050aa041e8fc1c8391b908baeab529aaf2e9944d5f35b07af661349176adce,pinned_primary,portwatch_chokepoints_snapshot,data/raw/portwatch/Daily_Chokepoints_Data.csv,66f3a54afb042103f3e0afc9670568cb7be245394ec04eba55ebd158593f579d,pinned_primary_reference,seasonal_naive_7d,deterministic_daily_point,2026-06-16,2.0,32.0,,,30.0,6152.0
portwatch_two_vintage_four_specification_matrix_v1,297908c214a0afab30a377854585cb1788922334c3bba976f8e2a1141c6ed73e,bb050aa041e8fc1c8391b908baeab529aaf2e9944d5f35b07af661349176adce,pinned_primary,portwatch_chokepoints_snapshot,data/raw/portwatch/Daily_Chokepoints_Data.csv,66f3a54afb042103f3e0afc9670568cb7be245394ec04eba55ebd158593f579d,pinned_primary_reference,seasonal_naive_7d,deterministic_daily_point,2026-06-17,1.0,66.0,,,65.0,6217.0
portwatch_two_vintage_four_specification_matrix_v1,297908c214a0afab30a377854585cb1788922334c3bba976f8e2a1141c6ed73e,bb050aa041e8fc1c8391b908baeab529aaf2e9944d5f35b07af661349176adce,pinned_primary,portwatch_chokepoints_snapshot,data/raw/portwatch/Daily_Chokepoints_Data.csv,66f3a54afb042103f3e0afc9670568cb7be245394ec04eba55ebd158593f579d,pinned_primary_reference,seasonal_naive_7d,deterministic_daily_point,2026-06-18,11.0,55.0,,,44.0,6261.0
portwatch_two_vintage_four_specification_matrix_v1,297908c214a0afab30a377854585cb1788922334c3bba976f8e2a1141c6ed73e,bb050aa041e8fc1c8391b908baeab529aaf2e9944d5f35b07af661349176adce,pinned_primary,portwatch_chokepoints_snapshot,data/raw/portwatch/Daily_Chokepoints_Data.csv,66f3a54afb042103f3e0afc9670568cb7be245394ec04eba55ebd158593f579d,pinned_primary_reference,seasonal_naive_7d,deterministic_daily_point,2026-06-19,5.0,35.0,,,30.0,6291.0
portwatch_two_vintage_four_specification_matrix_v1,297908c214a0afab30a377854585cb1788922334c3bba976f8e2a1141c6ed73e,bb050aa041e8fc1c8391b908baeab529aaf2e9944d5f35b07af661349176adce,pinned_primary,portwatch_chokepoints_snapshot,data/raw/portwatch/Daily_Chokepoints_Data.csv,66f3a54afb042103f3e0afc9670568cb7be245394ec04eba55ebd158593f579d,pinned_primary_reference,seasonal_naive_7d,deterministic_daily_point,2026-06-20,12.0,67.0,,,55.0,6346.0
portwatch_two_vintage_four_specification_matrix_v1,297908c214a0afab30a377854585cb1788922334c3bba976f8e2a1141c6ed73e,bb050aa041e8fc1c8391b908baeab529aaf2e9944d5f35b07af661349176adce,pinned_primary,portwatch_chokepoints_snapshot,data/raw/portwatch/Daily_Chokepoints_Data.csv,66f3a54afb042103f3e0afc9670568cb7be245394ec04eba55ebd158593f579d,pinned_primary_reference,seasonal_naive_7d,deterministic_daily_point,2026-06-21,1.0,83.0,,,82.0,6428.0
portwatch_two_vintage_four_specification_matrix_v1,297908c214a0afab30a377854585cb1788922334c3bba976f8e2a1141c6ed73e,bb050aa041e8fc1c8391b908baeab529aaf2e9944d5f35b07af661349176adce,pinned_primary,portwatch_chokepoints_snapshot,data/raw/portwatch/Daily_Chokepoints_Data.csv,66f3a54afb042103f3e0afc9670568cb7be245394ec04eba55ebd158593f579d,pinned_primary_reference,seasonal_naive_7d,deterministic_daily_point,2026-06-22,9.0,73.0,,,64.0,6492.0
portwatch_two_vintage_four_specification_matrix_v1,297908c214a0afab30a377854585cb1788922334c3bba976f8e2a1141c6ed73e,bb050aa041e8fc1c8391b908baeab529aaf2e9944d5f35b07af661349176adce,pinned_primary,portwatch_chokepoints_snapshot,data/raw/portwatch/Daily_Chokepoints_Data.csv,66f3a54afb042103f3e0afc9670568cb7be245394ec04eba55ebd158593f579d,pinned_primary_reference,seasonal_naive_7d,deterministic_daily_point,2026-06-23,5.0,32.0,,,27.0,6519.0
portwatch_two_vintage_four_specification_matrix_v1,297908c214a0afab30a377854585cb1788922334c3bba976f8e2a1141c6ed73e,bb050aa041e8fc1c8391b908baeab529aaf2e9944d5f35b07af661349176adce,pinned_primary,portwatch_chokepoints_snapshot,data/raw/portwatch/Daily_Chokepoints_Data.csv,66f3a54afb042103f3e0afc9670568cb7be245394ec04eba55ebd158593f579d,pinned_primary_reference,seasonal_naive_7d,deterministic_daily_point,2026-06-24,21.0,66.0,,,45.0,6564.0
portwatch_two_vintage_four_specification_matrix_v1,297908c214a0afab30a377854585cb1788922334c3bba976f8e2a1141c6ed73e,bb050aa041e8fc1c8391b908baeab529aaf2e9944d5f35b07af661349176adce,pinned_primary,portwatch_chokepoints_snapshot,data/raw/portwatch/Daily_Chokepoints_Data.csv,66f3a54afb042103f3e0afc9670568cb7be245394ec04eba55ebd158593f579d,pinned_primary_reference,seasonal_naive_7d,deterministic_daily_point,2026-06-25,23.0,55.0,,,32.0,6596.0
portwatch_two_vintage_four_specification_matrix_v1,297908c214a0afab30a377854585cb1788922334c3bba976f8e2a1141c6ed73e,bb050aa041e8fc1c8391b908baeab529aaf2e9944d5f35b07af661349176adce,pinned_primary,portwatch_chokepoints_snapshot,data/raw/portwatch/Daily_Chokepoints_Data.csv,66f3a54afb042103f3e0afc9670568cb7be245394ec04eba55ebd158593f579d,pinned_primary_reference,seasonal_naive_7d,deterministic_daily_point,2026-06-26,19.0,35.0,,,16.0,6612.0
portwatch_two_vintage_four_specification_matrix_v1,297908c214a0afab30a377854585cb1788922334c3bba976f8e2a1141c6ed73e,bb050aa041e8fc1c8391b908baeab529aaf2e9944d5f35b07af661349176adce,pinned_primary,portwatch_chokepoints_snapshot,data/raw/portwatch/Daily_Chokepoints_Data.csv,66f3a54afb042103f3e0afc9670568cb7be245394ec04eba55ebd158593f579d,pinned_primary_reference,seasonal_naive_7d,deterministic_daily_point,2026-06-27,9.0,67.0,,,58.0,6670.0
portwatch_two_vintage_four_specification_matrix_v1,297908c214a0afab30a377854585cb1788922334c3bba976f8e2a1141c6ed73e,bb050aa041e8fc1c8391b908baeab529aaf2e9944d5f35b07af661349176adce,pinned_primary,portwatch_chokepoints_snapshot,data/raw/portwatch/Daily_Chokepoints_Data.csv,66f3a54afb042103f3e0afc9670568cb7be245394ec04eba55ebd158593f579d,pinned_primary_reference,seasonal_naive_7d,deterministic_daily_point,2026-06-28,11.0,83.0,,,72.0,6742.0
portwatch_two_vintage_four_specification_matrix_v1,297908c214a0afab30a377854585cb1788922334c3bba976f8e2a1141c6ed73e,bb050aa041e8fc1c8391b908baeab529aaf2e9944d5f35b07af661349176adce,pinned_primary,portwatch_chokepoints_snapshot,data/raw/portwatch/Daily_Chokepoints_Data.csv,66f3a54afb042103f3e0afc9670568cb7be245394ec04eba55ebd158593f579d,pinned_primary_reference,seasonal_naive_7d,deterministic_daily_point,2026-06-29,13.0,73.0,,,60.0,6802.0
portwatch_two_vintage_four_specification_matrix_v1,297908c214a0afab30a377854585cb1788922334c3bba976f8e2a1141c6ed73e,bb050aa041e8fc1c8391b908baeab529aaf2e9944d5f35b07af661349176adce,pinned_primary,portwatch_chokepoints_snapshot,data/raw/portwatch/Daily_Chokepoints_Data.csv,66f3a54afb042103f3e0afc9670568cb7be245394ec04eba55ebd158593f579d,pinned_primary_reference,seasonal_naive_7d,deterministic_daily_point,2026-06-30,6.0,32.0,,,26.0,6828.0
portwatch_two_vintage_four_specification_matrix_v1,297908c214a0afab30a377854585cb1788922334c3bba976f8e2a1141c6ed73e,bb050aa041e8fc1c8391b908baeab529aaf2e9944d5f35b07af661349176adce,pinned_primary,portwatch_chokepoints_snapshot,data/raw/portwatch/Daily_Chokepoints_Data.csv,66f3a54afb042103f3e0afc9670568cb7be245394ec04eba55ebd158593f579d,pinned_primary_reference,seasonal_naive_7d,deterministic_daily_point,2026-07-01,23.0,66.0,,,43.0,6871.0
portwatch_two_vintage_four_specification_matrix_v1,297908c214a0afab30a377854585cb1788922334c3bba976f8e2a1141c6ed73e,bb050aa041e8fc1c8391b908baeab529aaf2e9944d5f35b07af661349176adce,pinned_primary,portwatch_chokepoints_snapshot,data/raw/portwatch/Daily_Chokepoints_Data.csv,66f3a54afb042103f3e0afc9670568cb7be245394ec04eba55ebd158593f579d,pinned_primary_reference,seasonal_naive_7d,deterministic_daily_point,2026-07-02,18.0,55.0,,,37.0,6908.0
portwatch_two_vintage_four_specification_matrix_v1,297908c214a0afab30a377854585cb1788922334c3bba976f8e2a1141c6ed73e,bb050aa041e8fc1c8391b908baeab529aaf2e9944d5f35b07af661349176adce,pinned_primary,portwatch_chokepoints_snapshot,data/raw/portwatch/Daily_Chokepoints_Data.csv,66f3a54afb042103f3e0afc9670568cb7be245394ec04eba55ebd158593f579d,pinned_primary_reference,seasonal_naive_7d,deterministic_daily_point,2026-07-03,21.0,35.0,,,14.0,6922.0
portwatch_two_vintage_four_specification_matrix_v1,297908c214a0afab30a377854585cb1788922334c3bba976f8e2a1141c6ed73e,bb050aa041e8fc1c8391b908baeab529aaf2e9944d5f35b07af661349176adce,pinned_primary,portwatch_chokepoints_snapshot,data/raw/portwatch/Daily_Chokepoints_Data.csv,66f3a54afb042103f3e0afc9670568cb7be245394ec04eba55ebd158593f579d,pinned_primary_reference,seasonal_naive_7d,deterministic_daily_point,2026-07-04,11.0,67.0,,,56.0,6978.0
portwatch_two_vintage_four_specification_matrix_v1,297908c214a0afab30a377854585cb1788922334c3bba976f8e2a1141c6ed73e,bb050aa041e8fc1c8391b908baeab529aaf2e9944d5f35b07af661349176adce,pinned_primary,portwatch_chokepoints_snapshot,data/raw/portwatch/Daily_Chokepoints_Data.csv,66f3a54afb042103f3e0afc9670568cb7be245394ec04eba55ebd158593f579d,pinned_primary_reference,seasonal_naive_7d,deterministic_daily_point,2026-07-05,16.0,83.0,,,67.0,7045.0
portwatch_two_vintage_four_specification_matrix_v1,297908c214a0afab30a377854585cb1788922334c3bba976f8e2a1141c6ed73e,bb050aa041e8fc1c8391b908baeab529aaf2e9944d5f35b07af661349176adce,pinned_primary,portwatch_chokepoints_snapshot,data/raw/portwatch/Daily_Chokepoints_Data.csv,66f3a54afb042103f3e0afc9670568cb7be245394ec04eba55ebd158593f579d,pinned_primary_reference,seasonal_naive_7d,deterministic_daily_point,2026-07-06,14.0,73.0,,,59.0,7104.0
portwatch_two_vintage_four_specification_matrix_v1,297908c214a0afab30a377854585cb1788922334c3bba976f8e2a1141c6ed73e,bb050aa041e8fc1c8391b908baeab529aaf2e9944d5f35b07af661349176adce,pinned_primary,portwatch_chokepoints_snapshot,data/raw/portwatch/Daily_Chokepoints_Data.csv,66f3a54afb042103f3e0afc9670568cb7be245394ec04eba55ebd158593f579d,pinned_primary_reference,seasonal_naive_7d,deterministic_daily_point,2026-07-07,12.0,32.0,,,20.0,7124.0
portwatch_two_vintage_four_specification_matrix_v1,297908c214a0afab30a377854585cb1788922334c3bba976f8e2a1141c6ed73e,bb050aa041e8fc1c8391b908baeab529aaf2e9944d5f35b07af661349176adce,pinned_primary,portwatch_chokepoints_snapshot,data/raw/portwatch/Daily_Chokepoints_Data.csv,66f3a54afb042103f3e0afc9670568cb7be245394ec04eba55ebd158593f579d,pinned_primary_reference,ar_lag1_7,deterministic_daily_point,2026-02-28,35.0,48.609703179579625,,,13.609703179579625,13.609703179579625
portwatch_two_vintage_four_specification_matrix_v1,297908c214a0afab30a377854585cb1788922334c3bba976f8e2a1141c6ed73e,bb050aa041e8fc1c8391b908baeab529aaf2e9944d5f35b07af661349176adce,pinned_primary,portwatch_chokepoints_snapshot,data/raw/portwatch/Daily_Chokepoints_Data.csv,66f3a54afb042103f3e0afc9670568cb7be245394ec04eba55ebd158593f579d,pinned_primary_reference,ar_lag1_7,deterministic_daily_point,2026-03-01,10.0,57.71054019685415,,,47.71054019685415,61.32024337643377
portwatch_two_vintage_four_specification_matrix_v1,297908c214a0afab30a377854585cb1788922334c3bba976f8e2a1141c6ed73e,bb050aa041e8fc1c8391b908baeab529aaf2e9944d5f35b07af661349176adce,pinned_primary,portwatch_chokepoints_snapshot,data/raw/portwatch/Daily_Chokepoints_Data.csv,66f3a54afb042103f3e0afc9670568cb7be245394ec04eba55ebd158593f579d,pinned_primary_reference,ar_lag1_7,deterministic_daily_point,2026-03-02,2.0,59.91792022875075,,,57.91792022875075,119.23816360518452
portwatch_two_vintage_four_specification_matrix_v1,297908c214a0afab30a377854585cb1788922334c3bba976f8e2a1141c6ed73e,bb050aa041e8fc1c8391b908baeab529aaf2e9944d5f35b07af661349176adce,pinned_primary,portwatch_chokepoints_snapshot,data/raw/portwatch/Daily_Chokepoints_Data.csv,66f3a54afb042103f3e0afc9670568cb7be245394ec04eba55ebd158593f579d,pinned_primary_reference,ar_lag1_7,deterministic_daily_point,2026-03-03,2.0,53.545210768238306,,,51.545210768238306,170.78337437342282
portwatch_two_vintage_four_specification_matrix_v1,297908c214a0afab30a377854585cb1788922334c3bba976f8e2a1141c6ed73e,bb050aa041e8fc1c8391b908baeab529aaf2e9944d5f35b07af661349176adce,pinned_primary,portwatch_chokepoints_snapshot,data/raw/portwatch/Daily_Chokepoints_Data.csv,66f3a54afb042103f3e0afc9670568cb7be245394ec04eba55ebd158593f579d,pinned_primary_reference,ar_lag1_7,deterministic_daily_point,2026-03-04,0.0,56.540447983083,,,56.540447983083,227.32382235650581
portwatch_two_vintage_four_specification_matrix_v1,297908c214a0afab30a377854585cb1788922334c3bba976f8e2a1141c6ed73e,bb050aa041e8fc1c8391b908baeab529aaf2e9944d5f35b07af661349176adce,pinned_primary,portwatch_chokepoints_snapshot,data/raw/portwatch/Daily_Chokepoints_Data.csv,66f3a54afb042103f3e0afc9670568cb7be245394ec04eba55ebd158593f579d,pinned_primary_reference,ar_lag1_7,deterministic_daily_point,2026-03-05,1.0,56.49856104355179,,,55.49856104355179,282.8223834000576
portwatch_two_vintage_four_specification_matrix_v1,297908c214a0afab30a377854585cb1788922334c3bba976f8e2a1141c6ed73e,bb050aa041e8fc1c8391b908baeab529aaf2e9944d5f35b07af661349176adce,pinned_primary,portwatch_chokepoints_snapshot,data/raw/portwatch/Daily_Chokepoints_Data.csv,66f3a54afb042103f3e0afc9670568cb7be245394ec04eba55ebd158593f579d,pinned_primary_reference,ar_lag1_7,deterministic_daily_point,2026-03-06,0.0,53.37628871638427,,,53.37628871638427,336.1986721164419
portwatch_two_vintage_four_specification_matrix_v1,297908c214a0afab30a377854585cb1788922334c3bba976f8e2a1141c6ed73e,bb050aa041e8fc1c8391b908baeab529aaf2e9944d5f35b07af661349176adce,pinned_primary,portwatch_chokepoints_snapshot,data/raw/portwatch/Daily_Chokepoints_Data.csv,66f3a54afb042103f3e0afc9670568cb7be245394ec04eba55ebd158593f579d,pinned_primary_reference,ar_lag1_7,deterministic_daily_point,2026-03-07,0.0,54.31470539071187,,,54.31470539071187,390.5133775071538
portwatch_two_vintage_four_specification_matrix_v1,297908c214a0afab30a377854585cb1788922334c3bba976f8e2a1141c6ed73e,bb050aa041e8fc1c8391b908baeab529aaf2e9944d5f35b07af661349176adce,pinned_primary,portwatch_chokepoints_snapshot,data/raw/portwatch/Daily_Chokepoints_Data.csv,66f3a54afb042103f3e0afc9670568cb7be245394ec04eba55ebd158593f579d,pinned_primary_reference,ar_lag1_7,deterministic_daily_point,2026-03-08,0.0,56.051504463714366,,,56.051504463714366,446.56488197086816
portwatch_two_vintage_four_specification_matrix_v1,297908c214a0afab30a377854585cb1788922334c3bba976f8e2a1141c6ed73e,bb050aa041e8fc1c8391b908baeab529aaf2e9944d5f35b07af661349176adce,pinned_primary,portwatch_chokepoints_snapshot,data/raw/portwatch/Daily_Chokepoints_Data.csv,66f3a54afb042103f3e0afc9670568cb7be245394ec04eba55ebd158593f579d,pinned_primary_reference,ar_lag1_7,deterministic_daily_point,2026-03-09,0.0,56.82019241745776,,,56.82019241745776,503.3850743883259
portwatch_two_vintage_four_specification_matrix_v1,297908c214a0afab30a377854585cb1788922334c3bba976f8e2a1141c6ed73e,bb050aa041e8fc1c8391b908baeab529aaf2e9944d5f35b07af661349176adce,pinned_primary,portwatch_chokepoints_snapshot,data/raw/portwatch/Daily_Chokepoints_Data.csv,66f3a54afb042103f3e0afc9670568cb7be245394ec04eba55ebd158593f579d,pinned_primary_reference,ar_lag1_7,deterministic_daily_point,2026-03-10,1.0,55.814851733614795,,,54.814851733614795,558.1999261219407
portwatch_two_vintage_four_specification_matrix_v1,297908c214a0afab30a377854585cb1788922334c3bba976f8e2a1141c6ed73e,bb050aa041e8fc1c8391b908baeab529aaf2e9944d5f35b07af661349176adce,pinned_primary,portwatch_chokepoints_snapshot,data/raw/portwatch/Daily_Chokepoints_Data.csv,66f3a54afb042103f3e0afc9670568cb7be245394ec04eba55ebd158593f579d,pinned_primary_reference,ar_lag1_7,deterministic_daily_point,2026-03-11,1.0,55.985792816522384,,,54.985792816522384,613.1857189384631
portwatch_two_vintage_four_specification_matrix_v1,297908c214a0afab30a377854585cb1788922334c3bba976f8e2a1141c6ed73e,bb050aa041e8fc1c8391b908baeab529aaf2e9944d5f35b07af661349176adce,pinned_primary,portwatch_chokepoints_snapshot,data/raw/portwatch/Daily_Chokepoints_Data.csv,66f3a54afb042103f3e0afc9670568cb7be245394ec04eba55ebd158593f579d,pinned_primary_reference,ar_lag1_7,deterministic_daily_point,2026-03-12,0.0,56.49165175283239,,,56.49165175283239,669.6773706912954
portwatch_two_vintage_four_specification_matrix_v1,297908c214a0afab30a377854585cb1788922334c3bba976f8e2a1141c6ed73e,bb050aa041e8fc1c8391b908baeab529aaf2e9944d5f35b07af661349176adce,pinned_primary,portwatch_chokepoints_snapshot,data/raw/portwatch/Daily_Chokepoints_Data.csv,66f3a54afb042103f3e0afc9670568cb7be245394ec04eba55ebd158593f579d,pinned_primary_reference,ar_lag1_7,deterministic_daily_point,2026-03-13,0.0,56.59221835521494,,,56.59221835521494,726.2695890465104
portwatch_two_vintage_four_specification_matrix_v1,297908c214a0afab30a377854585cb1788922334c3bba976f8e2a1141c6ed73e,bb050aa041e8fc1c8391b908baeab529aaf2e9944d5f35b07af661349176adce,pinned_primary,portwatch_chokepoints_snapshot,data/raw/portwatch/Daily_Chokepoints_Data.csv,66f3a54afb042103f3e0afc9670568cb7be245394ec04eba55ebd158593f579d,pinned_primary_reference,ar_lag1_7,deterministic_daily_point,2026-03-14,0.0,56.87636566100408,,,56.87636566100408,783.1459547075145
portwatch_two_vintage_four_specification_matrix_v1,297908c214a0afab30a377854585cb1788922334c3bba976f8e2a1141c6ed73e,bb050aa041e8fc1c8391b908baeab529aaf2e9944d5f35b07af661349176adce,pinned_primary,portwatch_chokepoints_snapshot,data/raw/portwatch/Daily_Chokepoints_Data.csv,66f3a54afb042103f3e0afc9670568cb7be245394ec04eba55ebd158593f579d,pinned_primary_reference,ar_lag1_7,deterministic_daily_point,2026-03-15,2.0,57.00525365221304,,,55.00525365221304,838.1512083597275
portwatch_two_vintage_four_specification_matrix_v1,297908c214a0afab30a377854585cb1788922334c3bba976f8e2a1141c6ed73e,bb050aa041e8fc1c8391b908baeab529aaf2e9944d5f35b07af661349176adce,pinned_primary,portwatch_chokepoints_snapshot,data/raw/portwatch/Daily_Chokepoints_Data.csv,66f3a54afb042103f3e0afc9670568cb7be245394ec04eba55ebd158593f579d,pinned_primary_reference,ar_lag1_7,deterministic_daily_point,2026-03-16,0.0,56.7408184686938,,,56.7408184686938,894.8920268284213
portwatch_two_vintage_four_specification_matrix_v1,297908c214a0afab30a377854585cb1788922334c3bba976f8e2a1141c6ed73e,bb050aa041e8fc1c8391b908baeab529aaf2e9944d5f35b07af661349176adce,pinned_primary,portwatch_chokepoints_snapshot,data/raw/portwatch/Daily_Chokepoints_Data.csv,66f3a54afb042103f3e0afc9670568cb7be245394ec04eba55ebd158593f579d,pinned_primary_reference,ar_lag1_7,deterministic_daily_point,2026-03-17,1.0,56.173905332756725,,,55.173905332756725,950.065932161178
portwatch_two_vintage_four_specification_matrix_v1,297908c214a0afab30a377854585cb1788922334c3bba976f8e2a1141c6ed73e,bb050aa041e8fc1c8391b908baeab529aaf2e9944d5f35b07af661349176adce,pinned_primary,portwatch_chokepoints_snapshot,data/raw/portwatch/Daily_Chokepoints_Data.csv,66f3a54afb042103f3e0afc9670568cb7be245394ec04eba55ebd158593f579d,pinned_primary_reference,ar_lag1_7,deterministic_daily_point,2026-03-18,0.0,56.06304374255215,,,56.06304374255215,1006.1289759037302
portwatch_two_vintage_four_specification_matrix_v1,297908c214a0afab30a377854585cb1788922334c3bba976f8e2a1141c6ed73e,bb050aa041e8fc1c8391b908baeab529aaf2e9944d5f35b07af661349176adce,pinned_primary,portwatch_chokepoints_snapshot,data/raw/portwatch/Daily_Chokepoints_Data.csv,66f3a54afb042103f3e0afc9670568cb7be245394ec04eba55ebd158593f579d,pinned_primary_reference,ar_lag1_7,deterministic_daily_point,2026-03-19,0.0,56.52796790635502,,,56.52796790635502,1062.6569438100853
portwatch_two_vintage_four_specification_matrix_v1,297908c214a0afab30a377854585cb1788922334c3bba976f8e2a1141c6ed73e,bb050aa041e8fc1c8391b908baeab529aaf2e9944d5f35b07af661349176adce,pinned_primary,portwatch_chokepoints_snapshot,data/raw/portwatch/Daily_Chokepoints_Data.csv,66f3a54afb042103f3e0afc9670568cb7be245394ec04eba55ebd158593f579d,pinned_primary_reference,ar_lag1_7,deterministic_daily_point,2026-03-20,2.0,57.173248745475156,,,55.173248745475156,1117.8301925555604
portwatch_two_vintage_four_specification_matrix_v1,297908c214a0afab30a377854585cb1788922334c3bba976f8e2a1141c6ed73e,bb050aa041e8fc1c8391b908baeab529aaf2e9944d5f35b07af661349176adce,pinned_primary,portwatch_chokepoints_snapshot,data/raw/portwatch/Daily_Chokepoints_Data.csv,66f3a54afb042103f3e0afc9670568cb7be245394ec04eba55ebd158593f579d,pinned_primary_reference,ar_lag1_7,deterministic_daily_point,2026-03-21,0.0,57.6073851711823,,,57.6073851711823,1175.4375777267428
portwatch_two_vintage_four_specification_matrix_v1,297908c214a0afab30a377854585cb1788922334c3bba976f8e2a1141c6ed73e,bb050aa041e8fc1c8391b908baeab529aaf2e9944d5f35b07af661349176adce,pinned_primary,portwatch_chokepoints_snapshot,data/raw/portwatch/Daily_Chokepoints_Data.csv,66f3a54afb042103f3e0afc9670568cb7be245394ec04eba55ebd158593f579d,pinned_primary_reference,ar_lag1_7,deterministic_daily_point,2026-03-22,0.0,57.527449091318374,,,57.527449091318374,1232.9650268180612
portwatch_two_vintage_four_specification_matrix_v1,297908c214a0afab30a377854585cb1788922334c3bba976f8e2a1141c6ed73e,bb050aa041e8fc1c8391b908baeab529aaf2e9944d5f35b07af661349176adce,pinned_primary,portwatch_chokepoints_snapshot,data/raw/portwatch/Daily_Chokepoints_Data.csv,66f3a54afb042103f3e0afc9670568cb7be245394ec04eba55ebd158593f579d,pinned_primary_reference,ar_lag1_7,deterministic_daily_point,2026-03-23,2.0,56.98058269497132,,,54.98058269497132,1287.9456095130327
portwatch_two_vintage_four_specification_matrix_v1,297908c214a0afab30a377854585cb1788922334c3bba976f8e2a1141c6ed73e,bb050aa041e8fc1c8391b908baeab529aaf2e9944d5f35b07af661349176adce,pinned_primary,portwatch_chokepoints_snapshot,data/raw/portwatch/Daily_Chokepoints_Data.csv,66f3a54afb042103f3e0afc9670568cb7be245394ec04eba55ebd158593f579d,pinned_primary_reference,ar_lag1_7,deterministic_daily_point,2026-03-24,1.0,56.35327831301435,,,55.35327831301435,1343.298887826047
portwatch_two_vintage_four_specification_matrix_v1,297908c214a0afab30a377854585cb1788922334c3bba976f8e2a1141c6ed73e,bb050aa041e8fc1c8391b908baeab529aaf2e9944d5f35b07af661349176adce,pinned_primary,portwatch_chokepoints_snapshot,data/raw/portwatch/Daily_Chokepoints_Data.csv,66f3a54afb042103f3e0afc9670568cb7be245394ec04eba55ebd158593f579d,pinned_primary_reference,ar_lag1_7,deterministic_daily_point,2026-03-25,1.0,56.16371201209175,,,55.16371201209175,1398.4625998381387
portwatch_two_vintage_four_specification_matrix_v1,297908c214a0afab30a377854585cb1788922334c3bba976f8e2a1141c6ed73e,bb050aa041e8fc1c8391b908baeab529aaf2e9944d5f35b07af661349176adce,pinned_primary,portwatch_chokepoints_snapshot,data/raw/portwatch/Daily_Chokepoints_Data.csv,66f3a54afb042103f3e0afc9670568cb7be245394ec04eba55ebd158593f579d,pinned_primary_reference,ar_lag1_7,deterministic_daily_point,2026-03-26,0.0,56.58323215448472,,,56.58323215448472,1455.0458319926233
portwatch_two_vintage_four_specification_matrix_v1,297908c214a0afab30a377854585cb1788922334c3bba976f8e2a1141c6ed73e,bb050aa041e8fc1c8391b908baeab529aaf2e9944d5f35b07af661349176adce,pinned_primary,portwatch_chokepoints_snapshot,data/raw/portwatch/Daily_Chokepoints_Data.csv,66f3a54afb042103f3e0afc9670568cb7be245394ec04eba55ebd158593f579d,pinned_primary_reference,ar_lag1_7,deterministic_daily_point,2026-03-27,0.0,57.30188368019232,,,57.30188368019232,1512.3477156728156
portwatch_two_vintage_four_specification_matrix_v1,297908c214a0afab30a377854585cb1788922334c3bba976f8e2a1141c6ed73e,bb050aa041e8fc1c8391b908baeab529aaf2e9944d5f35b07af661349176adce,pinned_primary,portwatch_chokepoints_snapshot,data/raw/portwatch/Daily_Chokepoints_Data.csv,66f3a54afb042103f3e0afc9670568cb7be245394ec04eba55ebd158593f579d,pinned_primary_reference,ar_lag1_7,deterministic_daily_point,2026-03-28,1.0,57.79793789023275,,,56.79793789023275,1569.1456535630484
portwatch_two_vintage_four_specification_matrix_v1,297908c214a0afab30a377854585cb1788922334c3bba976f8e2a1141c6ed73e,bb050aa041e8fc1c8391b908baeab529aaf2e9944d5f35b07af661349176adce,pinned_primary,portwatch_chokepoints_snapshot,data/raw/portwatch/Daily_Chokepoints_Data.csv,66f3a54afb042103f3e0afc9670568cb7be245394ec04eba55ebd158593f579d,pinned_primary_reference,ar_lag1_7,deterministic_daily_point,2026-03-29,2.0,57.7114966716569,,,55.7114966716569,1624.8571502347054
portwatch_two_vintage_four_specification_matrix_v1,297908c214a0afab30a377854585cb1788922334c3bba976f8e2a1141c6ed73e,bb050aa041e8fc1c8391b908baeab529aaf2e9944d5f35b07af661349176adce,pinned_primary,portwatch_chokepoints_snapshot,data/raw/portwatch/Daily_Chokepoints_Data.csv,66f3a54afb042103f3e0afc9670568cb7be245394ec04eba55ebd158593f579d,pinned_primary_reference,ar_lag1_7,deterministic_daily_point,2026-03-30,5.0,57.111991978162486,,,52.111991978162486,1676.9691422128678
portwatch_two_vintage_four_specification_matrix_v1,297908c214a0afab30a377854585cb1788922334c3bba976f8e2a1141c6ed73e,bb050aa041e8fc1c8391b908baeab529aaf2e9944d5f35b07af661349176adce,pinned_primary,portwatch_chokepoints_snapshot,data/raw/portwatch/Daily_Chokepoints_Data.csv,66f3a54afb042103f3e0afc9670568cb7be245394ec04eba55ebd158593f579d,pinned_primary_reference,ar_lag1_7,deterministic_daily_point,2026-03-31,5.0,56.448537467413104,,,51.448537467413104,1728.417679680281
portwatch_two_vintage_four_specification_matrix_v1,297908c214a0afab30a377854585cb1788922334c3bba976f8e2a1141c6ed73e,bb050aa041e8fc1c8391b908baeab529aaf2e9944d5f35b07af661349176adce,pinned_primary,portwatch_chokepoints_snapshot,data/raw/portwatch/Daily_Chokepoints_Data.csv,66f3a54afb042103f3e0afc9670568cb7be245394ec04eba55ebd158593f579d,pinned_primary_reference,ar_lag1_7,deterministic_daily_point,2026-04-01,3.0,56.227622298164604,,,53.227622298164604,1781.6453019784456
portwatch_two_vintage_four_specification_matrix_v1,297908c214a0afab30a377854585cb1788922334c3bba976f8e2a1141c6ed73e,bb050aa041e8fc1c8391b908baeab529aaf2e9944d5f35b07af661349176adce,pinned_primary,portwatch_chokepoints_snapshot,data/raw/portwatch/Daily_Chokepoints_Data.csv,66f3a54afb042103f3e0afc9670568cb7be245394ec04eba55ebd158593f579d,pinned_primary_reference,ar_lag1_7,deterministic_daily_point,2026-04-02,1.0,56.623959750932826,,,55.623959750932826,1837.2692617293783
portwatch_two_vintage_four_specification_matrix_v1,297908c214a0afab30a377854585cb1788922334c3bba976f8e2a1141c6ed73e,bb050aa041e8fc1c8391b908baeab529aaf2e9944d5f35b07af661349176adce,pinned_primary,portwatch_chokepoints_snapshot,data/raw/portwatch/Daily_Chokepoints_Data.csv,66f3a54afb042103f3e0afc9670568cb7be245394ec04eba55ebd158593f579d,pinned_primary_reference,ar_lag1_7,deterministic_daily_point,2026-04-03,5.0,57.34420329174646,,,52.34420329174646,1889.6134650211247
portwatch_two_vintage_four_specification_matrix_v1,297908c214a0afab30a377854585cb1788922334c3bba976f8e2a1141c6ed73e,bb050aa041e8fc1c8391b908baeab529aaf2e9944d5f35b07af661349176adce,pinned_primary,portwatch_chokepoints_snapshot,data/raw/portwatch/Daily_Chokepoints_Data.csv,66f3a54afb042103f3e0afc9670568cb7be245394ec04eba55ebd158593f579d,pinned_primary_reference,ar_lag1_7,deterministic_daily_point,2026-04-04,4.0,57.85187805085652,,,53.85187805085652,1943.4653430719814
portwatch_two_vintage_four_specification_matrix_v1,297908c214a0afab30a377854585cb1788922334c3bba976f8e2a1141c6ed73e,bb050aa041e8fc1c8391b908baeab529aaf2e9944d5f35b07af661349176adce,pinned_primary,portwatch_chokepoints_snapshot,data/raw/portwatch/Daily_Chokepoints_Data.csv,66f3a54afb042103f3e0afc9670568cb7be245394ec04eba55ebd158593f579d,pinned_primary_reference,ar_lag1_7,deterministic_daily_point,2026-04-05,5.0,57.76994218946241,,,52.76994218946241,1996.2352852614438
portwatch_two_vintage_four_specification_matrix_v1,297908c214a0afab30a377854585cb1788922334c3bba976f8e2a1141c6ed73e,bb050aa041e8fc1c8391b908baeab529aaf2e9944d5f35b07af661349176adce,pinned_primary,portwatch_chokepoints_snapshot,data/raw/portwatch/Daily_Chokepoints_Data.csv,66f3a54afb042103f3e0afc9670568cb7be245394ec04eba55ebd158593f579d,pinned_primary_reference,ar_lag1_7,deterministic_daily_point,2026-04-06,1.0,57.163404543190886,,,56.163404543190886,2052.3986898046346
portwatch_two_vintage_four_specification_matrix_v1,297908c214a0afab30a377854585cb1788922334c3bba976f8e2a1141c6ed73e,bb050aa041e8fc1c8391b908baeab529aaf2e9944d5f35b07af661349176adce,pinned_primary,portwatch_chokepoints_snapshot,data/raw/portwatch/Daily_Chokepoints_Data.csv,66f3a54afb042103f3e0afc9670568cb7be245394ec04eba55ebd158593f579d,pinned_primary_reference,ar_lag1_7,deterministic_daily_point,2026-04-07,3.0,56.49020056871904,,,53.49020056871904,2105.8888903733537
portwatch_two_vintage_four_specification_matrix_v1,297908c214a0afab30a377854585cb1788922334c3bba976f8e2a1141c6ed73e,bb050aa041e8fc1c8391b908baeab529aaf2e9944d5f35b07af661349176adce,pinned_primary,portwatch_chokepoints_snapshot,data/raw/portwatch/Daily_Chokepoints_Data.csv,66f3a54afb042103f3e0afc9670568cb7be245394ec04eba55ebd158593f579d,pinned_primary_reference,ar_lag1_7,deterministic_daily_point,2026-04-08,1.0,56.25905744073978,,,55.25905744073978,2161.1479478140936
portwatch_two_vintage_four_specification_matrix_v1,297908c214a0afab30a377854585cb1788922334c3bba976f8e2a1141c6ed73e,bb050aa041e8fc1c8391b908baeab529aaf2e9944d5f35b07af661349176adce,pinned_primary,portwatch_chokepoints_snapshot,data/raw/portwatch/Daily_Chokepoints_Data.csv,66f3a54afb042103f3e0afc9670568cb7be245394ec04eba55ebd158593f579d,pinned_primary_reference,ar_lag1_7,deterministic_daily_point,2026-04-09,5.0,56.646365101800946,,,51.646365101800946,2212.794312915895
portwatch_two_vintage_four_specification_matrix_v1,297908c214a0afab30a377854585cb1788922334c3bba976f8e2a1141c6ed73e,bb050aa041e8fc1c8391b908baeab529aaf2e9944d5f35b07af661349176adce,pinned_primary,portwatch_chokepoints_snapshot,data/raw/portwatch/Daily_Chokepoints_Data.csv,66f3a54afb042103f3e0afc9670568cb7be245394ec04eba55ebd158593f579d,pinned_primary_reference,ar_lag1_7,deterministic_daily_point,2026-04-10,1.0,57.362501095528,,,56.362501095528,2269.1568140114227
portwatch_two_vintage_four_specification_matrix_v1,297908c214a0afab30a377854585cb1788922334c3bba976f8e2a1141c6ed73e,bb050aa041e8fc1c8391b908baeab529aaf2e9944d5f35b07af661349176adce,pinned_primary,portwatch_chokepoints_snapshot,data/raw/portwatch/Daily_Chokepoints_Data.csv,66f3a54afb042103f3e0afc9670568cb7be245394ec04eba55ebd158593f579d,pinned_primary_reference,ar_lag1_7,deterministic_daily_point,2026-04-11,4.0,57.87021627938474,,,53.87021627938474,2323.0270302908075
portwatch_two_vintage_four_specification_matrix_v1,297908c214a0afab30a377854585cb1788922334c3bba976f8e2a1141c6ed73e,bb050aa041e8fc1c8391b908baeab529aaf2e9944d5f35b07af661349176adce,pinned_primary,portwatch_chokepoints_snapshot,data/raw/portwatch/Daily_Chokepoints_Data.csv,66f3a54afb042103f3e0afc9670568cb7be245394ec04eba55ebd158593f579d,pinned_primary_reference,ar_lag1_7,deterministic_daily_point,2026-04-12,4.0,57.78908933511327,,,53.78908933511327,2376.8161196259207
portwatch_two_vintage_four_specification_matrix_v1,297908c214a0afab30a377854585cb1788922334c3bba976f8e2a1141c6ed73e,bb050aa041e8fc1c8391b908baeab529aaf2e9944d5f35b07af661349176adce,pinned_primary,portwatch_chokepoints_snapshot,data/raw/portwatch/Daily_Chokepoints_Data.csv,66f3a54afb042103f3e0afc9670568cb7be245394ec04eba55ebd158593f579d,pinned_primary_reference,ar_lag1_7,deterministic_daily_point,2026-04-13,4.0,57.18171255902632,,,53.18171255902632,2429.997832184947
portwatch_two_vintage_four_specification_matrix_v1,297908c214a0afab30a377854585cb1788922334c3bba976f8e2a1141c6ed73e,bb050aa041e8fc1c8391b908baeab529aaf2e9944d5f35b07af661349176adce,pinned_primary,portwatch_chokepoints_snapshot,data/raw/portwatch/Daily_Chokepoints_Data.csv,66f3a54afb042103f3e0afc9670568cb7be245394ec04eba55ebd158593f579d,pinned_primary_reference,ar_lag1_7,deterministic_daily_point,2026-04-14,5.0,56.50639297741303,,,51.50639297741303,2481.50422516236
portwatch_two_vintage_four_specification_matrix_v1,297908c214a0afab30a377854585cb1788922334c3bba976f8e2a1141c6ed73e,bb050aa041e8fc1c8391b908baeab529aaf2e9944d5f35b07af661349176adce,pinned_primary,portwatch_chokepoints_snapshot,data/raw/portwatch/Daily_Chokepoints_Data.csv,66f3a54afb042103f3e0afc9670568cb7be245394ec04eba55ebd158593f579d,pinned_primary_reference,ar_lag1_7,deterministic_daily_point,2026-04-15,7.0,56.272430335396024,,,49.272430335396024,2530.776655497756
portwatch_two_vintage_four_specification_matrix_v1,297908c214a0afab30a377854585cb1788922334c3bba976f8e2a1141c6ed73e,bb050aa041e8fc1c8391b908baeab529aaf2e9944d5f35b07af661349176adce,pinned_primary,portwatch_chokepoints_snapshot,data/raw/portwatch/Daily_Chokepoints_Data.csv,66f3a54afb042103f3e0afc9670568cb7be245394ec04eba55ebd158593f579d,pinned_primary_reference,ar_lag1_7,deterministic_daily_point,2026-04-16,5.0,56.65678644525228,,,51.65678644525228,2582.4334419430083
portwatch_two_vintage_four_specification_matrix_v1,297908c214a0afab30a377854585cb1788922334c3bba976f8e2a1141c6ed73e,bb050aa041e8fc1c8391b908baeab529aaf2e9944d5f35b07af661349176adce,pinned_primary,portwatch_chokepoints_snapshot,data/raw/portwatch/Daily_Chokepoints_Data.csv,66f3a54afb042103f3e0afc9670568cb7be245394ec04eba55ebd158593f579d,pinned_primary_reference,ar_lag1_7,deterministic_daily_point,2026-04-17,10.0,57.370769060444765,,,47.370769060444765,2629.804211003453
portwatch_two_vintage_four_specification_matrix_v1,297908c214a0afab30a377854585cb1788922334c3bba976f8e2a1141c6ed73e,bb050aa041e8fc1c8391b908baeab529aaf2e9944d5f35b07af661349176adce,pinned_primary,portwatch_chokepoints_snapshot,data/raw/portwatch/Daily_Chokepoints_Data.csv,66f3a54afb042103f3e0afc9670568cb7be245394ec04eba55ebd158593f579d,pinned_primary_reference,ar_lag1_7,deterministic_daily_point,2026-04-18,14.0,57.877445268662086,,,43.877445268662086,2673.681656272115
portwatch_two_vintage_four_specification_matrix_v1,297908c214a0afab30a377854585cb1788922334c3bba976f8e2a1141c6ed73e,bb050aa041e8fc1c8391b908baeab529aaf2e9944d5f35b07af661349176adce,pinned_primary,portwatch_chokepoints_snapshot,data/raw/portwatch/Daily_Chokepoints_Data.csv,66f3a54afb042103f3e0afc9670568cb7be245394ec04eba55ebd158593f579d,pinned_primary_reference,ar_lag1_7,deterministic_daily_point,2026-04-19,5.0,57.79595532769034,,,52.79595532769034,2726.4776115998056
portwatch_two_vintage_four_specification_matrix_v1,297908c214a0afab30a377854585cb1788922334c3bba976f8e2a1141c6ed73e,bb050aa041e8fc1c8391b908baeab529aaf2e9944d5f35b07af661349176adce,pinned_primary,portwatch_chokepoints_snapshot,data/raw/portwatch/Daily_Chokepoints_Data.csv,66f3a54afb042103f3e0afc9670568cb7be245394ec04eba55ebd158593f579d,pinned_primary_reference,ar_lag1_7,deterministic_daily_point,2026-04-20,5.0,57.18825521227527,,,52.18825521227527,2778.665866812081
portwatch_two_vintage_four_specification_matrix_v1,297908c214a0afab30a377854585cb1788922334c3bba976f8e2a1141c6ed73e,bb050aa041e8fc1c8391b908baeab529aaf2e9944d5f35b07af661349176adce,pinned_primary,portwatch_chokepoints_snapshot,data/raw/portwatch/Daily_Chokepoints_Data.csv,66f3a54afb042103f3e0afc9670568cb7be245394ec04eba55ebd158593f579d,pinned_primary_reference,ar_lag1_7,deterministic_daily_point,2026-04-21,3.0,56.51240793372372,,,53.51240793372372,2832.1782747458046
portwatch_two_vintage_four_specification_matrix_v1,297908c214a0afab30a377854585cb1788922334c3bba976f8e2a1141c6ed73e,bb050aa041e8fc1c8391b908baeab529aaf2e9944d5f35b07af661349176adce,pinned_primary,portwatch_chokepoints_snapshot,data/raw/portwatch/Daily_Chokepoints_Data.csv,66f3a54afb042103f3e0afc9670568cb7be245394ec04eba55ebd158593f579d,pinned_primary_reference,ar_lag1_7,deterministic_daily_point,2026-04-22,4.0,56.27769500764047,,,52.27769500764047,2884.455969753445
portwatch_two_vintage_four_specification_matrix_v1,297908c214a0afab30a377854585cb1788922334c3bba976f8e2a1141c6ed73e,bb050aa041e8fc1c8391b908baeab529aaf2e9944d5f35b07af661349176adce,pinned_primary,portwatch_chokepoints_snapshot,data/raw/portwatch/Daily_Chokepoints_Data.csv,66f3a54afb042103f3e0afc9670568cb7be245394ec04eba55ebd158593f579d,pinned_primary_reference,ar_lag1_7,deterministic_daily_point,2026-04-23,2.0,56.661169574972355,,,54.661169574972355,2939.1171393284176
portwatch_two_vintage_four_specification_matrix_v1,297908c214a0afab30a377854585cb1788922334c3bba976f8e2a1141c6ed73e,bb050aa041e8fc1c8391b908baeab529aaf2e9944d5f35b07af661349176adce,pinned_primary,portwatch_chokepoints_snapshot,data/raw/portwatch/Daily_Chokepoints_Data.csv,66f3a54afb042103f3e0afc9670568cb7be245394ec04eba55ebd158593f579d,pinned_primary_reference,ar_lag1_7,deterministic_daily_point,2026-04-24,3.0,57.37434671499558,,,54.37434671499558,2993.4914860434133
portwatch_two_vintage_four_specification_matrix_v1,297908c214a0afab30a377854585cb1788922334c3bba976f8e2a1141c6ed73e,bb050aa041e8fc1c8391b908baeab529aaf2e9944d5f35b07af661349176adce,pinned_primary,portwatch_chokepoints_snapshot,data/raw/portwatch/Daily_Chokepoints_Data.csv,66f3a54afb042103f3e0afc9670568cb7be245394ec04eba55ebd158593f579d,pinned_primary_reference,ar_lag1_7,deterministic_daily_point,2026-04-25,2.0,57.880449628511464,,,55.880449628511464,3049.371935671925
portwatch_two_vintage_four_specification_matrix_v1,297908c214a0afab30a377854585cb1788922334c3bba976f8e2a1141c6ed73e,bb050aa041e8fc1c8391b908baeab529aaf2e9944d5f35b07af661349176adce,pinned_primary,portwatch_chokepoints_snapshot,data/raw/portwatch/Daily_Chokepoints_Data.csv,66f3a54afb042103f3e0afc9670568cb7be245394ec04eba55ebd158593f579d,pinned_primary_reference,ar_lag1_7,deterministic_daily_point,2026-04-26,2.0,57.79861760300221,,,55.79861760300221,3105.170553274927
portwatch_two_vintage_four_specification_matrix_v1,297908c214a0afab30a377854585cb1788922334c3bba976f8e2a1141c6ed73e,bb050aa041e8fc1c8391b908baeab529aaf2e9944d5f35b07af661349176adce,pinned_primary,portwatch_chokepoints_snapshot,data/raw/portwatch/Daily_Chokepoints_Data.csv,66f3a54afb042103f3e0afc9670568cb7be245394ec04eba55ebd158593f579d,pinned_primary_reference,ar_lag1_7,deterministic_daily_point,2026-04-27,0.0,57.19069466662863,,,57.19069466662863,3162.3612479415556
portwatch_two_vintage_four_specification_matrix_v1,297908c214a0afab30a377854585cb1788922334c3bba976f8e2a1141c6ed73e,bb050aa041e8fc1c8391b908baeab529aaf2e9944d5f35b07af661349176adce,pinned_primary,portwatch_chokepoints_snapshot,data/raw/portwatch/Daily_Chokepoints_Data.csv,66f3a54afb042103f3e0afc9670568cb7be245394ec04eba55ebd158593f579d,pinned_primary_reference,ar_lag1_7,deterministic_daily_point,2026-04-28,2.0,56.5146467016008,,,54.5146467016008,3216.8758946431562
portwatch_two_vintage_four_specification_matrix_v1,297908c214a0afab30a377854585cb1788922334c3bba976f8e2a1141c6ed73e,bb050aa041e8fc1c8391b908baeab529aaf2e9944d5f35b07af661349176adce,pinned_primary,portwatch_chokepoints_snapshot,data/raw/portwatch/Daily_Chokepoints_Data.csv,66f3a54afb042103f3e0afc9670568cb7be245394ec04eba55ebd158593f579d,pinned_primary_reference,ar_lag1_7,deterministic_daily_point,2026-04-29,3.0,56.27970484705971,,,53.27970484705971,3270.155599490216
portwatch_two_vintage_four_specification_matrix_v1,297908c214a0afab30a377854585cb1788922334c3bba976f8e2a1141c6ed73e,bb050aa041e8fc1c8391b908baeab529aaf2e9944d5f35b07af661349176adce,pinned_primary,portwatch_chokepoints_snapshot,data/raw/portwatch/Daily_Chokepoints_Data.csv,66f3a54afb042103f3e0afc9670568cb7be245394ec04eba55ebd158593f579d,pinned_primary_reference,ar_lag1_7,deterministic_daily_point,2026-04-30,4.0,56.66291377191511,,,52.66291377191511,3322.818513262131
portwatch_two_vintage_four_specification_matrix_v1,297908c214a0afab30a377854585cb1788922334c3bba976f8e2a1141c6ed73e,bb050aa041e8fc1c8391b908baeab529aaf2e9944d5f35b07af661349176adce,pinned_primary,portwatch_chokepoints_snapshot,data/raw/portwatch/Daily_Chokepoints_Data.csv,66f3a54afb042103f3e0afc9670568cb7be245394ec04eba55ebd158593f579d,pinned_primary_reference,ar_lag1_7,deterministic_daily_point,2026-05-01,4.0,57.3758207607163,,,53.3758207607163,3376.194334022847
portwatch_two_vintage_four_specification_matrix_v1,297908c214a0afab30a377854585cb1788922334c3bba976f8e2a1141c6ed73e,bb050aa041e8fc1c8391b908baeab529aaf2e9944d5f35b07af661349176adce,pinned_primary,portwatch_chokepoints_snapshot,data/raw/portwatch/Daily_Chokepoints_Data.csv,66f3a54afb042103f3e0afc9670568cb7be245394ec04eba55ebd158593f579d,pinned_primary_reference,ar_lag1_7,deterministic_daily_point,2026-05-02,5.0,57.88169200776248,,,52.88169200776248,3429.0760260306097
portwatch_two_vintage_four_specification_matrix_v1,297908c214a0afab30a377854585cb1788922334c3bba976f8e2a1141c6ed73e,bb050aa041e8fc1c8391b908baeab529aaf2e9944d5f35b07af661349176adce,pinned_primary,portwatch_chokepoints_snapshot,data/raw/portwatch/Daily_Chokepoints_Data.csv,66f3a54afb042103f3e0afc9670568cb7be245394ec04eba55ebd158593f579d,pinned_primary_reference,ar_lag1_7,deterministic_daily_point,2026-05-03,1.0,57.7996875157191,,,56.7996875157191,3485.875713546329
portwatch_two_vintage_four_specification_matrix_v1,297908c214a0afab30a377854585cb1788922334c3bba976f8e2a1141c6ed73e,bb050aa041e8fc1c8391b908baeab529aaf2e9944d5f35b07af661349176adce,pinned_primary,portwatch_chokepoints_snapshot,data/raw/portwatch/Daily_Chokepoints_Data.csv,66f3a54afb042103f3e0afc9670568cb7be245394ec04eba55ebd158593f579d,pinned_primary_reference,ar_lag1_7,deterministic_daily_point,2026-05-04,0.0,57.191641764084864,,,57.191641764084864,3543.067355310414
portwatch_two_vintage_four_specification_matrix_v1,297908c214a0afab30a377854585cb1788922334c3bba976f8e2a1141c6ed73e,bb050aa041e8fc1c8391b908baeab529aaf2e9944d5f35b07af661349176adce,pinned_primary,portwatch_chokepoints_snapshot,data/raw/portwatch/Daily_Chokepoints_Data.csv,66f3a54afb042103f3e0afc9670568cb7be245394ec04eba55ebd158593f579d,pinned_primary_reference,ar_lag1_7,deterministic_daily_point,2026-05-05,0.0,56.51549898081782,,,56.51549898081782,3599.582854291232
portwatch_two_vintage_four_specification_matrix_v1,297908c214a0afab30a377854585cb1788922334c3bba976f8e2a1141c6ed73e,bb050aa041e8fc1c8391b908baeab529aaf2e9944d5f35b07af661349176adce,pinned_primary,portwatch_chokepoints_snapshot,data/raw/portwatch/Daily_Chokepoints_Data.csv,66f3a54afb042103f3e0afc9670568cb7be245394ec04eba55ebd158593f579d,pinned_primary_reference,ar_lag1_7,deterministic_daily_point,2026-05-06,0.0,56.28047096066485,,,56.28047096066485,3655.8633252518966
portwatch_two_vintage_four_specification_matrix_v1,297908c214a0afab30a377854585cb1788922334c3bba976f8e2a1141c6ed73e,bb050aa041e8fc1c8391b908baeab529aaf2e9944d5f35b07af661349176adce,pinned_primary,portwatch_chokepoints_snapshot,data/raw/portwatch/Daily_Chokepoints_Data.csv,66f3a54afb042103f3e0afc9670568cb7be245394ec04eba55ebd158593f579d,pinned_primary_reference,ar_lag1_7,deterministic_daily_point,2026-05-07,1.0,56.663591491321704,,,55.663591491321704,3711.5269167432184
portwatch_two_vintage_four_specification_matrix_v1,297908c214a0afab30a377854585cb1788922334c3bba976f8e2a1141c6ed73e,bb050aa041e8fc1c8391b908baeab529aaf2e9944d5f35b07af661349176adce,pinned_primary,portwatch_chokepoints_snapshot,data/raw/portwatch/Daily_Chokepoints_Data.csv,66f3a54afb042103f3e0afc9670568cb7be245394ec04eba55ebd158593f579d,pinned_primary_reference,ar_lag1_7,deterministic_daily_point,2026-05-08,1.0,57.3764082134592,,,56.3764082134592,3767.903324956678
portwatch_two_vintage_four_specification_matrix_v1,297908c214a0afab30a377854585cb1788922334c3bba976f8e2a1141c6ed73e,bb050aa041e8fc1c8391b908baeab529aaf2e9944d5f35b07af661349176adce,pinned_primary,portwatch_chokepoints_snapshot,data/raw/portwatch/Daily_Chokepoints_Data.csv,66f3a54afb042103f3e0afc9670568cb7be245394ec04eba55ebd158593f579d,pinned_primary_reference,ar_lag1_7,deterministic_daily_point,2026-05-09,2.0,57.882195026271305,,,55.882195026271305,3823.785519982949
portwatch_two_vintage_four_specification_matrix_v1,297908c214a0afab30a377854585cb1788922334c3bba976f8e2a1141c6ed73e,bb050aa041e8fc1c8391b908baeab529aaf2e9944d5f35b07af661349176adce,pinned_primary,portwatch_chokepoints_snapshot,data/raw/portwatch/Daily_Chokepoints_Data.csv,66f3a54afb042103f3e0afc9670568cb7be245394ec04eba55ebd158593f579d,pinned_primary_reference,ar_lag1_7,deterministic_daily_point,2026-05-10,3.0,57.80011930429878,,,54.80011930429878,3878.585639287248
portwatch_two_vintage_four_specification_matrix_v1,297908c214a0afab30a377854585cb1788922334c3bba976f8e2a1141c6ed73e,bb050aa041e8fc1c8391b908baeab529aaf2e9944d5f35b07af661349176adce,pinned_primary,portwatch_chokepoints_snapshot,data/raw/portwatch/Daily_Chokepoints_Data.csv,66f3a54afb042103f3e0afc9670568cb7be245394ec04eba55ebd158593f579d,pinned_primary_reference,ar_lag1_7,deterministic_daily_point,2026-05-11,4.0,57.192017435312295,,,53.192017435312295,3931.77765672256
portwatch_two_vintage_four_specification_matrix_v1,297908c214a0afab30a377854585cb1788922334c3bba976f8e2a1141c6ed73e,bb050aa041e8fc1c8391b908baeab529aaf2e9944d5f35b07af661349176adce,pinned_primary,portwatch_chokepoints_snapshot,data/raw/portwatch/Daily_Chokepoints_Data.csv,66f3a54afb042103f3e0afc9670568cb7be245394ec04eba55ebd158593f579d,pinned_primary_reference,ar_lag1_7,deterministic_daily_point,2026-05-12,1.0,56.51583078071837,,,55.51583078071837,3987.2934875032784
portwatch_two_vintage_four_specification_matrix_v1,297908c214a0afab30a377854585cb1788922334c3bba976f8e2a1141c6ed73e,bb050aa041e8fc1c8391b908baeab529aaf2e9944d5f35b07af661349176adce,pinned_primary,portwatch_chokepoints_snapshot,data/raw/portwatch/Daily_Chokepoints_Data.csv,66f3a54afb042103f3e0afc9670568cb7be245394ec04eba55ebd158593f579d,pinned_primary_reference,ar_lag1_7,deterministic_daily_point,2026-05-13,2.0,56.280766353879294,,,54.280766353879294,4041.5742538571576
portwatch_two_vintage_four_specification_matrix_v1,297908c214a0afab30a377854585cb1788922334c3bba976f8e2a1141c6ed73e,bb050aa041e8fc1c8391b908baeab529aaf2e9944d5f35b07af661349176adce,pinned_primary,portwatch_chokepoints_snapshot,data/raw/portwatch/Daily_Chokepoints_Data.csv,66f3a54afb042103f3e0afc9670568cb7be245394ec04eba55ebd158593f579d,pinned_primary_reference,ar_lag1_7,deterministic_daily_point,2026-05-14,4.0,56.663853713566844,,,52.663853713566844,4094.2381075707244
portwatch_two_vintage_four_specification_matrix_v1,297908c214a0afab30a377854585cb1788922334c3bba976f8e2a1141c6ed73e,bb050aa041e8fc1c8391b908baeab529aaf2e9944d5f35b07af661349176adce,pinned_primary,portwatch_chokepoints_snapshot,data/raw/portwatch/Daily_Chokepoints_Data.csv,66f3a54afb042103f3e0afc9670568cb7be245394ec04eba55ebd158593f579d,pinned_primary_reference,ar_lag1_7,deterministic_daily_point,2026-05-15,2.0,57.37663850853402,,,55.37663850853402,4149.614746079258
portwatch_two_vintage_four_specification_matrix_v1,297908c214a0afab30a377854585cb1788922334c3bba976f8e2a1141c6ed73e,bb050aa041e8fc1c8391b908baeab529aaf2e9944d5f35b07af661349176adce,pinned_primary,portwatch_chokepoints_snapshot,data/raw/portwatch/Daily_Chokepoints_Data.csv,66f3a54afb042103f3e0afc9670568cb7be245394ec04eba55ebd158593f579d,pinned_primary_reference,ar_lag1_7,deterministic_daily_point,2026-05-16,2.0,57.882395020147854,,,55.882395020147854,4205.497141099406
portwatch_two_vintage_four_specification_matrix_v1,297908c214a0afab30a377854585cb1788922334c3bba976f8e2a1141c6ed73e,bb050aa041e8fc1c8391b908baeab529aaf2e9944d5f35b07af661349176adce,pinned_primary,portwatch_chokepoints_snapshot,data/raw/portwatch/Daily_Chokepoints_Data.csv,66f3a54afb042103f3e0afc9670568cb7be245394ec04eba55ebd158593f579d,pinned_primary_reference,ar_lag1_7,deterministic_daily_point,2026-05-17,2.0,57.80029210005561,,,55.80029210005561,4261.297433199461
portwatch_two_vintage_four_specification_matrix_v1,297908c214a0afab30a377854585cb1788922334c3bba976f8e2a1141c6ed73e,bb050aa041e8fc1c8391b908baeab529aaf2e9944d5f35b07af661349176adce,pinned_primary,portwatch_chokepoints_snapshot,data/raw/portwatch/Daily_Chokepoints_Data.csv,66f3a54afb042103f3e0afc9670568cb7be245394ec04eba55ebd158593f579d,pinned_primary_reference,ar_lag1_7,deterministic_daily_point,2026-05-18,1.0,57.192167187873764,,,56.192167187873764,4317.489600387335
portwatch_two_vintage_four_specification_matrix_v1,297908c214a0afab30a377854585cb1788922334c3bba976f8e2a1141c6ed73e,bb050aa041e8fc1c8391b908baeab529aaf2e9944d5f35b07af661349176adce,pinned_primary,portwatch_chokepoints_snapshot,data/raw/portwatch/Daily_Chokepoints_Data.csv,66f3a54afb042103f3e0afc9670568cb7be245394ec04eba55ebd158593f579d,pinned_primary_reference,ar_lag1_7,deterministic_daily_point,2026-05-19,3.0,56.51596165378685,,,53.51596165378685,4371.005562041121
portwatch_two_vintage_four_specification_matrix_v1,297908c214a0afab30a377854585cb1788922334c3bba976f8e2a1141c6ed73e,bb050aa041e8fc1c8391b908baeab529aaf2e9944d5f35b07af661349176adce,pinned_primary,portwatch_chokepoints_snapshot,data/raw/portwatch/Daily_Chokepoints_Data.csv,66f3a54afb042103f3e0afc9670568cb7be245394ec04eba55ebd158593f579d,pinned_primary_reference,ar_lag1_7,deterministic_daily_point,2026-05-20,5.0,56.2808816777851,,,51.2808816777851,4422.286443718906
portwatch_two_vintage_four_specification_matrix_v1,297908c214a0afab30a377854585cb1788922334c3bba976f8e2a1141c6ed73e,bb050aa041e8fc1c8391b908baeab529aaf2e9944d5f35b07af661349176adce,pinned_primary,portwatch_chokepoints_snapshot,data/raw/portwatch/Daily_Chokepoints_Data.csv,66f3a54afb042103f3e0afc9670568cb7be245394ec04eba55ebd158593f579d,pinned_primary_reference,ar_lag1_7,deterministic_daily_point,2026-05-21,2.0,56.663955672956675,,,54.663955672956675,4476.950399391863
portwatch_two_vintage_four_specification_matrix_v1,297908c214a0afab30a377854585cb1788922334c3bba976f8e2a1141c6ed73e,bb050aa041e8fc1c8391b908baeab529aaf2e9944d5f35b07af661349176adce,pinned_primary,portwatch_chokepoints_snapshot,data/raw/portwatch/Daily_Chokepoints_Data.csv,66f3a54afb042103f3e0afc9670568cb7be245394ec04eba55ebd158593f579d,pinned_primary_reference,ar_lag1_7,deterministic_daily_point,2026-05-22,0.0,57.376728382552024,,,57.376728382552024,4534.327127774415
portwatch_two_vintage_four_specification_matrix_v1,297908c214a0afab30a377854585cb1788922334c3bba976f8e2a1141c6ed73e,bb050aa041e8fc1c8391b908baeab529aaf2e9944d5f35b07af661349176adce,pinned_primary,portwatch_chokepoints_snapshot,data/raw/portwatch/Daily_Chokepoints_Data.csv,66f3a54afb042103f3e0afc9670568cb7be245394ec04eba55ebd158593f579d,pinned_primary_reference,ar_lag1_7,deterministic_daily_point,2026-05-23,1.0,57.882473715019415,,,56.882473715019415,4591.209601489435
portwatch_two_vintage_four_specification_matrix_v1,297908c214a0afab30a377854585cb1788922334c3bba976f8e2a1141c6ed73e,bb050aa041e8fc1c8391b908baeab529aaf2e9944d5f35b07af661349176adce,pinned_primary,portwatch_chokepoints_snapshot,data/raw/portwatch/Daily_Chokepoints_Data.csv,66f3a54afb042103f3e0afc9670568cb7be245394ec04eba55ebd158593f579d,pinned_primary_reference,ar_lag1_7,deterministic_daily_point,2026-05-24,2.0,57.800360599621264,,,55.800360599621264,4647.009962089056
portwatch_two_vintage_four_specification_matrix_v1,297908c214a0afab30a377854585cb1788922334c3bba976f8e2a1141c6ed73e,bb050aa041e8fc1c8391b908baeab529aaf2e9944d5f35b07af661349176adce,pinned_primary,portwatch_chokepoints_snapshot,data/raw/portwatch/Daily_Chokepoints_Data.csv,66f3a54afb042103f3e0afc9670568cb7be245394ec04eba55ebd158593f579d,pinned_primary_reference,ar_lag1_7,deterministic_daily_point,2026-05-25,0.0,57.19222669794722,,,57.19222669794722,4704.202188787003
portwatch_two_vintage_four_specification_matrix_v1,297908c214a0afab30a377854585cb1788922334c3bba976f8e2a1141c6ed73e,bb050aa041e8fc1c8391b908baeab529aaf2e9944d5f35b07af661349176adce,pinned_primary,portwatch_chokepoints_snapshot,data/raw/portwatch/Daily_Chokepoints_Data.csv,66f3a54afb042103f3e0afc9670568cb7be245394ec04eba55ebd158593f579d,pinned_primary_reference,ar_lag1_7,deterministic_daily_point,2026-05-26,2.0,56.51601348954862,,,54.51601348954862,4758.718202276552
portwatch_two_vintage_four_specification_matrix_v1,297908c214a0afab30a377854585cb1788922334c3bba976f8e2a1141c6ed73e,bb050aa041e8fc1c8391b908baeab529aaf2e9944d5f35b07af661349176adce,pinned_primary,portwatch_chokepoints_snapshot,data/raw/portwatch/Daily_Chokepoints_Data.csv,66f3a54afb042103f3e0afc9670568cb7be245394ec04eba55ebd158593f579d,pinned_primary_reference,ar_lag1_7,deterministic_daily_point,2026-05-27,2.0,56.28092706154746,,,54.28092706154746,4812.999129338099
portwatch_two_vintage_four_specification_matrix_v1,297908c214a0afab30a377854585cb1788922334c3bba976f8e2a1141c6ed73e,bb050aa041e8fc1c8391b908baeab529aaf2e9944d5f35b07af661349176adce,pinned_primary,portwatch_chokepoints_snapshot,data/raw/portwatch/Daily_Chokepoints_Data.csv,66f3a54afb042103f3e0afc9670568cb7be245394ec04eba55ebd158593f579d,pinned_primary_reference,ar_lag1_7,deterministic_daily_point,2026-05-28,0.0,56.66399558120998,,,56.66399558120998,4869.663124919309
portwatch_two_vintage_four_specification_matrix_v1,297908c214a0afab30a377854585cb1788922334c3bba976f8e2a1141c6ed73e,bb050aa041e8fc1c8391b908baeab529aaf2e9944d5f35b07af661349176adce,pinned_primary,portwatch_chokepoints_snapshot,data/raw/portwatch/Daily_Chokepoints_Data.csv,66f3a54afb042103f3e0afc9670568cb7be245394ec04eba55ebd158593f579d,pinned_primary_reference,ar_lag1_7,deterministic_daily_point,2026-05-29,0.0,57.3767635137403,,,57.3767635137403,4927.039888433049
portwatch_two_vintage_four_specification_matrix_v1,297908c214a0afab30a377854585cb1788922334c3bba976f8e2a1141c6ed73e,bb050aa041e8fc1c8391b908baeab529aaf2e9944d5f35b07af661349176adce,pinned_primary,portwatch_chokepoints_snapshot,data/raw/portwatch/Daily_Chokepoints_Data.csv,66f3a54afb042103f3e0afc9670568cb7be245394ec04eba55ebd158593f579d,pinned_primary_reference,ar_lag1_7,deterministic_daily_point,2026-05-30,1.0,57.882504567188185,,,56.882504567188185,4983.922393000237
portwatch_two_vintage_four_specification_matrix_v1,297908c214a0afab30a377854585cb1788922334c3bba976f8e2a1141c6ed73e,bb050aa041e8fc1c8391b908baeab529aaf2e9944d5f35b07af661349176adce,pinned_primary,portwatch_chokepoints_snapshot,data/raw/portwatch/Daily_Chokepoints_Data.csv,66f3a54afb042103f3e0afc9670568cb7be245394ec04eba55ebd158593f579d,pinned_primary_reference,ar_lag1_7,deterministic_daily_point,2026-05-31,0.0,57.80038758706464,,,57.80038758706464,5041.722780587302
portwatch_two_vintage_four_specification_matrix_v1,297908c214a0afab30a377854585cb1788922334c3bba976f8e2a1141c6ed73e,bb050aa041e8fc1c8391b908baeab529aaf2e9944d5f35b07af661349176adce,pinned_primary,portwatch_chokepoints_snapshot,data/raw/portwatch/Daily_Chokepoints_Data.csv,66f3a54afb042103f3e0afc9670568cb7be245394ec04eba55ebd158593f579d,pinned_primary_reference,ar_lag1_7,deterministic_daily_point,2026-06-01,2.0,57.19225023316175,,,55.19225023316175,5096.9150308204635
portwatch_two_vintage_four_specification_matrix_v1,297908c214a0afab30a377854585cb1788922334c3bba976f8e2a1141c6ed73e,bb050aa041e8fc1c8391b908baeab529aaf2e9944d5f35b07af661349176adce,pinned_primary,portwatch_chokepoints_snapshot,data/raw/portwatch/Daily_Chokepoints_Data.csv,66f3a54afb042103f3e0afc9670568cb7be245394ec04eba55ebd158593f579d,pinned_primary_reference,ar_lag1_7,deterministic_daily_point,2026-06-02,4.0,56.5160340033173,,,52.5160340033173,5149.431064823781
portwatch_two_vintage_four_specification_matrix_v1,297908c214a0afab30a377854585cb1788922334c3bba976f8e2a1141c6ed73e,bb050aa041e8fc1c8391b908baeab529aaf2e9944d5f35b07af661349176adce,pinned_primary,portwatch_chokepoints_snapshot,data/raw/portwatch/Daily_Chokepoints_Data.csv,66f3a54afb042103f3e0afc9670568cb7be245394ec04eba55ebd158593f579d,pinned_primary_reference,ar_lag1_7,deterministic_daily_point,2026-06-03,4.0,56.280944977267076,,,52.280944977267076,5201.712009801047
portwatch_two_vintage_four_specification_matrix_v1,297908c214a0afab30a377854585cb1788922334c3bba976f8e2a1141c6ed73e,bb050aa041e8fc1c8391b908baeab529aaf2e9944d5f35b07af661349176adce,pinned_primary,portwatch_chokepoints_snapshot,data/raw/portwatch/Daily_Chokepoints_Data.csv,66f3a54afb042103f3e0afc9670568cb7be245394ec04eba55ebd158593f579d,pinned_primary_reference,ar_lag1_7,deterministic_daily_point,2026-06-04,2.0,56.664011275624496,,,54.664011275624496,5256.376021076672
portwatch_two_vintage_four_specification_matrix_v1,297908c214a0afab30a377854585cb1788922334c3bba976f8e2a1141c6ed73e,bb050aa041e8fc1c8391b908baeab529aaf2e9944d5f35b07af661349176adce,pinned_primary,portwatch_chokepoints_snapshot,data/raw/portwatch/Daily_Chokepoints_Data.csv,66f3a54afb042103f3e0afc9670568cb7be245394ec04eba55ebd158593f579d,pinned_primary_reference,ar_lag1_7,deterministic_daily_point,2026-06-05,0.0,57.376777292220794,,,57.376777292220794,5313.752798368893
portwatch_two_vintage_four_specification_matrix_v1,297908c214a0afab30a377854585cb1788922334c3bba976f8e2a1141c6ed73e,bb050aa041e8fc1c8391b908baeab529aaf2e9944d5f35b07af661349176adce,pinned_primary,portwatch_chokepoints_snapshot,data/raw/portwatch/Daily_Chokepoints_Data.csv,66f3a54afb042103f3e0afc9670568cb7be245394ec04eba55ebd158593f579d,pinned_primary_reference,ar_lag1_7,deterministic_daily_point,2026-06-06,0.0,57.88251666532739,,,57.88251666532739,5371.635315034221
portwatch_two_vintage_four_specification_matrix_v1,297908c214a0afab30a377854585cb1788922334c3bba976f8e2a1141c6ed73e,bb050aa041e8fc1c8391b908baeab529aaf2e9944d5f35b07af661349176adce,pinned_primary,portwatch_chokepoints_snapshot,data/raw/portwatch/Daily_Chokepoints_Data.csv,66f3a54afb042103f3e0afc9670568cb7be245394ec04eba55ebd158593f579d,pinned_primary_reference,ar_lag1_7,deterministic_daily_point,2026-06-07,1.0,57.800398191886536,,,56.800398191886536,5428.4357132261075
portwatch_two_vintage_four_specification_matrix_v1,297908c214a0afab30a377854585cb1788922334c3bba976f8e2a1141c6ed73e,bb050aa041e8fc1c8391b908baeab529aaf2e9944d5f35b07af661349176adce,pinned_primary,portwatch_chokepoints_snapshot,data/raw/portwatch/Daily_Chokepoints_Data.csv,66f3a54afb042103f3e0afc9670568cb7be245394ec04eba55ebd158593f579d,pinned_primary_reference,ar_lag1_7,deterministic_daily_point,2026-06-08,2.0,57.192259507781934,,,55.192259507781934,5483.62797273389
portwatch_two_vintage_four_specification_matrix_v1,297908c214a0afab30a377854585cb1788922334c3bba976f8e2a1141c6ed73e,bb050aa041e8fc1c8391b908baeab529aaf2e9944d5f35b07af661349176adce,pinned_primary,portwatch_chokepoints_snapshot,data/raw/portwatch/Daily_Chokepoints_Data.csv,66f3a54afb042103f3e0afc9670568cb7be245394ec04eba55ebd158593f579d,pinned_primary_reference,ar_lag1_7,deterministic_daily_point,2026-06-09,2.0,56.51604210244082,,,54.51604210244082,5538.144014836331
portwatch_two_vintage_four_specification_matrix_v1,297908c214a0afab30a377854585cb1788922334c3bba976f8e2a1141c6ed73e,bb050aa041e8fc1c8391b908baeab529aaf2e9944d5f35b07af661349176adce,pinned_primary,portwatch_chokepoints_snapshot,data/raw/portwatch/Daily_Chokepoints_Data.csv,66f3a54afb042103f3e0afc9670568cb7be245394ec04eba55ebd158593f579d,pinned_primary_reference,ar_lag1_7,deterministic_daily_point,2026-06-10,1.0,56.280952050219376,,,55.280952050219376,5593.4249668865505
portwatch_two_vintage_four_specification_matrix_v1,297908c214a0afab30a377854585cb1788922334c3bba976f8e2a1141c6ed73e,bb050aa041e8fc1c8391b908baeab529aaf2e9944d5f35b07af661349176adce,pinned_primary,portwatch_chokepoints_snapshot,data/raw/portwatch/Daily_Chokepoints_Data.csv,66f3a54afb042103f3e0afc9670568cb7be245394ec04eba55ebd158593f579d,pinned_primary_reference,ar_lag1_7,deterministic_daily_point,2026-06-11,2.0,56.66401746094476,,,54.66401746094476,5648.088984347495
portwatch_two_vintage_four_specification_matrix_v1,297908c214a0afab30a377854585cb1788922334c3bba976f8e2a1141c6ed73e,bb050aa041e8fc1c8391b908baeab529aaf2e9944d5f35b07af661349176adce,pinned_primary,portwatch_chokepoints_snapshot,data/raw/portwatch/Daily_Chokepoints_Data.csv,66f3a54afb042103f3e0afc9670568cb7be245394ec04eba55ebd158593f579d,pinned_primary_reference,ar_lag1_7,deterministic_daily_point,2026-06-12,1.0,57.376782710704944,,,56.376782710704944,5704.4657670582
portwatch_two_vintage_four_specification_matrix_v1,297908c214a0afab30a377854585cb1788922334c3bba976f8e2a1141c6ed73e,bb050aa041e8fc1c8391b908baeab529aaf2e9944d5f35b07af661349176adce,pinned_primary,portwatch_chokepoints_snapshot,data/raw/portwatch/Daily_Chokepoints_Data.csv,66f3a54afb042103f3e0afc9670568cb7be245394ec04eba55ebd158593f579d,pinned_primary_reference,ar_lag1_7,deterministic_daily_point,2026-06-13,0.0,57.88252141692782,,,57.88252141692782,5762.348288475127
portwatch_two_vintage_four_specification_matrix_v1,297908c214a0afab30a377854585cb1788922334c3bba976f8e2a1141c6ed73e,bb050aa041e8fc1c8391b908baeab529aaf2e9944d5f35b07af661349176adce,pinned_primary,portwatch_chokepoints_snapshot,data/raw/portwatch/Daily_Chokepoints_Data.csv,66f3a54afb042103f3e0afc9670568cb7be245394ec04eba55ebd158593f579d,pinned_primary_reference,ar_lag1_7,deterministic_daily_point,2026-06-14,0.0,57.800402357921804,,,57.800402357921804,5820.148690833049
portwatch_two_vintage_four_specification_matrix_v1,297908c214a0afab30a377854585cb1788922334c3bba976f8e2a1141c6ed73e,bb050aa041e8fc1c8391b908baeab529aaf2e9944d5f35b07af661349176adce,pinned_primary,portwatch_chokepoints_snapshot,data/raw/portwatch/Daily_Chokepoints_Data.csv,66f3a54afb042103f3e0afc9670568cb7be245394ec04eba55ebd158593f579d,pinned_primary_reference,ar_lag1_7,deterministic_daily_point,2026-06-15,1.0,57.19226315633029,,,56.19226315633029,5876.340953989379
portwatch_two_vintage_four_specification_matrix_v1,297908c214a0afab30a377854585cb1788922334c3bba976f8e2a1141c6ed73e,bb050aa041e8fc1c8391b908baeab529aaf2e9944d5f35b07af661349176adce,pinned_primary,portwatch_chokepoints_snapshot,data/raw/portwatch/Daily_Chokepoints_Data.csv,66f3a54afb042103f3e0afc9670568cb7be245394ec04eba55ebd158593f579d,pinned_primary_reference,ar_lag1_7,deterministic_daily_point,2026-06-16,2.0,56.516045293675276,,,54.516045293675276,5930.856999283054
portwatch_two_vintage_four_specification_matrix_v1,297908c214a0afab30a377854585cb1788922334c3bba976f8e2a1141c6ed73e,bb050aa041e8fc1c8391b908baeab529aaf2e9944d5f35b07af661349176adce,pinned_primary,portwatch_chokepoints_snapshot,data/raw/portwatch/Daily_Chokepoints_Data.csv,66f3a54afb042103f3e0afc9670568cb7be245394ec04eba55ebd158593f579d,pinned_primary_reference,ar_lag1_7,deterministic_daily_point,2026-06-17,1.0,56.280954839530345,,,55.280954839530345,5986.137954122585
portwatch_two_vintage_four_specification_matrix_v1,297908c214a0afab30a377854585cb1788922334c3bba976f8e2a1141c6ed73e,bb050aa041e8fc1c8391b908baeab529aaf2e9944d5f35b07af661349176adce,pinned_primary,portwatch_chokepoints_snapshot,data/raw/portwatch/Daily_Chokepoints_Data.csv,66f3a54afb042103f3e0afc9670568cb7be245394ec04eba55ebd158593f579d,pinned_primary_reference,ar_lag1_7,deterministic_daily_point,2026-06-18,11.0,56.664019899509796,,,45.664019899509796,6031.801974022095
portwatch_two_vintage_four_specification_matrix_v1,297908c214a0afab30a377854585cb1788922334c3bba976f8e2a1141c6ed73e,bb050aa041e8fc1c8391b908baeab529aaf2e9944d5f35b07af661349176adce,pinned_primary,portwatch_chokepoints_snapshot,data/raw/portwatch/Daily_Chokepoints_Data.csv,66f3a54afb042103f3e0afc9670568cb7be245394ec04eba55ebd158593f579d,pinned_primary_reference,ar_lag1_7,deterministic_daily_point,2026-06-19,5.0,57.37678484454667,,,52.37678484454667,6084.178758866642
portwatch_two_vintage_four_specification_matrix_v1,297908c214a0afab30a377854585cb1788922334c3bba976f8e2a1141c6ed73e,bb050aa041e8fc1c8391b908baeab529aaf2e9944d5f35b07af661349176adce,pinned_primary,portwatch_chokepoints_snapshot,data/raw/portwatch/Daily_Chokepoints_Data.csv,66f3a54afb042103f3e0afc9670568cb7be245394ec04eba55ebd158593f579d,pinned_primary_reference,ar_lag1_7,deterministic_daily_point,2026-06-20,12.0,57.88252328591326,,,45.88252328591326,6130.061282152556
portwatch_two_vintage_four_specification_matrix_v1,297908c214a0afab30a377854585cb1788922334c3bba976f8e2a1141c6ed73e,bb050aa041e8fc1c8391b908baeab529aaf2e9944d5f35b07af661349176adce,pinned_primary,portwatch_chokepoints_snapshot,data/raw/portwatch/Daily_Chokepoints_Data.csv,66f3a54afb042103f3e0afc9670568cb7be245394ec04eba55ebd158593f579d,pinned_primary_reference,ar_lag1_7,deterministic_daily_point,2026-06-21,1.0,57.80040399566329,,,56.80040399566329,6186.861686148219
portwatch_two_vintage_four_specification_matrix_v1,297908c214a0afab30a377854585cb1788922334c3bba976f8e2a1141c6ed73e,bb050aa041e8fc1c8391b908baeab529aaf2e9944d5f35b07af661349176adce,pinned_primary,portwatch_chokepoints_snapshot,data/raw/portwatch/Daily_Chokepoints_Data.csv,66f3a54afb042103f3e0afc9670568cb7be245394ec04eba55ebd158593f579d,pinned_primary_reference,ar_lag1_7,deterministic_daily_point,2026-06-22,9.0,57.19226459108228,,,48.19226459108228,6235.053950739301
portwatch_two_vintage_four_specification_matrix_v1,297908c214a0afab30a377854585cb1788922334c3bba976f8e2a1141c6ed73e,bb050aa041e8fc1c8391b908baeab529aaf2e9944d5f35b07af661349176adce,pinned_primary,portwatch_chokepoints_snapshot,data/raw/portwatch/Daily_Chokepoints_Data.csv,66f3a54afb042103f3e0afc9670568cb7be245394ec04eba55ebd158593f579d,pinned_primary_reference,ar_lag1_7,deterministic_daily_point,2026-06-23,5.0,56.516046549704605,,,51.516046549704605,6286.569997289006
portwatch_two_vintage_four_specification_matrix_v1,297908c214a0afab30a377854585cb1788922334c3bba976f8e2a1141c6ed73e,bb050aa041e8fc1c8391b908baeab529aaf2e9944d5f35b07af661349176adce,pinned_primary,portwatch_chokepoints_snapshot,data/raw/portwatch/Daily_Chokepoints_Data.csv,66f3a54afb042103f3e0afc9670568cb7be245394ec04eba55ebd158593f579d,pinned_primary_reference,ar_lag1_7,deterministic_daily_point,2026-06-24,21.0,56.280955938328916,,,35.280955938328916,6321.850953227335
portwatch_two_vintage_four_specification_matrix_v1,297908c214a0afab30a377854585cb1788922334c3bba976f8e2a1141c6ed73e,bb050aa041e8fc1c8391b908baeab529aaf2e9944d5f35b07af661349176adce,pinned_primary,portwatch_chokepoints_snapshot,data/raw/portwatch/Daily_Chokepoints_Data.csv,66f3a54afb042103f3e0afc9670568cb7be245394ec04eba55ebd158593f579d,pinned_primary_reference,ar_lag1_7,deterministic_daily_point,2026-06-25,23.0,56.66402086048348,,,33.66402086048348,6355.514974087818
portwatch_two_vintage_four_specification_matrix_v1,297908c214a0afab30a377854585cb1788922334c3bba976f8e2a1141c6ed73e,bb050aa041e8fc1c8391b908baeab529aaf2e9944d5f35b07af661349176adce,pinned_primary,portwatch_chokepoints_snapshot,data/raw/portwatch/Daily_Chokepoints_Data.csv,66f3a54afb042103f3e0afc9670568cb7be245394ec04eba55ebd158593f579d,pinned_primary_reference,ar_lag1_7,deterministic_daily_point,2026-06-26,19.0,57.37678568518492,,,38.37678568518492,6393.891759773002
portwatch_two_vintage_four_specification_matrix_v1,297908c214a0afab30a377854585cb1788922334c3bba976f8e2a1141c6ed73e,bb050aa041e8fc1c8391b908baeab529aaf2e9944d5f35b07af661349176adce,pinned_primary,portwatch_chokepoints_snapshot,data/raw/portwatch/Daily_Chokepoints_Data.csv,66f3a54afb042103f3e0afc9670568cb7be245394ec04eba55ebd158593f579d,pinned_primary_reference,ar_lag1_7,deterministic_daily_point,2026-06-27,9.0,57.88252402169619,,,48.88252402169619,6442.774283794699
portwatch_two_vintage_four_specification_matrix_v1,297908c214a0afab30a377854585cb1788922334c3bba976f8e2a1141c6ed73e,bb050aa041e8fc1c8391b908baeab529aaf2e9944d5f35b07af661349176adce,pinned_primary,portwatch_chokepoints_snapshot,data/raw/portwatch/Daily_Chokepoints_Data.csv,66f3a54afb042103f3e0afc9670568cb7be245394ec04eba55ebd158593f579d,pinned_primary_reference,ar_lag1_7,deterministic_daily_point,2026-06-28,11.0,57.80040463999921,,,46.80040463999921,6489.574688434698
portwatch_two_vintage_four_specification_matrix_v1,297908c214a0afab30a377854585cb1788922334c3bba976f8e2a1141c6ed73e,bb050aa041e8fc1c8391b908baeab529aaf2e9944d5f35b07af661349176adce,pinned_primary,portwatch_chokepoints_snapshot,data/raw/portwatch/Daily_Chokepoints_Data.csv,66f3a54afb042103f3e0afc9670568cb7be245394ec04eba55ebd158593f579d,pinned_primary_reference,ar_lag1_7,deterministic_daily_point,2026-06-29,13.0,57.19226515543441,,,44.19226515543441,6533.766953590132
portwatch_two_vintage_four_specification_matrix_v1,297908c214a0afab30a377854585cb1788922334c3bba976f8e2a1141c6ed73e,bb050aa041e8fc1c8391b908baeab529aaf2e9944d5f35b07af661349176adce,pinned_primary,portwatch_chokepoints_snapshot,data/raw/portwatch/Daily_Chokepoints_Data.csv,66f3a54afb042103f3e0afc9670568cb7be245394ec04eba55ebd158593f579d,pinned_primary_reference,ar_lag1_7,deterministic_daily_point,2026-06-30,6.0,56.516047043892726,,,50.516047043892726,6584.283000634025
portwatch_two_vintage_four_specification_matrix_v1,297908c214a0afab30a377854585cb1788922334c3bba976f8e2a1141c6ed73e,bb050aa041e8fc1c8391b908baeab529aaf2e9944d5f35b07af661349176adce,pinned_primary,portwatch_chokepoints_snapshot,data/raw/portwatch/Daily_Chokepoints_Data.csv,66f3a54afb042103f3e0afc9670568cb7be245394ec04eba55ebd158593f579d,pinned_primary_reference,ar_lag1_7,deterministic_daily_point,2026-07-01,23.0,56.28095637088834,,,33.28095637088834,6617.5639570049125
portwatch_two_vintage_four_specification_matrix_v1,297908c214a0afab30a377854585cb1788922334c3bba976f8e2a1141c6ed73e,bb050aa041e8fc1c8391b908baeab529aaf2e9944d5f35b07af661349176adce,pinned_primary,portwatch_chokepoints_snapshot,data/raw/portwatch/Daily_Chokepoints_Data.csv,66f3a54afb042103f3e0afc9670568cb7be245394ec04eba55ebd158593f579d,pinned_primary_reference,ar_lag1_7,deterministic_daily_point,2026-07-02,18.0,56.664021238960096,,,38.664021238960096,6656.227978243873
portwatch_two_vintage_four_specification_matrix_v1,297908c214a0afab30a377854585cb1788922334c3bba976f8e2a1141c6ed73e,bb050aa041e8fc1c8391b908baeab529aaf2e9944d5f35b07af661349176adce,pinned_primary,portwatch_chokepoints_snapshot,data/raw/portwatch/Daily_Chokepoints_Data.csv,66f3a54afb042103f3e0afc9670568cb7be245394ec04eba55ebd158593f579d,pinned_primary_reference,ar_lag1_7,deterministic_daily_point,2026-07-03,21.0,57.376786016308266,,,36.376786016308266,6692.604764260181
portwatch_two_vintage_four_specification_matrix_v1,297908c214a0afab30a377854585cb1788922334c3bba976f8e2a1141c6ed73e,bb050aa041e8fc1c8391b908baeab529aaf2e9944d5f35b07af661349176adce,pinned_primary,portwatch_chokepoints_snapshot,data/raw/portwatch/Daily_Chokepoints_Data.csv,66f3a54afb042103f3e0afc9670568cb7be245394ec04eba55ebd158593f579d,pinned_primary_reference,ar_lag1_7,deterministic_daily_point,2026-07-04,11.0,57.88252431144722,,,46.88252431144722,6739.487288571628
portwatch_two_vintage_four_specification_matrix_v1,297908c214a0afab30a377854585cb1788922334c3bba976f8e2a1141c6ed73e,bb050aa041e8fc1c8391b908baeab529aaf2e9944d5f35b07af661349176adce,pinned_primary,portwatch_chokepoints_snapshot,data/raw/portwatch/Daily_Chokepoints_Data.csv,66f3a54afb042103f3e0afc9670568cb7be245394ec04eba55ebd158593f579d,pinned_primary_reference,ar_lag1_7,deterministic_daily_point,2026-07-05,16.0,57.80040489363227,,,41.80040489363227,6781.2876934652595
portwatch_two_vintage_four_specification_matrix_v1,297908c214a0afab30a377854585cb1788922334c3bba976f8e2a1141c6ed73e,bb050aa041e8fc1c8391b908baeab529aaf2e9944d5f35b07af661349176adce,pinned_primary,portwatch_chokepoints_snapshot,data/raw/portwatch/Daily_Chokepoints_Data.csv,66f3a54afb042103f3e0afc9670568cb7be245394ec04eba55ebd158593f579d,pinned_primary_reference,ar_lag1_7,deterministic_daily_point,2026-07-06,14.0,57.19226537751015,,,43.19226537751015,6824.4799588427695
portwatch_two_vintage_four_specification_matrix_v1,297908c214a0afab30a377854585cb1788922334c3bba976f8e2a1141c6ed73e,bb050aa041e8fc1c8391b908baeab529aaf2e9944d5f35b07af661349176adce,pinned_primary,portwatch_chokepoints_snapshot,data/raw/portwatch/Daily_Chokepoints_Data.csv,66f3a54afb042103f3e0afc9670568cb7be245394ec04eba55ebd158593f579d,pinned_primary_reference,ar_lag1_7,deterministic_daily_point,2026-07-07,12.0,56.516047238346886,,,44.516047238346886,6868.996006081116
portwatch_two_vintage_four_specification_matrix_v1,297908c214a0afab30a377854585cb1788922334c3bba976f8e2a1141c6ed73e,bb050aa041e8fc1c8391b908baeab529aaf2e9944d5f35b07af661349176adce,pinned_primary,portwatch_chokepoints_snapshot,data/raw/portwatch/Daily_Chokepoints_Data.csv,66f3a54afb042103f3e0afc9670568cb7be245394ec04eba55ebd158593f579d,pinned_primary_reference,bsts_local_level_weekly,daily_marginal_posterior_median,2026-02-28,35.0,54.209765234850074,28.441735516838154,79.021851997219,19.209765234850074,19.209765234850074
portwatch_two_vintage_four_specification_matrix_v1,297908c214a0afab30a377854585cb1788922334c3bba976f8e2a1141c6ed73e,bb050aa041e8fc1c8391b908baeab529aaf2e9944d5f35b07af661349176adce,pinned_primary,portwatch_chokepoints_snapshot,data/raw/portwatch/Daily_Chokepoints_Data.csv,66f3a54afb042103f3e0afc9670568cb7be245394ec04eba55ebd158593f579d,pinned_primary_reference,bsts_local_level_weekly,daily_marginal_posterior_median,2026-03-01,10.0,53.20037947083064,29.44576669392107,78.5568564844882,43.20037947083064,62.410144705680715
portwatch_two_vintage_four_specification_matrix_v1,297908c214a0afab30a377854585cb1788922334c3bba976f8e2a1141c6ed73e,bb050aa041e8fc1c8391b908baeab529aaf2e9944d5f35b07af661349176adce,pinned_primary,portwatch_chokepoints_snapshot,data/raw/portwatch/Daily_Chokepoints_Data.csv,66f3a54afb042103f3e0afc9670568cb7be245394ec04eba55ebd158593f579d,pinned_primary_reference,bsts_local_level_weekly,daily_marginal_posterior_median,2026-03-02,2.0,53.13902775767014,27.31918530816411,79.16558679162088,51.13902775767014,113.54917246335086
portwatch_two_vintage_four_specification_matrix_v1,297908c214a0afab30a377854585cb1788922334c3bba976f8e2a1141c6ed73e,bb050aa041e8fc1c8391b908baeab529aaf2e9944d5f35b07af661349176adce,pinned_primary,portwatch_chokepoints_snapshot,data/raw/portwatch/Daily_Chokepoints_Data.csv,66f3a54afb042103f3e0afc9670568cb7be245394ec04eba55ebd158593f579d,pinned_primary_reference,bsts_local_level_weekly,daily_marginal_posterior_median,2026-03-03,2.0,53.111882092521654,27.34007712476293,78.31173110604523,51.111882092521654,164.6610545558725
portwatch_two_vintage_four_specification_matrix_v1,297908c214a0afab30a377854585cb1788922334c3bba976f8e2a1141c6ed73e,bb050aa041e8fc1c8391b908baeab529aaf2e9944d5f35b07af661349176adce,pinned_primary,portwatch_chokepoints_snapshot,data/raw/portwatch/Daily_Chokepoints_Data.csv,66f3a54afb042103f3e0afc9670568cb7be245394ec04eba55ebd158593f579d,pinned_primary_reference,bsts_local_level_weekly,daily_marginal_posterior_median,2026-03-04,0.0,52.89142210785546,24.4500166607262,79.90055424998344,52.89142210785546,217.552476663728
portwatch_two_vintage_four_specification_matrix_v1,297908c214a0afab30a377854585cb1788922334c3bba976f8e2a1141c6ed73e,bb050aa041e8fc1c8391b908baeab529aaf2e9944d5f35b07af661349176adce,pinned_primary,portwatch_chokepoints_snapshot,data/raw/portwatch/Daily_Chokepoints_Data.csv,66f3a54afb042103f3e0afc9670568cb7be245394ec04eba55ebd158593f579d,pinned_primary_reference,bsts_local_level_weekly,daily_marginal_posterior_median,2026-03-05,1.0,53.632967211250744,24.742654582798348,82.02786149709365,52.632967211250744,270.1854438749787
portwatch_two_vintage_four_specification_matrix_v1,297908c214a0afab30a377854585cb1788922334c3bba976f8e2a1141c6ed73e,bb050aa041e8fc1c8391b908baeab529aaf2e9944d5f35b07af661349176adce,pinned_primary,portwatch_chokepoints_snapshot,data/raw/portwatch/Daily_Chokepoints_Data.csv,66f3a54afb042103f3e0afc9670568cb7be245394ec04eba55ebd158593f579d,pinned_primary_reference,bsts_local_level_weekly,daily_marginal_posterior_median,2026-03-06,0.0,53.682063227234636,26.279451044954563,80.9700472222994,53.682063227234636,323.8675071022134
portwatch_two_vintage_four_specification_matrix_v1,297908c214a0afab30a377854585cb1788922334c3bba976f8e2a1141c6ed73e,bb050aa041e8fc1c8391b908baeab529aaf2e9944d5f35b07af661349176adce,pinned_primary,portwatch_chokepoints_snapshot,data/raw/portwatch/Daily_Chokepoints_Data.csv,66f3a54afb042103f3e0afc9670568cb7be245394ec04eba55ebd158593f579d,pinned_primary_reference,bsts_local_level_weekly,daily_marginal_posterior_median,2026-03-07,0.0,53.84068149751562,25.722935683084803,83.04530371134275,53.84068149751562,377.708188599729
portwatch_two_vintage_four_specification_matrix_v1,297908c214a0afab30a377854585cb1788922334c3bba976f8e2a1141c6ed73e,bb050aa041e8fc1c8391b908baeab529aaf2e9944d5f35b07af661349176adce,pinned_primary,portwatch_chokepoints_snapshot,data/raw/portwatch/Daily_Chokepoints_Data.csv,66f3a54afb042103f3e0afc9670568cb7be245394ec04eba55ebd158593f579d,pinned_primary_reference,bsts_local_level_weekly,daily_marginal_posterior_median,2026-03-08,0.0,53.99518841913613,24.043212729699412,82.37397240284409,53.99518841913613,431.7033770188651
portwatch_two_vintage_four_specification_matrix_v1,297908c214a0afab30a377854585cb1788922334c3bba976f8e2a1141c6ed73e,bb050aa041e8fc1c8391b908baeab529aaf2e9944d5f35b07af661349176adce,pinned_primary,portwatch_chokepoints_snapshot,data/raw/portwatch/Daily_Chokepoints_Data.csv,66f3a54afb042103f3e0afc9670568cb7be245394ec04eba55ebd158593f579d,pinned_primary_reference,bsts_local_level_weekly,daily_marginal_posterior_median,2026-03-09,0.0,53.39804508550303,25.316758851025206,83.3662568029743,53.39804508550303,485.10142210436817
portwatch_two_vintage_four_specification_matrix_v1,297908c214a0afab30a377854585cb1788922334c3bba976f8e2a1141c6ed73e,bb050aa041e8fc1c8391b908baeab529aaf2e9944d5f35b07af661349176adce,pinned_primary,portwatch_chokepoints_snapshot,data/raw/portwatch/Daily_Chokepoints_Data.csv,66f3a54afb042103f3e0afc9670568cb7be245394ec04eba55ebd158593f579d,pinned_primary_reference,bsts_local_level_weekly,daily_marginal_posterior_median,2026-03-10,1.0,53.01672160982189,22.686370499711913,82.42049995293092,52.01672160982189,537.1181437141901
portwatch_two_vintage_four_specification_matrix_v1,297908c214a0afab30a377854585cb1788922334c3bba976f8e2a1141c6ed73e,bb050aa041e8fc1c8391b908baeab529aaf2e9944d5f35b07af661349176adce,pinned_primary,portwatch_chokepoints_snapshot,data/raw/portwatch/Daily_Chokepoints_Data.csv,66f3a54afb042103f3e0afc9670568cb7be245394ec04eba55ebd158593f579d,pinned_primary_reference,bsts_local_level_weekly,daily_marginal_posterior_median,2026-03-11,1.0,52.99970962132145,22.32200119810674,83.96654454743317,51.99970962132145,589.1178533355115
portwatch_two_vintage_four_specification_matrix_v1,297908c214a0afab30a377854585cb1788922334c3bba976f8e2a1141c6ed73e,bb050aa041e8fc1c8391b908baeab529aaf2e9944d5f35b07af661349176adce,pinned_primary,portwatch_chokepoints_snapshot,data/raw/portwatch/Daily_Chokepoints_Data.csv,66f3a54afb042103f3e0afc9670568cb7be245394ec04eba55ebd158593f579d,pinned_primary_reference,bsts_local_level_weekly,daily_marginal_posterior_median,2026-03-12,0.0,52.986619100788985,20.503828066967493,84.72046699033558,52.986619100788985,642.1044724363005
portwatch_two_vintage_four_specification_matrix_v1,297908c214a0afab30a377854585cb1788922334c3bba976f8e2a1141c6ed73e,bb050aa041e8fc1c8391b908baeab529aaf2e9944d5f35b07af661349176adce,pinned_primary,portwatch_chokepoints_snapshot,data/raw/portwatch/Daily_Chokepoints_Data.csv,66f3a54afb042103f3e0afc9670568cb7be245394ec04eba55ebd158593f579d,pinned_primary_reference,bsts_local_level_weekly,daily_marginal_posterior_median,2026-03-13,0.0,53.977801334015155,21.95079790407709,86.03189267499576,53.977801334015155,696.0822737703156
portwatch_two_vintage_four_specification_matrix_v1,297908c214a0afab30a377854585cb1788922334c3bba976f8e2a1141c6ed73e,bb050aa041e8fc1c8391b908baeab529aaf2e9944d5f35b07af661349176adce,pinned_primary,portwatch_chokepoints_snapshot,data/raw/portwatch/Daily_Chokepoints_Data.csv,66f3a54afb042103f3e0afc9670568cb7be245394ec04eba55ebd158593f579d,pinned_primary_reference,bsts_local_level_weekly,daily_marginal_posterior_median,2026-03-14,0.0,54.20627203773326,22.462406360420058,86.070579069115,54.20627203773326,750.2885458080489
portwatch_two_vintage_four_specification_matrix_v1,297908c214a0afab30a377854585cb1788922334c3bba976f8e2a1141c6ed73e,bb050aa041e8fc1c8391b908baeab529aaf2e9944d5f35b07af661349176adce,pinned_primary,portwatch_chokepoints_snapshot,data/raw/portwatch/Daily_Chokepoints_Data.csv,66f3a54afb042103f3e0afc9670568cb7be245394ec04eba55ebd158593f579d,pinned_primary_reference,bsts_local_level_weekly,daily_marginal_posterior_median,2026-03-15,2.0,54.2560763938351,21.000886772707087,87.10272514399664,52.2560763938351,802.544622201884
portwatch_two_vintage_four_specification_matrix_v1,297908c214a0afab30a377854585cb1788922334c3bba976f8e2a1141c6ed73e,bb050aa041e8fc1c8391b908baeab529aaf2e9944d5f35b07af661349176adce,pinned_primary,portwatch_chokepoints_snapshot,data/raw/portwatch/Daily_Chokepoints_Data.csv,66f3a54afb042103f3e0afc9670568cb7be245394ec04eba55ebd158593f579d,pinned_primary_reference,bsts_local_level_weekly,daily_marginal_posterior_median,2026-03-16,0.0,53.97280627525902,21.078135013170456,87.02556248097729,53.97280627525902,856.517428477143
portwatch_two_vintage_four_specification_matrix_v1,297908c214a0afab30a377854585cb1788922334c3bba976f8e2a1141c6ed73e,bb050aa041e8fc1c8391b908baeab529aaf2e9944d5f35b07af661349176adce,pinned_primary,portwatch_chokepoints_snapshot,data/raw/portwatch/Daily_Chokepoints_Data.csv,66f3a54afb042103f3e0afc9670568cb7be245394ec04eba55ebd158593f579d,pinned_primary_reference,bsts_local_level_weekly,daily_marginal_posterior_median,2026-03-17,1.0,53.0238572014035,18.408377928580745,86.50257360493757,52.0238572014035,908.5412856785465
portwatch_two_vintage_four_specification_matrix_v1,297908c214a0afab30a377854585cb1788922334c3bba976f8e2a1141c6ed73e,bb050aa041e8fc1c8391b908baeab529aaf2e9944d5f35b07af661349176adce,pinned_primary,portwatch_chokepoints_snapshot,data/raw/portwatch/Daily_Chokepoints_Data.csv,66f3a54afb042103f3e0afc9670568cb7be245394ec04eba55ebd158593f579d,pinned_primary_reference,bsts_local_level_weekly,daily_marginal_posterior_median,2026-03-18,0.0,52.694641769371856,18.87974644858223,87.82219179864835,52.694641769371856,961.2359274479184
portwatch_two_vintage_four_specification_matrix_v1,297908c214a0afab30a377854585cb1788922334c3bba976f8e2a1141c6ed73e,bb050aa041e8fc1c8391b908baeab529aaf2e9944d5f35b07af661349176adce,pinned_primary,portwatch_chokepoints_snapshot,data/raw/portwatch/Daily_Chokepoints_Data.csv,66f3a54afb042103f3e0afc9670568cb7be245394ec04eba55ebd158593f579d,pinned_primary_reference,bsts_local_level_weekly,daily_marginal_posterior_median,2026-03-19,0.0,53.179755497643875,17.31816184526236,84.86162160372842,53.179755497643875,1014.4156829455623
portwatch_two_vintage_four_specification_matrix_v1,297908c214a0afab30a377854585cb1788922334c3bba976f8e2a1141c6ed73e,bb050aa041e8fc1c8391b908baeab529aaf2e9944d5f35b07af661349176adce,pinned_primary,portwatch_chokepoints_snapshot,data/raw/portwatch/Daily_Chokepoints_Data.csv,66f3a54afb042103f3e0afc9670568cb7be245394ec04eba55ebd158593f579d,pinned_primary_reference,bsts_local_level_weekly,daily_marginal_posterior_median,2026-03-20,2.0,54.367321608355645,17.55280016019742,87.74292955675378,52.367321608355645,1066.7830045539179
portwatch_two_vintage_four_specification_matrix_v1,297908c214a0afab30a377854585cb1788922334c3bba976f8e2a1141c6ed73e,bb050aa041e8fc1c8391b908baeab529aaf2e9944d5f35b07af661349176adce,pinned_primary,portwatch_chokepoints_snapshot,data/raw/portwatch/Daily_Chokepoints_Data.csv,66f3a54afb042103f3e0afc9670568cb7be245394ec04eba55ebd158593f579d,pinned_primary_reference,bsts_local_level_weekly,daily_marginal_posterior_median,2026-03-21,0.0,54.21185907123575,19.95448992150953,89.5906779550853,54.21185907123575,1120.9948636251536
portwatch_two_vintage_four_specification_matrix_v1,297908c214a0afab30a377854585cb1788922334c3bba976f8e2a1141c6ed73e,bb050aa041e8fc1c8391b908baeab529aaf2e9944d5f35b07af661349176adce,pinned_primary,portwatch_chokepoints_snapshot,data/raw/portwatch/Daily_Chokepoints_Data.csv,66f3a54afb042103f3e0afc9670568cb7be245394ec04eba55ebd158593f579d,pinned_primary_reference,bsts_local_level_weekly,daily_marginal_posterior_median,2026-03-22,0.0,53.97250154917582,17.755807514020194,89.33250929897793,53.97250154917582,1174.9673651743294
portwatch_two_vintage_four_specification_matrix_v1,297908c214a0afab30a377854585cb1788922334c3bba976f8e2a1141c6ed73e,bb050aa041e8fc1c8391b908baeab529aaf2e9944d5f35b07af661349176adce,pinned_primary,portwatch_chokepoints_snapshot,data/raw/portwatch/Daily_Chokepoints_Data.csv,66f3a54afb042103f3e0afc9670568cb7be245394ec04eba55ebd158593f579d,pinned_primary_reference,bsts_local_level_weekly,daily_marginal_posterior_median,2026-03-23,2.0,53.78976906595892,15.636518813474146,91.22294183584937,51.78976906595892,1226.7571342402885
portwatch_two_vintage_four_specification_matrix_v1,297908c214a0afab30a377854585cb1788922334c3bba976f8e2a1141c6ed73e,bb050aa041e8fc1c8391b908baeab529aaf2e9944d5f35b07af661349176adce,pinned_primary,portwatch_chokepoints_snapshot,data/raw/portwatch/Daily_Chokepoints_Data.csv,66f3a54afb042103f3e0afc9670568cb7be245394ec04eba55ebd158593f579d,pinned_primary_reference,bsts_local_level_weekly,daily_marginal_posterior_median,2026-03-24,1.0,53.19685769075737,15.170175134422127,89.60354903507276,52.19685769075737,1278.9539919310457
portwatch_two_vintage_four_specification_matrix_v1,297908c214a0afab30a377854585cb1788922334c3bba976f8e2a1141c6ed73e,bb050aa041e8fc1c8391b908baeab529aaf2e9944d5f35b07af661349176adce,pinned_primary,portwatch_chokepoints_snapshot,data/raw/portwatch/Daily_Chokepoints_Data.csv,66f3a54afb042103f3e0afc9670568cb7be245394ec04eba55ebd158593f579d,pinned_primary_reference,bsts_local_level_weekly,daily_marginal_posterior_median,2026-03-25,1.0,52.17134468816562,15.273439026886596,91.39602479308961,51.17134468816562,1330.1253366192113
portwatch_two_vintage_four_specification_matrix_v1,297908c214a0afab30a377854585cb1788922334c3bba976f8e2a1141c6ed73e,bb050aa041e8fc1c8391b908baeab529aaf2e9944d5f35b07af661349176adce,pinned_primary,portwatch_chokepoints_snapshot,data/raw/portwatch/Daily_Chokepoints_Data.csv,66f3a54afb042103f3e0afc9670568cb7be245394ec04eba55ebd158593f579d,pinned_primary_reference,bsts_local_level_weekly,daily_marginal_posterior_median,2026-03-26,0.0,54.17336569944761,14.825108406019991,90.19392526768299,54.17336569944761,1384.298702318659
portwatch_two_vintage_four_specification_matrix_v1,297908c214a0afab30a377854585cb1788922334c3bba976f8e2a1141c6ed73e,bb050aa041e8fc1c8391b908baeab529aaf2e9944d5f35b07af661349176adce,pinned_primary,portwatch_chokepoints_snapshot,data/raw/portwatch/Daily_Chokepoints_Data.csv,66f3a54afb042103f3e0afc9670568cb7be245394ec04eba55ebd158593f579d,pinned_primary_reference,bsts_local_level_weekly,daily_marginal_posterior_median,2026-03-27,0.0,53.899839421899394,14.609323215497513,92.44006851031816,53.899839421899394,1438.1985417405583
portwatch_two_vintage_four_specification_matrix_v1,297908c214a0afab30a377854585cb1788922334c3bba976f8e2a1141c6ed73e,bb050aa041e8fc1c8391b908baeab529aaf2e9944d5f35b07af661349176adce,pinned_primary,portwatch_chokepoints_snapshot,data/raw/portwatch/Daily_Chokepoints_Data.csv,66f3a54afb042103f3e0afc9670568cb7be245394ec04eba55ebd158593f579d,pinned_primary_reference,bsts_local_level_weekly,daily_marginal_posterior_median,2026-03-28,1.0,54.77711387848012,13.971360389318212,91.61780329110114,53.77711387848012,1491.9756556190384
portwatch_two_vintage_four_specification_matrix_v1,297908c214a0afab30a377854585cb1788922334c3bba976f8e2a1141c6ed73e,bb050aa041e8fc1c8391b908baeab529aaf2e9944d5f35b07af661349176adce,pinned_primary,portwatch_chokepoints_snapshot,data/raw/portwatch/Daily_Chokepoints_Data.csv,66f3a54afb042103f3e0afc9670568cb7be245394ec04eba55ebd158593f579d,pinned_primary_reference,bsts_local_level_weekly,daily_marginal_posterior_median,2026-03-29,2.0,54.19202002134445,15.104559368787967,93.2537893117053,52.19202002134445,1544.1676756403829
portwatch_two_vintage_four_specification_matrix_v1,297908c214a0afab30a377854585cb1788922334c3bba976f8e2a1141c6ed73e,bb050aa041e8fc1c8391b908baeab529aaf2e9944d5f35b07af661349176adce,pinned_primary,portwatch_chokepoints_snapshot,data/raw/portwatch/Daily_Chokepoints_Data.csv,66f3a54afb042103f3e0afc9670568cb7be245394ec04eba55ebd158593f579d,pinned_primary_reference,bsts_local_level_weekly,daily_marginal_posterior_median,2026-03-30,5.0,54.019324214684204,15.060744189252386,94.53765024051748,49.019324214684204,1593.1869998550671
portwatch_two_vintage_four_specification_matrix_v1,297908c214a0afab30a377854585cb1788922334c3bba976f8e2a1141c6ed73e,bb050aa041e8fc1c8391b908baeab529aaf2e9944d5f35b07af661349176adce,pinned_primary,portwatch_chokepoints_snapshot,data/raw/portwatch/Daily_Chokepoints_Data.csv,66f3a54afb042103f3e0afc9670568cb7be245394ec04eba55ebd158593f579d,pinned_primary_reference,bsts_local_level_weekly,daily_marginal_posterior_median,2026-03-31,5.0,52.28935354791007,12.729289443309458,92.75359514746232,47.28935354791007,1640.476353402977
portwatch_two_vintage_four_specification_matrix_v1,297908c214a0afab30a377854585cb1788922334c3bba976f8e2a1141c6ed73e,bb050aa041e8fc1c8391b908baeab529aaf2e9944d5f35b07af661349176adce,pinned_primary,portwatch_chokepoints_snapshot,data/raw/portwatch/Daily_Chokepoints_Data.csv,66f3a54afb042103f3e0afc9670568cb7be245394ec04eba55ebd158593f579d,pinned_primary_reference,bsts_local_level_weekly,daily_marginal_posterior_median,2026-04-01,3.0,52.09006682920152,12.338846883585505,91.81551955261078,49.09006682920152,1689.5664202321786
portwatch_two_vintage_four_specification_matrix_v1,297908c214a0afab30a377854585cb1788922334c3bba976f8e2a1141c6ed73e,bb050aa041e8fc1c8391b908baeab529aaf2e9944d5f35b07af661349176adce,pinned_primary,portwatch_chokepoints_snapshot,data/raw/portwatch/Daily_Chokepoints_Data.csv,66f3a54afb042103f3e0afc9670568cb7be245394ec04eba55ebd158593f579d,pinned_primary_reference,bsts_local_level_weekly,daily_marginal_posterior_median,2026-04-02,1.0,53.37841307922721,10.208927221465528,94.85955813457095,52.37841307922721,1741.9448333114058
portwatch_two_vintage_four_specification_matrix_v1,297908c214a0afab30a377854585cb1788922334c3bba976f8e2a1141c6ed73e,bb050aa041e8fc1c8391b908baeab529aaf2e9944d5f35b07af661349176adce,pinned_primary,portwatch_chokepoints_snapshot,data/raw/portwatch/Daily_Chokepoints_Data.csv,66f3a54afb042103f3e0afc9670568cb7be245394ec04eba55ebd158593f579d,pinned_primary_reference,bsts_local_level_weekly,daily_marginal_posterior_median,2026-04-03,5.0,52.926424394818746,10.176782983850359,94.41681276476838,47.926424394818746,1789.8712577062245
portwatch_two_vintage_four_specification_matrix_v1,297908c214a0afab30a377854585cb1788922334c3bba976f8e2a1141c6ed73e,bb050aa041e8fc1c8391b908baeab529aaf2e9944d5f35b07af661349176adce,pinned_primary,portwatch_chokepoints_snapshot,data/raw/portwatch/Daily_Chokepoints_Data.csv,66f3a54afb042103f3e0afc9670568cb7be245394ec04eba55ebd158593f579d,pinned_primary_reference,bsts_local_level_weekly,daily_marginal_posterior_median,2026-04-04,4.0,54.51598968049277,12.792364938825044,96.20558838088728,50.51598968049277,1840.3872473867173
portwatch_two_vintage_four_specification_matrix_v1,297908c214a0afab30a377854585cb1788922334c3bba976f8e2a1141c6ed73e,bb050aa041e8fc1c8391b908baeab529aaf2e9944d5f35b07af661349176adce,pinned_primary,portwatch_chokepoints_snapshot,data/raw/portwatch/Daily_Chokepoints_Data.csv,66f3a54afb042103f3e0afc9670568cb7be245394ec04eba55ebd158593f579d,pinned_primary_reference,bsts_local_level_weekly,daily_marginal_posterior_median,2026-04-05,5.0,53.72536549438316,11.450025390054536,97.381180160384,48.72536549438316,1889.1126128811004
portwatch_two_vintage_four_specification_matrix_v1,297908c214a0afab30a377854585cb1788922334c3bba976f8e2a1141c6ed73e,bb050aa041e8fc1c8391b908baeab529aaf2e9944d5f35b07af661349176adce,pinned_primary,portwatch_chokepoints_snapshot,data/raw/portwatch/Daily_Chokepoints_Data.csv,66f3a54afb042103f3e0afc9670568cb7be245394ec04eba55ebd158593f579d,pinned_primary_reference,bsts_local_level_weekly,daily_marginal_posterior_median,2026-04-06,1.0,53.4426598863043,8.999708224589108,98.15634995331723,52.4426598863043,1941.5552727674046
portwatch_two_vintage_four_specification_matrix_v1,297908c214a0afab30a377854585cb1788922334c3bba976f8e2a1141c6ed73e,bb050aa041e8fc1c8391b908baeab529aaf2e9944d5f35b07af661349176adce,pinned_primary,portwatch_chokepoints_snapshot,data/raw/portwatch/Daily_Chokepoints_Data.csv,66f3a54afb042103f3e0afc9670568cb7be245394ec04eba55ebd158593f579d,pinned_primary_reference,bsts_local_level_weekly,daily_marginal_posterior_median,2026-04-07,3.0,53.611779767627894,10.13343732738343,96.12119684759912,50.611779767627894,1992.1670525350326
portwatch_two_vintage_four_specification_matrix_v1,297908c214a0afab30a377854585cb1788922334c3bba976f8e2a1141c6ed73e,bb050aa041e8fc1c8391b908baeab529aaf2e9944d5f35b07af661349176adce,pinned_primary,portwatch_chokepoints_snapshot,data/raw/portwatch/Daily_Chokepoints_Data.csv,66f3a54afb042103f3e0afc9670568cb7be245394ec04eba55ebd158593f579d,pinned_primary_reference,bsts_local_level_weekly,daily_marginal_posterior_median,2026-04-08,1.0,53.18197130384188,10.211085723225509,95.25224802835864,52.18197130384188,2044.3490238388745
portwatch_two_vintage_four_specification_matrix_v1,297908c214a0afab30a377854585cb1788922334c3bba976f8e2a1141c6ed73e,bb050aa041e8fc1c8391b908baeab529aaf2e9944d5f35b07af661349176adce,pinned_primary,portwatch_chokepoints_snapshot,data/raw/portwatch/Daily_Chokepoints_Data.csv,66f3a54afb042103f3e0afc9670568cb7be245394ec04eba55ebd158593f579d,pinned_primary_reference,bsts_local_level_weekly,daily_marginal_posterior_median,2026-04-09,5.0,53.57371972917329,8.792751245781956,97.47389939062391,48.57371972917329,2092.9227435680477
portwatch_two_vintage_four_specification_matrix_v1,297908c214a0afab30a377854585cb1788922334c3bba976f8e2a1141c6ed73e,bb050aa041e8fc1c8391b908baeab529aaf2e9944d5f35b07af661349176adce,pinned_primary,portwatch_chokepoints_snapshot,data/raw/portwatch/Daily_Chokepoints_Data.csv,66f3a54afb042103f3e0afc9670568cb7be245394ec04eba55ebd158593f579d,pinned_primary_reference,bsts_local_level_weekly,daily_marginal_posterior_median,2026-04-10,1.0,54.601864232601514,7.4173237085297865,98.81425817559634,53.601864232601514,2146.5246078006494
portwatch_two_vintage_four_specification_matrix_v1,297908c214a0afab30a377854585cb1788922334c3bba976f8e2a1141c6ed73e,bb050aa041e8fc1c8391b908baeab529aaf2e9944d5f35b07af661349176adce,pinned_primary,portwatch_chokepoints_snapshot,data/raw/portwatch/Daily_Chokepoints_Data.csv,66f3a54afb042103f3e0afc9670568cb7be245394ec04eba55ebd158593f579d,pinned_primary_reference,bsts_local_level_weekly,daily_marginal_posterior_median,2026-04-11,4.0,55.19088587889182,8.606318649703258,97.58276842198026,51.19088587889182,2197.7154936795414
portwatch_two_vintage_four_specification_matrix_v1,297908c214a0afab30a377854585cb1788922334c3bba976f8e2a1141c6ed73e,bb050aa041e8fc1c8391b908baeab529aaf2e9944d5f35b07af661349176adce,pinned_primary,portwatch_chokepoints_snapshot,data/raw/portwatch/Daily_Chokepoints_Data.csv,66f3a54afb042103f3e0afc9670568cb7be245394ec04eba55ebd158593f579d,pinned_primary_reference,bsts_local_level_weekly,daily_marginal_posterior_median,2026-04-12,4.0,54.68901705066652,4.580813690053907,98.35897264503046,50.68901705066652,2248.404510730208
portwatch_two_vintage_four_specification_matrix_v1,297908c214a0afab30a377854585cb1788922334c3bba976f8e2a1141c6ed73e,bb050aa041e8fc1c8391b908baeab529aaf2e9944d5f35b07af661349176adce,pinned_primary,portwatch_chokepoints_snapshot,data/raw/portwatch/Daily_Chokepoints_Data.csv,66f3a54afb042103f3e0afc9670568cb7be245394ec04eba55ebd158593f579d,pinned_primary_reference,bsts_local_level_weekly,daily_marginal_posterior_median,2026-04-13,4.0,53.707597031749245,6.28564154252633,100.4412419625955,49.707597031749245,2298.1121077619573
portwatch_two_vintage_four_specification_matrix_v1,297908c214a0afab30a377854585cb1788922334c3bba976f8e2a1141c6ed73e,bb050aa041e8fc1c8391b908baeab529aaf2e9944d5f35b07af661349176adce,pinned_primary,portwatch_chokepoints_snapshot,data/raw/portwatch/Daily_Chokepoints_Data.csv,66f3a54afb042103f3e0afc9670568cb7be245394ec04eba55ebd158593f579d,pinned_primary_reference,bsts_local_level_weekly,daily_marginal_posterior_median,2026-04-14,5.0,53.11267290832447,6.581080259088485,97.3071813816579,48.11267290832447,2346.2247806702817
portwatch_two_vintage_four_specification_matrix_v1,297908c214a0afab30a377854585cb1788922334c3bba976f8e2a1141c6ed73e,bb050aa041e8fc1c8391b908baeab529aaf2e9944d5f35b07af661349176adce,pinned_primary,portwatch_chokepoints_snapshot,data/raw/portwatch/Daily_Chokepoints_Data.csv,66f3a54afb042103f3e0afc9670568cb7be245394ec04eba55ebd158593f579d,pinned_primary_reference,bsts_local_level_weekly,daily_marginal_posterior_median,2026-04-15,7.0,53.457909385922484,4.961058285740522,98.94489808476106,46.457909385922484,2392.682690056204
portwatch_two_vintage_four_specification_matrix_v1,297908c214a0afab30a377854585cb1788922334c3bba976f8e2a1141c6ed73e,bb050aa041e8fc1c8391b908baeab529aaf2e9944d5f35b07af661349176adce,pinned_primary,portwatch_chokepoints_snapshot,data/raw/portwatch/Daily_Chokepoints_Data.csv,66f3a54afb042103f3e0afc9670568cb7be245394ec04eba55ebd158593f579d,pinned_primary_reference,bsts_local_level_weekly,daily_marginal_posterior_median,2026-04-16,5.0,53.51371509389125,7.343313833152112,98.79158462653514,48.51371509389125,2441.1964051500954
portwatch_two_vintage_four_specification_matrix_v1,297908c214a0afab30a377854585cb1788922334c3bba976f8e2a1141c6ed73e,bb050aa041e8fc1c8391b908baeab529aaf2e9944d5f35b07af661349176adce,pinned_primary,portwatch_chokepoints_snapshot,data/raw/portwatch/Daily_Chokepoints_Data.csv,66f3a54afb042103f3e0afc9670568cb7be245394ec04eba55ebd158593f579d,pinned_primary_reference,bsts_local_level_weekly,daily_marginal_posterior_median,2026-04-17,10.0,54.096929144307346,6.234822861194291,100.60926633634806,44.096929144307346,2485.293334294403
portwatch_two_vintage_four_specification_matrix_v1,297908c214a0afab30a377854585cb1788922334c3bba976f8e2a1141c6ed73e,bb050aa041e8fc1c8391b908baeab529aaf2e9944d5f35b07af661349176adce,pinned_primary,portwatch_chokepoints_snapshot,data/raw/portwatch/Daily_Chokepoints_Data.csv,66f3a54afb042103f3e0afc9670568cb7be245394ec04eba55ebd158593f579d,pinned_primary_reference,bsts_local_level_weekly,daily_marginal_posterior_median,2026-04-18,14.0,54.97926068109107,6.681493574906781,103.39939961506609,40.97926068109107,2526.272594975494
portwatch_two_vintage_four_specification_matrix_v1,297908c214a0afab30a377854585cb1788922334c3bba976f8e2a1141c6ed73e,bb050aa041e8fc1c8391b908baeab529aaf2e9944d5f35b07af661349176adce,pinned_primary,portwatch_chokepoints_snapshot,data/raw/portwatch/Daily_Chokepoints_Data.csv,66f3a54afb042103f3e0afc9670568cb7be245394ec04eba55ebd158593f579d,pinned_primary_reference,bsts_local_level_weekly,daily_marginal_posterior_median,2026-04-19,5.0,54.751036096829594,6.0125199583758295,99.85419402502369,49.751036096829594,2576.0236310723235
portwatch_two_vintage_four_specification_matrix_v1,297908c214a0afab30a377854585cb1788922334c3bba976f8e2a1141c6ed73e,bb050aa041e8fc1c8391b908baeab529aaf2e9944d5f35b07af661349176adce,pinned_primary,portwatch_chokepoints_snapshot,data/raw/portwatch/Daily_Chokepoints_Data.csv,66f3a54afb042103f3e0afc9670568cb7be245394ec04eba55ebd158593f579d,pinned_primary_reference,bsts_local_level_weekly,daily_marginal_posterior_median,2026-04-20,5.0,53.36645339467319,6.333213942417744,99.98187639755481,48.36645339467319,2624.3900844669965
portwatch_two_vintage_four_specification_matrix_v1,297908c214a0afab30a377854585cb1788922334c3bba976f8e2a1141c6ed73e,bb050aa041e8fc1c8391b908baeab529aaf2e9944d5f35b07af661349176adce,pinned_primary,portwatch_chokepoints_snapshot,data/raw/portwatch/Daily_Chokepoints_Data.csv,66f3a54afb042103f3e0afc9670568cb7be245394ec04eba55ebd158593f579d,pinned_primary_reference,bsts_local_level_weekly,daily_marginal_posterior_median,2026-04-21,3.0,53.32428694208609,2.8948425817112557,99.36964673547371,50.32428694208609,2674.7143714090826
portwatch_two_vintage_four_specification_matrix_v1,297908c214a0afab30a377854585cb1788922334c3bba976f8e2a1141c6ed73e,bb050aa041e8fc1c8391b908baeab529aaf2e9944d5f35b07af661349176adce,pinned_primary,portwatch_chokepoints_snapshot,data/raw/portwatch/Daily_Chokepoints_Data.csv,66f3a54afb042103f3e0afc9670568cb7be245394ec04eba55ebd158593f579d,pinned_primary_reference,bsts_local_level_weekly,daily_marginal_posterior_median,2026-04-22,4.0,53.035460748276165,4.261195234174219,103.75131520371866,49.035460748276165,2723.749832157359
portwatch_two_vintage_four_specification_matrix_v1,297908c214a0afab30a377854585cb1788922334c3bba976f8e2a1141c6ed73e,bb050aa041e8fc1c8391b908baeab529aaf2e9944d5f35b07af661349176adce,pinned_primary,portwatch_chokepoints_snapshot,data/raw/portwatch/Daily_Chokepoints_Data.csv,66f3a54afb042103f3e0afc9670568cb7be245394ec04eba55ebd158593f579d,pinned_primary_reference,bsts_local_level_weekly,daily_marginal_posterior_median,2026-04-23,2.0,52.72574975078852,1.9200499543347007,101.28447156500064,50.72574975078852,2774.4755819081474
portwatch_two_vintage_four_specification_matrix_v1,297908c214a0afab30a377854585cb1788922334c3bba976f8e2a1141c6ed73e,bb050aa041e8fc1c8391b908baeab529aaf2e9944d5f35b07af661349176adce,pinned_primary,portwatch_chokepoints_snapshot,data/raw/portwatch/Daily_Chokepoints_Data.csv,66f3a54afb042103f3e0afc9670568cb7be245394ec04eba55ebd158593f579d,pinned_primary_reference,bsts_local_level_weekly,daily_marginal_posterior_median,2026-04-24,3.0,54.233892683464674,4.572265852506128,101.83714290723555,51.233892683464674,2825.709474591612
portwatch_two_vintage_four_specification_matrix_v1,297908c214a0afab30a377854585cb1788922334c3bba976f8e2a1141c6ed73e,bb050aa041e8fc1c8391b908baeab529aaf2e9944d5f35b07af661349176adce,pinned_primary,portwatch_chokepoints_snapshot,data/raw/portwatch/Daily_Chokepoints_Data.csv,66f3a54afb042103f3e0afc9670568cb7be245394ec04eba55ebd158593f579d,pinned_primary_reference,bsts_local_level_weekly,daily_marginal_posterior_median,2026-04-25,2.0,54.7192642743813,3.4130210545260393,105.96537901456244,52.7192642743813,2878.428738865993
portwatch_two_vintage_four_specification_matrix_v1,297908c214a0afab30a377854585cb1788922334c3bba976f8e2a1141c6ed73e,bb050aa041e8fc1c8391b908baeab529aaf2e9944d5f35b07af661349176adce,pinned_primary,portwatch_chokepoints_snapshot,data/raw/portwatch/Daily_Chokepoints_Data.csv,66f3a54afb042103f3e0afc9670568cb7be245394ec04eba55ebd158593f579d,pinned_primary_reference,bsts_local_level_weekly,daily_marginal_posterior_median,2026-04-26,2.0,54.44358881567351,3.968160112029523,105.53086706969462,52.44358881567351,2930.872327681667
portwatch_two_vintage_four_specification_matrix_v1,297908c214a0afab30a377854585cb1788922334c3bba976f8e2a1141c6ed73e,bb050aa041e8fc1c8391b908baeab529aaf2e9944d5f35b07af661349176adce,pinned_primary,portwatch_chokepoints_snapshot,data/raw/portwatch/Daily_Chokepoints_Data.csv,66f3a54afb042103f3e0afc9670568cb7be245394ec04eba55ebd158593f579d,pinned_primary_reference,bsts_local_level_weekly,daily_marginal_posterior_median,2026-04-27,0.0,54.25433243117166,2.5561624153053373,105.05658487134579,54.25433243117166,2985.1266601128386
portwatch_two_vintage_four_specification_matrix_v1,297908c214a0afab30a377854585cb1788922334c3bba976f8e2a1141c6ed73e,bb050aa041e8fc1c8391b908baeab529aaf2e9944d5f35b07af661349176adce,pinned_primary,portwatch_chokepoints_snapshot,data/raw/portwatch/Daily_Chokepoints_Data.csv,66f3a54afb042103f3e0afc9670568cb7be245394ec04eba55ebd158593f579d,pinned_primary_reference,bsts_local_level_weekly,daily_marginal_posterior_median,2026-04-28,2.0,52.894974323430816,0.08986685754973815,106.97068605322339,50.894974323430816,3036.0216344362693
portwatch_two_vintage_four_specification_matrix_v1,297908c214a0afab30a377854585cb1788922334c3bba976f8e2a1141c6ed73e,bb050aa041e8fc1c8391b908baeab529aaf2e9944d5f35b07af661349176adce,pinned_primary,portwatch_chokepoints_snapshot,data/raw/portwatch/Daily_Chokepoints_Data.csv,66f3a54afb042103f3e0afc9670568cb7be245394ec04eba55ebd158593f579d,pinned_primary_reference,bsts_local_level_weekly,daily_marginal_posterior_median,2026-04-29,3.0,54.128062401534734,1.3771988180943606,104.12354553474705,51.128062401534734,3087.149696837804
portwatch_two_vintage_four_specification_matrix_v1,297908c214a0afab30a377854585cb1788922334c3bba976f8e2a1141c6ed73e,bb050aa041e8fc1c8391b908baeab529aaf2e9944d5f35b07af661349176adce,pinned_primary,portwatch_chokepoints_snapshot,data/raw/portwatch/Daily_Chokepoints_Data.csv,66f3a54afb042103f3e0afc9670568cb7be245394ec04eba55ebd158593f579d,pinned_primary_reference,bsts_local_level_weekly,daily_marginal_posterior_median,2026-04-30,4.0,54.107790555303566,0.12037211819396325,104.85509231334748,50.107790555303566,3137.2574873931076
portwatch_two_vintage_four_specification_matrix_v1,297908c214a0afab30a377854585cb1788922334c3bba976f8e2a1141c6ed73e,bb050aa041e8fc1c8391b908baeab529aaf2e9944d5f35b07af661349176adce,pinned_primary,portwatch_chokepoints_snapshot,data/raw/portwatch/Daily_Chokepoints_Data.csv,66f3a54afb042103f3e0afc9670568cb7be245394ec04eba55ebd158593f579d,pinned_primary_reference,bsts_local_level_weekly,daily_marginal_posterior_median,2026-05-01,4.0,54.079892851425456,3.2306445398313692,103.75942584279625,50.079892851425456,3187.337380244533
portwatch_two_vintage_four_specification_matrix_v1,297908c214a0afab30a377854585cb1788922334c3bba976f8e2a1141c6ed73e,bb050aa041e8fc1c8391b908baeab529aaf2e9944d5f35b07af661349176adce,pinned_primary,portwatch_chokepoints_snapshot,data/raw/portwatch/Daily_Chokepoints_Data.csv,66f3a54afb042103f3e0afc9670568cb7be245394ec04eba55ebd158593f579d,pinned_primary_reference,bsts_local_level_weekly,daily_marginal_posterior_median,2026-05-02,5.0,54.827285997665626,1.4352237076621008,109.08323704827112,49.827285997665626,3237.1646662421986
portwatch_two_vintage_four_specification_matrix_v1,297908c214a0afab30a377854585cb1788922334c3bba976f8e2a1141c6ed73e,bb050aa041e8fc1c8391b908baeab529aaf2e9944d5f35b07af661349176adce,pinned_primary,portwatch_chokepoints_snapshot,data/raw/portwatch/Daily_Chokepoints_Data.csv,66f3a54afb042103f3e0afc9670568cb7be245394ec04eba55ebd158593f579d,pinned_primary_reference,bsts_local_level_weekly,daily_marginal_posterior_median,2026-05-03,1.0,54.538464324181476,1.0713178317356216,106.96219993769567,53.538464324181476,3290.70313056638
portwatch_two_vintage_four_specification_matrix_v1,297908c214a0afab30a377854585cb1788922334c3bba976f8e2a1141c6ed73e,bb050aa041e8fc1c8391b908baeab529aaf2e9944d5f35b07af661349176adce,pinned_primary,portwatch_chokepoints_snapshot,data/raw/portwatch/Daily_Chokepoints_Data.csv,66f3a54afb042103f3e0afc9670568cb7be245394ec04eba55ebd158593f579d,pinned_primary_reference,bsts_local_level_weekly,daily_marginal_posterior_median,2026-05-04,0.0,53.984392886168465,2.0785035959699307,108.57379056356524,53.984392886168465,3344.6875234525482
portwatch_two_vintage_four_specification_matrix_v1,297908c214a0afab30a377854585cb1788922334c3bba976f8e2a1141c6ed73e,bb050aa041e8fc1c8391b908baeab529aaf2e9944d5f35b07af661349176adce,pinned_primary,portwatch_chokepoints_snapshot,data/raw/portwatch/Daily_Chokepoints_Data.csv,66f3a54afb042103f3e0afc9670568cb7be245394ec04eba55ebd158593f579d,pinned_primary_reference,bsts_local_level_weekly,daily_marginal_posterior_median,2026-05-05,0.0,53.582556755783116,1.9791392561611973,107.91202576250305,53.582556755783116,3398.2700802083314
portwatch_two_vintage_four_specification_matrix_v1,297908c214a0afab30a377854585cb1788922334c3bba976f8e2a1141c6ed73e,bb050aa041e8fc1c8391b908baeab529aaf2e9944d5f35b07af661349176adce,pinned_primary,portwatch_chokepoints_snapshot,data/raw/portwatch/Daily_Chokepoints_Data.csv,66f3a54afb042103f3e0afc9670568cb7be245394ec04eba55ebd158593f579d,pinned_primary_reference,bsts_local_level_weekly,daily_marginal_posterior_median,2026-05-06,0.0,53.02913556591734,0.0,107.01034838896672,53.02913556591734,3451.2992157742488
portwatch_two_vintage_four_specification_matrix_v1,297908c214a0afab30a377854585cb1788922334c3bba976f8e2a1141c6ed73e,bb050aa041e8fc1c8391b908baeab529aaf2e9944d5f35b07af661349176adce,pinned_primary,portwatch_chokepoints_snapshot,data/raw/portwatch/Daily_Chokepoints_Data.csv,66f3a54afb042103f3e0afc9670568cb7be245394ec04eba55ebd158593f579d,pinned_primary_reference,bsts_local_level_weekly,daily_marginal_posterior_median,2026-05-07,1.0,53.205826250441405,0.0,108.13146581519769,52.205826250441405,3503.5050420246903
portwatch_two_vintage_four_specification_matrix_v1,297908c214a0afab30a377854585cb1788922334c3bba976f8e2a1141c6ed73e,bb050aa041e8fc1c8391b908baeab529aaf2e9944d5f35b07af661349176adce,pinned_primary,portwatch_chokepoints_snapshot,data/raw/portwatch/Daily_Chokepoints_Data.csv,66f3a54afb042103f3e0afc9670568cb7be245394ec04eba55ebd158593f579d,pinned_primary_reference,bsts_local_level_weekly,daily_marginal_posterior_median,2026-05-08,1.0,54.53604150202417,0.14479324902356686,109.32085279615664,53.53604150202417,3557.0410835267144
portwatch_two_vintage_four_specification_matrix_v1,297908c214a0afab30a377854585cb1788922334c3bba976f8e2a1141c6ed73e,bb050aa041e8fc1c8391b908baeab529aaf2e9944d5f35b07af661349176adce,pinned_primary,portwatch_chokepoints_snapshot,data/raw/portwatch/Daily_Chokepoints_Data.csv,66f3a54afb042103f3e0afc9670568cb7be245394ec04eba55ebd158593f579d,pinned_primary_reference,bsts_local_level_weekly,daily_marginal_posterior_median,2026-05-09,2.0,53.633463869414214,1.3725580791278789,111.67318118516671,51.633463869414214,3608.6745473961287
portwatch_two_vintage_four_specification_matrix_v1,297908c214a0afab30a377854585cb1788922334c3bba976f8e2a1141c6ed73e,bb050aa041e8fc1c8391b908baeab529aaf2e9944d5f35b07af661349176adce,pinned_primary,portwatch_chokepoints_snapshot,data/raw/portwatch/Daily_Chokepoints_Data.csv,66f3a54afb042103f3e0afc9670568cb7be245394ec04eba55ebd158593f579d,pinned_primary_reference,bsts_local_level_weekly,daily_marginal_posterior_median,2026-05-10,3.0,54.60473678596959,0.0,110.91376764285418,51.60473678596959,3660.2792841820983
portwatch_two_vintage_four_specification_matrix_v1,297908c214a0afab30a377854585cb1788922334c3bba976f8e2a1141c6ed73e,bb050aa041e8fc1c8391b908baeab529aaf2e9944d5f35b07af661349176adce,pinned_primary,portwatch_chokepoints_snapshot,data/raw/portwatch/Daily_Chokepoints_Data.csv,66f3a54afb042103f3e0afc9670568cb7be245394ec04eba55ebd158593f579d,pinned_primary_reference,bsts_local_level_weekly,daily_marginal_posterior_median,2026-05-11,4.0,53.87971320877826,0.0,108.44057816411059,49.87971320877826,3710.1589973908767
portwatch_two_vintage_four_specification_matrix_v1,297908c214a0afab30a377854585cb1788922334c3bba976f8e2a1141c6ed73e,bb050aa041e8fc1c8391b908baeab529aaf2e9944d5f35b07af661349176adce,pinned_primary,portwatch_chokepoints_snapshot,data/raw/portwatch/Daily_Chokepoints_Data.csv,66f3a54afb042103f3e0afc9670568cb7be245394ec04eba55ebd158593f579d,pinned_primary_reference,bsts_local_level_weekly,daily_marginal_posterior_median,2026-05-12,1.0,53.42718503806834,0.0,108.18059271672263,52.42718503806834,3762.586182428945
portwatch_two_vintage_four_specification_matrix_v1,297908c214a0afab30a377854585cb1788922334c3bba976f8e2a1141c6ed73e,bb050aa041e8fc1c8391b908baeab529aaf2e9944d5f35b07af661349176adce,pinned_primary,portwatch_chokepoints_snapshot,data/raw/portwatch/Daily_Chokepoints_Data.csv,66f3a54afb042103f3e0afc9670568cb7be245394ec04eba55ebd158593f579d,pinned_primary_reference,bsts_local_level_weekly,daily_marginal_posterior_median,2026-05-13,2.0,54.22143667702217,0.0,112.6702346941522,52.22143667702217,3814.807619105967
portwatch_two_vintage_four_specification_matrix_v1,297908c214a0afab30a377854585cb1788922334c3bba976f8e2a1141c6ed73e,bb050aa041e8fc1c8391b908baeab529aaf2e9944d5f35b07af661349176adce,pinned_primary,portwatch_chokepoints_snapshot,data/raw/portwatch/Daily_Chokepoints_Data.csv,66f3a54afb042103f3e0afc9670568cb7be245394ec04eba55ebd158593f579d,pinned_primary_reference,bsts_local_level_weekly,daily_marginal_posterior_median,2026-05-14,4.0,53.25955107530588,0.0,109.92175921738298,49.25955107530588,3864.067170181273
portwatch_two_vintage_four_specification_matrix_v1,297908c214a0afab30a377854585cb1788922334c3bba976f8e2a1141c6ed73e,bb050aa041e8fc1c8391b908baeab529aaf2e9944d5f35b07af661349176adce,pinned_primary,portwatch_chokepoints_snapshot,data/raw/portwatch/Daily_Chokepoints_Data.csv,66f3a54afb042103f3e0afc9670568cb7be245394ec04eba55ebd158593f579d,pinned_primary_reference,bsts_local_level_weekly,daily_marginal_posterior_median,2026-05-15,2.0,54.35914130570049,0.0,111.66396921651068,52.35914130570049,3916.4263114869736
portwatch_two_vintage_four_specification_matrix_v1,297908c214a0afab30a377854585cb1788922334c3bba976f8e2a1141c6ed73e,bb050aa041e8fc1c8391b908baeab529aaf2e9944d5f35b07af661349176adce,pinned_primary,portwatch_chokepoints_snapshot,data/raw/portwatch/Daily_Chokepoints_Data.csv,66f3a54afb042103f3e0afc9670568cb7be245394ec04eba55ebd158593f579d,pinned_primary_reference,bsts_local_level_weekly,daily_marginal_posterior_median,2026-05-16,2.0,53.899100718239694,0.0,109.70225781178702,51.899100718239694,3968.3254122052135
portwatch_two_vintage_four_specification_matrix_v1,297908c214a0afab30a377854585cb1788922334c3bba976f8e2a1141c6ed73e,bb050aa041e8fc1c8391b908baeab529aaf2e9944d5f35b07af661349176adce,pinned_primary,portwatch_chokepoints_snapshot,data/raw/portwatch/Daily_Chokepoints_Data.csv,66f3a54afb042103f3e0afc9670568cb7be245394ec04eba55ebd158593f579d,pinned_primary_reference,bsts_local_level_weekly,daily_marginal_posterior_median,2026-05-17,2.0,54.38132082098927,0.0,110.98993247670128,52.38132082098927,4020.706733026203
portwatch_two_vintage_four_specification_matrix_v1,297908c214a0afab30a377854585cb1788922334c3bba976f8e2a1141c6ed73e,bb050aa041e8fc1c8391b908baeab529aaf2e9944d5f35b07af661349176adce,pinned_primary,portwatch_chokepoints_snapshot,data/raw/portwatch/Daily_Chokepoints_Data.csv,66f3a54afb042103f3e0afc9670568cb7be245394ec04eba55ebd158593f579d,pinned_primary_reference,bsts_local_level_weekly,daily_marginal_posterior_median,2026-05-18,1.0,53.42299446248387,0.0,113.63938108318625,52.42299446248387,4073.129727488687
portwatch_two_vintage_four_specification_matrix_v1,297908c214a0afab30a377854585cb1788922334c3bba976f8e2a1141c6ed73e,bb050aa041e8fc1c8391b908baeab529aaf2e9944d5f35b07af661349176adce,pinned_primary,portwatch_chokepoints_snapshot,data/raw/portwatch/Daily_Chokepoints_Data.csv,66f3a54afb042103f3e0afc9670568cb7be245394ec04eba55ebd158593f579d,pinned_primary_reference,bsts_local_level_weekly,daily_marginal_posterior_median,2026-05-19,3.0,52.998598761983146,0.0,111.28609433995355,49.998598761983146,4123.12832625067
portwatch_two_vintage_four_specification_matrix_v1,297908c214a0afab30a377854585cb1788922334c3bba976f8e2a1141c6ed73e,bb050aa041e8fc1c8391b908baeab529aaf2e9944d5f35b07af661349176adce,pinned_primary,portwatch_chokepoints_snapshot,data/raw/portwatch/Daily_Chokepoints_Data.csv,66f3a54afb042103f3e0afc9670568cb7be245394ec04eba55ebd158593f579d,pinned_primary_reference,bsts_local_level_weekly,daily_marginal_posterior_median,2026-05-20,5.0,52.956216074866276,0.0,111.66100100504848,47.956216074866276,4171.084542325537
portwatch_two_vintage_four_specification_matrix_v1,297908c214a0afab30a377854585cb1788922334c3bba976f8e2a1141c6ed73e,bb050aa041e8fc1c8391b908baeab529aaf2e9944d5f35b07af661349176adce,pinned_primary,portwatch_chokepoints_snapshot,data/raw/portwatch/Daily_Chokepoints_Data.csv,66f3a54afb042103f3e0afc9670568cb7be245394ec04eba55ebd158593f579d,pinned_primary_reference,bsts_local_level_weekly,daily_marginal_posterior_median,2026-05-21,2.0,53.48093476078211,0.0,111.61926518951459,51.48093476078211,4222.565477086319
portwatch_two_vintage_four_specification_matrix_v1,297908c214a0afab30a377854585cb1788922334c3bba976f8e2a1141c6ed73e,bb050aa041e8fc1c8391b908baeab529aaf2e9944d5f35b07af661349176adce,pinned_primary,portwatch_chokepoints_snapshot,data/raw/portwatch/Daily_Chokepoints_Data.csv,66f3a54afb042103f3e0afc9670568cb7be245394ec04eba55ebd158593f579d,pinned_primary_reference,bsts_local_level_weekly,daily_marginal_posterior_median,2026-05-22,0.0,55.05995627767727,0.0,115.34235449178074,55.05995627767727,4277.625433363996
portwatch_two_vintage_four_specification_matrix_v1,297908c214a0afab30a377854585cb1788922334c3bba976f8e2a1141c6ed73e,bb050aa041e8fc1c8391b908baeab529aaf2e9944d5f35b07af661349176adce,pinned_primary,portwatch_chokepoints_snapshot,data/raw/portwatch/Daily_Chokepoints_Data.csv,66f3a54afb042103f3e0afc9670568cb7be245394ec04eba55ebd158593f579d,pinned_primary_reference,bsts_local_level_weekly,daily_marginal_posterior_median,2026-05-23,1.0,54.58580368761756,0.0,114.84051012901578,53.58580368761756,4331.211237051614
portwatch_two_vintage_four_specification_matrix_v1,297908c214a0afab30a377854585cb1788922334c3bba976f8e2a1141c6ed73e,bb050aa041e8fc1c8391b908baeab529aaf2e9944d5f35b07af661349176adce,pinned_primary,portwatch_chokepoints_snapshot,data/raw/portwatch/Daily_Chokepoints_Data.csv,66f3a54afb042103f3e0afc9670568cb7be245394ec04eba55ebd158593f579d,pinned_primary_reference,bsts_local_level_weekly,daily_marginal_posterior_median,2026-05-24,2.0,53.267719430277765,0.0,113.03576525806817,51.267719430277765,4382.478956481892
portwatch_two_vintage_four_specification_matrix_v1,297908c214a0afab30a377854585cb1788922334c3bba976f8e2a1141c6ed73e,bb050aa041e8fc1c8391b908baeab529aaf2e9944d5f35b07af661349176adce,pinned_primary,portwatch_chokepoints_snapshot,data/raw/portwatch/Daily_Chokepoints_Data.csv,66f3a54afb042103f3e0afc9670568cb7be245394ec04eba55ebd158593f579d,pinned_primary_reference,bsts_local_level_weekly,daily_marginal_posterior_median,2026-05-25,0.0,53.79769282717456,0.0,113.30644244654188,53.79769282717456,4436.276649309067
portwatch_two_vintage_four_specification_matrix_v1,297908c214a0afab30a377854585cb1788922334c3bba976f8e2a1141c6ed73e,bb050aa041e8fc1c8391b908baeab529aaf2e9944d5f35b07af661349176adce,pinned_primary,portwatch_chokepoints_snapshot,data/raw/portwatch/Daily_Chokepoints_Data.csv,66f3a54afb042103f3e0afc9670568cb7be245394ec04eba55ebd158593f579d,pinned_primary_reference,bsts_local_level_weekly,daily_marginal_posterior_median,2026-05-26,2.0,53.83038612472592,0.0,113.90165002364344,51.83038612472592,4488.107035433793
portwatch_two_vintage_four_specification_matrix_v1,297908c214a0afab30a377854585cb1788922334c3bba976f8e2a1141c6ed73e,bb050aa041e8fc1c8391b908baeab529aaf2e9944d5f35b07af661349176adce,pinned_primary,portwatch_chokepoints_snapshot,data/raw/portwatch/Daily_Chokepoints_Data.csv,66f3a54afb042103f3e0afc9670568cb7be245394ec04eba55ebd158593f579d,pinned_primary_reference,bsts_local_level_weekly,daily_marginal_posterior_median,2026-05-27,2.0,53.01765290836502,0.0,113.18882324157661,51.01765290836502,4539.124688342157
portwatch_two_vintage_four_specification_matrix_v1,297908c214a0afab30a377854585cb1788922334c3bba976f8e2a1141c6ed73e,bb050aa041e8fc1c8391b908baeab529aaf2e9944d5f35b07af661349176adce,pinned_primary,portwatch_chokepoints_snapshot,data/raw/portwatch/Daily_Chokepoints_Data.csv,66f3a54afb042103f3e0afc9670568cb7be245394ec04eba55ebd158593f579d,pinned_primary_reference,bsts_local_level_weekly,daily_marginal_posterior_median,2026-05-28,0.0,52.414111930647536,0.0,110.297205233191,52.414111930647536,4591.538800272805
portwatch_two_vintage_four_specification_matrix_v1,297908c214a0afab30a377854585cb1788922334c3bba976f8e2a1141c6ed73e,bb050aa041e8fc1c8391b908baeab529aaf2e9944d5f35b07af661349176adce,pinned_primary,portwatch_chokepoints_snapshot,data/raw/portwatch/Daily_Chokepoints_Data.csv,66f3a54afb042103f3e0afc9670568cb7be245394ec04eba55ebd158593f579d,pinned_primary_reference,bsts_local_level_weekly,daily_marginal_posterior_median,2026-05-29,0.0,53.31497301647605,0.0,114.35424908967346,53.31497301647605,4644.853773289281
portwatch_two_vintage_four_specification_matrix_v1,297908c214a0afab30a377854585cb1788922334c3bba976f8e2a1141c6ed73e,bb050aa041e8fc1c8391b908baeab529aaf2e9944d5f35b07af661349176adce,pinned_primary,portwatch_chokepoints_snapshot,data/raw/portwatch/Daily_Chokepoints_Data.csv,66f3a54afb042103f3e0afc9670568cb7be245394ec04eba55ebd158593f579d,pinned_primary_reference,bsts_local_level_weekly,daily_marginal_posterior_median,2026-05-30,1.0,54.94140377533817,0.0,114.12433078036136,53.94140377533817,4698.79517706462
portwatch_two_vintage_four_specification_matrix_v1,297908c214a0afab30a377854585cb1788922334c3bba976f8e2a1141c6ed73e,bb050aa041e8fc1c8391b908baeab529aaf2e9944d5f35b07af661349176adce,pinned_primary,portwatch_chokepoints_snapshot,data/raw/portwatch/Daily_Chokepoints_Data.csv,66f3a54afb042103f3e0afc9670568cb7be245394ec04eba55ebd158593f579d,pinned_primary_reference,bsts_local_level_weekly,daily_marginal_posterior_median,2026-05-31,0.0,55.300549869017544,0.0,114.96739041880035,55.300549869017544,4754.095726933637
portwatch_two_vintage_four_specification_matrix_v1,297908c214a0afab30a377854585cb1788922334c3bba976f8e2a1141c6ed73e,bb050aa041e8fc1c8391b908baeab529aaf2e9944d5f35b07af661349176adce,pinned_primary,portwatch_chokepoints_snapshot,data/raw/portwatch/Daily_Chokepoints_Data.csv,66f3a54afb042103f3e0afc9670568cb7be245394ec04eba55ebd158593f579d,pinned_primary_reference,bsts_local_level_weekly,daily_marginal_posterior_median,2026-06-01,2.0,53.64786590346162,0.0,113.90688064143879,51.64786590346162,4805.743592837099
portwatch_two_vintage_four_specification_matrix_v1,297908c214a0afab30a377854585cb1788922334c3bba976f8e2a1141c6ed73e,bb050aa041e8fc1c8391b908baeab529aaf2e9944d5f35b07af661349176adce,pinned_primary,portwatch_chokepoints_snapshot,data/raw/portwatch/Daily_Chokepoints_Data.csv,66f3a54afb042103f3e0afc9670568cb7be245394ec04eba55ebd158593f579d,pinned_primary_reference,bsts_local_level_weekly,daily_marginal_posterior_median,2026-06-02,4.0,52.60911219885297,0.0,112.963839566554,48.60911219885297,4854.352705035952
portwatch_two_vintage_four_specification_matrix_v1,297908c214a0afab30a377854585cb1788922334c3bba976f8e2a1141c6ed73e,bb050aa041e8fc1c8391b908baeab529aaf2e9944d5f35b07af661349176adce,pinned_primary,portwatch_chokepoints_snapshot,data/raw/portwatch/Daily_Chokepoints_Data.csv,66f3a54afb042103f3e0afc9670568cb7be245394ec04eba55ebd158593f579d,pinned_primary_reference,bsts_local_level_weekly,daily_marginal_posterior_median,2026-06-03,4.0,54.14537484293702,0.0,113.8988827379745,50.14537484293702,4904.498079878888
portwatch_two_vintage_four_specification_matrix_v1,297908c214a0afab30a377854585cb1788922334c3bba976f8e2a1141c6ed73e,bb050aa041e8fc1c8391b908baeab529aaf2e9944d5f35b07af661349176adce,pinned_primary,portwatch_chokepoints_snapshot,data/raw/portwatch/Daily_Chokepoints_Data.csv,66f3a54afb042103f3e0afc9670568cb7be245394ec04eba55ebd158593f579d,pinned_primary_reference,bsts_local_level_weekly,daily_marginal_posterior_median,2026-06-04,2.0,52.52577026919397,0.0,112.77644699227537,50.52577026919397,4955.023850148083
portwatch_two_vintage_four_specification_matrix_v1,297908c214a0afab30a377854585cb1788922334c3bba976f8e2a1141c6ed73e,bb050aa041e8fc1c8391b908baeab529aaf2e9944d5f35b07af661349176adce,pinned_primary,portwatch_chokepoints_snapshot,data/raw/portwatch/Daily_Chokepoints_Data.csv,66f3a54afb042103f3e0afc9670568cb7be245394ec04eba55ebd158593f579d,pinned_primary_reference,bsts_local_level_weekly,daily_marginal_posterior_median,2026-06-05,0.0,54.21718262890105,0.0,112.87533093123976,54.21718262890105,5009.241032776984
portwatch_two_vintage_four_specification_matrix_v1,297908c214a0afab30a377854585cb1788922334c3bba976f8e2a1141c6ed73e,bb050aa041e8fc1c8391b908baeab529aaf2e9944d5f35b07af661349176adce,pinned_primary,portwatch_chokepoints_snapshot,data/raw/portwatch/Daily_Chokepoints_Data.csv,66f3a54afb042103f3e0afc9670568cb7be245394ec04eba55ebd158593f579d,pinned_primary_reference,bsts_local_level_weekly,daily_marginal_posterior_median,2026-06-06,0.0,54.39485673687929,0.0,115.25281823555754,54.39485673687929,5063.635889513863
portwatch_two_vintage_four_specification_matrix_v1,297908c214a0afab30a377854585cb1788922334c3bba976f8e2a1141c6ed73e,bb050aa041e8fc1c8391b908baeab529aaf2e9944d5f35b07af661349176adce,pinned_primary,portwatch_chokepoints_snapshot,data/raw/portwatch/Daily_Chokepoints_Data.csv,66f3a54afb042103f3e0afc9670568cb7be245394ec04eba55ebd158593f579d,pinned_primary_reference,bsts_local_level_weekly,daily_marginal_posterior_median,2026-06-07,1.0,53.79467067632338,0.0,119.08818448609183,52.79467067632338,5116.430560190186
portwatch_two_vintage_four_specification_matrix_v1,297908c214a0afab30a377854585cb1788922334c3bba976f8e2a1141c6ed73e,bb050aa041e8fc1c8391b908baeab529aaf2e9944d5f35b07af661349176adce,pinned_primary,portwatch_chokepoints_snapshot,data/raw/portwatch/Daily_Chokepoints_Data.csv,66f3a54afb042103f3e0afc9670568cb7be245394ec04eba55ebd158593f579d,pinned_primary_reference,bsts_local_level_weekly,daily_marginal_posterior_median,2026-06-08,2.0,53.349053485605836,0.0,115.2025802862926,51.349053485605836,5167.779613675792
portwatch_two_vintage_four_specification_matrix_v1,297908c214a0afab30a377854585cb1788922334c3bba976f8e2a1141c6ed73e,bb050aa041e8fc1c8391b908baeab529aaf2e9944d5f35b07af661349176adce,pinned_primary,portwatch_chokepoints_snapshot,data/raw/portwatch/Daily_Chokepoints_Data.csv,66f3a54afb042103f3e0afc9670568cb7be245394ec04eba55ebd158593f579d,pinned_primary_reference,bsts_local_level_weekly,daily_marginal_posterior_median,2026-06-09,2.0,53.88603032989769,0.0,120.01958265343076,51.88603032989769,5219.6656440056895
portwatch_two_vintage_four_specification_matrix_v1,297908c214a0afab30a377854585cb1788922334c3bba976f8e2a1141c6ed73e,bb050aa041e8fc1c8391b908baeab529aaf2e9944d5f35b07af661349176adce,pinned_primary,portwatch_chokepoints_snapshot,data/raw/portwatch/Daily_Chokepoints_Data.csv,66f3a54afb042103f3e0afc9670568cb7be245394ec04eba55ebd158593f579d,pinned_primary_reference,bsts_local_level_weekly,daily_marginal_posterior_median,2026-06-10,1.0,53.402305807388316,0.0,115.07655971357066,52.402305807388316,5272.067949813078
portwatch_two_vintage_four_specification_matrix_v1,297908c214a0afab30a377854585cb1788922334c3bba976f8e2a1141c6ed73e,bb050aa041e8fc1c8391b908baeab529aaf2e9944d5f35b07af661349176adce,pinned_primary,portwatch_chokepoints_snapshot,data/raw/portwatch/Daily_Chokepoints_Data.csv,66f3a54afb042103f3e0afc9670568cb7be245394ec04eba55ebd158593f579d,pinned_primary_reference,bsts_local_level_weekly,daily_marginal_posterior_median,2026-06-11,2.0,53.77643946757319,0.0,114.6291429723111,51.77643946757319,5323.844389280651
portwatch_two_vintage_four_specification_matrix_v1,297908c214a0afab30a377854585cb1788922334c3bba976f8e2a1141c6ed73e,bb050aa041e8fc1c8391b908baeab529aaf2e9944d5f35b07af661349176adce,pinned_primary,portwatch_chokepoints_snapshot,data/raw/portwatch/Daily_Chokepoints_Data.csv,66f3a54afb042103f3e0afc9670568cb7be245394ec04eba55ebd158593f579d,pinned_primary_reference,bsts_local_level_weekly,daily_marginal_posterior_median,2026-06-12,1.0,53.73852707689892,0.0,114.30530549581007,52.73852707689892,5376.58291635755
portwatch_two_vintage_four_specification_matrix_v1,297908c214a0afab30a377854585cb1788922334c3bba976f8e2a1141c6ed73e,bb050aa041e8fc1c8391b908baeab529aaf2e9944d5f35b07af661349176adce,pinned_primary,portwatch_chokepoints_snapshot,data/raw/portwatch/Daily_Chokepoints_Data.csv,66f3a54afb042103f3e0afc9670568cb7be245394ec04eba55ebd158593f579d,pinned_primary_reference,bsts_local_level_weekly,daily_marginal_posterior_median,2026-06-13,0.0,53.93217070350882,0.0,113.412256560801,53.93217070350882,5430.515087061059
portwatch_two_vintage_four_specification_matrix_v1,297908c214a0afab30a377854585cb1788922334c3bba976f8e2a1141c6ed73e,bb050aa041e8fc1c8391b908baeab529aaf2e9944d5f35b07af661349176adce,pinned_primary,portwatch_chokepoints_snapshot,data/raw/portwatch/Daily_Chokepoints_Data.csv,66f3a54afb042103f3e0afc9670568cb7be245394ec04eba55ebd158593f579d,pinned_primary_reference,bsts_local_level_weekly,daily_marginal_posterior_median,2026-06-14,0.0,54.85089578055615,0.0,117.89288557933394,54.85089578055615,5485.365982841615
portwatch_two_vintage_four_specification_matrix_v1,297908c214a0afab30a377854585cb1788922334c3bba976f8e2a1141c6ed73e,bb050aa041e8fc1c8391b908baeab529aaf2e9944d5f35b07af661349176adce,pinned_primary,portwatch_chokepoints_snapshot,data/raw/portwatch/Daily_Chokepoints_Data.csv,66f3a54afb042103f3e0afc9670568cb7be245394ec04eba55ebd158593f579d,pinned_primary_reference,bsts_local_level_weekly,daily_marginal_posterior_median,2026-06-15,1.0,53.97015003283573,0.0,115.79396472805722,52.97015003283573,5538.33613287445
portwatch_two_vintage_four_specification_matrix_v1,297908c214a0afab30a377854585cb1788922334c3bba976f8e2a1141c6ed73e,bb050aa041e8fc1c8391b908baeab529aaf2e9944d5f35b07af661349176adce,pinned_primary,portwatch_chokepoints_snapshot,data/raw/portwatch/Daily_Chokepoints_Data.csv,66f3a54afb042103f3e0afc9670568cb7be245394ec04eba55ebd158593f579d,pinned_primary_reference,bsts_local_level_weekly,daily_marginal_posterior_median,2026-06-16,2.0,52.89156584573428,0.0,114.37440552809483,50.89156584573428,5589.227698720185
portwatch_two_vintage_four_specification_matrix_v1,297908c214a0afab30a377854585cb1788922334c3bba976f8e2a1141c6ed73e,bb050aa041e8fc1c8391b908baeab529aaf2e9944d5f35b07af661349176adce,pinned_primary,portwatch_chokepoints_snapshot,data/raw/portwatch/Daily_Chokepoints_Data.csv,66f3a54afb042103f3e0afc9670568cb7be245394ec04eba55ebd158593f579d,pinned_primary_reference,bsts_local_level_weekly,daily_marginal_posterior_median,2026-06-17,1.0,53.775461494235685,0.0,118.84822507344386,52.775461494235685,5642.003160214421
portwatch_two_vintage_four_specification_matrix_v1,297908c214a0afab30a377854585cb1788922334c3bba976f8e2a1141c6ed73e,bb050aa041e8fc1c8391b908baeab529aaf2e9944d5f35b07af661349176adce,pinned_primary,portwatch_chokepoints_snapshot,data/raw/portwatch/Daily_Chokepoints_Data.csv,66f3a54afb042103f3e0afc9670568cb7be245394ec04eba55ebd158593f579d,pinned_primary_reference,bsts_local_level_weekly,daily_marginal_posterior_median,2026-06-18,11.0,54.22374712644152,0.0,114.26488275875717,43.22374712644152,5685.226907340862
portwatch_two_vintage_four_specification_matrix_v1,297908c214a0afab30a377854585cb1788922334c3bba976f8e2a1141c6ed73e,bb050aa041e8fc1c8391b908baeab529aaf2e9944d5f35b07af661349176adce,pinned_primary,portwatch_chokepoints_snapshot,data/raw/portwatch/Daily_Chokepoints_Data.csv,66f3a54afb042103f3e0afc9670568cb7be245394ec04eba55ebd158593f579d,pinned_primary_reference,bsts_local_level_weekly,daily_marginal_posterior_median,2026-06-19,5.0,54.41165130622403,0.0,116.6292184798589,49.41165130622403,5734.638558647086
portwatch_two_vintage_four_specification_matrix_v1,297908c214a0afab30a377854585cb1788922334c3bba976f8e2a1141c6ed73e,bb050aa041e8fc1c8391b908baeab529aaf2e9944d5f35b07af661349176adce,pinned_primary,portwatch_chokepoints_snapshot,data/raw/portwatch/Daily_Chokepoints_Data.csv,66f3a54afb042103f3e0afc9670568cb7be245394ec04eba55ebd158593f579d,pinned_primary_reference,bsts_local_level_weekly,daily_marginal_posterior_median,2026-06-20,12.0,55.12742005105902,0.0,118.54456912113693,43.12742005105902,5777.765978698145
portwatch_two_vintage_four_specification_matrix_v1,297908c214a0afab30a377854585cb1788922334c3bba976f8e2a1141c6ed73e,bb050aa041e8fc1c8391b908baeab529aaf2e9944d5f35b07af661349176adce,pinned_primary,portwatch_chokepoints_snapshot,data/raw/portwatch/Daily_Chokepoints_Data.csv,66f3a54afb042103f3e0afc9670568cb7be245394ec04eba55ebd158593f579d,pinned_primary_reference,bsts_local_level_weekly,daily_marginal_posterior_median,2026-06-21,1.0,53.74143885614264,0.0,117.84988778524522,52.74143885614264,5830.507417554288
portwatch_two_vintage_four_specification_matrix_v1,297908c214a0afab30a377854585cb1788922334c3bba976f8e2a1141c6ed73e,bb050aa041e8fc1c8391b908baeab529aaf2e9944d5f35b07af661349176adce,pinned_primary,portwatch_chokepoints_snapshot,data/raw/portwatch/Daily_Chokepoints_Data.csv,66f3a54afb042103f3e0afc9670568cb7be245394ec04eba55ebd158593f579d,pinned_primary_reference,bsts_local_level_weekly,daily_marginal_posterior_median,2026-06-22,9.0,54.4298261808557,0.0,118.93577411559572,45.4298261808557,5875.937243735143
portwatch_two_vintage_four_specification_matrix_v1,297908c214a0afab30a377854585cb1788922334c3bba976f8e2a1141c6ed73e,bb050aa041e8fc1c8391b908baeab529aaf2e9944d5f35b07af661349176adce,pinned_primary,portwatch_chokepoints_snapshot,data/raw/portwatch/Daily_Chokepoints_Data.csv,66f3a54afb042103f3e0afc9670568cb7be245394ec04eba55ebd158593f579d,pinned_primary_reference,bsts_local_level_weekly,daily_marginal_posterior_median,2026-06-23,5.0,52.25002737449736,0.0,119.36193903667512,47.25002737449736,5923.18727110964
portwatch_two_vintage_four_specification_matrix_v1,297908c214a0afab30a377854585cb1788922334c3bba976f8e2a1141c6ed73e,bb050aa041e8fc1c8391b908baeab529aaf2e9944d5f35b07af661349176adce,pinned_primary,portwatch_chokepoints_snapshot,data/raw/portwatch/Daily_Chokepoints_Data.csv,66f3a54afb042103f3e0afc9670568cb7be245394ec04eba55ebd158593f579d,pinned_primary_reference,bsts_local_level_weekly,daily_marginal_posterior_median,2026-06-24,21.0,53.10264618652309,0.0,116.35976872355289,32.10264618652309,5955.289917296163
portwatch_two_vintage_four_specification_matrix_v1,297908c214a0afab30a377854585cb1788922334c3bba976f8e2a1141c6ed73e,bb050aa041e8fc1c8391b908baeab529aaf2e9944d5f35b07af661349176adce,pinned_primary,portwatch_chokepoints_snapshot,data/raw/portwatch/Daily_Chokepoints_Data.csv,66f3a54afb042103f3e0afc9670568cb7be245394ec04eba55ebd158593f579d,pinned_primary_reference,bsts_local_level_weekly,daily_marginal_posterior_median,2026-06-25,23.0,52.34148366844863,0.0,119.01839155938214,29.34148366844863,5984.631400964612
portwatch_two_vintage_four_specification_matrix_v1,297908c214a0afab30a377854585cb1788922334c3bba976f8e2a1141c6ed73e,bb050aa041e8fc1c8391b908baeab529aaf2e9944d5f35b07af661349176adce,pinned_primary,portwatch_chokepoints_snapshot,data/raw/portwatch/Daily_Chokepoints_Data.csv,66f3a54afb042103f3e0afc9670568cb7be245394ec04eba55ebd158593f579d,pinned_primary_reference,bsts_local_level_weekly,daily_marginal_posterior_median,2026-06-26,19.0,53.80393422610965,0.0,118.99764603831636,34.80393422610965,6019.435335190722
portwatch_two_vintage_four_specification_matrix_v1,297908c214a0afab30a377854585cb1788922334c3bba976f8e2a1141c6ed73e,bb050aa041e8fc1c8391b908baeab529aaf2e9944d5f35b07af661349176adce,pinned_primary,portwatch_chokepoints_snapshot,data/raw/portwatch/Daily_Chokepoints_Data.csv,66f3a54afb042103f3e0afc9670568cb7be245394ec04eba55ebd158593f579d,pinned_primary_reference,bsts_local_level_weekly,daily_marginal_posterior_median,2026-06-27,9.0,54.51170171268971,0.0,120.1795945539064,45.51170171268971,6064.947036903412
portwatch_two_vintage_four_specification_matrix_v1,297908c214a0afab30a377854585cb1788922334c3bba976f8e2a1141c6ed73e,bb050aa041e8fc1c8391b908baeab529aaf2e9944d5f35b07af661349176adce,pinned_primary,portwatch_chokepoints_snapshot,data/raw/portwatch/Daily_Chokepoints_Data.csv,66f3a54afb042103f3e0afc9670568cb7be245394ec04eba55ebd158593f579d,pinned_primary_reference,bsts_local_level_weekly,daily_marginal_posterior_median,2026-06-28,11.0,53.796782993752856,0.0,120.77622220114351,42.796782993752856,6107.743819897164
portwatch_two_vintage_four_specification_matrix_v1,297908c214a0afab30a377854585cb1788922334c3bba976f8e2a1141c6ed73e,bb050aa041e8fc1c8391b908baeab529aaf2e9944d5f35b07af661349176adce,pinned_primary,portwatch_chokepoints_snapshot,data/raw/portwatch/Daily_Chokepoints_Data.csv,66f3a54afb042103f3e0afc9670568cb7be245394ec04eba55ebd158593f579d,pinned_primary_reference,bsts_local_level_weekly,daily_marginal_posterior_median,2026-06-29,13.0,52.56894356753623,0.0,120.30716362544376,39.56894356753623,6147.3127634647
portwatch_two_vintage_four_specification_matrix_v1,297908c214a0afab30a377854585cb1788922334c3bba976f8e2a1141c6ed73e,bb050aa041e8fc1c8391b908baeab529aaf2e9944d5f35b07af661349176adce,pinned_primary,portwatch_chokepoints_snapshot,data/raw/portwatch/Daily_Chokepoints_Data.csv,66f3a54afb042103f3e0afc9670568cb7be245394ec04eba55ebd158593f579d,pinned_primary_reference,bsts_local_level_weekly,daily_marginal_posterior_median,2026-06-30,6.0,51.74383743196409,0.0,119.67969743613517,45.74383743196409,6193.056600896664
portwatch_two_vintage_four_specification_matrix_v1,297908c214a0afab30a377854585cb1788922334c3bba976f8e2a1141c6ed73e,bb050aa041e8fc1c8391b908baeab529aaf2e9944d5f35b07af661349176adce,pinned_primary,portwatch_chokepoints_snapshot,data/raw/portwatch/Daily_Chokepoints_Data.csv,66f3a54afb042103f3e0afc9670568cb7be245394ec04eba55ebd158593f579d,pinned_primary_reference,bsts_local_level_weekly,daily_marginal_posterior_median,2026-07-01,23.0,52.49468700766032,0.0,121.74575662601055,29.494687007660318,6222.551287904324
portwatch_two_vintage_four_specification_matrix_v1,297908c214a0afab30a377854585cb1788922334c3bba976f8e2a1141c6ed73e,bb050aa041e8fc1c8391b908baeab529aaf2e9944d5f35b07af661349176adce,pinned_primary,portwatch_chokepoints_snapshot,data/raw/portwatch/Daily_Chokepoints_Data.csv,66f3a54afb042103f3e0afc9670568cb7be245394ec04eba55ebd158593f579d,pinned_primary_reference,bsts_local_level_weekly,daily_marginal_posterior_median,2026-07-02,18.0,53.22963891405719,0.0,119.82755226681913,35.22963891405719,6257.780926818382
portwatch_two_vintage_four_specification_matrix_v1,297908c214a0afab30a377854585cb1788922334c3bba976f8e2a1141c6ed73e,bb050aa041e8fc1c8391b908baeab529aaf2e9944d5f35b07af661349176adce,pinned_primary,portwatch_chokepoints_snapshot,data/raw/portwatch/Daily_Chokepoints_Data.csv,66f3a54afb042103f3e0afc9670568cb7be245394ec04eba55ebd158593f579d,pinned_primary_reference,bsts_local_level_weekly,daily_marginal_posterior_median,2026-07-03,21.0,53.60234728648934,0.0,119.78678973797597,32.60234728648934,6290.383274104871
portwatch_two_vintage_four_specification_matrix_v1,297908c214a0afab30a377854585cb1788922334c3bba976f8e2a1141c6ed73e,bb050aa041e8fc1c8391b908baeab529aaf2e9944d5f35b07af661349176adce,pinned_primary,portwatch_chokepoints_snapshot,data/raw/portwatch/Daily_Chokepoints_Data.csv,66f3a54afb042103f3e0afc9670568cb7be245394ec04eba55ebd158593f579d,pinned_primary_reference,bsts_local_level_weekly,daily_marginal_posterior_median,2026-07-04,11.0,54.665772569298,0.0,119.7965785429706,43.665772569298,6334.0490466741685
portwatch_two_vintage_four_specification_matrix_v1,297908c214a0afab30a377854585cb1788922334c3bba976f8e2a1141c6ed73e,bb050aa041e8fc1c8391b908baeab529aaf2e9944d5f35b07af661349176adce,pinned_primary,portwatch_chokepoints_snapshot,data/raw/portwatch/Daily_Chokepoints_Data.csv,66f3a54afb042103f3e0afc9670568cb7be245394ec04eba55ebd158593f579d,pinned_primary_reference,bsts_local_level_weekly,daily_marginal_posterior_median,2026-07-05,16.0,54.392984274043144,0.0,121.483441832745,38.392984274043144,6372.442030948212
portwatch_two_vintage_four_specification_matrix_v1,297908c214a0afab30a377854585cb1788922334c3bba976f8e2a1141c6ed73e,bb050aa041e8fc1c8391b908baeab529aaf2e9944d5f35b07af661349176adce,pinned_primary,portwatch_chokepoints_snapshot,data/raw/portwatch/Daily_Chokepoints_Data.csv,66f3a54afb042103f3e0afc9670568cb7be245394ec04eba55ebd158593f579d,pinned_primary_reference,bsts_local_level_weekly,daily_marginal_posterior_median,2026-07-06,14.0,52.399091628834114,0.0,122.67849987075665,38.399091628834114,6410.841122577046
portwatch_two_vintage_four_specification_matrix_v1,297908c214a0afab30a377854585cb1788922334c3bba976f8e2a1141c6ed73e,bb050aa041e8fc1c8391b908baeab529aaf2e9944d5f35b07af661349176adce,pinned_primary,portwatch_chokepoints_snapshot,data/raw/portwatch/Daily_Chokepoints_Data.csv,66f3a54afb042103f3e0afc9670568cb7be245394ec04eba55ebd158593f579d,pinned_primary_reference,bsts_local_level_weekly,daily_marginal_posterior_median,2026-07-07,12.0,52.43029992918604,0.0,122.23339948237874,40.43029992918604,6451.271422506232
portwatch_two_vintage_four_specification_matrix_v1,297908c214a0afab30a377854585cb1788922334c3bba976f8e2a1141c6ed73e,bb050aa041e8fc1c8391b908baeab529aaf2e9944d5f35b07af661349176adce,vintage_20260809,portwatch_chokepoints_vintage_20260809_snapshot,data/raw/portwatch/vintages/Daily_Chokepoints_Data__vintage_2026-08-09.csv,0bc806a4c384723debff08053d6fcbb915a03ee9fdf7b23c73d76d9bcb885bcb,sensitivity_only,seasonal_naive_7d,deterministic_daily_point,2026-02-28,33.0,50.0,,,17.0,17.0
portwatch_two_vintage_four_specification_matrix_v1,297908c214a0afab30a377854585cb1788922334c3bba976f8e2a1141c6ed73e,bb050aa041e8fc1c8391b908baeab529aaf2e9944d5f35b07af661349176adce,vintage_20260809,portwatch_chokepoints_vintage_20260809_snapshot,data/raw/portwatch/vintages/Daily_Chokepoints_Data__vintage_2026-08-09.csv,0bc806a4c384723debff08053d6fcbb915a03ee9fdf7b23c73d76d9bcb885bcb,sensitivity_only,seasonal_naive_7d,deterministic_daily_point,2026-03-01,5.0,68.0,,,63.0,80.0
portwatch_two_vintage_four_specification_matrix_v1,297908c214a0afab30a377854585cb1788922334c3bba976f8e2a1141c6ed73e,bb050aa041e8fc1c8391b908baeab529aaf2e9944d5f35b07af661349176adce,vintage_20260809,portwatch_chokepoints_vintage_20260809_snapshot,data/raw/portwatch/vintages/Daily_Chokepoints_Data__vintage_2026-08-09.csv,0bc806a4c384723debff08053d6fcbb915a03ee9fdf7b23c73d76d9bcb885bcb,sensitivity_only,seasonal_naive_7d,deterministic_daily_point,2026-03-02,1.0,58.0,,,57.0,137.0
portwatch_two_vintage_four_specification_matrix_v1,297908c214a0afab30a377854585cb1788922334c3bba976f8e2a1141c6ed73e,bb050aa041e8fc1c8391b908baeab529aaf2e9944d5f35b07af661349176adce,vintage_20260809,portwatch_chokepoints_vintage_20260809_snapshot,data/raw/portwatch/vintages/Daily_Chokepoints_Data__vintage_2026-08-09.csv,0bc806a4c384723debff08053d6fcbb915a03ee9fdf7b23c73d76d9bcb885bcb,sensitivity_only,seasonal_naive_7d,deterministic_daily_point,2026-03-03,1.0,20.0,,,19.0,156.0
portwatch_two_vintage_four_specification_matrix_v1,297908c214a0afab30a377854585cb1788922334c3bba976f8e2a1141c6ed73e,bb050aa041e8fc1c8391b908baeab529aaf2e9944d5f35b07af661349176adce,vintage_20260809,portwatch_chokepoints_vintage_20260809_snapshot,data/raw/portwatch/vintages/Daily_Chokepoints_Data__vintage_2026-08-09.csv,0bc806a4c384723debff08053d6fcbb915a03ee9fdf7b23c73d76d9bcb885bcb,sensitivity_only,seasonal_naive_7d,deterministic_daily_point,2026-03-04,0.0,57.0,,,57.0,213.0
portwatch_two_vintage_four_specification_matrix_v1,297908c214a0afab30a377854585cb1788922334c3bba976f8e2a1141c6ed73e,bb050aa041e8fc1c8391b908baeab529aaf2e9944d5f35b07af661349176adce,vintage_20260809,portwatch_chokepoints_vintage_20260809_snapshot,data/raw/portwatch/vintages/Daily_Chokepoints_Data__vintage_2026-08-09.csv,0bc806a4c384723debff08053d6fcbb915a03ee9fdf7b23c73d76d9bcb885bcb,sensitivity_only,seasonal_naive_7d,deterministic_daily_point,2026-03-05,1.0,44.0,,,43.0,256.0
portwatch_two_vintage_four_specification_matrix_v1,297908c214a0afab30a377854585cb1788922334c3bba976f8e2a1141c6ed73e,bb050aa041e8fc1c8391b908baeab529aaf2e9944d5f35b07af661349176adce,vintage_20260809,portwatch_chokepoints_vintage_20260809_snapshot,data/raw/portwatch/vintages/Daily_Chokepoints_Data__vintage_2026-08-09.csv,0bc806a4c384723debff08053d6fcbb915a03ee9fdf7b23c73d76d9bcb885bcb,sensitivity_only,seasonal_naive_7d,deterministic_daily_point,2026-03-06,0.0,30.0,,,30.0,286.0
portwatch_two_vintage_four_specification_matrix_v1,297908c214a0afab30a377854585cb1788922334c3bba976f8e2a1141c6ed73e,bb050aa041e8fc1c8391b908baeab529aaf2e9944d5f35b07af661349176adce,vintage_20260809,portwatch_chokepoints_vintage_20260809_snapshot,data/raw/portwatch/vintages/Daily_Chokepoints_Data__vintage_2026-08-09.csv,0bc806a4c384723debff08053d6fcbb915a03ee9fdf7b23c73d76d9bcb885bcb,sensitivity_only,seasonal_naive_7d,deterministic_daily_point,2026-03-07,0.0,50.0,,,50.0,336.0
portwatch_two_vintage_four_specification_matrix_v1,297908c214a0afab30a377854585cb1788922334c3bba976f8e2a1141c6ed73e,bb050aa041e8fc1c8391b908baeab529aaf2e9944d5f35b07af661349176adce,vintage_20260809,portwatch_chokepoints_vintage_20260809_snapshot,data/raw/portwatch/vintages/Daily_Chokepoints_Data__vintage_2026-08-09.csv,0bc806a4c384723debff08053d6fcbb915a03ee9fdf7b23c73d76d9bcb885bcb,sensitivity_only,seasonal_naive_7d,deterministic_daily_point,2026-03-08,0.0,68.0,,,68.0,404.0
portwatch_two_vintage_four_specification_matrix_v1,297908c214a0afab30a377854585cb1788922334c3bba976f8e2a1141c6ed73e,bb050aa041e8fc1c8391b908baeab529aaf2e9944d5f35b07af661349176adce,vintage_20260809,portwatch_chokepoints_vintage_20260809_snapshot,data/raw/portwatch/vintages/Daily_Chokepoints_Data__vintage_2026-08-09.csv,0bc806a4c384723debff08053d6fcbb915a03ee9fdf7b23c73d76d9bcb885bcb,sensitivity_only,seasonal_naive_7d,deterministic_daily_point,2026-03-09,0.0,58.0,,,58.0,462.0
portwatch_two_vintage_four_specification_matrix_v1,297908c214a0afab30a377854585cb1788922334c3bba976f8e2a1141c6ed73e,bb050aa041e8fc1c8391b908baeab529aaf2e9944d5f35b07af661349176adce,vintage_20260809,portwatch_chokepoints_vintage_20260809_snapshot,data/raw/portwatch/vintages/Daily_Chokepoints_Data__vintage_2026-08-09.csv,0bc806a4c384723debff08053d6fcbb915a03ee9fdf7b23c73d76d9bcb885bcb,sensitivity_only,seasonal_naive_7d,deterministic_daily_point,2026-03-10,1.0,20.0,,,19.0,481.0
portwatch_two_vintage_four_specification_matrix_v1,297908c214a0afab30a377854585cb1788922334c3bba976f8e2a1141c6ed73e,bb050aa041e8fc1c8391b908baeab529aaf2e9944d5f35b07af661349176adce,vintage_20260809,portwatch_chokepoints_vintage_20260809_snapshot,data/raw/portwatch/vintages/Daily_Chokepoints_Data__vintage_2026-08-09.csv,0bc806a4c384723debff08053d6fcbb915a03ee9fdf7b23c73d76d9bcb885bcb,sensitivity_only,seasonal_naive_7d,deterministic_daily_point,2026-03-11,0.0,57.0,,,57.0,538.0
portwatch_two_vintage_four_specification_matrix_v1,297908c214a0afab30a377854585cb1788922334c3bba976f8e2a1141c6ed73e,bb050aa041e8fc1c8391b908baeab529aaf2e9944d5f35b07af661349176adce,vintage_20260809,portwatch_chokepoints_vintage_20260809_snapshot,data/raw/portwatch/vintages/Daily_Chokepoints_Data__vintage_2026-08-09.csv,0bc806a4c384723debff08053d6fcbb915a03ee9fdf7b23c73d76d9bcb885bcb,sensitivity_only,seasonal_naive_7d,deterministic_daily_point,2026-03-12,0.0,44.0,,,44.0,582.0
portwatch_two_vintage_four_specification_matrix_v1,297908c214a0afab30a377854585cb1788922334c3bba976f8e2a1141c6ed73e,bb050aa041e8fc1c8391b908baeab529aaf2e9944d5f35b07af661349176adce,vintage_20260809,portwatch_chokepoints_vintage_20260809_snapshot,data/raw/portwatch/vintages/Daily_Chokepoints_Data__vintage_2026-08-09.csv,0bc806a4c384723debff08053d6fcbb915a03ee9fdf7b23c73d76d9bcb885bcb,sensitivity_only,seasonal_naive_7d,deterministic_daily_point,2026-03-13,0.0,30.0,,,30.0,612.0
portwatch_two_vintage_four_specification_matrix_v1,297908c214a0afab30a377854585cb1788922334c3bba976f8e2a1141c6ed73e,bb050aa041e8fc1c8391b908baeab529aaf2e9944d5f35b07af661349176adce,vintage_20260809,portwatch_chokepoints_vintage_20260809_snapshot,data/raw/portwatch/vintages/Daily_Chokepoints_Data__vintage_2026-08-09.csv,0bc806a4c384723debff08053d6fcbb915a03ee9fdf7b23c73d76d9bcb885bcb,sensitivity_only,seasonal_naive_7d,deterministic_daily_point,2026-03-14,0.0,50.0,,,50.0,662.0
portwatch_two_vintage_four_specification_matrix_v1,297908c214a0afab30a377854585cb1788922334c3bba976f8e2a1141c6ed73e,bb050aa041e8fc1c8391b908baeab529aaf2e9944d5f35b07af661349176adce,vintage_20260809,portwatch_chokepoints_vintage_20260809_snapshot,data/raw/portwatch/vintages/Daily_Chokepoints_Data__vintage_2026-08-09.csv,0bc806a4c384723debff08053d6fcbb915a03ee9fdf7b23c73d76d9bcb885bcb,sensitivity_only,seasonal_naive_7d,deterministic_daily_point,2026-03-15,2.0,68.0,,,66.0,728.0
portwatch_two_vintage_four_specification_matrix_v1,297908c214a0afab30a377854585cb1788922334c3bba976f8e2a1141c6ed73e,bb050aa041e8fc1c8391b908baeab529aaf2e9944d5f35b07af661349176adce,vintage_20260809,portwatch_chokepoints_vintage_20260809_snapshot,data/raw/portwatch/vintages/Daily_Chokepoints_Data__vintage_2026-08-09.csv,0bc806a4c384723debff08053d6fcbb915a03ee9fdf7b23c73d76d9bcb885bcb,sensitivity_only,seasonal_naive_7d,deterministic_daily_point,2026-03-16,0.0,58.0,,,58.0,786.0
portwatch_two_vintage_four_specification_matrix_v1,297908c214a0afab30a377854585cb1788922334c3bba976f8e2a1141c6ed73e,bb050aa041e8fc1c8391b908baeab529aaf2e9944d5f35b07af661349176adce,vintage_20260809,portwatch_chokepoints_vintage_20260809_snapshot,data/raw/portwatch/vintages/Daily_Chokepoints_Data__vintage_2026-08-09.csv,0bc806a4c384723debff08053d6fcbb915a03ee9fdf7b23c73d76d9bcb885bcb,sensitivity_only,seasonal_naive_7d,deterministic_daily_point,2026-03-17,1.0,20.0,,,19.0,805.0
portwatch_two_vintage_four_specification_matrix_v1,297908c214a0afab30a377854585cb1788922334c3bba976f8e2a1141c6ed73e,bb050aa041e8fc1c8391b908baeab529aaf2e9944d5f35b07af661349176adce,vintage_20260809,portwatch_chokepoints_vintage_20260809_snapshot,data/raw/portwatch/vintages/Daily_Chokepoints_Data__vintage_2026-08-09.csv,0bc806a4c384723debff08053d6fcbb915a03ee9fdf7b23c73d76d9bcb885bcb,sensitivity_only,seasonal_naive_7d,deterministic_daily_point,2026-03-18,0.0,57.0,,,57.0,862.0
portwatch_two_vintage_four_specification_matrix_v1,297908c214a0afab30a377854585cb1788922334c3bba976f8e2a1141c6ed73e,bb050aa041e8fc1c8391b908baeab529aaf2e9944d5f35b07af661349176adce,vintage_20260809,portwatch_chokepoints_vintage_20260809_snapshot,data/raw/portwatch/vintages/Daily_Chokepoints_Data__vintage_2026-08-09.csv,0bc806a4c384723debff08053d6fcbb915a03ee9fdf7b23c73d76d9bcb885bcb,sensitivity_only,seasonal_naive_7d,deterministic_daily_point,2026-03-19,0.0,44.0,,,44.0,906.0
portwatch_two_vintage_four_specification_matrix_v1,297908c214a0afab30a377854585cb1788922334c3bba976f8e2a1141c6ed73e,bb050aa041e8fc1c8391b908baeab529aaf2e9944d5f35b07af661349176adce,vintage_20260809,portwatch_chokepoints_vintage_20260809_snapshot,data/raw/portwatch/vintages/Daily_Chokepoints_Data__vintage_2026-08-09.csv,0bc806a4c384723debff08053d6fcbb915a03ee9fdf7b23c73d76d9bcb885bcb,sensitivity_only,seasonal_naive_7d,deterministic_daily_point,2026-03-20,2.0,30.0,,,28.0,934.0
portwatch_two_vintage_four_specification_matrix_v1,297908c214a0afab30a377854585cb1788922334c3bba976f8e2a1141c6ed73e,bb050aa041e8fc1c8391b908baeab529aaf2e9944d5f35b07af661349176adce,vintage_20260809,portwatch_chokepoints_vintage_20260809_snapshot,data/raw/portwatch/vintages/Daily_Chokepoints_Data__vintage_2026-08-09.csv,0bc806a4c384723debff08053d6fcbb915a03ee9fdf7b23c73d76d9bcb885bcb,sensitivity_only,seasonal_naive_7d,deterministic_daily_point,2026-03-21,0.0,50.0,,,50.0,984.0
portwatch_two_vintage_four_specification_matrix_v1,297908c214a0afab30a377854585cb1788922334c3bba976f8e2a1141c6ed73e,bb050aa041e8fc1c8391b908baeab529aaf2e9944d5f35b07af661349176adce,vintage_20260809,portwatch_chokepoints_vintage_20260809_snapshot,data/raw/portwatch/vintages/Daily_Chokepoints_Data__vintage_2026-08-09.csv,0bc806a4c384723debff08053d6fcbb915a03ee9fdf7b23c73d76d9bcb885bcb,sensitivity_only,seasonal_naive_7d,deterministic_daily_point,2026-03-22,0.0,68.0,,,68.0,1052.0
portwatch_two_vintage_four_specification_matrix_v1,297908c214a0afab30a377854585cb1788922334c3bba976f8e2a1141c6ed73e,bb050aa041e8fc1c8391b908baeab529aaf2e9944d5f35b07af661349176adce,vintage_20260809,portwatch_chokepoints_vintage_20260809_snapshot,data/raw/portwatch/vintages/Daily_Chokepoints_Data__vintage_2026-08-09.csv,0bc806a4c384723debff08053d6fcbb915a03ee9fdf7b23c73d76d9bcb885bcb,sensitivity_only,seasonal_naive_7d,deterministic_daily_point,2026-03-23,2.0,58.0,,,56.0,1108.0
portwatch_two_vintage_four_specification_matrix_v1,297908c214a0afab30a377854585cb1788922334c3bba976f8e2a1141c6ed73e,bb050aa041e8fc1c8391b908baeab529aaf2e9944d5f35b07af661349176adce,vintage_20260809,portwatch_chokepoints_vintage_20260809_snapshot,data/raw/portwatch/vintages/Daily_Chokepoints_Data__vintage_2026-08-09.csv,0bc806a4c384723debff08053d6fcbb915a03ee9fdf7b23c73d76d9bcb885bcb,sensitivity_only,seasonal_naive_7d,deterministic_daily_point,2026-03-24,1.0,20.0,,,19.0,1127.0
portwatch_two_vintage_four_specification_matrix_v1,297908c214a0afab30a377854585cb1788922334c3bba976f8e2a1141c6ed73e,bb050aa041e8fc1c8391b908baeab529aaf2e9944d5f35b07af661349176adce,vintage_20260809,portwatch_chokepoints_vintage_20260809_snapshot,data/raw/portwatch/vintages/Daily_Chokepoints_Data__vintage_2026-08-09.csv,0bc806a4c384723debff08053d6fcbb915a03ee9fdf7b23c73d76d9bcb885bcb,sensitivity_only,seasonal_naive_7d,deterministic_daily_point,2026-03-25,1.0,57.0,,,56.0,1183.0
portwatch_two_vintage_four_specification_matrix_v1,297908c214a0afab30a377854585cb1788922334c3bba976f8e2a1141c6ed73e,bb050aa041e8fc1c8391b908baeab529aaf2e9944d5f35b07af661349176adce,vintage_20260809,portwatch_chokepoints_vintage_20260809_snapshot,data/raw/portwatch/vintages/Daily_Chokepoints_Data__vintage_2026-08-09.csv,0bc806a4c384723debff08053d6fcbb915a03ee9fdf7b23c73d76d9bcb885bcb,sensitivity_only,seasonal_naive_7d,deterministic_daily_point,2026-03-26,0.0,44.0,,,44.0,1227.0
portwatch_two_vintage_four_specification_matrix_v1,297908c214a0afab30a377854585cb1788922334c3bba976f8e2a1141c6ed73e,bb050aa041e8fc1c8391b908baeab529aaf2e9944d5f35b07af661349176adce,vintage_20260809,portwatch_chokepoints_vintage_20260809_snapshot,data/raw/portwatch/vintages/Daily_Chokepoints_Data__vintage_2026-08-09.csv,0bc806a4c384723debff08053d6fcbb915a03ee9fdf7b23c73d76d9bcb885bcb,sensitivity_only,seasonal_naive_7d,deterministic_daily_point,2026-03-27,0.0,30.0,,,30.0,1257.0
portwatch_two_vintage_four_specification_matrix_v1,297908c214a0afab30a377854585cb1788922334c3bba976f8e2a1141c6ed73e,bb050aa041e8fc1c8391b908baeab529aaf2e9944d5f35b07af661349176adce,vintage_20260809,portwatch_chokepoints_vintage_20260809_snapshot,data/raw/portwatch/vintages/Daily_Chokepoints_Data__vintage_2026-08-09.csv,0bc806a4c384723debff08053d6fcbb915a03ee9fdf7b23c73d76d9bcb885bcb,sensitivity_only,seasonal_naive_7d,deterministic_daily_point,2026-03-28,0.0,50.0,,,50.0,1307.0
portwatch_two_vintage_four_specification_matrix_v1,297908c214a0afab30a377854585cb1788922334c3bba976f8e2a1141c6ed73e,bb050aa041e8fc1c8391b908baeab529aaf2e9944d5f35b07af661349176adce,vintage_20260809,portwatch_chokepoints_vintage_20260809_snapshot,data/raw/portwatch/vintages/Daily_Chokepoints_Data__vintage_2026-08-09.csv,0bc806a4c384723debff08053d6fcbb915a03ee9fdf7b23c73d76d9bcb885bcb,sensitivity_only,seasonal_naive_7d,deterministic_daily_point,2026-03-29,2.0,68.0,,,66.0,1373.0
portwatch_two_vintage_four_specification_matrix_v1,297908c214a0afab30a377854585cb1788922334c3bba976f8e2a1141c6ed73e,bb050aa041e8fc1c8391b908baeab529aaf2e9944d5f35b07af661349176adce,vintage_20260809,portwatch_chokepoints_vintage_20260809_snapshot,data/raw/portwatch/vintages/Daily_Chokepoints_Data__vintage_2026-08-09.csv,0bc806a4c384723debff08053d6fcbb915a03ee9fdf7b23c73d76d9bcb885bcb,sensitivity_only,seasonal_naive_7d,deterministic_daily_point,2026-03-30,3.0,58.0,,,55.0,1428.0
portwatch_two_vintage_four_specification_matrix_v1,297908c214a0afab30a377854585cb1788922334c3bba976f8e2a1141c6ed73e,bb050aa041e8fc1c8391b908baeab529aaf2e9944d5f35b07af661349176adce,vintage_20260809,portwatch_chokepoints_vintage_20260809_snapshot,data/raw/portwatch/vintages/Daily_Chokepoints_Data__vintage_2026-08-09.csv,0bc806a4c384723debff08053d6fcbb915a03ee9fdf7b23c73d76d9bcb885bcb,sensitivity_only,seasonal_naive_7d,deterministic_daily_point,2026-03-31,2.0,20.0,,,18.0,1446.0
portwatch_two_vintage_four_specification_matrix_v1,297908c214a0afab30a377854585cb1788922334c3bba976f8e2a1141c6ed73e,bb050aa041e8fc1c8391b908baeab529aaf2e9944d5f35b07af661349176adce,vintage_20260809,portwatch_chokepoints_vintage_20260809_snapshot,data/raw/portwatch/vintages/Daily_Chokepoints_Data__vintage_2026-08-09.csv,0bc806a4c384723debff08053d6fcbb915a03ee9fdf7b23c73d76d9bcb885bcb,sensitivity_only,seasonal_naive_7d,deterministic_daily_point,2026-04-01,1.0,57.0,,,56.0,1502.0
portwatch_two_vintage_four_specification_matrix_v1,297908c214a0afab30a377854585cb1788922334c3bba976f8e2a1141c6ed73e,bb050aa041e8fc1c8391b908baeab529aaf2e9944d5f35b07af661349176adce,vintage_20260809,portwatch_chokepoints_vintage_20260809_snapshot,data/raw/portwatch/vintages/Daily_Chokepoints_Data__vintage_2026-08-09.csv,0bc806a4c384723debff08053d6fcbb915a03ee9fdf7b23c73d76d9bcb885bcb,sensitivity_only,seasonal_naive_7d,deterministic_daily_point,2026-04-02,0.0,44.0,,,44.0,1546.0
portwatch_two_vintage_four_specification_matrix_v1,297908c214a0afab30a377854585cb1788922334c3bba976f8e2a1141c6ed73e,bb050aa041e8fc1c8391b908baeab529aaf2e9944d5f35b07af661349176adce,vintage_20260809,portwatch_chokepoints_vintage_20260809_snapshot,data/raw/portwatch/vintages/Daily_Chokepoints_Data__vintage_2026-08-09.csv,0bc806a4c384723debff08053d6fcbb915a03ee9fdf7b23c73d76d9bcb885bcb,sensitivity_only,seasonal_naive_7d,deterministic_daily_point,2026-04-03,2.0,30.0,,,28.0,1574.0
portwatch_two_vintage_four_specification_matrix_v1,297908c214a0afab30a377854585cb1788922334c3bba976f8e2a1141c6ed73e,bb050aa041e8fc1c8391b908baeab529aaf2e9944d5f35b07af661349176adce,vintage_20260809,portwatch_chokepoints_vintage_20260809_snapshot,data/raw/portwatch/vintages/Daily_Chokepoints_Data__vintage_2026-08-09.csv,0bc806a4c384723debff08053d6fcbb915a03ee9fdf7b23c73d76d9bcb885bcb,sensitivity_only,seasonal_naive_7d,deterministic_daily_point,2026-04-04,3.0,50.0,,,47.0,1621.0
portwatch_two_vintage_four_specification_matrix_v1,297908c214a0afab30a377854585cb1788922334c3bba976f8e2a1141c6ed73e,bb050aa041e8fc1c8391b908baeab529aaf2e9944d5f35b07af661349176adce,vintage_20260809,portwatch_chokepoints_vintage_20260809_snapshot,data/raw/portwatch/vintages/Daily_Chokepoints_Data__vintage_2026-08-09.csv,0bc806a4c384723debff08053d6fcbb915a03ee9fdf7b23c73d76d9bcb885bcb,sensitivity_only,seasonal_naive_7d,deterministic_daily_point,2026-04-05,4.0,68.0,,,64.0,1685.0
portwatch_two_vintage_four_specification_matrix_v1,297908c214a0afab30a377854585cb1788922334c3bba976f8e2a1141c6ed73e,bb050aa041e8fc1c8391b908baeab529aaf2e9944d5f35b07af661349176adce,vintage_20260809,portwatch_chokepoints_vintage_20260809_snapshot,data/raw/portwatch/vintages/Daily_Chokepoints_Data__vintage_2026-08-09.csv,0bc806a4c384723debff08053d6fcbb915a03ee9fdf7b23c73d76d9bcb885bcb,sensitivity_only,seasonal_naive_7d,deterministic_daily_point,2026-04-06,0.0,58.0,,,58.0,1743.0
portwatch_two_vintage_four_specification_matrix_v1,297908c214a0afab30a377854585cb1788922334c3bba976f8e2a1141c6ed73e,bb050aa041e8fc1c8391b908baeab529aaf2e9944d5f35b07af661349176adce,vintage_20260809,portwatch_chokepoints_vintage_20260809_snapshot,data/raw/portwatch/vintages/Daily_Chokepoints_Data__vintage_2026-08-09.csv,0bc806a4c384723debff08053d6fcbb915a03ee9fdf7b23c73d76d9bcb885bcb,sensitivity_only,seasonal_naive_7d,deterministic_daily_point,2026-04-07,2.0,20.0,,,18.0,1761.0
portwatch_two_vintage_four_specification_matrix_v1,297908c214a0afab30a377854585cb1788922334c3bba976f8e2a1141c6ed73e,bb050aa041e8fc1c8391b908baeab529aaf2e9944d5f35b07af661349176adce,vintage_20260809,portwatch_chokepoints_vintage_20260809_snapshot,data/raw/portwatch/vintages/Daily_Chokepoints_Data__vintage_2026-08-09.csv,0bc806a4c384723debff08053d6fcbb915a03ee9fdf7b23c73d76d9bcb885bcb,sensitivity_only,seasonal_naive_7d,deterministic_daily_point,2026-04-08,0.0,57.0,,,57.0,1818.0
portwatch_two_vintage_four_specification_matrix_v1,297908c214a0afab30a377854585cb1788922334c3bba976f8e2a1141c6ed73e,bb050aa041e8fc1c8391b908baeab529aaf2e9944d5f35b07af661349176adce,vintage_20260809,portwatch_chokepoints_vintage_20260809_snapshot,data/raw/portwatch/vintages/Daily_Chokepoints_Data__vintage_2026-08-09.csv,0bc806a4c384723debff08053d6fcbb915a03ee9fdf7b23c73d76d9bcb885bcb,sensitivity_only,seasonal_naive_7d,deterministic_daily_point,2026-04-09,5.0,44.0,,,39.0,1857.0
portwatch_two_vintage_four_specification_matrix_v1,297908c214a0afab30a377854585cb1788922334c3bba976f8e2a1141c6ed73e,bb050aa041e8fc1c8391b908baeab529aaf2e9944d5f35b07af661349176adce,vintage_20260809,portwatch_chokepoints_vintage_20260809_snapshot,data/raw/portwatch/vintages/Daily_Chokepoints_Data__vintage_2026-08-09.csv,0bc806a4c384723debff08053d6fcbb915a03ee9fdf7b23c73d76d9bcb885bcb,sensitivity_only,seasonal_naive_7d,deterministic_daily_point,2026-04-10,0.0,30.0,,,30.0,1887.0
portwatch_two_vintage_four_specification_matrix_v1,297908c214a0afab30a377854585cb1788922334c3bba976f8e2a1141c6ed73e,bb050aa041e8fc1c8391b908baeab529aaf2e9944d5f35b07af661349176adce,vintage_20260809,portwatch_chokepoints_vintage_20260809_snapshot,data/raw/portwatch/vintages/Daily_Chokepoints_Data__vintage_2026-08-09.csv,0bc806a4c384723debff08053d6fcbb915a03ee9fdf7b23c73d76d9bcb885bcb,sensitivity_only,seasonal_naive_7d,deterministic_daily_point,2026-04-11,3.0,50.0,,,47.0,1934.0
portwatch_two_vintage_four_specification_matrix_v1,297908c214a0afab30a377854585cb1788922334c3bba976f8e2a1141c6ed73e,bb050aa041e8fc1c8391b908baeab529aaf2e9944d5f35b07af661349176adce,vintage_20260809,portwatch_chokepoints_vintage_20260809_snapshot,data/raw/portwatch/vintages/Daily_Chokepoints_Data__vintage_2026-08-09.csv,0bc806a4c384723debff08053d6fcbb915a03ee9fdf7b23c73d76d9bcb885bcb,sensitivity_only,seasonal_naive_7d,deterministic_daily_point,2026-04-12,3.0,68.0,,,65.0,1999.0
portwatch_two_vintage_four_specification_matrix_v1,297908c214a0afab30a377854585cb1788922334c3bba976f8e2a1141c6ed73e,bb050aa041e8fc1c8391b908baeab529aaf2e9944d5f35b07af661349176adce,vintage_20260809,portwatch_chokepoints_vintage_20260809_snapshot,data/raw/portwatch/vintages/Daily_Chokepoints_Data__vintage_2026-08-09.csv,0bc806a4c384723debff08053d6fcbb915a03ee9fdf7b23c73d76d9bcb885bcb,sensitivity_only,seasonal_naive_7d,deterministic_daily_point,2026-04-13,3.0,58.0,,,55.0,2054.0
portwatch_two_vintage_four_specification_matrix_v1,297908c214a0afab30a377854585cb1788922334c3bba976f8e2a1141c6ed73e,bb050aa041e8fc1c8391b908baeab529aaf2e9944d5f35b07af661349176adce,vintage_20260809,portwatch_chokepoints_vintage_20260809_snapshot,data/raw/portwatch/vintages/Daily_Chokepoints_Data__vintage_2026-08-09.csv,0bc806a4c384723debff08053d6fcbb915a03ee9fdf7b23c73d76d9bcb885bcb,sensitivity_only,seasonal_naive_7d,deterministic_daily_point,2026-04-14,2.0,20.0,,,18.0,2072.0
portwatch_two_vintage_four_specification_matrix_v1,297908c214a0afab30a377854585cb1788922334c3bba976f8e2a1141c6ed73e,bb050aa041e8fc1c8391b908baeab529aaf2e9944d5f35b07af661349176adce,vintage_20260809,portwatch_chokepoints_vintage_20260809_snapshot,data/raw/portwatch/vintages/Daily_Chokepoints_Data__vintage_2026-08-09.csv,0bc806a4c384723debff08053d6fcbb915a03ee9fdf7b23c73d76d9bcb885bcb,sensitivity_only,seasonal_naive_7d,deterministic_daily_point,2026-04-15,4.0,57.0,,,53.0,2125.0
portwatch_two_vintage_four_specification_matrix_v1,297908c214a0afab30a377854585cb1788922334c3bba976f8e2a1141c6ed73e,bb050aa041e8fc1c8391b908baeab529aaf2e9944d5f35b07af661349176adce,vintage_20260809,portwatch_chokepoints_vintage_20260809_snapshot,data/raw/portwatch/vintages/Daily_Chokepoints_Data__vintage_2026-08-09.csv,0bc806a4c384723debff08053d6fcbb915a03ee9fdf7b23c73d76d9bcb885bcb,sensitivity_only,seasonal_naive_7d,deterministic_daily_point,2026-04-16,1.0,44.0,,,43.0,2168.0
portwatch_two_vintage_four_specification_matrix_v1,297908c214a0afab30a377854585cb1788922334c3bba976f8e2a1141c6ed73e,bb050aa041e8fc1c8391b908baeab529aaf2e9944d5f35b07af661349176adce,vintage_20260809,portwatch_chokepoints_vintage_20260809_snapshot,data/raw/portwatch/vintages/Daily_Chokepoints_Data__vintage_2026-08-09.csv,0bc806a4c384723debff08053d6fcbb915a03ee9fdf7b23c73d76d9bcb885bcb,sensitivity_only,seasonal_naive_7d,deterministic_daily_point,2026-04-17,3.0,30.0,,,27.0,2195.0
portwatch_two_vintage_four_specification_matrix_v1,297908c214a0afab30a377854585cb1788922334c3bba976f8e2a1141c6ed73e,bb050aa041e8fc1c8391b908baeab529aaf2e9944d5f35b07af661349176adce,vintage_20260809,portwatch_chokepoints_vintage_20260809_snapshot,data/raw/portwatch/vintages/Daily_Chokepoints_Data__vintage_2026-08-09.csv,0bc806a4c384723debff08053d6fcbb915a03ee9fdf7b23c73d76d9bcb885bcb,sensitivity_only,seasonal_naive_7d,deterministic_daily_point,2026-04-18,12.0,50.0,,,38.0,2233.0
portwatch_two_vintage_four_specification_matrix_v1,297908c214a0afab30a377854585cb1788922334c3bba976f8e2a1141c6ed73e,bb050aa041e8fc1c8391b908baeab529aaf2e9944d5f35b07af661349176adce,vintage_20260809,portwatch_chokepoints_vintage_20260809_snapshot,data/raw/portwatch/vintages/Daily_Chokepoints_Data__vintage_2026-08-09.csv,0bc806a4c384723debff08053d6fcbb915a03ee9fdf7b23c73d76d9bcb885bcb,sensitivity_only,seasonal_naive_7d,deterministic_daily_point,2026-04-19,1.0,68.0,,,67.0,2300.0
portwatch_two_vintage_four_specification_matrix_v1,297908c214a0afab30a377854585cb1788922334c3bba976f8e2a1141c6ed73e,bb050aa041e8fc1c8391b908baeab529aaf2e9944d5f35b07af661349176adce,vintage_20260809,portwatch_chokepoints_vintage_20260809_snapshot,data/raw/portwatch/vintages/Daily_Chokepoints_Data__vintage_2026-08-09.csv,0bc806a4c384723debff08053d6fcbb915a03ee9fdf7b23c73d76d9bcb885bcb,sensitivity_only,seasonal_naive_7d,deterministic_daily_point,2026-04-20,2.0,58.0,,,56.0,2356.0
portwatch_two_vintage_four_specification_matrix_v1,297908c214a0afab30a377854585cb1788922334c3bba976f8e2a1141c6ed73e,bb050aa041e8fc1c8391b908baeab529aaf2e9944d5f35b07af661349176adce,vintage_20260809,portwatch_chokepoints_vintage_20260809_snapshot,data/raw/portwatch/vintages/Daily_Chokepoints_Data__vintage_2026-08-09.csv,0bc806a4c384723debff08053d6fcbb915a03ee9fdf7b23c73d76d9bcb885bcb,sensitivity_only,seasonal_naive_7d,deterministic_daily_point,2026-04-21,2.0,20.0,,,18.0,2374.0
portwatch_two_vintage_four_specification_matrix_v1,297908c214a0afab30a377854585cb1788922334c3bba976f8e2a1141c6ed73e,bb050aa041e8fc1c8391b908baeab529aaf2e9944d5f35b07af661349176adce,vintage_20260809,portwatch_chokepoints_vintage_20260809_snapshot,data/raw/portwatch/vintages/Daily_Chokepoints_Data__vintage_2026-08-09.csv,0bc806a4c384723debff08053d6fcbb915a03ee9fdf7b23c73d76d9bcb885bcb,sensitivity_only,seasonal_naive_7d,deterministic_daily_point,2026-04-22,2.0,57.0,,,55.0,2429.0
portwatch_two_vintage_four_specification_matrix_v1,297908c214a0afab30a377854585cb1788922334c3bba976f8e2a1141c6ed73e,bb050aa041e8fc1c8391b908baeab529aaf2e9944d5f35b07af661349176adce,vintage_20260809,portwatch_chokepoints_vintage_20260809_snapshot,data/raw/portwatch/vintages/Daily_Chokepoints_Data__vintage_2026-08-09.csv,0bc806a4c384723debff08053d6fcbb915a03ee9fdf7b23c73d76d9bcb885bcb,sensitivity_only,seasonal_naive_7d,deterministic_daily_point,2026-04-23,0.0,44.0,,,44.0,2473.0
portwatch_two_vintage_four_specification_matrix_v1,297908c214a0afab30a377854585cb1788922334c3bba976f8e2a1141c6ed73e,bb050aa041e8fc1c8391b908baeab529aaf2e9944d5f35b07af661349176adce,vintage_20260809,portwatch_chokepoints_vintage_20260809_snapshot,data/raw/portwatch/vintages/Daily_Chokepoints_Data__vintage_2026-08-09.csv,0bc806a4c384723debff08053d6fcbb915a03ee9fdf7b23c73d76d9bcb885bcb,sensitivity_only,seasonal_naive_7d,deterministic_daily_point,2026-04-24,2.0,30.0,,,28.0,2501.0
portwatch_two_vintage_four_specification_matrix_v1,297908c214a0afab30a377854585cb1788922334c3bba976f8e2a1141c6ed73e,bb050aa041e8fc1c8391b908baeab529aaf2e9944d5f35b07af661349176adce,vintage_20260809,portwatch_chokepoints_vintage_20260809_snapshot,data/raw/portwatch/vintages/Daily_Chokepoints_Data__vintage_2026-08-09.csv,0bc806a4c384723debff08053d6fcbb915a03ee9fdf7b23c73d76d9bcb885bcb,sensitivity_only,seasonal_naive_7d,deterministic_daily_point,2026-04-25,1.0,50.0,,,49.0,2550.0
portwatch_two_vintage_four_specification_matrix_v1,297908c214a0afab30a377854585cb1788922334c3bba976f8e2a1141c6ed73e,bb050aa041e8fc1c8391b908baeab529aaf2e9944d5f35b07af661349176adce,vintage_20260809,portwatch_chokepoints_vintage_20260809_snapshot,data/raw/portwatch/vintages/Daily_Chokepoints_Data__vintage_2026-08-09.csv,0bc806a4c384723debff08053d6fcbb915a03ee9fdf7b23c73d76d9bcb885bcb,sensitivity_only,seasonal_naive_7d,deterministic_daily_point,2026-04-26,1.0,68.0,,,67.0,2617.0
portwatch_two_vintage_four_specification_matrix_v1,297908c214a0afab30a377854585cb1788922334c3bba976f8e2a1141c6ed73e,bb050aa041e8fc1c8391b908baeab529aaf2e9944d5f35b07af661349176adce,vintage_20260809,portwatch_chokepoints_vintage_20260809_snapshot,data/raw/portwatch/vintages/Daily_Chokepoints_Data__vintage_2026-08-09.csv,0bc806a4c384723debff08053d6fcbb915a03ee9fdf7b23c73d76d9bcb885bcb,sensitivity_only,seasonal_naive_7d,deterministic_daily_point,2026-04-27,0.0,58.0,,,58.0,2675.0
portwatch_two_vintage_four_specification_matrix_v1,297908c214a0afab30a377854585cb1788922334c3bba976f8e2a1141c6ed73e,bb050aa041e8fc1c8391b908baeab529aaf2e9944d5f35b07af661349176adce,vintage_20260809,portwatch_chokepoints_vintage_20260809_snapshot,data/raw/portwatch/vintages/Daily_Chokepoints_Data__vintage_2026-08-09.csv,0bc806a4c384723debff08053d6fcbb915a03ee9fdf7b23c73d76d9bcb885bcb,sensitivity_only,seasonal_naive_7d,deterministic_daily_point,2026-04-28,2.0,20.0,,,18.0,2693.0
portwatch_two_vintage_four_specification_matrix_v1,297908c214a0afab30a377854585cb1788922334c3bba976f8e2a1141c6ed73e,bb050aa041e8fc1c8391b908baeab529aaf2e9944d5f35b07af661349176adce,vintage_20260809,portwatch_chokepoints_vintage_20260809_snapshot,data/raw/portwatch/vintages/Daily_Chokepoints_Data__vintage_2026-08-09.csv,0bc806a4c384723debff08053d6fcbb915a03ee9fdf7b23c73d76d9bcb885bcb,sensitivity_only,seasonal_naive_7d,deterministic_daily_point,2026-04-29,3.0,57.0,,,54.0,2747.0
portwatch_two_vintage_four_specification_matrix_v1,297908c214a0afab30a377854585cb1788922334c3bba976f8e2a1141c6ed73e,bb050aa041e8fc1c8391b908baeab529aaf2e9944d5f35b07af661349176adce,vintage_20260809,portwatch_chokepoints_vintage_20260809_snapshot,data/raw/portwatch/vintages/Daily_Chokepoints_Data__vintage_2026-08-09.csv,0bc806a4c384723debff08053d6fcbb915a03ee9fdf7b23c73d76d9bcb885bcb,sensitivity_only,seasonal_naive_7d,deterministic_daily_point,2026-04-30,4.0,44.0,,,40.0,2787.0
portwatch_two_vintage_four_specification_matrix_v1,297908c214a0afab30a377854585cb1788922334c3bba976f8e2a1141c6ed73e,bb050aa041e8fc1c8391b908baeab529aaf2e9944d5f35b07af661349176adce,vintage_20260809,portwatch_chokepoints_vintage_20260809_snapshot,data/raw/portwatch/vintages/Daily_Chokepoints_Data__vintage_2026-08-09.csv,0bc806a4c384723debff08053d6fcbb915a03ee9fdf7b23c73d76d9bcb885bcb,sensitivity_only,seasonal_naive_7d,deterministic_daily_point,2026-05-01,2.0,30.0,,,28.0,2815.0
portwatch_two_vintage_four_specification_matrix_v1,297908c214a0afab30a377854585cb1788922334c3bba976f8e2a1141c6ed73e,bb050aa041e8fc1c8391b908baeab529aaf2e9944d5f35b07af661349176adce,vintage_20260809,portwatch_chokepoints_vintage_20260809_snapshot,data/raw/portwatch/vintages/Daily_Chokepoints_Data__vintage_2026-08-09.csv,0bc806a4c384723debff08053d6fcbb915a03ee9fdf7b23c73d76d9bcb885bcb,sensitivity_only,seasonal_naive_7d,deterministic_daily_point,2026-05-02,4.0,50.0,,,46.0,2861.0
portwatch_two_vintage_four_specification_matrix_v1,297908c214a0afab30a377854585cb1788922334c3bba976f8e2a1141c6ed73e,bb050aa041e8fc1c8391b908baeab529aaf2e9944d5f35b07af661349176adce,vintage_20260809,portwatch_chokepoints_vintage_20260809_snapshot,data/raw/portwatch/vintages/Daily_Chokepoints_Data__vintage_2026-08-09.csv,0bc806a4c384723debff08053d6fcbb915a03ee9fdf7b23c73d76d9bcb885bcb,sensitivity_only,seasonal_naive_7d,deterministic_daily_point,2026-05-03,1.0,68.0,,,67.0,2928.0
portwatch_two_vintage_four_specification_matrix_v1,297908c214a0afab30a377854585cb1788922334c3bba976f8e2a1141c6ed73e,bb050aa041e8fc1c8391b908baeab529aaf2e9944d5f35b07af661349176adce,vintage_20260809,portwatch_chokepoints_vintage_20260809_snapshot,data/raw/portwatch/vintages/Daily_Chokepoints_Data__vintage_2026-08-09.csv,0bc806a4c384723debff08053d6fcbb915a03ee9fdf7b23c73d76d9bcb885bcb,sensitivity_only,seasonal_naive_7d,deterministic_daily_point,2026-05-04,0.0,58.0,,,58.0,2986.0
portwatch_two_vintage_four_specification_matrix_v1,297908c214a0afab30a377854585cb1788922334c3bba976f8e2a1141c6ed73e,bb050aa041e8fc1c8391b908baeab529aaf2e9944d5f35b07af661349176adce,vintage_20260809,portwatch_chokepoints_vintage_20260809_snapshot,data/raw/portwatch/vintages/Daily_Chokepoints_Data__vintage_2026-08-09.csv,0bc806a4c384723debff08053d6fcbb915a03ee9fdf7b23c73d76d9bcb885bcb,sensitivity_only,seasonal_naive_7d,deterministic_daily_point,2026-05-05,0.0,20.0,,,20.0,3006.0
portwatch_two_vintage_four_specification_matrix_v1,297908c214a0afab30a377854585cb1788922334c3bba976f8e2a1141c6ed73e,bb050aa041e8fc1c8391b908baeab529aaf2e9944d5f35b07af661349176adce,vintage_20260809,portwatch_chokepoints_vintage_20260809_snapshot,data/raw/portwatch/vintages/Daily_Chokepoints_Data__vintage_2026-08-09.csv,0bc806a4c384723debff08053d6fcbb915a03ee9fdf7b23c73d76d9bcb885bcb,sensitivity_only,seasonal_naive_7d,deterministic_daily_point,2026-05-06,0.0,57.0,,,57.0,3063.0
portwatch_two_vintage_four_specification_matrix_v1,297908c214a0afab30a377854585cb1788922334c3bba976f8e2a1141c6ed73e,bb050aa041e8fc1c8391b908baeab529aaf2e9944d5f35b07af661349176adce,vintage_20260809,portwatch_chokepoints_vintage_20260809_snapshot,data/raw/portwatch/vintages/Daily_Chokepoints_Data__vintage_2026-08-09.csv,0bc806a4c384723debff08053d6fcbb915a03ee9fdf7b23c73d76d9bcb885bcb,sensitivity_only,seasonal_naive_7d,deterministic_daily_point,2026-05-07,0.0,44.0,,,44.0,3107.0
portwatch_two_vintage_four_specification_matrix_v1,297908c214a0afab30a377854585cb1788922334c3bba976f8e2a1141c6ed73e,bb050aa041e8fc1c8391b908baeab529aaf2e9944d5f35b07af661349176adce,vintage_20260809,portwatch_chokepoints_vintage_20260809_snapshot,data/raw/portwatch/vintages/Daily_Chokepoints_Data__vintage_2026-08-09.csv,0bc806a4c384723debff08053d6fcbb915a03ee9fdf7b23c73d76d9bcb885bcb,sensitivity_only,seasonal_naive_7d,deterministic_daily_point,2026-05-08,0.0,30.0,,,30.0,3137.0
portwatch_two_vintage_four_specification_matrix_v1,297908c214a0afab30a377854585cb1788922334c3bba976f8e2a1141c6ed73e,bb050aa041e8fc1c8391b908baeab529aaf2e9944d5f35b07af661349176adce,vintage_20260809,portwatch_chokepoints_vintage_20260809_snapshot,data/raw/portwatch/vintages/Daily_Chokepoints_Data__vintage_2026-08-09.csv,0bc806a4c384723debff08053d6fcbb915a03ee9fdf7b23c73d76d9bcb885bcb,sensitivity_only,seasonal_naive_7d,deterministic_daily_point,2026-05-09,1.0,50.0,,,49.0,3186.0
portwatch_two_vintage_four_specification_matrix_v1,297908c214a0afab30a377854585cb1788922334c3bba976f8e2a1141c6ed73e,bb050aa041e8fc1c8391b908baeab529aaf2e9944d5f35b07af661349176adce,vintage_20260809,portwatch_chokepoints_vintage_20260809_snapshot,data/raw/portwatch/vintages/Daily_Chokepoints_Data__vintage_2026-08-09.csv,0bc806a4c384723debff08053d6fcbb915a03ee9fdf7b23c73d76d9bcb885bcb,sensitivity_only,seasonal_naive_7d,deterministic_daily_point,2026-05-10,2.0,68.0,,,66.0,3252.0
portwatch_two_vintage_four_specification_matrix_v1,297908c214a0afab30a377854585cb1788922334c3bba976f8e2a1141c6ed73e,bb050aa041e8fc1c8391b908baeab529aaf2e9944d5f35b07af661349176adce,vintage_20260809,portwatch_chokepoints_vintage_20260809_snapshot,data/raw/portwatch/vintages/Daily_Chokepoints_Data__vintage_2026-08-09.csv,0bc806a4c384723debff08053d6fcbb915a03ee9fdf7b23c73d76d9bcb885bcb,sensitivity_only,seasonal_naive_7d,deterministic_daily_point,2026-05-11,4.0,58.0,,,54.0,3306.0
portwatch_two_vintage_four_specification_matrix_v1,297908c214a0afab30a377854585cb1788922334c3bba976f8e2a1141c6ed73e,bb050aa041e8fc1c8391b908baeab529aaf2e9944d5f35b07af661349176adce,vintage_20260809,portwatch_chokepoints_vintage_20260809_snapshot,data/raw/portwatch/vintages/Daily_Chokepoints_Data__vintage_2026-08-09.csv,0bc806a4c384723debff08053d6fcbb915a03ee9fdf7b23c73d76d9bcb885bcb,sensitivity_only,seasonal_naive_7d,deterministic_daily_point,2026-05-12,1.0,20.0,,,19.0,3325.0
portwatch_two_vintage_four_specification_matrix_v1,297908c214a0afab30a377854585cb1788922334c3bba976f8e2a1141c6ed73e,bb050aa041e8fc1c8391b908baeab529aaf2e9944d5f35b07af661349176adce,vintage_20260809,portwatch_chokepoints_vintage_20260809_snapshot,data/raw/portwatch/vintages/Daily_Chokepoints_Data__vintage_2026-08-09.csv,0bc806a4c384723debff08053d6fcbb915a03ee9fdf7b23c73d76d9bcb885bcb,sensitivity_only,seasonal_naive_7d,deterministic_daily_point,2026-05-13,2.0,57.0,,,55.0,3380.0
portwatch_two_vintage_four_specification_matrix_v1,297908c214a0afab30a377854585cb1788922334c3bba976f8e2a1141c6ed73e,bb050aa041e8fc1c8391b908baeab529aaf2e9944d5f35b07af661349176adce,vintage_20260809,portwatch_chokepoints_vintage_20260809_snapshot,data/raw/portwatch/vintages/Daily_Chokepoints_Data__vintage_2026-08-09.csv,0bc806a4c384723debff08053d6fcbb915a03ee9fdf7b23c73d76d9bcb885bcb,sensitivity_only,seasonal_naive_7d,deterministic_daily_point,2026-05-14,3.0,44.0,,,41.0,3421.0
portwatch_two_vintage_four_specification_matrix_v1,297908c214a0afab30a377854585cb1788922334c3bba976f8e2a1141c6ed73e,bb050aa041e8fc1c8391b908baeab529aaf2e9944d5f35b07af661349176adce,vintage_20260809,portwatch_chokepoints_vintage_20260809_snapshot,data/raw/portwatch/vintages/Daily_Chokepoints_Data__vintage_2026-08-09.csv,0bc806a4c384723debff08053d6fcbb915a03ee9fdf7b23c73d76d9bcb885bcb,sensitivity_only,seasonal_naive_7d,deterministic_daily_point,2026-05-15,2.0,30.0,,,28.0,3449.0
portwatch_two_vintage_four_specification_matrix_v1,297908c214a0afab30a377854585cb1788922334c3bba976f8e2a1141c6ed73e,bb050aa041e8fc1c8391b908baeab529aaf2e9944d5f35b07af661349176adce,vintage_20260809,portwatch_chokepoints_vintage_20260809_snapshot,data/raw/portwatch/vintages/Daily_Chokepoints_Data__vintage_2026-08-09.csv,0bc806a4c384723debff08053d6fcbb915a03ee9fdf7b23c73d76d9bcb885bcb,sensitivity_only,seasonal_naive_7d,deterministic_daily_point,2026-05-16,1.0,50.0,,,49.0,3498.0
portwatch_two_vintage_four_specification_matrix_v1,297908c214a0afab30a377854585cb1788922334c3bba976f8e2a1141c6ed73e,bb050aa041e8fc1c8391b908baeab529aaf2e9944d5f35b07af661349176adce,vintage_20260809,portwatch_chokepoints_vintage_20260809_snapshot,data/raw/portwatch/vintages/Daily_Chokepoints_Data__vintage_2026-08-09.csv,0bc806a4c384723debff08053d6fcbb915a03ee9fdf7b23c73d76d9bcb885bcb,sensitivity_only,seasonal_naive_7d,deterministic_daily_point,2026-05-17,1.0,68.0,,,67.0,3565.0
portwatch_two_vintage_four_specification_matrix_v1,297908c214a0afab30a377854585cb1788922334c3bba976f8e2a1141c6ed73e,bb050aa041e8fc1c8391b908baeab529aaf2e9944d5f35b07af661349176adce,vintage_20260809,portwatch_chokepoints_vintage_20260809_snapshot,data/raw/portwatch/vintages/Daily_Chokepoints_Data__vintage_2026-08-09.csv,0bc806a4c384723debff08053d6fcbb915a03ee9fdf7b23c73d76d9bcb885bcb,sensitivity_only,seasonal_naive_7d,deterministic_daily_point,2026-05-18,1.0,58.0,,,57.0,3622.0
portwatch_two_vintage_four_specification_matrix_v1,297908c214a0afab30a377854585cb1788922334c3bba976f8e2a1141c6ed73e,bb050aa041e8fc1c8391b908baeab529aaf2e9944d5f35b07af661349176adce,vintage_20260809,portwatch_chokepoints_vintage_20260809_snapshot,data/raw/portwatch/vintages/Daily_Chokepoints_Data__vintage_2026-08-09.csv,0bc806a4c384723debff08053d6fcbb915a03ee9fdf7b23c73d76d9bcb885bcb,sensitivity_only,seasonal_naive_7d,deterministic_daily_point,2026-05-19,3.0,20.0,,,17.0,3639.0
portwatch_two_vintage_four_specification_matrix_v1,297908c214a0afab30a377854585cb1788922334c3bba976f8e2a1141c6ed73e,bb050aa041e8fc1c8391b908baeab529aaf2e9944d5f35b07af661349176adce,vintage_20260809,portwatch_chokepoints_vintage_20260809_snapshot,data/raw/portwatch/vintages/Daily_Chokepoints_Data__vintage_2026-08-09.csv,0bc806a4c384723debff08053d6fcbb915a03ee9fdf7b23c73d76d9bcb885bcb,sensitivity_only,seasonal_naive_7d,deterministic_daily_point,2026-05-20,3.0,57.0,,,54.0,3693.0
portwatch_two_vintage_four_specification_matrix_v1,297908c214a0afab30a377854585cb1788922334c3bba976f8e2a1141c6ed73e,bb050aa041e8fc1c8391b908baeab529aaf2e9944d5f35b07af661349176adce,vintage_20260809,portwatch_chokepoints_vintage_20260809_snapshot,data/raw/portwatch/vintages/Daily_Chokepoints_Data__vintage_2026-08-09.csv,0bc806a4c384723debff08053d6fcbb915a03ee9fdf7b23c73d76d9bcb885bcb,sensitivity_only,seasonal_naive_7d,deterministic_daily_point,2026-05-21,2.0,44.0,,,42.0,3735.0
portwatch_two_vintage_four_specification_matrix_v1,297908c214a0afab30a377854585cb1788922334c3bba976f8e2a1141c6ed73e,bb050aa041e8fc1c8391b908baeab529aaf2e9944d5f35b07af661349176adce,vintage_20260809,portwatch_chokepoints_vintage_20260809_snapshot,data/raw/portwatch/vintages/Daily_Chokepoints_Data__vintage_2026-08-09.csv,0bc806a4c384723debff08053d6fcbb915a03ee9fdf7b23c73d76d9bcb885bcb,sensitivity_only,seasonal_naive_7d,deterministic_daily_point,2026-05-22,0.0,30.0,,,30.0,3765.0
portwatch_two_vintage_four_specification_matrix_v1,297908c214a0afab30a377854585cb1788922334c3bba976f8e2a1141c6ed73e,bb050aa041e8fc1c8391b908baeab529aaf2e9944d5f35b07af661349176adce,vintage_20260809,portwatch_chokepoints_vintage_20260809_snapshot,data/raw/portwatch/vintages/Daily_Chokepoints_Data__vintage_2026-08-09.csv,0bc806a4c384723debff08053d6fcbb915a03ee9fdf7b23c73d76d9bcb885bcb,sensitivity_only,seasonal_naive_7d,deterministic_daily_point,2026-05-23,1.0,50.0,,,49.0,3814.0
portwatch_two_vintage_four_specification_matrix_v1,297908c214a0afab30a377854585cb1788922334c3bba976f8e2a1141c6ed73e,bb050aa041e8fc1c8391b908baeab529aaf2e9944d5f35b07af661349176adce,vintage_20260809,portwatch_chokepoints_vintage_20260809_snapshot,data/raw/portwatch/vintages/Daily_Chokepoints_Data__vintage_2026-08-09.csv,0bc806a4c384723debff08053d6fcbb915a03ee9fdf7b23c73d76d9bcb885bcb,sensitivity_only,seasonal_naive_7d,deterministic_daily_point,2026-05-24,2.0,68.0,,,66.0,3880.0
portwatch_two_vintage_four_specification_matrix_v1,297908c214a0afab30a377854585cb1788922334c3bba976f8e2a1141c6ed73e,bb050aa041e8fc1c8391b908baeab529aaf2e9944d5f35b07af661349176adce,vintage_20260809,portwatch_chokepoints_vintage_20260809_snapshot,data/raw/portwatch/vintages/Daily_Chokepoints_Data__vintage_2026-08-09.csv,0bc806a4c384723debff08053d6fcbb915a03ee9fdf7b23c73d76d9bcb885bcb,sensitivity_only,seasonal_naive_7d,deterministic_daily_point,2026-05-25,0.0,58.0,,,58.0,3938.0
portwatch_two_vintage_four_specification_matrix_v1,297908c214a0afab30a377854585cb1788922334c3bba976f8e2a1141c6ed73e,bb050aa041e8fc1c8391b908baeab529aaf2e9944d5f35b07af661349176adce,vintage_20260809,portwatch_chokepoints_vintage_20260809_snapshot,data/raw/portwatch/vintages/Daily_Chokepoints_Data__vintage_2026-08-09.csv,0bc806a4c384723debff08053d6fcbb915a03ee9fdf7b23c73d76d9bcb885bcb,sensitivity_only,seasonal_naive_7d,deterministic_daily_point,2026-05-26,2.0,20.0,,,18.0,3956.0
portwatch_two_vintage_four_specification_matrix_v1,297908c214a0afab30a377854585cb1788922334c3bba976f8e2a1141c6ed73e,bb050aa041e8fc1c8391b908baeab529aaf2e9944d5f35b07af661349176adce,vintage_20260809,portwatch_chokepoints_vintage_20260809_snapshot,data/raw/portwatch/vintages/Daily_Chokepoints_Data__vintage_2026-08-09.csv,0bc806a4c384723debff08053d6fcbb915a03ee9fdf7b23c73d76d9bcb885bcb,sensitivity_only,seasonal_naive_7d,deterministic_daily_point,2026-05-27,1.0,57.0,,,56.0,4012.0
portwatch_two_vintage_four_specification_matrix_v1,297908c214a0afab30a377854585cb1788922334c3bba976f8e2a1141c6ed73e,bb050aa041e8fc1c8391b908baeab529aaf2e9944d5f35b07af661349176adce,vintage_20260809,portwatch_chokepoints_vintage_20260809_snapshot,data/raw/portwatch/vintages/Daily_Chokepoints_Data__vintage_2026-08-09.csv,0bc806a4c384723debff08053d6fcbb915a03ee9fdf7b23c73d76d9bcb885bcb,sensitivity_only,seasonal_naive_7d,deterministic_daily_point,2026-05-28,0.0,44.0,,,44.0,4056.0
portwatch_two_vintage_four_specification_matrix_v1,297908c214a0afab30a377854585cb1788922334c3bba976f8e2a1141c6ed73e,bb050aa041e8fc1c8391b908baeab529aaf2e9944d5f35b07af661349176adce,vintage_20260809,portwatch_chokepoints_vintage_20260809_snapshot,data/raw/portwatch/vintages/Daily_Chokepoints_Data__vintage_2026-08-09.csv,0bc806a4c384723debff08053d6fcbb915a03ee9fdf7b23c73d76d9bcb885bcb,sensitivity_only,seasonal_naive_7d,deterministic_daily_point,2026-05-29,0.0,30.0,,,30.0,4086.0
portwatch_two_vintage_four_specification_matrix_v1,297908c214a0afab30a377854585cb1788922334c3bba976f8e2a1141c6ed73e,bb050aa041e8fc1c8391b908baeab529aaf2e9944d5f35b07af661349176adce,vintage_20260809,portwatch_chokepoints_vintage_20260809_snapshot,data/raw/portwatch/vintages/Daily_Chokepoints_Data__vintage_2026-08-09.csv,0bc806a4c384723debff08053d6fcbb915a03ee9fdf7b23c73d76d9bcb885bcb,sensitivity_only,seasonal_naive_7d,deterministic_daily_point,2026-05-30,0.0,50.0,,,50.0,4136.0
portwatch_two_vintage_four_specification_matrix_v1,297908c214a0afab30a377854585cb1788922334c3bba976f8e2a1141c6ed73e,bb050aa041e8fc1c8391b908baeab529aaf2e9944d5f35b07af661349176adce,vintage_20260809,portwatch_chokepoints_vintage_20260809_snapshot,data/raw/portwatch/vintages/Daily_Chokepoints_Data__vintage_2026-08-09.csv,0bc806a4c384723debff08053d6fcbb915a03ee9fdf7b23c73d76d9bcb885bcb,sensitivity_only,seasonal_naive_7d,deterministic_daily_point,2026-05-31,0.0,68.0,,,68.0,4204.0
portwatch_two_vintage_four_specification_matrix_v1,297908c214a0afab30a377854585cb1788922334c3bba976f8e2a1141c6ed73e,bb050aa041e8fc1c8391b908baeab529aaf2e9944d5f35b07af661349176adce,vintage_20260809,portwatch_chokepoints_vintage_20260809_snapshot,data/raw/portwatch/vintages/Daily_Chokepoints_Data__vintage_2026-08-09.csv,0bc806a4c384723debff08053d6fcbb915a03ee9fdf7b23c73d76d9bcb885bcb,sensitivity_only,seasonal_naive_7d,deterministic_daily_point,2026-06-01,1.0,58.0,,,57.0,4261.0
portwatch_two_vintage_four_specification_matrix_v1,297908c214a0afab30a377854585cb1788922334c3bba976f8e2a1141c6ed73e,bb050aa041e8fc1c8391b908baeab529aaf2e9944d5f35b07af661349176adce,vintage_20260809,portwatch_chokepoints_vintage_20260809_snapshot,data/raw/portwatch/vintages/Daily_Chokepoints_Data__vintage_2026-08-09.csv,0bc806a4c384723debff08053d6fcbb915a03ee9fdf7b23c73d76d9bcb885bcb,sensitivity_only,seasonal_naive_7d,deterministic_daily_point,2026-06-02,3.0,20.0,,,17.0,4278.0
portwatch_two_vintage_four_specification_matrix_v1,297908c214a0afab30a377854585cb1788922334c3bba976f8e2a1141c6ed73e,bb050aa041e8fc1c8391b908baeab529aaf2e9944d5f35b07af661349176adce,vintage_20260809,portwatch_chokepoints_vintage_20260809_snapshot,data/raw/portwatch/vintages/Daily_Chokepoints_Data__vintage_2026-08-09.csv,0bc806a4c384723debff08053d6fcbb915a03ee9fdf7b23c73d76d9bcb885bcb,sensitivity_only,seasonal_naive_7d,deterministic_daily_point,2026-06-03,3.0,57.0,,,54.0,4332.0
portwatch_two_vintage_four_specification_matrix_v1,297908c214a0afab30a377854585cb1788922334c3bba976f8e2a1141c6ed73e,bb050aa041e8fc1c8391b908baeab529aaf2e9944d5f35b07af661349176adce,vintage_20260809,portwatch_chokepoints_vintage_20260809_snapshot,data/raw/portwatch/vintages/Daily_Chokepoints_Data__vintage_2026-08-09.csv,0bc806a4c384723debff08053d6fcbb915a03ee9fdf7b23c73d76d9bcb885bcb,sensitivity_only,seasonal_naive_7d,deterministic_daily_point,2026-06-04,1.0,44.0,,,43.0,4375.0
portwatch_two_vintage_four_specification_matrix_v1,297908c214a0afab30a377854585cb1788922334c3bba976f8e2a1141c6ed73e,bb050aa041e8fc1c8391b908baeab529aaf2e9944d5f35b07af661349176adce,vintage_20260809,portwatch_chokepoints_vintage_20260809_snapshot,data/raw/portwatch/vintages/Daily_Chokepoints_Data__vintage_2026-08-09.csv,0bc806a4c384723debff08053d6fcbb915a03ee9fdf7b23c73d76d9bcb885bcb,sensitivity_only,seasonal_naive_7d,deterministic_daily_point,2026-06-05,0.0,30.0,,,30.0,4405.0
portwatch_two_vintage_four_specification_matrix_v1,297908c214a0afab30a377854585cb1788922334c3bba976f8e2a1141c6ed73e,bb050aa041e8fc1c8391b908baeab529aaf2e9944d5f35b07af661349176adce,vintage_20260809,portwatch_chokepoints_vintage_20260809_snapshot,data/raw/portwatch/vintages/Daily_Chokepoints_Data__vintage_2026-08-09.csv,0bc806a4c384723debff08053d6fcbb915a03ee9fdf7b23c73d76d9bcb885bcb,sensitivity_only,seasonal_naive_7d,deterministic_daily_point,2026-06-06,0.0,50.0,,,50.0,4455.0
portwatch_two_vintage_four_specification_matrix_v1,297908c214a0afab30a377854585cb1788922334c3bba976f8e2a1141c6ed73e,bb050aa041e8fc1c8391b908baeab529aaf2e9944d5f35b07af661349176adce,vintage_20260809,portwatch_chokepoints_vintage_20260809_snapshot,data/raw/portwatch/vintages/Daily_Chokepoints_Data__vintage_2026-08-09.csv,0bc806a4c384723debff08053d6fcbb915a03ee9fdf7b23c73d76d9bcb885bcb,sensitivity_only,seasonal_naive_7d,deterministic_daily_point,2026-06-07,0.0,68.0,,,68.0,4523.0
portwatch_two_vintage_four_specification_matrix_v1,297908c214a0afab30a377854585cb1788922334c3bba976f8e2a1141c6ed73e,bb050aa041e8fc1c8391b908baeab529aaf2e9944d5f35b07af661349176adce,vintage_20260809,portwatch_chokepoints_vintage_20260809_snapshot,data/raw/portwatch/vintages/Daily_Chokepoints_Data__vintage_2026-08-09.csv,0bc806a4c384723debff08053d6fcbb915a03ee9fdf7b23c73d76d9bcb885bcb,sensitivity_only,seasonal_naive_7d,deterministic_daily_point,2026-06-08,1.0,58.0,,,57.0,4580.0
portwatch_two_vintage_four_specification_matrix_v1,297908c214a0afab30a377854585cb1788922334c3bba976f8e2a1141c6ed73e,bb050aa041e8fc1c8391b908baeab529aaf2e9944d5f35b07af661349176adce,vintage_20260809,portwatch_chokepoints_vintage_20260809_snapshot,data/raw/portwatch/vintages/Daily_Chokepoints_Data__vintage_2026-08-09.csv,0bc806a4c384723debff08053d6fcbb915a03ee9fdf7b23c73d76d9bcb885bcb,sensitivity_only,seasonal_naive_7d,deterministic_daily_point,2026-06-09,2.0,20.0,,,18.0,4598.0
portwatch_two_vintage_four_specification_matrix_v1,297908c214a0afab30a377854585cb1788922334c3bba976f8e2a1141c6ed73e,bb050aa041e8fc1c8391b908baeab529aaf2e9944d5f35b07af661349176adce,vintage_20260809,portwatch_chokepoints_vintage_20260809_snapshot,data/raw/portwatch/vintages/Daily_Chokepoints_Data__vintage_2026-08-09.csv,0bc806a4c384723debff08053d6fcbb915a03ee9fdf7b23c73d76d9bcb885bcb,sensitivity_only,seasonal_naive_7d,deterministic_daily_point,2026-06-10,0.0,57.0,,,57.0,4655.0
portwatch_two_vintage_four_specification_matrix_v1,297908c214a0afab30a377854585cb1788922334c3bba976f8e2a1141c6ed73e,bb050aa041e8fc1c8391b908baeab529aaf2e9944d5f35b07af661349176adce,vintage_20260809,portwatch_chokepoints_vintage_20260809_snapshot,data/raw/portwatch/vintages/Daily_Chokepoints_Data__vintage_2026-08-09.csv,0bc806a4c384723debff08053d6fcbb915a03ee9fdf7b23c73d76d9bcb885bcb,sensitivity_only,seasonal_naive_7d,deterministic_daily_point,2026-06-11,2.0,44.0,,,42.0,4697.0
portwatch_two_vintage_four_specification_matrix_v1,297908c214a0afab30a377854585cb1788922334c3bba976f8e2a1141c6ed73e,bb050aa041e8fc1c8391b908baeab529aaf2e9944d5f35b07af661349176adce,vintage_20260809,portwatch_chokepoints_vintage_20260809_snapshot,data/raw/portwatch/vintages/Daily_Chokepoints_Data__vintage_2026-08-09.csv,0bc806a4c384723debff08053d6fcbb915a03ee9fdf7b23c73d76d9bcb885bcb,sensitivity_only,seasonal_naive_7d,deterministic_daily_point,2026-06-12,1.0,30.0,,,29.0,4726.0
portwatch_two_vintage_four_specification_matrix_v1,297908c214a0afab30a377854585cb1788922334c3bba976f8e2a1141c6ed73e,bb050aa041e8fc1c8391b908baeab529aaf2e9944d5f35b07af661349176adce,vintage_20260809,portwatch_chokepoints_vintage_20260809_snapshot,data/raw/portwatch/vintages/Daily_Chokepoints_Data__vintage_2026-08-09.csv,0bc806a4c384723debff08053d6fcbb915a03ee9fdf7b23c73d76d9bcb885bcb,sensitivity_only,seasonal_naive_7d,deterministic_daily_point,2026-06-13,0.0,50.0,,,50.0,4776.0
portwatch_two_vintage_four_specification_matrix_v1,297908c214a0afab30a377854585cb1788922334c3bba976f8e2a1141c6ed73e,bb050aa041e8fc1c8391b908baeab529aaf2e9944d5f35b07af661349176adce,vintage_20260809,portwatch_chokepoints_vintage_20260809_snapshot,data/raw/portwatch/vintages/Daily_Chokepoints_Data__vintage_2026-08-09.csv,0bc806a4c384723debff08053d6fcbb915a03ee9fdf7b23c73d76d9bcb885bcb,sensitivity_only,seasonal_naive_7d,deterministic_daily_point,2026-06-14,0.0,68.0,,,68.0,4844.0
portwatch_two_vintage_four_specification_matrix_v1,297908c214a0afab30a377854585cb1788922334c3bba976f8e2a1141c6ed73e,bb050aa041e8fc1c8391b908baeab529aaf2e9944d5f35b07af661349176adce,vintage_20260809,portwatch_chokepoints_vintage_20260809_snapshot,data/raw/portwatch/vintages/Daily_Chokepoints_Data__vintage_2026-08-09.csv,0bc806a4c384723debff08053d6fcbb915a03ee9fdf7b23c73d76d9bcb885bcb,sensitivity_only,seasonal_naive_7d,deterministic_daily_point,2026-06-15,1.0,58.0,,,57.0,4901.0
portwatch_two_vintage_four_specification_matrix_v1,297908c214a0afab30a377854585cb1788922334c3bba976f8e2a1141c6ed73e,bb050aa041e8fc1c8391b908baeab529aaf2e9944d5f35b07af661349176adce,vintage_20260809,portwatch_chokepoints_vintage_20260809_snapshot,data/raw/portwatch/vintages/Daily_Chokepoints_Data__vintage_2026-08-09.csv,0bc806a4c384723debff08053d6fcbb915a03ee9fdf7b23c73d76d9bcb885bcb,sensitivity_only,seasonal_naive_7d,deterministic_daily_point,2026-06-16,2.0,20.0,,,18.0,4919.0
portwatch_two_vintage_four_specification_matrix_v1,297908c214a0afab30a377854585cb1788922334c3bba976f8e2a1141c6ed73e,bb050aa041e8fc1c8391b908baeab529aaf2e9944d5f35b07af661349176adce,vintage_20260809,portwatch_chokepoints_vintage_20260809_snapshot,data/raw/portwatch/vintages/Daily_Chokepoints_Data__vintage_2026-08-09.csv,0bc806a4c384723debff08053d6fcbb915a03ee9fdf7b23c73d76d9bcb885bcb,sensitivity_only,seasonal_naive_7d,deterministic_daily_point,2026-06-17,0.0,57.0,,,57.0,4976.0
portwatch_two_vintage_four_specification_matrix_v1,297908c214a0afab30a377854585cb1788922334c3bba976f8e2a1141c6ed73e,bb050aa041e8fc1c8391b908baeab529aaf2e9944d5f35b07af661349176adce,vintage_20260809,portwatch_chokepoints_vintage_20260809_snapshot,data/raw/portwatch/vintages/Daily_Chokepoints_Data__vintage_2026-08-09.csv,0bc806a4c384723debff08053d6fcbb915a03ee9fdf7b23c73d76d9bcb885bcb,sensitivity_only,seasonal_naive_7d,deterministic_daily_point,2026-06-18,10.0,44.0,,,34.0,5010.0
portwatch_two_vintage_four_specification_matrix_v1,297908c214a0afab30a377854585cb1788922334c3bba976f8e2a1141c6ed73e,bb050aa041e8fc1c8391b908baeab529aaf2e9944d5f35b07af661349176adce,vintage_20260809,portwatch_chokepoints_vintage_20260809_snapshot,data/raw/portwatch/vintages/Daily_Chokepoints_Data__vintage_2026-08-09.csv,0bc806a4c384723debff08053d6fcbb915a03ee9fdf7b23c73d76d9bcb885bcb,sensitivity_only,seasonal_naive_7d,deterministic_daily_point,2026-06-19,3.0,30.0,,,27.0,5037.0
portwatch_two_vintage_four_specification_matrix_v1,297908c214a0afab30a377854585cb1788922334c3bba976f8e2a1141c6ed73e,bb050aa041e8fc1c8391b908baeab529aaf2e9944d5f35b07af661349176adce,vintage_20260809,portwatch_chokepoints_vintage_20260809_snapshot,data/raw/portwatch/vintages/Daily_Chokepoints_Data__vintage_2026-08-09.csv,0bc806a4c384723debff08053d6fcbb915a03ee9fdf7b23c73d76d9bcb885bcb,sensitivity_only,seasonal_naive_7d,deterministic_daily_point,2026-06-20,12.0,50.0,,,38.0,5075.0
portwatch_two_vintage_four_specification_matrix_v1,297908c214a0afab30a377854585cb1788922334c3bba976f8e2a1141c6ed73e,bb050aa041e8fc1c8391b908baeab529aaf2e9944d5f35b07af661349176adce,vintage_20260809,portwatch_chokepoints_vintage_20260809_snapshot,data/raw/portwatch/vintages/Daily_Chokepoints_Data__vintage_2026-08-09.csv,0bc806a4c384723debff08053d6fcbb915a03ee9fdf7b23c73d76d9bcb885bcb,sensitivity_only,seasonal_naive_7d,deterministic_daily_point,2026-06-21,1.0,68.0,,,67.0,5142.0
portwatch_two_vintage_four_specification_matrix_v1,297908c214a0afab30a377854585cb1788922334c3bba976f8e2a1141c6ed73e,bb050aa041e8fc1c8391b908baeab529aaf2e9944d5f35b07af661349176adce,vintage_20260809,portwatch_chokepoints_vintage_20260809_snapshot,data/raw/portwatch/vintages/Daily_Chokepoints_Data__vintage_2026-08-09.csv,0bc806a4c384723debff08053d6fcbb915a03ee9fdf7b23c73d76d9bcb885bcb,sensitivity_only,seasonal_naive_7d,deterministic_daily_point,2026-06-22,8.0,58.0,,,50.0,5192.0
portwatch_two_vintage_four_specification_matrix_v1,297908c214a0afab30a377854585cb1788922334c3bba976f8e2a1141c6ed73e,bb050aa041e8fc1c8391b908baeab529aaf2e9944d5f35b07af661349176adce,vintage_20260809,portwatch_chokepoints_vintage_20260809_snapshot,data/raw/portwatch/vintages/Daily_Chokepoints_Data__vintage_2026-08-09.csv,0bc806a4c384723debff08053d6fcbb915a03ee9fdf7b23c73d76d9bcb885bcb,sensitivity_only,seasonal_naive_7d,deterministic_daily_point,2026-06-23,4.0,20.0,,,16.0,5208.0
portwatch_two_vintage_four_specification_matrix_v1,297908c214a0afab30a377854585cb1788922334c3bba976f8e2a1141c6ed73e,bb050aa041e8fc1c8391b908baeab529aaf2e9944d5f35b07af661349176adce,vintage_20260809,portwatch_chokepoints_vintage_20260809_snapshot,data/raw/portwatch/vintages/Daily_Chokepoints_Data__vintage_2026-08-09.csv,0bc806a4c384723debff08053d6fcbb915a03ee9fdf7b23c73d76d9bcb885bcb,sensitivity_only,seasonal_naive_7d,deterministic_daily_point,2026-06-24,18.0,57.0,,,39.0,5247.0
portwatch_two_vintage_four_specification_matrix_v1,297908c214a0afab30a377854585cb1788922334c3bba976f8e2a1141c6ed73e,bb050aa041e8fc1c8391b908baeab529aaf2e9944d5f35b07af661349176adce,vintage_20260809,portwatch_chokepoints_vintage_20260809_snapshot,data/raw/portwatch/vintages/Daily_Chokepoints_Data__vintage_2026-08-09.csv,0bc806a4c384723debff08053d6fcbb915a03ee9fdf7b23c73d76d9bcb885bcb,sensitivity_only,seasonal_naive_7d,deterministic_daily_point,2026-06-25,21.0,44.0,,,23.0,5270.0
portwatch_two_vintage_four_specification_matrix_v1,297908c214a0afab30a377854585cb1788922334c3bba976f8e2a1141c6ed73e,bb050aa041e8fc1c8391b908baeab529aaf2e9944d5f35b07af661349176adce,vintage_20260809,portwatch_chokepoints_vintage_20260809_snapshot,data/raw/portwatch/vintages/Daily_Chokepoints_Data__vintage_2026-08-09.csv,0bc806a4c384723debff08053d6fcbb915a03ee9fdf7b23c73d76d9bcb885bcb,sensitivity_only,seasonal_naive_7d,deterministic_daily_point,2026-06-26,17.0,30.0,,,13.0,5283.0
portwatch_two_vintage_four_specification_matrix_v1,297908c214a0afab30a377854585cb1788922334c3bba976f8e2a1141c6ed73e,bb050aa041e8fc1c8391b908baeab529aaf2e9944d5f35b07af661349176adce,vintage_20260809,portwatch_chokepoints_vintage_20260809_snapshot,data/raw/portwatch/vintages/Daily_Chokepoints_Data__vintage_2026-08-09.csv,0bc806a4c384723debff08053d6fcbb915a03ee9fdf7b23c73d76d9bcb885bcb,sensitivity_only,seasonal_naive_7d,deterministic_daily_point,2026-06-27,9.0,50.0,,,41.0,5324.0
portwatch_two_vintage_four_specification_matrix_v1,297908c214a0afab30a377854585cb1788922334c3bba976f8e2a1141c6ed73e,bb050aa041e8fc1c8391b908baeab529aaf2e9944d5f35b07af661349176adce,vintage_20260809,portwatch_chokepoints_vintage_20260809_snapshot,data/raw/portwatch/vintages/Daily_Chokepoints_Data__vintage_2026-08-09.csv,0bc806a4c384723debff08053d6fcbb915a03ee9fdf7b23c73d76d9bcb885bcb,sensitivity_only,seasonal_naive_7d,deterministic_daily_point,2026-06-28,6.0,68.0,,,62.0,5386.0
portwatch_two_vintage_four_specification_matrix_v1,297908c214a0afab30a377854585cb1788922334c3bba976f8e2a1141c6ed73e,bb050aa041e8fc1c8391b908baeab529aaf2e9944d5f35b07af661349176adce,vintage_20260809,portwatch_chokepoints_vintage_20260809_snapshot,data/raw/portwatch/vintages/Daily_Chokepoints_Data__vintage_2026-08-09.csv,0bc806a4c384723debff08053d6fcbb915a03ee9fdf7b23c73d76d9bcb885bcb,sensitivity_only,seasonal_naive_7d,deterministic_daily_point,2026-06-29,12.0,58.0,,,46.0,5432.0
portwatch_two_vintage_four_specification_matrix_v1,297908c214a0afab30a377854585cb1788922334c3bba976f8e2a1141c6ed73e,bb050aa041e8fc1c8391b908baeab529aaf2e9944d5f35b07af661349176adce,vintage_20260809,portwatch_chokepoints_vintage_20260809_snapshot,data/raw/portwatch/vintages/Daily_Chokepoints_Data__vintage_2026-08-09.csv,0bc806a4c384723debff08053d6fcbb915a03ee9fdf7b23c73d76d9bcb885bcb,sensitivity_only,seasonal_naive_7d,deterministic_daily_point,2026-06-30,5.0,20.0,,,15.0,5447.0
portwatch_two_vintage_four_specification_matrix_v1,297908c214a0afab30a377854585cb1788922334c3bba976f8e2a1141c6ed73e,bb050aa041e8fc1c8391b908baeab529aaf2e9944d5f35b07af661349176adce,vintage_20260809,portwatch_chokepoints_vintage_20260809_snapshot,data/raw/portwatch/vintages/Daily_Chokepoints_Data__vintage_2026-08-09.csv,0bc806a4c384723debff08053d6fcbb915a03ee9fdf7b23c73d76d9bcb885bcb,sensitivity_only,seasonal_naive_7d,deterministic_daily_point,2026-07-01,17.0,57.0,,,40.0,5487.0
portwatch_two_vintage_four_specification_matrix_v1,297908c214a0afab30a377854585cb1788922334c3bba976f8e2a1141c6ed73e,bb050aa041e8fc1c8391b908baeab529aaf2e9944d5f35b07af661349176adce,vintage_20260809,portwatch_chokepoints_vintage_20260809_snapshot,data/raw/portwatch/vintages/Daily_Chokepoints_Data__vintage_2026-08-09.csv,0bc806a4c384723debff08053d6fcbb915a03ee9fdf7b23c73d76d9bcb885bcb,sensitivity_only,seasonal_naive_7d,deterministic_daily_point,2026-07-02,14.0,44.0,,,30.0,5517.0
portwatch_two_vintage_four_specification_matrix_v1,297908c214a0afab30a377854585cb1788922334c3bba976f8e2a1141c6ed73e,bb050aa041e8fc1c8391b908baeab529aaf2e9944d5f35b07af661349176adce,vintage_20260809,portwatch_chokepoints_vintage_20260809_snapshot,data/raw/portwatch/vintages/Daily_Chokepoints_Data__vintage_2026-08-09.csv,0bc806a4c384723debff08053d6fcbb915a03ee9fdf7b23c73d76d9bcb885bcb,sensitivity_only,seasonal_naive_7d,deterministic_daily_point,2026-07-03,17.0,30.0,,,13.0,5530.0
portwatch_two_vintage_four_specification_matrix_v1,297908c214a0afab30a377854585cb1788922334c3bba976f8e2a1141c6ed73e,bb050aa041e8fc1c8391b908baeab529aaf2e9944d5f35b07af661349176adce,vintage_20260809,portwatch_chokepoints_vintage_20260809_snapshot,data/raw/portwatch/vintages/Daily_Chokepoints_Data__vintage_2026-08-09.csv,0bc806a4c384723debff08053d6fcbb915a03ee9fdf7b23c73d76d9bcb885bcb,sensitivity_only,seasonal_naive_7d,deterministic_daily_point,2026-07-04,6.0,50.0,,,44.0,5574.0
portwatch_two_vintage_four_specification_matrix_v1,297908c214a0afab30a377854585cb1788922334c3bba976f8e2a1141c6ed73e,bb050aa041e8fc1c8391b908baeab529aaf2e9944d5f35b07af661349176adce,vintage_20260809,portwatch_chokepoints_vintage_20260809_snapshot,data/raw/portwatch/vintages/Daily_Chokepoints_Data__vintage_2026-08-09.csv,0bc806a4c384723debff08053d6fcbb915a03ee9fdf7b23c73d76d9bcb885bcb,sensitivity_only,seasonal_naive_7d,deterministic_daily_point,2026-07-05,15.0,68.0,,,53.0,5627.0
portwatch_two_vintage_four_specification_matrix_v1,297908c214a0afab30a377854585cb1788922334c3bba976f8e2a1141c6ed73e,bb050aa041e8fc1c8391b908baeab529aaf2e9944d5f35b07af661349176adce,vintage_20260809,portwatch_chokepoints_vintage_20260809_snapshot,data/raw/portwatch/vintages/Daily_Chokepoints_Data__vintage_2026-08-09.csv,0bc806a4c384723debff08053d6fcbb915a03ee9fdf7b23c73d76d9bcb885bcb,sensitivity_only,seasonal_naive_7d,deterministic_daily_point,2026-07-06,14.0,58.0,,,44.0,5671.0
portwatch_two_vintage_four_specification_matrix_v1,297908c214a0afab30a377854585cb1788922334c3bba976f8e2a1141c6ed73e,bb050aa041e8fc1c8391b908baeab529aaf2e9944d5f35b07af661349176adce,vintage_20260809,portwatch_chokepoints_vintage_20260809_snapshot,data/raw/portwatch/vintages/Daily_Chokepoints_Data__vintage_2026-08-09.csv,0bc806a4c384723debff08053d6fcbb915a03ee9fdf7b23c73d76d9bcb885bcb,sensitivity_only,seasonal_naive_7d,deterministic_daily_point,2026-07-07,10.0,20.0,,,10.0,5681.0
portwatch_two_vintage_four_specification_matrix_v1,297908c214a0afab30a377854585cb1788922334c3bba976f8e2a1141c6ed73e,bb050aa041e8fc1c8391b908baeab529aaf2e9944d5f35b07af661349176adce,vintage_20260809,portwatch_chokepoints_vintage_20260809_snapshot,data/raw/portwatch/vintages/Daily_Chokepoints_Data__vintage_2026-08-09.csv,0bc806a4c384723debff08053d6fcbb915a03ee9fdf7b23c73d76d9bcb885bcb,sensitivity_only,ar_lag1_7,deterministic_daily_point,2026-02-28,33.0,42.17373016554738,,,9.173730165547383,9.173730165547383
portwatch_two_vintage_four_specification_matrix_v1,297908c214a0afab30a377854585cb1788922334c3bba976f8e2a1141c6ed73e,bb050aa041e8fc1c8391b908baeab529aaf2e9944d5f35b07af661349176adce,vintage_20260809,portwatch_chokepoints_vintage_20260809_snapshot,data/raw/portwatch/vintages/Daily_Chokepoints_Data__vintage_2026-08-09.csv,0bc806a4c384723debff08053d6fcbb915a03ee9fdf7b23c73d76d9bcb885bcb,sensitivity_only,ar_lag1_7,deterministic_daily_point,2026-03-01,5.0,49.93152239426743,,,44.93152239426743,54.105252559814815
portwatch_two_vintage_four_specification_matrix_v1,297908c214a0afab30a377854585cb1788922334c3bba976f8e2a1141c6ed73e,bb050aa041e8fc1c8391b908baeab529aaf2e9944d5f35b07af661349176adce,vintage_20260809,portwatch_chokepoints_vintage_20260809_snapshot,data/raw/portwatch/vintages/Daily_Chokepoints_Data__vintage_2026-08-09.csv,0bc806a4c384723debff08053d6fcbb915a03ee9fdf7b23c73d76d9bcb885bcb,sensitivity_only,ar_lag1_7,deterministic_daily_point,2026-03-02,1.0,50.123523444968185,,,49.123523444968185,103.228776004783
portwatch_two_vintage_four_specification_matrix_v1,297908c214a0afab30a377854585cb1788922334c3bba976f8e2a1141c6ed73e,bb050aa041e8fc1c8391b908baeab529aaf2e9944d5f35b07af661349176adce,vintage_20260809,portwatch_chokepoints_vintage_20260809_snapshot,data/raw/portwatch/vintages/Daily_Chokepoints_Data__vintage_2026-08-09.csv,0bc806a4c384723debff08053d6fcbb915a03ee9fdf7b23c73d76d9bcb885bcb,sensitivity_only,ar_lag1_7,deterministic_daily_point,2026-03-03,1.0,41.98249046331938,,,40.98249046331938,144.2112664681024
portwatch_two_vintage_four_specification_matrix_v1,297908c214a0afab30a377854585cb1788922334c3bba976f8e2a1141c6ed73e,bb050aa041e8fc1c8391b908baeab529aaf2e9944d5f35b07af661349176adce,vintage_20260809,portwatch_chokepoints_vintage_20260809_snapshot,data/raw/portwatch/vintages/Daily_Chokepoints_Data__vintage_2026-08-09.csv,0bc806a4c384723debff08053d6fcbb915a03ee9fdf7b23c73d76d9bcb885bcb,sensitivity_only,ar_lag1_7,deterministic_daily_point,2026-03-04,0.0,46.89913860064996,,,46.89913860064996,191.11040506875236
portwatch_two_vintage_four_specification_matrix_v1,297908c214a0afab30a377854585cb1788922334c3bba976f8e2a1141c6ed73e,bb050aa041e8fc1c8391b908baeab529aaf2e9944d5f35b07af661349176adce,vintage_20260809,portwatch_chokepoints_vintage_20260809_snapshot,data/raw/portwatch/vintages/Daily_Chokepoints_Data__vintage_2026-08-09.csv,0bc806a4c384723debff08053d6fcbb915a03ee9fdf7b23c73d76d9bcb885bcb,sensitivity_only,ar_lag1_7,deterministic_daily_point,2026-03-05,1.0,46.31083925233015,,,45.31083925233015,236.4212443210825
portwatch_two_vintage_four_specification_matrix_v1,297908c214a0afab30a377854585cb1788922334c3bba976f8e2a1141c6ed73e,bb050aa041e8fc1c8391b908baeab529aaf2e9944d5f35b07af661349176adce,vintage_20260809,portwatch_chokepoints_vintage_20260809_snapshot,data/raw/portwatch/vintages/Daily_Chokepoints_Data__vintage_2026-08-09.csv,0bc806a4c384723debff08053d6fcbb915a03ee9fdf7b23c73d76d9bcb885bcb,sensitivity_only,ar_lag1_7,deterministic_daily_point,2026-03-06,0.0,43.60712357851279,,,43.60712357851279,280.0283678995953
portwatch_two_vintage_four_specification_matrix_v1,297908c214a0afab30a377854585cb1788922334c3bba976f8e2a1141c6ed73e,bb050aa041e8fc1c8391b908baeab529aaf2e9944d5f35b07af661349176adce,vintage_20260809,portwatch_chokepoints_vintage_20260809_snapshot,data/raw/portwatch/vintages/Daily_Chokepoints_Data__vintage_2026-08-09.csv,0bc806a4c384723debff08053d6fcbb915a03ee9fdf7b23c73d76d9bcb885bcb,sensitivity_only,ar_lag1_7,deterministic_daily_point,2026-03-07,0.0,45.31837740179314,,,45.31837740179314,325.34674530138847
portwatch_two_vintage_four_specification_matrix_v1,297908c214a0afab30a377854585cb1788922334c3bba976f8e2a1141c6ed73e,bb050aa041e8fc1c8391b908baeab529aaf2e9944d5f35b07af661349176adce,vintage_20260809,portwatch_chokepoints_vintage_20260809_snapshot,data/raw/portwatch/vintages/Daily_Chokepoints_Data__vintage_2026-08-09.csv,0bc806a4c384723debff08053d6fcbb915a03ee9fdf7b23c73d76d9bcb885bcb,sensitivity_only,ar_lag1_7,deterministic_daily_point,2026-03-08,0.0,47.27476791191064,,,47.27476791191064,372.6215132132991
portwatch_two_vintage_four_specification_matrix_v1,297908c214a0afab30a377854585cb1788922334c3bba976f8e2a1141c6ed73e,bb050aa041e8fc1c8391b908baeab529aaf2e9944d5f35b07af661349176adce,vintage_20260809,portwatch_chokepoints_vintage_20260809_snapshot,data/raw/portwatch/vintages/Daily_Chokepoints_Data__vintage_2026-08-09.csv,0bc806a4c384723debff08053d6fcbb915a03ee9fdf7b23c73d76d9bcb885bcb,sensitivity_only,ar_lag1_7,deterministic_daily_point,2026-03-09,0.0,47.552555905150356,,,47.552555905150356,420.1740691184495
portwatch_two_vintage_four_specification_matrix_v1,297908c214a0afab30a377854585cb1788922334c3bba976f8e2a1141c6ed73e,bb050aa041e8fc1c8391b908baeab529aaf2e9944d5f35b07af661349176adce,vintage_20260809,portwatch_chokepoints_vintage_20260809_snapshot,data/raw/portwatch/vintages/Daily_Chokepoints_Data__vintage_2026-08-09.csv,0bc806a4c384723debff08053d6fcbb915a03ee9fdf7b23c73d76d9bcb885bcb,sensitivity_only,ar_lag1_7,deterministic_daily_point,2026-03-10,1.0,45.65494909806565,,,44.65494909806565,464.8290182165151
portwatch_two_vintage_four_specification_matrix_v1,297908c214a0afab30a377854585cb1788922334c3bba976f8e2a1141c6ed73e,bb050aa041e8fc1c8391b908baeab529aaf2e9944d5f35b07af661349176adce,vintage_20260809,portwatch_chokepoints_vintage_20260809_snapshot,data/raw/portwatch/vintages/Daily_Chokepoints_Data__vintage_2026-08-09.csv,0bc806a4c384723debff08053d6fcbb915a03ee9fdf7b23c73d76d9bcb885bcb,sensitivity_only,ar_lag1_7,deterministic_daily_point,2026-03-11,0.0,46.085509943689516,,,46.085509943689516,510.91452816020467
portwatch_two_vintage_four_specification_matrix_v1,297908c214a0afab30a377854585cb1788922334c3bba976f8e2a1141c6ed73e,bb050aa041e8fc1c8391b908baeab529aaf2e9944d5f35b07af661349176adce,vintage_20260809,portwatch_chokepoints_vintage_20260809_snapshot,data/raw/portwatch/vintages/Daily_Chokepoints_Data__vintage_2026-08-09.csv,0bc806a4c384723debff08053d6fcbb915a03ee9fdf7b23c73d76d9bcb885bcb,sensitivity_only,ar_lag1_7,deterministic_daily_point,2026-03-12,0.0,46.506289430047474,,,46.506289430047474,557.4208175902521
portwatch_two_vintage_four_specification_matrix_v1,297908c214a0afab30a377854585cb1788922334c3bba976f8e2a1141c6ed73e,bb050aa041e8fc1c8391b908baeab529aaf2e9944d5f35b07af661349176adce,vintage_20260809,portwatch_chokepoints_vintage_20260809_snapshot,data/raw/portwatch/vintages/Daily_Chokepoints_Data__vintage_2026-08-09.csv,0bc806a4c384723debff08053d6fcbb915a03ee9fdf7b23c73d76d9bcb885bcb,sensitivity_only,ar_lag1_7,deterministic_daily_point,2026-03-13,0.0,46.50718264725427,,,46.50718264725427,603.9280002375064
portwatch_two_vintage_four_specification_matrix_v1,297908c214a0afab30a377854585cb1788922334c3bba976f8e2a1141c6ed73e,bb050aa041e8fc1c8391b908baeab529aaf2e9944d5f35b07af661349176adce,vintage_20260809,portwatch_chokepoints_vintage_20260809_snapshot,data/raw/portwatch/vintages/Daily_Chokepoints_Data__vintage_2026-08-09.csv,0bc806a4c384723debff08053d6fcbb915a03ee9fdf7b23c73d76d9bcb885bcb,sensitivity_only,ar_lag1_7,deterministic_daily_point,2026-03-14,0.0,46.99004987257228,,,46.99004987257228,650.9180501100786
portwatch_two_vintage_four_specification_matrix_v1,297908c214a0afab30a377854585cb1788922334c3bba976f8e2a1141c6ed73e,bb050aa041e8fc1c8391b908baeab529aaf2e9944d5f35b07af661349176adce,vintage_20260809,portwatch_chokepoints_vintage_20260809_snapshot,data/raw/portwatch/vintages/Daily_Chokepoints_Data__vintage_2026-08-09.csv,0bc806a4c384723debff08053d6fcbb915a03ee9fdf7b23c73d76d9bcb885bcb,sensitivity_only,ar_lag1_7,deterministic_daily_point,2026-03-15,2.0,47.30832761587904,,,45.30832761587904,696.2263777259577
portwatch_two_vintage_four_specification_matrix_v1,297908c214a0afab30a377854585cb1788922334c3bba976f8e2a1141c6ed73e,bb050aa041e8fc1c8391b908baeab529aaf2e9944d5f35b07af661349176adce,vintage_20260809,portwatch_chokepoints_vintage_20260809_snapshot,data/raw/portwatch/vintages/Daily_Chokepoints_Data__vintage_2026-08-09.csv,0bc806a4c384723debff08053d6fcbb915a03ee9fdf7b23c73d76d9bcb885bcb,sensitivity_only,ar_lag1_7,deterministic_daily_point,2026-03-16,0.0,47.029337258205196,,,47.029337258205196,743.2557149841629
portwatch_two_vintage_four_specification_matrix_v1,297908c214a0afab30a377854585cb1788922334c3bba976f8e2a1141c6ed73e,bb050aa041e8fc1c8391b908baeab529aaf2e9944d5f35b07af661349176adce,vintage_20260809,portwatch_chokepoints_vintage_20260809_snapshot,data/raw/portwatch/vintages/Daily_Chokepoints_Data__vintage_2026-08-09.csv,0bc806a4c384723debff08053d6fcbb915a03ee9fdf7b23c73d76d9bcb885bcb,sensitivity_only,ar_lag1_7,deterministic_daily_point,2026-03-17,1.0,46.2356100143652,,,45.2356100143652,788.4913249985281
portwatch_two_vintage_four_specification_matrix_v1,297908c214a0afab30a377854585cb1788922334c3bba976f8e2a1141c6ed73e,bb050aa041e8fc1c8391b908baeab529aaf2e9944d5f35b07af661349176adce,vintage_20260809,portwatch_chokepoints_vintage_20260809_snapshot,data/raw/portwatch/vintages/Daily_Chokepoints_Data__vintage_2026-08-09.csv,0bc806a4c384723debff08053d6fcbb915a03ee9fdf7b23c73d76d9bcb885bcb,sensitivity_only,ar_lag1_7,deterministic_daily_point,2026-03-18,0.0,46.1198911501074,,,46.1198911501074,834.6112161486354
portwatch_two_vintage_four_specification_matrix_v1,297908c214a0afab30a377854585cb1788922334c3bba976f8e2a1141c6ed73e,bb050aa041e8fc1c8391b908baeab529aaf2e9944d5f35b07af661349176adce,vintage_20260809,portwatch_chokepoints_vintage_20260809_snapshot,data/raw/portwatch/vintages/Daily_Chokepoints_Data__vintage_2026-08-09.csv,0bc806a4c384723debff08053d6fcbb915a03ee9fdf7b23c73d76d9bcb885bcb,sensitivity_only,ar_lag1_7,deterministic_daily_point,2026-03-19,0.0,46.55902103341281,,,46.55902103341281,881.1702371820483
portwatch_two_vintage_four_specification_matrix_v1,297908c214a0afab30a377854585cb1788922334c3bba976f8e2a1141c6ed73e,bb050aa041e8fc1c8391b908baeab529aaf2e9944d5f35b07af661349176adce,vintage_20260809,portwatch_chokepoints_vintage_20260809_snapshot,data/raw/portwatch/vintages/Daily_Chokepoints_Data__vintage_2026-08-09.csv,0bc806a4c384723debff08053d6fcbb915a03ee9fdf7b23c73d76d9bcb885bcb,sensitivity_only,ar_lag1_7,deterministic_daily_point,2026-03-20,2.0,47.12915166152644,,,45.12915166152644,926.2993888435747
portwatch_two_vintage_four_specification_matrix_v1,297908c214a0afab30a377854585cb1788922334c3bba976f8e2a1141c6ed73e,bb050aa041e8fc1c8391b908baeab529aaf2e9944d5f35b07af661349176adce,vintage_20260809,portwatch_chokepoints_vintage_20260809_snapshot,data/raw/portwatch/vintages/Daily_Chokepoints_Data__vintage_2026-08-09.csv,0bc806a4c384723debff08053d6fcbb915a03ee9fdf7b23c73d76d9bcb885bcb,sensitivity_only,ar_lag1_7,deterministic_daily_point,2026-03-21,0.0,47.55608615658201,,,47.55608615658201,973.8554750001567
portwatch_two_vintage_four_specification_matrix_v1,297908c214a0afab30a377854585cb1788922334c3bba976f8e2a1141c6ed73e,bb050aa041e8fc1c8391b908baeab529aaf2e9944d5f35b07af661349176adce,vintage_20260809,portwatch_chokepoints_vintage_20260809_snapshot,data/raw/portwatch/vintages/Daily_Chokepoints_Data__vintage_2026-08-09.csv,0bc806a4c384723debff08053d6fcbb915a03ee9fdf7b23c73d76d9bcb885bcb,sensitivity_only,ar_lag1_7,deterministic_daily_point,2026-03-22,0.0,47.51386956140404,,,47.51386956140404,1021.3693445615608
portwatch_two_vintage_four_specification_matrix_v1,297908c214a0afab30a377854585cb1788922334c3bba976f8e2a1141c6ed73e,bb050aa041e8fc1c8391b908baeab529aaf2e9944d5f35b07af661349176adce,vintage_20260809,portwatch_chokepoints_vintage_20260809_snapshot,data/raw/portwatch/vintages/Daily_Chokepoints_Data__vintage_2026-08-09.csv,0bc806a4c384723debff08053d6fcbb915a03ee9fdf7b23c73d76d9bcb885bcb,sensitivity_only,ar_lag1_7,deterministic_daily_point,2026-03-23,2.0,46.99256260024346,,,44.99256260024346,1066.3619071618043
portwatch_two_vintage_four_specification_matrix_v1,297908c214a0afab30a377854585cb1788922334c3bba976f8e2a1141c6ed73e,bb050aa041e8fc1c8391b908baeab529aaf2e9944d5f35b07af661349176adce,vintage_20260809,portwatch_chokepoints_vintage_20260809_snapshot,data/raw/portwatch/vintages/Daily_Chokepoints_Data__vintage_2026-08-09.csv,0bc806a4c384723debff08053d6fcbb915a03ee9fdf7b23c73d76d9bcb885bcb,sensitivity_only,ar_lag1_7,deterministic_daily_point,2026-03-24,1.0,46.343539274453555,,,45.343539274453555,1111.705446436258
portwatch_two_vintage_four_specification_matrix_v1,297908c214a0afab30a377854585cb1788922334c3bba976f8e2a1141c6ed73e,bb050aa041e8fc1c8391b908baeab529aaf2e9944d5f35b07af661349176adce,vintage_20260809,portwatch_chokepoints_vintage_20260809_snapshot,data/raw/portwatch/vintages/Daily_Chokepoints_Data__vintage_2026-08-09.csv,0bc806a4c384723debff08053d6fcbb915a03ee9fdf7b23c73d76d9bcb885bcb,sensitivity_only,ar_lag1_7,deterministic_daily_point,2026-03-25,1.0,46.16490576286323,,,45.16490576286323,1156.8703521991213
portwatch_two_vintage_four_specification_matrix_v1,297908c214a0afab30a377854585cb1788922334c3bba976f8e2a1141c6ed73e,bb050aa041e8fc1c8391b908baeab529aaf2e9944d5f35b07af661349176adce,vintage_20260809,portwatch_chokepoints_vintage_20260809_snapshot,data/raw/portwatch/vintages/Daily_Chokepoints_Data__vintage_2026-08-09.csv,0bc806a4c384723debff08053d6fcbb915a03ee9fdf7b23c73d76d9bcb885bcb,sensitivity_only,ar_lag1_7,deterministic_daily_point,2026-03-26,0.0,46.58578448819342,,,46.58578448819342,1203.4561366873147
portwatch_two_vintage_four_specification_matrix_v1,297908c214a0afab30a377854585cb1788922334c3bba976f8e2a1141c6ed73e,bb050aa041e8fc1c8391b908baeab529aaf2e9944d5f35b07af661349176adce,vintage_20260809,portwatch_chokepoints_vintage_20260809_snapshot,data/raw/portwatch/vintages/Daily_Chokepoints_Data__vintage_2026-08-09.csv,0bc806a4c384723debff08053d6fcbb915a03ee9fdf7b23c73d76d9bcb885bcb,sensitivity_only,ar_lag1_7,deterministic_daily_point,2026-03-27,0.0,47.26796508125016,,,47.26796508125016,1250.7241017685649
portwatch_two_vintage_four_specification_matrix_v1,297908c214a0afab30a377854585cb1788922334c3bba976f8e2a1141c6ed73e,bb050aa041e8fc1c8391b908baeab529aaf2e9944d5f35b07af661349176adce,vintage_20260809,portwatch_chokepoints_vintage_20260809_snapshot,data/raw/portwatch/vintages/Daily_Chokepoints_Data__vintage_2026-08-09.csv,0bc806a4c384723debff08053d6fcbb915a03ee9fdf7b23c73d76d9bcb885bcb,sensitivity_only,ar_lag1_7,deterministic_daily_point,2026-03-28,0.0,47.72256631256909,,,47.72256631256909,1298.446668081134
portwatch_two_vintage_four_specification_matrix_v1,297908c214a0afab30a377854585cb1788922334c3bba976f8e2a1141c6ed73e,bb050aa041e8fc1c8391b908baeab529aaf2e9944d5f35b07af661349176adce,vintage_20260809,portwatch_chokepoints_vintage_20260809_snapshot,data/raw/portwatch/vintages/Daily_Chokepoints_Data__vintage_2026-08-09.csv,0bc806a4c384723debff08053d6fcbb915a03ee9fdf7b23c73d76d9bcb885bcb,sensitivity_only,ar_lag1_7,deterministic_daily_point,2026-03-29,2.0,47.615039832089764,,,45.615039832089764,1344.0617079132237
portwatch_two_vintage_four_specification_matrix_v1,297908c214a0afab30a377854585cb1788922334c3bba976f8e2a1141c6ed73e,bb050aa041e8fc1c8391b908baeab529aaf2e9944d5f35b07af661349176adce,vintage_20260809,portwatch_chokepoints_vintage_20260809_snapshot,data/raw/portwatch/vintages/Daily_Chokepoints_Data__vintage_2026-08-09.csv,0bc806a4c384723debff08053d6fcbb915a03ee9fdf7b23c73d76d9bcb885bcb,sensitivity_only,ar_lag1_7,deterministic_daily_point,2026-03-30,3.0,47.020399465208634,,,44.020399465208634,1388.0821073784323
portwatch_two_vintage_four_specification_matrix_v1,297908c214a0afab30a377854585cb1788922334c3bba976f8e2a1141c6ed73e,bb050aa041e8fc1c8391b908baeab529aaf2e9944d5f35b07af661349176adce,vintage_20260809,portwatch_chokepoints_vintage_20260809_snapshot,data/raw/portwatch/vintages/Daily_Chokepoints_Data__vintage_2026-08-09.csv,0bc806a4c384723debff08053d6fcbb915a03ee9fdf7b23c73d76d9bcb885bcb,sensitivity_only,ar_lag1_7,deterministic_daily_point,2026-03-31,2.0,46.37576303250582,,,44.37576303250582,1432.457870410938
portwatch_two_vintage_four_specification_matrix_v1,297908c214a0afab30a377854585cb1788922334c3bba976f8e2a1141c6ed73e,bb050aa041e8fc1c8391b908baeab529aaf2e9944d5f35b07af661349176adce,vintage_20260809,portwatch_chokepoints_vintage_20260809_snapshot,data/raw/portwatch/vintages/Daily_Chokepoints_Data__vintage_2026-08-09.csv,0bc806a4c384723debff08053d6fcbb915a03ee9fdf7b23c73d76d9bcb885bcb,sensitivity_only,ar_lag1_7,deterministic_daily_point,2026-04-01,1.0,46.18557652040006,,,45.18557652040006,1477.643446931338
portwatch_two_vintage_four_specification_matrix_v1,297908c214a0afab30a377854585cb1788922334c3bba976f8e2a1141c6ed73e,bb050aa041e8fc1c8391b908baeab529aaf2e9944d5f35b07af661349176adce,vintage_20260809,portwatch_chokepoints_vintage_20260809_snapshot,data/raw/portwatch/vintages/Daily_Chokepoints_Data__vintage_2026-08-09.csv,0bc806a4c384723debff08053d6fcbb915a03ee9fdf7b23c73d76d9bcb885bcb,sensitivity_only,ar_lag1_7,deterministic_daily_point,2026-04-02,0.0,46.598604724338976,,,46.598604724338976,1524.242051655677
portwatch_two_vintage_four_specification_matrix_v1,297908c214a0afab30a377854585cb1788922334c3bba976f8e2a1141c6ed73e,bb050aa041e8fc1c8391b908baeab529aaf2e9944d5f35b07af661349176adce,vintage_20260809,portwatch_chokepoints_vintage_20260809_snapshot,data/raw/portwatch/vintages/Daily_Chokepoints_Data__vintage_2026-08-09.csv,0bc806a4c384723debff08053d6fcbb915a03ee9fdf7b23c73d76d9bcb885bcb,sensitivity_only,ar_lag1_7,deterministic_daily_point,2026-04-03,2.0,47.30134785646587,,,45.30134785646587,1569.5433995121427
portwatch_two_vintage_four_specification_matrix_v1,297908c214a0afab30a377854585cb1788922334c3bba976f8e2a1141c6ed73e,bb050aa041e8fc1c8391b908baeab529aaf2e9944d5f35b07af661349176adce,vintage_20260809,portwatch_chokepoints_vintage_20260809_snapshot,data/raw/portwatch/vintages/Daily_Chokepoints_Data__vintage_2026-08-09.csv,0bc806a4c384723debff08053d6fcbb915a03ee9fdf7b23c73d76d9bcb885bcb,sensitivity_only,ar_lag1_7,deterministic_daily_point,2026-04-04,3.0,47.76891932549133,,,44.76891932549133,1614.3123188376342
portwatch_two_vintage_four_specification_matrix_v1,297908c214a0afab30a377854585cb1788922334c3bba976f8e2a1141c6ed73e,bb050aa041e8fc1c8391b908baeab529aaf2e9944d5f35b07af661349176adce,vintage_20260809,portwatch_chokepoints_vintage_20260809_snapshot,data/raw/portwatch/vintages/Daily_Chokepoints_Data__vintage_2026-08-09.csv,0bc806a4c384723debff08053d6fcbb915a03ee9fdf7b23c73d76d9bcb885bcb,sensitivity_only,ar_lag1_7,deterministic_daily_point,2026-04-05,4.0,47.652352352117695,,,43.652352352117695,1657.964671189752
portwatch_two_vintage_four_specification_matrix_v1,297908c214a0afab30a377854585cb1788922334c3bba976f8e2a1141c6ed73e,bb050aa041e8fc1c8391b908baeab529aaf2e9944d5f35b07af661349176adce,vintage_20260809,portwatch_chokepoints_vintage_20260809_snapshot,data/raw/portwatch/vintages/Daily_Chokepoints_Data__vintage_2026-08-09.csv,0bc806a4c384723debff08053d6fcbb915a03ee9fdf7b23c73d76d9bcb885bcb,sensitivity_only,ar_lag1_7,deterministic_daily_point,2026-04-06,0.0,47.03928079106361,,,47.03928079106361,1705.0039519808156
portwatch_two_vintage_four_specification_matrix_v1,297908c214a0afab30a377854585cb1788922334c3bba976f8e2a1141c6ed73e,bb050aa041e8fc1c8391b908baeab529aaf2e9944d5f35b07af661349176adce,vintage_20260809,portwatch_chokepoints_vintage_20260809_snapshot,data/raw/portwatch/vintages/Daily_Chokepoints_Data__vintage_2026-08-09.csv,0bc806a4c384723debff08053d6fcbb915a03ee9fdf7b23c73d76d9bcb885bcb,sensitivity_only,ar_lag1_7,deterministic_daily_point,2026-04-07,2.0,46.38909178913063,,,44.38909178913063,1749.3930437699462
portwatch_two_vintage_four_specification_matrix_v1,297908c214a0afab30a377854585cb1788922334c3bba976f8e2a1141c6ed73e,bb050aa041e8fc1c8391b908baeab529aaf2e9944d5f35b07af661349176adce,vintage_20260809,portwatch_chokepoints_vintage_20260809_snapshot,data/raw/portwatch/vintages/Daily_Chokepoints_Data__vintage_2026-08-09.csv,0bc806a4c384723debff08053d6fcbb915a03ee9fdf7b23c73d76d9bcb885bcb,sensitivity_only,ar_lag1_7,deterministic_daily_point,2026-04-08,0.0,46.194553447985314,,,46.194553447985314,1795.5875972179315
portwatch_two_vintage_four_specification_matrix_v1,297908c214a0afab30a377854585cb1788922334c3bba976f8e2a1141c6ed73e,bb050aa041e8fc1c8391b908baeab529aaf2e9944d5f35b07af661349176adce,vintage_20260809,portwatch_chokepoints_vintage_20260809_snapshot,data/raw/portwatch/vintages/Daily_Chokepoints_Data__vintage_2026-08-09.csv,0bc806a4c384723debff08053d6fcbb915a03ee9fdf7b23c73d76d9bcb885bcb,sensitivity_only,ar_lag1_7,deterministic_daily_point,2026-04-09,5.0,46.60442147418563,,,41.60442147418563,1837.192018692117
portwatch_two_vintage_four_specification_matrix_v1,297908c214a0afab30a377854585cb1788922334c3bba976f8e2a1141c6ed73e,bb050aa041e8fc1c8391b908baeab529aaf2e9944d5f35b07af661349176adce,vintage_20260809,portwatch_chokepoints_vintage_20260809_snapshot,data/raw/portwatch/vintages/Daily_Chokepoints_Data__vintage_2026-08-09.csv,0bc806a4c384723debff08053d6fcbb915a03ee9fdf7b23c73d76d9bcb885bcb,sensitivity_only,ar_lag1_7,deterministic_daily_point,2026-04-10,0.0,47.31033490052718,,,47.31033490052718,1884.502353592644
portwatch_two_vintage_four_specification_matrix_v1,297908c214a0afab30a377854585cb1788922334c3bba976f8e2a1141c6ed73e,bb050aa041e8fc1c8391b908baeab529aaf2e9944d5f35b07af661349176adce,vintage_20260809,portwatch_chokepoints_vintage_20260809_snapshot,data/raw/portwatch/vintages/Daily_Chokepoints_Data__vintage_2026-08-09.csv,0bc806a4c384723debff08053d6fcbb915a03ee9fdf7b23c73d76d9bcb885bcb,sensitivity_only,ar_lag1_7,deterministic_daily_point,2026-04-11,3.0,47.78171743795026,,,44.78171743795026,1929.2840710305943
portwatch_two_vintage_four_specification_matrix_v1,297908c214a0afab30a377854585cb1788922334c3bba976f8e2a1141c6ed73e,bb050aa041e8fc1c8391b908baeab529aaf2e9944d5f35b07af661349176adce,vintage_20260809,portwatch_chokepoints_vintage_20260809_snapshot,data/raw/portwatch/vintages/Daily_Chokepoints_Data__vintage_2026-08-09.csv,0bc806a4c384723debff08053d6fcbb915a03ee9fdf7b23c73d76d9bcb885bcb,sensitivity_only,ar_lag1_7,deterministic_daily_point,2026-04-12,3.0,47.664606109908185,,,44.664606109908185,1973.9486771405025
portwatch_two_vintage_four_specification_matrix_v1,297908c214a0afab30a377854585cb1788922334c3bba976f8e2a1141c6ed73e,bb050aa041e8fc1c8391b908baeab529aaf2e9944d5f35b07af661349176adce,vintage_20260809,portwatch_chokepoints_vintage_20260809_snapshot,data/raw/portwatch/vintages/Daily_Chokepoints_Data__vintage_2026-08-09.csv,0bc806a4c384723debff08053d6fcbb915a03ee9fdf7b23c73d76d9bcb885bcb,sensitivity_only,ar_lag1_7,deterministic_daily_point,2026-04-13,3.0,47.04750826066826,,,44.04750826066826,2017.9961854011708
portwatch_two_vintage_four_specification_matrix_v1,297908c214a0afab30a377854585cb1788922334c3bba976f8e2a1141c6ed73e,bb050aa041e8fc1c8391b908baeab529aaf2e9944d5f35b07af661349176adce,vintage_20260809,portwatch_chokepoints_vintage_20260809_snapshot,data/raw/portwatch/vintages/Daily_Chokepoints_Data__vintage_2026-08-09.csv,0bc806a4c384723debff08053d6fcbb915a03ee9fdf7b23c73d76d9bcb885bcb,sensitivity_only,ar_lag1_7,deterministic_daily_point,2026-04-14,2.0,46.3947514560844,,,44.3947514560844,2062.3909368572554
portwatch_two_vintage_four_specification_matrix_v1,297908c214a0afab30a377854585cb1788922334c3bba976f8e2a1141c6ed73e,bb050aa041e8fc1c8391b908baeab529aaf2e9944d5f35b07af661349176adce,vintage_20260809,portwatch_chokepoints_vintage_20260809_snapshot,data/raw/portwatch/vintages/Daily_Chokepoints_Data__vintage_2026-08-09.csv,0bc806a4c384723debff08053d6fcbb915a03ee9fdf7b23c73d76d9bcb885bcb,sensitivity_only,ar_lag1_7,deterministic_daily_point,2026-04-15,4.0,46.198406792228404,,,42.198406792228404,2104.589343649484
portwatch_two_vintage_four_specification_matrix_v1,297908c214a0afab30a377854585cb1788922334c3bba976f8e2a1141c6ed73e,bb050aa041e8fc1c8391b908baeab529aaf2e9944d5f35b07af661349176adce,vintage_20260809,portwatch_chokepoints_vintage_20260809_snapshot,data/raw/portwatch/vintages/Daily_Chokepoints_Data__vintage_2026-08-09.csv,0bc806a4c384723debff08053d6fcbb915a03ee9fdf7b23c73d76d9bcb885bcb,sensitivity_only,ar_lag1_7,deterministic_daily_point,2026-04-16,1.0,46.606983583414134,,,45.606983583414134,2150.196327232898
portwatch_two_vintage_four_specification_matrix_v1,297908c214a0afab30a377854585cb1788922334c3bba976f8e2a1141c6ed73e,bb050aa041e8fc1c8391b908baeab529aaf2e9944d5f35b07af661349176adce,vintage_20260809,portwatch_chokepoints_vintage_20260809_snapshot,data/raw/portwatch/vintages/Daily_Chokepoints_Data__vintage_2026-08-09.csv,0bc806a4c384723debff08053d6fcbb915a03ee9fdf7b23c73d76d9bcb885bcb,sensitivity_only,ar_lag1_7,deterministic_daily_point,2026-04-17,3.0,47.313103764958036,,,44.313103764958036,2194.5094309978563
portwatch_two_vintage_four_specification_matrix_v1,297908c214a0afab30a377854585cb1788922334c3bba976f8e2a1141c6ed73e,bb050aa041e8fc1c8391b908baeab529aaf2e9944d5f35b07af661349176adce,vintage_20260809,portwatch_chokepoints_vintage_20260809_snapshot,data/raw/portwatch/vintages/Daily_Chokepoints_Data__vintage_2026-08-09.csv,0bc806a4c384723debff08053d6fcbb915a03ee9fdf7b23c73d76d9bcb885bcb,sensitivity_only,ar_lag1_7,deterministic_daily_point,2026-04-18,12.0,47.78535187231242,,,35.78535187231242,2230.2947828701685
portwatch_two_vintage_four_specification_matrix_v1,297908c214a0afab30a377854585cb1788922334c3bba976f8e2a1141c6ed73e,bb050aa041e8fc1c8391b908baeab529aaf2e9944d5f35b07af661349176adce,vintage_20260809,portwatch_chokepoints_vintage_20260809_snapshot,data/raw/portwatch/vintages/Daily_Chokepoints_Data__vintage_2026-08-09.csv,0bc806a4c384723debff08053d6fcbb915a03ee9fdf7b23c73d76d9bcb885bcb,sensitivity_only,ar_lag1_7,deterministic_daily_point,2026-04-19,1.0,47.668430901086296,,,46.668430901086296,2276.9632137712547
portwatch_two_vintage_four_specification_matrix_v1,297908c214a0afab30a377854585cb1788922334c3bba976f8e2a1141c6ed73e,bb050aa041e8fc1c8391b908baeab529aaf2e9944d5f35b07af661349176adce,vintage_20260809,portwatch_chokepoints_vintage_20260809_snapshot,data/raw/portwatch/vintages/Daily_Chokepoints_Data__vintage_2026-08-09.csv,0bc806a4c384723debff08053d6fcbb915a03ee9fdf7b23c73d76d9bcb885bcb,sensitivity_only,ar_lag1_7,deterministic_daily_point,2026-04-20,2.0,47.05056199895327,,,45.05056199895327,2322.0137757702078
portwatch_two_vintage_four_specification_matrix_v1,297908c214a0afab30a377854585cb1788922334c3bba976f8e2a1141c6ed73e,bb050aa041e8fc1c8391b908baeab529aaf2e9944d5f35b07af661349176adce,vintage_20260809,portwatch_chokepoints_vintage_20260809_snapshot,data/raw/portwatch/vintages/Daily_Chokepoints_Data__vintage_2026-08-09.csv,0bc806a4c384723debff08053d6fcbb915a03ee9fdf7b23c73d76d9bcb885bcb,sensitivity_only,ar_lag1_7,deterministic_daily_point,2026-04-21,2.0,46.397000386153564,,,44.397000386153564,2366.4107761563614
portwatch_two_vintage_four_specification_matrix_v1,297908c214a0afab30a377854585cb1788922334c3bba976f8e2a1141c6ed73e,bb050aa041e8fc1c8391b908baeab529aaf2e9944d5f35b07af661349176adce,vintage_20260809,portwatch_chokepoints_vintage_20260809_snapshot,data/raw/portwatch/vintages/Daily_Chokepoints_Data__vintage_2026-08-09.csv,0bc806a4c384723debff08053d6fcbb915a03ee9fdf7b23c73d76d9bcb885bcb,sensitivity_only,ar_lag1_7,deterministic_daily_point,2026-04-22,2.0,46.19999752900126,,,44.19999752900126,2410.610773685363
portwatch_two_vintage_four_specification_matrix_v1,297908c214a0afab30a377854585cb1788922334c3bba976f8e2a1141c6ed73e,bb050aa041e8fc1c8391b908baeab529aaf2e9944d5f35b07af661349176adce,vintage_20260809,portwatch_chokepoints_vintage_20260809_snapshot,data/raw/portwatch/vintages/Daily_Chokepoints_Data__vintage_2026-08-09.csv,0bc806a4c384723debff08053d6fcbb915a03ee9fdf7b23c73d76d9bcb885bcb,sensitivity_only,ar_lag1_7,deterministic_daily_point,2026-04-23,0.0,46.60807474185755,,,46.60807474185755,2457.2188484272206
portwatch_two_vintage_four_specification_matrix_v1,297908c214a0afab30a377854585cb1788922334c3bba976f8e2a1141c6ed73e,bb050aa041e8fc1c8391b908baeab529aaf2e9944d5f35b07af661349176adce,vintage_20260809,portwatch_chokepoints_vintage_20260809_snapshot,data/raw/portwatch/vintages/Daily_Chokepoints_Data__vintage_2026-08-09.csv,0bc806a4c384723debff08053d6fcbb915a03ee9fdf7b23c73d76d9bcb885bcb,sensitivity_only,ar_lag1_7,deterministic_daily_point,2026-04-24,2.0,47.31406270105828,,,45.31406270105828,2502.532911128279
portwatch_two_vintage_four_specification_matrix_v1,297908c214a0afab30a377854585cb1788922334c3bba976f8e2a1141c6ed73e,bb050aa041e8fc1c8391b908baeab529aaf2e9944d5f35b07af661349176adce,vintage_20260809,portwatch_chokepoints_vintage_20260809_snapshot,data/raw/portwatch/vintages/Daily_Chokepoints_Data__vintage_2026-08-09.csv,0bc806a4c384723debff08053d6fcbb915a03ee9fdf7b23c73d76d9bcb885bcb,sensitivity_only,ar_lag1_7,deterministic_daily_point,2026-04-25,1.0,47.78644454233821,,,46.78644454233821,2549.3193556706174
portwatch_two_vintage_four_specification_matrix_v1,297908c214a0afab30a377854585cb1788922334c3bba976f8e2a1141c6ed73e,bb050aa041e8fc1c8391b908baeab529aaf2e9944d5f35b07af661349176adce,vintage_20260809,portwatch_chokepoints_vintage_20260809_snapshot,data/raw/portwatch/vintages/Daily_Chokepoints_Data__vintage_2026-08-09.csv,0bc806a4c384723debff08053d6fcbb915a03ee9fdf7b23c73d76d9bcb885bcb,sensitivity_only,ar_lag1_7,deterministic_daily_point,2026-04-26,1.0,47.669610094546286,,,46.669610094546286,2595.988965765164
portwatch_two_vintage_four_specification_matrix_v1,297908c214a0afab30a377854585cb1788922334c3bba976f8e2a1141c6ed73e,bb050aa041e8fc1c8391b908baeab529aaf2e9944d5f35b07af661349176adce,vintage_20260809,portwatch_chokepoints_vintage_20260809_snapshot,data/raw/portwatch/vintages/Daily_Chokepoints_Data__vintage_2026-08-09.csv,0bc806a4c384723debff08053d6fcbb915a03ee9fdf7b23c73d76d9bcb885bcb,sensitivity_only,ar_lag1_7,deterministic_daily_point,2026-04-27,0.0,47.05161109586507,,,47.05161109586507,2643.040576861029
portwatch_two_vintage_four_specification_matrix_v1,297908c214a0afab30a377854585cb1788922334c3bba976f8e2a1141c6ed73e,bb050aa041e8fc1c8391b908baeab529aaf2e9944d5f35b07af661349176adce,vintage_20260809,portwatch_chokepoints_vintage_20260809_snapshot,data/raw/portwatch/vintages/Daily_Chokepoints_Data__vintage_2026-08-09.csv,0bc806a4c384723debff08053d6fcbb915a03ee9fdf7b23c73d76d9bcb885bcb,sensitivity_only,ar_lag1_7,deterministic_daily_point,2026-04-28,2.0,46.39783637478292,,,44.39783637478292,2687.438413235812
portwatch_two_vintage_four_specification_matrix_v1,297908c214a0afab30a377854585cb1788922334c3bba976f8e2a1141c6ed73e,bb050aa041e8fc1c8391b908baeab529aaf2e9944d5f35b07af661349176adce,vintage_20260809,portwatch_chokepoints_vintage_20260809_snapshot,data/raw/portwatch/vintages/Daily_Chokepoints_Data__vintage_2026-08-09.csv,0bc806a4c384723debff08053d6fcbb915a03ee9fdf7b23c73d76d9bcb885bcb,sensitivity_only,ar_lag1_7,deterministic_daily_point,2026-04-29,3.0,46.200621798862365,,,43.200621798862365,2730.639035034674
portwatch_two_vintage_four_specification_matrix_v1,297908c214a0afab30a377854585cb1788922334c3bba976f8e2a1141c6ed73e,bb050aa041e8fc1c8391b908baeab529aaf2e9944d5f35b07af661349176adce,vintage_20260809,portwatch_chokepoints_vintage_20260809_snapshot,data/raw/portwatch/vintages/Daily_Chokepoints_Data__vintage_2026-08-09.csv,0bc806a4c384723debff08053d6fcbb915a03ee9fdf7b23c73d76d9bcb885bcb,sensitivity_only,ar_lag1_7,deterministic_daily_point,2026-04-30,4.0,46.60852078646088,,,42.60852078646088,2773.247555821135
portwatch_two_vintage_four_specification_matrix_v1,297908c214a0afab30a377854585cb1788922334c3bba976f8e2a1141c6ed73e,bb050aa041e8fc1c8391b908baeab529aaf2e9944d5f35b07af661349176adce,vintage_20260809,portwatch_chokepoints_vintage_20260809_snapshot,data/raw/portwatch/vintages/Daily_Chokepoints_Data__vintage_2026-08-09.csv,0bc806a4c384723debff08053d6fcbb915a03ee9fdf7b23c73d76d9bcb885bcb,sensitivity_only,ar_lag1_7,deterministic_daily_point,2026-05-01,2.0,47.3144187123832,,,45.3144187123832,2818.561974533518
portwatch_two_vintage_four_specification_matrix_v1,297908c214a0afab30a377854585cb1788922334c3bba976f8e2a1141c6ed73e,bb050aa041e8fc1c8391b908baeab529aaf2e9944d5f35b07af661349176adce,vintage_20260809,portwatch_chokepoints_vintage_20260809_snapshot,data/raw/portwatch/vintages/Daily_Chokepoints_Data__vintage_2026-08-09.csv,0bc806a4c384723debff08053d6fcbb915a03ee9fdf7b23c73d76d9bcb885bcb,sensitivity_only,ar_lag1_7,deterministic_daily_point,2026-05-02,4.0,47.78679679970874,,,43.78679679970874,2862.3487713332265
portwatch_two_vintage_four_specification_matrix_v1,297908c214a0afab30a377854585cb1788922334c3bba976f8e2a1141c6ed73e,bb050aa041e8fc1c8391b908baeab529aaf2e9944d5f35b07af661349176adce,vintage_20260809,portwatch_chokepoints_vintage_20260809_snapshot,data/raw/portwatch/vintages/Daily_Chokepoints_Data__vintage_2026-08-09.csv,0bc806a4c384723debff08053d6fcbb915a03ee9fdf7b23c73d76d9bcb885bcb,sensitivity_only,ar_lag1_7,deterministic_daily_point,2026-05-03,1.0,47.66997903968163,,,46.66997903968163,2909.018750372908
portwatch_two_vintage_four_specification_matrix_v1,297908c214a0afab30a377854585cb1788922334c3bba976f8e2a1141c6ed73e,bb050aa041e8fc1c8391b908baeab529aaf2e9944d5f35b07af661349176adce,vintage_20260809,portwatch_chokepoints_vintage_20260809_snapshot,data/raw/portwatch/vintages/Daily_Chokepoints_Data__vintage_2026-08-09.csv,0bc806a4c384723debff08053d6fcbb915a03ee9fdf7b23c73d76d9bcb885bcb,sensitivity_only,ar_lag1_7,deterministic_daily_point,2026-05-04,0.0,47.05195882315518,,,47.05195882315518,2956.070709196063
portwatch_two_vintage_four_specification_matrix_v1,297908c214a0afab30a377854585cb1788922334c3bba976f8e2a1141c6ed73e,bb050aa041e8fc1c8391b908baeab529aaf2e9944d5f35b07af661349176adce,vintage_20260809,portwatch_chokepoints_vintage_20260809_snapshot,data/raw/portwatch/vintages/Daily_Chokepoints_Data__vintage_2026-08-09.csv,0bc806a4c384723debff08053d6fcbb915a03ee9fdf7b23c73d76d9bcb885bcb,sensitivity_only,ar_lag1_7,deterministic_daily_point,2026-05-05,0.0,46.39813231355037,,,46.39813231355037,3002.4688415096134
portwatch_two_vintage_four_specification_matrix_v1,297908c214a0afab30a377854585cb1788922334c3bba976f8e2a1141c6ed73e,bb050aa041e8fc1c8391b908baeab529aaf2e9944d5f35b07af661349176adce,vintage_20260809,portwatch_chokepoints_vintage_20260809_snapshot,data/raw/portwatch/vintages/Daily_Chokepoints_Data__vintage_2026-08-09.csv,0bc806a4c384723debff08053d6fcbb915a03ee9fdf7b23c73d76d9bcb885bcb,sensitivity_only,ar_lag1_7,deterministic_daily_point,2026-05-06,0.0,46.20085551443468,,,46.20085551443468,3048.669697024048
portwatch_two_vintage_four_specification_matrix_v1,297908c214a0afab30a377854585cb1788922334c3bba976f8e2a1141c6ed73e,bb050aa041e8fc1c8391b908baeab529aaf2e9944d5f35b07af661349176adce,vintage_20260809,portwatch_chokepoints_vintage_20260809_snapshot,data/raw/portwatch/vintages/Daily_Chokepoints_Data__vintage_2026-08-09.csv,0bc806a4c384723debff08053d6fcbb915a03ee9fdf7b23c73d76d9bcb885bcb,sensitivity_only,ar_lag1_7,deterministic_daily_point,2026-05-07,0.0,46.60869558812698,,,46.60869558812698,3095.278392612175
portwatch_two_vintage_four_specification_matrix_v1,297908c214a0afab30a377854585cb1788922334c3bba976f8e2a1141c6ed73e,bb050aa041e8fc1c8391b908baeab529aaf2e9944d5f35b07af661349176adce,vintage_20260809,portwatch_chokepoints_vintage_20260809_snapshot,data/raw/portwatch/vintages/Daily_Chokepoints_Data__vintage_2026-08-09.csv,0bc806a4c384723debff08053d6fcbb915a03ee9fdf7b23c73d76d9bcb885bcb,sensitivity_only,ar_lag1_7,deterministic_daily_point,2026-05-08,0.0,47.31455411281277,,,47.31455411281277,3142.592946724988
portwatch_two_vintage_four_specification_matrix_v1,297908c214a0afab30a377854585cb1788922334c3bba976f8e2a1141c6ed73e,bb050aa041e8fc1c8391b908baeab529aaf2e9944d5f35b07af661349176adce,vintage_20260809,portwatch_chokepoints_vintage_20260809_snapshot,data/raw/portwatch/vintages/Daily_Chokepoints_Data__vintage_2026-08-09.csv,0bc806a4c384723debff08053d6fcbb915a03ee9fdf7b23c73d76d9bcb885bcb,sensitivity_only,ar_lag1_7,deterministic_daily_point,2026-05-09,1.0,47.786917597513856,,,46.786917597513856,3189.379864322502
portwatch_two_vintage_four_specification_matrix_v1,297908c214a0afab30a377854585cb1788922334c3bba976f8e2a1141c6ed73e,bb050aa041e8fc1c8391b908baeab529aaf2e9944d5f35b07af661349176adce,vintage_20260809,portwatch_chokepoints_vintage_20260809_snapshot,data/raw/portwatch/vintages/Daily_Chokepoints_Data__vintage_2026-08-09.csv,0bc806a4c384723debff08053d6fcbb915a03ee9fdf7b23c73d76d9bcb885bcb,sensitivity_only,ar_lag1_7,deterministic_daily_point,2026-05-10,2.0,47.67009818761288,,,45.67009818761288,3235.0499625101147
portwatch_two_vintage_four_specification_matrix_v1,297908c214a0afab30a377854585cb1788922334c3bba976f8e2a1141c6ed73e,bb050aa041e8fc1c8391b908baeab529aaf2e9944d5f35b07af661349176adce,vintage_20260809,portwatch_chokepoints_vintage_20260809_snapshot,data/raw/portwatch/vintages/Daily_Chokepoints_Data__vintage_2026-08-09.csv,0bc806a4c384723debff08053d6fcbb915a03ee9fdf7b23c73d76d9bcb885bcb,sensitivity_only,ar_lag1_7,deterministic_daily_point,2026-05-11,4.0,47.052072977123366,,,43.052072977123366,3278.102035487238
portwatch_two_vintage_four_specification_matrix_v1,297908c214a0afab30a377854585cb1788922334c3bba976f8e2a1141c6ed73e,bb050aa041e8fc1c8391b908baeab529aaf2e9944d5f35b07af661349176adce,vintage_20260809,portwatch_chokepoints_vintage_20260809_snapshot,data/raw/portwatch/vintages/Daily_Chokepoints_Data__vintage_2026-08-09.csv,0bc806a4c384723debff08053d6fcbb915a03ee9fdf7b23c73d76d9bcb885bcb,sensitivity_only,ar_lag1_7,deterministic_daily_point,2026-05-12,1.0,46.3982339390578,,,45.3982339390578,3323.5002694262957
portwatch_two_vintage_four_specification_matrix_v1,297908c214a0afab30a377854585cb1788922334c3bba976f8e2a1141c6ed73e,bb050aa041e8fc1c8391b908baeab529aaf2e9944d5f35b07af661349176adce,vintage_20260809,portwatch_chokepoints_vintage_20260809_snapshot,data/raw/portwatch/vintages/Daily_Chokepoints_Data__vintage_2026-08-09.csv,0bc806a4c384723debff08053d6fcbb915a03ee9fdf7b23c73d76d9bcb885bcb,sensitivity_only,ar_lag1_7,deterministic_daily_point,2026-05-13,2.0,46.200939797128505,,,44.200939797128505,3367.701209223424
portwatch_two_vintage_four_specification_matrix_v1,297908c214a0afab30a377854585cb1788922334c3bba976f8e2a1141c6ed73e,bb050aa041e8fc1c8391b908baeab529aaf2e9944d5f35b07af661349176adce,vintage_20260809,portwatch_chokepoints_vintage_20260809_snapshot,data/raw/portwatch/vintages/Daily_Chokepoints_Data__vintage_2026-08-09.csv,0bc806a4c384723debff08053d6fcbb915a03ee9fdf7b23c73d76d9bcb885bcb,sensitivity_only,ar_lag1_7,deterministic_daily_point,2026-05-14,3.0,46.608761527819546,,,43.608761527819546,3411.309970751244
portwatch_two_vintage_four_specification_matrix_v1,297908c214a0afab30a377854585cb1788922334c3bba976f8e2a1141c6ed73e,bb050aa041e8fc1c8391b908baeab529aaf2e9944d5f35b07af661349176adce,vintage_20260809,portwatch_chokepoints_vintage_20260809_snapshot,data/raw/portwatch/vintages/Daily_Chokepoints_Data__vintage_2026-08-09.csv,0bc806a4c384723debff08053d6fcbb915a03ee9fdf7b23c73d76d9bcb885bcb,sensitivity_only,ar_lag1_7,deterministic_daily_point,2026-05-15,2.0,47.31460541902946,,,45.31460541902946,3456.624576170273
portwatch_two_vintage_four_specification_matrix_v1,297908c214a0afab30a377854585cb1788922334c3bba976f8e2a1141c6ed73e,bb050aa041e8fc1c8391b908baeab529aaf2e9944d5f35b07af661349176adce,vintage_20260809,portwatch_chokepoints_vintage_20260809_snapshot,data/raw/portwatch/vintages/Daily_Chokepoints_Data__vintage_2026-08-09.csv,0bc806a4c384723debff08053d6fcbb915a03ee9fdf7b23c73d76d9bcb885bcb,sensitivity_only,ar_lag1_7,deterministic_daily_point,2026-05-16,1.0,47.78696073183748,,,46.78696073183748,3503.4115369021106
portwatch_two_vintage_four_specification_matrix_v1,297908c214a0afab30a377854585cb1788922334c3bba976f8e2a1141c6ed73e,bb050aa041e8fc1c8391b908baeab529aaf2e9944d5f35b07af661349176adce,vintage_20260809,portwatch_chokepoints_vintage_20260809_snapshot,data/raw/portwatch/vintages/Daily_Chokepoints_Data__vintage_2026-08-09.csv,0bc806a4c384723debff08053d6fcbb915a03ee9fdf7b23c73d76d9bcb885bcb,sensitivity_only,ar_lag1_7,deterministic_daily_point,2026-05-17,1.0,47.67013811201629,,,46.67013811201629,3550.081675014127
portwatch_two_vintage_four_specification_matrix_v1,297908c214a0afab30a377854585cb1788922334c3bba976f8e2a1141c6ed73e,bb050aa041e8fc1c8391b908baeab529aaf2e9944d5f35b07af661349176adce,vintage_20260809,portwatch_chokepoints_vintage_20260809_snapshot,data/raw/portwatch/vintages/Daily_Chokepoints_Data__vintage_2026-08-09.csv,0bc806a4c384723debff08053d6fcbb915a03ee9fdf7b23c73d76d9bcb885bcb,sensitivity_only,ar_lag1_7,deterministic_daily_point,2026-05-18,1.0,47.052110736335905,,,46.052110736335905,3596.133785750463
portwatch_two_vintage_four_specification_matrix_v1,297908c214a0afab30a377854585cb1788922334c3bba976f8e2a1141c6ed73e,bb050aa041e8fc1c8391b908baeab529aaf2e9944d5f35b07af661349176adce,vintage_20260809,portwatch_chokepoints_vintage_20260809_snapshot,data/raw/portwatch/vintages/Daily_Chokepoints_Data__vintage_2026-08-09.csv,0bc806a4c384723debff08053d6fcbb915a03ee9fdf7b23c73d76d9bcb885bcb,sensitivity_only,ar_lag1_7,deterministic_daily_point,2026-05-19,3.0,46.398268331708856,,,43.398268331708856,3639.532054082172
portwatch_two_vintage_four_specification_matrix_v1,297908c214a0afab30a377854585cb1788922334c3bba976f8e2a1141c6ed73e,bb050aa041e8fc1c8391b908baeab529aaf2e9944d5f35b07af661349176adce,vintage_20260809,portwatch_chokepoints_vintage_20260809_snapshot,data/raw/portwatch/vintages/Daily_Chokepoints_Data__vintage_2026-08-09.csv,0bc806a4c384723debff08053d6fcbb915a03ee9fdf7b23c73d76d9bcb885bcb,sensitivity_only,ar_lag1_7,deterministic_daily_point,2026-05-20,3.0,46.20096939997653,,,43.20096939997653,3682.733023482149
portwatch_two_vintage_four_specification_matrix_v1,297908c214a0afab30a377854585cb1788922334c3bba976f8e2a1141c6ed73e,bb050aa041e8fc1c8391b908baeab529aaf2e9944d5f35b07af661349176adce,vintage_20260809,portwatch_chokepoints_vintage_20260809_snapshot,data/raw/portwatch/vintages/Daily_Chokepoints_Data__vintage_2026-08-09.csv,0bc806a4c384723debff08053d6fcbb915a03ee9fdf7b23c73d76d9bcb885bcb,sensitivity_only,ar_lag1_7,deterministic_daily_point,2026-05-21,2.0,46.60878563348061,,,44.60878563348061,3727.3418091156295
portwatch_two_vintage_four_specification_matrix_v1,297908c214a0afab30a377854585cb1788922334c3bba976f8e2a1141c6ed73e,bb050aa041e8fc1c8391b908baeab529aaf2e9944d5f35b07af661349176adce,vintage_20260809,portwatch_chokepoints_vintage_20260809_snapshot,data/raw/portwatch/vintages/Daily_Chokepoints_Data__vintage_2026-08-09.csv,0bc806a4c384723debff08053d6fcbb915a03ee9fdf7b23c73d76d9bcb885bcb,sensitivity_only,ar_lag1_7,deterministic_daily_point,2026-05-22,0.0,47.314624551274775,,,47.314624551274775,3774.6564336669044
portwatch_two_vintage_four_specification_matrix_v1,297908c214a0afab30a377854585cb1788922334c3bba976f8e2a1141c6ed73e,bb050aa041e8fc1c8391b908baeab529aaf2e9944d5f35b07af661349176adce,vintage_20260809,portwatch_chokepoints_vintage_20260809_snapshot,data/raw/portwatch/vintages/Daily_Chokepoints_Data__vintage_2026-08-09.csv,0bc806a4c384723debff08053d6fcbb915a03ee9fdf7b23c73d76d9bcb885bcb,sensitivity_only,ar_lag1_7,deterministic_daily_point,2026-05-23,1.0,47.7869764189861,,,46.7869764189861,3821.4434100858903
portwatch_two_vintage_four_specification_matrix_v1,297908c214a0afab30a377854585cb1788922334c3bba976f8e2a1141c6ed73e,bb050aa041e8fc1c8391b908baeab529aaf2e9944d5f35b07af661349176adce,vintage_20260809,portwatch_chokepoints_vintage_20260809_snapshot,data/raw/portwatch/vintages/Daily_Chokepoints_Data__vintage_2026-08-09.csv,0bc806a4c384723debff08053d6fcbb915a03ee9fdf7b23c73d76d9bcb885bcb,sensitivity_only,ar_lag1_7,deterministic_daily_point,2026-05-24,2.0,47.670151922717366,,,45.670151922717366,3867.1135620086075
portwatch_two_vintage_four_specification_matrix_v1,297908c214a0afab30a377854585cb1788922334c3bba976f8e2a1141c6ed73e,bb050aa041e8fc1c8391b908baeab529aaf2e9944d5f35b07af661349176adce,vintage_20260809,portwatch_chokepoints_vintage_20260809_snapshot,data/raw/portwatch/vintages/Daily_Chokepoints_Data__vintage_2026-08-09.csv,0bc806a4c384723debff08053d6fcbb915a03ee9fdf7b23c73d76d9bcb885bcb,sensitivity_only,ar_lag1_7,deterministic_daily_point,2026-05-25,0.0,47.052123438249225,,,47.052123438249225,3914.1656854468565
portwatch_two_vintage_four_specification_matrix_v1,297908c214a0afab30a377854585cb1788922334c3bba976f8e2a1141c6ed73e,bb050aa041e8fc1c8391b908baeab529aaf2e9944d5f35b07af661349176adce,vintage_20260809,portwatch_chokepoints_vintage_20260809_snapshot,data/raw/portwatch/vintages/Daily_Chokepoints_Data__vintage_2026-08-09.csv,0bc806a4c384723debff08053d6fcbb915a03ee9fdf7b23c73d76d9bcb885bcb,sensitivity_only,ar_lag1_7,deterministic_daily_point,2026-05-26,2.0,46.39827994412754,,,44.39827994412754,3958.563965390984
portwatch_two_vintage_four_specification_matrix_v1,297908c214a0afab30a377854585cb1788922334c3bba976f8e2a1141c6ed73e,bb050aa041e8fc1c8391b908baeab529aaf2e9944d5f35b07af661349176adce,vintage_20260809,portwatch_chokepoints_vintage_20260809_snapshot,data/raw/portwatch/vintages/Daily_Chokepoints_Data__vintage_2026-08-09.csv,0bc806a4c384723debff08053d6fcbb915a03ee9fdf7b23c73d76d9bcb885bcb,sensitivity_only,ar_lag1_7,deterministic_daily_point,2026-05-27,1.0,46.20097963350694,,,45.20097963350694,4003.7649450244908
portwatch_two_vintage_four_specification_matrix_v1,297908c214a0afab30a377854585cb1788922334c3bba976f8e2a1141c6ed73e,bb050aa041e8fc1c8391b908baeab529aaf2e9944d5f35b07af661349176adce,vintage_20260809,portwatch_chokepoints_vintage_20260809_snapshot,data/raw/portwatch/vintages/Daily_Chokepoints_Data__vintage_2026-08-09.csv,0bc806a4c384723debff08053d6fcbb915a03ee9fdf7b23c73d76d9bcb885bcb,sensitivity_only,ar_lag1_7,deterministic_daily_point,2026-05-28,0.0,46.60879423940798,,,46.60879423940798,4050.3737392638986
portwatch_two_vintage_four_specification_matrix_v1,297908c214a0afab30a377854585cb1788922334c3bba976f8e2a1141c6ed73e,bb050aa041e8fc1c8391b908baeab529aaf2e9944d5f35b07af661349176adce,vintage_20260809,portwatch_chokepoints_vintage_20260809_snapshot,data/raw/portwatch/vintages/Daily_Chokepoints_Data__vintage_2026-08-09.csv,0bc806a4c384723debff08053d6fcbb915a03ee9fdf7b23c73d76d9bcb885bcb,sensitivity_only,ar_lag1_7,deterministic_daily_point,2026-05-29,0.0,47.31463155134425,,,47.31463155134425,4097.688370815243
portwatch_two_vintage_four_specification_matrix_v1,297908c214a0afab30a377854585cb1788922334c3bba976f8e2a1141c6ed73e,bb050aa041e8fc1c8391b908baeab529aaf2e9944d5f35b07af661349176adce,vintage_20260809,portwatch_chokepoints_vintage_20260809_snapshot,data/raw/portwatch/vintages/Daily_Chokepoints_Data__vintage_2026-08-09.csv,0bc806a4c384723debff08053d6fcbb915a03ee9fdf7b23c73d76d9bcb885bcb,sensitivity_only,ar_lag1_7,deterministic_daily_point,2026-05-30,0.0,47.78698213885253,,,47.78698213885253,4145.475352954095
portwatch_two_vintage_four_specification_matrix_v1,297908c214a0afab30a377854585cb1788922334c3bba976f8e2a1141c6ed73e,bb050aa041e8fc1c8391b908baeab529aaf2e9944d5f35b07af661349176adce,vintage_20260809,portwatch_chokepoints_vintage_20260809_snapshot,data/raw/portwatch/vintages/Daily_Chokepoints_Data__vintage_2026-08-09.csv,0bc806a4c384723debff08053d6fcbb915a03ee9fdf7b23c73d76d9bcb885bcb,sensitivity_only,ar_lag1_7,deterministic_daily_point,2026-05-31,0.0,47.670156803035646,,,47.670156803035646,4193.145509757131
portwatch_two_vintage_four_specification_matrix_v1,297908c214a0afab30a377854585cb1788922334c3bba976f8e2a1141c6ed73e,bb050aa041e8fc1c8391b908baeab529aaf2e9944d5f35b07af661349176adce,vintage_20260809,portwatch_chokepoints_vintage_20260809_snapshot,data/raw/portwatch/vintages/Daily_Chokepoints_Data__vintage_2026-08-09.csv,0bc806a4c384723debff08053d6fcbb915a03ee9fdf7b23c73d76d9bcb885bcb,sensitivity_only,ar_lag1_7,deterministic_daily_point,2026-06-01,1.0,47.05212779333747,,,46.05212779333747,4239.197637550468
portwatch_two_vintage_four_specification_matrix_v1,297908c214a0afab30a377854585cb1788922334c3bba976f8e2a1141c6ed73e,bb050aa041e8fc1c8391b908baeab529aaf2e9944d5f35b07af661349176adce,vintage_20260809,portwatch_chokepoints_vintage_20260809_snapshot,data/raw/portwatch/vintages/Daily_Chokepoints_Data__vintage_2026-08-09.csv,0bc806a4c384723debff08053d6fcbb915a03ee9fdf7b23c73d76d9bcb885bcb,sensitivity_only,ar_lag1_7,deterministic_daily_point,2026-06-02,3.0,46.398283888259336,,,43.398283888259336,4282.595921438728
portwatch_two_vintage_four_specification_matrix_v1,297908c214a0afab30a377854585cb1788922334c3bba976f8e2a1141c6ed73e,bb050aa041e8fc1c8391b908baeab529aaf2e9944d5f35b07af661349176adce,vintage_20260809,portwatch_chokepoints_vintage_20260809_snapshot,data/raw/portwatch/vintages/Daily_Chokepoints_Data__vintage_2026-08-09.csv,0bc806a4c384723debff08053d6fcbb915a03ee9fdf7b23c73d76d9bcb885bcb,sensitivity_only,ar_lag1_7,deterministic_daily_point,2026-06-03,3.0,46.20098314654833,,,43.20098314654833,4325.796904585276
portwatch_two_vintage_four_specification_matrix_v1,297908c214a0afab30a377854585cb1788922334c3bba976f8e2a1141c6ed73e,bb050aa041e8fc1c8391b908baeab529aaf2e9944d5f35b07af661349176adce,vintage_20260809,portwatch_chokepoints_vintage_20260809_snapshot,data/raw/portwatch/vintages/Daily_Chokepoints_Data__vintage_2026-08-09.csv,0bc806a4c384723debff08053d6fcbb915a03ee9fdf7b23c73d76d9bcb885bcb,sensitivity_only,ar_lag1_7,deterministic_daily_point,2026-06-04,1.0,46.60879726254132,,,45.60879726254132,4371.405701847817
portwatch_two_vintage_four_specification_matrix_v1,297908c214a0afab30a377854585cb1788922334c3bba976f8e2a1141c6ed73e,bb050aa041e8fc1c8391b908baeab529aaf2e9944d5f35b07af661349176adce,vintage_20260809,portwatch_chokepoints_vintage_20260809_snapshot,data/raw/portwatch/vintages/Daily_Chokepoints_Data__vintage_2026-08-09.csv,0bc806a4c384723debff08053d6fcbb915a03ee9fdf7b23c73d76d9bcb885bcb,sensitivity_only,ar_lag1_7,deterministic_daily_point,2026-06-05,0.0,47.31463406846197,,,47.31463406846197,4418.720335916279
portwatch_two_vintage_four_specification_matrix_v1,297908c214a0afab30a377854585cb1788922334c3bba976f8e2a1141c6ed73e,bb050aa041e8fc1c8391b908baeab529aaf2e9944d5f35b07af661349176adce,vintage_20260809,portwatch_chokepoints_vintage_20260809_snapshot,data/raw/portwatch/vintages/Daily_Chokepoints_Data__vintage_2026-08-09.csv,0bc806a4c384723debff08053d6fcbb915a03ee9fdf7b23c73d76d9bcb885bcb,sensitivity_only,ar_lag1_7,deterministic_daily_point,2026-06-06,0.0,47.78698421206961,,,47.78698421206961,4466.5073201283485
portwatch_two_vintage_four_specification_matrix_v1,297908c214a0afab30a377854585cb1788922334c3bba976f8e2a1141c6ed73e,bb050aa041e8fc1c8391b908baeab529aaf2e9944d5f35b07af661349176adce,vintage_20260809,portwatch_chokepoints_vintage_20260809_snapshot,data/raw/portwatch/vintages/Daily_Chokepoints_Data__vintage_2026-08-09.csv,0bc806a4c384723debff08053d6fcbb915a03ee9fdf7b23c73d76d9bcb885bcb,sensitivity_only,ar_lag1_7,deterministic_daily_point,2026-06-07,0.0,47.67015854583684,,,47.67015854583684,4514.177478674185
portwatch_two_vintage_four_specification_matrix_v1,297908c214a0afab30a377854585cb1788922334c3bba976f8e2a1141c6ed73e,bb050aa041e8fc1c8391b908baeab529aaf2e9944d5f35b07af661349176adce,vintage_20260809,portwatch_chokepoints_vintage_20260809_snapshot,data/raw/portwatch/vintages/Daily_Chokepoints_Data__vintage_2026-08-09.csv,0bc806a4c384723debff08053d6fcbb915a03ee9fdf7b23c73d76d9bcb885bcb,sensitivity_only,ar_lag1_7,deterministic_daily_point,2026-06-08,1.0,47.05212931093807,,,46.05212931093807,4560.229607985123
portwatch_two_vintage_four_specification_matrix_v1,297908c214a0afab30a377854585cb1788922334c3bba976f8e2a1141c6ed73e,bb050aa041e8fc1c8391b908baeab529aaf2e9944d5f35b07af661349176adce,vintage_20260809,portwatch_chokepoints_vintage_20260809_snapshot,data/raw/portwatch/vintages/Daily_Chokepoints_Data__vintage_2026-08-09.csv,0bc806a4c384723debff08053d6fcbb915a03ee9fdf7b23c73d76d9bcb885bcb,sensitivity_only,ar_lag1_7,deterministic_daily_point,2026-06-09,2.0,46.398285241346706,,,44.398285241346706,4604.6278932264695
portwatch_two_vintage_four_specification_matrix_v1,297908c214a0afab30a377854585cb1788922334c3bba976f8e2a1141c6ed73e,bb050aa041e8fc1c8391b908baeab529aaf2e9944d5f35b07af661349176adce,vintage_20260809,portwatch_chokepoints_vintage_20260809_snapshot,data/raw/portwatch/vintages/Daily_Chokepoints_Data__vintage_2026-08-09.csv,0bc806a4c384723debff08053d6fcbb915a03ee9fdf7b23c73d76d9bcb885bcb,sensitivity_only,ar_lag1_7,deterministic_daily_point,2026-06-10,0.0,46.20098435222116,,,46.20098435222116,4650.8288775786905
portwatch_two_vintage_four_specification_matrix_v1,297908c214a0afab30a377854585cb1788922334c3bba976f8e2a1141c6ed73e,bb050aa041e8fc1c8391b908baeab529aaf2e9944d5f35b07af661349176adce,vintage_20260809,portwatch_chokepoints_vintage_20260809_snapshot,data/raw/portwatch/vintages/Daily_Chokepoints_Data__vintage_2026-08-09.csv,0bc806a4c384723debff08053d6fcbb915a03ee9fdf7b23c73d76d9bcb885bcb,sensitivity_only,ar_lag1_7,deterministic_daily_point,2026-06-11,2.0,46.60879831455831,,,44.60879831455831,4695.4376758932485
portwatch_two_vintage_four_specification_matrix_v1,297908c214a0afab30a377854585cb1788922334c3bba976f8e2a1141c6ed73e,bb050aa041e8fc1c8391b908baeab529aaf2e9944d5f35b07af661349176adce,vintage_20260809,portwatch_chokepoints_vintage_20260809_snapshot,data/raw/portwatch/vintages/Daily_Chokepoints_Data__vintage_2026-08-09.csv,0bc806a4c384723debff08053d6fcbb915a03ee9fdf7b23c73d76d9bcb885bcb,sensitivity_only,ar_lag1_7,deterministic_daily_point,2026-06-12,1.0,47.314634961281925,,,46.314634961281925,4741.75231085453
portwatch_two_vintage_four_specification_matrix_v1,297908c214a0afab30a377854585cb1788922334c3bba976f8e2a1141c6ed73e,bb050aa041e8fc1c8391b908baeab529aaf2e9944d5f35b07af661349176adce,vintage_20260809,portwatch_chokepoints_vintage_20260809_snapshot,data/raw/portwatch/vintages/Daily_Chokepoints_Data__vintage_2026-08-09.csv,0bc806a4c384723debff08053d6fcbb915a03ee9fdf7b23c73d76d9bcb885bcb,sensitivity_only,ar_lag1_7,deterministic_daily_point,2026-06-13,0.0,47.78698495667422,,,47.78698495667422,4789.539295811204
portwatch_two_vintage_four_specification_matrix_v1,297908c214a0afab30a377854585cb1788922334c3bba976f8e2a1141c6ed73e,bb050aa041e8fc1c8391b908baeab529aaf2e9944d5f35b07af661349176adce,vintage_20260809,portwatch_chokepoints_vintage_20260809_snapshot,data/raw/portwatch/vintages/Daily_Chokepoints_Data__vintage_2026-08-09.csv,0bc806a4c384723debff08053d6fcbb915a03ee9fdf7b23c73d76d9bcb885bcb,sensitivity_only,ar_lag1_7,deterministic_daily_point,2026-06-14,0.0,47.67015916969331,,,47.67015916969331,4837.209454980897
portwatch_two_vintage_four_specification_matrix_v1,297908c214a0afab30a377854585cb1788922334c3bba976f8e2a1141c6ed73e,bb050aa041e8fc1c8391b908baeab529aaf2e9944d5f35b07af661349176adce,vintage_20260809,portwatch_chokepoints_vintage_20260809_snapshot,data/raw/portwatch/vintages/Daily_Chokepoints_Data__vintage_2026-08-09.csv,0bc806a4c384723debff08053d6fcbb915a03ee9fdf7b23c73d76d9bcb885bcb,sensitivity_only,ar_lag1_7,deterministic_daily_point,2026-06-15,1.0,47.05212984557574,,,46.05212984557574,4883.261584826473
portwatch_two_vintage_four_specification_matrix_v1,297908c214a0afab30a377854585cb1788922334c3bba976f8e2a1141c6ed73e,bb050aa041e8fc1c8391b908baeab529aaf2e9944d5f35b07af661349176adce,vintage_20260809,portwatch_chokepoints_vintage_20260809_snapshot,data/raw/portwatch/vintages/Daily_Chokepoints_Data__vintage_2026-08-09.csv,0bc806a4c384723debff08053d6fcbb915a03ee9fdf7b23c73d76d9bcb885bcb,sensitivity_only,ar_lag1_7,deterministic_daily_point,2026-06-16,2.0,46.39828571045406,,,44.39828571045406,4927.659870536927
portwatch_two_vintage_four_specification_matrix_v1,297908c214a0afab30a377854585cb1788922334c3bba976f8e2a1141c6ed73e,bb050aa041e8fc1c8391b908baeab529aaf2e9944d5f35b07af661349176adce,vintage_20260809,portwatch_chokepoints_vintage_20260809_snapshot,data/raw/portwatch/vintages/Daily_Chokepoints_Data__vintage_2026-08-09.csv,0bc806a4c384723debff08053d6fcbb915a03ee9fdf7b23c73d76d9bcb885bcb,sensitivity_only,ar_lag1_7,deterministic_daily_point,2026-06-17,0.0,46.20098476766591,,,46.20098476766591,4973.860855304593
portwatch_two_vintage_four_specification_matrix_v1,297908c214a0afab30a377854585cb1788922334c3bba976f8e2a1141c6ed73e,bb050aa041e8fc1c8391b908baeab529aaf2e9944d5f35b07af661349176adce,vintage_20260809,portwatch_chokepoints_vintage_20260809_snapshot,data/raw/portwatch/vintages/Daily_Chokepoints_Data__vintage_2026-08-09.csv,0bc806a4c384723debff08053d6fcbb915a03ee9fdf7b23c73d76d9bcb885bcb,sensitivity_only,ar_lag1_7,deterministic_daily_point,2026-06-18,10.0,46.608798679204725,,,36.608798679204725,5010.469653983798
portwatch_two_vintage_four_specification_matrix_v1,297908c214a0afab30a377854585cb1788922334c3bba976f8e2a1141c6ed73e,bb050aa041e8fc1c8391b908baeab529aaf2e9944d5f35b07af661349176adce,vintage_20260809,portwatch_chokepoints_vintage_20260809_snapshot,data/raw/portwatch/vintages/Daily_Chokepoints_Data__vintage_2026-08-09.csv,0bc806a4c384723debff08053d6fcbb915a03ee9fdf7b23c73d76d9bcb885bcb,sensitivity_only,ar_lag1_7,deterministic_daily_point,2026-06-19,3.0,47.314635274981704,,,44.314635274981704,5054.78428925878
portwatch_two_vintage_four_specification_matrix_v1,297908c214a0afab30a377854585cb1788922334c3bba976f8e2a1141c6ed73e,bb050aa041e8fc1c8391b908baeab529aaf2e9944d5f35b07af661349176adce,vintage_20260809,portwatch_chokepoints_vintage_20260809_snapshot,data/raw/portwatch/vintages/Daily_Chokepoints_Data__vintage_2026-08-09.csv,0bc806a4c384723debff08053d6fcbb915a03ee9fdf7b23c73d76d9bcb885bcb,sensitivity_only,ar_lag1_7,deterministic_daily_point,2026-06-20,12.0,47.786985221660515,,,35.786985221660515,5090.5712744804405
portwatch_two_vintage_four_specification_matrix_v1,297908c214a0afab30a377854585cb1788922334c3bba976f8e2a1141c6ed73e,bb050aa041e8fc1c8391b908baeab529aaf2e9944d5f35b07af661349176adce,vintage_20260809,portwatch_chokepoints_vintage_20260809_snapshot,data/raw/portwatch/vintages/Daily_Chokepoints_Data__vintage_2026-08-09.csv,0bc806a4c384723debff08053d6fcbb915a03ee9fdf7b23c73d76d9bcb885bcb,sensitivity_only,ar_lag1_7,deterministic_daily_point,2026-06-21,1.0,47.670159392465116,,,46.670159392465116,5137.241433872906
portwatch_two_vintage_four_specification_matrix_v1,297908c214a0afab30a377854585cb1788922334c3bba976f8e2a1141c6ed73e,bb050aa041e8fc1c8391b908baeab529aaf2e9944d5f35b07af661349176adce,vintage_20260809,portwatch_chokepoints_vintage_20260809_snapshot,data/raw/portwatch/vintages/Daily_Chokepoints_Data__vintage_2026-08-09.csv,0bc806a4c384723debff08053d6fcbb915a03ee9fdf7b23c73d76d9bcb885bcb,sensitivity_only,ar_lag1_7,deterministic_daily_point,2026-06-22,8.0,47.05213003497374,,,39.05213003497374,5176.29356390788
portwatch_two_vintage_four_specification_matrix_v1,297908c214a0afab30a377854585cb1788922334c3bba976f8e2a1141c6ed73e,bb050aa041e8fc1c8391b908baeab529aaf2e9944d5f35b07af661349176adce,vintage_20260809,portwatch_chokepoints_vintage_20260809_snapshot,data/raw/portwatch/vintages/Daily_Chokepoints_Data__vintage_2026-08-09.csv,0bc806a4c384723debff08053d6fcbb915a03ee9fdf7b23c73d76d9bcb885bcb,sensitivity_only,ar_lag1_7,deterministic_daily_point,2026-06-23,4.0,46.39828587450879,,,42.39828587450879,5218.691849782388
portwatch_two_vintage_four_specification_matrix_v1,297908c214a0afab30a377854585cb1788922334c3bba976f8e2a1141c6ed73e,bb050aa041e8fc1c8391b908baeab529aaf2e9944d5f35b07af661349176adce,vintage_20260809,portwatch_chokepoints_vintage_20260809_snapshot,data/raw/portwatch/vintages/Daily_Chokepoints_Data__vintage_2026-08-09.csv,0bc806a4c384723debff08053d6fcbb915a03ee9fdf7b23c73d76d9bcb885bcb,sensitivity_only,ar_lag1_7,deterministic_daily_point,2026-06-24,18.0,46.20098491166391,,,28.20098491166391,5246.892834694052
portwatch_two_vintage_four_specification_matrix_v1,297908c214a0afab30a377854585cb1788922334c3bba976f8e2a1141c6ed73e,bb050aa041e8fc1c8391b908baeab529aaf2e9944d5f35b07af661349176adce,vintage_20260809,portwatch_chokepoints_vintage_20260809_snapshot,data/raw/portwatch/vintages/Daily_Chokepoints_Data__vintage_2026-08-09.csv,0bc806a4c384723debff08053d6fcbb915a03ee9fdf7b23c73d76d9bcb885bcb,sensitivity_only,ar_lag1_7,deterministic_daily_point,2026-06-25,21.0,46.60879880559648,,,25.60879880559648,5272.501633499648
portwatch_two_vintage_four_specification_matrix_v1,297908c214a0afab30a377854585cb1788922334c3bba976f8e2a1141c6ed73e,bb050aa041e8fc1c8391b908baeab529aaf2e9944d5f35b07af661349176adce,vintage_20260809,portwatch_chokepoints_vintage_20260809_snapshot,data/raw/portwatch/vintages/Daily_Chokepoints_Data__vintage_2026-08-09.csv,0bc806a4c384723debff08053d6fcbb915a03ee9fdf7b23c73d76d9bcb885bcb,sensitivity_only,ar_lag1_7,deterministic_daily_point,2026-06-26,17.0,47.31463538459596,,,30.31463538459596,5302.816268884244
portwatch_two_vintage_four_specification_matrix_v1,297908c214a0afab30a377854585cb1788922334c3bba976f8e2a1141c6ed73e,bb050aa041e8fc1c8391b908baeab529aaf2e9944d5f35b07af661349176adce,vintage_20260809,portwatch_chokepoints_vintage_20260809_snapshot,data/raw/portwatch/vintages/Daily_Chokepoints_Data__vintage_2026-08-09.csv,0bc806a4c384723debff08053d6fcbb915a03ee9fdf7b23c73d76d9bcb885bcb,sensitivity_only,ar_lag1_7,deterministic_daily_point,2026-06-27,9.0,47.786985315252664,,,38.786985315252664,5341.603254199496
portwatch_two_vintage_four_specification_matrix_v1,297908c214a0afab30a377854585cb1788922334c3bba976f8e2a1141c6ed73e,bb050aa041e8fc1c8391b908baeab529aaf2e9944d5f35b07af661349176adce,vintage_20260809,portwatch_chokepoints_vintage_20260809_snapshot,data/raw/portwatch/vintages/Daily_Chokepoints_Data__vintage_2026-08-09.csv,0bc806a4c384723debff08053d6fcbb915a03ee9fdf7b23c73d76d9bcb885bcb,sensitivity_only,ar_lag1_7,deterministic_daily_point,2026-06-28,6.0,47.670159471652525,,,41.670159471652525,5383.273413671149
portwatch_two_vintage_four_specification_matrix_v1,297908c214a0afab30a377854585cb1788922334c3bba976f8e2a1141c6ed73e,bb050aa041e8fc1c8391b908baeab529aaf2e9944d5f35b07af661349176adce,vintage_20260809,portwatch_chokepoints_vintage_20260809_snapshot,data/raw/portwatch/vintages/Daily_Chokepoints_Data__vintage_2026-08-09.csv,0bc806a4c384723debff08053d6fcbb915a03ee9fdf7b23c73d76d9bcb885bcb,sensitivity_only,ar_lag1_7,deterministic_daily_point,2026-06-29,12.0,47.05213010216341,,,35.05213010216341,5418.325543773312
portwatch_two_vintage_four_specification_matrix_v1,297908c214a0afab30a377854585cb1788922334c3bba976f8e2a1141c6ed73e,bb050aa041e8fc1c8391b908baeab529aaf2e9944d5f35b07af661349176adce,vintage_20260809,portwatch_chokepoints_vintage_20260809_snapshot,data/raw/portwatch/vintages/Daily_Chokepoints_Data__vintage_2026-08-09.csv,0bc806a4c384723debff08053d6fcbb915a03ee9fdf7b23c73d76d9bcb885bcb,sensitivity_only,ar_lag1_7,deterministic_daily_point,2026-06-30,5.0,46.39828593221613,,,41.39828593221613,5459.723829705528
portwatch_two_vintage_four_specification_matrix_v1,297908c214a0afab30a377854585cb1788922334c3bba976f8e2a1141c6ed73e,bb050aa041e8fc1c8391b908baeab529aaf2e9944d5f35b07af661349176adce,vintage_20260809,portwatch_chokepoints_vintage_20260809_snapshot,data/raw/portwatch/vintages/Daily_Chokepoints_Data__vintage_2026-08-09.csv,0bc806a4c384723debff08053d6fcbb915a03ee9fdf7b23c73d76d9bcb885bcb,sensitivity_only,ar_lag1_7,deterministic_daily_point,2026-07-01,17.0,46.20098496187138,,,29.200984961871377,5488.9248146674
portwatch_two_vintage_four_specification_matrix_v1,297908c214a0afab30a377854585cb1788922334c3bba976f8e2a1141c6ed73e,bb050aa041e8fc1c8391b908baeab529aaf2e9944d5f35b07af661349176adce,vintage_20260809,portwatch_chokepoints_vintage_20260809_snapshot,data/raw/portwatch/vintages/Daily_Chokepoints_Data__vintage_2026-08-09.csv,0bc806a4c384723debff08053d6fcbb915a03ee9fdf7b23c73d76d9bcb885bcb,sensitivity_only,ar_lag1_7,deterministic_daily_point,2026-07-02,14.0,46.60879884950941,,,32.60879884950941,5521.533613516909
portwatch_two_vintage_four_specification_matrix_v1,297908c214a0afab30a377854585cb1788922334c3bba976f8e2a1141c6ed73e,bb050aa041e8fc1c8391b908baeab529aaf2e9944d5f35b07af661349176adce,vintage_20260809,portwatch_chokepoints_vintage_20260809_snapshot,data/raw/portwatch/vintages/Daily_Chokepoints_Data__vintage_2026-08-09.csv,0bc806a4c384723debff08053d6fcbb915a03ee9fdf7b23c73d76d9bcb885bcb,sensitivity_only,ar_lag1_7,deterministic_daily_point,2026-07-03,17.0,47.31463542280963,,,30.31463542280963,5551.848248939718
portwatch_two_vintage_four_specification_matrix_v1,297908c214a0afab30a377854585cb1788922334c3bba976f8e2a1141c6ed73e,bb050aa041e8fc1c8391b908baeab529aaf2e9944d5f35b07af661349176adce,vintage_20260809,portwatch_chokepoints_vintage_20260809_snapshot,data/raw/portwatch/vintages/Daily_Chokepoints_Data__vintage_2026-08-09.csv,0bc806a4c384723debff08053d6fcbb915a03ee9fdf7b23c73d76d9bcb885bcb,sensitivity_only,ar_lag1_7,deterministic_daily_point,2026-07-04,6.0,47.78698534813308,,,41.78698534813308,5593.635234287852
portwatch_two_vintage_four_specification_matrix_v1,297908c214a0afab30a377854585cb1788922334c3bba976f8e2a1141c6ed73e,bb050aa041e8fc1c8391b908baeab529aaf2e9944d5f35b07af661349176adce,vintage_20260809,portwatch_chokepoints_vintage_20260809_snapshot,data/raw/portwatch/vintages/Daily_Chokepoints_Data__vintage_2026-08-09.csv,0bc806a4c384723debff08053d6fcbb915a03ee9fdf7b23c73d76d9bcb885bcb,sensitivity_only,ar_lag1_7,deterministic_daily_point,2026-07-05,15.0,47.67015949966462,,,32.67015949966462,5626.305393787517
portwatch_two_vintage_four_specification_matrix_v1,297908c214a0afab30a377854585cb1788922334c3bba976f8e2a1141c6ed73e,bb050aa041e8fc1c8391b908baeab529aaf2e9944d5f35b07af661349176adce,vintage_20260809,portwatch_chokepoints_vintage_20260809_snapshot,data/raw/portwatch/vintages/Daily_Chokepoints_Data__vintage_2026-08-09.csv,0bc806a4c384723debff08053d6fcbb915a03ee9fdf7b23c73d76d9bcb885bcb,sensitivity_only,ar_lag1_7,deterministic_daily_point,2026-07-06,14.0,47.05213012597117,,,33.05213012597117,5659.357523913488
portwatch_two_vintage_four_specification_matrix_v1,297908c214a0afab30a377854585cb1788922334c3bba976f8e2a1141c6ed73e,bb050aa041e8fc1c8391b908baeab529aaf2e9944d5f35b07af661349176adce,vintage_20260809,portwatch_chokepoints_vintage_20260809_snapshot,data/raw/portwatch/vintages/Daily_Chokepoints_Data__vintage_2026-08-09.csv,0bc806a4c384723debff08053d6fcbb915a03ee9fdf7b23c73d76d9bcb885bcb,sensitivity_only,ar_lag1_7,deterministic_daily_point,2026-07-07,10.0,46.39828595257589,,,36.39828595257589,5695.755809866064
portwatch_two_vintage_four_specification_matrix_v1,297908c214a0afab30a377854585cb1788922334c3bba976f8e2a1141c6ed73e,bb050aa041e8fc1c8391b908baeab529aaf2e9944d5f35b07af661349176adce,vintage_20260809,portwatch_chokepoints_vintage_20260809_snapshot,data/raw/portwatch/vintages/Daily_Chokepoints_Data__vintage_2026-08-09.csv,0bc806a4c384723debff08053d6fcbb915a03ee9fdf7b23c73d76d9bcb885bcb,sensitivity_only,bsts_local_level_weekly,daily_marginal_posterior_median,2026-02-28,33.0,43.743051841617394,20.24691160755097,66.2354438886764,10.743051841617394,10.743051841617394
portwatch_two_vintage_four_specification_matrix_v1,297908c214a0afab30a377854585cb1788922334c3bba976f8e2a1141c6ed73e,bb050aa041e8fc1c8391b908baeab529aaf2e9944d5f35b07af661349176adce,vintage_20260809,portwatch_chokepoints_vintage_20260809_snapshot,data/raw/portwatch/vintages/Daily_Chokepoints_Data__vintage_2026-08-09.csv,0bc806a4c384723debff08053d6fcbb915a03ee9fdf7b23c73d76d9bcb885bcb,sensitivity_only,bsts_local_level_weekly,daily_marginal_posterior_median,2026-03-01,5.0,42.85849800402379,21.818134338304695,65.48460993189416,37.85849800402379,48.60154984564118
portwatch_two_vintage_four_specification_matrix_v1,297908c214a0afab30a377854585cb1788922334c3bba976f8e2a1141c6ed73e,bb050aa041e8fc1c8391b908baeab529aaf2e9944d5f35b07af661349176adce,vintage_20260809,portwatch_chokepoints_vintage_20260809_snapshot,data/raw/portwatch/vintages/Daily_Chokepoints_Data__vintage_2026-08-09.csv,0bc806a4c384723debff08053d6fcbb915a03ee9fdf7b23c73d76d9bcb885bcb,sensitivity_only,bsts_local_level_weekly,daily_marginal_posterior_median,2026-03-02,1.0,42.67771982009128,19.574096789779762,65.89715325572365,41.67771982009128,90.27926966573247
portwatch_two_vintage_four_specification_matrix_v1,297908c214a0afab30a377854585cb1788922334c3bba976f8e2a1141c6ed73e,bb050aa041e8fc1c8391b908baeab529aaf2e9944d5f35b07af661349176adce,vintage_20260809,portwatch_chokepoints_vintage_20260809_snapshot,data/raw/portwatch/vintages/Daily_Chokepoints_Data__vintage_2026-08-09.csv,0bc806a4c384723debff08053d6fcbb915a03ee9fdf7b23c73d76d9bcb885bcb,sensitivity_only,bsts_local_level_weekly,daily_marginal_posterior_median,2026-03-03,1.0,42.77017676500505,19.73824869772138,65.12809589685875,41.77017676500505,132.04944643073753
portwatch_two_vintage_four_specification_matrix_v1,297908c214a0afab30a377854585cb1788922334c3bba976f8e2a1141c6ed73e,bb050aa041e8fc1c8391b908baeab529aaf2e9944d5f35b07af661349176adce,vintage_20260809,portwatch_chokepoints_vintage_20260809_snapshot,data/raw/portwatch/vintages/Daily_Chokepoints_Data__vintage_2026-08-09.csv,0bc806a4c384723debff08053d6fcbb915a03ee9fdf7b23c73d76d9bcb885bcb,sensitivity_only,bsts_local_level_weekly,daily_marginal_posterior_median,2026-03-04,0.0,42.48127712154981,17.456710086231762,66.91679037124561,42.48127712154981,174.53072355228733
portwatch_two_vintage_four_specification_matrix_v1,297908c214a0afab30a377854585cb1788922334c3bba976f8e2a1141c6ed73e,bb050aa041e8fc1c8391b908baeab529aaf2e9944d5f35b07af661349176adce,vintage_20260809,portwatch_chokepoints_vintage_20260809_snapshot,data/raw/portwatch/vintages/Daily_Chokepoints_Data__vintage_2026-08-09.csv,0bc806a4c384723debff08053d6fcbb915a03ee9fdf7b23c73d76d9bcb885bcb,sensitivity_only,bsts_local_level_weekly,daily_marginal_posterior_median,2026-03-05,1.0,43.23120245222303,19.06012414225361,67.23656854772777,42.23120245222303,216.76192600451037
portwatch_two_vintage_four_specification_matrix_v1,297908c214a0afab30a377854585cb1788922334c3bba976f8e2a1141c6ed73e,bb050aa041e8fc1c8391b908baeab529aaf2e9944d5f35b07af661349176adce,vintage_20260809,portwatch_chokepoints_vintage_20260809_snapshot,data/raw/portwatch/vintages/Daily_Chokepoints_Data__vintage_2026-08-09.csv,0bc806a4c384723debff08053d6fcbb915a03ee9fdf7b23c73d76d9bcb885bcb,sensitivity_only,bsts_local_level_weekly,daily_marginal_posterior_median,2026-03-06,0.0,43.48966217021608,19.09322059266995,67.55853846388817,43.48966217021608,260.25158817472646
portwatch_two_vintage_four_specification_matrix_v1,297908c214a0afab30a377854585cb1788922334c3bba976f8e2a1141c6ed73e,bb050aa041e8fc1c8391b908baeab529aaf2e9944d5f35b07af661349176adce,vintage_20260809,portwatch_chokepoints_vintage_20260809_snapshot,data/raw/portwatch/vintages/Daily_Chokepoints_Data__vintage_2026-08-09.csv,0bc806a4c384723debff08053d6fcbb915a03ee9fdf7b23c73d76d9bcb885bcb,sensitivity_only,bsts_local_level_weekly,daily_marginal_posterior_median,2026-03-07,0.0,43.84393084647495,19.633995700411514,68.31995817253375,43.84393084647495,304.0955190212014
portwatch_two_vintage_four_specification_matrix_v1,297908c214a0afab30a377854585cb1788922334c3bba976f8e2a1141c6ed73e,bb050aa041e8fc1c8391b908baeab529aaf2e9944d5f35b07af661349176adce,vintage_20260809,portwatch_chokepoints_vintage_20260809_snapshot,data/raw/portwatch/vintages/Daily_Chokepoints_Data__vintage_2026-08-09.csv,0bc806a4c384723debff08053d6fcbb915a03ee9fdf7b23c73d76d9bcb885bcb,sensitivity_only,bsts_local_level_weekly,daily_marginal_posterior_median,2026-03-08,0.0,43.578650261724306,18.212498685856087,67.91794767420804,43.578650261724306,347.67416928292573
portwatch_two_vintage_four_specification_matrix_v1,297908c214a0afab30a377854585cb1788922334c3bba976f8e2a1141c6ed73e,bb050aa041e8fc1c8391b908baeab529aaf2e9944d5f35b07af661349176adce,vintage_20260809,portwatch_chokepoints_vintage_20260809_snapshot,data/raw/portwatch/vintages/Daily_Chokepoints_Data__vintage_2026-08-09.csv,0bc806a4c384723debff08053d6fcbb915a03ee9fdf7b23c73d76d9bcb885bcb,sensitivity_only,bsts_local_level_weekly,daily_marginal_posterior_median,2026-03-09,0.0,43.080750930894084,19.16496579059751,67.82742098986056,43.080750930894084,390.7549202138198
portwatch_two_vintage_four_specification_matrix_v1,297908c214a0afab30a377854585cb1788922334c3bba976f8e2a1141c6ed73e,bb050aa041e8fc1c8391b908baeab529aaf2e9944d5f35b07af661349176adce,vintage_20260809,portwatch_chokepoints_vintage_20260809_snapshot,data/raw/portwatch/vintages/Daily_Chokepoints_Data__vintage_2026-08-09.csv,0bc806a4c384723debff08053d6fcbb915a03ee9fdf7b23c73d76d9bcb885bcb,sensitivity_only,bsts_local_level_weekly,daily_marginal_posterior_median,2026-03-10,1.0,42.8992791861499,16.88294284286123,67.2667944405554,41.8992791861499,432.6541993999697
portwatch_two_vintage_four_specification_matrix_v1,297908c214a0afab30a377854585cb1788922334c3bba976f8e2a1141c6ed73e,bb050aa041e8fc1c8391b908baeab529aaf2e9944d5f35b07af661349176adce,vintage_20260809,portwatch_chokepoints_vintage_20260809_snapshot,data/raw/portwatch/vintages/Daily_Chokepoints_Data__vintage_2026-08-09.csv,0bc806a4c384723debff08053d6fcbb915a03ee9fdf7b23c73d76d9bcb885bcb,sensitivity_only,bsts_local_level_weekly,daily_marginal_posterior_median,2026-03-11,0.0,42.62210751783442,17.343726538139364,67.79882629848511,42.62210751783442,475.2763069178041
portwatch_two_vintage_four_specification_matrix_v1,297908c214a0afab30a377854585cb1788922334c3bba976f8e2a1141c6ed73e,bb050aa041e8fc1c8391b908baeab529aaf2e9944d5f35b07af661349176adce,vintage_20260809,portwatch_chokepoints_vintage_20260809_snapshot,data/raw/portwatch/vintages/Daily_Chokepoints_Data__vintage_2026-08-09.csv,0bc806a4c384723debff08053d6fcbb915a03ee9fdf7b23c73d76d9bcb885bcb,sensitivity_only,bsts_local_level_weekly,daily_marginal_posterior_median,2026-03-12,0.0,42.90425119624062,15.959876467063534,68.68640583343108,42.90425119624062,518.1805581140447
portwatch_two_vintage_four_specification_matrix_v1,297908c214a0afab30a377854585cb1788922334c3bba976f8e2a1141c6ed73e,bb050aa041e8fc1c8391b908baeab529aaf2e9944d5f35b07af661349176adce,vintage_20260809,portwatch_chokepoints_vintage_20260809_snapshot,data/raw/portwatch/vintages/Daily_Chokepoints_Data__vintage_2026-08-09.csv,0bc806a4c384723debff08053d6fcbb915a03ee9fdf7b23c73d76d9bcb885bcb,sensitivity_only,bsts_local_level_weekly,daily_marginal_posterior_median,2026-03-13,0.0,43.70970220893214,17.245009038639267,70.87927449921003,43.70970220893214,561.8902603229769
portwatch_two_vintage_four_specification_matrix_v1,297908c214a0afab30a377854585cb1788922334c3bba976f8e2a1141c6ed73e,bb050aa041e8fc1c8391b908baeab529aaf2e9944d5f35b07af661349176adce,vintage_20260809,portwatch_chokepoints_vintage_20260809_snapshot,data/raw/portwatch/vintages/Daily_Chokepoints_Data__vintage_2026-08-09.csv,0bc806a4c384723debff08053d6fcbb915a03ee9fdf7b23c73d76d9bcb885bcb,sensitivity_only,bsts_local_level_weekly,daily_marginal_posterior_median,2026-03-14,0.0,43.77654274551743,17.322058587575633,70.65779883545017,43.77654274551743,605.6668030684943
portwatch_two_vintage_four_specification_matrix_v1,297908c214a0afab30a377854585cb1788922334c3bba976f8e2a1141c6ed73e,bb050aa041e8fc1c8391b908baeab529aaf2e9944d5f35b07af661349176adce,vintage_20260809,portwatch_chokepoints_vintage_20260809_snapshot,data/raw/portwatch/vintages/Daily_Chokepoints_Data__vintage_2026-08-09.csv,0bc806a4c384723debff08053d6fcbb915a03ee9fdf7b23c73d76d9bcb885bcb,sensitivity_only,bsts_local_level_weekly,daily_marginal_posterior_median,2026-03-15,2.0,43.71751348447107,17.18620092228158,70.83065131465526,41.71751348447107,647.3843165529654
portwatch_two_vintage_four_specification_matrix_v1,297908c214a0afab30a377854585cb1788922334c3bba976f8e2a1141c6ed73e,bb050aa041e8fc1c8391b908baeab529aaf2e9944d5f35b07af661349176adce,vintage_20260809,portwatch_chokepoints_vintage_20260809_snapshot,data/raw/portwatch/vintages/Daily_Chokepoints_Data__vintage_2026-08-09.csv,0bc806a4c384723debff08053d6fcbb915a03ee9fdf7b23c73d76d9bcb885bcb,sensitivity_only,bsts_local_level_weekly,daily_marginal_posterior_median,2026-03-16,0.0,43.33891135214586,16.988244364286043,70.84050377890183,43.33891135214586,690.7232279051112
portwatch_two_vintage_four_specification_matrix_v1,297908c214a0afab30a377854585cb1788922334c3bba976f8e2a1141c6ed73e,bb050aa041e8fc1c8391b908baeab529aaf2e9944d5f35b07af661349176adce,vintage_20260809,portwatch_chokepoints_vintage_20260809_snapshot,data/raw/portwatch/vintages/Daily_Chokepoints_Data__vintage_2026-08-09.csv,0bc806a4c384723debff08053d6fcbb915a03ee9fdf7b23c73d76d9bcb885bcb,sensitivity_only,bsts_local_level_weekly,daily_marginal_posterior_median,2026-03-17,1.0,42.45631690881171,14.401141979681027,69.34955878518085,41.45631690881171,732.1795448139229
portwatch_two_vintage_four_specification_matrix_v1,297908c214a0afab30a377854585cb1788922334c3bba976f8e2a1141c6ed73e,bb050aa041e8fc1c8391b908baeab529aaf2e9944d5f35b07af661349176adce,vintage_20260809,portwatch_chokepoints_vintage_20260809_snapshot,data/raw/portwatch/vintages/Daily_Chokepoints_Data__vintage_2026-08-09.csv,0bc806a4c384723debff08053d6fcbb915a03ee9fdf7b23c73d76d9bcb885bcb,sensitivity_only,bsts_local_level_weekly,daily_marginal_posterior_median,2026-03-18,0.0,42.326278422051104,15.110176038916785,71.32088017533722,42.326278422051104,774.505823235974
portwatch_two_vintage_four_specification_matrix_v1,297908c214a0afab30a377854585cb1788922334c3bba976f8e2a1141c6ed73e,bb050aa041e8fc1c8391b908baeab529aaf2e9944d5f35b07af661349176adce,vintage_20260809,portwatch_chokepoints_vintage_20260809_snapshot,data/raw/portwatch/vintages/Daily_Chokepoints_Data__vintage_2026-08-09.csv,0bc806a4c384723debff08053d6fcbb915a03ee9fdf7b23c73d76d9bcb885bcb,sensitivity_only,bsts_local_level_weekly,daily_marginal_posterior_median,2026-03-19,0.0,42.953775121595434,14.324936702616286,68.25427952077453,42.953775121595434,817.4595983575695
portwatch_two_vintage_four_specification_matrix_v1,297908c214a0afab30a377854585cb1788922334c3bba976f8e2a1141c6ed73e,bb050aa041e8fc1c8391b908baeab529aaf2e9944d5f35b07af661349176adce,vintage_20260809,portwatch_chokepoints_vintage_20260809_snapshot,data/raw/portwatch/vintages/Daily_Chokepoints_Data__vintage_2026-08-09.csv,0bc806a4c384723debff08053d6fcbb915a03ee9fdf7b23c73d76d9bcb885bcb,sensitivity_only,bsts_local_level_weekly,daily_marginal_posterior_median,2026-03-20,2.0,43.71015297393261,13.978749099138673,71.64336916843234,41.71015297393261,859.1697513315021
portwatch_two_vintage_four_specification_matrix_v1,297908c214a0afab30a377854585cb1788922334c3bba976f8e2a1141c6ed73e,bb050aa041e8fc1c8391b908baeab529aaf2e9944d5f35b07af661349176adce,vintage_20260809,portwatch_chokepoints_vintage_20260809_snapshot,data/raw/portwatch/vintages/Daily_Chokepoints_Data__vintage_2026-08-09.csv,0bc806a4c384723debff08053d6fcbb915a03ee9fdf7b23c73d76d9bcb885bcb,sensitivity_only,bsts_local_level_weekly,daily_marginal_posterior_median,2026-03-21,0.0,44.07522461529691,16.400672289880028,72.1481756537093,44.07522461529691,903.244975946799
portwatch_two_vintage_four_specification_matrix_v1,297908c214a0afab30a377854585cb1788922334c3bba976f8e2a1141c6ed73e,bb050aa041e8fc1c8391b908baeab529aaf2e9944d5f35b07af661349176adce,vintage_20260809,portwatch_chokepoints_vintage_20260809_snapshot,data/raw/portwatch/vintages/Daily_Chokepoints_Data__vintage_2026-08-09.csv,0bc806a4c384723debff08053d6fcbb915a03ee9fdf7b23c73d76d9bcb885bcb,sensitivity_only,bsts_local_level_weekly,daily_marginal_posterior_median,2026-03-22,0.0,43.49049779317424,14.827269810785298,71.97102419110593,43.49049779317424,946.7354737399731
portwatch_two_vintage_four_specification_matrix_v1,297908c214a0afab30a377854585cb1788922334c3bba976f8e2a1141c6ed73e,bb050aa041e8fc1c8391b908baeab529aaf2e9944d5f35b07af661349176adce,vintage_20260809,portwatch_chokepoints_vintage_20260809_snapshot,data/raw/portwatch/vintages/Daily_Chokepoints_Data__vintage_2026-08-09.csv,0bc806a4c384723debff08053d6fcbb915a03ee9fdf7b23c73d76d9bcb885bcb,sensitivity_only,bsts_local_level_weekly,daily_marginal_posterior_median,2026-03-23,2.0,43.39012989877757,12.933528001903289,73.08797921733574,41.39012989877757,988.1256036387507
portwatch_two_vintage_four_specification_matrix_v1,297908c214a0afab30a377854585cb1788922334c3bba976f8e2a1141c6ed73e,bb050aa041e8fc1c8391b908baeab529aaf2e9944d5f35b07af661349176adce,vintage_20260809,portwatch_chokepoints_vintage_20260809_snapshot,data/raw/portwatch/vintages/Daily_Chokepoints_Data__vintage_2026-08-09.csv,0bc806a4c384723debff08053d6fcbb915a03ee9fdf7b23c73d76d9bcb885bcb,sensitivity_only,bsts_local_level_weekly,daily_marginal_posterior_median,2026-03-24,1.0,42.72066005086944,12.144395182292987,72.01280937960654,41.72066005086944,1029.8462636896202
portwatch_two_vintage_four_specification_matrix_v1,297908c214a0afab30a377854585cb1788922334c3bba976f8e2a1141c6ed73e,bb050aa041e8fc1c8391b908baeab529aaf2e9944d5f35b07af661349176adce,vintage_20260809,portwatch_chokepoints_vintage_20260809_snapshot,data/raw/portwatch/vintages/Daily_Chokepoints_Data__vintage_2026-08-09.csv,0bc806a4c384723debff08053d6fcbb915a03ee9fdf7b23c73d76d9bcb885bcb,sensitivity_only,bsts_local_level_weekly,daily_marginal_posterior_median,2026-03-25,1.0,41.764436910197304,12.995608763035136,73.33060199855515,40.764436910197304,1070.6107005998174
portwatch_two_vintage_four_specification_matrix_v1,297908c214a0afab30a377854585cb1788922334c3bba976f8e2a1141c6ed73e,bb050aa041e8fc1c8391b908baeab529aaf2e9944d5f35b07af661349176adce,vintage_20260809,portwatch_chokepoints_vintage_20260809_snapshot,data/raw/portwatch/vintages/Daily_Chokepoints_Data__vintage_2026-08-09.csv,0bc806a4c384723debff08053d6fcbb915a03ee9fdf7b23c73d76d9bcb885bcb,sensitivity_only,bsts_local_level_weekly,daily_marginal_posterior_median,2026-03-26,0.0,44.144370540021434,13.233592525108978,72.7673739472421,44.144370540021434,1114.7550711398387
portwatch_two_vintage_four_specification_matrix_v1,297908c214a0afab30a377854585cb1788922334c3bba976f8e2a1141c6ed73e,bb050aa041e8fc1c8391b908baeab529aaf2e9944d5f35b07af661349176adce,vintage_20260809,portwatch_chokepoints_vintage_20260809_snapshot,data/raw/portwatch/vintages/Daily_Chokepoints_Data__vintage_2026-08-09.csv,0bc806a4c384723debff08053d6fcbb915a03ee9fdf7b23c73d76d9bcb885bcb,sensitivity_only,bsts_local_level_weekly,daily_marginal_posterior_median,2026-03-27,0.0,43.169435125278554,12.2654855028146,73.68249825524113,43.169435125278554,1157.9245062651173
portwatch_two_vintage_four_specification_matrix_v1,297908c214a0afab30a377854585cb1788922334c3bba976f8e2a1141c6ed73e,bb050aa041e8fc1c8391b908baeab529aaf2e9944d5f35b07af661349176adce,vintage_20260809,portwatch_chokepoints_vintage_20260809_snapshot,data/raw/portwatch/vintages/Daily_Chokepoints_Data__vintage_2026-08-09.csv,0bc806a4c384723debff08053d6fcbb915a03ee9fdf7b23c73d76d9bcb885bcb,sensitivity_only,bsts_local_level_weekly,daily_marginal_posterior_median,2026-03-28,0.0,44.437310898814914,12.072790976851108,73.12926111060195,44.437310898814914,1202.3618171639323
portwatch_two_vintage_four_specification_matrix_v1,297908c214a0afab30a377854585cb1788922334c3bba976f8e2a1141c6ed73e,bb050aa041e8fc1c8391b908baeab529aaf2e9944d5f35b07af661349176adce,vintage_20260809,portwatch_chokepoints_vintage_20260809_snapshot,data/raw/portwatch/vintages/Daily_Chokepoints_Data__vintage_2026-08-09.csv,0bc806a4c384723debff08053d6fcbb915a03ee9fdf7b23c73d76d9bcb885bcb,sensitivity_only,bsts_local_level_weekly,daily_marginal_posterior_median,2026-03-29,2.0,43.90198903012745,12.043850063537672,74.15040119426091,41.90198903012745,1244.2638061940597
portwatch_two_vintage_four_specification_matrix_v1,297908c214a0afab30a377854585cb1788922334c3bba976f8e2a1141c6ed73e,bb050aa041e8fc1c8391b908baeab529aaf2e9944d5f35b07af661349176adce,vintage_20260809,portwatch_chokepoints_vintage_20260809_snapshot,data/raw/portwatch/vintages/Daily_Chokepoints_Data__vintage_2026-08-09.csv,0bc806a4c384723debff08053d6fcbb915a03ee9fdf7b23c73d76d9bcb885bcb,sensitivity_only,bsts_local_level_weekly,daily_marginal_posterior_median,2026-03-30,3.0,43.746005525291096,13.186692536375855,74.9199415388012,40.746005525291096,1285.0098117193509
portwatch_two_vintage_four_specification_matrix_v1,297908c214a0afab30a377854585cb1788922334c3bba976f8e2a1141c6ed73e,bb050aa041e8fc1c8391b908baeab529aaf2e9944d5f35b07af661349176adce,vintage_20260809,portwatch_chokepoints_vintage_20260809_snapshot,data/raw/portwatch/vintages/Daily_Chokepoints_Data__vintage_2026-08-09.csv,0bc806a4c384723debff08053d6fcbb915a03ee9fdf7b23c73d76d9bcb885bcb,sensitivity_only,bsts_local_level_weekly,daily_marginal_posterior_median,2026-03-31,2.0,42.00334763526595,10.065287343902078,73.66195665858082,40.00334763526595,1325.0131593546168
portwatch_two_vintage_four_specification_matrix_v1,297908c214a0afab30a377854585cb1788922334c3bba976f8e2a1141c6ed73e,bb050aa041e8fc1c8391b908baeab529aaf2e9944d5f35b07af661349176adce,vintage_20260809,portwatch_chokepoints_vintage_20260809_snapshot,data/raw/portwatch/vintages/Daily_Chokepoints_Data__vintage_2026-08-09.csv,0bc806a4c384723debff08053d6fcbb915a03ee9fdf7b23c73d76d9bcb885bcb,sensitivity_only,bsts_local_level_weekly,daily_marginal_posterior_median,2026-04-01,1.0,41.663877828437315,11.042523703301468,72.72762444937375,40.663877828437315,1365.6770371830542
portwatch_two_vintage_four_specification_matrix_v1,297908c214a0afab30a377854585cb1788922334c3bba976f8e2a1141c6ed73e,bb050aa041e8fc1c8391b908baeab529aaf2e9944d5f35b07af661349176adce,vintage_20260809,portwatch_chokepoints_vintage_20260809_snapshot,data/raw/portwatch/vintages/Daily_Chokepoints_Data__vintage_2026-08-09.csv,0bc806a4c384723debff08053d6fcbb915a03ee9fdf7b23c73d76d9bcb885bcb,sensitivity_only,bsts_local_level_weekly,daily_marginal_posterior_median,2026-04-02,0.0,43.20536687630336,9.621065513945856,75.30684585449177,43.20536687630336,1408.8824040593574
portwatch_two_vintage_four_specification_matrix_v1,297908c214a0afab30a377854585cb1788922334c3bba976f8e2a1141c6ed73e,bb050aa041e8fc1c8391b908baeab529aaf2e9944d5f35b07af661349176adce,vintage_20260809,portwatch_chokepoints_vintage_20260809_snapshot,data/raw/portwatch/vintages/Daily_Chokepoints_Data__vintage_2026-08-09.csv,0bc806a4c384723debff08053d6fcbb915a03ee9fdf7b23c73d76d9bcb885bcb,sensitivity_only,bsts_local_level_weekly,daily_marginal_posterior_median,2026-04-03,2.0,42.79236455801259,9.707485326689486,74.48592087422635,40.79236455801259,1449.67476861737
portwatch_two_vintage_four_specification_matrix_v1,297908c214a0afab30a377854585cb1788922334c3bba976f8e2a1141c6ed73e,bb050aa041e8fc1c8391b908baeab529aaf2e9944d5f35b07af661349176adce,vintage_20260809,portwatch_chokepoints_vintage_20260809_snapshot,data/raw/portwatch/vintages/Daily_Chokepoints_Data__vintage_2026-08-09.csv,0bc806a4c384723debff08053d6fcbb915a03ee9fdf7b23c73d76d9bcb885bcb,sensitivity_only,bsts_local_level_weekly,daily_marginal_posterior_median,2026-04-04,3.0,43.91254650407246,12.841146216632277,75.4786410914803,40.91254650407246,1490.5873151214425
portwatch_two_vintage_four_specification_matrix_v1,297908c214a0afab30a377854585cb1788922334c3bba976f8e2a1141c6ed73e,bb050aa041e8fc1c8391b908baeab529aaf2e9944d5f35b07af661349176adce,vintage_20260809,portwatch_chokepoints_vintage_20260809_snapshot,data/raw/portwatch/vintages/Daily_Chokepoints_Data__vintage_2026-08-09.csv,0bc806a4c384723debff08053d6fcbb915a03ee9fdf7b23c73d76d9bcb885bcb,sensitivity_only,bsts_local_level_weekly,daily_marginal_posterior_median,2026-04-05,4.0,43.212867868174676,10.987500902342001,77.13014471131643,39.212867868174676,1529.8001829896173
portwatch_two_vintage_four_specification_matrix_v1,297908c214a0afab30a377854585cb1788922334c3bba976f8e2a1141c6ed73e,bb050aa041e8fc1c8391b908baeab529aaf2e9944d5f35b07af661349176adce,vintage_20260809,portwatch_chokepoints_vintage_20260809_snapshot,data/raw/portwatch/vintages/Daily_Chokepoints_Data__vintage_2026-08-09.csv,0bc806a4c384723debff08053d6fcbb915a03ee9fdf7b23c73d76d9bcb885bcb,sensitivity_only,bsts_local_level_weekly,daily_marginal_posterior_median,2026-04-06,0.0,42.75509244189108,7.981705430500095,78.22532522589859,42.75509244189108,1572.5552754315083
portwatch_two_vintage_four_specification_matrix_v1,297908c214a0afab30a377854585cb1788922334c3bba976f8e2a1141c6ed73e,bb050aa041e8fc1c8391b908baeab529aaf2e9944d5f35b07af661349176adce,vintage_20260809,portwatch_chokepoints_vintage_20260809_snapshot,data/raw/portwatch/vintages/Daily_Chokepoints_Data__vintage_2026-08-09.csv,0bc806a4c384723debff08053d6fcbb915a03ee9fdf7b23c73d76d9bcb885bcb,sensitivity_only,bsts_local_level_weekly,daily_marginal_posterior_median,2026-04-07,2.0,43.382711118419444,9.052175172779355,76.02177533874122,41.382711118419444,1613.9379865499277
portwatch_two_vintage_four_specification_matrix_v1,297908c214a0afab30a377854585cb1788922334c3bba976f8e2a1141c6ed73e,bb050aa041e8fc1c8391b908baeab529aaf2e9944d5f35b07af661349176adce,vintage_20260809,portwatch_chokepoints_vintage_20260809_snapshot,data/raw/portwatch/vintages/Daily_Chokepoints_Data__vintage_2026-08-09.csv,0bc806a4c384723debff08053d6fcbb915a03ee9fdf7b23c73d76d9bcb885bcb,sensitivity_only,bsts_local_level_weekly,daily_marginal_posterior_median,2026-04-08,0.0,42.93980046185274,9.391423869101809,75.02159194774846,42.93980046185274,1656.8777870117804
portwatch_two_vintage_four_specification_matrix_v1,297908c214a0afab30a377854585cb1788922334c3bba976f8e2a1141c6ed73e,bb050aa041e8fc1c8391b908baeab529aaf2e9944d5f35b07af661349176adce,vintage_20260809,portwatch_chokepoints_vintage_20260809_snapshot,data/raw/portwatch/vintages/Daily_Chokepoints_Data__vintage_2026-08-09.csv,0bc806a4c384723debff08053d6fcbb915a03ee9fdf7b23c73d76d9bcb885bcb,sensitivity_only,bsts_local_level_weekly,daily_marginal_posterior_median,2026-04-09,5.0,43.18591666800086,8.86915739506292,77.24255094688283,38.18591666800086,1695.0637036797812
portwatch_two_vintage_four_specification_matrix_v1,297908c214a0afab30a377854585cb1788922334c3bba976f8e2a1141c6ed73e,bb050aa041e8fc1c8391b908baeab529aaf2e9944d5f35b07af661349176adce,vintage_20260809,portwatch_chokepoints_vintage_20260809_snapshot,data/raw/portwatch/vintages/Daily_Chokepoints_Data__vintage_2026-08-09.csv,0bc806a4c384723debff08053d6fcbb915a03ee9fdf7b23c73d76d9bcb885bcb,sensitivity_only,bsts_local_level_weekly,daily_marginal_posterior_median,2026-04-10,0.0,43.84755315339905,7.478791694007726,78.73486130562013,43.84755315339905,1738.9112568331802
portwatch_two_vintage_four_specification_matrix_v1,297908c214a0afab30a377854585cb1788922334c3bba976f8e2a1141c6ed73e,bb050aa041e8fc1c8391b908baeab529aaf2e9944d5f35b07af661349176adce,vintage_20260809,portwatch_chokepoints_vintage_20260809_snapshot,data/raw/portwatch/vintages/Daily_Chokepoints_Data__vintage_2026-08-09.csv,0bc806a4c384723debff08053d6fcbb915a03ee9fdf7b23c73d76d9bcb885bcb,sensitivity_only,bsts_local_level_weekly,daily_marginal_posterior_median,2026-04-11,3.0,44.412234624405976,9.210306341986628,76.2029399735515,41.412234624405976,1780.3234914575862
portwatch_two_vintage_four_specification_matrix_v1,297908c214a0afab30a377854585cb1788922334c3bba976f8e2a1141c6ed73e,bb050aa041e8fc1c8391b908baeab529aaf2e9944d5f35b07af661349176adce,vintage_20260809,portwatch_chokepoints_vintage_20260809_snapshot,data/raw/portwatch/vintages/Daily_Chokepoints_Data__vintage_2026-08-09.csv,0bc806a4c384723debff08053d6fcbb915a03ee9fdf7b23c73d76d9bcb885bcb,sensitivity_only,bsts_local_level_weekly,daily_marginal_posterior_median,2026-04-12,3.0,43.85994420499075,5.8302313333216516,76.6984405781016,40.85994420499075,1821.183435662577
portwatch_two_vintage_four_specification_matrix_v1,297908c214a0afab30a377854585cb1788922334c3bba976f8e2a1141c6ed73e,bb050aa041e8fc1c8391b908baeab529aaf2e9944d5f35b07af661349176adce,vintage_20260809,portwatch_chokepoints_vintage_20260809_snapshot,data/raw/portwatch/vintages/Daily_Chokepoints_Data__vintage_2026-08-09.csv,0bc806a4c384723debff08053d6fcbb915a03ee9fdf7b23c73d76d9bcb885bcb,sensitivity_only,bsts_local_level_weekly,daily_marginal_posterior_median,2026-04-13,3.0,42.88536088645674,7.027848739897392,80.10782320694803,39.88536088645674,1861.0687965490338
portwatch_two_vintage_four_specification_matrix_v1,297908c214a0afab30a377854585cb1788922334c3bba976f8e2a1141c6ed73e,bb050aa041e8fc1c8391b908baeab529aaf2e9944d5f35b07af661349176adce,vintage_20260809,portwatch_chokepoints_vintage_20260809_snapshot,data/raw/portwatch/vintages/Daily_Chokepoints_Data__vintage_2026-08-09.csv,0bc806a4c384723debff08053d6fcbb915a03ee9fdf7b23c73d76d9bcb885bcb,sensitivity_only,bsts_local_level_weekly,daily_marginal_posterior_median,2026-04-14,2.0,42.41258053369977,7.632623198894918,76.75614393918482,40.41258053369977,1901.4813770827336
portwatch_two_vintage_four_specification_matrix_v1,297908c214a0afab30a377854585cb1788922334c3bba976f8e2a1141c6ed73e,bb050aa041e8fc1c8391b908baeab529aaf2e9944d5f35b07af661349176adce,vintage_20260809,portwatch_chokepoints_vintage_20260809_snapshot,data/raw/portwatch/vintages/Daily_Chokepoints_Data__vintage_2026-08-09.csv,0bc806a4c384723debff08053d6fcbb915a03ee9fdf7b23c73d76d9bcb885bcb,sensitivity_only,bsts_local_level_weekly,daily_marginal_posterior_median,2026-04-15,4.0,43.413184779554314,6.479978334767978,77.25100377165998,39.413184779554314,1940.894561862288
portwatch_two_vintage_four_specification_matrix_v1,297908c214a0afab30a377854585cb1788922334c3bba976f8e2a1141c6ed73e,bb050aa041e8fc1c8391b908baeab529aaf2e9944d5f35b07af661349176adce,vintage_20260809,portwatch_chokepoints_vintage_20260809_snapshot,data/raw/portwatch/vintages/Daily_Chokepoints_Data__vintage_2026-08-09.csv,0bc806a4c384723debff08053d6fcbb915a03ee9fdf7b23c73d76d9bcb885bcb,sensitivity_only,bsts_local_level_weekly,daily_marginal_posterior_median,2026-04-16,1.0,42.75221338665931,7.889003159576329,76.95873795067799,41.75221338665931,1982.6467752489473
portwatch_two_vintage_four_specification_matrix_v1,297908c214a0afab30a377854585cb1788922334c3bba976f8e2a1141c6ed73e,bb050aa041e8fc1c8391b908baeab529aaf2e9944d5f35b07af661349176adce,vintage_20260809,portwatch_chokepoints_vintage_20260809_snapshot,data/raw/portwatch/vintages/Daily_Chokepoints_Data__vintage_2026-08-09.csv,0bc806a4c384723debff08053d6fcbb915a03ee9fdf7b23c73d76d9bcb885bcb,sensitivity_only,bsts_local_level_weekly,daily_marginal_posterior_median,2026-04-17,3.0,43.48617882250139,7.967605789601107,80.12157979329979,40.48617882250139,2023.1329540714487
portwatch_two_vintage_four_specification_matrix_v1,297908c214a0afab30a377854585cb1788922334c3bba976f8e2a1141c6ed73e,bb050aa041e8fc1c8391b908baeab529aaf2e9944d5f35b07af661349176adce,vintage_20260809,portwatch_chokepoints_vintage_20260809_snapshot,data/raw/portwatch/vintages/Daily_Chokepoints_Data__vintage_2026-08-09.csv,0bc806a4c384723debff08053d6fcbb915a03ee9fdf7b23c73d76d9bcb885bcb,sensitivity_only,bsts_local_level_weekly,daily_marginal_posterior_median,2026-04-18,12.0,44.19104141594191,6.482436571653776,81.85772046165872,32.19104141594191,2055.3239954873907
portwatch_two_vintage_four_specification_matrix_v1,297908c214a0afab30a377854585cb1788922334c3bba976f8e2a1141c6ed73e,bb050aa041e8fc1c8391b908baeab529aaf2e9944d5f35b07af661349176adce,vintage_20260809,portwatch_chokepoints_vintage_20260809_snapshot,data/raw/portwatch/vintages/Daily_Chokepoints_Data__vintage_2026-08-09.csv,0bc806a4c384723debff08053d6fcbb915a03ee9fdf7b23c73d76d9bcb885bcb,sensitivity_only,bsts_local_level_weekly,daily_marginal_posterior_median,2026-04-19,1.0,44.529813569382426,7.758755531458794,79.38856526337781,43.529813569382426,2098.853809056773
portwatch_two_vintage_four_specification_matrix_v1,297908c214a0afab30a377854585cb1788922334c3bba976f8e2a1141c6ed73e,bb050aa041e8fc1c8391b908baeab529aaf2e9944d5f35b07af661349176adce,vintage_20260809,portwatch_chokepoints_vintage_20260809_snapshot,data/raw/portwatch/vintages/Daily_Chokepoints_Data__vintage_2026-08-09.csv,0bc806a4c384723debff08053d6fcbb915a03ee9fdf7b23c73d76d9bcb885bcb,sensitivity_only,bsts_local_level_weekly,daily_marginal_posterior_median,2026-04-20,2.0,42.62866074718113,7.1760041439402285,77.96277279336805,40.62866074718113,2139.4824698039542
portwatch_two_vintage_four_specification_matrix_v1,297908c214a0afab30a377854585cb1788922334c3bba976f8e2a1141c6ed73e,bb050aa041e8fc1c8391b908baeab529aaf2e9944d5f35b07af661349176adce,vintage_20260809,portwatch_chokepoints_vintage_20260809_snapshot,data/raw/portwatch/vintages/Daily_Chokepoints_Data__vintage_2026-08-09.csv,0bc806a4c384723debff08053d6fcbb915a03ee9fdf7b23c73d76d9bcb885bcb,sensitivity_only,bsts_local_level_weekly,daily_marginal_posterior_median,2026-04-21,2.0,42.69833319035352,4.928692675124394,77.46726514713215,40.69833319035352,2180.1808029943077
portwatch_two_vintage_four_specification_matrix_v1,297908c214a0afab30a377854585cb1788922334c3bba976f8e2a1141c6ed73e,bb050aa041e8fc1c8391b908baeab529aaf2e9944d5f35b07af661349176adce,vintage_20260809,portwatch_chokepoints_vintage_20260809_snapshot,data/raw/portwatch/vintages/Daily_Chokepoints_Data__vintage_2026-08-09.csv,0bc806a4c384723debff08053d6fcbb915a03ee9fdf7b23c73d76d9bcb885bcb,sensitivity_only,bsts_local_level_weekly,daily_marginal_posterior_median,2026-04-22,2.0,42.75317439209515,5.39627203218761,81.6233128463629,40.75317439209515,2220.9339773864026
portwatch_two_vintage_four_specification_matrix_v1,297908c214a0afab30a377854585cb1788922334c3bba976f8e2a1141c6ed73e,bb050aa041e8fc1c8391b908baeab529aaf2e9944d5f35b07af661349176adce,vintage_20260809,portwatch_chokepoints_vintage_20260809_snapshot,data/raw/portwatch/vintages/Daily_Chokepoints_Data__vintage_2026-08-09.csv,0bc806a4c384723debff08053d6fcbb915a03ee9fdf7b23c73d76d9bcb885bcb,sensitivity_only,bsts_local_level_weekly,daily_marginal_posterior_median,2026-04-23,0.0,42.4481630369292,4.267279009088402,80.2070566338719,42.4481630369292,2263.3821404233317
portwatch_two_vintage_four_specification_matrix_v1,297908c214a0afab30a377854585cb1788922334c3bba976f8e2a1141c6ed73e,bb050aa041e8fc1c8391b908baeab529aaf2e9944d5f35b07af661349176adce,vintage_20260809,portwatch_chokepoints_vintage_20260809_snapshot,data/raw/portwatch/vintages/Daily_Chokepoints_Data__vintage_2026-08-09.csv,0bc806a4c384723debff08053d6fcbb915a03ee9fdf7b23c73d76d9bcb885bcb,sensitivity_only,bsts_local_level_weekly,daily_marginal_posterior_median,2026-04-24,2.0,43.58745544692459,6.78676257144531,80.31894847185865,41.58745544692459,2304.9695958702564
portwatch_two_vintage_four_specification_matrix_v1,297908c214a0afab30a377854585cb1788922334c3bba976f8e2a1141c6ed73e,bb050aa041e8fc1c8391b908baeab529aaf2e9944d5f35b07af661349176adce,vintage_20260809,portwatch_chokepoints_vintage_20260809_snapshot,data/raw/portwatch/vintages/Daily_Chokepoints_Data__vintage_2026-08-09.csv,0bc806a4c384723debff08053d6fcbb915a03ee9fdf7b23c73d76d9bcb885bcb,sensitivity_only,bsts_local_level_weekly,daily_marginal_posterior_median,2026-04-25,1.0,44.139139716112496,4.79824291983305,82.45494765992676,43.139139716112496,2348.1087355863688
portwatch_two_vintage_four_specification_matrix_v1,297908c214a0afab30a377854585cb1788922334c3bba976f8e2a1141c6ed73e,bb050aa041e8fc1c8391b908baeab529aaf2e9944d5f35b07af661349176adce,vintage_20260809,portwatch_chokepoints_vintage_20260809_snapshot,data/raw/portwatch/vintages/Daily_Chokepoints_Data__vintage_2026-08-09.csv,0bc806a4c384723debff08053d6fcbb915a03ee9fdf7b23c73d76d9bcb885bcb,sensitivity_only,bsts_local_level_weekly,daily_marginal_posterior_median,2026-04-26,1.0,43.62937248761644,5.872803040733577,83.26646269358946,42.62937248761644,2390.738108073985
portwatch_two_vintage_four_specification_matrix_v1,297908c214a0afab30a377854585cb1788922334c3bba976f8e2a1141c6ed73e,bb050aa041e8fc1c8391b908baeab529aaf2e9944d5f35b07af661349176adce,vintage_20260809,portwatch_chokepoints_vintage_20260809_snapshot,data/raw/portwatch/vintages/Daily_Chokepoints_Data__vintage_2026-08-09.csv,0bc806a4c384723debff08053d6fcbb915a03ee9fdf7b23c73d76d9bcb885bcb,sensitivity_only,bsts_local_level_weekly,daily_marginal_posterior_median,2026-04-27,0.0,43.725634829803596,4.753237945532658,82.63820191621019,43.725634829803596,2434.463742903789
portwatch_two_vintage_four_specification_matrix_v1,297908c214a0afab30a377854585cb1788922334c3bba976f8e2a1141c6ed73e,bb050aa041e8fc1c8391b908baeab529aaf2e9944d5f35b07af661349176adce,vintage_20260809,portwatch_chokepoints_vintage_20260809_snapshot,data/raw/portwatch/vintages/Daily_Chokepoints_Data__vintage_2026-08-09.csv,0bc806a4c384723debff08053d6fcbb915a03ee9fdf7b23c73d76d9bcb885bcb,sensitivity_only,bsts_local_level_weekly,daily_marginal_posterior_median,2026-04-28,2.0,42.11799413631819,1.8886192866776315,83.88506530183703,40.11799413631819,2474.581737040107
portwatch_two_vintage_four_specification_matrix_v1,297908c214a0afab30a377854585cb1788922334c3bba976f8e2a1141c6ed73e,bb050aa041e8fc1c8391b908baeab529aaf2e9944d5f35b07af661349176adce,vintage_20260809,portwatch_chokepoints_vintage_20260809_snapshot,data/raw/portwatch/vintages/Daily_Chokepoints_Data__vintage_2026-08-09.csv,0bc806a4c384723debff08053d6fcbb915a03ee9fdf7b23c73d76d9bcb885bcb,sensitivity_only,bsts_local_level_weekly,daily_marginal_posterior_median,2026-04-29,3.0,43.08834322478346,3.889039138663239,81.29321967247338,40.08834322478346,2514.67008026489
portwatch_two_vintage_four_specification_matrix_v1,297908c214a0afab30a377854585cb1788922334c3bba976f8e2a1141c6ed73e,bb050aa041e8fc1c8391b908baeab529aaf2e9944d5f35b07af661349176adce,vintage_20260809,portwatch_chokepoints_vintage_20260809_snapshot,data/raw/portwatch/vintages/Daily_Chokepoints_Data__vintage_2026-08-09.csv,0bc806a4c384723debff08053d6fcbb915a03ee9fdf7b23c73d76d9bcb885bcb,sensitivity_only,bsts_local_level_weekly,daily_marginal_posterior_median,2026-04-30,4.0,43.69273322387704,3.369279800701282,82.71957918999692,39.69273322387704,2554.362813488767
portwatch_two_vintage_four_specification_matrix_v1,297908c214a0afab30a377854585cb1788922334c3bba976f8e2a1141c6ed73e,bb050aa041e8fc1c8391b908baeab529aaf2e9944d5f35b07af661349176adce,vintage_20260809,portwatch_chokepoints_vintage_20260809_snapshot,data/raw/portwatch/vintages/Daily_Chokepoints_Data__vintage_2026-08-09.csv,0bc806a4c384723debff08053d6fcbb915a03ee9fdf7b23c73d76d9bcb885bcb,sensitivity_only,bsts_local_level_weekly,daily_marginal_posterior_median,2026-05-01,2.0,43.417948669445195,5.883177430819354,80.82765534119736,41.417948669445195,2595.7807621582124
portwatch_two_vintage_four_specification_matrix_v1,297908c214a0afab30a377854585cb1788922334c3bba976f8e2a1141c6ed73e,bb050aa041e8fc1c8391b908baeab529aaf2e9944d5f35b07af661349176adce,vintage_20260809,portwatch_chokepoints_vintage_20260809_snapshot,data/raw/portwatch/vintages/Daily_Chokepoints_Data__vintage_2026-08-09.csv,0bc806a4c384723debff08053d6fcbb915a03ee9fdf7b23c73d76d9bcb885bcb,sensitivity_only,bsts_local_level_weekly,daily_marginal_posterior_median,2026-05-02,4.0,44.34194015458285,4.574509822674664,85.51874985890304,40.34194015458285,2636.1227023127954
portwatch_two_vintage_four_specification_matrix_v1,297908c214a0afab30a377854585cb1788922334c3bba976f8e2a1141c6ed73e,bb050aa041e8fc1c8391b908baeab529aaf2e9944d5f35b07af661349176adce,vintage_20260809,portwatch_chokepoints_vintage_20260809_snapshot,data/raw/portwatch/vintages/Daily_Chokepoints_Data__vintage_2026-08-09.csv,0bc806a4c384723debff08053d6fcbb915a03ee9fdf7b23c73d76d9bcb885bcb,sensitivity_only,bsts_local_level_weekly,daily_marginal_posterior_median,2026-05-03,1.0,44.48809766089775,4.288173372015897,83.90301450625142,43.48809766089775,2679.6107999736932
portwatch_two_vintage_four_specification_matrix_v1,297908c214a0afab30a377854585cb1788922334c3bba976f8e2a1141c6ed73e,bb050aa041e8fc1c8391b908baeab529aaf2e9944d5f35b07af661349176adce,vintage_20260809,portwatch_chokepoints_vintage_20260809_snapshot,data/raw/portwatch/vintages/Daily_Chokepoints_Data__vintage_2026-08-09.csv,0bc806a4c384723debff08053d6fcbb915a03ee9fdf7b23c73d76d9bcb885bcb,sensitivity_only,bsts_local_level_weekly,daily_marginal_posterior_median,2026-05-04,0.0,43.156840723320684,4.52949972212413,83.84113482378164,43.156840723320684,2722.767640697014
portwatch_two_vintage_four_specification_matrix_v1,297908c214a0afab30a377854585cb1788922334c3bba976f8e2a1141c6ed73e,bb050aa041e8fc1c8391b908baeab529aaf2e9944d5f35b07af661349176adce,vintage_20260809,portwatch_chokepoints_vintage_20260809_snapshot,data/raw/portwatch/vintages/Daily_Chokepoints_Data__vintage_2026-08-09.csv,0bc806a4c384723debff08053d6fcbb915a03ee9fdf7b23c73d76d9bcb885bcb,sensitivity_only,bsts_local_level_weekly,daily_marginal_posterior_median,2026-05-05,0.0,42.64829684851451,4.397144148938017,83.4987769378596,42.64829684851451,2765.4159375455283
portwatch_two_vintage_four_specification_matrix_v1,297908c214a0afab30a377854585cb1788922334c3bba976f8e2a1141c6ed73e,bb050aa041e8fc1c8391b908baeab529aaf2e9944d5f35b07af661349176adce,vintage_20260809,portwatch_chokepoints_vintage_20260809_snapshot,data/raw/portwatch/vintages/Daily_Chokepoints_Data__vintage_2026-08-09.csv,0bc806a4c384723debff08053d6fcbb915a03ee9fdf7b23c73d76d9bcb885bcb,sensitivity_only,bsts_local_level_weekly,daily_marginal_posterior_median,2026-05-06,0.0,42.16300416101516,2.284095980322839,82.80003966636635,42.16300416101516,2807.5789417065434
portwatch_two_vintage_four_specification_matrix_v1,297908c214a0afab30a377854585cb1788922334c3bba976f8e2a1141c6ed73e,bb050aa041e8fc1c8391b908baeab529aaf2e9944d5f35b07af661349176adce,vintage_20260809,portwatch_chokepoints_vintage_20260809_snapshot,data/raw/portwatch/vintages/Daily_Chokepoints_Data__vintage_2026-08-09.csv,0bc806a4c384723debff08053d6fcbb915a03ee9fdf7b23c73d76d9bcb885bcb,sensitivity_only,bsts_local_level_weekly,daily_marginal_posterior_median,2026-05-07,0.0,42.85019044639874,1.3504038886195437,83.14484957316186,42.85019044639874,2850.429132152942
portwatch_two_vintage_four_specification_matrix_v1,297908c214a0afab30a377854585cb1788922334c3bba976f8e2a1141c6ed73e,bb050aa041e8fc1c8391b908baeab529aaf2e9944d5f35b07af661349176adce,vintage_20260809,portwatch_chokepoints_vintage_20260809_snapshot,data/raw/portwatch/vintages/Daily_Chokepoints_Data__vintage_2026-08-09.csv,0bc806a4c384723debff08053d6fcbb915a03ee9fdf7b23c73d76d9bcb885bcb,sensitivity_only,bsts_local_level_weekly,daily_marginal_posterior_median,2026-05-08,0.0,43.58411424083519,2.2911321978235613,84.96957945672646,43.58411424083519,2894.0132463937775
portwatch_two_vintage_four_specification_matrix_v1,297908c214a0afab30a377854585cb1788922334c3bba976f8e2a1141c6ed73e,bb050aa041e8fc1c8391b908baeab529aaf2e9944d5f35b07af661349176adce,vintage_20260809,portwatch_chokepoints_vintage_20260809_snapshot,data/raw/portwatch/vintages/Daily_Chokepoints_Data__vintage_2026-08-09.csv,0bc806a4c384723debff08053d6fcbb915a03ee9fdf7b23c73d76d9bcb885bcb,sensitivity_only,bsts_local_level_weekly,daily_marginal_posterior_median,2026-05-09,1.0,43.69091135831485,4.363883297546862,86.76033056999852,42.69091135831485,2936.704157752092
portwatch_two_vintage_four_specification_matrix_v1,297908c214a0afab30a377854585cb1788922334c3bba976f8e2a1141c6ed73e,bb050aa041e8fc1c8391b908baeab529aaf2e9944d5f35b07af661349176adce,vintage_20260809,portwatch_chokepoints_vintage_20260809_snapshot,data/raw/portwatch/vintages/Daily_Chokepoints_Data__vintage_2026-08-09.csv,0bc806a4c384723debff08053d6fcbb915a03ee9fdf7b23c73d76d9bcb885bcb,sensitivity_only,bsts_local_level_weekly,daily_marginal_posterior_median,2026-05-10,2.0,44.01869910147072,1.1177869917852494,85.79516921062007,42.01869910147072,2978.722856853563
portwatch_two_vintage_four_specification_matrix_v1,297908c214a0afab30a377854585cb1788922334c3bba976f8e2a1141c6ed73e,bb050aa041e8fc1c8391b908baeab529aaf2e9944d5f35b07af661349176adce,vintage_20260809,portwatch_chokepoints_vintage_20260809_snapshot,data/raw/portwatch/vintages/Daily_Chokepoints_Data__vintage_2026-08-09.csv,0bc806a4c384723debff08053d6fcbb915a03ee9fdf7b23c73d76d9bcb885bcb,sensitivity_only,bsts_local_level_weekly,daily_marginal_posterior_median,2026-05-11,4.0,43.49853001002801,1.8536388055466695,83.16826183101097,39.49853001002801,3018.221386863591
portwatch_two_vintage_four_specification_matrix_v1,297908c214a0afab30a377854585cb1788922334c3bba976f8e2a1141c6ed73e,bb050aa041e8fc1c8391b908baeab529aaf2e9944d5f35b07af661349176adce,vintage_20260809,portwatch_chokepoints_vintage_20260809_snapshot,data/raw/portwatch/vintages/Daily_Chokepoints_Data__vintage_2026-08-09.csv,0bc806a4c384723debff08053d6fcbb915a03ee9fdf7b23c73d76d9bcb885bcb,sensitivity_only,bsts_local_level_weekly,daily_marginal_posterior_median,2026-05-12,1.0,42.92160496284035,2.7628953015339976,83.56327326216162,41.92160496284035,3060.142991826431
portwatch_two_vintage_four_specification_matrix_v1,297908c214a0afab30a377854585cb1788922334c3bba976f8e2a1141c6ed73e,bb050aa041e8fc1c8391b908baeab529aaf2e9944d5f35b07af661349176adce,vintage_20260809,portwatch_chokepoints_vintage_20260809_snapshot,data/raw/portwatch/vintages/Daily_Chokepoints_Data__vintage_2026-08-09.csv,0bc806a4c384723debff08053d6fcbb915a03ee9fdf7b23c73d76d9bcb885bcb,sensitivity_only,bsts_local_level_weekly,daily_marginal_posterior_median,2026-05-13,2.0,43.24917775242015,1.286557020830873,86.67797113206304,41.24917775242015,3101.3921695788513
portwatch_two_vintage_four_specification_matrix_v1,297908c214a0afab30a377854585cb1788922334c3bba976f8e2a1141c6ed73e,bb050aa041e8fc1c8391b908baeab529aaf2e9944d5f35b07af661349176adce,vintage_20260809,portwatch_chokepoints_vintage_20260809_snapshot,data/raw/portwatch/vintages/Daily_Chokepoints_Data__vintage_2026-08-09.csv,0bc806a4c384723debff08053d6fcbb915a03ee9fdf7b23c73d76d9bcb885bcb,sensitivity_only,bsts_local_level_weekly,daily_marginal_posterior_median,2026-05-14,3.0,42.97099148416554,1.8248386612281655,85.1550860875225,39.97099148416554,3141.363161063017
portwatch_two_vintage_four_specification_matrix_v1,297908c214a0afab30a377854585cb1788922334c3bba976f8e2a1141c6ed73e,bb050aa041e8fc1c8391b908baeab529aaf2e9944d5f35b07af661349176adce,vintage_20260809,portwatch_chokepoints_vintage_20260809_snapshot,data/raw/portwatch/vintages/Daily_Chokepoints_Data__vintage_2026-08-09.csv,0bc806a4c384723debff08053d6fcbb915a03ee9fdf7b23c73d76d9bcb885bcb,sensitivity_only,bsts_local_level_weekly,daily_marginal_posterior_median,2026-05-15,2.0,43.853105903526085,1.144060663676394,88.2559361831968,41.853105903526085,3183.216266966543
portwatch_two_vintage_four_specification_matrix_v1,297908c214a0afab30a377854585cb1788922334c3bba976f8e2a1141c6ed73e,bb050aa041e8fc1c8391b908baeab529aaf2e9944d5f35b07af661349176adce,vintage_20260809,portwatch_chokepoints_vintage_20260809_snapshot,data/raw/portwatch/vintages/Daily_Chokepoints_Data__vintage_2026-08-09.csv,0bc806a4c384723debff08053d6fcbb915a03ee9fdf7b23c73d76d9bcb885bcb,sensitivity_only,bsts_local_level_weekly,daily_marginal_posterior_median,2026-05-16,1.0,44.22520197558848,2.4736000871598987,85.55477618469014,43.22520197558848,3226.4414689421315
portwatch_two_vintage_four_specification_matrix_v1,297908c214a0afab30a377854585cb1788922334c3bba976f8e2a1141c6ed73e,bb050aa041e8fc1c8391b908baeab529aaf2e9944d5f35b07af661349176adce,vintage_20260809,portwatch_chokepoints_vintage_20260809_snapshot,data/raw/portwatch/vintages/Daily_Chokepoints_Data__vintage_2026-08-09.csv,0bc806a4c384723debff08053d6fcbb915a03ee9fdf7b23c73d76d9bcb885bcb,sensitivity_only,bsts_local_level_weekly,daily_marginal_posterior_median,2026-05-17,1.0,43.77552601028063,1.7021868510338998,85.71489173484599,42.77552601028063,3269.2169949524123
portwatch_two_vintage_four_specification_matrix_v1,297908c214a0afab30a377854585cb1788922334c3bba976f8e2a1141c6ed73e,bb050aa041e8fc1c8391b908baeab529aaf2e9944d5f35b07af661349176adce,vintage_20260809,portwatch_chokepoints_vintage_20260809_snapshot,data/raw/portwatch/vintages/Daily_Chokepoints_Data__vintage_2026-08-09.csv,0bc806a4c384723debff08053d6fcbb915a03ee9fdf7b23c73d76d9bcb885bcb,sensitivity_only,bsts_local_level_weekly,daily_marginal_posterior_median,2026-05-18,1.0,43.0678789300767,0.0,86.87026965941949,42.0678789300767,3311.284873882489
portwatch_two_vintage_four_specification_matrix_v1,297908c214a0afab30a377854585cb1788922334c3bba976f8e2a1141c6ed73e,bb050aa041e8fc1c8391b908baeab529aaf2e9944d5f35b07af661349176adce,vintage_20260809,portwatch_chokepoints_vintage_20260809_snapshot,data/raw/portwatch/vintages/Daily_Chokepoints_Data__vintage_2026-08-09.csv,0bc806a4c384723debff08053d6fcbb915a03ee9fdf7b23c73d76d9bcb885bcb,sensitivity_only,bsts_local_level_weekly,daily_marginal_posterior_median,2026-05-19,3.0,42.84897647128324,0.0,86.15709360227801,39.84897647128324,3351.1338503537722
portwatch_two_vintage_four_specification_matrix_v1,297908c214a0afab30a377854585cb1788922334c3bba976f8e2a1141c6ed73e,bb050aa041e8fc1c8391b908baeab529aaf2e9944d5f35b07af661349176adce,vintage_20260809,portwatch_chokepoints_vintage_20260809_snapshot,data/raw/portwatch/vintages/Daily_Chokepoints_Data__vintage_2026-08-09.csv,0bc806a4c384723debff08053d6fcbb915a03ee9fdf7b23c73d76d9bcb885bcb,sensitivity_only,bsts_local_level_weekly,daily_marginal_posterior_median,2026-05-20,3.0,42.447442715677866,0.0,86.15958657598492,39.447442715677866,3390.58129306945
portwatch_two_vintage_four_specification_matrix_v1,297908c214a0afab30a377854585cb1788922334c3bba976f8e2a1141c6ed73e,bb050aa041e8fc1c8391b908baeab529aaf2e9944d5f35b07af661349176adce,vintage_20260809,portwatch_chokepoints_vintage_20260809_snapshot,data/raw/portwatch/vintages/Daily_Chokepoints_Data__vintage_2026-08-09.csv,0bc806a4c384723debff08053d6fcbb915a03ee9fdf7b23c73d76d9bcb885bcb,sensitivity_only,bsts_local_level_weekly,daily_marginal_posterior_median,2026-05-21,2.0,42.992851047775545,0.0,85.9290240240791,40.992851047775545,3431.574144117226
portwatch_two_vintage_four_specification_matrix_v1,297908c214a0afab30a377854585cb1788922334c3bba976f8e2a1141c6ed73e,bb050aa041e8fc1c8391b908baeab529aaf2e9944d5f35b07af661349176adce,vintage_20260809,portwatch_chokepoints_vintage_20260809_snapshot,data/raw/portwatch/vintages/Daily_Chokepoints_Data__vintage_2026-08-09.csv,0bc806a4c384723debff08053d6fcbb915a03ee9fdf7b23c73d76d9bcb885bcb,sensitivity_only,bsts_local_level_weekly,daily_marginal_posterior_median,2026-05-22,0.0,44.17754065197684,1.4618030006337102,88.62911733845795,44.17754065197684,3475.7516847692027
portwatch_two_vintage_four_specification_matrix_v1,297908c214a0afab30a377854585cb1788922334c3bba976f8e2a1141c6ed73e,bb050aa041e8fc1c8391b908baeab529aaf2e9944d5f35b07af661349176adce,vintage_20260809,portwatch_chokepoints_vintage_20260809_snapshot,data/raw/portwatch/vintages/Daily_Chokepoints_Data__vintage_2026-08-09.csv,0bc806a4c384723debff08053d6fcbb915a03ee9fdf7b23c73d76d9bcb885bcb,sensitivity_only,bsts_local_level_weekly,daily_marginal_posterior_median,2026-05-23,1.0,44.267453568204076,0.07058285340312606,89.20003063587585,43.267453568204076,3519.0191383374067
portwatch_two_vintage_four_specification_matrix_v1,297908c214a0afab30a377854585cb1788922334c3bba976f8e2a1141c6ed73e,bb050aa041e8fc1c8391b908baeab529aaf2e9944d5f35b07af661349176adce,vintage_20260809,portwatch_chokepoints_vintage_20260809_snapshot,data/raw/portwatch/vintages/Daily_Chokepoints_Data__vintage_2026-08-09.csv,0bc806a4c384723debff08053d6fcbb915a03ee9fdf7b23c73d76d9bcb885bcb,sensitivity_only,bsts_local_level_weekly,daily_marginal_posterior_median,2026-05-24,2.0,42.744548353700836,0.34886780196916845,88.15162918261763,40.744548353700836,3559.7636866911075
portwatch_two_vintage_four_specification_matrix_v1,297908c214a0afab30a377854585cb1788922334c3bba976f8e2a1141c6ed73e,bb050aa041e8fc1c8391b908baeab529aaf2e9944d5f35b07af661349176adce,vintage_20260809,portwatch_chokepoints_vintage_20260809_snapshot,data/raw/portwatch/vintages/Daily_Chokepoints_Data__vintage_2026-08-09.csv,0bc806a4c384723debff08053d6fcbb915a03ee9fdf7b23c73d76d9bcb885bcb,sensitivity_only,bsts_local_level_weekly,daily_marginal_posterior_median,2026-05-25,0.0,42.90121702981703,0.0,87.31538612686623,42.90121702981703,3602.6649037209245
portwatch_two_vintage_four_specification_matrix_v1,297908c214a0afab30a377854585cb1788922334c3bba976f8e2a1141c6ed73e,bb050aa041e8fc1c8391b908baeab529aaf2e9944d5f35b07af661349176adce,vintage_20260809,portwatch_chokepoints_vintage_20260809_snapshot,data/raw/portwatch/vintages/Daily_Chokepoints_Data__vintage_2026-08-09.csv,0bc806a4c384723debff08053d6fcbb915a03ee9fdf7b23c73d76d9bcb885bcb,sensitivity_only,bsts_local_level_weekly,daily_marginal_posterior_median,2026-05-26,2.0,43.02534975874799,0.0,87.23524422415719,41.02534975874799,3643.6902534796723
portwatch_two_vintage_four_specification_matrix_v1,297908c214a0afab30a377854585cb1788922334c3bba976f8e2a1141c6ed73e,bb050aa041e8fc1c8391b908baeab529aaf2e9944d5f35b07af661349176adce,vintage_20260809,portwatch_chokepoints_vintage_20260809_snapshot,data/raw/portwatch/vintages/Daily_Chokepoints_Data__vintage_2026-08-09.csv,0bc806a4c384723debff08053d6fcbb915a03ee9fdf7b23c73d76d9bcb885bcb,sensitivity_only,bsts_local_level_weekly,daily_marginal_posterior_median,2026-05-27,1.0,42.28991714947939,0.0,87.06383108193668,41.28991714947939,3684.980170629152
portwatch_two_vintage_four_specification_matrix_v1,297908c214a0afab30a377854585cb1788922334c3bba976f8e2a1141c6ed73e,bb050aa041e8fc1c8391b908baeab529aaf2e9944d5f35b07af661349176adce,vintage_20260809,portwatch_chokepoints_vintage_20260809_snapshot,data/raw/portwatch/vintages/Daily_Chokepoints_Data__vintage_2026-08-09.csv,0bc806a4c384723debff08053d6fcbb915a03ee9fdf7b23c73d76d9bcb885bcb,sensitivity_only,bsts_local_level_weekly,daily_marginal_posterior_median,2026-05-28,0.0,41.804372938401386,0.0,84.87416871787721,41.804372938401386,3726.784543567553
portwatch_two_vintage_four_specification_matrix_v1,297908c214a0afab30a377854585cb1788922334c3bba976f8e2a1141c6ed73e,bb050aa041e8fc1c8391b908baeab529aaf2e9944d5f35b07af661349176adce,vintage_20260809,portwatch_chokepoints_vintage_20260809_snapshot,data/raw/portwatch/vintages/Daily_Chokepoints_Data__vintage_2026-08-09.csv,0bc806a4c384723debff08053d6fcbb915a03ee9fdf7b23c73d76d9bcb885bcb,sensitivity_only,bsts_local_level_weekly,daily_marginal_posterior_median,2026-05-29,0.0,43.24799649332323,0.0,87.64501246404987,43.24799649332323,3770.0325400608763
portwatch_two_vintage_four_specification_matrix_v1,297908c214a0afab30a377854585cb1788922334c3bba976f8e2a1141c6ed73e,bb050aa041e8fc1c8391b908baeab529aaf2e9944d5f35b07af661349176adce,vintage_20260809,portwatch_chokepoints_vintage_20260809_snapshot,data/raw/portwatch/vintages/Daily_Chokepoints_Data__vintage_2026-08-09.csv,0bc806a4c384723debff08053d6fcbb915a03ee9fdf7b23c73d76d9bcb885bcb,sensitivity_only,bsts_local_level_weekly,daily_marginal_posterior_median,2026-05-30,0.0,44.72311627006573,0.7874738651204254,89.14822206732039,44.72311627006573,3814.755656330942
portwatch_two_vintage_four_specification_matrix_v1,297908c214a0afab30a377854585cb1788922334c3bba976f8e2a1141c6ed73e,bb050aa041e8fc1c8391b908baeab529aaf2e9944d5f35b07af661349176adce,vintage_20260809,portwatch_chokepoints_vintage_20260809_snapshot,data/raw/portwatch/vintages/Daily_Chokepoints_Data__vintage_2026-08-09.csv,0bc806a4c384723debff08053d6fcbb915a03ee9fdf7b23c73d76d9bcb885bcb,sensitivity_only,bsts_local_level_weekly,daily_marginal_posterior_median,2026-05-31,0.0,44.905085130785665,0.0,88.31159347161181,44.905085130785665,3859.660741461728
portwatch_two_vintage_four_specification_matrix_v1,297908c214a0afab30a377854585cb1788922334c3bba976f8e2a1141c6ed73e,bb050aa041e8fc1c8391b908baeab529aaf2e9944d5f35b07af661349176adce,vintage_20260809,portwatch_chokepoints_vintage_20260809_snapshot,data/raw/portwatch/vintages/Daily_Chokepoints_Data__vintage_2026-08-09.csv,0bc806a4c384723debff08053d6fcbb915a03ee9fdf7b23c73d76d9bcb885bcb,sensitivity_only,bsts_local_level_weekly,daily_marginal_posterior_median,2026-06-01,1.0,43.08782976529743,0.0,87.20424644076185,42.08782976529743,3901.7485712270254
portwatch_two_vintage_four_specification_matrix_v1,297908c214a0afab30a377854585cb1788922334c3bba976f8e2a1141c6ed73e,bb050aa041e8fc1c8391b908baeab529aaf2e9944d5f35b07af661349176adce,vintage_20260809,portwatch_chokepoints_vintage_20260809_snapshot,data/raw/portwatch/vintages/Daily_Chokepoints_Data__vintage_2026-08-09.csv,0bc806a4c384723debff08053d6fcbb915a03ee9fdf7b23c73d76d9bcb885bcb,sensitivity_only,bsts_local_level_weekly,daily_marginal_posterior_median,2026-06-02,3.0,42.3506681966589,0.0,86.6160916534923,39.3506681966589,3941.099239423684
portwatch_two_vintage_four_specification_matrix_v1,297908c214a0afab30a377854585cb1788922334c3bba976f8e2a1141c6ed73e,bb050aa041e8fc1c8391b908baeab529aaf2e9944d5f35b07af661349176adce,vintage_20260809,portwatch_chokepoints_vintage_20260809_snapshot,data/raw/portwatch/vintages/Daily_Chokepoints_Data__vintage_2026-08-09.csv,0bc806a4c384723debff08053d6fcbb915a03ee9fdf7b23c73d76d9bcb885bcb,sensitivity_only,bsts_local_level_weekly,daily_marginal_posterior_median,2026-06-03,3.0,43.19973227498744,0.0,86.89575277650711,40.19973227498744,3981.2989716986717
portwatch_two_vintage_four_specification_matrix_v1,297908c214a0afab30a377854585cb1788922334c3bba976f8e2a1141c6ed73e,bb050aa041e8fc1c8391b908baeab529aaf2e9944d5f35b07af661349176adce,vintage_20260809,portwatch_chokepoints_vintage_20260809_snapshot,data/raw/portwatch/vintages/Daily_Chokepoints_Data__vintage_2026-08-09.csv,0bc806a4c384723debff08053d6fcbb915a03ee9fdf7b23c73d76d9bcb885bcb,sensitivity_only,bsts_local_level_weekly,daily_marginal_posterior_median,2026-06-04,1.0,42.64092620531879,0.0,85.9859530299421,41.64092620531879,4022.9398979039906
portwatch_two_vintage_four_specification_matrix_v1,297908c214a0afab30a377854585cb1788922334c3bba976f8e2a1141c6ed73e,bb050aa041e8fc1c8391b908baeab529aaf2e9944d5f35b07af661349176adce,vintage_20260809,portwatch_chokepoints_vintage_20260809_snapshot,data/raw/portwatch/vintages/Daily_Chokepoints_Data__vintage_2026-08-09.csv,0bc806a4c384723debff08053d6fcbb915a03ee9fdf7b23c73d76d9bcb885bcb,sensitivity_only,bsts_local_level_weekly,daily_marginal_posterior_median,2026-06-05,0.0,43.945399983291686,0.0,87.01124202328467,43.945399983291686,4066.8852978872824
portwatch_two_vintage_four_specification_matrix_v1,297908c214a0afab30a377854585cb1788922334c3bba976f8e2a1141c6ed73e,bb050aa041e8fc1c8391b908baeab529aaf2e9944d5f35b07af661349176adce,vintage_20260809,portwatch_chokepoints_vintage_20260809_snapshot,data/raw/portwatch/vintages/Daily_Chokepoints_Data__vintage_2026-08-09.csv,0bc806a4c384723debff08053d6fcbb915a03ee9fdf7b23c73d76d9bcb885bcb,sensitivity_only,bsts_local_level_weekly,daily_marginal_posterior_median,2026-06-06,0.0,43.872434947986164,0.0,89.38803289089589,43.872434947986164,4110.757732835268
portwatch_two_vintage_four_specification_matrix_v1,297908c214a0afab30a377854585cb1788922334c3bba976f8e2a1141c6ed73e,bb050aa041e8fc1c8391b908baeab529aaf2e9944d5f35b07af661349176adce,vintage_20260809,portwatch_chokepoints_vintage_20260809_snapshot,data/raw/portwatch/vintages/Daily_Chokepoints_Data__vintage_2026-08-09.csv,0bc806a4c384723debff08053d6fcbb915a03ee9fdf7b23c73d76d9bcb885bcb,sensitivity_only,bsts_local_level_weekly,daily_marginal_posterior_median,2026-06-07,0.0,43.13093351899217,0.0,90.07939368307807,43.13093351899217,4153.888666354261
portwatch_two_vintage_four_specification_matrix_v1,297908c214a0afab30a377854585cb1788922334c3bba976f8e2a1141c6ed73e,bb050aa041e8fc1c8391b908baeab529aaf2e9944d5f35b07af661349176adce,vintage_20260809,portwatch_chokepoints_vintage_20260809_snapshot,data/raw/portwatch/vintages/Daily_Chokepoints_Data__vintage_2026-08-09.csv,0bc806a4c384723debff08053d6fcbb915a03ee9fdf7b23c73d76d9bcb885bcb,sensitivity_only,bsts_local_level_weekly,daily_marginal_posterior_median,2026-06-08,1.0,43.13115768956591,0.0,89.44358223066413,42.13115768956591,4196.019824043827
portwatch_two_vintage_four_specification_matrix_v1,297908c214a0afab30a377854585cb1788922334c3bba976f8e2a1141c6ed73e,bb050aa041e8fc1c8391b908baeab529aaf2e9944d5f35b07af661349176adce,vintage_20260809,portwatch_chokepoints_vintage_20260809_snapshot,data/raw/portwatch/vintages/Daily_Chokepoints_Data__vintage_2026-08-09.csv,0bc806a4c384723debff08053d6fcbb915a03ee9fdf7b23c73d76d9bcb885bcb,sensitivity_only,bsts_local_level_weekly,daily_marginal_posterior_median,2026-06-09,2.0,43.53048534669922,0.0,92.0525640596348,41.53048534669922,4237.550309390526
portwatch_two_vintage_four_specification_matrix_v1,297908c214a0afab30a377854585cb1788922334c3bba976f8e2a1141c6ed73e,bb050aa041e8fc1c8391b908baeab529aaf2e9944d5f35b07af661349176adce,vintage_20260809,portwatch_chokepoints_vintage_20260809_snapshot,data/raw/portwatch/vintages/Daily_Chokepoints_Data__vintage_2026-08-09.csv,0bc806a4c384723debff08053d6fcbb915a03ee9fdf7b23c73d76d9bcb885bcb,sensitivity_only,bsts_local_level_weekly,daily_marginal_posterior_median,2026-06-10,0.0,42.995305621868525,0.0,87.85924829443645,42.995305621868525,4280.545615012395
portwatch_two_vintage_four_specification_matrix_v1,297908c214a0afab30a377854585cb1788922334c3bba976f8e2a1141c6ed73e,bb050aa041e8fc1c8391b908baeab529aaf2e9944d5f35b07af661349176adce,vintage_20260809,portwatch_chokepoints_vintage_20260809_snapshot,data/raw/portwatch/vintages/Daily_Chokepoints_Data__vintage_2026-08-09.csv,0bc806a4c384723debff08053d6fcbb915a03ee9fdf7b23c73d76d9bcb885bcb,sensitivity_only,bsts_local_level_weekly,daily_marginal_posterior_median,2026-06-11,2.0,43.508727393298315,0.0,88.13360216243659,41.508727393298315,4322.054342405693
portwatch_two_vintage_four_specification_matrix_v1,297908c214a0afab30a377854585cb1788922334c3bba976f8e2a1141c6ed73e,bb050aa041e8fc1c8391b908baeab529aaf2e9944d5f35b07af661349176adce,vintage_20260809,portwatch_chokepoints_vintage_20260809_snapshot,data/raw/portwatch/vintages/Daily_Chokepoints_Data__vintage_2026-08-09.csv,0bc806a4c384723debff08053d6fcbb915a03ee9fdf7b23c73d76d9bcb885bcb,sensitivity_only,bsts_local_level_weekly,daily_marginal_posterior_median,2026-06-12,1.0,43.321211613151306,0.0,88.14324227378125,42.321211613151306,4364.375554018845
portwatch_two_vintage_four_specification_matrix_v1,297908c214a0afab30a377854585cb1788922334c3bba976f8e2a1141c6ed73e,bb050aa041e8fc1c8391b908baeab529aaf2e9944d5f35b07af661349176adce,vintage_20260809,portwatch_chokepoints_vintage_20260809_snapshot,data/raw/portwatch/vintages/Daily_Chokepoints_Data__vintage_2026-08-09.csv,0bc806a4c384723debff08053d6fcbb915a03ee9fdf7b23c73d76d9bcb885bcb,sensitivity_only,bsts_local_level_weekly,daily_marginal_posterior_median,2026-06-13,0.0,43.27242009475563,0.0,88.57064940488543,43.27242009475563,4407.647974113601
portwatch_two_vintage_four_specification_matrix_v1,297908c214a0afab30a377854585cb1788922334c3bba976f8e2a1141c6ed73e,bb050aa041e8fc1c8391b908baeab529aaf2e9944d5f35b07af661349176adce,vintage_20260809,portwatch_chokepoints_vintage_20260809_snapshot,data/raw/portwatch/vintages/Daily_Chokepoints_Data__vintage_2026-08-09.csv,0bc806a4c384723debff08053d6fcbb915a03ee9fdf7b23c73d76d9bcb885bcb,sensitivity_only,bsts_local_level_weekly,daily_marginal_posterior_median,2026-06-14,0.0,44.30919167818631,0.0,91.62583672252163,44.30919167818631,4451.957165791787
portwatch_two_vintage_four_specification_matrix_v1,297908c214a0afab30a377854585cb1788922334c3bba976f8e2a1141c6ed73e,bb050aa041e8fc1c8391b908baeab529aaf2e9944d5f35b07af661349176adce,vintage_20260809,portwatch_chokepoints_vintage_20260809_snapshot,data/raw/portwatch/vintages/Daily_Chokepoints_Data__vintage_2026-08-09.csv,0bc806a4c384723debff08053d6fcbb915a03ee9fdf7b23c73d76d9bcb885bcb,sensitivity_only,bsts_local_level_weekly,daily_marginal_posterior_median,2026-06-15,1.0,43.724762273237516,0.0,90.76510691123399,42.724762273237516,4494.681928065024
portwatch_two_vintage_four_specification_matrix_v1,297908c214a0afab30a377854585cb1788922334c3bba976f8e2a1141c6ed73e,bb050aa041e8fc1c8391b908baeab529aaf2e9944d5f35b07af661349176adce,vintage_20260809,portwatch_chokepoints_vintage_20260809_snapshot,data/raw/portwatch/vintages/Daily_Chokepoints_Data__vintage_2026-08-09.csv,0bc806a4c384723debff08053d6fcbb915a03ee9fdf7b23c73d76d9bcb885bcb,sensitivity_only,bsts_local_level_weekly,daily_marginal_posterior_median,2026-06-16,2.0,42.36116713672946,0.0,88.37166332492404,40.36116713672946,4535.043095201754
portwatch_two_vintage_four_specification_matrix_v1,297908c214a0afab30a377854585cb1788922334c3bba976f8e2a1141c6ed73e,bb050aa041e8fc1c8391b908baeab529aaf2e9944d5f35b07af661349176adce,vintage_20260809,portwatch_chokepoints_vintage_20260809_snapshot,data/raw/portwatch/vintages/Daily_Chokepoints_Data__vintage_2026-08-09.csv,0bc806a4c384723debff08053d6fcbb915a03ee9fdf7b23c73d76d9bcb885bcb,sensitivity_only,bsts_local_level_weekly,daily_marginal_posterior_median,2026-06-17,0.0,42.86153620984891,0.0,89.80563578921604,42.86153620984891,4577.904631411603
portwatch_two_vintage_four_specification_matrix_v1,297908c214a0afab30a377854585cb1788922334c3bba976f8e2a1141c6ed73e,bb050aa041e8fc1c8391b908baeab529aaf2e9944d5f35b07af661349176adce,vintage_20260809,portwatch_chokepoints_vintage_20260809_snapshot,data/raw/portwatch/vintages/Daily_Chokepoints_Data__vintage_2026-08-09.csv,0bc806a4c384723debff08053d6fcbb915a03ee9fdf7b23c73d76d9bcb885bcb,sensitivity_only,bsts_local_level_weekly,daily_marginal_posterior_median,2026-06-18,10.0,43.34870470948323,0.0,88.64147479219828,33.34870470948323,4611.253336121086
portwatch_two_vintage_four_specification_matrix_v1,297908c214a0afab30a377854585cb1788922334c3bba976f8e2a1141c6ed73e,bb050aa041e8fc1c8391b908baeab529aaf2e9944d5f35b07af661349176adce,vintage_20260809,portwatch_chokepoints_vintage_20260809_snapshot,data/raw/portwatch/vintages/Daily_Chokepoints_Data__vintage_2026-08-09.csv,0bc806a4c384723debff08053d6fcbb915a03ee9fdf7b23c73d76d9bcb885bcb,sensitivity_only,bsts_local_level_weekly,daily_marginal_posterior_median,2026-06-19,3.0,43.981259647030576,0.0,88.38853697621589,40.981259647030576,4652.234595768116
portwatch_two_vintage_four_specification_matrix_v1,297908c214a0afab30a377854585cb1788922334c3bba976f8e2a1141c6ed73e,bb050aa041e8fc1c8391b908baeab529aaf2e9944d5f35b07af661349176adce,vintage_20260809,portwatch_chokepoints_vintage_20260809_snapshot,data/raw/portwatch/vintages/Daily_Chokepoints_Data__vintage_2026-08-09.csv,0bc806a4c384723debff08053d6fcbb915a03ee9fdf7b23c73d76d9bcb885bcb,sensitivity_only,bsts_local_level_weekly,daily_marginal_posterior_median,2026-06-20,12.0,44.444497917184435,0.0,90.9598084971609,32.444497917184435,4684.679093685301
portwatch_two_vintage_four_specification_matrix_v1,297908c214a0afab30a377854585cb1788922334c3bba976f8e2a1141c6ed73e,bb050aa041e8fc1c8391b908baeab529aaf2e9944d5f35b07af661349176adce,vintage_20260809,portwatch_chokepoints_vintage_20260809_snapshot,data/raw/portwatch/vintages/Daily_Chokepoints_Data__vintage_2026-08-09.csv,0bc806a4c384723debff08053d6fcbb915a03ee9fdf7b23c73d76d9bcb885bcb,sensitivity_only,bsts_local_level_weekly,daily_marginal_posterior_median,2026-06-21,1.0,43.39620171012059,0.0,90.73575203332648,42.39620171012059,4727.075295395422
portwatch_two_vintage_four_specification_matrix_v1,297908c214a0afab30a377854585cb1788922334c3bba976f8e2a1141c6ed73e,bb050aa041e8fc1c8391b908baeab529aaf2e9944d5f35b07af661349176adce,vintage_20260809,portwatch_chokepoints_vintage_20260809_snapshot,data/raw/portwatch/vintages/Daily_Chokepoints_Data__vintage_2026-08-09.csv,0bc806a4c384723debff08053d6fcbb915a03ee9fdf7b23c73d76d9bcb885bcb,sensitivity_only,bsts_local_level_weekly,daily_marginal_posterior_median,2026-06-22,8.0,43.80563079096741,0.0,90.849239143324,35.80563079096741,4762.880926186389
portwatch_two_vintage_four_specification_matrix_v1,297908c214a0afab30a377854585cb1788922334c3bba976f8e2a1141c6ed73e,bb050aa041e8fc1c8391b908baeab529aaf2e9944d5f35b07af661349176adce,vintage_20260809,portwatch_chokepoints_vintage_20260809_snapshot,data/raw/portwatch/vintages/Daily_Chokepoints_Data__vintage_2026-08-09.csv,0bc806a4c384723debff08053d6fcbb915a03ee9fdf7b23c73d76d9bcb885bcb,sensitivity_only,bsts_local_level_weekly,daily_marginal_posterior_median,2026-06-23,4.0,42.265162706250656,0.0,91.85724383377462,38.265162706250656,4801.146088892639
portwatch_two_vintage_four_specification_matrix_v1,297908c214a0afab30a377854585cb1788922334c3bba976f8e2a1141c6ed73e,bb050aa041e8fc1c8391b908baeab529aaf2e9944d5f35b07af661349176adce,vintage_20260809,portwatch_chokepoints_vintage_20260809_snapshot,data/raw/portwatch/vintages/Daily_Chokepoints_Data__vintage_2026-08-09.csv,0bc806a4c384723debff08053d6fcbb915a03ee9fdf7b23c73d76d9bcb885bcb,sensitivity_only,bsts_local_level_weekly,daily_marginal_posterior_median,2026-06-24,18.0,43.014125016349574,0.0,88.6210628032675,25.014125016349574,4826.160213908989
portwatch_two_vintage_four_specification_matrix_v1,297908c214a0afab30a377854585cb1788922334c3bba976f8e2a1141c6ed73e,bb050aa041e8fc1c8391b908baeab529aaf2e9944d5f35b07af661349176adce,vintage_20260809,portwatch_chokepoints_vintage_20260809_snapshot,data/raw/portwatch/vintages/Daily_Chokepoints_Data__vintage_2026-08-09.csv,0bc806a4c384723debff08053d6fcbb915a03ee9fdf7b23c73d76d9bcb885bcb,sensitivity_only,bsts_local_level_weekly,daily_marginal_posterior_median,2026-06-25,21.0,42.18408170752447,0.0,90.68830408958108,21.18408170752447,4847.344295616514
portwatch_two_vintage_four_specification_matrix_v1,297908c214a0afab30a377854585cb1788922334c3bba976f8e2a1141c6ed73e,bb050aa041e8fc1c8391b908baeab529aaf2e9944d5f35b07af661349176adce,vintage_20260809,portwatch_chokepoints_vintage_20260809_snapshot,data/raw/portwatch/vintages/Daily_Chokepoints_Data__vintage_2026-08-09.csv,0bc806a4c384723debff08053d6fcbb915a03ee9fdf7b23c73d76d9bcb885bcb,sensitivity_only,bsts_local_level_weekly,daily_marginal_posterior_median,2026-06-26,17.0,43.414099427717574,0.0,91.46814374655614,26.414099427717574,4873.758395044231
portwatch_two_vintage_four_specification_matrix_v1,297908c214a0afab30a377854585cb1788922334c3bba976f8e2a1141c6ed73e,bb050aa041e8fc1c8391b908baeab529aaf2e9944d5f35b07af661349176adce,vintage_20260809,portwatch_chokepoints_vintage_20260809_snapshot,data/raw/portwatch/vintages/Daily_Chokepoints_Data__vintage_2026-08-09.csv,0bc806a4c384723debff08053d6fcbb915a03ee9fdf7b23c73d76d9bcb885bcb,sensitivity_only,bsts_local_level_weekly,daily_marginal_posterior_median,2026-06-27,9.0,43.33554674462469,0.0,92.6390824417408,34.33554674462469,4908.093941788856
portwatch_two_vintage_four_specification_matrix_v1,297908c214a0afab30a377854585cb1788922334c3bba976f8e2a1141c6ed73e,bb050aa041e8fc1c8391b908baeab529aaf2e9944d5f35b07af661349176adce,vintage_20260809,portwatch_chokepoints_vintage_20260809_snapshot,data/raw/portwatch/vintages/Daily_Chokepoints_Data__vintage_2026-08-09.csv,0bc806a4c384723debff08053d6fcbb915a03ee9fdf7b23c73d76d9bcb885bcb,sensitivity_only,bsts_local_level_weekly,daily_marginal_posterior_median,2026-06-28,6.0,42.94389543367987,0.0,91.4502464738297,36.94389543367987,4945.037837222536
portwatch_two_vintage_four_specification_matrix_v1,297908c214a0afab30a377854585cb1788922334c3bba976f8e2a1141c6ed73e,bb050aa041e8fc1c8391b908baeab529aaf2e9944d5f35b07af661349176adce,vintage_20260809,portwatch_chokepoints_vintage_20260809_snapshot,data/raw/portwatch/vintages/Daily_Chokepoints_Data__vintage_2026-08-09.csv,0bc806a4c384723debff08053d6fcbb915a03ee9fdf7b23c73d76d9bcb885bcb,sensitivity_only,bsts_local_level_weekly,daily_marginal_posterior_median,2026-06-29,12.0,42.50132933696605,0.0,92.02488301708584,30.50132933696605,4975.539166559502
portwatch_two_vintage_four_specification_matrix_v1,297908c214a0afab30a377854585cb1788922334c3bba976f8e2a1141c6ed73e,bb050aa041e8fc1c8391b908baeab529aaf2e9944d5f35b07af661349176adce,vintage_20260809,portwatch_chokepoints_vintage_20260809_snapshot,data/raw/portwatch/vintages/Daily_Chokepoints_Data__vintage_2026-08-09.csv,0bc806a4c384723debff08053d6fcbb915a03ee9fdf7b23c73d76d9bcb885bcb,sensitivity_only,bsts_local_level_weekly,daily_marginal_posterior_median,2026-06-30,5.0,42.14731858839623,0.0,91.7077582254013,37.14731858839623,5012.686485147898
portwatch_two_vintage_four_specification_matrix_v1,297908c214a0afab30a377854585cb1788922334c3bba976f8e2a1141c6ed73e,bb050aa041e8fc1c8391b908baeab529aaf2e9944d5f35b07af661349176adce,vintage_20260809,portwatch_chokepoints_vintage_20260809_snapshot,data/raw/portwatch/vintages/Daily_Chokepoints_Data__vintage_2026-08-09.csv,0bc806a4c384723debff08053d6fcbb915a03ee9fdf7b23c73d76d9bcb885bcb,sensitivity_only,bsts_local_level_weekly,daily_marginal_posterior_median,2026-07-01,17.0,42.62245959810012,0.0,93.13406192021618,25.62245959810012,5038.308944745998
portwatch_two_vintage_four_specification_matrix_v1,297908c214a0afab30a377854585cb1788922334c3bba976f8e2a1141c6ed73e,bb050aa041e8fc1c8391b908baeab529aaf2e9944d5f35b07af661349176adce,vintage_20260809,portwatch_chokepoints_vintage_20260809_snapshot,data/raw/portwatch/vintages/Daily_Chokepoints_Data__vintage_2026-08-09.csv,0bc806a4c384723debff08053d6fcbb915a03ee9fdf7b23c73d76d9bcb885bcb,sensitivity_only,bsts_local_level_weekly,daily_marginal_posterior_median,2026-07-02,14.0,43.034035713167924,0.0,92.42633772054963,29.034035713167924,5067.342980459166
portwatch_two_vintage_four_specification_matrix_v1,297908c214a0afab30a377854585cb1788922334c3bba976f8e2a1141c6ed73e,bb050aa041e8fc1c8391b908baeab529aaf2e9944d5f35b07af661349176adce,vintage_20260809,portwatch_chokepoints_vintage_20260809_snapshot,data/raw/portwatch/vintages/Daily_Chokepoints_Data__vintage_2026-08-09.csv,0bc806a4c384723debff08053d6fcbb915a03ee9fdf7b23c73d76d9bcb885bcb,sensitivity_only,bsts_local_level_weekly,daily_marginal_posterior_median,2026-07-03,17.0,42.89087712988241,0.0,91.73177453695067,25.890877129882412,5093.233857589048
portwatch_two_vintage_four_specification_matrix_v1,297908c214a0afab30a377854585cb1788922334c3bba976f8e2a1141c6ed73e,bb050aa041e8fc1c8391b908baeab529aaf2e9944d5f35b07af661349176adce,vintage_20260809,portwatch_chokepoints_vintage_20260809_snapshot,data/raw/portwatch/vintages/Daily_Chokepoints_Data__vintage_2026-08-09.csv,0bc806a4c384723debff08053d6fcbb915a03ee9fdf7b23c73d76d9bcb885bcb,sensitivity_only,bsts_local_level_weekly,daily_marginal_posterior_median,2026-07-04,6.0,44.345072182482355,0.0,91.35136177324601,38.345072182482355,5131.57892977153
portwatch_two_vintage_four_specification_matrix_v1,297908c214a0afab30a377854585cb1788922334c3bba976f8e2a1141c6ed73e,bb050aa041e8fc1c8391b908baeab529aaf2e9944d5f35b07af661349176adce,vintage_20260809,portwatch_chokepoints_vintage_20260809_snapshot,data/raw/portwatch/vintages/Daily_Chokepoints_Data__vintage_2026-08-09.csv,0bc806a4c384723debff08053d6fcbb915a03ee9fdf7b23c73d76d9bcb885bcb,sensitivity_only,bsts_local_level_weekly,daily_marginal_posterior_median,2026-07-05,15.0,44.061523319605605,0.0,93.12882840257949,29.061523319605605,5160.640453091136
portwatch_two_vintage_four_specification_matrix_v1,297908c214a0afab30a377854585cb1788922334c3bba976f8e2a1141c6ed73e,bb050aa041e8fc1c8391b908baeab529aaf2e9944d5f35b07af661349176adce,vintage_20260809,portwatch_chokepoints_vintage_20260809_snapshot,data/raw/portwatch/vintages/Daily_Chokepoints_Data__vintage_2026-08-09.csv,0bc806a4c384723debff08053d6fcbb915a03ee9fdf7b23c73d76d9bcb885bcb,sensitivity_only,bsts_local_level_weekly,daily_marginal_posterior_median,2026-07-06,14.0,42.828822779871324,0.0,93.4984668388146,28.828822779871324,5189.469275871007
portwatch_two_vintage_four_specification_matrix_v1,297908c214a0afab30a377854585cb1788922334c3bba976f8e2a1141c6ed73e,bb050aa041e8fc1c8391b908baeab529aaf2e9944d5f35b07af661349176adce,vintage_20260809,portwatch_chokepoints_vintage_20260809_snapshot,data/raw/portwatch/vintages/Daily_Chokepoints_Data__vintage_2026-08-09.csv,0bc806a4c384723debff08053d6fcbb915a03ee9fdf7b23c73d76d9bcb885bcb,sensitivity_only,bsts_local_level_weekly,daily_marginal_posterior_median,2026-07-07,10.0,42.300154527951676,0.0,93.67619136352936,32.300154527951676,5221.769430398958
