design_id,design_sha256,admission_protocol_sha256,vintage,source_variable,source_path,source_sha256,vintage_reporting_role,model,point_definition,date,y_true,y_pred,lower_pointwise,upper_pointwise,common_point_shortfall,cumulative_common_point_shortfall
portwatch_two_vintage_four_specification_matrix_v1,297908c214a0afab30a377854585cb1788922334c3bba976f8e2a1141c6ed73e,bb050aa041e8fc1c8391b908baeab529aaf2e9944d5f35b07af661349176adce,pinned_primary,portwatch_chokepoints_snapshot,data/raw/portwatch/Daily_Chokepoints_Data.csv,66f3a54afb042103f3e0afc9670568cb7be245394ec04eba55ebd158593f579d,pinned_primary_reference,seasonal_naive_7d,deterministic_daily_point,2026-02-28,35.0,67.0,,,32.0,32.0
portwatch_two_vintage_four_specification_matrix_v1,297908c214a0afab30a377854585cb1788922334c3bba976f8e2a1141c6ed73e,bb050aa041e8fc1c8391b908baeab529aaf2e9944d5f35b07af661349176adce,pinned_primary,portwatch_chokepoints_snapshot,data/raw/portwatch/Daily_Chokepoints_Data.csv,66f3a54afb042103f3e0afc9670568cb7be245394ec04eba55ebd158593f579d,pinned_primary_reference,seasonal_naive_7d,deterministic_daily_point,2026-03-01,10.0,83.0,,,73.0,105.0
portwatch_two_vintage_four_specification_matrix_v1,297908c214a0afab30a377854585cb1788922334c3bba976f8e2a1141c6ed73e,bb050aa041e8fc1c8391b908baeab529aaf2e9944d5f35b07af661349176adce,pinned_primary,portwatch_chokepoints_snapshot,data/raw/portwatch/Daily_Chokepoints_Data.csv,66f3a54afb042103f3e0afc9670568cb7be245394ec04eba55ebd158593f579d,pinned_primary_reference,seasonal_naive_7d,deterministic_daily_point,2026-03-02,2.0,73.0,,,71.0,176.0
portwatch_two_vintage_four_specification_matrix_v1,297908c214a0afab30a377854585cb1788922334c3bba976f8e2a1141c6ed73e,bb050aa041e8fc1c8391b908baeab529aaf2e9944d5f35b07af661349176adce,pinned_primary,portwatch_chokepoints_snapshot,data/raw/portwatch/Daily_Chokepoints_Data.csv,66f3a54afb042103f3e0afc9670568cb7be245394ec04eba55ebd158593f579d,pinned_primary_reference,seasonal_naive_7d,deterministic_daily_point,2026-03-03,2.0,32.0,,,30.0,206.0
portwatch_two_vintage_four_specification_matrix_v1,297908c214a0afab30a377854585cb1788922334c3bba976f8e2a1141c6ed73e,bb050aa041e8fc1c8391b908baeab529aaf2e9944d5f35b07af661349176adce,pinned_primary,portwatch_chokepoints_snapshot,data/raw/portwatch/Daily_Chokepoints_Data.csv,66f3a54afb042103f3e0afc9670568cb7be245394ec04eba55ebd158593f579d,pinned_primary_reference,seasonal_naive_7d,deterministic_daily_point,2026-03-04,0.0,66.0,,,66.0,272.0
portwatch_two_vintage_four_specification_matrix_v1,297908c214a0afab30a377854585cb1788922334c3bba976f8e2a1141c6ed73e,bb050aa041e8fc1c8391b908baeab529aaf2e9944d5f35b07af661349176adce,pinned_primary,portwatch_chokepoints_snapshot,data/raw/portwatch/Daily_Chokepoints_Data.csv,66f3a54afb042103f3e0afc9670568cb7be245394ec04eba55ebd158593f579d,pinned_primary_reference,seasonal_naive_7d,deterministic_daily_point,2026-03-05,1.0,55.0,,,54.0,326.0
portwatch_two_vintage_four_specification_matrix_v1,297908c214a0afab30a377854585cb1788922334c3bba976f8e2a1141c6ed73e,bb050aa041e8fc1c8391b908baeab529aaf2e9944d5f35b07af661349176adce,pinned_primary,portwatch_chokepoints_snapshot,data/raw/portwatch/Daily_Chokepoints_Data.csv,66f3a54afb042103f3e0afc9670568cb7be245394ec04eba55ebd158593f579d,pinned_primary_reference,seasonal_naive_7d,deterministic_daily_point,2026-03-06,0.0,35.0,,,35.0,361.0
portwatch_two_vintage_four_specification_matrix_v1,297908c214a0afab30a377854585cb1788922334c3bba976f8e2a1141c6ed73e,bb050aa041e8fc1c8391b908baeab529aaf2e9944d5f35b07af661349176adce,pinned_primary,portwatch_chokepoints_snapshot,data/raw/portwatch/Daily_Chokepoints_Data.csv,66f3a54afb042103f3e0afc9670568cb7be245394ec04eba55ebd158593f579d,pinned_primary_reference,seasonal_naive_7d,deterministic_daily_point,2026-03-07,0.0,67.0,,,67.0,428.0
portwatch_two_vintage_four_specification_matrix_v1,297908c214a0afab30a377854585cb1788922334c3bba976f8e2a1141c6ed73e,bb050aa041e8fc1c8391b908baeab529aaf2e9944d5f35b07af661349176adce,pinned_primary,portwatch_chokepoints_snapshot,data/raw/portwatch/Daily_Chokepoints_Data.csv,66f3a54afb042103f3e0afc9670568cb7be245394ec04eba55ebd158593f579d,pinned_primary_reference,seasonal_naive_7d,deterministic_daily_point,2026-03-08,0.0,83.0,,,83.0,511.0
portwatch_two_vintage_four_specification_matrix_v1,297908c214a0afab30a377854585cb1788922334c3bba976f8e2a1141c6ed73e,bb050aa041e8fc1c8391b908baeab529aaf2e9944d5f35b07af661349176adce,pinned_primary,portwatch_chokepoints_snapshot,data/raw/portwatch/Daily_Chokepoints_Data.csv,66f3a54afb042103f3e0afc9670568cb7be245394ec04eba55ebd158593f579d,pinned_primary_reference,seasonal_naive_7d,deterministic_daily_point,2026-03-09,0.0,73.0,,,73.0,584.0
portwatch_two_vintage_four_specification_matrix_v1,297908c214a0afab30a377854585cb1788922334c3bba976f8e2a1141c6ed73e,bb050aa041e8fc1c8391b908baeab529aaf2e9944d5f35b07af661349176adce,pinned_primary,portwatch_chokepoints_snapshot,data/raw/portwatch/Daily_Chokepoints_Data.csv,66f3a54afb042103f3e0afc9670568cb7be245394ec04eba55ebd158593f579d,pinned_primary_reference,seasonal_naive_7d,deterministic_daily_point,2026-03-10,1.0,32.0,,,31.0,615.0
portwatch_two_vintage_four_specification_matrix_v1,297908c214a0afab30a377854585cb1788922334c3bba976f8e2a1141c6ed73e,bb050aa041e8fc1c8391b908baeab529aaf2e9944d5f35b07af661349176adce,pinned_primary,portwatch_chokepoints_snapshot,data/raw/portwatch/Daily_Chokepoints_Data.csv,66f3a54afb042103f3e0afc9670568cb7be245394ec04eba55ebd158593f579d,pinned_primary_reference,seasonal_naive_7d,deterministic_daily_point,2026-03-11,1.0,66.0,,,65.0,680.0
portwatch_two_vintage_four_specification_matrix_v1,297908c214a0afab30a377854585cb1788922334c3bba976f8e2a1141c6ed73e,bb050aa041e8fc1c8391b908baeab529aaf2e9944d5f35b07af661349176adce,pinned_primary,portwatch_chokepoints_snapshot,data/raw/portwatch/Daily_Chokepoints_Data.csv,66f3a54afb042103f3e0afc9670568cb7be245394ec04eba55ebd158593f579d,pinned_primary_reference,seasonal_naive_7d,deterministic_daily_point,2026-03-12,0.0,55.0,,,55.0,735.0
portwatch_two_vintage_four_specification_matrix_v1,297908c214a0afab30a377854585cb1788922334c3bba976f8e2a1141c6ed73e,bb050aa041e8fc1c8391b908baeab529aaf2e9944d5f35b07af661349176adce,pinned_primary,portwatch_chokepoints_snapshot,data/raw/portwatch/Daily_Chokepoints_Data.csv,66f3a54afb042103f3e0afc9670568cb7be245394ec04eba55ebd158593f579d,pinned_primary_reference,seasonal_naive_7d,deterministic_daily_point,2026-03-13,0.0,35.0,,,35.0,770.0
portwatch_two_vintage_four_specification_matrix_v1,297908c214a0afab30a377854585cb1788922334c3bba976f8e2a1141c6ed73e,bb050aa041e8fc1c8391b908baeab529aaf2e9944d5f35b07af661349176adce,pinned_primary,portwatch_chokepoints_snapshot,data/raw/portwatch/Daily_Chokepoints_Data.csv,66f3a54afb042103f3e0afc9670568cb7be245394ec04eba55ebd158593f579d,pinned_primary_reference,seasonal_naive_7d,deterministic_daily_point,2026-03-14,0.0,67.0,,,67.0,837.0
portwatch_two_vintage_four_specification_matrix_v1,297908c214a0afab30a377854585cb1788922334c3bba976f8e2a1141c6ed73e,bb050aa041e8fc1c8391b908baeab529aaf2e9944d5f35b07af661349176adce,pinned_primary,portwatch_chokepoints_snapshot,data/raw/portwatch/Daily_Chokepoints_Data.csv,66f3a54afb042103f3e0afc9670568cb7be245394ec04eba55ebd158593f579d,pinned_primary_reference,seasonal_naive_7d,deterministic_daily_point,2026-03-15,2.0,83.0,,,81.0,918.0
portwatch_two_vintage_four_specification_matrix_v1,297908c214a0afab30a377854585cb1788922334c3bba976f8e2a1141c6ed73e,bb050aa041e8fc1c8391b908baeab529aaf2e9944d5f35b07af661349176adce,pinned_primary,portwatch_chokepoints_snapshot,data/raw/portwatch/Daily_Chokepoints_Data.csv,66f3a54afb042103f3e0afc9670568cb7be245394ec04eba55ebd158593f579d,pinned_primary_reference,seasonal_naive_7d,deterministic_daily_point,2026-03-16,0.0,73.0,,,73.0,991.0
portwatch_two_vintage_four_specification_matrix_v1,297908c214a0afab30a377854585cb1788922334c3bba976f8e2a1141c6ed73e,bb050aa041e8fc1c8391b908baeab529aaf2e9944d5f35b07af661349176adce,pinned_primary,portwatch_chokepoints_snapshot,data/raw/portwatch/Daily_Chokepoints_Data.csv,66f3a54afb042103f3e0afc9670568cb7be245394ec04eba55ebd158593f579d,pinned_primary_reference,seasonal_naive_7d,deterministic_daily_point,2026-03-17,1.0,32.0,,,31.0,1022.0
portwatch_two_vintage_four_specification_matrix_v1,297908c214a0afab30a377854585cb1788922334c3bba976f8e2a1141c6ed73e,bb050aa041e8fc1c8391b908baeab529aaf2e9944d5f35b07af661349176adce,pinned_primary,portwatch_chokepoints_snapshot,data/raw/portwatch/Daily_Chokepoints_Data.csv,66f3a54afb042103f3e0afc9670568cb7be245394ec04eba55ebd158593f579d,pinned_primary_reference,seasonal_naive_7d,deterministic_daily_point,2026-03-18,0.0,66.0,,,66.0,1088.0
portwatch_two_vintage_four_specification_matrix_v1,297908c214a0afab30a377854585cb1788922334c3bba976f8e2a1141c6ed73e,bb050aa041e8fc1c8391b908baeab529aaf2e9944d5f35b07af661349176adce,pinned_primary,portwatch_chokepoints_snapshot,data/raw/portwatch/Daily_Chokepoints_Data.csv,66f3a54afb042103f3e0afc9670568cb7be245394ec04eba55ebd158593f579d,pinned_primary_reference,seasonal_naive_7d,deterministic_daily_point,2026-03-19,0.0,55.0,,,55.0,1143.0
portwatch_two_vintage_four_specification_matrix_v1,297908c214a0afab30a377854585cb1788922334c3bba976f8e2a1141c6ed73e,bb050aa041e8fc1c8391b908baeab529aaf2e9944d5f35b07af661349176adce,pinned_primary,portwatch_chokepoints_snapshot,data/raw/portwatch/Daily_Chokepoints_Data.csv,66f3a54afb042103f3e0afc9670568cb7be245394ec04eba55ebd158593f579d,pinned_primary_reference,seasonal_naive_7d,deterministic_daily_point,2026-03-20,2.0,35.0,,,33.0,1176.0
portwatch_two_vintage_four_specification_matrix_v1,297908c214a0afab30a377854585cb1788922334c3bba976f8e2a1141c6ed73e,bb050aa041e8fc1c8391b908baeab529aaf2e9944d5f35b07af661349176adce,pinned_primary,portwatch_chokepoints_snapshot,data/raw/portwatch/Daily_Chokepoints_Data.csv,66f3a54afb042103f3e0afc9670568cb7be245394ec04eba55ebd158593f579d,pinned_primary_reference,seasonal_naive_7d,deterministic_daily_point,2026-03-21,0.0,67.0,,,67.0,1243.0
portwatch_two_vintage_four_specification_matrix_v1,297908c214a0afab30a377854585cb1788922334c3bba976f8e2a1141c6ed73e,bb050aa041e8fc1c8391b908baeab529aaf2e9944d5f35b07af661349176adce,pinned_primary,portwatch_chokepoints_snapshot,data/raw/portwatch/Daily_Chokepoints_Data.csv,66f3a54afb042103f3e0afc9670568cb7be245394ec04eba55ebd158593f579d,pinned_primary_reference,seasonal_naive_7d,deterministic_daily_point,2026-03-22,0.0,83.0,,,83.0,1326.0
portwatch_two_vintage_four_specification_matrix_v1,297908c214a0afab30a377854585cb1788922334c3bba976f8e2a1141c6ed73e,bb050aa041e8fc1c8391b908baeab529aaf2e9944d5f35b07af661349176adce,pinned_primary,portwatch_chokepoints_snapshot,data/raw/portwatch/Daily_Chokepoints_Data.csv,66f3a54afb042103f3e0afc9670568cb7be245394ec04eba55ebd158593f579d,pinned_primary_reference,seasonal_naive_7d,deterministic_daily_point,2026-03-23,2.0,73.0,,,71.0,1397.0
portwatch_two_vintage_four_specification_matrix_v1,297908c214a0afab30a377854585cb1788922334c3bba976f8e2a1141c6ed73e,bb050aa041e8fc1c8391b908baeab529aaf2e9944d5f35b07af661349176adce,pinned_primary,portwatch_chokepoints_snapshot,data/raw/portwatch/Daily_Chokepoints_Data.csv,66f3a54afb042103f3e0afc9670568cb7be245394ec04eba55ebd158593f579d,pinned_primary_reference,seasonal_naive_7d,deterministic_daily_point,2026-03-24,1.0,32.0,,,31.0,1428.0
portwatch_two_vintage_four_specification_matrix_v1,297908c214a0afab30a377854585cb1788922334c3bba976f8e2a1141c6ed73e,bb050aa041e8fc1c8391b908baeab529aaf2e9944d5f35b07af661349176adce,pinned_primary,portwatch_chokepoints_snapshot,data/raw/portwatch/Daily_Chokepoints_Data.csv,66f3a54afb042103f3e0afc9670568cb7be245394ec04eba55ebd158593f579d,pinned_primary_reference,seasonal_naive_7d,deterministic_daily_point,2026-03-25,1.0,66.0,,,65.0,1493.0
portwatch_two_vintage_four_specification_matrix_v1,297908c214a0afab30a377854585cb1788922334c3bba976f8e2a1141c6ed73e,bb050aa041e8fc1c8391b908baeab529aaf2e9944d5f35b07af661349176adce,pinned_primary,portwatch_chokepoints_snapshot,data/raw/portwatch/Daily_Chokepoints_Data.csv,66f3a54afb042103f3e0afc9670568cb7be245394ec04eba55ebd158593f579d,pinned_primary_reference,seasonal_naive_7d,deterministic_daily_point,2026-03-26,0.0,55.0,,,55.0,1548.0
portwatch_two_vintage_four_specification_matrix_v1,297908c214a0afab30a377854585cb1788922334c3bba976f8e2a1141c6ed73e,bb050aa041e8fc1c8391b908baeab529aaf2e9944d5f35b07af661349176adce,pinned_primary,portwatch_chokepoints_snapshot,data/raw/portwatch/Daily_Chokepoints_Data.csv,66f3a54afb042103f3e0afc9670568cb7be245394ec04eba55ebd158593f579d,pinned_primary_reference,seasonal_naive_7d,deterministic_daily_point,2026-03-27,0.0,35.0,,,35.0,1583.0
portwatch_two_vintage_four_specification_matrix_v1,297908c214a0afab30a377854585cb1788922334c3bba976f8e2a1141c6ed73e,bb050aa041e8fc1c8391b908baeab529aaf2e9944d5f35b07af661349176adce,pinned_primary,portwatch_chokepoints_snapshot,data/raw/portwatch/Daily_Chokepoints_Data.csv,66f3a54afb042103f3e0afc9670568cb7be245394ec04eba55ebd158593f579d,pinned_primary_reference,seasonal_naive_7d,deterministic_daily_point,2026-03-28,1.0,67.0,,,66.0,1649.0
portwatch_two_vintage_four_specification_matrix_v1,297908c214a0afab30a377854585cb1788922334c3bba976f8e2a1141c6ed73e,bb050aa041e8fc1c8391b908baeab529aaf2e9944d5f35b07af661349176adce,pinned_primary,portwatch_chokepoints_snapshot,data/raw/portwatch/Daily_Chokepoints_Data.csv,66f3a54afb042103f3e0afc9670568cb7be245394ec04eba55ebd158593f579d,pinned_primary_reference,seasonal_naive_7d,deterministic_daily_point,2026-03-29,2.0,83.0,,,81.0,1730.0
portwatch_two_vintage_four_specification_matrix_v1,297908c214a0afab30a377854585cb1788922334c3bba976f8e2a1141c6ed73e,bb050aa041e8fc1c8391b908baeab529aaf2e9944d5f35b07af661349176adce,pinned_primary,portwatch_chokepoints_snapshot,data/raw/portwatch/Daily_Chokepoints_Data.csv,66f3a54afb042103f3e0afc9670568cb7be245394ec04eba55ebd158593f579d,pinned_primary_reference,seasonal_naive_7d,deterministic_daily_point,2026-03-30,5.0,73.0,,,68.0,1798.0
portwatch_two_vintage_four_specification_matrix_v1,297908c214a0afab30a377854585cb1788922334c3bba976f8e2a1141c6ed73e,bb050aa041e8fc1c8391b908baeab529aaf2e9944d5f35b07af661349176adce,pinned_primary,portwatch_chokepoints_snapshot,data/raw/portwatch/Daily_Chokepoints_Data.csv,66f3a54afb042103f3e0afc9670568cb7be245394ec04eba55ebd158593f579d,pinned_primary_reference,seasonal_naive_7d,deterministic_daily_point,2026-03-31,5.0,32.0,,,27.0,1825.0
portwatch_two_vintage_four_specification_matrix_v1,297908c214a0afab30a377854585cb1788922334c3bba976f8e2a1141c6ed73e,bb050aa041e8fc1c8391b908baeab529aaf2e9944d5f35b07af661349176adce,pinned_primary,portwatch_chokepoints_snapshot,data/raw/portwatch/Daily_Chokepoints_Data.csv,66f3a54afb042103f3e0afc9670568cb7be245394ec04eba55ebd158593f579d,pinned_primary_reference,seasonal_naive_7d,deterministic_daily_point,2026-04-01,3.0,66.0,,,63.0,1888.0
portwatch_two_vintage_four_specification_matrix_v1,297908c214a0afab30a377854585cb1788922334c3bba976f8e2a1141c6ed73e,bb050aa041e8fc1c8391b908baeab529aaf2e9944d5f35b07af661349176adce,pinned_primary,portwatch_chokepoints_snapshot,data/raw/portwatch/Daily_Chokepoints_Data.csv,66f3a54afb042103f3e0afc9670568cb7be245394ec04eba55ebd158593f579d,pinned_primary_reference,seasonal_naive_7d,deterministic_daily_point,2026-04-02,1.0,55.0,,,54.0,1942.0
portwatch_two_vintage_four_specification_matrix_v1,297908c214a0afab30a377854585cb1788922334c3bba976f8e2a1141c6ed73e,bb050aa041e8fc1c8391b908baeab529aaf2e9944d5f35b07af661349176adce,pinned_primary,portwatch_chokepoints_snapshot,data/raw/portwatch/Daily_Chokepoints_Data.csv,66f3a54afb042103f3e0afc9670568cb7be245394ec04eba55ebd158593f579d,pinned_primary_reference,seasonal_naive_7d,deterministic_daily_point,2026-04-03,5.0,35.0,,,30.0,1972.0
portwatch_two_vintage_four_specification_matrix_v1,297908c214a0afab30a377854585cb1788922334c3bba976f8e2a1141c6ed73e,bb050aa041e8fc1c8391b908baeab529aaf2e9944d5f35b07af661349176adce,pinned_primary,portwatch_chokepoints_snapshot,data/raw/portwatch/Daily_Chokepoints_Data.csv,66f3a54afb042103f3e0afc9670568cb7be245394ec04eba55ebd158593f579d,pinned_primary_reference,seasonal_naive_7d,deterministic_daily_point,2026-04-04,4.0,67.0,,,63.0,2035.0
portwatch_two_vintage_four_specification_matrix_v1,297908c214a0afab30a377854585cb1788922334c3bba976f8e2a1141c6ed73e,bb050aa041e8fc1c8391b908baeab529aaf2e9944d5f35b07af661349176adce,pinned_primary,portwatch_chokepoints_snapshot,data/raw/portwatch/Daily_Chokepoints_Data.csv,66f3a54afb042103f3e0afc9670568cb7be245394ec04eba55ebd158593f579d,pinned_primary_reference,seasonal_naive_7d,deterministic_daily_point,2026-04-05,5.0,83.0,,,78.0,2113.0
portwatch_two_vintage_four_specification_matrix_v1,297908c214a0afab30a377854585cb1788922334c3bba976f8e2a1141c6ed73e,bb050aa041e8fc1c8391b908baeab529aaf2e9944d5f35b07af661349176adce,pinned_primary,portwatch_chokepoints_snapshot,data/raw/portwatch/Daily_Chokepoints_Data.csv,66f3a54afb042103f3e0afc9670568cb7be245394ec04eba55ebd158593f579d,pinned_primary_reference,seasonal_naive_7d,deterministic_daily_point,2026-04-06,1.0,73.0,,,72.0,2185.0
portwatch_two_vintage_four_specification_matrix_v1,297908c214a0afab30a377854585cb1788922334c3bba976f8e2a1141c6ed73e,bb050aa041e8fc1c8391b908baeab529aaf2e9944d5f35b07af661349176adce,pinned_primary,portwatch_chokepoints_snapshot,data/raw/portwatch/Daily_Chokepoints_Data.csv,66f3a54afb042103f3e0afc9670568cb7be245394ec04eba55ebd158593f579d,pinned_primary_reference,seasonal_naive_7d,deterministic_daily_point,2026-04-07,3.0,32.0,,,29.0,2214.0
portwatch_two_vintage_four_specification_matrix_v1,297908c214a0afab30a377854585cb1788922334c3bba976f8e2a1141c6ed73e,bb050aa041e8fc1c8391b908baeab529aaf2e9944d5f35b07af661349176adce,pinned_primary,portwatch_chokepoints_snapshot,data/raw/portwatch/Daily_Chokepoints_Data.csv,66f3a54afb042103f3e0afc9670568cb7be245394ec04eba55ebd158593f579d,pinned_primary_reference,seasonal_naive_7d,deterministic_daily_point,2026-04-08,1.0,66.0,,,65.0,2279.0
portwatch_two_vintage_four_specification_matrix_v1,297908c214a0afab30a377854585cb1788922334c3bba976f8e2a1141c6ed73e,bb050aa041e8fc1c8391b908baeab529aaf2e9944d5f35b07af661349176adce,pinned_primary,portwatch_chokepoints_snapshot,data/raw/portwatch/Daily_Chokepoints_Data.csv,66f3a54afb042103f3e0afc9670568cb7be245394ec04eba55ebd158593f579d,pinned_primary_reference,seasonal_naive_7d,deterministic_daily_point,2026-04-09,5.0,55.0,,,50.0,2329.0
portwatch_two_vintage_four_specification_matrix_v1,297908c214a0afab30a377854585cb1788922334c3bba976f8e2a1141c6ed73e,bb050aa041e8fc1c8391b908baeab529aaf2e9944d5f35b07af661349176adce,pinned_primary,portwatch_chokepoints_snapshot,data/raw/portwatch/Daily_Chokepoints_Data.csv,66f3a54afb042103f3e0afc9670568cb7be245394ec04eba55ebd158593f579d,pinned_primary_reference,seasonal_naive_7d,deterministic_daily_point,2026-04-10,1.0,35.0,,,34.0,2363.0
portwatch_two_vintage_four_specification_matrix_v1,297908c214a0afab30a377854585cb1788922334c3bba976f8e2a1141c6ed73e,bb050aa041e8fc1c8391b908baeab529aaf2e9944d5f35b07af661349176adce,pinned_primary,portwatch_chokepoints_snapshot,data/raw/portwatch/Daily_Chokepoints_Data.csv,66f3a54afb042103f3e0afc9670568cb7be245394ec04eba55ebd158593f579d,pinned_primary_reference,seasonal_naive_7d,deterministic_daily_point,2026-04-11,4.0,67.0,,,63.0,2426.0
portwatch_two_vintage_four_specification_matrix_v1,297908c214a0afab30a377854585cb1788922334c3bba976f8e2a1141c6ed73e,bb050aa041e8fc1c8391b908baeab529aaf2e9944d5f35b07af661349176adce,pinned_primary,portwatch_chokepoints_snapshot,data/raw/portwatch/Daily_Chokepoints_Data.csv,66f3a54afb042103f3e0afc9670568cb7be245394ec04eba55ebd158593f579d,pinned_primary_reference,seasonal_naive_7d,deterministic_daily_point,2026-04-12,4.0,83.0,,,79.0,2505.0
portwatch_two_vintage_four_specification_matrix_v1,297908c214a0afab30a377854585cb1788922334c3bba976f8e2a1141c6ed73e,bb050aa041e8fc1c8391b908baeab529aaf2e9944d5f35b07af661349176adce,pinned_primary,portwatch_chokepoints_snapshot,data/raw/portwatch/Daily_Chokepoints_Data.csv,66f3a54afb042103f3e0afc9670568cb7be245394ec04eba55ebd158593f579d,pinned_primary_reference,seasonal_naive_7d,deterministic_daily_point,2026-04-13,4.0,73.0,,,69.0,2574.0
portwatch_two_vintage_four_specification_matrix_v1,297908c214a0afab30a377854585cb1788922334c3bba976f8e2a1141c6ed73e,bb050aa041e8fc1c8391b908baeab529aaf2e9944d5f35b07af661349176adce,pinned_primary,portwatch_chokepoints_snapshot,data/raw/portwatch/Daily_Chokepoints_Data.csv,66f3a54afb042103f3e0afc9670568cb7be245394ec04eba55ebd158593f579d,pinned_primary_reference,seasonal_naive_7d,deterministic_daily_point,2026-04-14,5.0,32.0,,,27.0,2601.0
portwatch_two_vintage_four_specification_matrix_v1,297908c214a0afab30a377854585cb1788922334c3bba976f8e2a1141c6ed73e,bb050aa041e8fc1c8391b908baeab529aaf2e9944d5f35b07af661349176adce,pinned_primary,portwatch_chokepoints_snapshot,data/raw/portwatch/Daily_Chokepoints_Data.csv,66f3a54afb042103f3e0afc9670568cb7be245394ec04eba55ebd158593f579d,pinned_primary_reference,seasonal_naive_7d,deterministic_daily_point,2026-04-15,7.0,66.0,,,59.0,2660.0
portwatch_two_vintage_four_specification_matrix_v1,297908c214a0afab30a377854585cb1788922334c3bba976f8e2a1141c6ed73e,bb050aa041e8fc1c8391b908baeab529aaf2e9944d5f35b07af661349176adce,pinned_primary,portwatch_chokepoints_snapshot,data/raw/portwatch/Daily_Chokepoints_Data.csv,66f3a54afb042103f3e0afc9670568cb7be245394ec04eba55ebd158593f579d,pinned_primary_reference,seasonal_naive_7d,deterministic_daily_point,2026-04-16,5.0,55.0,,,50.0,2710.0
portwatch_two_vintage_four_specification_matrix_v1,297908c214a0afab30a377854585cb1788922334c3bba976f8e2a1141c6ed73e,bb050aa041e8fc1c8391b908baeab529aaf2e9944d5f35b07af661349176adce,pinned_primary,portwatch_chokepoints_snapshot,data/raw/portwatch/Daily_Chokepoints_Data.csv,66f3a54afb042103f3e0afc9670568cb7be245394ec04eba55ebd158593f579d,pinned_primary_reference,seasonal_naive_7d,deterministic_daily_point,2026-04-17,10.0,35.0,,,25.0,2735.0
portwatch_two_vintage_four_specification_matrix_v1,297908c214a0afab30a377854585cb1788922334c3bba976f8e2a1141c6ed73e,bb050aa041e8fc1c8391b908baeab529aaf2e9944d5f35b07af661349176adce,pinned_primary,portwatch_chokepoints_snapshot,data/raw/portwatch/Daily_Chokepoints_Data.csv,66f3a54afb042103f3e0afc9670568cb7be245394ec04eba55ebd158593f579d,pinned_primary_reference,seasonal_naive_7d,deterministic_daily_point,2026-04-18,14.0,67.0,,,53.0,2788.0
portwatch_two_vintage_four_specification_matrix_v1,297908c214a0afab30a377854585cb1788922334c3bba976f8e2a1141c6ed73e,bb050aa041e8fc1c8391b908baeab529aaf2e9944d5f35b07af661349176adce,pinned_primary,portwatch_chokepoints_snapshot,data/raw/portwatch/Daily_Chokepoints_Data.csv,66f3a54afb042103f3e0afc9670568cb7be245394ec04eba55ebd158593f579d,pinned_primary_reference,seasonal_naive_7d,deterministic_daily_point,2026-04-19,5.0,83.0,,,78.0,2866.0
portwatch_two_vintage_four_specification_matrix_v1,297908c214a0afab30a377854585cb1788922334c3bba976f8e2a1141c6ed73e,bb050aa041e8fc1c8391b908baeab529aaf2e9944d5f35b07af661349176adce,pinned_primary,portwatch_chokepoints_snapshot,data/raw/portwatch/Daily_Chokepoints_Data.csv,66f3a54afb042103f3e0afc9670568cb7be245394ec04eba55ebd158593f579d,pinned_primary_reference,seasonal_naive_7d,deterministic_daily_point,2026-04-20,5.0,73.0,,,68.0,2934.0
portwatch_two_vintage_four_specification_matrix_v1,297908c214a0afab30a377854585cb1788922334c3bba976f8e2a1141c6ed73e,bb050aa041e8fc1c8391b908baeab529aaf2e9944d5f35b07af661349176adce,pinned_primary,portwatch_chokepoints_snapshot,data/raw/portwatch/Daily_Chokepoints_Data.csv,66f3a54afb042103f3e0afc9670568cb7be245394ec04eba55ebd158593f579d,pinned_primary_reference,seasonal_naive_7d,deterministic_daily_point,2026-04-21,3.0,32.0,,,29.0,2963.0
portwatch_two_vintage_four_specification_matrix_v1,297908c214a0afab30a377854585cb1788922334c3bba976f8e2a1141c6ed73e,bb050aa041e8fc1c8391b908baeab529aaf2e9944d5f35b07af661349176adce,pinned_primary,portwatch_chokepoints_snapshot,data/raw/portwatch/Daily_Chokepoints_Data.csv,66f3a54afb042103f3e0afc9670568cb7be245394ec04eba55ebd158593f579d,pinned_primary_reference,seasonal_naive_7d,deterministic_daily_point,2026-04-22,4.0,66.0,,,62.0,3025.0
portwatch_two_vintage_four_specification_matrix_v1,297908c214a0afab30a377854585cb1788922334c3bba976f8e2a1141c6ed73e,bb050aa041e8fc1c8391b908baeab529aaf2e9944d5f35b07af661349176adce,pinned_primary,portwatch_chokepoints_snapshot,data/raw/portwatch/Daily_Chokepoints_Data.csv,66f3a54afb042103f3e0afc9670568cb7be245394ec04eba55ebd158593f579d,pinned_primary_reference,seasonal_naive_7d,deterministic_daily_point,2026-04-23,2.0,55.0,,,53.0,3078.0
portwatch_two_vintage_four_specification_matrix_v1,297908c214a0afab30a377854585cb1788922334c3bba976f8e2a1141c6ed73e,bb050aa041e8fc1c8391b908baeab529aaf2e9944d5f35b07af661349176adce,pinned_primary,portwatch_chokepoints_snapshot,data/raw/portwatch/Daily_Chokepoints_Data.csv,66f3a54afb042103f3e0afc9670568cb7be245394ec04eba55ebd158593f579d,pinned_primary_reference,seasonal_naive_7d,deterministic_daily_point,2026-04-24,3.0,35.0,,,32.0,3110.0
portwatch_two_vintage_four_specification_matrix_v1,297908c214a0afab30a377854585cb1788922334c3bba976f8e2a1141c6ed73e,bb050aa041e8fc1c8391b908baeab529aaf2e9944d5f35b07af661349176adce,pinned_primary,portwatch_chokepoints_snapshot,data/raw/portwatch/Daily_Chokepoints_Data.csv,66f3a54afb042103f3e0afc9670568cb7be245394ec04eba55ebd158593f579d,pinned_primary_reference,seasonal_naive_7d,deterministic_daily_point,2026-04-25,2.0,67.0,,,65.0,3175.0
portwatch_two_vintage_four_specification_matrix_v1,297908c214a0afab30a377854585cb1788922334c3bba976f8e2a1141c6ed73e,bb050aa041e8fc1c8391b908baeab529aaf2e9944d5f35b07af661349176adce,pinned_primary,portwatch_chokepoints_snapshot,data/raw/portwatch/Daily_Chokepoints_Data.csv,66f3a54afb042103f3e0afc9670568cb7be245394ec04eba55ebd158593f579d,pinned_primary_reference,seasonal_naive_7d,deterministic_daily_point,2026-04-26,2.0,83.0,,,81.0,3256.0
portwatch_two_vintage_four_specification_matrix_v1,297908c214a0afab30a377854585cb1788922334c3bba976f8e2a1141c6ed73e,bb050aa041e8fc1c8391b908baeab529aaf2e9944d5f35b07af661349176adce,pinned_primary,portwatch_chokepoints_snapshot,data/raw/portwatch/Daily_Chokepoints_Data.csv,66f3a54afb042103f3e0afc9670568cb7be245394ec04eba55ebd158593f579d,pinned_primary_reference,seasonal_naive_7d,deterministic_daily_point,2026-04-27,0.0,73.0,,,73.0,3329.0
portwatch_two_vintage_four_specification_matrix_v1,297908c214a0afab30a377854585cb1788922334c3bba976f8e2a1141c6ed73e,bb050aa041e8fc1c8391b908baeab529aaf2e9944d5f35b07af661349176adce,pinned_primary,portwatch_chokepoints_snapshot,data/raw/portwatch/Daily_Chokepoints_Data.csv,66f3a54afb042103f3e0afc9670568cb7be245394ec04eba55ebd158593f579d,pinned_primary_reference,seasonal_naive_7d,deterministic_daily_point,2026-04-28,2.0,32.0,,,30.0,3359.0
portwatch_two_vintage_four_specification_matrix_v1,297908c214a0afab30a377854585cb1788922334c3bba976f8e2a1141c6ed73e,bb050aa041e8fc1c8391b908baeab529aaf2e9944d5f35b07af661349176adce,pinned_primary,portwatch_chokepoints_snapshot,data/raw/portwatch/Daily_Chokepoints_Data.csv,66f3a54afb042103f3e0afc9670568cb7be245394ec04eba55ebd158593f579d,pinned_primary_reference,seasonal_naive_7d,deterministic_daily_point,2026-04-29,3.0,66.0,,,63.0,3422.0
portwatch_two_vintage_four_specification_matrix_v1,297908c214a0afab30a377854585cb1788922334c3bba976f8e2a1141c6ed73e,bb050aa041e8fc1c8391b908baeab529aaf2e9944d5f35b07af661349176adce,pinned_primary,portwatch_chokepoints_snapshot,data/raw/portwatch/Daily_Chokepoints_Data.csv,66f3a54afb042103f3e0afc9670568cb7be245394ec04eba55ebd158593f579d,pinned_primary_reference,seasonal_naive_7d,deterministic_daily_point,2026-04-30,4.0,55.0,,,51.0,3473.0
portwatch_two_vintage_four_specification_matrix_v1,297908c214a0afab30a377854585cb1788922334c3bba976f8e2a1141c6ed73e,bb050aa041e8fc1c8391b908baeab529aaf2e9944d5f35b07af661349176adce,pinned_primary,portwatch_chokepoints_snapshot,data/raw/portwatch/Daily_Chokepoints_Data.csv,66f3a54afb042103f3e0afc9670568cb7be245394ec04eba55ebd158593f579d,pinned_primary_reference,seasonal_naive_7d,deterministic_daily_point,2026-05-01,4.0,35.0,,,31.0,3504.0
portwatch_two_vintage_four_specification_matrix_v1,297908c214a0afab30a377854585cb1788922334c3bba976f8e2a1141c6ed73e,bb050aa041e8fc1c8391b908baeab529aaf2e9944d5f35b07af661349176adce,pinned_primary,portwatch_chokepoints_snapshot,data/raw/portwatch/Daily_Chokepoints_Data.csv,66f3a54afb042103f3e0afc9670568cb7be245394ec04eba55ebd158593f579d,pinned_primary_reference,seasonal_naive_7d,deterministic_daily_point,2026-05-02,5.0,67.0,,,62.0,3566.0
portwatch_two_vintage_four_specification_matrix_v1,297908c214a0afab30a377854585cb1788922334c3bba976f8e2a1141c6ed73e,bb050aa041e8fc1c8391b908baeab529aaf2e9944d5f35b07af661349176adce,pinned_primary,portwatch_chokepoints_snapshot,data/raw/portwatch/Daily_Chokepoints_Data.csv,66f3a54afb042103f3e0afc9670568cb7be245394ec04eba55ebd158593f579d,pinned_primary_reference,seasonal_naive_7d,deterministic_daily_point,2026-05-03,1.0,83.0,,,82.0,3648.0
portwatch_two_vintage_four_specification_matrix_v1,297908c214a0afab30a377854585cb1788922334c3bba976f8e2a1141c6ed73e,bb050aa041e8fc1c8391b908baeab529aaf2e9944d5f35b07af661349176adce,pinned_primary,portwatch_chokepoints_snapshot,data/raw/portwatch/Daily_Chokepoints_Data.csv,66f3a54afb042103f3e0afc9670568cb7be245394ec04eba55ebd158593f579d,pinned_primary_reference,seasonal_naive_7d,deterministic_daily_point,2026-05-04,0.0,73.0,,,73.0,3721.0
portwatch_two_vintage_four_specification_matrix_v1,297908c214a0afab30a377854585cb1788922334c3bba976f8e2a1141c6ed73e,bb050aa041e8fc1c8391b908baeab529aaf2e9944d5f35b07af661349176adce,pinned_primary,portwatch_chokepoints_snapshot,data/raw/portwatch/Daily_Chokepoints_Data.csv,66f3a54afb042103f3e0afc9670568cb7be245394ec04eba55ebd158593f579d,pinned_primary_reference,seasonal_naive_7d,deterministic_daily_point,2026-05-05,0.0,32.0,,,32.0,3753.0
portwatch_two_vintage_four_specification_matrix_v1,297908c214a0afab30a377854585cb1788922334c3bba976f8e2a1141c6ed73e,bb050aa041e8fc1c8391b908baeab529aaf2e9944d5f35b07af661349176adce,pinned_primary,portwatch_chokepoints_snapshot,data/raw/portwatch/Daily_Chokepoints_Data.csv,66f3a54afb042103f3e0afc9670568cb7be245394ec04eba55ebd158593f579d,pinned_primary_reference,seasonal_naive_7d,deterministic_daily_point,2026-05-06,0.0,66.0,,,66.0,3819.0
portwatch_two_vintage_four_specification_matrix_v1,297908c214a0afab30a377854585cb1788922334c3bba976f8e2a1141c6ed73e,bb050aa041e8fc1c8391b908baeab529aaf2e9944d5f35b07af661349176adce,pinned_primary,portwatch_chokepoints_snapshot,data/raw/portwatch/Daily_Chokepoints_Data.csv,66f3a54afb042103f3e0afc9670568cb7be245394ec04eba55ebd158593f579d,pinned_primary_reference,seasonal_naive_7d,deterministic_daily_point,2026-05-07,1.0,55.0,,,54.0,3873.0
portwatch_two_vintage_four_specification_matrix_v1,297908c214a0afab30a377854585cb1788922334c3bba976f8e2a1141c6ed73e,bb050aa041e8fc1c8391b908baeab529aaf2e9944d5f35b07af661349176adce,pinned_primary,portwatch_chokepoints_snapshot,data/raw/portwatch/Daily_Chokepoints_Data.csv,66f3a54afb042103f3e0afc9670568cb7be245394ec04eba55ebd158593f579d,pinned_primary_reference,seasonal_naive_7d,deterministic_daily_point,2026-05-08,1.0,35.0,,,34.0,3907.0
portwatch_two_vintage_four_specification_matrix_v1,297908c214a0afab30a377854585cb1788922334c3bba976f8e2a1141c6ed73e,bb050aa041e8fc1c8391b908baeab529aaf2e9944d5f35b07af661349176adce,pinned_primary,portwatch_chokepoints_snapshot,data/raw/portwatch/Daily_Chokepoints_Data.csv,66f3a54afb042103f3e0afc9670568cb7be245394ec04eba55ebd158593f579d,pinned_primary_reference,seasonal_naive_7d,deterministic_daily_point,2026-05-09,2.0,67.0,,,65.0,3972.0
portwatch_two_vintage_four_specification_matrix_v1,297908c214a0afab30a377854585cb1788922334c3bba976f8e2a1141c6ed73e,bb050aa041e8fc1c8391b908baeab529aaf2e9944d5f35b07af661349176adce,pinned_primary,portwatch_chokepoints_snapshot,data/raw/portwatch/Daily_Chokepoints_Data.csv,66f3a54afb042103f3e0afc9670568cb7be245394ec04eba55ebd158593f579d,pinned_primary_reference,seasonal_naive_7d,deterministic_daily_point,2026-05-10,3.0,83.0,,,80.0,4052.0
portwatch_two_vintage_four_specification_matrix_v1,297908c214a0afab30a377854585cb1788922334c3bba976f8e2a1141c6ed73e,bb050aa041e8fc1c8391b908baeab529aaf2e9944d5f35b07af661349176adce,pinned_primary,portwatch_chokepoints_snapshot,data/raw/portwatch/Daily_Chokepoints_Data.csv,66f3a54afb042103f3e0afc9670568cb7be245394ec04eba55ebd158593f579d,pinned_primary_reference,seasonal_naive_7d,deterministic_daily_point,2026-05-11,4.0,73.0,,,69.0,4121.0
portwatch_two_vintage_four_specification_matrix_v1,297908c214a0afab30a377854585cb1788922334c3bba976f8e2a1141c6ed73e,bb050aa041e8fc1c8391b908baeab529aaf2e9944d5f35b07af661349176adce,pinned_primary,portwatch_chokepoints_snapshot,data/raw/portwatch/Daily_Chokepoints_Data.csv,66f3a54afb042103f3e0afc9670568cb7be245394ec04eba55ebd158593f579d,pinned_primary_reference,seasonal_naive_7d,deterministic_daily_point,2026-05-12,1.0,32.0,,,31.0,4152.0
portwatch_two_vintage_four_specification_matrix_v1,297908c214a0afab30a377854585cb1788922334c3bba976f8e2a1141c6ed73e,bb050aa041e8fc1c8391b908baeab529aaf2e9944d5f35b07af661349176adce,pinned_primary,portwatch_chokepoints_snapshot,data/raw/portwatch/Daily_Chokepoints_Data.csv,66f3a54afb042103f3e0afc9670568cb7be245394ec04eba55ebd158593f579d,pinned_primary_reference,seasonal_naive_7d,deterministic_daily_point,2026-05-13,2.0,66.0,,,64.0,4216.0
portwatch_two_vintage_four_specification_matrix_v1,297908c214a0afab30a377854585cb1788922334c3bba976f8e2a1141c6ed73e,bb050aa041e8fc1c8391b908baeab529aaf2e9944d5f35b07af661349176adce,pinned_primary,portwatch_chokepoints_snapshot,data/raw/portwatch/Daily_Chokepoints_Data.csv,66f3a54afb042103f3e0afc9670568cb7be245394ec04eba55ebd158593f579d,pinned_primary_reference,seasonal_naive_7d,deterministic_daily_point,2026-05-14,4.0,55.0,,,51.0,4267.0
portwatch_two_vintage_four_specification_matrix_v1,297908c214a0afab30a377854585cb1788922334c3bba976f8e2a1141c6ed73e,bb050aa041e8fc1c8391b908baeab529aaf2e9944d5f35b07af661349176adce,pinned_primary,portwatch_chokepoints_snapshot,data/raw/portwatch/Daily_Chokepoints_Data.csv,66f3a54afb042103f3e0afc9670568cb7be245394ec04eba55ebd158593f579d,pinned_primary_reference,seasonal_naive_7d,deterministic_daily_point,2026-05-15,2.0,35.0,,,33.0,4300.0
portwatch_two_vintage_four_specification_matrix_v1,297908c214a0afab30a377854585cb1788922334c3bba976f8e2a1141c6ed73e,bb050aa041e8fc1c8391b908baeab529aaf2e9944d5f35b07af661349176adce,pinned_primary,portwatch_chokepoints_snapshot,data/raw/portwatch/Daily_Chokepoints_Data.csv,66f3a54afb042103f3e0afc9670568cb7be245394ec04eba55ebd158593f579d,pinned_primary_reference,seasonal_naive_7d,deterministic_daily_point,2026-05-16,2.0,67.0,,,65.0,4365.0
portwatch_two_vintage_four_specification_matrix_v1,297908c214a0afab30a377854585cb1788922334c3bba976f8e2a1141c6ed73e,bb050aa041e8fc1c8391b908baeab529aaf2e9944d5f35b07af661349176adce,pinned_primary,portwatch_chokepoints_snapshot,data/raw/portwatch/Daily_Chokepoints_Data.csv,66f3a54afb042103f3e0afc9670568cb7be245394ec04eba55ebd158593f579d,pinned_primary_reference,seasonal_naive_7d,deterministic_daily_point,2026-05-17,2.0,83.0,,,81.0,4446.0
portwatch_two_vintage_four_specification_matrix_v1,297908c214a0afab30a377854585cb1788922334c3bba976f8e2a1141c6ed73e,bb050aa041e8fc1c8391b908baeab529aaf2e9944d5f35b07af661349176adce,pinned_primary,portwatch_chokepoints_snapshot,data/raw/portwatch/Daily_Chokepoints_Data.csv,66f3a54afb042103f3e0afc9670568cb7be245394ec04eba55ebd158593f579d,pinned_primary_reference,seasonal_naive_7d,deterministic_daily_point,2026-05-18,1.0,73.0,,,72.0,4518.0
portwatch_two_vintage_four_specification_matrix_v1,297908c214a0afab30a377854585cb1788922334c3bba976f8e2a1141c6ed73e,bb050aa041e8fc1c8391b908baeab529aaf2e9944d5f35b07af661349176adce,pinned_primary,portwatch_chokepoints_snapshot,data/raw/portwatch/Daily_Chokepoints_Data.csv,66f3a54afb042103f3e0afc9670568cb7be245394ec04eba55ebd158593f579d,pinned_primary_reference,seasonal_naive_7d,deterministic_daily_point,2026-05-19,3.0,32.0,,,29.0,4547.0
portwatch_two_vintage_four_specification_matrix_v1,297908c214a0afab30a377854585cb1788922334c3bba976f8e2a1141c6ed73e,bb050aa041e8fc1c8391b908baeab529aaf2e9944d5f35b07af661349176adce,pinned_primary,portwatch_chokepoints_snapshot,data/raw/portwatch/Daily_Chokepoints_Data.csv,66f3a54afb042103f3e0afc9670568cb7be245394ec04eba55ebd158593f579d,pinned_primary_reference,seasonal_naive_7d,deterministic_daily_point,2026-05-20,5.0,66.0,,,61.0,4608.0
portwatch_two_vintage_four_specification_matrix_v1,297908c214a0afab30a377854585cb1788922334c3bba976f8e2a1141c6ed73e,bb050aa041e8fc1c8391b908baeab529aaf2e9944d5f35b07af661349176adce,pinned_primary,portwatch_chokepoints_snapshot,data/raw/portwatch/Daily_Chokepoints_Data.csv,66f3a54afb042103f3e0afc9670568cb7be245394ec04eba55ebd158593f579d,pinned_primary_reference,seasonal_naive_7d,deterministic_daily_point,2026-05-21,2.0,55.0,,,53.0,4661.0
portwatch_two_vintage_four_specification_matrix_v1,297908c214a0afab30a377854585cb1788922334c3bba976f8e2a1141c6ed73e,bb050aa041e8fc1c8391b908baeab529aaf2e9944d5f35b07af661349176adce,pinned_primary,portwatch_chokepoints_snapshot,data/raw/portwatch/Daily_Chokepoints_Data.csv,66f3a54afb042103f3e0afc9670568cb7be245394ec04eba55ebd158593f579d,pinned_primary_reference,seasonal_naive_7d,deterministic_daily_point,2026-05-22,0.0,35.0,,,35.0,4696.0
portwatch_two_vintage_four_specification_matrix_v1,297908c214a0afab30a377854585cb1788922334c3bba976f8e2a1141c6ed73e,bb050aa041e8fc1c8391b908baeab529aaf2e9944d5f35b07af661349176adce,pinned_primary,portwatch_chokepoints_snapshot,data/raw/portwatch/Daily_Chokepoints_Data.csv,66f3a54afb042103f3e0afc9670568cb7be245394ec04eba55ebd158593f579d,pinned_primary_reference,seasonal_naive_7d,deterministic_daily_point,2026-05-23,1.0,67.0,,,66.0,4762.0
portwatch_two_vintage_four_specification_matrix_v1,297908c214a0afab30a377854585cb1788922334c3bba976f8e2a1141c6ed73e,bb050aa041e8fc1c8391b908baeab529aaf2e9944d5f35b07af661349176adce,pinned_primary,portwatch_chokepoints_snapshot,data/raw/portwatch/Daily_Chokepoints_Data.csv,66f3a54afb042103f3e0afc9670568cb7be245394ec04eba55ebd158593f579d,pinned_primary_reference,seasonal_naive_7d,deterministic_daily_point,2026-05-24,2.0,83.0,,,81.0,4843.0
portwatch_two_vintage_four_specification_matrix_v1,297908c214a0afab30a377854585cb1788922334c3bba976f8e2a1141c6ed73e,bb050aa041e8fc1c8391b908baeab529aaf2e9944d5f35b07af661349176adce,pinned_primary,portwatch_chokepoints_snapshot,data/raw/portwatch/Daily_Chokepoints_Data.csv,66f3a54afb042103f3e0afc9670568cb7be245394ec04eba55ebd158593f579d,pinned_primary_reference,seasonal_naive_7d,deterministic_daily_point,2026-05-25,0.0,73.0,,,73.0,4916.0
portwatch_two_vintage_four_specification_matrix_v1,297908c214a0afab30a377854585cb1788922334c3bba976f8e2a1141c6ed73e,bb050aa041e8fc1c8391b908baeab529aaf2e9944d5f35b07af661349176adce,pinned_primary,portwatch_chokepoints_snapshot,data/raw/portwatch/Daily_Chokepoints_Data.csv,66f3a54afb042103f3e0afc9670568cb7be245394ec04eba55ebd158593f579d,pinned_primary_reference,seasonal_naive_7d,deterministic_daily_point,2026-05-26,2.0,32.0,,,30.0,4946.0
portwatch_two_vintage_four_specification_matrix_v1,297908c214a0afab30a377854585cb1788922334c3bba976f8e2a1141c6ed73e,bb050aa041e8fc1c8391b908baeab529aaf2e9944d5f35b07af661349176adce,pinned_primary,portwatch_chokepoints_snapshot,data/raw/portwatch/Daily_Chokepoints_Data.csv,66f3a54afb042103f3e0afc9670568cb7be245394ec04eba55ebd158593f579d,pinned_primary_reference,seasonal_naive_7d,deterministic_daily_point,2026-05-27,2.0,66.0,,,64.0,5010.0
portwatch_two_vintage_four_specification_matrix_v1,297908c214a0afab30a377854585cb1788922334c3bba976f8e2a1141c6ed73e,bb050aa041e8fc1c8391b908baeab529aaf2e9944d5f35b07af661349176adce,pinned_primary,portwatch_chokepoints_snapshot,data/raw/portwatch/Daily_Chokepoints_Data.csv,66f3a54afb042103f3e0afc9670568cb7be245394ec04eba55ebd158593f579d,pinned_primary_reference,seasonal_naive_7d,deterministic_daily_point,2026-05-28,0.0,55.0,,,55.0,5065.0
portwatch_two_vintage_four_specification_matrix_v1,297908c214a0afab30a377854585cb1788922334c3bba976f8e2a1141c6ed73e,bb050aa041e8fc1c8391b908baeab529aaf2e9944d5f35b07af661349176adce,pinned_primary,portwatch_chokepoints_snapshot,data/raw/portwatch/Daily_Chokepoints_Data.csv,66f3a54afb042103f3e0afc9670568cb7be245394ec04eba55ebd158593f579d,pinned_primary_reference,seasonal_naive_7d,deterministic_daily_point,2026-05-29,0.0,35.0,,,35.0,5100.0
portwatch_two_vintage_four_specification_matrix_v1,297908c214a0afab30a377854585cb1788922334c3bba976f8e2a1141c6ed73e,bb050aa041e8fc1c8391b908baeab529aaf2e9944d5f35b07af661349176adce,pinned_primary,portwatch_chokepoints_snapshot,data/raw/portwatch/Daily_Chokepoints_Data.csv,66f3a54afb042103f3e0afc9670568cb7be245394ec04eba55ebd158593f579d,pinned_primary_reference,seasonal_naive_7d,deterministic_daily_point,2026-05-30,1.0,67.0,,,66.0,5166.0
portwatch_two_vintage_four_specification_matrix_v1,297908c214a0afab30a377854585cb1788922334c3bba976f8e2a1141c6ed73e,bb050aa041e8fc1c8391b908baeab529aaf2e9944d5f35b07af661349176adce,pinned_primary,portwatch_chokepoints_snapshot,data/raw/portwatch/Daily_Chokepoints_Data.csv,66f3a54afb042103f3e0afc9670568cb7be245394ec04eba55ebd158593f579d,pinned_primary_reference,seasonal_naive_7d,deterministic_daily_point,2026-05-31,0.0,83.0,,,83.0,5249.0
portwatch_two_vintage_four_specification_matrix_v1,297908c214a0afab30a377854585cb1788922334c3bba976f8e2a1141c6ed73e,bb050aa041e8fc1c8391b908baeab529aaf2e9944d5f35b07af661349176adce,pinned_primary,portwatch_chokepoints_snapshot,data/raw/portwatch/Daily_Chokepoints_Data.csv,66f3a54afb042103f3e0afc9670568cb7be245394ec04eba55ebd158593f579d,pinned_primary_reference,seasonal_naive_7d,deterministic_daily_point,2026-06-01,2.0,73.0,,,71.0,5320.0
portwatch_two_vintage_four_specification_matrix_v1,297908c214a0afab30a377854585cb1788922334c3bba976f8e2a1141c6ed73e,bb050aa041e8fc1c8391b908baeab529aaf2e9944d5f35b07af661349176adce,pinned_primary,portwatch_chokepoints_snapshot,data/raw/portwatch/Daily_Chokepoints_Data.csv,66f3a54afb042103f3e0afc9670568cb7be245394ec04eba55ebd158593f579d,pinned_primary_reference,seasonal_naive_7d,deterministic_daily_point,2026-06-02,4.0,32.0,,,28.0,5348.0
portwatch_two_vintage_four_specification_matrix_v1,297908c214a0afab30a377854585cb1788922334c3bba976f8e2a1141c6ed73e,bb050aa041e8fc1c8391b908baeab529aaf2e9944d5f35b07af661349176adce,pinned_primary,portwatch_chokepoints_snapshot,data/raw/portwatch/Daily_Chokepoints_Data.csv,66f3a54afb042103f3e0afc9670568cb7be245394ec04eba55ebd158593f579d,pinned_primary_reference,seasonal_naive_7d,deterministic_daily_point,2026-06-03,4.0,66.0,,,62.0,5410.0
portwatch_two_vintage_four_specification_matrix_v1,297908c214a0afab30a377854585cb1788922334c3bba976f8e2a1141c6ed73e,bb050aa041e8fc1c8391b908baeab529aaf2e9944d5f35b07af661349176adce,pinned_primary,portwatch_chokepoints_snapshot,data/raw/portwatch/Daily_Chokepoints_Data.csv,66f3a54afb042103f3e0afc9670568cb7be245394ec04eba55ebd158593f579d,pinned_primary_reference,seasonal_naive_7d,deterministic_daily_point,2026-06-04,2.0,55.0,,,53.0,5463.0
portwatch_two_vintage_four_specification_matrix_v1,297908c214a0afab30a377854585cb1788922334c3bba976f8e2a1141c6ed73e,bb050aa041e8fc1c8391b908baeab529aaf2e9944d5f35b07af661349176adce,pinned_primary,portwatch_chokepoints_snapshot,data/raw/portwatch/Daily_Chokepoints_Data.csv,66f3a54afb042103f3e0afc9670568cb7be245394ec04eba55ebd158593f579d,pinned_primary_reference,seasonal_naive_7d,deterministic_daily_point,2026-06-05,0.0,35.0,,,35.0,5498.0
portwatch_two_vintage_four_specification_matrix_v1,297908c214a0afab30a377854585cb1788922334c3bba976f8e2a1141c6ed73e,bb050aa041e8fc1c8391b908baeab529aaf2e9944d5f35b07af661349176adce,pinned_primary,portwatch_chokepoints_snapshot,data/raw/portwatch/Daily_Chokepoints_Data.csv,66f3a54afb042103f3e0afc9670568cb7be245394ec04eba55ebd158593f579d,pinned_primary_reference,seasonal_naive_7d,deterministic_daily_point,2026-06-06,0.0,67.0,,,67.0,5565.0
portwatch_two_vintage_four_specification_matrix_v1,297908c214a0afab30a377854585cb1788922334c3bba976f8e2a1141c6ed73e,bb050aa041e8fc1c8391b908baeab529aaf2e9944d5f35b07af661349176adce,pinned_primary,portwatch_chokepoints_snapshot,data/raw/portwatch/Daily_Chokepoints_Data.csv,66f3a54afb042103f3e0afc9670568cb7be245394ec04eba55ebd158593f579d,pinned_primary_reference,seasonal_naive_7d,deterministic_daily_point,2026-06-07,1.0,83.0,,,82.0,5647.0
portwatch_two_vintage_four_specification_matrix_v1,297908c214a0afab30a377854585cb1788922334c3bba976f8e2a1141c6ed73e,bb050aa041e8fc1c8391b908baeab529aaf2e9944d5f35b07af661349176adce,pinned_primary,portwatch_chokepoints_snapshot,data/raw/portwatch/Daily_Chokepoints_Data.csv,66f3a54afb042103f3e0afc9670568cb7be245394ec04eba55ebd158593f579d,pinned_primary_reference,seasonal_naive_7d,deterministic_daily_point,2026-06-08,2.0,73.0,,,71.0,5718.0
portwatch_two_vintage_four_specification_matrix_v1,297908c214a0afab30a377854585cb1788922334c3bba976f8e2a1141c6ed73e,bb050aa041e8fc1c8391b908baeab529aaf2e9944d5f35b07af661349176adce,pinned_primary,portwatch_chokepoints_snapshot,data/raw/portwatch/Daily_Chokepoints_Data.csv,66f3a54afb042103f3e0afc9670568cb7be245394ec04eba55ebd158593f579d,pinned_primary_reference,seasonal_naive_7d,deterministic_daily_point,2026-06-09,2.0,32.0,,,30.0,5748.0
portwatch_two_vintage_four_specification_matrix_v1,297908c214a0afab30a377854585cb1788922334c3bba976f8e2a1141c6ed73e,bb050aa041e8fc1c8391b908baeab529aaf2e9944d5f35b07af661349176adce,pinned_primary,portwatch_chokepoints_snapshot,data/raw/portwatch/Daily_Chokepoints_Data.csv,66f3a54afb042103f3e0afc9670568cb7be245394ec04eba55ebd158593f579d,pinned_primary_reference,seasonal_naive_7d,deterministic_daily_point,2026-06-10,1.0,66.0,,,65.0,5813.0
portwatch_two_vintage_four_specification_matrix_v1,297908c214a0afab30a377854585cb1788922334c3bba976f8e2a1141c6ed73e,bb050aa041e8fc1c8391b908baeab529aaf2e9944d5f35b07af661349176adce,pinned_primary,portwatch_chokepoints_snapshot,data/raw/portwatch/Daily_Chokepoints_Data.csv,66f3a54afb042103f3e0afc9670568cb7be245394ec04eba55ebd158593f579d,pinned_primary_reference,seasonal_naive_7d,deterministic_daily_point,2026-06-11,2.0,55.0,,,53.0,5866.0
portwatch_two_vintage_four_specification_matrix_v1,297908c214a0afab30a377854585cb1788922334c3bba976f8e2a1141c6ed73e,bb050aa041e8fc1c8391b908baeab529aaf2e9944d5f35b07af661349176adce,pinned_primary,portwatch_chokepoints_snapshot,data/raw/portwatch/Daily_Chokepoints_Data.csv,66f3a54afb042103f3e0afc9670568cb7be245394ec04eba55ebd158593f579d,pinned_primary_reference,seasonal_naive_7d,deterministic_daily_point,2026-06-12,1.0,35.0,,,34.0,5900.0
portwatch_two_vintage_four_specification_matrix_v1,297908c214a0afab30a377854585cb1788922334c3bba976f8e2a1141c6ed73e,bb050aa041e8fc1c8391b908baeab529aaf2e9944d5f35b07af661349176adce,pinned_primary,portwatch_chokepoints_snapshot,data/raw/portwatch/Daily_Chokepoints_Data.csv,66f3a54afb042103f3e0afc9670568cb7be245394ec04eba55ebd158593f579d,pinned_primary_reference,seasonal_naive_7d,deterministic_daily_point,2026-06-13,0.0,67.0,,,67.0,5967.0
portwatch_two_vintage_four_specification_matrix_v1,297908c214a0afab30a377854585cb1788922334c3bba976f8e2a1141c6ed73e,bb050aa041e8fc1c8391b908baeab529aaf2e9944d5f35b07af661349176adce,pinned_primary,portwatch_chokepoints_snapshot,data/raw/portwatch/Daily_Chokepoints_Data.csv,66f3a54afb042103f3e0afc9670568cb7be245394ec04eba55ebd158593f579d,pinned_primary_reference,seasonal_naive_7d,deterministic_daily_point,2026-06-14,0.0,83.0,,,83.0,6050.0
portwatch_two_vintage_four_specification_matrix_v1,297908c214a0afab30a377854585cb1788922334c3bba976f8e2a1141c6ed73e,bb050aa041e8fc1c8391b908baeab529aaf2e9944d5f35b07af661349176adce,pinned_primary,portwatch_chokepoints_snapshot,data/raw/portwatch/Daily_Chokepoints_Data.csv,66f3a54afb042103f3e0afc9670568cb7be245394ec04eba55ebd158593f579d,pinned_primary_reference,seasonal_naive_7d,deterministic_daily_point,2026-06-15,1.0,73.0,,,72.0,6122.0
portwatch_two_vintage_four_specification_matrix_v1,297908c214a0afab30a377854585cb1788922334c3bba976f8e2a1141c6ed73e,bb050aa041e8fc1c8391b908baeab529aaf2e9944d5f35b07af661349176adce,pinned_primary,portwatch_chokepoints_snapshot,data/raw/portwatch/Daily_Chokepoints_Data.csv,66f3a54afb042103f3e0afc9670568cb7be245394ec04eba55ebd158593f579d,pinned_primary_reference,seasonal_naive_7d,deterministic_daily_point,2026-06-16,2.0,32.0,,,30.0,6152.0
portwatch_two_vintage_four_specification_matrix_v1,297908c214a0afab30a377854585cb1788922334c3bba976f8e2a1141c6ed73e,bb050aa041e8fc1c8391b908baeab529aaf2e9944d5f35b07af661349176adce,pinned_primary,portwatch_chokepoints_snapshot,data/raw/portwatch/Daily_Chokepoints_Data.csv,66f3a54afb042103f3e0afc9670568cb7be245394ec04eba55ebd158593f579d,pinned_primary_reference,seasonal_naive_7d,deterministic_daily_point,2026-06-17,1.0,66.0,,,65.0,6217.0
portwatch_two_vintage_four_specification_matrix_v1,297908c214a0afab30a377854585cb1788922334c3bba976f8e2a1141c6ed73e,bb050aa041e8fc1c8391b908baeab529aaf2e9944d5f35b07af661349176adce,pinned_primary,portwatch_chokepoints_snapshot,data/raw/portwatch/Daily_Chokepoints_Data.csv,66f3a54afb042103f3e0afc9670568cb7be245394ec04eba55ebd158593f579d,pinned_primary_reference,seasonal_naive_7d,deterministic_daily_point,2026-06-18,11.0,55.0,,,44.0,6261.0
portwatch_two_vintage_four_specification_matrix_v1,297908c214a0afab30a377854585cb1788922334c3bba976f8e2a1141c6ed73e,bb050aa041e8fc1c8391b908baeab529aaf2e9944d5f35b07af661349176adce,pinned_primary,portwatch_chokepoints_snapshot,data/raw/portwatch/Daily_Chokepoints_Data.csv,66f3a54afb042103f3e0afc9670568cb7be245394ec04eba55ebd158593f579d,pinned_primary_reference,seasonal_naive_7d,deterministic_daily_point,2026-06-19,5.0,35.0,,,30.0,6291.0
portwatch_two_vintage_four_specification_matrix_v1,297908c214a0afab30a377854585cb1788922334c3bba976f8e2a1141c6ed73e,bb050aa041e8fc1c8391b908baeab529aaf2e9944d5f35b07af661349176adce,pinned_primary,portwatch_chokepoints_snapshot,data/raw/portwatch/Daily_Chokepoints_Data.csv,66f3a54afb042103f3e0afc9670568cb7be245394ec04eba55ebd158593f579d,pinned_primary_reference,seasonal_naive_7d,deterministic_daily_point,2026-06-20,12.0,67.0,,,55.0,6346.0
portwatch_two_vintage_four_specification_matrix_v1,297908c214a0afab30a377854585cb1788922334c3bba976f8e2a1141c6ed73e,bb050aa041e8fc1c8391b908baeab529aaf2e9944d5f35b07af661349176adce,pinned_primary,portwatch_chokepoints_snapshot,data/raw/portwatch/Daily_Chokepoints_Data.csv,66f3a54afb042103f3e0afc9670568cb7be245394ec04eba55ebd158593f579d,pinned_primary_reference,seasonal_naive_7d,deterministic_daily_point,2026-06-21,1.0,83.0,,,82.0,6428.0
portwatch_two_vintage_four_specification_matrix_v1,297908c214a0afab30a377854585cb1788922334c3bba976f8e2a1141c6ed73e,bb050aa041e8fc1c8391b908baeab529aaf2e9944d5f35b07af661349176adce,pinned_primary,portwatch_chokepoints_snapshot,data/raw/portwatch/Daily_Chokepoints_Data.csv,66f3a54afb042103f3e0afc9670568cb7be245394ec04eba55ebd158593f579d,pinned_primary_reference,seasonal_naive_7d,deterministic_daily_point,2026-06-22,9.0,73.0,,,64.0,6492.0
portwatch_two_vintage_four_specification_matrix_v1,297908c214a0afab30a377854585cb1788922334c3bba976f8e2a1141c6ed73e,bb050aa041e8fc1c8391b908baeab529aaf2e9944d5f35b07af661349176adce,pinned_primary,portwatch_chokepoints_snapshot,data/raw/portwatch/Daily_Chokepoints_Data.csv,66f3a54afb042103f3e0afc9670568cb7be245394ec04eba55ebd158593f579d,pinned_primary_reference,seasonal_naive_7d,deterministic_daily_point,2026-06-23,5.0,32.0,,,27.0,6519.0
portwatch_two_vintage_four_specification_matrix_v1,297908c214a0afab30a377854585cb1788922334c3bba976f8e2a1141c6ed73e,bb050aa041e8fc1c8391b908baeab529aaf2e9944d5f35b07af661349176adce,pinned_primary,portwatch_chokepoints_snapshot,data/raw/portwatch/Daily_Chokepoints_Data.csv,66f3a54afb042103f3e0afc9670568cb7be245394ec04eba55ebd158593f579d,pinned_primary_reference,seasonal_naive_7d,deterministic_daily_point,2026-06-24,21.0,66.0,,,45.0,6564.0
portwatch_two_vintage_four_specification_matrix_v1,297908c214a0afab30a377854585cb1788922334c3bba976f8e2a1141c6ed73e,bb050aa041e8fc1c8391b908baeab529aaf2e9944d5f35b07af661349176adce,pinned_primary,portwatch_chokepoints_snapshot,data/raw/portwatch/Daily_Chokepoints_Data.csv,66f3a54afb042103f3e0afc9670568cb7be245394ec04eba55ebd158593f579d,pinned_primary_reference,seasonal_naive_7d,deterministic_daily_point,2026-06-25,23.0,55.0,,,32.0,6596.0
portwatch_two_vintage_four_specification_matrix_v1,297908c214a0afab30a377854585cb1788922334c3bba976f8e2a1141c6ed73e,bb050aa041e8fc1c8391b908baeab529aaf2e9944d5f35b07af661349176adce,pinned_primary,portwatch_chokepoints_snapshot,data/raw/portwatch/Daily_Chokepoints_Data.csv,66f3a54afb042103f3e0afc9670568cb7be245394ec04eba55ebd158593f579d,pinned_primary_reference,seasonal_naive_7d,deterministic_daily_point,2026-06-26,19.0,35.0,,,16.0,6612.0
portwatch_two_vintage_four_specification_matrix_v1,297908c214a0afab30a377854585cb1788922334c3bba976f8e2a1141c6ed73e,bb050aa041e8fc1c8391b908baeab529aaf2e9944d5f35b07af661349176adce,pinned_primary,portwatch_chokepoints_snapshot,data/raw/portwatch/Daily_Chokepoints_Data.csv,66f3a54afb042103f3e0afc9670568cb7be245394ec04eba55ebd158593f579d,pinned_primary_reference,seasonal_naive_7d,deterministic_daily_point,2026-06-27,9.0,67.0,,,58.0,6670.0
portwatch_two_vintage_four_specification_matrix_v1,297908c214a0afab30a377854585cb1788922334c3bba976f8e2a1141c6ed73e,bb050aa041e8fc1c8391b908baeab529aaf2e9944d5f35b07af661349176adce,pinned_primary,portwatch_chokepoints_snapshot,data/raw/portwatch/Daily_Chokepoints_Data.csv,66f3a54afb042103f3e0afc9670568cb7be245394ec04eba55ebd158593f579d,pinned_primary_reference,seasonal_naive_7d,deterministic_daily_point,2026-06-28,11.0,83.0,,,72.0,6742.0
portwatch_two_vintage_four_specification_matrix_v1,297908c214a0afab30a377854585cb1788922334c3bba976f8e2a1141c6ed73e,bb050aa041e8fc1c8391b908baeab529aaf2e9944d5f35b07af661349176adce,pinned_primary,portwatch_chokepoints_snapshot,data/raw/portwatch/Daily_Chokepoints_Data.csv,66f3a54afb042103f3e0afc9670568cb7be245394ec04eba55ebd158593f579d,pinned_primary_reference,seasonal_naive_7d,deterministic_daily_point,2026-06-29,13.0,73.0,,,60.0,6802.0
portwatch_two_vintage_four_specification_matrix_v1,297908c214a0afab30a377854585cb1788922334c3bba976f8e2a1141c6ed73e,bb050aa041e8fc1c8391b908baeab529aaf2e9944d5f35b07af661349176adce,pinned_primary,portwatch_chokepoints_snapshot,data/raw/portwatch/Daily_Chokepoints_Data.csv,66f3a54afb042103f3e0afc9670568cb7be245394ec04eba55ebd158593f579d,pinned_primary_reference,seasonal_naive_7d,deterministic_daily_point,2026-06-30,6.0,32.0,,,26.0,6828.0
portwatch_two_vintage_four_specification_matrix_v1,297908c214a0afab30a377854585cb1788922334c3bba976f8e2a1141c6ed73e,bb050aa041e8fc1c8391b908baeab529aaf2e9944d5f35b07af661349176adce,pinned_primary,portwatch_chokepoints_snapshot,data/raw/portwatch/Daily_Chokepoints_Data.csv,66f3a54afb042103f3e0afc9670568cb7be245394ec04eba55ebd158593f579d,pinned_primary_reference,seasonal_naive_7d,deterministic_daily_point,2026-07-01,23.0,66.0,,,43.0,6871.0
portwatch_two_vintage_four_specification_matrix_v1,297908c214a0afab30a377854585cb1788922334c3bba976f8e2a1141c6ed73e,bb050aa041e8fc1c8391b908baeab529aaf2e9944d5f35b07af661349176adce,pinned_primary,portwatch_chokepoints_snapshot,data/raw/portwatch/Daily_Chokepoints_Data.csv,66f3a54afb042103f3e0afc9670568cb7be245394ec04eba55ebd158593f579d,pinned_primary_reference,seasonal_naive_7d,deterministic_daily_point,2026-07-02,18.0,55.0,,,37.0,6908.0
portwatch_two_vintage_four_specification_matrix_v1,297908c214a0afab30a377854585cb1788922334c3bba976f8e2a1141c6ed73e,bb050aa041e8fc1c8391b908baeab529aaf2e9944d5f35b07af661349176adce,pinned_primary,portwatch_chokepoints_snapshot,data/raw/portwatch/Daily_Chokepoints_Data.csv,66f3a54afb042103f3e0afc9670568cb7be245394ec04eba55ebd158593f579d,pinned_primary_reference,seasonal_naive_7d,deterministic_daily_point,2026-07-03,21.0,35.0,,,14.0,6922.0
portwatch_two_vintage_four_specification_matrix_v1,297908c214a0afab30a377854585cb1788922334c3bba976f8e2a1141c6ed73e,bb050aa041e8fc1c8391b908baeab529aaf2e9944d5f35b07af661349176adce,pinned_primary,portwatch_chokepoints_snapshot,data/raw/portwatch/Daily_Chokepoints_Data.csv,66f3a54afb042103f3e0afc9670568cb7be245394ec04eba55ebd158593f579d,pinned_primary_reference,seasonal_naive_7d,deterministic_daily_point,2026-07-04,11.0,67.0,,,56.0,6978.0
portwatch_two_vintage_four_specification_matrix_v1,297908c214a0afab30a377854585cb1788922334c3bba976f8e2a1141c6ed73e,bb050aa041e8fc1c8391b908baeab529aaf2e9944d5f35b07af661349176adce,pinned_primary,portwatch_chokepoints_snapshot,data/raw/portwatch/Daily_Chokepoints_Data.csv,66f3a54afb042103f3e0afc9670568cb7be245394ec04eba55ebd158593f579d,pinned_primary_reference,seasonal_naive_7d,deterministic_daily_point,2026-07-05,16.0,83.0,,,67.0,7045.0
portwatch_two_vintage_four_specification_matrix_v1,297908c214a0afab30a377854585cb1788922334c3bba976f8e2a1141c6ed73e,bb050aa041e8fc1c8391b908baeab529aaf2e9944d5f35b07af661349176adce,pinned_primary,portwatch_chokepoints_snapshot,data/raw/portwatch/Daily_Chokepoints_Data.csv,66f3a54afb042103f3e0afc9670568cb7be245394ec04eba55ebd158593f579d,pinned_primary_reference,seasonal_naive_7d,deterministic_daily_point,2026-07-06,14.0,73.0,,,59.0,7104.0
portwatch_two_vintage_four_specification_matrix_v1,297908c214a0afab30a377854585cb1788922334c3bba976f8e2a1141c6ed73e,bb050aa041e8fc1c8391b908baeab529aaf2e9944d5f35b07af661349176adce,pinned_primary,portwatch_chokepoints_snapshot,data/raw/portwatch/Daily_Chokepoints_Data.csv,66f3a54afb042103f3e0afc9670568cb7be245394ec04eba55ebd158593f579d,pinned_primary_reference,seasonal_naive_7d,deterministic_daily_point,2026-07-07,12.0,32.0,,,20.0,7124.0
portwatch_two_vintage_four_specification_matrix_v1,297908c214a0afab30a377854585cb1788922334c3bba976f8e2a1141c6ed73e,bb050aa041e8fc1c8391b908baeab529aaf2e9944d5f35b07af661349176adce,pinned_primary,portwatch_chokepoints_snapshot,data/raw/portwatch/Daily_Chokepoints_Data.csv,66f3a54afb042103f3e0afc9670568cb7be245394ec04eba55ebd158593f579d,pinned_primary_reference,ar_lag1_7,deterministic_daily_point,2026-02-28,35.0,48.609703179579625,,,13.609703179579624,13.609703179579624
portwatch_two_vintage_four_specification_matrix_v1,297908c214a0afab30a377854585cb1788922334c3bba976f8e2a1141c6ed73e,bb050aa041e8fc1c8391b908baeab529aaf2e9944d5f35b07af661349176adce,pinned_primary,portwatch_chokepoints_snapshot,data/raw/portwatch/Daily_Chokepoints_Data.csv,66f3a54afb042103f3e0afc9670568cb7be245394ec04eba55ebd158593f579d,pinned_primary_reference,ar_lag1_7,deterministic_daily_point,2026-03-01,10.0,57.71054019685415,,,47.71054019685415,61.32024337643377
portwatch_two_vintage_four_specification_matrix_v1,297908c214a0afab30a377854585cb1788922334c3bba976f8e2a1141c6ed73e,bb050aa041e8fc1c8391b908baeab529aaf2e9944d5f35b07af661349176adce,pinned_primary,portwatch_chokepoints_snapshot,data/raw/portwatch/Daily_Chokepoints_Data.csv,66f3a54afb042103f3e0afc9670568cb7be245394ec04eba55ebd158593f579d,pinned_primary_reference,ar_lag1_7,deterministic_daily_point,2026-03-02,2.0,59.91792022875075,,,57.91792022875075,119.23816360518452
portwatch_two_vintage_four_specification_matrix_v1,297908c214a0afab30a377854585cb1788922334c3bba976f8e2a1141c6ed73e,bb050aa041e8fc1c8391b908baeab529aaf2e9944d5f35b07af661349176adce,pinned_primary,portwatch_chokepoints_snapshot,data/raw/portwatch/Daily_Chokepoints_Data.csv,66f3a54afb042103f3e0afc9670568cb7be245394ec04eba55ebd158593f579d,pinned_primary_reference,ar_lag1_7,deterministic_daily_point,2026-03-03,2.0,53.545210768238306,,,51.545210768238306,170.78337437342282
portwatch_two_vintage_four_specification_matrix_v1,297908c214a0afab30a377854585cb1788922334c3bba976f8e2a1141c6ed73e,bb050aa041e8fc1c8391b908baeab529aaf2e9944d5f35b07af661349176adce,pinned_primary,portwatch_chokepoints_snapshot,data/raw/portwatch/Daily_Chokepoints_Data.csv,66f3a54afb042103f3e0afc9670568cb7be245394ec04eba55ebd158593f579d,pinned_primary_reference,ar_lag1_7,deterministic_daily_point,2026-03-04,0.0,56.540447983083,,,56.540447983083,227.3238223565058
portwatch_two_vintage_four_specification_matrix_v1,297908c214a0afab30a377854585cb1788922334c3bba976f8e2a1141c6ed73e,bb050aa041e8fc1c8391b908baeab529aaf2e9944d5f35b07af661349176adce,pinned_primary,portwatch_chokepoints_snapshot,data/raw/portwatch/Daily_Chokepoints_Data.csv,66f3a54afb042103f3e0afc9670568cb7be245394ec04eba55ebd158593f579d,pinned_primary_reference,ar_lag1_7,deterministic_daily_point,2026-03-05,1.0,56.49856104355179,,,55.49856104355179,282.8223834000576
portwatch_two_vintage_four_specification_matrix_v1,297908c214a0afab30a377854585cb1788922334c3bba976f8e2a1141c6ed73e,bb050aa041e8fc1c8391b908baeab529aaf2e9944d5f35b07af661349176adce,pinned_primary,portwatch_chokepoints_snapshot,data/raw/portwatch/Daily_Chokepoints_Data.csv,66f3a54afb042103f3e0afc9670568cb7be245394ec04eba55ebd158593f579d,pinned_primary_reference,ar_lag1_7,deterministic_daily_point,2026-03-06,0.0,53.37628871638427,,,53.37628871638427,336.1986721164419
portwatch_two_vintage_four_specification_matrix_v1,297908c214a0afab30a377854585cb1788922334c3bba976f8e2a1141c6ed73e,bb050aa041e8fc1c8391b908baeab529aaf2e9944d5f35b07af661349176adce,pinned_primary,portwatch_chokepoints_snapshot,data/raw/portwatch/Daily_Chokepoints_Data.csv,66f3a54afb042103f3e0afc9670568cb7be245394ec04eba55ebd158593f579d,pinned_primary_reference,ar_lag1_7,deterministic_daily_point,2026-03-07,0.0,54.31470539071187,,,54.31470539071187,390.5133775071538
portwatch_two_vintage_four_specification_matrix_v1,297908c214a0afab30a377854585cb1788922334c3bba976f8e2a1141c6ed73e,bb050aa041e8fc1c8391b908baeab529aaf2e9944d5f35b07af661349176adce,pinned_primary,portwatch_chokepoints_snapshot,data/raw/portwatch/Daily_Chokepoints_Data.csv,66f3a54afb042103f3e0afc9670568cb7be245394ec04eba55ebd158593f579d,pinned_primary_reference,ar_lag1_7,deterministic_daily_point,2026-03-08,0.0,56.051504463714366,,,56.051504463714366,446.56488197086816
portwatch_two_vintage_four_specification_matrix_v1,297908c214a0afab30a377854585cb1788922334c3bba976f8e2a1141c6ed73e,bb050aa041e8fc1c8391b908baeab529aaf2e9944d5f35b07af661349176adce,pinned_primary,portwatch_chokepoints_snapshot,data/raw/portwatch/Daily_Chokepoints_Data.csv,66f3a54afb042103f3e0afc9670568cb7be245394ec04eba55ebd158593f579d,pinned_primary_reference,ar_lag1_7,deterministic_daily_point,2026-03-09,0.0,56.82019241745776,,,56.82019241745776,503.3850743883259
portwatch_two_vintage_four_specification_matrix_v1,297908c214a0afab30a377854585cb1788922334c3bba976f8e2a1141c6ed73e,bb050aa041e8fc1c8391b908baeab529aaf2e9944d5f35b07af661349176adce,pinned_primary,portwatch_chokepoints_snapshot,data/raw/portwatch/Daily_Chokepoints_Data.csv,66f3a54afb042103f3e0afc9670568cb7be245394ec04eba55ebd158593f579d,pinned_primary_reference,ar_lag1_7,deterministic_daily_point,2026-03-10,1.0,55.814851733614795,,,54.814851733614795,558.1999261219407
portwatch_two_vintage_four_specification_matrix_v1,297908c214a0afab30a377854585cb1788922334c3bba976f8e2a1141c6ed73e,bb050aa041e8fc1c8391b908baeab529aaf2e9944d5f35b07af661349176adce,pinned_primary,portwatch_chokepoints_snapshot,data/raw/portwatch/Daily_Chokepoints_Data.csv,66f3a54afb042103f3e0afc9670568cb7be245394ec04eba55ebd158593f579d,pinned_primary_reference,ar_lag1_7,deterministic_daily_point,2026-03-11,1.0,55.985792816522384,,,54.985792816522384,613.1857189384631
portwatch_two_vintage_four_specification_matrix_v1,297908c214a0afab30a377854585cb1788922334c3bba976f8e2a1141c6ed73e,bb050aa041e8fc1c8391b908baeab529aaf2e9944d5f35b07af661349176adce,pinned_primary,portwatch_chokepoints_snapshot,data/raw/portwatch/Daily_Chokepoints_Data.csv,66f3a54afb042103f3e0afc9670568cb7be245394ec04eba55ebd158593f579d,pinned_primary_reference,ar_lag1_7,deterministic_daily_point,2026-03-12,0.0,56.49165175283239,,,56.49165175283239,669.6773706912954
portwatch_two_vintage_four_specification_matrix_v1,297908c214a0afab30a377854585cb1788922334c3bba976f8e2a1141c6ed73e,bb050aa041e8fc1c8391b908baeab529aaf2e9944d5f35b07af661349176adce,pinned_primary,portwatch_chokepoints_snapshot,data/raw/portwatch/Daily_Chokepoints_Data.csv,66f3a54afb042103f3e0afc9670568cb7be245394ec04eba55ebd158593f579d,pinned_primary_reference,ar_lag1_7,deterministic_daily_point,2026-03-13,0.0,56.59221835521494,,,56.59221835521494,726.2695890465104
portwatch_two_vintage_four_specification_matrix_v1,297908c214a0afab30a377854585cb1788922334c3bba976f8e2a1141c6ed73e,bb050aa041e8fc1c8391b908baeab529aaf2e9944d5f35b07af661349176adce,pinned_primary,portwatch_chokepoints_snapshot,data/raw/portwatch/Daily_Chokepoints_Data.csv,66f3a54afb042103f3e0afc9670568cb7be245394ec04eba55ebd158593f579d,pinned_primary_reference,ar_lag1_7,deterministic_daily_point,2026-03-14,0.0,56.87636566100408,,,56.87636566100408,783.1459547075145
portwatch_two_vintage_four_specification_matrix_v1,297908c214a0afab30a377854585cb1788922334c3bba976f8e2a1141c6ed73e,bb050aa041e8fc1c8391b908baeab529aaf2e9944d5f35b07af661349176adce,pinned_primary,portwatch_chokepoints_snapshot,data/raw/portwatch/Daily_Chokepoints_Data.csv,66f3a54afb042103f3e0afc9670568cb7be245394ec04eba55ebd158593f579d,pinned_primary_reference,ar_lag1_7,deterministic_daily_point,2026-03-15,2.0,57.00525365221304,,,55.00525365221304,838.1512083597275
portwatch_two_vintage_four_specification_matrix_v1,297908c214a0afab30a377854585cb1788922334c3bba976f8e2a1141c6ed73e,bb050aa041e8fc1c8391b908baeab529aaf2e9944d5f35b07af661349176adce,pinned_primary,portwatch_chokepoints_snapshot,data/raw/portwatch/Daily_Chokepoints_Data.csv,66f3a54afb042103f3e0afc9670568cb7be245394ec04eba55ebd158593f579d,pinned_primary_reference,ar_lag1_7,deterministic_daily_point,2026-03-16,0.0,56.7408184686938,,,56.7408184686938,894.8920268284213
portwatch_two_vintage_four_specification_matrix_v1,297908c214a0afab30a377854585cb1788922334c3bba976f8e2a1141c6ed73e,bb050aa041e8fc1c8391b908baeab529aaf2e9944d5f35b07af661349176adce,pinned_primary,portwatch_chokepoints_snapshot,data/raw/portwatch/Daily_Chokepoints_Data.csv,66f3a54afb042103f3e0afc9670568cb7be245394ec04eba55ebd158593f579d,pinned_primary_reference,ar_lag1_7,deterministic_daily_point,2026-03-17,1.0,56.173905332756725,,,55.173905332756725,950.065932161178
portwatch_two_vintage_four_specification_matrix_v1,297908c214a0afab30a377854585cb1788922334c3bba976f8e2a1141c6ed73e,bb050aa041e8fc1c8391b908baeab529aaf2e9944d5f35b07af661349176adce,pinned_primary,portwatch_chokepoints_snapshot,data/raw/portwatch/Daily_Chokepoints_Data.csv,66f3a54afb042103f3e0afc9670568cb7be245394ec04eba55ebd158593f579d,pinned_primary_reference,ar_lag1_7,deterministic_daily_point,2026-03-18,0.0,56.06304374255215,,,56.06304374255215,1006.1289759037302
portwatch_two_vintage_four_specification_matrix_v1,297908c214a0afab30a377854585cb1788922334c3bba976f8e2a1141c6ed73e,bb050aa041e8fc1c8391b908baeab529aaf2e9944d5f35b07af661349176adce,pinned_primary,portwatch_chokepoints_snapshot,data/raw/portwatch/Daily_Chokepoints_Data.csv,66f3a54afb042103f3e0afc9670568cb7be245394ec04eba55ebd158593f579d,pinned_primary_reference,ar_lag1_7,deterministic_daily_point,2026-03-19,0.0,56.52796790635502,,,56.52796790635502,1062.6569438100853
portwatch_two_vintage_four_specification_matrix_v1,297908c214a0afab30a377854585cb1788922334c3bba976f8e2a1141c6ed73e,bb050aa041e8fc1c8391b908baeab529aaf2e9944d5f35b07af661349176adce,pinned_primary,portwatch_chokepoints_snapshot,data/raw/portwatch/Daily_Chokepoints_Data.csv,66f3a54afb042103f3e0afc9670568cb7be245394ec04eba55ebd158593f579d,pinned_primary_reference,ar_lag1_7,deterministic_daily_point,2026-03-20,2.0,57.17324874547515,,,55.17324874547515,1117.8301925555604
portwatch_two_vintage_four_specification_matrix_v1,297908c214a0afab30a377854585cb1788922334c3bba976f8e2a1141c6ed73e,bb050aa041e8fc1c8391b908baeab529aaf2e9944d5f35b07af661349176adce,pinned_primary,portwatch_chokepoints_snapshot,data/raw/portwatch/Daily_Chokepoints_Data.csv,66f3a54afb042103f3e0afc9670568cb7be245394ec04eba55ebd158593f579d,pinned_primary_reference,ar_lag1_7,deterministic_daily_point,2026-03-21,0.0,57.6073851711823,,,57.6073851711823,1175.4375777267428
portwatch_two_vintage_four_specification_matrix_v1,297908c214a0afab30a377854585cb1788922334c3bba976f8e2a1141c6ed73e,bb050aa041e8fc1c8391b908baeab529aaf2e9944d5f35b07af661349176adce,pinned_primary,portwatch_chokepoints_snapshot,data/raw/portwatch/Daily_Chokepoints_Data.csv,66f3a54afb042103f3e0afc9670568cb7be245394ec04eba55ebd158593f579d,pinned_primary_reference,ar_lag1_7,deterministic_daily_point,2026-03-22,0.0,57.527449091318374,,,57.527449091318374,1232.9650268180612
portwatch_two_vintage_four_specification_matrix_v1,297908c214a0afab30a377854585cb1788922334c3bba976f8e2a1141c6ed73e,bb050aa041e8fc1c8391b908baeab529aaf2e9944d5f35b07af661349176adce,pinned_primary,portwatch_chokepoints_snapshot,data/raw/portwatch/Daily_Chokepoints_Data.csv,66f3a54afb042103f3e0afc9670568cb7be245394ec04eba55ebd158593f579d,pinned_primary_reference,ar_lag1_7,deterministic_daily_point,2026-03-23,2.0,56.98058269497132,,,54.98058269497132,1287.9456095130329
portwatch_two_vintage_four_specification_matrix_v1,297908c214a0afab30a377854585cb1788922334c3bba976f8e2a1141c6ed73e,bb050aa041e8fc1c8391b908baeab529aaf2e9944d5f35b07af661349176adce,pinned_primary,portwatch_chokepoints_snapshot,data/raw/portwatch/Daily_Chokepoints_Data.csv,66f3a54afb042103f3e0afc9670568cb7be245394ec04eba55ebd158593f579d,pinned_primary_reference,ar_lag1_7,deterministic_daily_point,2026-03-24,1.0,56.35327831301435,,,55.35327831301435,1343.298887826047
portwatch_two_vintage_four_specification_matrix_v1,297908c214a0afab30a377854585cb1788922334c3bba976f8e2a1141c6ed73e,bb050aa041e8fc1c8391b908baeab529aaf2e9944d5f35b07af661349176adce,pinned_primary,portwatch_chokepoints_snapshot,data/raw/portwatch/Daily_Chokepoints_Data.csv,66f3a54afb042103f3e0afc9670568cb7be245394ec04eba55ebd158593f579d,pinned_primary_reference,ar_lag1_7,deterministic_daily_point,2026-03-25,1.0,56.16371201209175,,,55.16371201209175,1398.4625998381389
portwatch_two_vintage_four_specification_matrix_v1,297908c214a0afab30a377854585cb1788922334c3bba976f8e2a1141c6ed73e,bb050aa041e8fc1c8391b908baeab529aaf2e9944d5f35b07af661349176adce,pinned_primary,portwatch_chokepoints_snapshot,data/raw/portwatch/Daily_Chokepoints_Data.csv,66f3a54afb042103f3e0afc9670568cb7be245394ec04eba55ebd158593f579d,pinned_primary_reference,ar_lag1_7,deterministic_daily_point,2026-03-26,0.0,56.58323215448472,,,56.58323215448472,1455.045831992623
portwatch_two_vintage_four_specification_matrix_v1,297908c214a0afab30a377854585cb1788922334c3bba976f8e2a1141c6ed73e,bb050aa041e8fc1c8391b908baeab529aaf2e9944d5f35b07af661349176adce,pinned_primary,portwatch_chokepoints_snapshot,data/raw/portwatch/Daily_Chokepoints_Data.csv,66f3a54afb042103f3e0afc9670568cb7be245394ec04eba55ebd158593f579d,pinned_primary_reference,ar_lag1_7,deterministic_daily_point,2026-03-27,0.0,57.30188368019232,,,57.30188368019232,1512.3477156728156
portwatch_two_vintage_four_specification_matrix_v1,297908c214a0afab30a377854585cb1788922334c3bba976f8e2a1141c6ed73e,bb050aa041e8fc1c8391b908baeab529aaf2e9944d5f35b07af661349176adce,pinned_primary,portwatch_chokepoints_snapshot,data/raw/portwatch/Daily_Chokepoints_Data.csv,66f3a54afb042103f3e0afc9670568cb7be245394ec04eba55ebd158593f579d,pinned_primary_reference,ar_lag1_7,deterministic_daily_point,2026-03-28,1.0,57.79793789023275,,,56.79793789023275,1569.1456535630484
portwatch_two_vintage_four_specification_matrix_v1,297908c214a0afab30a377854585cb1788922334c3bba976f8e2a1141c6ed73e,bb050aa041e8fc1c8391b908baeab529aaf2e9944d5f35b07af661349176adce,pinned_primary,portwatch_chokepoints_snapshot,data/raw/portwatch/Daily_Chokepoints_Data.csv,66f3a54afb042103f3e0afc9670568cb7be245394ec04eba55ebd158593f579d,pinned_primary_reference,ar_lag1_7,deterministic_daily_point,2026-03-29,2.0,57.7114966716569,,,55.7114966716569,1624.8571502347054
portwatch_two_vintage_four_specification_matrix_v1,297908c214a0afab30a377854585cb1788922334c3bba976f8e2a1141c6ed73e,bb050aa041e8fc1c8391b908baeab529aaf2e9944d5f35b07af661349176adce,pinned_primary,portwatch_chokepoints_snapshot,data/raw/portwatch/Daily_Chokepoints_Data.csv,66f3a54afb042103f3e0afc9670568cb7be245394ec04eba55ebd158593f579d,pinned_primary_reference,ar_lag1_7,deterministic_daily_point,2026-03-30,5.0,57.111991978162486,,,52.111991978162486,1676.9691422128678
portwatch_two_vintage_four_specification_matrix_v1,297908c214a0afab30a377854585cb1788922334c3bba976f8e2a1141c6ed73e,bb050aa041e8fc1c8391b908baeab529aaf2e9944d5f35b07af661349176adce,pinned_primary,portwatch_chokepoints_snapshot,data/raw/portwatch/Daily_Chokepoints_Data.csv,66f3a54afb042103f3e0afc9670568cb7be245394ec04eba55ebd158593f579d,pinned_primary_reference,ar_lag1_7,deterministic_daily_point,2026-03-31,5.0,56.448537467413104,,,51.448537467413104,1728.417679680281
portwatch_two_vintage_four_specification_matrix_v1,297908c214a0afab30a377854585cb1788922334c3bba976f8e2a1141c6ed73e,bb050aa041e8fc1c8391b908baeab529aaf2e9944d5f35b07af661349176adce,pinned_primary,portwatch_chokepoints_snapshot,data/raw/portwatch/Daily_Chokepoints_Data.csv,66f3a54afb042103f3e0afc9670568cb7be245394ec04eba55ebd158593f579d,pinned_primary_reference,ar_lag1_7,deterministic_daily_point,2026-04-01,3.0,56.22762229816461,,,53.22762229816461,1781.6453019784456
portwatch_two_vintage_four_specification_matrix_v1,297908c214a0afab30a377854585cb1788922334c3bba976f8e2a1141c6ed73e,bb050aa041e8fc1c8391b908baeab529aaf2e9944d5f35b07af661349176adce,pinned_primary,portwatch_chokepoints_snapshot,data/raw/portwatch/Daily_Chokepoints_Data.csv,66f3a54afb042103f3e0afc9670568cb7be245394ec04eba55ebd158593f579d,pinned_primary_reference,ar_lag1_7,deterministic_daily_point,2026-04-02,1.0,56.623959750932826,,,55.623959750932826,1837.2692617293785
portwatch_two_vintage_four_specification_matrix_v1,297908c214a0afab30a377854585cb1788922334c3bba976f8e2a1141c6ed73e,bb050aa041e8fc1c8391b908baeab529aaf2e9944d5f35b07af661349176adce,pinned_primary,portwatch_chokepoints_snapshot,data/raw/portwatch/Daily_Chokepoints_Data.csv,66f3a54afb042103f3e0afc9670568cb7be245394ec04eba55ebd158593f579d,pinned_primary_reference,ar_lag1_7,deterministic_daily_point,2026-04-03,5.0,57.34420329174646,,,52.34420329174646,1889.6134650211247
portwatch_two_vintage_four_specification_matrix_v1,297908c214a0afab30a377854585cb1788922334c3bba976f8e2a1141c6ed73e,bb050aa041e8fc1c8391b908baeab529aaf2e9944d5f35b07af661349176adce,pinned_primary,portwatch_chokepoints_snapshot,data/raw/portwatch/Daily_Chokepoints_Data.csv,66f3a54afb042103f3e0afc9670568cb7be245394ec04eba55ebd158593f579d,pinned_primary_reference,ar_lag1_7,deterministic_daily_point,2026-04-04,4.0,57.85187805085652,,,53.85187805085652,1943.4653430719816
portwatch_two_vintage_four_specification_matrix_v1,297908c214a0afab30a377854585cb1788922334c3bba976f8e2a1141c6ed73e,bb050aa041e8fc1c8391b908baeab529aaf2e9944d5f35b07af661349176adce,pinned_primary,portwatch_chokepoints_snapshot,data/raw/portwatch/Daily_Chokepoints_Data.csv,66f3a54afb042103f3e0afc9670568cb7be245394ec04eba55ebd158593f579d,pinned_primary_reference,ar_lag1_7,deterministic_daily_point,2026-04-05,5.0,57.76994218946241,,,52.76994218946241,1996.235285261444
portwatch_two_vintage_four_specification_matrix_v1,297908c214a0afab30a377854585cb1788922334c3bba976f8e2a1141c6ed73e,bb050aa041e8fc1c8391b908baeab529aaf2e9944d5f35b07af661349176adce,pinned_primary,portwatch_chokepoints_snapshot,data/raw/portwatch/Daily_Chokepoints_Data.csv,66f3a54afb042103f3e0afc9670568cb7be245394ec04eba55ebd158593f579d,pinned_primary_reference,ar_lag1_7,deterministic_daily_point,2026-04-06,1.0,57.163404543190886,,,56.163404543190886,2052.3986898046346
portwatch_two_vintage_four_specification_matrix_v1,297908c214a0afab30a377854585cb1788922334c3bba976f8e2a1141c6ed73e,bb050aa041e8fc1c8391b908baeab529aaf2e9944d5f35b07af661349176adce,pinned_primary,portwatch_chokepoints_snapshot,data/raw/portwatch/Daily_Chokepoints_Data.csv,66f3a54afb042103f3e0afc9670568cb7be245394ec04eba55ebd158593f579d,pinned_primary_reference,ar_lag1_7,deterministic_daily_point,2026-04-07,3.0,56.49020056871904,,,53.49020056871904,2105.8888903733537
portwatch_two_vintage_four_specification_matrix_v1,297908c214a0afab30a377854585cb1788922334c3bba976f8e2a1141c6ed73e,bb050aa041e8fc1c8391b908baeab529aaf2e9944d5f35b07af661349176adce,pinned_primary,portwatch_chokepoints_snapshot,data/raw/portwatch/Daily_Chokepoints_Data.csv,66f3a54afb042103f3e0afc9670568cb7be245394ec04eba55ebd158593f579d,pinned_primary_reference,ar_lag1_7,deterministic_daily_point,2026-04-08,1.0,56.25905744073978,,,55.25905744073978,2161.1479478140936
portwatch_two_vintage_four_specification_matrix_v1,297908c214a0afab30a377854585cb1788922334c3bba976f8e2a1141c6ed73e,bb050aa041e8fc1c8391b908baeab529aaf2e9944d5f35b07af661349176adce,pinned_primary,portwatch_chokepoints_snapshot,data/raw/portwatch/Daily_Chokepoints_Data.csv,66f3a54afb042103f3e0afc9670568cb7be245394ec04eba55ebd158593f579d,pinned_primary_reference,ar_lag1_7,deterministic_daily_point,2026-04-09,5.0,56.646365101800946,,,51.646365101800946,2212.794312915895
portwatch_two_vintage_four_specification_matrix_v1,297908c214a0afab30a377854585cb1788922334c3bba976f8e2a1141c6ed73e,bb050aa041e8fc1c8391b908baeab529aaf2e9944d5f35b07af661349176adce,pinned_primary,portwatch_chokepoints_snapshot,data/raw/portwatch/Daily_Chokepoints_Data.csv,66f3a54afb042103f3e0afc9670568cb7be245394ec04eba55ebd158593f579d,pinned_primary_reference,ar_lag1_7,deterministic_daily_point,2026-04-10,1.0,57.362501095528,,,56.362501095528,2269.1568140114227
portwatch_two_vintage_four_specification_matrix_v1,297908c214a0afab30a377854585cb1788922334c3bba976f8e2a1141c6ed73e,bb050aa041e8fc1c8391b908baeab529aaf2e9944d5f35b07af661349176adce,pinned_primary,portwatch_chokepoints_snapshot,data/raw/portwatch/Daily_Chokepoints_Data.csv,66f3a54afb042103f3e0afc9670568cb7be245394ec04eba55ebd158593f579d,pinned_primary_reference,ar_lag1_7,deterministic_daily_point,2026-04-11,4.0,57.87021627938474,,,53.87021627938474,2323.0270302908075
portwatch_two_vintage_four_specification_matrix_v1,297908c214a0afab30a377854585cb1788922334c3bba976f8e2a1141c6ed73e,bb050aa041e8fc1c8391b908baeab529aaf2e9944d5f35b07af661349176adce,pinned_primary,portwatch_chokepoints_snapshot,data/raw/portwatch/Daily_Chokepoints_Data.csv,66f3a54afb042103f3e0afc9670568cb7be245394ec04eba55ebd158593f579d,pinned_primary_reference,ar_lag1_7,deterministic_daily_point,2026-04-12,4.0,57.78908933511327,,,53.78908933511327,2376.8161196259207
portwatch_two_vintage_four_specification_matrix_v1,297908c214a0afab30a377854585cb1788922334c3bba976f8e2a1141c6ed73e,bb050aa041e8fc1c8391b908baeab529aaf2e9944d5f35b07af661349176adce,pinned_primary,portwatch_chokepoints_snapshot,data/raw/portwatch/Daily_Chokepoints_Data.csv,66f3a54afb042103f3e0afc9670568cb7be245394ec04eba55ebd158593f579d,pinned_primary_reference,ar_lag1_7,deterministic_daily_point,2026-04-13,4.0,57.18171255902632,,,53.18171255902632,2429.997832184947
portwatch_two_vintage_four_specification_matrix_v1,297908c214a0afab30a377854585cb1788922334c3bba976f8e2a1141c6ed73e,bb050aa041e8fc1c8391b908baeab529aaf2e9944d5f35b07af661349176adce,pinned_primary,portwatch_chokepoints_snapshot,data/raw/portwatch/Daily_Chokepoints_Data.csv,66f3a54afb042103f3e0afc9670568cb7be245394ec04eba55ebd158593f579d,pinned_primary_reference,ar_lag1_7,deterministic_daily_point,2026-04-14,5.0,56.50639297741303,,,51.50639297741303,2481.50422516236
portwatch_two_vintage_four_specification_matrix_v1,297908c214a0afab30a377854585cb1788922334c3bba976f8e2a1141c6ed73e,bb050aa041e8fc1c8391b908baeab529aaf2e9944d5f35b07af661349176adce,pinned_primary,portwatch_chokepoints_snapshot,data/raw/portwatch/Daily_Chokepoints_Data.csv,66f3a54afb042103f3e0afc9670568cb7be245394ec04eba55ebd158593f579d,pinned_primary_reference,ar_lag1_7,deterministic_daily_point,2026-04-15,7.0,56.272430335396024,,,49.272430335396024,2530.776655497756
portwatch_two_vintage_four_specification_matrix_v1,297908c214a0afab30a377854585cb1788922334c3bba976f8e2a1141c6ed73e,bb050aa041e8fc1c8391b908baeab529aaf2e9944d5f35b07af661349176adce,pinned_primary,portwatch_chokepoints_snapshot,data/raw/portwatch/Daily_Chokepoints_Data.csv,66f3a54afb042103f3e0afc9670568cb7be245394ec04eba55ebd158593f579d,pinned_primary_reference,ar_lag1_7,deterministic_daily_point,2026-04-16,5.0,56.65678644525228,,,51.65678644525228,2582.4334419430083
portwatch_two_vintage_four_specification_matrix_v1,297908c214a0afab30a377854585cb1788922334c3bba976f8e2a1141c6ed73e,bb050aa041e8fc1c8391b908baeab529aaf2e9944d5f35b07af661349176adce,pinned_primary,portwatch_chokepoints_snapshot,data/raw/portwatch/Daily_Chokepoints_Data.csv,66f3a54afb042103f3e0afc9670568cb7be245394ec04eba55ebd158593f579d,pinned_primary_reference,ar_lag1_7,deterministic_daily_point,2026-04-17,10.0,57.370769060444765,,,47.370769060444765,2629.804211003453
portwatch_two_vintage_four_specification_matrix_v1,297908c214a0afab30a377854585cb1788922334c3bba976f8e2a1141c6ed73e,bb050aa041e8fc1c8391b908baeab529aaf2e9944d5f35b07af661349176adce,pinned_primary,portwatch_chokepoints_snapshot,data/raw/portwatch/Daily_Chokepoints_Data.csv,66f3a54afb042103f3e0afc9670568cb7be245394ec04eba55ebd158593f579d,pinned_primary_reference,ar_lag1_7,deterministic_daily_point,2026-04-18,14.0,57.877445268662086,,,43.877445268662086,2673.681656272115
portwatch_two_vintage_four_specification_matrix_v1,297908c214a0afab30a377854585cb1788922334c3bba976f8e2a1141c6ed73e,bb050aa041e8fc1c8391b908baeab529aaf2e9944d5f35b07af661349176adce,pinned_primary,portwatch_chokepoints_snapshot,data/raw/portwatch/Daily_Chokepoints_Data.csv,66f3a54afb042103f3e0afc9670568cb7be245394ec04eba55ebd158593f579d,pinned_primary_reference,ar_lag1_7,deterministic_daily_point,2026-04-19,5.0,57.79595532769034,,,52.79595532769034,2726.4776115998056
portwatch_two_vintage_four_specification_matrix_v1,297908c214a0afab30a377854585cb1788922334c3bba976f8e2a1141c6ed73e,bb050aa041e8fc1c8391b908baeab529aaf2e9944d5f35b07af661349176adce,pinned_primary,portwatch_chokepoints_snapshot,data/raw/portwatch/Daily_Chokepoints_Data.csv,66f3a54afb042103f3e0afc9670568cb7be245394ec04eba55ebd158593f579d,pinned_primary_reference,ar_lag1_7,deterministic_daily_point,2026-04-20,5.0,57.18825521227527,,,52.18825521227527,2778.665866812081
portwatch_two_vintage_four_specification_matrix_v1,297908c214a0afab30a377854585cb1788922334c3bba976f8e2a1141c6ed73e,bb050aa041e8fc1c8391b908baeab529aaf2e9944d5f35b07af661349176adce,pinned_primary,portwatch_chokepoints_snapshot,data/raw/portwatch/Daily_Chokepoints_Data.csv,66f3a54afb042103f3e0afc9670568cb7be245394ec04eba55ebd158593f579d,pinned_primary_reference,ar_lag1_7,deterministic_daily_point,2026-04-21,3.0,56.51240793372372,,,53.51240793372372,2832.1782747458046
portwatch_two_vintage_four_specification_matrix_v1,297908c214a0afab30a377854585cb1788922334c3bba976f8e2a1141c6ed73e,bb050aa041e8fc1c8391b908baeab529aaf2e9944d5f35b07af661349176adce,pinned_primary,portwatch_chokepoints_snapshot,data/raw/portwatch/Daily_Chokepoints_Data.csv,66f3a54afb042103f3e0afc9670568cb7be245394ec04eba55ebd158593f579d,pinned_primary_reference,ar_lag1_7,deterministic_daily_point,2026-04-22,4.0,56.27769500764047,,,52.27769500764047,2884.455969753445
portwatch_two_vintage_four_specification_matrix_v1,297908c214a0afab30a377854585cb1788922334c3bba976f8e2a1141c6ed73e,bb050aa041e8fc1c8391b908baeab529aaf2e9944d5f35b07af661349176adce,pinned_primary,portwatch_chokepoints_snapshot,data/raw/portwatch/Daily_Chokepoints_Data.csv,66f3a54afb042103f3e0afc9670568cb7be245394ec04eba55ebd158593f579d,pinned_primary_reference,ar_lag1_7,deterministic_daily_point,2026-04-23,2.0,56.661169574972355,,,54.661169574972355,2939.1171393284176
portwatch_two_vintage_four_specification_matrix_v1,297908c214a0afab30a377854585cb1788922334c3bba976f8e2a1141c6ed73e,bb050aa041e8fc1c8391b908baeab529aaf2e9944d5f35b07af661349176adce,pinned_primary,portwatch_chokepoints_snapshot,data/raw/portwatch/Daily_Chokepoints_Data.csv,66f3a54afb042103f3e0afc9670568cb7be245394ec04eba55ebd158593f579d,pinned_primary_reference,ar_lag1_7,deterministic_daily_point,2026-04-24,3.0,57.37434671499558,,,54.37434671499558,2993.4914860434133
portwatch_two_vintage_four_specification_matrix_v1,297908c214a0afab30a377854585cb1788922334c3bba976f8e2a1141c6ed73e,bb050aa041e8fc1c8391b908baeab529aaf2e9944d5f35b07af661349176adce,pinned_primary,portwatch_chokepoints_snapshot,data/raw/portwatch/Daily_Chokepoints_Data.csv,66f3a54afb042103f3e0afc9670568cb7be245394ec04eba55ebd158593f579d,pinned_primary_reference,ar_lag1_7,deterministic_daily_point,2026-04-25,2.0,57.880449628511464,,,55.880449628511464,3049.371935671925
portwatch_two_vintage_four_specification_matrix_v1,297908c214a0afab30a377854585cb1788922334c3bba976f8e2a1141c6ed73e,bb050aa041e8fc1c8391b908baeab529aaf2e9944d5f35b07af661349176adce,pinned_primary,portwatch_chokepoints_snapshot,data/raw/portwatch/Daily_Chokepoints_Data.csv,66f3a54afb042103f3e0afc9670568cb7be245394ec04eba55ebd158593f579d,pinned_primary_reference,ar_lag1_7,deterministic_daily_point,2026-04-26,2.0,57.79861760300221,,,55.79861760300221,3105.170553274927
portwatch_two_vintage_four_specification_matrix_v1,297908c214a0afab30a377854585cb1788922334c3bba976f8e2a1141c6ed73e,bb050aa041e8fc1c8391b908baeab529aaf2e9944d5f35b07af661349176adce,pinned_primary,portwatch_chokepoints_snapshot,data/raw/portwatch/Daily_Chokepoints_Data.csv,66f3a54afb042103f3e0afc9670568cb7be245394ec04eba55ebd158593f579d,pinned_primary_reference,ar_lag1_7,deterministic_daily_point,2026-04-27,0.0,57.19069466662863,,,57.19069466662863,3162.3612479415556
portwatch_two_vintage_four_specification_matrix_v1,297908c214a0afab30a377854585cb1788922334c3bba976f8e2a1141c6ed73e,bb050aa041e8fc1c8391b908baeab529aaf2e9944d5f35b07af661349176adce,pinned_primary,portwatch_chokepoints_snapshot,data/raw/portwatch/Daily_Chokepoints_Data.csv,66f3a54afb042103f3e0afc9670568cb7be245394ec04eba55ebd158593f579d,pinned_primary_reference,ar_lag1_7,deterministic_daily_point,2026-04-28,2.0,56.5146467016008,,,54.5146467016008,3216.875894643156
portwatch_two_vintage_four_specification_matrix_v1,297908c214a0afab30a377854585cb1788922334c3bba976f8e2a1141c6ed73e,bb050aa041e8fc1c8391b908baeab529aaf2e9944d5f35b07af661349176adce,pinned_primary,portwatch_chokepoints_snapshot,data/raw/portwatch/Daily_Chokepoints_Data.csv,66f3a54afb042103f3e0afc9670568cb7be245394ec04eba55ebd158593f579d,pinned_primary_reference,ar_lag1_7,deterministic_daily_point,2026-04-29,3.0,56.27970484705971,,,53.27970484705971,3270.155599490216
portwatch_two_vintage_four_specification_matrix_v1,297908c214a0afab30a377854585cb1788922334c3bba976f8e2a1141c6ed73e,bb050aa041e8fc1c8391b908baeab529aaf2e9944d5f35b07af661349176adce,pinned_primary,portwatch_chokepoints_snapshot,data/raw/portwatch/Daily_Chokepoints_Data.csv,66f3a54afb042103f3e0afc9670568cb7be245394ec04eba55ebd158593f579d,pinned_primary_reference,ar_lag1_7,deterministic_daily_point,2026-04-30,4.0,56.66291377191511,,,52.66291377191511,3322.818513262131
portwatch_two_vintage_four_specification_matrix_v1,297908c214a0afab30a377854585cb1788922334c3bba976f8e2a1141c6ed73e,bb050aa041e8fc1c8391b908baeab529aaf2e9944d5f35b07af661349176adce,pinned_primary,portwatch_chokepoints_snapshot,data/raw/portwatch/Daily_Chokepoints_Data.csv,66f3a54afb042103f3e0afc9670568cb7be245394ec04eba55ebd158593f579d,pinned_primary_reference,ar_lag1_7,deterministic_daily_point,2026-05-01,4.0,57.3758207607163,,,53.3758207607163,3376.194334022847
portwatch_two_vintage_four_specification_matrix_v1,297908c214a0afab30a377854585cb1788922334c3bba976f8e2a1141c6ed73e,bb050aa041e8fc1c8391b908baeab529aaf2e9944d5f35b07af661349176adce,pinned_primary,portwatch_chokepoints_snapshot,data/raw/portwatch/Daily_Chokepoints_Data.csv,66f3a54afb042103f3e0afc9670568cb7be245394ec04eba55ebd158593f579d,pinned_primary_reference,ar_lag1_7,deterministic_daily_point,2026-05-02,5.0,57.88169200776248,,,52.88169200776248,3429.0760260306097
portwatch_two_vintage_four_specification_matrix_v1,297908c214a0afab30a377854585cb1788922334c3bba976f8e2a1141c6ed73e,bb050aa041e8fc1c8391b908baeab529aaf2e9944d5f35b07af661349176adce,pinned_primary,portwatch_chokepoints_snapshot,data/raw/portwatch/Daily_Chokepoints_Data.csv,66f3a54afb042103f3e0afc9670568cb7be245394ec04eba55ebd158593f579d,pinned_primary_reference,ar_lag1_7,deterministic_daily_point,2026-05-03,1.0,57.7996875157191,,,56.7996875157191,3485.875713546329
portwatch_two_vintage_four_specification_matrix_v1,297908c214a0afab30a377854585cb1788922334c3bba976f8e2a1141c6ed73e,bb050aa041e8fc1c8391b908baeab529aaf2e9944d5f35b07af661349176adce,pinned_primary,portwatch_chokepoints_snapshot,data/raw/portwatch/Daily_Chokepoints_Data.csv,66f3a54afb042103f3e0afc9670568cb7be245394ec04eba55ebd158593f579d,pinned_primary_reference,ar_lag1_7,deterministic_daily_point,2026-05-04,0.0,57.191641764084864,,,57.191641764084864,3543.067355310414
portwatch_two_vintage_four_specification_matrix_v1,297908c214a0afab30a377854585cb1788922334c3bba976f8e2a1141c6ed73e,bb050aa041e8fc1c8391b908baeab529aaf2e9944d5f35b07af661349176adce,pinned_primary,portwatch_chokepoints_snapshot,data/raw/portwatch/Daily_Chokepoints_Data.csv,66f3a54afb042103f3e0afc9670568cb7be245394ec04eba55ebd158593f579d,pinned_primary_reference,ar_lag1_7,deterministic_daily_point,2026-05-05,0.0,56.51549898081782,,,56.51549898081782,3599.582854291232
portwatch_two_vintage_four_specification_matrix_v1,297908c214a0afab30a377854585cb1788922334c3bba976f8e2a1141c6ed73e,bb050aa041e8fc1c8391b908baeab529aaf2e9944d5f35b07af661349176adce,pinned_primary,portwatch_chokepoints_snapshot,data/raw/portwatch/Daily_Chokepoints_Data.csv,66f3a54afb042103f3e0afc9670568cb7be245394ec04eba55ebd158593f579d,pinned_primary_reference,ar_lag1_7,deterministic_daily_point,2026-05-06,0.0,56.28047096066485,,,56.28047096066485,3655.8633252518966
portwatch_two_vintage_four_specification_matrix_v1,297908c214a0afab30a377854585cb1788922334c3bba976f8e2a1141c6ed73e,bb050aa041e8fc1c8391b908baeab529aaf2e9944d5f35b07af661349176adce,pinned_primary,portwatch_chokepoints_snapshot,data/raw/portwatch/Daily_Chokepoints_Data.csv,66f3a54afb042103f3e0afc9670568cb7be245394ec04eba55ebd158593f579d,pinned_primary_reference,ar_lag1_7,deterministic_daily_point,2026-05-07,1.0,56.663591491321704,,,55.663591491321704,3711.5269167432184
portwatch_two_vintage_four_specification_matrix_v1,297908c214a0afab30a377854585cb1788922334c3bba976f8e2a1141c6ed73e,bb050aa041e8fc1c8391b908baeab529aaf2e9944d5f35b07af661349176adce,pinned_primary,portwatch_chokepoints_snapshot,data/raw/portwatch/Daily_Chokepoints_Data.csv,66f3a54afb042103f3e0afc9670568cb7be245394ec04eba55ebd158593f579d,pinned_primary_reference,ar_lag1_7,deterministic_daily_point,2026-05-08,1.0,57.3764082134592,,,56.3764082134592,3767.903324956678
portwatch_two_vintage_four_specification_matrix_v1,297908c214a0afab30a377854585cb1788922334c3bba976f8e2a1141c6ed73e,bb050aa041e8fc1c8391b908baeab529aaf2e9944d5f35b07af661349176adce,pinned_primary,portwatch_chokepoints_snapshot,data/raw/portwatch/Daily_Chokepoints_Data.csv,66f3a54afb042103f3e0afc9670568cb7be245394ec04eba55ebd158593f579d,pinned_primary_reference,ar_lag1_7,deterministic_daily_point,2026-05-09,2.0,57.882195026271305,,,55.882195026271305,3823.785519982949
portwatch_two_vintage_four_specification_matrix_v1,297908c214a0afab30a377854585cb1788922334c3bba976f8e2a1141c6ed73e,bb050aa041e8fc1c8391b908baeab529aaf2e9944d5f35b07af661349176adce,pinned_primary,portwatch_chokepoints_snapshot,data/raw/portwatch/Daily_Chokepoints_Data.csv,66f3a54afb042103f3e0afc9670568cb7be245394ec04eba55ebd158593f579d,pinned_primary_reference,ar_lag1_7,deterministic_daily_point,2026-05-10,3.0,57.80011930429878,,,54.80011930429878,3878.585639287248
portwatch_two_vintage_four_specification_matrix_v1,297908c214a0afab30a377854585cb1788922334c3bba976f8e2a1141c6ed73e,bb050aa041e8fc1c8391b908baeab529aaf2e9944d5f35b07af661349176adce,pinned_primary,portwatch_chokepoints_snapshot,data/raw/portwatch/Daily_Chokepoints_Data.csv,66f3a54afb042103f3e0afc9670568cb7be245394ec04eba55ebd158593f579d,pinned_primary_reference,ar_lag1_7,deterministic_daily_point,2026-05-11,4.0,57.192017435312295,,,53.192017435312295,3931.77765672256
portwatch_two_vintage_four_specification_matrix_v1,297908c214a0afab30a377854585cb1788922334c3bba976f8e2a1141c6ed73e,bb050aa041e8fc1c8391b908baeab529aaf2e9944d5f35b07af661349176adce,pinned_primary,portwatch_chokepoints_snapshot,data/raw/portwatch/Daily_Chokepoints_Data.csv,66f3a54afb042103f3e0afc9670568cb7be245394ec04eba55ebd158593f579d,pinned_primary_reference,ar_lag1_7,deterministic_daily_point,2026-05-12,1.0,56.51583078071837,,,55.51583078071837,3987.2934875032784
portwatch_two_vintage_four_specification_matrix_v1,297908c214a0afab30a377854585cb1788922334c3bba976f8e2a1141c6ed73e,bb050aa041e8fc1c8391b908baeab529aaf2e9944d5f35b07af661349176adce,pinned_primary,portwatch_chokepoints_snapshot,data/raw/portwatch/Daily_Chokepoints_Data.csv,66f3a54afb042103f3e0afc9670568cb7be245394ec04eba55ebd158593f579d,pinned_primary_reference,ar_lag1_7,deterministic_daily_point,2026-05-13,2.0,56.280766353879294,,,54.280766353879294,4041.5742538571576
portwatch_two_vintage_four_specification_matrix_v1,297908c214a0afab30a377854585cb1788922334c3bba976f8e2a1141c6ed73e,bb050aa041e8fc1c8391b908baeab529aaf2e9944d5f35b07af661349176adce,pinned_primary,portwatch_chokepoints_snapshot,data/raw/portwatch/Daily_Chokepoints_Data.csv,66f3a54afb042103f3e0afc9670568cb7be245394ec04eba55ebd158593f579d,pinned_primary_reference,ar_lag1_7,deterministic_daily_point,2026-05-14,4.0,56.66385371356685,,,52.66385371356685,4094.238107570725
portwatch_two_vintage_four_specification_matrix_v1,297908c214a0afab30a377854585cb1788922334c3bba976f8e2a1141c6ed73e,bb050aa041e8fc1c8391b908baeab529aaf2e9944d5f35b07af661349176adce,pinned_primary,portwatch_chokepoints_snapshot,data/raw/portwatch/Daily_Chokepoints_Data.csv,66f3a54afb042103f3e0afc9670568cb7be245394ec04eba55ebd158593f579d,pinned_primary_reference,ar_lag1_7,deterministic_daily_point,2026-05-15,2.0,57.37663850853402,,,55.37663850853402,4149.614746079258
portwatch_two_vintage_four_specification_matrix_v1,297908c214a0afab30a377854585cb1788922334c3bba976f8e2a1141c6ed73e,bb050aa041e8fc1c8391b908baeab529aaf2e9944d5f35b07af661349176adce,pinned_primary,portwatch_chokepoints_snapshot,data/raw/portwatch/Daily_Chokepoints_Data.csv,66f3a54afb042103f3e0afc9670568cb7be245394ec04eba55ebd158593f579d,pinned_primary_reference,ar_lag1_7,deterministic_daily_point,2026-05-16,2.0,57.882395020147854,,,55.882395020147854,4205.497141099406
portwatch_two_vintage_four_specification_matrix_v1,297908c214a0afab30a377854585cb1788922334c3bba976f8e2a1141c6ed73e,bb050aa041e8fc1c8391b908baeab529aaf2e9944d5f35b07af661349176adce,pinned_primary,portwatch_chokepoints_snapshot,data/raw/portwatch/Daily_Chokepoints_Data.csv,66f3a54afb042103f3e0afc9670568cb7be245394ec04eba55ebd158593f579d,pinned_primary_reference,ar_lag1_7,deterministic_daily_point,2026-05-17,2.0,57.80029210005561,,,55.80029210005561,4261.297433199461
portwatch_two_vintage_four_specification_matrix_v1,297908c214a0afab30a377854585cb1788922334c3bba976f8e2a1141c6ed73e,bb050aa041e8fc1c8391b908baeab529aaf2e9944d5f35b07af661349176adce,pinned_primary,portwatch_chokepoints_snapshot,data/raw/portwatch/Daily_Chokepoints_Data.csv,66f3a54afb042103f3e0afc9670568cb7be245394ec04eba55ebd158593f579d,pinned_primary_reference,ar_lag1_7,deterministic_daily_point,2026-05-18,1.0,57.19216718787376,,,56.19216718787376,4317.489600387335
portwatch_two_vintage_four_specification_matrix_v1,297908c214a0afab30a377854585cb1788922334c3bba976f8e2a1141c6ed73e,bb050aa041e8fc1c8391b908baeab529aaf2e9944d5f35b07af661349176adce,pinned_primary,portwatch_chokepoints_snapshot,data/raw/portwatch/Daily_Chokepoints_Data.csv,66f3a54afb042103f3e0afc9670568cb7be245394ec04eba55ebd158593f579d,pinned_primary_reference,ar_lag1_7,deterministic_daily_point,2026-05-19,3.0,56.51596165378685,,,53.51596165378685,4371.005562041121
portwatch_two_vintage_four_specification_matrix_v1,297908c214a0afab30a377854585cb1788922334c3bba976f8e2a1141c6ed73e,bb050aa041e8fc1c8391b908baeab529aaf2e9944d5f35b07af661349176adce,pinned_primary,portwatch_chokepoints_snapshot,data/raw/portwatch/Daily_Chokepoints_Data.csv,66f3a54afb042103f3e0afc9670568cb7be245394ec04eba55ebd158593f579d,pinned_primary_reference,ar_lag1_7,deterministic_daily_point,2026-05-20,5.0,56.2808816777851,,,51.2808816777851,4422.286443718906
portwatch_two_vintage_four_specification_matrix_v1,297908c214a0afab30a377854585cb1788922334c3bba976f8e2a1141c6ed73e,bb050aa041e8fc1c8391b908baeab529aaf2e9944d5f35b07af661349176adce,pinned_primary,portwatch_chokepoints_snapshot,data/raw/portwatch/Daily_Chokepoints_Data.csv,66f3a54afb042103f3e0afc9670568cb7be245394ec04eba55ebd158593f579d,pinned_primary_reference,ar_lag1_7,deterministic_daily_point,2026-05-21,2.0,56.663955672956675,,,54.663955672956675,4476.950399391863
portwatch_two_vintage_four_specification_matrix_v1,297908c214a0afab30a377854585cb1788922334c3bba976f8e2a1141c6ed73e,bb050aa041e8fc1c8391b908baeab529aaf2e9944d5f35b07af661349176adce,pinned_primary,portwatch_chokepoints_snapshot,data/raw/portwatch/Daily_Chokepoints_Data.csv,66f3a54afb042103f3e0afc9670568cb7be245394ec04eba55ebd158593f579d,pinned_primary_reference,ar_lag1_7,deterministic_daily_point,2026-05-22,0.0,57.376728382552024,,,57.376728382552024,4534.327127774415
portwatch_two_vintage_four_specification_matrix_v1,297908c214a0afab30a377854585cb1788922334c3bba976f8e2a1141c6ed73e,bb050aa041e8fc1c8391b908baeab529aaf2e9944d5f35b07af661349176adce,pinned_primary,portwatch_chokepoints_snapshot,data/raw/portwatch/Daily_Chokepoints_Data.csv,66f3a54afb042103f3e0afc9670568cb7be245394ec04eba55ebd158593f579d,pinned_primary_reference,ar_lag1_7,deterministic_daily_point,2026-05-23,1.0,57.882473715019415,,,56.882473715019415,4591.209601489435
portwatch_two_vintage_four_specification_matrix_v1,297908c214a0afab30a377854585cb1788922334c3bba976f8e2a1141c6ed73e,bb050aa041e8fc1c8391b908baeab529aaf2e9944d5f35b07af661349176adce,pinned_primary,portwatch_chokepoints_snapshot,data/raw/portwatch/Daily_Chokepoints_Data.csv,66f3a54afb042103f3e0afc9670568cb7be245394ec04eba55ebd158593f579d,pinned_primary_reference,ar_lag1_7,deterministic_daily_point,2026-05-24,2.0,57.800360599621264,,,55.800360599621264,4647.009962089056
portwatch_two_vintage_four_specification_matrix_v1,297908c214a0afab30a377854585cb1788922334c3bba976f8e2a1141c6ed73e,bb050aa041e8fc1c8391b908baeab529aaf2e9944d5f35b07af661349176adce,pinned_primary,portwatch_chokepoints_snapshot,data/raw/portwatch/Daily_Chokepoints_Data.csv,66f3a54afb042103f3e0afc9670568cb7be245394ec04eba55ebd158593f579d,pinned_primary_reference,ar_lag1_7,deterministic_daily_point,2026-05-25,0.0,57.19222669794722,,,57.19222669794722,4704.202188787003
portwatch_two_vintage_four_specification_matrix_v1,297908c214a0afab30a377854585cb1788922334c3bba976f8e2a1141c6ed73e,bb050aa041e8fc1c8391b908baeab529aaf2e9944d5f35b07af661349176adce,pinned_primary,portwatch_chokepoints_snapshot,data/raw/portwatch/Daily_Chokepoints_Data.csv,66f3a54afb042103f3e0afc9670568cb7be245394ec04eba55ebd158593f579d,pinned_primary_reference,ar_lag1_7,deterministic_daily_point,2026-05-26,2.0,56.51601348954862,,,54.51601348954862,4758.718202276552
portwatch_two_vintage_four_specification_matrix_v1,297908c214a0afab30a377854585cb1788922334c3bba976f8e2a1141c6ed73e,bb050aa041e8fc1c8391b908baeab529aaf2e9944d5f35b07af661349176adce,pinned_primary,portwatch_chokepoints_snapshot,data/raw/portwatch/Daily_Chokepoints_Data.csv,66f3a54afb042103f3e0afc9670568cb7be245394ec04eba55ebd158593f579d,pinned_primary_reference,ar_lag1_7,deterministic_daily_point,2026-05-27,2.0,56.28092706154746,,,54.28092706154746,4812.999129338099
portwatch_two_vintage_four_specification_matrix_v1,297908c214a0afab30a377854585cb1788922334c3bba976f8e2a1141c6ed73e,bb050aa041e8fc1c8391b908baeab529aaf2e9944d5f35b07af661349176adce,pinned_primary,portwatch_chokepoints_snapshot,data/raw/portwatch/Daily_Chokepoints_Data.csv,66f3a54afb042103f3e0afc9670568cb7be245394ec04eba55ebd158593f579d,pinned_primary_reference,ar_lag1_7,deterministic_daily_point,2026-05-28,0.0,56.66399558120998,,,56.66399558120998,4869.663124919309
portwatch_two_vintage_four_specification_matrix_v1,297908c214a0afab30a377854585cb1788922334c3bba976f8e2a1141c6ed73e,bb050aa041e8fc1c8391b908baeab529aaf2e9944d5f35b07af661349176adce,pinned_primary,portwatch_chokepoints_snapshot,data/raw/portwatch/Daily_Chokepoints_Data.csv,66f3a54afb042103f3e0afc9670568cb7be245394ec04eba55ebd158593f579d,pinned_primary_reference,ar_lag1_7,deterministic_daily_point,2026-05-29,0.0,57.3767635137403,,,57.3767635137403,4927.039888433049
portwatch_two_vintage_four_specification_matrix_v1,297908c214a0afab30a377854585cb1788922334c3bba976f8e2a1141c6ed73e,bb050aa041e8fc1c8391b908baeab529aaf2e9944d5f35b07af661349176adce,pinned_primary,portwatch_chokepoints_snapshot,data/raw/portwatch/Daily_Chokepoints_Data.csv,66f3a54afb042103f3e0afc9670568cb7be245394ec04eba55ebd158593f579d,pinned_primary_reference,ar_lag1_7,deterministic_daily_point,2026-05-30,1.0,57.882504567188185,,,56.882504567188185,4983.922393000237
portwatch_two_vintage_four_specification_matrix_v1,297908c214a0afab30a377854585cb1788922334c3bba976f8e2a1141c6ed73e,bb050aa041e8fc1c8391b908baeab529aaf2e9944d5f35b07af661349176adce,pinned_primary,portwatch_chokepoints_snapshot,data/raw/portwatch/Daily_Chokepoints_Data.csv,66f3a54afb042103f3e0afc9670568cb7be245394ec04eba55ebd158593f579d,pinned_primary_reference,ar_lag1_7,deterministic_daily_point,2026-05-31,0.0,57.80038758706464,,,57.80038758706464,5041.722780587302
portwatch_two_vintage_four_specification_matrix_v1,297908c214a0afab30a377854585cb1788922334c3bba976f8e2a1141c6ed73e,bb050aa041e8fc1c8391b908baeab529aaf2e9944d5f35b07af661349176adce,pinned_primary,portwatch_chokepoints_snapshot,data/raw/portwatch/Daily_Chokepoints_Data.csv,66f3a54afb042103f3e0afc9670568cb7be245394ec04eba55ebd158593f579d,pinned_primary_reference,ar_lag1_7,deterministic_daily_point,2026-06-01,2.0,57.19225023316175,,,55.19225023316175,5096.9150308204635
portwatch_two_vintage_four_specification_matrix_v1,297908c214a0afab30a377854585cb1788922334c3bba976f8e2a1141c6ed73e,bb050aa041e8fc1c8391b908baeab529aaf2e9944d5f35b07af661349176adce,pinned_primary,portwatch_chokepoints_snapshot,data/raw/portwatch/Daily_Chokepoints_Data.csv,66f3a54afb042103f3e0afc9670568cb7be245394ec04eba55ebd158593f579d,pinned_primary_reference,ar_lag1_7,deterministic_daily_point,2026-06-02,4.0,56.5160340033173,,,52.5160340033173,5149.431064823781
portwatch_two_vintage_four_specification_matrix_v1,297908c214a0afab30a377854585cb1788922334c3bba976f8e2a1141c6ed73e,bb050aa041e8fc1c8391b908baeab529aaf2e9944d5f35b07af661349176adce,pinned_primary,portwatch_chokepoints_snapshot,data/raw/portwatch/Daily_Chokepoints_Data.csv,66f3a54afb042103f3e0afc9670568cb7be245394ec04eba55ebd158593f579d,pinned_primary_reference,ar_lag1_7,deterministic_daily_point,2026-06-03,4.0,56.28094497726707,,,52.28094497726707,5201.712009801047
portwatch_two_vintage_four_specification_matrix_v1,297908c214a0afab30a377854585cb1788922334c3bba976f8e2a1141c6ed73e,bb050aa041e8fc1c8391b908baeab529aaf2e9944d5f35b07af661349176adce,pinned_primary,portwatch_chokepoints_snapshot,data/raw/portwatch/Daily_Chokepoints_Data.csv,66f3a54afb042103f3e0afc9670568cb7be245394ec04eba55ebd158593f579d,pinned_primary_reference,ar_lag1_7,deterministic_daily_point,2026-06-04,2.0,56.664011275624496,,,54.664011275624496,5256.376021076672
portwatch_two_vintage_four_specification_matrix_v1,297908c214a0afab30a377854585cb1788922334c3bba976f8e2a1141c6ed73e,bb050aa041e8fc1c8391b908baeab529aaf2e9944d5f35b07af661349176adce,pinned_primary,portwatch_chokepoints_snapshot,data/raw/portwatch/Daily_Chokepoints_Data.csv,66f3a54afb042103f3e0afc9670568cb7be245394ec04eba55ebd158593f579d,pinned_primary_reference,ar_lag1_7,deterministic_daily_point,2026-06-05,0.0,57.376777292220794,,,57.376777292220794,5313.752798368893
portwatch_two_vintage_four_specification_matrix_v1,297908c214a0afab30a377854585cb1788922334c3bba976f8e2a1141c6ed73e,bb050aa041e8fc1c8391b908baeab529aaf2e9944d5f35b07af661349176adce,pinned_primary,portwatch_chokepoints_snapshot,data/raw/portwatch/Daily_Chokepoints_Data.csv,66f3a54afb042103f3e0afc9670568cb7be245394ec04eba55ebd158593f579d,pinned_primary_reference,ar_lag1_7,deterministic_daily_point,2026-06-06,0.0,57.88251666532739,,,57.88251666532739,5371.635315034221
portwatch_two_vintage_four_specification_matrix_v1,297908c214a0afab30a377854585cb1788922334c3bba976f8e2a1141c6ed73e,bb050aa041e8fc1c8391b908baeab529aaf2e9944d5f35b07af661349176adce,pinned_primary,portwatch_chokepoints_snapshot,data/raw/portwatch/Daily_Chokepoints_Data.csv,66f3a54afb042103f3e0afc9670568cb7be245394ec04eba55ebd158593f579d,pinned_primary_reference,ar_lag1_7,deterministic_daily_point,2026-06-07,1.0,57.800398191886536,,,56.800398191886536,5428.4357132261075
portwatch_two_vintage_four_specification_matrix_v1,297908c214a0afab30a377854585cb1788922334c3bba976f8e2a1141c6ed73e,bb050aa041e8fc1c8391b908baeab529aaf2e9944d5f35b07af661349176adce,pinned_primary,portwatch_chokepoints_snapshot,data/raw/portwatch/Daily_Chokepoints_Data.csv,66f3a54afb042103f3e0afc9670568cb7be245394ec04eba55ebd158593f579d,pinned_primary_reference,ar_lag1_7,deterministic_daily_point,2026-06-08,2.0,57.192259507781934,,,55.192259507781934,5483.62797273389
portwatch_two_vintage_four_specification_matrix_v1,297908c214a0afab30a377854585cb1788922334c3bba976f8e2a1141c6ed73e,bb050aa041e8fc1c8391b908baeab529aaf2e9944d5f35b07af661349176adce,pinned_primary,portwatch_chokepoints_snapshot,data/raw/portwatch/Daily_Chokepoints_Data.csv,66f3a54afb042103f3e0afc9670568cb7be245394ec04eba55ebd158593f579d,pinned_primary_reference,ar_lag1_7,deterministic_daily_point,2026-06-09,2.0,56.51604210244082,,,54.51604210244082,5538.144014836331
portwatch_two_vintage_four_specification_matrix_v1,297908c214a0afab30a377854585cb1788922334c3bba976f8e2a1141c6ed73e,bb050aa041e8fc1c8391b908baeab529aaf2e9944d5f35b07af661349176adce,pinned_primary,portwatch_chokepoints_snapshot,data/raw/portwatch/Daily_Chokepoints_Data.csv,66f3a54afb042103f3e0afc9670568cb7be245394ec04eba55ebd158593f579d,pinned_primary_reference,ar_lag1_7,deterministic_daily_point,2026-06-10,1.0,56.280952050219376,,,55.280952050219376,5593.4249668865505
portwatch_two_vintage_four_specification_matrix_v1,297908c214a0afab30a377854585cb1788922334c3bba976f8e2a1141c6ed73e,bb050aa041e8fc1c8391b908baeab529aaf2e9944d5f35b07af661349176adce,pinned_primary,portwatch_chokepoints_snapshot,data/raw/portwatch/Daily_Chokepoints_Data.csv,66f3a54afb042103f3e0afc9670568cb7be245394ec04eba55ebd158593f579d,pinned_primary_reference,ar_lag1_7,deterministic_daily_point,2026-06-11,2.0,56.66401746094476,,,54.66401746094476,5648.088984347495
portwatch_two_vintage_four_specification_matrix_v1,297908c214a0afab30a377854585cb1788922334c3bba976f8e2a1141c6ed73e,bb050aa041e8fc1c8391b908baeab529aaf2e9944d5f35b07af661349176adce,pinned_primary,portwatch_chokepoints_snapshot,data/raw/portwatch/Daily_Chokepoints_Data.csv,66f3a54afb042103f3e0afc9670568cb7be245394ec04eba55ebd158593f579d,pinned_primary_reference,ar_lag1_7,deterministic_daily_point,2026-06-12,1.0,57.376782710704944,,,56.376782710704944,5704.4657670582
portwatch_two_vintage_four_specification_matrix_v1,297908c214a0afab30a377854585cb1788922334c3bba976f8e2a1141c6ed73e,bb050aa041e8fc1c8391b908baeab529aaf2e9944d5f35b07af661349176adce,pinned_primary,portwatch_chokepoints_snapshot,data/raw/portwatch/Daily_Chokepoints_Data.csv,66f3a54afb042103f3e0afc9670568cb7be245394ec04eba55ebd158593f579d,pinned_primary_reference,ar_lag1_7,deterministic_daily_point,2026-06-13,0.0,57.88252141692782,,,57.88252141692782,5762.348288475127
portwatch_two_vintage_four_specification_matrix_v1,297908c214a0afab30a377854585cb1788922334c3bba976f8e2a1141c6ed73e,bb050aa041e8fc1c8391b908baeab529aaf2e9944d5f35b07af661349176adce,pinned_primary,portwatch_chokepoints_snapshot,data/raw/portwatch/Daily_Chokepoints_Data.csv,66f3a54afb042103f3e0afc9670568cb7be245394ec04eba55ebd158593f579d,pinned_primary_reference,ar_lag1_7,deterministic_daily_point,2026-06-14,0.0,57.80040235792181,,,57.80040235792181,5820.148690833049
portwatch_two_vintage_four_specification_matrix_v1,297908c214a0afab30a377854585cb1788922334c3bba976f8e2a1141c6ed73e,bb050aa041e8fc1c8391b908baeab529aaf2e9944d5f35b07af661349176adce,pinned_primary,portwatch_chokepoints_snapshot,data/raw/portwatch/Daily_Chokepoints_Data.csv,66f3a54afb042103f3e0afc9670568cb7be245394ec04eba55ebd158593f579d,pinned_primary_reference,ar_lag1_7,deterministic_daily_point,2026-06-15,1.0,57.19226315633029,,,56.19226315633029,5876.340953989379
portwatch_two_vintage_four_specification_matrix_v1,297908c214a0afab30a377854585cb1788922334c3bba976f8e2a1141c6ed73e,bb050aa041e8fc1c8391b908baeab529aaf2e9944d5f35b07af661349176adce,pinned_primary,portwatch_chokepoints_snapshot,data/raw/portwatch/Daily_Chokepoints_Data.csv,66f3a54afb042103f3e0afc9670568cb7be245394ec04eba55ebd158593f579d,pinned_primary_reference,ar_lag1_7,deterministic_daily_point,2026-06-16,2.0,56.51604529367528,,,54.51604529367528,5930.856999283054
portwatch_two_vintage_four_specification_matrix_v1,297908c214a0afab30a377854585cb1788922334c3bba976f8e2a1141c6ed73e,bb050aa041e8fc1c8391b908baeab529aaf2e9944d5f35b07af661349176adce,pinned_primary,portwatch_chokepoints_snapshot,data/raw/portwatch/Daily_Chokepoints_Data.csv,66f3a54afb042103f3e0afc9670568cb7be245394ec04eba55ebd158593f579d,pinned_primary_reference,ar_lag1_7,deterministic_daily_point,2026-06-17,1.0,56.280954839530345,,,55.280954839530345,5986.137954122585
portwatch_two_vintage_four_specification_matrix_v1,297908c214a0afab30a377854585cb1788922334c3bba976f8e2a1141c6ed73e,bb050aa041e8fc1c8391b908baeab529aaf2e9944d5f35b07af661349176adce,pinned_primary,portwatch_chokepoints_snapshot,data/raw/portwatch/Daily_Chokepoints_Data.csv,66f3a54afb042103f3e0afc9670568cb7be245394ec04eba55ebd158593f579d,pinned_primary_reference,ar_lag1_7,deterministic_daily_point,2026-06-18,11.0,56.66401989950979,,,45.66401989950979,6031.801974022095
portwatch_two_vintage_four_specification_matrix_v1,297908c214a0afab30a377854585cb1788922334c3bba976f8e2a1141c6ed73e,bb050aa041e8fc1c8391b908baeab529aaf2e9944d5f35b07af661349176adce,pinned_primary,portwatch_chokepoints_snapshot,data/raw/portwatch/Daily_Chokepoints_Data.csv,66f3a54afb042103f3e0afc9670568cb7be245394ec04eba55ebd158593f579d,pinned_primary_reference,ar_lag1_7,deterministic_daily_point,2026-06-19,5.0,57.37678484454667,,,52.37678484454667,6084.178758866642
portwatch_two_vintage_four_specification_matrix_v1,297908c214a0afab30a377854585cb1788922334c3bba976f8e2a1141c6ed73e,bb050aa041e8fc1c8391b908baeab529aaf2e9944d5f35b07af661349176adce,pinned_primary,portwatch_chokepoints_snapshot,data/raw/portwatch/Daily_Chokepoints_Data.csv,66f3a54afb042103f3e0afc9670568cb7be245394ec04eba55ebd158593f579d,pinned_primary_reference,ar_lag1_7,deterministic_daily_point,2026-06-20,12.0,57.88252328591326,,,45.88252328591326,6130.061282152556
portwatch_two_vintage_four_specification_matrix_v1,297908c214a0afab30a377854585cb1788922334c3bba976f8e2a1141c6ed73e,bb050aa041e8fc1c8391b908baeab529aaf2e9944d5f35b07af661349176adce,pinned_primary,portwatch_chokepoints_snapshot,data/raw/portwatch/Daily_Chokepoints_Data.csv,66f3a54afb042103f3e0afc9670568cb7be245394ec04eba55ebd158593f579d,pinned_primary_reference,ar_lag1_7,deterministic_daily_point,2026-06-21,1.0,57.80040399566329,,,56.80040399566329,6186.861686148219
portwatch_two_vintage_four_specification_matrix_v1,297908c214a0afab30a377854585cb1788922334c3bba976f8e2a1141c6ed73e,bb050aa041e8fc1c8391b908baeab529aaf2e9944d5f35b07af661349176adce,pinned_primary,portwatch_chokepoints_snapshot,data/raw/portwatch/Daily_Chokepoints_Data.csv,66f3a54afb042103f3e0afc9670568cb7be245394ec04eba55ebd158593f579d,pinned_primary_reference,ar_lag1_7,deterministic_daily_point,2026-06-22,9.0,57.19226459108228,,,48.19226459108228,6235.053950739301
portwatch_two_vintage_four_specification_matrix_v1,297908c214a0afab30a377854585cb1788922334c3bba976f8e2a1141c6ed73e,bb050aa041e8fc1c8391b908baeab529aaf2e9944d5f35b07af661349176adce,pinned_primary,portwatch_chokepoints_snapshot,data/raw/portwatch/Daily_Chokepoints_Data.csv,66f3a54afb042103f3e0afc9670568cb7be245394ec04eba55ebd158593f579d,pinned_primary_reference,ar_lag1_7,deterministic_daily_point,2026-06-23,5.0,56.516046549704605,,,51.516046549704605,6286.569997289006
portwatch_two_vintage_four_specification_matrix_v1,297908c214a0afab30a377854585cb1788922334c3bba976f8e2a1141c6ed73e,bb050aa041e8fc1c8391b908baeab529aaf2e9944d5f35b07af661349176adce,pinned_primary,portwatch_chokepoints_snapshot,data/raw/portwatch/Daily_Chokepoints_Data.csv,66f3a54afb042103f3e0afc9670568cb7be245394ec04eba55ebd158593f579d,pinned_primary_reference,ar_lag1_7,deterministic_daily_point,2026-06-24,21.0,56.280955938328916,,,35.280955938328916,6321.850953227335
portwatch_two_vintage_four_specification_matrix_v1,297908c214a0afab30a377854585cb1788922334c3bba976f8e2a1141c6ed73e,bb050aa041e8fc1c8391b908baeab529aaf2e9944d5f35b07af661349176adce,pinned_primary,portwatch_chokepoints_snapshot,data/raw/portwatch/Daily_Chokepoints_Data.csv,66f3a54afb042103f3e0afc9670568cb7be245394ec04eba55ebd158593f579d,pinned_primary_reference,ar_lag1_7,deterministic_daily_point,2026-06-25,23.0,56.66402086048348,,,33.66402086048348,6355.514974087818
portwatch_two_vintage_four_specification_matrix_v1,297908c214a0afab30a377854585cb1788922334c3bba976f8e2a1141c6ed73e,bb050aa041e8fc1c8391b908baeab529aaf2e9944d5f35b07af661349176adce,pinned_primary,portwatch_chokepoints_snapshot,data/raw/portwatch/Daily_Chokepoints_Data.csv,66f3a54afb042103f3e0afc9670568cb7be245394ec04eba55ebd158593f579d,pinned_primary_reference,ar_lag1_7,deterministic_daily_point,2026-06-26,19.0,57.37678568518492,,,38.37678568518492,6393.891759773002
portwatch_two_vintage_four_specification_matrix_v1,297908c214a0afab30a377854585cb1788922334c3bba976f8e2a1141c6ed73e,bb050aa041e8fc1c8391b908baeab529aaf2e9944d5f35b07af661349176adce,pinned_primary,portwatch_chokepoints_snapshot,data/raw/portwatch/Daily_Chokepoints_Data.csv,66f3a54afb042103f3e0afc9670568cb7be245394ec04eba55ebd158593f579d,pinned_primary_reference,ar_lag1_7,deterministic_daily_point,2026-06-27,9.0,57.88252402169619,,,48.88252402169619,6442.774283794699
portwatch_two_vintage_four_specification_matrix_v1,297908c214a0afab30a377854585cb1788922334c3bba976f8e2a1141c6ed73e,bb050aa041e8fc1c8391b908baeab529aaf2e9944d5f35b07af661349176adce,pinned_primary,portwatch_chokepoints_snapshot,data/raw/portwatch/Daily_Chokepoints_Data.csv,66f3a54afb042103f3e0afc9670568cb7be245394ec04eba55ebd158593f579d,pinned_primary_reference,ar_lag1_7,deterministic_daily_point,2026-06-28,11.0,57.80040463999921,,,46.80040463999921,6489.574688434698
portwatch_two_vintage_four_specification_matrix_v1,297908c214a0afab30a377854585cb1788922334c3bba976f8e2a1141c6ed73e,bb050aa041e8fc1c8391b908baeab529aaf2e9944d5f35b07af661349176adce,pinned_primary,portwatch_chokepoints_snapshot,data/raw/portwatch/Daily_Chokepoints_Data.csv,66f3a54afb042103f3e0afc9670568cb7be245394ec04eba55ebd158593f579d,pinned_primary_reference,ar_lag1_7,deterministic_daily_point,2026-06-29,13.0,57.19226515543441,,,44.19226515543441,6533.766953590132
portwatch_two_vintage_four_specification_matrix_v1,297908c214a0afab30a377854585cb1788922334c3bba976f8e2a1141c6ed73e,bb050aa041e8fc1c8391b908baeab529aaf2e9944d5f35b07af661349176adce,pinned_primary,portwatch_chokepoints_snapshot,data/raw/portwatch/Daily_Chokepoints_Data.csv,66f3a54afb042103f3e0afc9670568cb7be245394ec04eba55ebd158593f579d,pinned_primary_reference,ar_lag1_7,deterministic_daily_point,2026-06-30,6.0,56.516047043892726,,,50.516047043892726,6584.283000634025
portwatch_two_vintage_four_specification_matrix_v1,297908c214a0afab30a377854585cb1788922334c3bba976f8e2a1141c6ed73e,bb050aa041e8fc1c8391b908baeab529aaf2e9944d5f35b07af661349176adce,pinned_primary,portwatch_chokepoints_snapshot,data/raw/portwatch/Daily_Chokepoints_Data.csv,66f3a54afb042103f3e0afc9670568cb7be245394ec04eba55ebd158593f579d,pinned_primary_reference,ar_lag1_7,deterministic_daily_point,2026-07-01,23.0,56.28095637088834,,,33.28095637088834,6617.5639570049125
portwatch_two_vintage_four_specification_matrix_v1,297908c214a0afab30a377854585cb1788922334c3bba976f8e2a1141c6ed73e,bb050aa041e8fc1c8391b908baeab529aaf2e9944d5f35b07af661349176adce,pinned_primary,portwatch_chokepoints_snapshot,data/raw/portwatch/Daily_Chokepoints_Data.csv,66f3a54afb042103f3e0afc9670568cb7be245394ec04eba55ebd158593f579d,pinned_primary_reference,ar_lag1_7,deterministic_daily_point,2026-07-02,18.0,56.664021238960096,,,38.664021238960096,6656.227978243873
portwatch_two_vintage_four_specification_matrix_v1,297908c214a0afab30a377854585cb1788922334c3bba976f8e2a1141c6ed73e,bb050aa041e8fc1c8391b908baeab529aaf2e9944d5f35b07af661349176adce,pinned_primary,portwatch_chokepoints_snapshot,data/raw/portwatch/Daily_Chokepoints_Data.csv,66f3a54afb042103f3e0afc9670568cb7be245394ec04eba55ebd158593f579d,pinned_primary_reference,ar_lag1_7,deterministic_daily_point,2026-07-03,21.0,57.376786016308266,,,36.376786016308266,6692.604764260181
portwatch_two_vintage_four_specification_matrix_v1,297908c214a0afab30a377854585cb1788922334c3bba976f8e2a1141c6ed73e,bb050aa041e8fc1c8391b908baeab529aaf2e9944d5f35b07af661349176adce,pinned_primary,portwatch_chokepoints_snapshot,data/raw/portwatch/Daily_Chokepoints_Data.csv,66f3a54afb042103f3e0afc9670568cb7be245394ec04eba55ebd158593f579d,pinned_primary_reference,ar_lag1_7,deterministic_daily_point,2026-07-04,11.0,57.88252431144722,,,46.88252431144722,6739.487288571628
portwatch_two_vintage_four_specification_matrix_v1,297908c214a0afab30a377854585cb1788922334c3bba976f8e2a1141c6ed73e,bb050aa041e8fc1c8391b908baeab529aaf2e9944d5f35b07af661349176adce,pinned_primary,portwatch_chokepoints_snapshot,data/raw/portwatch/Daily_Chokepoints_Data.csv,66f3a54afb042103f3e0afc9670568cb7be245394ec04eba55ebd158593f579d,pinned_primary_reference,ar_lag1_7,deterministic_daily_point,2026-07-05,16.0,57.80040489363227,,,41.80040489363227,6781.2876934652595
portwatch_two_vintage_four_specification_matrix_v1,297908c214a0afab30a377854585cb1788922334c3bba976f8e2a1141c6ed73e,bb050aa041e8fc1c8391b908baeab529aaf2e9944d5f35b07af661349176adce,pinned_primary,portwatch_chokepoints_snapshot,data/raw/portwatch/Daily_Chokepoints_Data.csv,66f3a54afb042103f3e0afc9670568cb7be245394ec04eba55ebd158593f579d,pinned_primary_reference,ar_lag1_7,deterministic_daily_point,2026-07-06,14.0,57.19226537751015,,,43.19226537751015,6824.4799588427695
portwatch_two_vintage_four_specification_matrix_v1,297908c214a0afab30a377854585cb1788922334c3bba976f8e2a1141c6ed73e,bb050aa041e8fc1c8391b908baeab529aaf2e9944d5f35b07af661349176adce,pinned_primary,portwatch_chokepoints_snapshot,data/raw/portwatch/Daily_Chokepoints_Data.csv,66f3a54afb042103f3e0afc9670568cb7be245394ec04eba55ebd158593f579d,pinned_primary_reference,ar_lag1_7,deterministic_daily_point,2026-07-07,12.0,56.516047238346886,,,44.516047238346886,6868.996006081116
portwatch_two_vintage_four_specification_matrix_v1,297908c214a0afab30a377854585cb1788922334c3bba976f8e2a1141c6ed73e,bb050aa041e8fc1c8391b908baeab529aaf2e9944d5f35b07af661349176adce,pinned_primary,portwatch_chokepoints_snapshot,data/raw/portwatch/Daily_Chokepoints_Data.csv,66f3a54afb042103f3e0afc9670568cb7be245394ec04eba55ebd158593f579d,pinned_primary_reference,chronos2,daily_q0.5,2026-02-28,35.0,46.29738998413086,24.109302520751953,73.90705108642578,11.29738998413086,11.29738998413086
portwatch_two_vintage_four_specification_matrix_v1,297908c214a0afab30a377854585cb1788922334c3bba976f8e2a1141c6ed73e,bb050aa041e8fc1c8391b908baeab529aaf2e9944d5f35b07af661349176adce,pinned_primary,portwatch_chokepoints_snapshot,data/raw/portwatch/Daily_Chokepoints_Data.csv,66f3a54afb042103f3e0afc9670568cb7be245394ec04eba55ebd158593f579d,pinned_primary_reference,chronos2,daily_q0.5,2026-03-01,10.0,48.50296401977539,24.197336196899418,77.68971252441406,38.50296401977539,49.80035400390625
portwatch_two_vintage_four_specification_matrix_v1,297908c214a0afab30a377854585cb1788922334c3bba976f8e2a1141c6ed73e,bb050aa041e8fc1c8391b908baeab529aaf2e9944d5f35b07af661349176adce,pinned_primary,portwatch_chokepoints_snapshot,data/raw/portwatch/Daily_Chokepoints_Data.csv,66f3a54afb042103f3e0afc9670568cb7be245394ec04eba55ebd158593f579d,pinned_primary_reference,chronos2,daily_q0.5,2026-03-02,2.0,49.420223236083984,24.337461471557617,78.93785095214844,47.420223236083984,97.22057723999023
portwatch_two_vintage_four_specification_matrix_v1,297908c214a0afab30a377854585cb1788922334c3bba976f8e2a1141c6ed73e,bb050aa041e8fc1c8391b908baeab529aaf2e9944d5f35b07af661349176adce,pinned_primary,portwatch_chokepoints_snapshot,data/raw/portwatch/Daily_Chokepoints_Data.csv,66f3a54afb042103f3e0afc9670568cb7be245394ec04eba55ebd158593f579d,pinned_primary_reference,chronos2,daily_q0.5,2026-03-03,2.0,49.539329528808594,24.834251403808594,79.10713195800781,47.539329528808594,144.75990676879883
portwatch_two_vintage_four_specification_matrix_v1,297908c214a0afab30a377854585cb1788922334c3bba976f8e2a1141c6ed73e,bb050aa041e8fc1c8391b908baeab529aaf2e9944d5f35b07af661349176adce,pinned_primary,portwatch_chokepoints_snapshot,data/raw/portwatch/Daily_Chokepoints_Data.csv,66f3a54afb042103f3e0afc9670568cb7be245394ec04eba55ebd158593f579d,pinned_primary_reference,chronos2,daily_q0.5,2026-03-04,0.0,49.77078628540039,24.433504104614254,78.85360717773438,49.77078628540039,194.5306930541992
portwatch_two_vintage_four_specification_matrix_v1,297908c214a0afab30a377854585cb1788922334c3bba976f8e2a1141c6ed73e,bb050aa041e8fc1c8391b908baeab529aaf2e9944d5f35b07af661349176adce,pinned_primary,portwatch_chokepoints_snapshot,data/raw/portwatch/Daily_Chokepoints_Data.csv,66f3a54afb042103f3e0afc9670568cb7be245394ec04eba55ebd158593f579d,pinned_primary_reference,chronos2,daily_q0.5,2026-03-05,1.0,50.075477600097656,24.82074737548828,79.23188018798828,49.075477600097656,243.60617065429688
portwatch_two_vintage_four_specification_matrix_v1,297908c214a0afab30a377854585cb1788922334c3bba976f8e2a1141c6ed73e,bb050aa041e8fc1c8391b908baeab529aaf2e9944d5f35b07af661349176adce,pinned_primary,portwatch_chokepoints_snapshot,data/raw/portwatch/Daily_Chokepoints_Data.csv,66f3a54afb042103f3e0afc9670568cb7be245394ec04eba55ebd158593f579d,pinned_primary_reference,chronos2,daily_q0.5,2026-03-06,0.0,50.250732421875,25.081546783447266,79.5663833618164,50.250732421875,293.8569030761719
portwatch_two_vintage_four_specification_matrix_v1,297908c214a0afab30a377854585cb1788922334c3bba976f8e2a1141c6ed73e,bb050aa041e8fc1c8391b908baeab529aaf2e9944d5f35b07af661349176adce,pinned_primary,portwatch_chokepoints_snapshot,data/raw/portwatch/Daily_Chokepoints_Data.csv,66f3a54afb042103f3e0afc9670568cb7be245394ec04eba55ebd158593f579d,pinned_primary_reference,chronos2,daily_q0.5,2026-03-07,0.0,50.38824462890625,24.900802612304688,79.8099365234375,50.38824462890625,344.2451477050781
portwatch_two_vintage_four_specification_matrix_v1,297908c214a0afab30a377854585cb1788922334c3bba976f8e2a1141c6ed73e,bb050aa041e8fc1c8391b908baeab529aaf2e9944d5f35b07af661349176adce,pinned_primary,portwatch_chokepoints_snapshot,data/raw/portwatch/Daily_Chokepoints_Data.csv,66f3a54afb042103f3e0afc9670568cb7be245394ec04eba55ebd158593f579d,pinned_primary_reference,chronos2,daily_q0.5,2026-03-08,0.0,50.52412796020508,25.124414443969727,79.7275390625,50.52412796020508,394.7692756652832
portwatch_two_vintage_four_specification_matrix_v1,297908c214a0afab30a377854585cb1788922334c3bba976f8e2a1141c6ed73e,bb050aa041e8fc1c8391b908baeab529aaf2e9944d5f35b07af661349176adce,pinned_primary,portwatch_chokepoints_snapshot,data/raw/portwatch/Daily_Chokepoints_Data.csv,66f3a54afb042103f3e0afc9670568cb7be245394ec04eba55ebd158593f579d,pinned_primary_reference,chronos2,daily_q0.5,2026-03-09,0.0,50.82564926147461,25.15581703186035,79.92347717285156,50.82564926147461,445.5949249267578
portwatch_two_vintage_four_specification_matrix_v1,297908c214a0afab30a377854585cb1788922334c3bba976f8e2a1141c6ed73e,bb050aa041e8fc1c8391b908baeab529aaf2e9944d5f35b07af661349176adce,pinned_primary,portwatch_chokepoints_snapshot,data/raw/portwatch/Daily_Chokepoints_Data.csv,66f3a54afb042103f3e0afc9670568cb7be245394ec04eba55ebd158593f579d,pinned_primary_reference,chronos2,daily_q0.5,2026-03-10,1.0,51.04553985595703,25.223188400268555,80.1343994140625,50.04553985595703,495.6404647827149
portwatch_two_vintage_four_specification_matrix_v1,297908c214a0afab30a377854585cb1788922334c3bba976f8e2a1141c6ed73e,bb050aa041e8fc1c8391b908baeab529aaf2e9944d5f35b07af661349176adce,pinned_primary,portwatch_chokepoints_snapshot,data/raw/portwatch/Daily_Chokepoints_Data.csv,66f3a54afb042103f3e0afc9670568cb7be245394ec04eba55ebd158593f579d,pinned_primary_reference,chronos2,daily_q0.5,2026-03-11,1.0,51.07279586791992,25.56487464904785,80.70748138427734,50.07279586791992,545.7132606506348
portwatch_two_vintage_four_specification_matrix_v1,297908c214a0afab30a377854585cb1788922334c3bba976f8e2a1141c6ed73e,bb050aa041e8fc1c8391b908baeab529aaf2e9944d5f35b07af661349176adce,pinned_primary,portwatch_chokepoints_snapshot,data/raw/portwatch/Daily_Chokepoints_Data.csv,66f3a54afb042103f3e0afc9670568cb7be245394ec04eba55ebd158593f579d,pinned_primary_reference,chronos2,daily_q0.5,2026-03-12,0.0,51.2672119140625,25.90915870666504,80.67762756347656,51.2672119140625,596.9804725646973
portwatch_two_vintage_four_specification_matrix_v1,297908c214a0afab30a377854585cb1788922334c3bba976f8e2a1141c6ed73e,bb050aa041e8fc1c8391b908baeab529aaf2e9944d5f35b07af661349176adce,pinned_primary,portwatch_chokepoints_snapshot,data/raw/portwatch/Daily_Chokepoints_Data.csv,66f3a54afb042103f3e0afc9670568cb7be245394ec04eba55ebd158593f579d,pinned_primary_reference,chronos2,daily_q0.5,2026-03-13,0.0,51.2601432800293,25.697877883911133,81.4905014038086,51.2601432800293,648.2406158447266
portwatch_two_vintage_four_specification_matrix_v1,297908c214a0afab30a377854585cb1788922334c3bba976f8e2a1141c6ed73e,bb050aa041e8fc1c8391b908baeab529aaf2e9944d5f35b07af661349176adce,pinned_primary,portwatch_chokepoints_snapshot,data/raw/portwatch/Daily_Chokepoints_Data.csv,66f3a54afb042103f3e0afc9670568cb7be245394ec04eba55ebd158593f579d,pinned_primary_reference,chronos2,daily_q0.5,2026-03-14,0.0,51.66987228393555,26.04594993591309,81.16407775878906,51.66987228393555,699.9104881286621
portwatch_two_vintage_four_specification_matrix_v1,297908c214a0afab30a377854585cb1788922334c3bba976f8e2a1141c6ed73e,bb050aa041e8fc1c8391b908baeab529aaf2e9944d5f35b07af661349176adce,pinned_primary,portwatch_chokepoints_snapshot,data/raw/portwatch/Daily_Chokepoints_Data.csv,66f3a54afb042103f3e0afc9670568cb7be245394ec04eba55ebd158593f579d,pinned_primary_reference,chronos2,daily_q0.5,2026-03-15,2.0,51.88079452514648,26.25185203552246,81.57286834716797,49.88079452514648,749.7912826538086
portwatch_two_vintage_four_specification_matrix_v1,297908c214a0afab30a377854585cb1788922334c3bba976f8e2a1141c6ed73e,bb050aa041e8fc1c8391b908baeab529aaf2e9944d5f35b07af661349176adce,pinned_primary,portwatch_chokepoints_snapshot,data/raw/portwatch/Daily_Chokepoints_Data.csv,66f3a54afb042103f3e0afc9670568cb7be245394ec04eba55ebd158593f579d,pinned_primary_reference,chronos2,daily_q0.5,2026-03-16,0.0,51.959686279296875,25.259584426879883,81.71178436279297,51.959686279296875,801.7509689331055
portwatch_two_vintage_four_specification_matrix_v1,297908c214a0afab30a377854585cb1788922334c3bba976f8e2a1141c6ed73e,bb050aa041e8fc1c8391b908baeab529aaf2e9944d5f35b07af661349176adce,pinned_primary,portwatch_chokepoints_snapshot,data/raw/portwatch/Daily_Chokepoints_Data.csv,66f3a54afb042103f3e0afc9670568cb7be245394ec04eba55ebd158593f579d,pinned_primary_reference,chronos2,daily_q0.5,2026-03-17,1.0,52.05770111083984,25.474260330200195,82.40399169921875,51.05770111083984,852.8086700439453
portwatch_two_vintage_four_specification_matrix_v1,297908c214a0afab30a377854585cb1788922334c3bba976f8e2a1141c6ed73e,bb050aa041e8fc1c8391b908baeab529aaf2e9944d5f35b07af661349176adce,pinned_primary,portwatch_chokepoints_snapshot,data/raw/portwatch/Daily_Chokepoints_Data.csv,66f3a54afb042103f3e0afc9670568cb7be245394ec04eba55ebd158593f579d,pinned_primary_reference,chronos2,daily_q0.5,2026-03-18,0.0,52.21865463256836,25.809337615966797,82.70844268798828,52.21865463256836,905.0273246765136
portwatch_two_vintage_four_specification_matrix_v1,297908c214a0afab30a377854585cb1788922334c3bba976f8e2a1141c6ed73e,bb050aa041e8fc1c8391b908baeab529aaf2e9944d5f35b07af661349176adce,pinned_primary,portwatch_chokepoints_snapshot,data/raw/portwatch/Daily_Chokepoints_Data.csv,66f3a54afb042103f3e0afc9670568cb7be245394ec04eba55ebd158593f579d,pinned_primary_reference,chronos2,daily_q0.5,2026-03-19,0.0,52.29536819458008,25.97482109069824,82.59028625488281,52.29536819458008,957.3226928710938
portwatch_two_vintage_four_specification_matrix_v1,297908c214a0afab30a377854585cb1788922334c3bba976f8e2a1141c6ed73e,bb050aa041e8fc1c8391b908baeab529aaf2e9944d5f35b07af661349176adce,pinned_primary,portwatch_chokepoints_snapshot,data/raw/portwatch/Daily_Chokepoints_Data.csv,66f3a54afb042103f3e0afc9670568cb7be245394ec04eba55ebd158593f579d,pinned_primary_reference,chronos2,daily_q0.5,2026-03-20,2.0,52.42406463623047,25.59478759765625,82.43470764160156,50.42406463623047,1007.7467575073242
portwatch_two_vintage_four_specification_matrix_v1,297908c214a0afab30a377854585cb1788922334c3bba976f8e2a1141c6ed73e,bb050aa041e8fc1c8391b908baeab529aaf2e9944d5f35b07af661349176adce,pinned_primary,portwatch_chokepoints_snapshot,data/raw/portwatch/Daily_Chokepoints_Data.csv,66f3a54afb042103f3e0afc9670568cb7be245394ec04eba55ebd158593f579d,pinned_primary_reference,chronos2,daily_q0.5,2026-03-21,0.0,52.591339111328125,25.908048629760746,82.64954376220703,52.591339111328125,1060.3380966186523
portwatch_two_vintage_four_specification_matrix_v1,297908c214a0afab30a377854585cb1788922334c3bba976f8e2a1141c6ed73e,bb050aa041e8fc1c8391b908baeab529aaf2e9944d5f35b07af661349176adce,pinned_primary,portwatch_chokepoints_snapshot,data/raw/portwatch/Daily_Chokepoints_Data.csv,66f3a54afb042103f3e0afc9670568cb7be245394ec04eba55ebd158593f579d,pinned_primary_reference,chronos2,daily_q0.5,2026-03-22,0.0,52.669403076171875,26.07854652404785,82.8121566772461,52.669403076171875,1113.0074996948242
portwatch_two_vintage_four_specification_matrix_v1,297908c214a0afab30a377854585cb1788922334c3bba976f8e2a1141c6ed73e,bb050aa041e8fc1c8391b908baeab529aaf2e9944d5f35b07af661349176adce,pinned_primary,portwatch_chokepoints_snapshot,data/raw/portwatch/Daily_Chokepoints_Data.csv,66f3a54afb042103f3e0afc9670568cb7be245394ec04eba55ebd158593f579d,pinned_primary_reference,chronos2,daily_q0.5,2026-03-23,2.0,52.80238342285156,25.834135055541992,82.95206451416016,50.80238342285156,1163.8098831176758
portwatch_two_vintage_four_specification_matrix_v1,297908c214a0afab30a377854585cb1788922334c3bba976f8e2a1141c6ed73e,bb050aa041e8fc1c8391b908baeab529aaf2e9944d5f35b07af661349176adce,pinned_primary,portwatch_chokepoints_snapshot,data/raw/portwatch/Daily_Chokepoints_Data.csv,66f3a54afb042103f3e0afc9670568cb7be245394ec04eba55ebd158593f579d,pinned_primary_reference,chronos2,daily_q0.5,2026-03-24,1.0,52.937007904052734,25.93775749206543,82.69541931152344,51.937007904052734,1215.7468910217283
portwatch_two_vintage_four_specification_matrix_v1,297908c214a0afab30a377854585cb1788922334c3bba976f8e2a1141c6ed73e,bb050aa041e8fc1c8391b908baeab529aaf2e9944d5f35b07af661349176adce,pinned_primary,portwatch_chokepoints_snapshot,data/raw/portwatch/Daily_Chokepoints_Data.csv,66f3a54afb042103f3e0afc9670568cb7be245394ec04eba55ebd158593f579d,pinned_primary_reference,chronos2,daily_q0.5,2026-03-25,1.0,53.11517333984375,25.941059112548828,82.66588592529297,52.11517333984375,1267.8620643615725
portwatch_two_vintage_four_specification_matrix_v1,297908c214a0afab30a377854585cb1788922334c3bba976f8e2a1141c6ed73e,bb050aa041e8fc1c8391b908baeab529aaf2e9944d5f35b07af661349176adce,pinned_primary,portwatch_chokepoints_snapshot,data/raw/portwatch/Daily_Chokepoints_Data.csv,66f3a54afb042103f3e0afc9670568cb7be245394ec04eba55ebd158593f579d,pinned_primary_reference,chronos2,daily_q0.5,2026-03-26,0.0,53.265602111816406,25.947216033935547,83.07467651367188,53.265602111816406,1321.127666473389
portwatch_two_vintage_four_specification_matrix_v1,297908c214a0afab30a377854585cb1788922334c3bba976f8e2a1141c6ed73e,bb050aa041e8fc1c8391b908baeab529aaf2e9944d5f35b07af661349176adce,pinned_primary,portwatch_chokepoints_snapshot,data/raw/portwatch/Daily_Chokepoints_Data.csv,66f3a54afb042103f3e0afc9670568cb7be245394ec04eba55ebd158593f579d,pinned_primary_reference,chronos2,daily_q0.5,2026-03-27,0.0,53.39244079589844,26.23694610595703,83.89686584472656,53.39244079589844,1374.520107269287
portwatch_two_vintage_four_specification_matrix_v1,297908c214a0afab30a377854585cb1788922334c3bba976f8e2a1141c6ed73e,bb050aa041e8fc1c8391b908baeab529aaf2e9944d5f35b07af661349176adce,pinned_primary,portwatch_chokepoints_snapshot,data/raw/portwatch/Daily_Chokepoints_Data.csv,66f3a54afb042103f3e0afc9670568cb7be245394ec04eba55ebd158593f579d,pinned_primary_reference,chronos2,daily_q0.5,2026-03-28,1.0,53.466007232666016,26.42239570617676,83.84730529785156,52.466007232666016,1426.9861145019531
portwatch_two_vintage_four_specification_matrix_v1,297908c214a0afab30a377854585cb1788922334c3bba976f8e2a1141c6ed73e,bb050aa041e8fc1c8391b908baeab529aaf2e9944d5f35b07af661349176adce,pinned_primary,portwatch_chokepoints_snapshot,data/raw/portwatch/Daily_Chokepoints_Data.csv,66f3a54afb042103f3e0afc9670568cb7be245394ec04eba55ebd158593f579d,pinned_primary_reference,chronos2,daily_q0.5,2026-03-29,2.0,53.458255767822266,26.200607299804688,84.41334533691406,51.458255767822266,1478.4443702697754
portwatch_two_vintage_four_specification_matrix_v1,297908c214a0afab30a377854585cb1788922334c3bba976f8e2a1141c6ed73e,bb050aa041e8fc1c8391b908baeab529aaf2e9944d5f35b07af661349176adce,pinned_primary,portwatch_chokepoints_snapshot,data/raw/portwatch/Daily_Chokepoints_Data.csv,66f3a54afb042103f3e0afc9670568cb7be245394ec04eba55ebd158593f579d,pinned_primary_reference,chronos2,daily_q0.5,2026-03-30,5.0,53.638668060302734,26.62955665588379,83.84637451171875,48.638668060302734,1527.083038330078
portwatch_two_vintage_four_specification_matrix_v1,297908c214a0afab30a377854585cb1788922334c3bba976f8e2a1141c6ed73e,bb050aa041e8fc1c8391b908baeab529aaf2e9944d5f35b07af661349176adce,pinned_primary,portwatch_chokepoints_snapshot,data/raw/portwatch/Daily_Chokepoints_Data.csv,66f3a54afb042103f3e0afc9670568cb7be245394ec04eba55ebd158593f579d,pinned_primary_reference,chronos2,daily_q0.5,2026-03-31,5.0,53.859092712402344,26.696880340576172,84.39575958251953,48.859092712402344,1575.9421310424805
portwatch_two_vintage_four_specification_matrix_v1,297908c214a0afab30a377854585cb1788922334c3bba976f8e2a1141c6ed73e,bb050aa041e8fc1c8391b908baeab529aaf2e9944d5f35b07af661349176adce,pinned_primary,portwatch_chokepoints_snapshot,data/raw/portwatch/Daily_Chokepoints_Data.csv,66f3a54afb042103f3e0afc9670568cb7be245394ec04eba55ebd158593f579d,pinned_primary_reference,chronos2,daily_q0.5,2026-04-01,3.0,54.423828125,25.7705135345459,83.97550201416016,51.423828125,1627.3659591674805
portwatch_two_vintage_four_specification_matrix_v1,297908c214a0afab30a377854585cb1788922334c3bba976f8e2a1141c6ed73e,bb050aa041e8fc1c8391b908baeab529aaf2e9944d5f35b07af661349176adce,pinned_primary,portwatch_chokepoints_snapshot,data/raw/portwatch/Daily_Chokepoints_Data.csv,66f3a54afb042103f3e0afc9670568cb7be245394ec04eba55ebd158593f579d,pinned_primary_reference,chronos2,daily_q0.5,2026-04-02,1.0,54.3922233581543,25.720094680786133,84.66361236572266,53.3922233581543,1680.7581825256348
portwatch_two_vintage_four_specification_matrix_v1,297908c214a0afab30a377854585cb1788922334c3bba976f8e2a1141c6ed73e,bb050aa041e8fc1c8391b908baeab529aaf2e9944d5f35b07af661349176adce,pinned_primary,portwatch_chokepoints_snapshot,data/raw/portwatch/Daily_Chokepoints_Data.csv,66f3a54afb042103f3e0afc9670568cb7be245394ec04eba55ebd158593f579d,pinned_primary_reference,chronos2,daily_q0.5,2026-04-03,5.0,54.61830139160156,26.187196731567383,84.87849426269531,49.61830139160156,1730.3764839172363
portwatch_two_vintage_four_specification_matrix_v1,297908c214a0afab30a377854585cb1788922334c3bba976f8e2a1141c6ed73e,bb050aa041e8fc1c8391b908baeab529aaf2e9944d5f35b07af661349176adce,pinned_primary,portwatch_chokepoints_snapshot,data/raw/portwatch/Daily_Chokepoints_Data.csv,66f3a54afb042103f3e0afc9670568cb7be245394ec04eba55ebd158593f579d,pinned_primary_reference,chronos2,daily_q0.5,2026-04-04,4.0,54.8686637878418,26.65107536315918,84.61906433105469,50.8686637878418,1781.245147705078
portwatch_two_vintage_four_specification_matrix_v1,297908c214a0afab30a377854585cb1788922334c3bba976f8e2a1141c6ed73e,bb050aa041e8fc1c8391b908baeab529aaf2e9944d5f35b07af661349176adce,pinned_primary,portwatch_chokepoints_snapshot,data/raw/portwatch/Daily_Chokepoints_Data.csv,66f3a54afb042103f3e0afc9670568cb7be245394ec04eba55ebd158593f579d,pinned_primary_reference,chronos2,daily_q0.5,2026-04-05,5.0,54.836891174316406,26.43917465209961,84.41429901123047,49.836891174316406,1831.0820388793943
portwatch_two_vintage_four_specification_matrix_v1,297908c214a0afab30a377854585cb1788922334c3bba976f8e2a1141c6ed73e,bb050aa041e8fc1c8391b908baeab529aaf2e9944d5f35b07af661349176adce,pinned_primary,portwatch_chokepoints_snapshot,data/raw/portwatch/Daily_Chokepoints_Data.csv,66f3a54afb042103f3e0afc9670568cb7be245394ec04eba55ebd158593f579d,pinned_primary_reference,chronos2,daily_q0.5,2026-04-06,1.0,55.05065155029297,26.447933197021484,84.8413314819336,54.05065155029297,1885.1326904296875
portwatch_two_vintage_four_specification_matrix_v1,297908c214a0afab30a377854585cb1788922334c3bba976f8e2a1141c6ed73e,bb050aa041e8fc1c8391b908baeab529aaf2e9944d5f35b07af661349176adce,pinned_primary,portwatch_chokepoints_snapshot,data/raw/portwatch/Daily_Chokepoints_Data.csv,66f3a54afb042103f3e0afc9670568cb7be245394ec04eba55ebd158593f579d,pinned_primary_reference,chronos2,daily_q0.5,2026-04-07,3.0,55.075225830078125,26.63534164428711,84.83252716064453,52.075225830078125,1937.2079162597656
portwatch_two_vintage_four_specification_matrix_v1,297908c214a0afab30a377854585cb1788922334c3bba976f8e2a1141c6ed73e,bb050aa041e8fc1c8391b908baeab529aaf2e9944d5f35b07af661349176adce,pinned_primary,portwatch_chokepoints_snapshot,data/raw/portwatch/Daily_Chokepoints_Data.csv,66f3a54afb042103f3e0afc9670568cb7be245394ec04eba55ebd158593f579d,pinned_primary_reference,chronos2,daily_q0.5,2026-04-08,1.0,55.22664260864258,26.53279685974121,85.02782440185547,54.22664260864258,1991.434558868408
portwatch_two_vintage_four_specification_matrix_v1,297908c214a0afab30a377854585cb1788922334c3bba976f8e2a1141c6ed73e,bb050aa041e8fc1c8391b908baeab529aaf2e9944d5f35b07af661349176adce,pinned_primary,portwatch_chokepoints_snapshot,data/raw/portwatch/Daily_Chokepoints_Data.csv,66f3a54afb042103f3e0afc9670568cb7be245394ec04eba55ebd158593f579d,pinned_primary_reference,chronos2,daily_q0.5,2026-04-09,5.0,55.353240966796875,26.30108070373535,84.8031234741211,50.353240966796875,2041.787799835205
portwatch_two_vintage_four_specification_matrix_v1,297908c214a0afab30a377854585cb1788922334c3bba976f8e2a1141c6ed73e,bb050aa041e8fc1c8391b908baeab529aaf2e9944d5f35b07af661349176adce,pinned_primary,portwatch_chokepoints_snapshot,data/raw/portwatch/Daily_Chokepoints_Data.csv,66f3a54afb042103f3e0afc9670568cb7be245394ec04eba55ebd158593f579d,pinned_primary_reference,chronos2,daily_q0.5,2026-04-10,1.0,55.495819091796875,26.760108947753903,84.88507080078125,54.495819091796875,2096.283618927002
portwatch_two_vintage_four_specification_matrix_v1,297908c214a0afab30a377854585cb1788922334c3bba976f8e2a1141c6ed73e,bb050aa041e8fc1c8391b908baeab529aaf2e9944d5f35b07af661349176adce,pinned_primary,portwatch_chokepoints_snapshot,data/raw/portwatch/Daily_Chokepoints_Data.csv,66f3a54afb042103f3e0afc9670568cb7be245394ec04eba55ebd158593f579d,pinned_primary_reference,chronos2,daily_q0.5,2026-04-11,4.0,55.500885009765625,26.304304122924805,84.913818359375,51.500885009765625,2147.7845039367676
portwatch_two_vintage_four_specification_matrix_v1,297908c214a0afab30a377854585cb1788922334c3bba976f8e2a1141c6ed73e,bb050aa041e8fc1c8391b908baeab529aaf2e9944d5f35b07af661349176adce,pinned_primary,portwatch_chokepoints_snapshot,data/raw/portwatch/Daily_Chokepoints_Data.csv,66f3a54afb042103f3e0afc9670568cb7be245394ec04eba55ebd158593f579d,pinned_primary_reference,chronos2,daily_q0.5,2026-04-12,4.0,55.59618377685547,26.77639389038086,85.6937484741211,51.59618377685547,2199.380687713623
portwatch_two_vintage_four_specification_matrix_v1,297908c214a0afab30a377854585cb1788922334c3bba976f8e2a1141c6ed73e,bb050aa041e8fc1c8391b908baeab529aaf2e9944d5f35b07af661349176adce,pinned_primary,portwatch_chokepoints_snapshot,data/raw/portwatch/Daily_Chokepoints_Data.csv,66f3a54afb042103f3e0afc9670568cb7be245394ec04eba55ebd158593f579d,pinned_primary_reference,chronos2,daily_q0.5,2026-04-13,4.0,55.57295608520508,27.128175735473633,85.80461883544922,51.57295608520508,2250.953643798828
portwatch_two_vintage_four_specification_matrix_v1,297908c214a0afab30a377854585cb1788922334c3bba976f8e2a1141c6ed73e,bb050aa041e8fc1c8391b908baeab529aaf2e9944d5f35b07af661349176adce,pinned_primary,portwatch_chokepoints_snapshot,data/raw/portwatch/Daily_Chokepoints_Data.csv,66f3a54afb042103f3e0afc9670568cb7be245394ec04eba55ebd158593f579d,pinned_primary_reference,chronos2,daily_q0.5,2026-04-14,5.0,55.63400650024414,26.981998443603516,86.24851989746094,50.63400650024414,2301.5876502990723
portwatch_two_vintage_four_specification_matrix_v1,297908c214a0afab30a377854585cb1788922334c3bba976f8e2a1141c6ed73e,bb050aa041e8fc1c8391b908baeab529aaf2e9944d5f35b07af661349176adce,pinned_primary,portwatch_chokepoints_snapshot,data/raw/portwatch/Daily_Chokepoints_Data.csv,66f3a54afb042103f3e0afc9670568cb7be245394ec04eba55ebd158593f579d,pinned_primary_reference,chronos2,daily_q0.5,2026-04-15,7.0,55.631988525390625,27.2568359375,85.5072021484375,48.631988525390625,2350.219638824463
portwatch_two_vintage_four_specification_matrix_v1,297908c214a0afab30a377854585cb1788922334c3bba976f8e2a1141c6ed73e,bb050aa041e8fc1c8391b908baeab529aaf2e9944d5f35b07af661349176adce,pinned_primary,portwatch_chokepoints_snapshot,data/raw/portwatch/Daily_Chokepoints_Data.csv,66f3a54afb042103f3e0afc9670568cb7be245394ec04eba55ebd158593f579d,pinned_primary_reference,chronos2,daily_q0.5,2026-04-16,5.0,55.79181671142578,27.24913787841797,86.00904846191406,50.79181671142578,2401.0114555358887
portwatch_two_vintage_four_specification_matrix_v1,297908c214a0afab30a377854585cb1788922334c3bba976f8e2a1141c6ed73e,bb050aa041e8fc1c8391b908baeab529aaf2e9944d5f35b07af661349176adce,pinned_primary,portwatch_chokepoints_snapshot,data/raw/portwatch/Daily_Chokepoints_Data.csv,66f3a54afb042103f3e0afc9670568cb7be245394ec04eba55ebd158593f579d,pinned_primary_reference,chronos2,daily_q0.5,2026-04-17,10.0,56.34115219116211,26.8607234954834,85.88187408447266,46.34115219116211,2447.352607727051
portwatch_two_vintage_four_specification_matrix_v1,297908c214a0afab30a377854585cb1788922334c3bba976f8e2a1141c6ed73e,bb050aa041e8fc1c8391b908baeab529aaf2e9944d5f35b07af661349176adce,pinned_primary,portwatch_chokepoints_snapshot,data/raw/portwatch/Daily_Chokepoints_Data.csv,66f3a54afb042103f3e0afc9670568cb7be245394ec04eba55ebd158593f579d,pinned_primary_reference,chronos2,daily_q0.5,2026-04-18,14.0,56.36351013183594,26.296987533569336,86.30768585205078,42.36351013183594,2489.7161178588867
portwatch_two_vintage_four_specification_matrix_v1,297908c214a0afab30a377854585cb1788922334c3bba976f8e2a1141c6ed73e,bb050aa041e8fc1c8391b908baeab529aaf2e9944d5f35b07af661349176adce,pinned_primary,portwatch_chokepoints_snapshot,data/raw/portwatch/Daily_Chokepoints_Data.csv,66f3a54afb042103f3e0afc9670568cb7be245394ec04eba55ebd158593f579d,pinned_primary_reference,chronos2,daily_q0.5,2026-04-19,5.0,56.42704772949219,26.710874557495117,86.32787322998047,51.42704772949219,2541.143165588379
portwatch_two_vintage_four_specification_matrix_v1,297908c214a0afab30a377854585cb1788922334c3bba976f8e2a1141c6ed73e,bb050aa041e8fc1c8391b908baeab529aaf2e9944d5f35b07af661349176adce,pinned_primary,portwatch_chokepoints_snapshot,data/raw/portwatch/Daily_Chokepoints_Data.csv,66f3a54afb042103f3e0afc9670568cb7be245394ec04eba55ebd158593f579d,pinned_primary_reference,chronos2,daily_q0.5,2026-04-20,5.0,56.42360305786133,27.3386173248291,85.90340423583984,51.42360305786133,2592.56676864624
portwatch_two_vintage_four_specification_matrix_v1,297908c214a0afab30a377854585cb1788922334c3bba976f8e2a1141c6ed73e,bb050aa041e8fc1c8391b908baeab529aaf2e9944d5f35b07af661349176adce,pinned_primary,portwatch_chokepoints_snapshot,data/raw/portwatch/Daily_Chokepoints_Data.csv,66f3a54afb042103f3e0afc9670568cb7be245394ec04eba55ebd158593f579d,pinned_primary_reference,chronos2,daily_q0.5,2026-04-21,3.0,56.35914993286133,27.237390518188477,85.58853149414062,53.35914993286133,2645.9259185791016
portwatch_two_vintage_four_specification_matrix_v1,297908c214a0afab30a377854585cb1788922334c3bba976f8e2a1141c6ed73e,bb050aa041e8fc1c8391b908baeab529aaf2e9944d5f35b07af661349176adce,pinned_primary,portwatch_chokepoints_snapshot,data/raw/portwatch/Daily_Chokepoints_Data.csv,66f3a54afb042103f3e0afc9670568cb7be245394ec04eba55ebd158593f579d,pinned_primary_reference,chronos2,daily_q0.5,2026-04-22,4.0,56.53338241577149,27.030210494995117,85.8907241821289,52.53338241577149,2698.459300994873
portwatch_two_vintage_four_specification_matrix_v1,297908c214a0afab30a377854585cb1788922334c3bba976f8e2a1141c6ed73e,bb050aa041e8fc1c8391b908baeab529aaf2e9944d5f35b07af661349176adce,pinned_primary,portwatch_chokepoints_snapshot,data/raw/portwatch/Daily_Chokepoints_Data.csv,66f3a54afb042103f3e0afc9670568cb7be245394ec04eba55ebd158593f579d,pinned_primary_reference,chronos2,daily_q0.5,2026-04-23,2.0,56.48469161987305,27.071552276611328,85.71208953857422,54.48469161987305,2752.943992614746
portwatch_two_vintage_four_specification_matrix_v1,297908c214a0afab30a377854585cb1788922334c3bba976f8e2a1141c6ed73e,bb050aa041e8fc1c8391b908baeab529aaf2e9944d5f35b07af661349176adce,pinned_primary,portwatch_chokepoints_snapshot,data/raw/portwatch/Daily_Chokepoints_Data.csv,66f3a54afb042103f3e0afc9670568cb7be245394ec04eba55ebd158593f579d,pinned_primary_reference,chronos2,daily_q0.5,2026-04-24,3.0,56.57840347290039,27.144926071166992,85.92832946777344,53.57840347290039,2806.5223960876465
portwatch_two_vintage_four_specification_matrix_v1,297908c214a0afab30a377854585cb1788922334c3bba976f8e2a1141c6ed73e,bb050aa041e8fc1c8391b908baeab529aaf2e9944d5f35b07af661349176adce,pinned_primary,portwatch_chokepoints_snapshot,data/raw/portwatch/Daily_Chokepoints_Data.csv,66f3a54afb042103f3e0afc9670568cb7be245394ec04eba55ebd158593f579d,pinned_primary_reference,chronos2,daily_q0.5,2026-04-25,2.0,56.64141845703125,26.76952362060547,85.77549743652344,54.64141845703125,2861.1638145446777
portwatch_two_vintage_four_specification_matrix_v1,297908c214a0afab30a377854585cb1788922334c3bba976f8e2a1141c6ed73e,bb050aa041e8fc1c8391b908baeab529aaf2e9944d5f35b07af661349176adce,pinned_primary,portwatch_chokepoints_snapshot,data/raw/portwatch/Daily_Chokepoints_Data.csv,66f3a54afb042103f3e0afc9670568cb7be245394ec04eba55ebd158593f579d,pinned_primary_reference,chronos2,daily_q0.5,2026-04-26,2.0,56.737117767333984,27.38944435119629,85.8726577758789,54.737117767333984,2915.9009323120117
portwatch_two_vintage_four_specification_matrix_v1,297908c214a0afab30a377854585cb1788922334c3bba976f8e2a1141c6ed73e,bb050aa041e8fc1c8391b908baeab529aaf2e9944d5f35b07af661349176adce,pinned_primary,portwatch_chokepoints_snapshot,data/raw/portwatch/Daily_Chokepoints_Data.csv,66f3a54afb042103f3e0afc9670568cb7be245394ec04eba55ebd158593f579d,pinned_primary_reference,chronos2,daily_q0.5,2026-04-27,0.0,56.70045471191406,26.75291633605957,85.96994018554688,56.70045471191406,2972.601387023926
portwatch_two_vintage_four_specification_matrix_v1,297908c214a0afab30a377854585cb1788922334c3bba976f8e2a1141c6ed73e,bb050aa041e8fc1c8391b908baeab529aaf2e9944d5f35b07af661349176adce,pinned_primary,portwatch_chokepoints_snapshot,data/raw/portwatch/Daily_Chokepoints_Data.csv,66f3a54afb042103f3e0afc9670568cb7be245394ec04eba55ebd158593f579d,pinned_primary_reference,chronos2,daily_q0.5,2026-04-28,2.0,56.69335174560547,27.184261322021484,86.5264892578125,54.69335174560547,3027.2947387695312
portwatch_two_vintage_four_specification_matrix_v1,297908c214a0afab30a377854585cb1788922334c3bba976f8e2a1141c6ed73e,bb050aa041e8fc1c8391b908baeab529aaf2e9944d5f35b07af661349176adce,pinned_primary,portwatch_chokepoints_snapshot,data/raw/portwatch/Daily_Chokepoints_Data.csv,66f3a54afb042103f3e0afc9670568cb7be245394ec04eba55ebd158593f579d,pinned_primary_reference,chronos2,daily_q0.5,2026-04-29,3.0,56.61772918701172,27.56213760375977,86.55690002441406,53.61772918701172,3080.912467956543
portwatch_two_vintage_four_specification_matrix_v1,297908c214a0afab30a377854585cb1788922334c3bba976f8e2a1141c6ed73e,bb050aa041e8fc1c8391b908baeab529aaf2e9944d5f35b07af661349176adce,pinned_primary,portwatch_chokepoints_snapshot,data/raw/portwatch/Daily_Chokepoints_Data.csv,66f3a54afb042103f3e0afc9670568cb7be245394ec04eba55ebd158593f579d,pinned_primary_reference,chronos2,daily_q0.5,2026-04-30,4.0,56.669776916503906,27.44146728515625,86.78173065185547,52.669776916503906,3133.582244873047
portwatch_two_vintage_four_specification_matrix_v1,297908c214a0afab30a377854585cb1788922334c3bba976f8e2a1141c6ed73e,bb050aa041e8fc1c8391b908baeab529aaf2e9944d5f35b07af661349176adce,pinned_primary,portwatch_chokepoints_snapshot,data/raw/portwatch/Daily_Chokepoints_Data.csv,66f3a54afb042103f3e0afc9670568cb7be245394ec04eba55ebd158593f579d,pinned_primary_reference,chronos2,daily_q0.5,2026-05-01,4.0,56.701080322265625,27.665021896362305,86.16848754882812,52.701080322265625,3186.2833251953125
portwatch_two_vintage_four_specification_matrix_v1,297908c214a0afab30a377854585cb1788922334c3bba976f8e2a1141c6ed73e,bb050aa041e8fc1c8391b908baeab529aaf2e9944d5f35b07af661349176adce,pinned_primary,portwatch_chokepoints_snapshot,data/raw/portwatch/Daily_Chokepoints_Data.csv,66f3a54afb042103f3e0afc9670568cb7be245394ec04eba55ebd158593f579d,pinned_primary_reference,chronos2,daily_q0.5,2026-05-02,5.0,56.6604118347168,27.404680252075195,86.60172271728516,51.6604118347168,3237.9437370300293
portwatch_two_vintage_four_specification_matrix_v1,297908c214a0afab30a377854585cb1788922334c3bba976f8e2a1141c6ed73e,bb050aa041e8fc1c8391b908baeab529aaf2e9944d5f35b07af661349176adce,pinned_primary,portwatch_chokepoints_snapshot,data/raw/portwatch/Daily_Chokepoints_Data.csv,66f3a54afb042103f3e0afc9670568cb7be245394ec04eba55ebd158593f579d,pinned_primary_reference,chronos2,daily_q0.5,2026-05-03,1.0,57.096221923828125,27.0300235748291,86.83354949951172,56.096221923828125,3294.0399589538574
portwatch_two_vintage_four_specification_matrix_v1,297908c214a0afab30a377854585cb1788922334c3bba976f8e2a1141c6ed73e,bb050aa041e8fc1c8391b908baeab529aaf2e9944d5f35b07af661349176adce,pinned_primary,portwatch_chokepoints_snapshot,data/raw/portwatch/Daily_Chokepoints_Data.csv,66f3a54afb042103f3e0afc9670568cb7be245394ec04eba55ebd158593f579d,pinned_primary_reference,chronos2,daily_q0.5,2026-05-04,0.0,57.08549118041992,26.340002059936523,87.10411834716797,57.08549118041992,3351.1254501342773
portwatch_two_vintage_four_specification_matrix_v1,297908c214a0afab30a377854585cb1788922334c3bba976f8e2a1141c6ed73e,bb050aa041e8fc1c8391b908baeab529aaf2e9944d5f35b07af661349176adce,pinned_primary,portwatch_chokepoints_snapshot,data/raw/portwatch/Daily_Chokepoints_Data.csv,66f3a54afb042103f3e0afc9670568cb7be245394ec04eba55ebd158593f579d,pinned_primary_reference,chronos2,daily_q0.5,2026-05-05,0.0,57.163299560546875,26.530048370361328,87.02013397216797,57.163299560546875,3408.288749694824
portwatch_two_vintage_four_specification_matrix_v1,297908c214a0afab30a377854585cb1788922334c3bba976f8e2a1141c6ed73e,bb050aa041e8fc1c8391b908baeab529aaf2e9944d5f35b07af661349176adce,pinned_primary,portwatch_chokepoints_snapshot,data/raw/portwatch/Daily_Chokepoints_Data.csv,66f3a54afb042103f3e0afc9670568cb7be245394ec04eba55ebd158593f579d,pinned_primary_reference,chronos2,daily_q0.5,2026-05-06,0.0,57.08135986328125,27.106536865234375,86.7003402709961,57.08135986328125,3465.3701095581055
portwatch_two_vintage_four_specification_matrix_v1,297908c214a0afab30a377854585cb1788922334c3bba976f8e2a1141c6ed73e,bb050aa041e8fc1c8391b908baeab529aaf2e9944d5f35b07af661349176adce,pinned_primary,portwatch_chokepoints_snapshot,data/raw/portwatch/Daily_Chokepoints_Data.csv,66f3a54afb042103f3e0afc9670568cb7be245394ec04eba55ebd158593f579d,pinned_primary_reference,chronos2,daily_q0.5,2026-05-07,1.0,57.06039810180664,27.10980224609375,86.41480255126953,56.06039810180664,3521.430507659912
portwatch_two_vintage_four_specification_matrix_v1,297908c214a0afab30a377854585cb1788922334c3bba976f8e2a1141c6ed73e,bb050aa041e8fc1c8391b908baeab529aaf2e9944d5f35b07af661349176adce,pinned_primary,portwatch_chokepoints_snapshot,data/raw/portwatch/Daily_Chokepoints_Data.csv,66f3a54afb042103f3e0afc9670568cb7be245394ec04eba55ebd158593f579d,pinned_primary_reference,chronos2,daily_q0.5,2026-05-08,1.0,57.20335388183594,26.90941047668457,86.70533752441406,56.20335388183594,3577.633861541748
portwatch_two_vintage_four_specification_matrix_v1,297908c214a0afab30a377854585cb1788922334c3bba976f8e2a1141c6ed73e,bb050aa041e8fc1c8391b908baeab529aaf2e9944d5f35b07af661349176adce,pinned_primary,portwatch_chokepoints_snapshot,data/raw/portwatch/Daily_Chokepoints_Data.csv,66f3a54afb042103f3e0afc9670568cb7be245394ec04eba55ebd158593f579d,pinned_primary_reference,chronos2,daily_q0.5,2026-05-09,2.0,57.092628479003906,26.83062744140625,86.53268432617188,55.092628479003906,3632.726490020752
portwatch_two_vintage_four_specification_matrix_v1,297908c214a0afab30a377854585cb1788922334c3bba976f8e2a1141c6ed73e,bb050aa041e8fc1c8391b908baeab529aaf2e9944d5f35b07af661349176adce,pinned_primary,portwatch_chokepoints_snapshot,data/raw/portwatch/Daily_Chokepoints_Data.csv,66f3a54afb042103f3e0afc9670568cb7be245394ec04eba55ebd158593f579d,pinned_primary_reference,chronos2,daily_q0.5,2026-05-10,3.0,57.11495590209961,26.908008575439453,86.69831085205078,54.11495590209961,3686.841445922851
portwatch_two_vintage_four_specification_matrix_v1,297908c214a0afab30a377854585cb1788922334c3bba976f8e2a1141c6ed73e,bb050aa041e8fc1c8391b908baeab529aaf2e9944d5f35b07af661349176adce,pinned_primary,portwatch_chokepoints_snapshot,data/raw/portwatch/Daily_Chokepoints_Data.csv,66f3a54afb042103f3e0afc9670568cb7be245394ec04eba55ebd158593f579d,pinned_primary_reference,chronos2,daily_q0.5,2026-05-11,4.0,57.13139343261719,26.691085815429688,86.58129119873047,53.13139343261719,3739.9728393554688
portwatch_two_vintage_four_specification_matrix_v1,297908c214a0afab30a377854585cb1788922334c3bba976f8e2a1141c6ed73e,bb050aa041e8fc1c8391b908baeab529aaf2e9944d5f35b07af661349176adce,pinned_primary,portwatch_chokepoints_snapshot,data/raw/portwatch/Daily_Chokepoints_Data.csv,66f3a54afb042103f3e0afc9670568cb7be245394ec04eba55ebd158593f579d,pinned_primary_reference,chronos2,daily_q0.5,2026-05-12,1.0,57.15400314331055,27.320890426635746,86.56684875488281,56.15400314331055,3796.1268424987793
portwatch_two_vintage_four_specification_matrix_v1,297908c214a0afab30a377854585cb1788922334c3bba976f8e2a1141c6ed73e,bb050aa041e8fc1c8391b908baeab529aaf2e9944d5f35b07af661349176adce,pinned_primary,portwatch_chokepoints_snapshot,data/raw/portwatch/Daily_Chokepoints_Data.csv,66f3a54afb042103f3e0afc9670568cb7be245394ec04eba55ebd158593f579d,pinned_primary_reference,chronos2,daily_q0.5,2026-05-13,2.0,57.12321472167969,26.570348739624023,86.77381134033203,55.12321472167969,3851.250057220459
portwatch_two_vintage_four_specification_matrix_v1,297908c214a0afab30a377854585cb1788922334c3bba976f8e2a1141c6ed73e,bb050aa041e8fc1c8391b908baeab529aaf2e9944d5f35b07af661349176adce,pinned_primary,portwatch_chokepoints_snapshot,data/raw/portwatch/Daily_Chokepoints_Data.csv,66f3a54afb042103f3e0afc9670568cb7be245394ec04eba55ebd158593f579d,pinned_primary_reference,chronos2,daily_q0.5,2026-05-14,4.0,57.07013320922851,27.01007080078125,87.3455810546875,53.07013320922851,3904.320190429687
portwatch_two_vintage_four_specification_matrix_v1,297908c214a0afab30a377854585cb1788922334c3bba976f8e2a1141c6ed73e,bb050aa041e8fc1c8391b908baeab529aaf2e9944d5f35b07af661349176adce,pinned_primary,portwatch_chokepoints_snapshot,data/raw/portwatch/Daily_Chokepoints_Data.csv,66f3a54afb042103f3e0afc9670568cb7be245394ec04eba55ebd158593f579d,pinned_primary_reference,chronos2,daily_q0.5,2026-05-15,2.0,56.88338470458984,27.28993034362793,87.37830352783203,54.88338470458984,3959.203575134278
portwatch_two_vintage_four_specification_matrix_v1,297908c214a0afab30a377854585cb1788922334c3bba976f8e2a1141c6ed73e,bb050aa041e8fc1c8391b908baeab529aaf2e9944d5f35b07af661349176adce,pinned_primary,portwatch_chokepoints_snapshot,data/raw/portwatch/Daily_Chokepoints_Data.csv,66f3a54afb042103f3e0afc9670568cb7be245394ec04eba55ebd158593f579d,pinned_primary_reference,chronos2,daily_q0.5,2026-05-16,2.0,56.930442810058594,27.135560989379883,87.61576080322266,54.930442810058594,4014.134017944336
portwatch_two_vintage_four_specification_matrix_v1,297908c214a0afab30a377854585cb1788922334c3bba976f8e2a1141c6ed73e,bb050aa041e8fc1c8391b908baeab529aaf2e9944d5f35b07af661349176adce,pinned_primary,portwatch_chokepoints_snapshot,data/raw/portwatch/Daily_Chokepoints_Data.csv,66f3a54afb042103f3e0afc9670568cb7be245394ec04eba55ebd158593f579d,pinned_primary_reference,chronos2,daily_q0.5,2026-05-17,2.0,56.955718994140625,27.29903984069824,86.95653533935547,54.955718994140625,4069.089736938477
portwatch_two_vintage_four_specification_matrix_v1,297908c214a0afab30a377854585cb1788922334c3bba976f8e2a1141c6ed73e,bb050aa041e8fc1c8391b908baeab529aaf2e9944d5f35b07af661349176adce,pinned_primary,portwatch_chokepoints_snapshot,data/raw/portwatch/Daily_Chokepoints_Data.csv,66f3a54afb042103f3e0afc9670568cb7be245394ec04eba55ebd158593f579d,pinned_primary_reference,chronos2,daily_q0.5,2026-05-18,1.0,56.85995864868164,27.0520076751709,87.35355377197266,55.85995864868164,4124.949695587158
portwatch_two_vintage_four_specification_matrix_v1,297908c214a0afab30a377854585cb1788922334c3bba976f8e2a1141c6ed73e,bb050aa041e8fc1c8391b908baeab529aaf2e9944d5f35b07af661349176adce,pinned_primary,portwatch_chokepoints_snapshot,data/raw/portwatch/Daily_Chokepoints_Data.csv,66f3a54afb042103f3e0afc9670568cb7be245394ec04eba55ebd158593f579d,pinned_primary_reference,chronos2,daily_q0.5,2026-05-19,3.0,57.16446685791016,27.458717346191406,87.49908447265625,54.16446685791016,4179.114162445068
portwatch_two_vintage_four_specification_matrix_v1,297908c214a0afab30a377854585cb1788922334c3bba976f8e2a1141c6ed73e,bb050aa041e8fc1c8391b908baeab529aaf2e9944d5f35b07af661349176adce,pinned_primary,portwatch_chokepoints_snapshot,data/raw/portwatch/Daily_Chokepoints_Data.csv,66f3a54afb042103f3e0afc9670568cb7be245394ec04eba55ebd158593f579d,pinned_primary_reference,chronos2,daily_q0.5,2026-05-20,5.0,57.10393905639648,26.801179885864254,87.64574432373047,52.10393905639648,4231.218101501465
portwatch_two_vintage_four_specification_matrix_v1,297908c214a0afab30a377854585cb1788922334c3bba976f8e2a1141c6ed73e,bb050aa041e8fc1c8391b908baeab529aaf2e9944d5f35b07af661349176adce,pinned_primary,portwatch_chokepoints_snapshot,data/raw/portwatch/Daily_Chokepoints_Data.csv,66f3a54afb042103f3e0afc9670568cb7be245394ec04eba55ebd158593f579d,pinned_primary_reference,chronos2,daily_q0.5,2026-05-21,2.0,57.07352828979492,26.869640350341797,87.69007873535156,55.07352828979492,4286.29162979126
portwatch_two_vintage_four_specification_matrix_v1,297908c214a0afab30a377854585cb1788922334c3bba976f8e2a1141c6ed73e,bb050aa041e8fc1c8391b908baeab529aaf2e9944d5f35b07af661349176adce,pinned_primary,portwatch_chokepoints_snapshot,data/raw/portwatch/Daily_Chokepoints_Data.csv,66f3a54afb042103f3e0afc9670568cb7be245394ec04eba55ebd158593f579d,pinned_primary_reference,chronos2,daily_q0.5,2026-05-22,0.0,57.00521087646485,27.369441986083984,87.27845764160156,57.00521087646485,4343.296840667725
portwatch_two_vintage_four_specification_matrix_v1,297908c214a0afab30a377854585cb1788922334c3bba976f8e2a1141c6ed73e,bb050aa041e8fc1c8391b908baeab529aaf2e9944d5f35b07af661349176adce,pinned_primary,portwatch_chokepoints_snapshot,data/raw/portwatch/Daily_Chokepoints_Data.csv,66f3a54afb042103f3e0afc9670568cb7be245394ec04eba55ebd158593f579d,pinned_primary_reference,chronos2,daily_q0.5,2026-05-23,1.0,56.96613693237305,27.350236892700195,86.99048614501953,55.96613693237305,4399.262977600098
portwatch_two_vintage_four_specification_matrix_v1,297908c214a0afab30a377854585cb1788922334c3bba976f8e2a1141c6ed73e,bb050aa041e8fc1c8391b908baeab529aaf2e9944d5f35b07af661349176adce,pinned_primary,portwatch_chokepoints_snapshot,data/raw/portwatch/Daily_Chokepoints_Data.csv,66f3a54afb042103f3e0afc9670568cb7be245394ec04eba55ebd158593f579d,pinned_primary_reference,chronos2,daily_q0.5,2026-05-24,2.0,57.078834533691406,27.00128936767578,87.33409881591797,55.078834533691406,4454.341812133789
portwatch_two_vintage_four_specification_matrix_v1,297908c214a0afab30a377854585cb1788922334c3bba976f8e2a1141c6ed73e,bb050aa041e8fc1c8391b908baeab529aaf2e9944d5f35b07af661349176adce,pinned_primary,portwatch_chokepoints_snapshot,data/raw/portwatch/Daily_Chokepoints_Data.csv,66f3a54afb042103f3e0afc9670568cb7be245394ec04eba55ebd158593f579d,pinned_primary_reference,chronos2,daily_q0.5,2026-05-25,0.0,56.89524459838867,27.07225227355957,87.15836334228516,56.89524459838867,4511.237056732178
portwatch_two_vintage_four_specification_matrix_v1,297908c214a0afab30a377854585cb1788922334c3bba976f8e2a1141c6ed73e,bb050aa041e8fc1c8391b908baeab529aaf2e9944d5f35b07af661349176adce,pinned_primary,portwatch_chokepoints_snapshot,data/raw/portwatch/Daily_Chokepoints_Data.csv,66f3a54afb042103f3e0afc9670568cb7be245394ec04eba55ebd158593f579d,pinned_primary_reference,chronos2,daily_q0.5,2026-05-26,2.0,56.8773078918457,27.14919090270996,87.31582641601562,54.8773078918457,4566.114364624023
portwatch_two_vintage_four_specification_matrix_v1,297908c214a0afab30a377854585cb1788922334c3bba976f8e2a1141c6ed73e,bb050aa041e8fc1c8391b908baeab529aaf2e9944d5f35b07af661349176adce,pinned_primary,portwatch_chokepoints_snapshot,data/raw/portwatch/Daily_Chokepoints_Data.csv,66f3a54afb042103f3e0afc9670568cb7be245394ec04eba55ebd158593f579d,pinned_primary_reference,chronos2,daily_q0.5,2026-05-27,2.0,56.809593200683594,26.772525787353516,87.15327453613281,54.809593200683594,4620.923957824707
portwatch_two_vintage_four_specification_matrix_v1,297908c214a0afab30a377854585cb1788922334c3bba976f8e2a1141c6ed73e,bb050aa041e8fc1c8391b908baeab529aaf2e9944d5f35b07af661349176adce,pinned_primary,portwatch_chokepoints_snapshot,data/raw/portwatch/Daily_Chokepoints_Data.csv,66f3a54afb042103f3e0afc9670568cb7be245394ec04eba55ebd158593f579d,pinned_primary_reference,chronos2,daily_q0.5,2026-05-28,0.0,56.86643981933594,27.348310470581055,86.9630126953125,56.86643981933594,4677.790397644043
portwatch_two_vintage_four_specification_matrix_v1,297908c214a0afab30a377854585cb1788922334c3bba976f8e2a1141c6ed73e,bb050aa041e8fc1c8391b908baeab529aaf2e9944d5f35b07af661349176adce,pinned_primary,portwatch_chokepoints_snapshot,data/raw/portwatch/Daily_Chokepoints_Data.csv,66f3a54afb042103f3e0afc9670568cb7be245394ec04eba55ebd158593f579d,pinned_primary_reference,chronos2,daily_q0.5,2026-05-29,0.0,56.702449798583984,26.62699508666992,87.28495025634766,56.702449798583984,4734.492847442627
portwatch_two_vintage_four_specification_matrix_v1,297908c214a0afab30a377854585cb1788922334c3bba976f8e2a1141c6ed73e,bb050aa041e8fc1c8391b908baeab529aaf2e9944d5f35b07af661349176adce,pinned_primary,portwatch_chokepoints_snapshot,data/raw/portwatch/Daily_Chokepoints_Data.csv,66f3a54afb042103f3e0afc9670568cb7be245394ec04eba55ebd158593f579d,pinned_primary_reference,chronos2,daily_q0.5,2026-05-30,1.0,56.729888916015625,26.98202133178711,87.92645263671875,55.729888916015625,4790.222736358643
portwatch_two_vintage_four_specification_matrix_v1,297908c214a0afab30a377854585cb1788922334c3bba976f8e2a1141c6ed73e,bb050aa041e8fc1c8391b908baeab529aaf2e9944d5f35b07af661349176adce,pinned_primary,portwatch_chokepoints_snapshot,data/raw/portwatch/Daily_Chokepoints_Data.csv,66f3a54afb042103f3e0afc9670568cb7be245394ec04eba55ebd158593f579d,pinned_primary_reference,chronos2,daily_q0.5,2026-05-31,0.0,56.61347579956055,27.242115020751953,87.85678100585938,56.61347579956055,4846.836212158203
portwatch_two_vintage_four_specification_matrix_v1,297908c214a0afab30a377854585cb1788922334c3bba976f8e2a1141c6ed73e,bb050aa041e8fc1c8391b908baeab529aaf2e9944d5f35b07af661349176adce,pinned_primary,portwatch_chokepoints_snapshot,data/raw/portwatch/Daily_Chokepoints_Data.csv,66f3a54afb042103f3e0afc9670568cb7be245394ec04eba55ebd158593f579d,pinned_primary_reference,chronos2,daily_q0.5,2026-06-01,2.0,56.5550422668457,27.089622497558594,87.96922302246094,54.5550422668457,4901.391254425049
portwatch_two_vintage_four_specification_matrix_v1,297908c214a0afab30a377854585cb1788922334c3bba976f8e2a1141c6ed73e,bb050aa041e8fc1c8391b908baeab529aaf2e9944d5f35b07af661349176adce,pinned_primary,portwatch_chokepoints_snapshot,data/raw/portwatch/Daily_Chokepoints_Data.csv,66f3a54afb042103f3e0afc9670568cb7be245394ec04eba55ebd158593f579d,pinned_primary_reference,chronos2,daily_q0.5,2026-06-02,4.0,56.5240592956543,27.24994850158691,87.31061553955078,52.5240592956543,4953.915313720703
portwatch_two_vintage_four_specification_matrix_v1,297908c214a0afab30a377854585cb1788922334c3bba976f8e2a1141c6ed73e,bb050aa041e8fc1c8391b908baeab529aaf2e9944d5f35b07af661349176adce,pinned_primary,portwatch_chokepoints_snapshot,data/raw/portwatch/Daily_Chokepoints_Data.csv,66f3a54afb042103f3e0afc9670568cb7be245394ec04eba55ebd158593f579d,pinned_primary_reference,chronos2,daily_q0.5,2026-06-03,4.0,56.431941986083984,27.065614700317383,87.77033233642578,52.431941986083984,5006.347255706787
portwatch_two_vintage_four_specification_matrix_v1,297908c214a0afab30a377854585cb1788922334c3bba976f8e2a1141c6ed73e,bb050aa041e8fc1c8391b908baeab529aaf2e9944d5f35b07af661349176adce,pinned_primary,portwatch_chokepoints_snapshot,data/raw/portwatch/Daily_Chokepoints_Data.csv,66f3a54afb042103f3e0afc9670568cb7be245394ec04eba55ebd158593f579d,pinned_primary_reference,chronos2,daily_q0.5,2026-06-04,2.0,56.43315887451172,27.431711196899418,87.38945007324219,54.43315887451172,5060.780414581299
portwatch_two_vintage_four_specification_matrix_v1,297908c214a0afab30a377854585cb1788922334c3bba976f8e2a1141c6ed73e,bb050aa041e8fc1c8391b908baeab529aaf2e9944d5f35b07af661349176adce,pinned_primary,portwatch_chokepoints_snapshot,data/raw/portwatch/Daily_Chokepoints_Data.csv,66f3a54afb042103f3e0afc9670568cb7be245394ec04eba55ebd158593f579d,pinned_primary_reference,chronos2,daily_q0.5,2026-06-05,0.0,56.29572296142578,26.844730377197266,87.65043640136719,56.29572296142578,5117.076137542725
portwatch_two_vintage_four_specification_matrix_v1,297908c214a0afab30a377854585cb1788922334c3bba976f8e2a1141c6ed73e,bb050aa041e8fc1c8391b908baeab529aaf2e9944d5f35b07af661349176adce,pinned_primary,portwatch_chokepoints_snapshot,data/raw/portwatch/Daily_Chokepoints_Data.csv,66f3a54afb042103f3e0afc9670568cb7be245394ec04eba55ebd158593f579d,pinned_primary_reference,chronos2,daily_q0.5,2026-06-06,0.0,56.28975296020508,26.79212760925293,87.71686553955078,56.28975296020508,5173.36589050293
portwatch_two_vintage_four_specification_matrix_v1,297908c214a0afab30a377854585cb1788922334c3bba976f8e2a1141c6ed73e,bb050aa041e8fc1c8391b908baeab529aaf2e9944d5f35b07af661349176adce,pinned_primary,portwatch_chokepoints_snapshot,data/raw/portwatch/Daily_Chokepoints_Data.csv,66f3a54afb042103f3e0afc9670568cb7be245394ec04eba55ebd158593f579d,pinned_primary_reference,chronos2,daily_q0.5,2026-06-07,1.0,56.213401794433594,27.171964645385746,87.03861236572266,55.213401794433594,5228.579292297363
portwatch_two_vintage_four_specification_matrix_v1,297908c214a0afab30a377854585cb1788922334c3bba976f8e2a1141c6ed73e,bb050aa041e8fc1c8391b908baeab529aaf2e9944d5f35b07af661349176adce,pinned_primary,portwatch_chokepoints_snapshot,data/raw/portwatch/Daily_Chokepoints_Data.csv,66f3a54afb042103f3e0afc9670568cb7be245394ec04eba55ebd158593f579d,pinned_primary_reference,chronos2,daily_q0.5,2026-06-08,2.0,56.050567626953125,27.08412170410156,86.69805145263672,54.050567626953125,5282.629859924316
portwatch_two_vintage_four_specification_matrix_v1,297908c214a0afab30a377854585cb1788922334c3bba976f8e2a1141c6ed73e,bb050aa041e8fc1c8391b908baeab529aaf2e9944d5f35b07af661349176adce,pinned_primary,portwatch_chokepoints_snapshot,data/raw/portwatch/Daily_Chokepoints_Data.csv,66f3a54afb042103f3e0afc9670568cb7be245394ec04eba55ebd158593f579d,pinned_primary_reference,chronos2,daily_q0.5,2026-06-09,2.0,56.10300827026367,26.677387237548828,86.90499877929688,54.10300827026367,5336.73286819458
portwatch_two_vintage_four_specification_matrix_v1,297908c214a0afab30a377854585cb1788922334c3bba976f8e2a1141c6ed73e,bb050aa041e8fc1c8391b908baeab529aaf2e9944d5f35b07af661349176adce,pinned_primary,portwatch_chokepoints_snapshot,data/raw/portwatch/Daily_Chokepoints_Data.csv,66f3a54afb042103f3e0afc9670568cb7be245394ec04eba55ebd158593f579d,pinned_primary_reference,chronos2,daily_q0.5,2026-06-10,1.0,55.927242279052734,26.731897354125977,86.72703552246094,54.927242279052734,5391.660110473633
portwatch_two_vintage_four_specification_matrix_v1,297908c214a0afab30a377854585cb1788922334c3bba976f8e2a1141c6ed73e,bb050aa041e8fc1c8391b908baeab529aaf2e9944d5f35b07af661349176adce,pinned_primary,portwatch_chokepoints_snapshot,data/raw/portwatch/Daily_Chokepoints_Data.csv,66f3a54afb042103f3e0afc9670568cb7be245394ec04eba55ebd158593f579d,pinned_primary_reference,chronos2,daily_q0.5,2026-06-11,2.0,55.90262222290039,26.631200790405273,86.83647918701172,53.90262222290039,5445.562732696533
portwatch_two_vintage_four_specification_matrix_v1,297908c214a0afab30a377854585cb1788922334c3bba976f8e2a1141c6ed73e,bb050aa041e8fc1c8391b908baeab529aaf2e9944d5f35b07af661349176adce,pinned_primary,portwatch_chokepoints_snapshot,data/raw/portwatch/Daily_Chokepoints_Data.csv,66f3a54afb042103f3e0afc9670568cb7be245394ec04eba55ebd158593f579d,pinned_primary_reference,chronos2,daily_q0.5,2026-06-12,1.0,55.74611282348633,26.358932495117188,86.48258209228516,54.74611282348633,5500.3088455200195
portwatch_two_vintage_four_specification_matrix_v1,297908c214a0afab30a377854585cb1788922334c3bba976f8e2a1141c6ed73e,bb050aa041e8fc1c8391b908baeab529aaf2e9944d5f35b07af661349176adce,pinned_primary,portwatch_chokepoints_snapshot,data/raw/portwatch/Daily_Chokepoints_Data.csv,66f3a54afb042103f3e0afc9670568cb7be245394ec04eba55ebd158593f579d,pinned_primary_reference,chronos2,daily_q0.5,2026-06-13,0.0,55.76950454711914,26.73944854736328,86.40658569335938,55.76950454711914,5556.078350067139
portwatch_two_vintage_four_specification_matrix_v1,297908c214a0afab30a377854585cb1788922334c3bba976f8e2a1141c6ed73e,bb050aa041e8fc1c8391b908baeab529aaf2e9944d5f35b07af661349176adce,pinned_primary,portwatch_chokepoints_snapshot,data/raw/portwatch/Daily_Chokepoints_Data.csv,66f3a54afb042103f3e0afc9670568cb7be245394ec04eba55ebd158593f579d,pinned_primary_reference,chronos2,daily_q0.5,2026-06-14,0.0,55.58332824707031,26.0261173248291,86.62535858154297,55.58332824707031,5611.661678314209
portwatch_two_vintage_four_specification_matrix_v1,297908c214a0afab30a377854585cb1788922334c3bba976f8e2a1141c6ed73e,bb050aa041e8fc1c8391b908baeab529aaf2e9944d5f35b07af661349176adce,pinned_primary,portwatch_chokepoints_snapshot,data/raw/portwatch/Daily_Chokepoints_Data.csv,66f3a54afb042103f3e0afc9670568cb7be245394ec04eba55ebd158593f579d,pinned_primary_reference,chronos2,daily_q0.5,2026-06-15,1.0,55.56203079223633,26.407638549804688,87.3519515991211,54.56203079223633,5666.223709106445
portwatch_two_vintage_four_specification_matrix_v1,297908c214a0afab30a377854585cb1788922334c3bba976f8e2a1141c6ed73e,bb050aa041e8fc1c8391b908baeab529aaf2e9944d5f35b07af661349176adce,pinned_primary,portwatch_chokepoints_snapshot,data/raw/portwatch/Daily_Chokepoints_Data.csv,66f3a54afb042103f3e0afc9670568cb7be245394ec04eba55ebd158593f579d,pinned_primary_reference,chronos2,daily_q0.5,2026-06-16,2.0,55.39576721191406,26.656085968017575,87.2892074584961,53.39576721191406,5719.619476318359
portwatch_two_vintage_four_specification_matrix_v1,297908c214a0afab30a377854585cb1788922334c3bba976f8e2a1141c6ed73e,bb050aa041e8fc1c8391b908baeab529aaf2e9944d5f35b07af661349176adce,pinned_primary,portwatch_chokepoints_snapshot,data/raw/portwatch/Daily_Chokepoints_Data.csv,66f3a54afb042103f3e0afc9670568cb7be245394ec04eba55ebd158593f579d,pinned_primary_reference,chronos2,daily_q0.5,2026-06-17,1.0,55.35610580444336,26.51591110229492,87.35311126708984,54.35610580444336,5773.975582122803
portwatch_two_vintage_four_specification_matrix_v1,297908c214a0afab30a377854585cb1788922334c3bba976f8e2a1141c6ed73e,bb050aa041e8fc1c8391b908baeab529aaf2e9944d5f35b07af661349176adce,pinned_primary,portwatch_chokepoints_snapshot,data/raw/portwatch/Daily_Chokepoints_Data.csv,66f3a54afb042103f3e0afc9670568cb7be245394ec04eba55ebd158593f579d,pinned_primary_reference,chronos2,daily_q0.5,2026-06-18,11.0,55.3605842590332,26.78102684020996,86.70362854003906,44.3605842590332,5818.336166381836
portwatch_two_vintage_four_specification_matrix_v1,297908c214a0afab30a377854585cb1788922334c3bba976f8e2a1141c6ed73e,bb050aa041e8fc1c8391b908baeab529aaf2e9944d5f35b07af661349176adce,pinned_primary,portwatch_chokepoints_snapshot,data/raw/portwatch/Daily_Chokepoints_Data.csv,66f3a54afb042103f3e0afc9670568cb7be245394ec04eba55ebd158593f579d,pinned_primary_reference,chronos2,daily_q0.5,2026-06-19,5.0,55.26536560058594,26.458637237548828,87.10031127929688,50.26536560058594,5868.601531982422
portwatch_two_vintage_four_specification_matrix_v1,297908c214a0afab30a377854585cb1788922334c3bba976f8e2a1141c6ed73e,bb050aa041e8fc1c8391b908baeab529aaf2e9944d5f35b07af661349176adce,pinned_primary,portwatch_chokepoints_snapshot,data/raw/portwatch/Daily_Chokepoints_Data.csv,66f3a54afb042103f3e0afc9670568cb7be245394ec04eba55ebd158593f579d,pinned_primary_reference,chronos2,daily_q0.5,2026-06-20,12.0,55.559669494628906,26.901140213012695,87.10609436035156,43.559669494628906,5912.161201477051
portwatch_two_vintage_four_specification_matrix_v1,297908c214a0afab30a377854585cb1788922334c3bba976f8e2a1141c6ed73e,bb050aa041e8fc1c8391b908baeab529aaf2e9944d5f35b07af661349176adce,pinned_primary,portwatch_chokepoints_snapshot,data/raw/portwatch/Daily_Chokepoints_Data.csv,66f3a54afb042103f3e0afc9670568cb7be245394ec04eba55ebd158593f579d,pinned_primary_reference,chronos2,daily_q0.5,2026-06-21,1.0,55.46818161010742,26.307313919067383,87.4756851196289,54.46818161010742,5966.629383087158
portwatch_two_vintage_four_specification_matrix_v1,297908c214a0afab30a377854585cb1788922334c3bba976f8e2a1141c6ed73e,bb050aa041e8fc1c8391b908baeab529aaf2e9944d5f35b07af661349176adce,pinned_primary,portwatch_chokepoints_snapshot,data/raw/portwatch/Daily_Chokepoints_Data.csv,66f3a54afb042103f3e0afc9670568cb7be245394ec04eba55ebd158593f579d,pinned_primary_reference,chronos2,daily_q0.5,2026-06-22,9.0,55.41508102416992,26.457618713378903,87.47052764892578,46.41508102416992,6013.044464111328
portwatch_two_vintage_four_specification_matrix_v1,297908c214a0afab30a377854585cb1788922334c3bba976f8e2a1141c6ed73e,bb050aa041e8fc1c8391b908baeab529aaf2e9944d5f35b07af661349176adce,pinned_primary,portwatch_chokepoints_snapshot,data/raw/portwatch/Daily_Chokepoints_Data.csv,66f3a54afb042103f3e0afc9670568cb7be245394ec04eba55ebd158593f579d,pinned_primary_reference,chronos2,daily_q0.5,2026-06-23,5.0,55.422584533691406,26.85021209716797,86.92124938964844,50.422584533691406,6063.4670486450195
portwatch_two_vintage_four_specification_matrix_v1,297908c214a0afab30a377854585cb1788922334c3bba976f8e2a1141c6ed73e,bb050aa041e8fc1c8391b908baeab529aaf2e9944d5f35b07af661349176adce,pinned_primary,portwatch_chokepoints_snapshot,data/raw/portwatch/Daily_Chokepoints_Data.csv,66f3a54afb042103f3e0afc9670568cb7be245394ec04eba55ebd158593f579d,pinned_primary_reference,chronos2,daily_q0.5,2026-06-24,21.0,55.28927993774414,26.63370704650879,86.47775268554688,34.28927993774414,6097.756328582764
portwatch_two_vintage_four_specification_matrix_v1,297908c214a0afab30a377854585cb1788922334c3bba976f8e2a1141c6ed73e,bb050aa041e8fc1c8391b908baeab529aaf2e9944d5f35b07af661349176adce,pinned_primary,portwatch_chokepoints_snapshot,data/raw/portwatch/Daily_Chokepoints_Data.csv,66f3a54afb042103f3e0afc9670568cb7be245394ec04eba55ebd158593f579d,pinned_primary_reference,chronos2,daily_q0.5,2026-06-25,23.0,55.263484954833984,26.18269920349121,86.81222534179688,32.263484954833984,6130.019813537598
portwatch_two_vintage_four_specification_matrix_v1,297908c214a0afab30a377854585cb1788922334c3bba976f8e2a1141c6ed73e,bb050aa041e8fc1c8391b908baeab529aaf2e9944d5f35b07af661349176adce,pinned_primary,portwatch_chokepoints_snapshot,data/raw/portwatch/Daily_Chokepoints_Data.csv,66f3a54afb042103f3e0afc9670568cb7be245394ec04eba55ebd158593f579d,pinned_primary_reference,chronos2,daily_q0.5,2026-06-26,19.0,55.09197998046875,26.302839279174805,86.66385650634766,36.09197998046875,6166.111793518066
portwatch_two_vintage_four_specification_matrix_v1,297908c214a0afab30a377854585cb1788922334c3bba976f8e2a1141c6ed73e,bb050aa041e8fc1c8391b908baeab529aaf2e9944d5f35b07af661349176adce,pinned_primary,portwatch_chokepoints_snapshot,data/raw/portwatch/Daily_Chokepoints_Data.csv,66f3a54afb042103f3e0afc9670568cb7be245394ec04eba55ebd158593f579d,pinned_primary_reference,chronos2,daily_q0.5,2026-06-27,9.0,55.0480842590332,26.105913162231445,86.6138916015625,46.0480842590332,6212.1598777771
portwatch_two_vintage_four_specification_matrix_v1,297908c214a0afab30a377854585cb1788922334c3bba976f8e2a1141c6ed73e,bb050aa041e8fc1c8391b908baeab529aaf2e9944d5f35b07af661349176adce,pinned_primary,portwatch_chokepoints_snapshot,data/raw/portwatch/Daily_Chokepoints_Data.csv,66f3a54afb042103f3e0afc9670568cb7be245394ec04eba55ebd158593f579d,pinned_primary_reference,chronos2,daily_q0.5,2026-06-28,11.0,54.96796417236328,25.924097061157227,86.17144775390625,43.96796417236328,6256.127841949463
portwatch_two_vintage_four_specification_matrix_v1,297908c214a0afab30a377854585cb1788922334c3bba976f8e2a1141c6ed73e,bb050aa041e8fc1c8391b908baeab529aaf2e9944d5f35b07af661349176adce,pinned_primary,portwatch_chokepoints_snapshot,data/raw/portwatch/Daily_Chokepoints_Data.csv,66f3a54afb042103f3e0afc9670568cb7be245394ec04eba55ebd158593f579d,pinned_primary_reference,chronos2,daily_q0.5,2026-06-29,13.0,55.00556182861328,26.284313201904297,86.07593536376953,42.00556182861328,6298.133403778076
portwatch_two_vintage_four_specification_matrix_v1,297908c214a0afab30a377854585cb1788922334c3bba976f8e2a1141c6ed73e,bb050aa041e8fc1c8391b908baeab529aaf2e9944d5f35b07af661349176adce,pinned_primary,portwatch_chokepoints_snapshot,data/raw/portwatch/Daily_Chokepoints_Data.csv,66f3a54afb042103f3e0afc9670568cb7be245394ec04eba55ebd158593f579d,pinned_primary_reference,chronos2,daily_q0.5,2026-06-30,6.0,54.87649917602539,25.691232681274418,86.52631378173828,48.87649917602539,6347.009902954102
portwatch_two_vintage_four_specification_matrix_v1,297908c214a0afab30a377854585cb1788922334c3bba976f8e2a1141c6ed73e,bb050aa041e8fc1c8391b908baeab529aaf2e9944d5f35b07af661349176adce,pinned_primary,portwatch_chokepoints_snapshot,data/raw/portwatch/Daily_Chokepoints_Data.csv,66f3a54afb042103f3e0afc9670568cb7be245394ec04eba55ebd158593f579d,pinned_primary_reference,chronos2,daily_q0.5,2026-07-01,23.0,54.85331726074219,25.90775680541992,87.41609954833984,31.853317260742188,6378.863220214844
portwatch_two_vintage_four_specification_matrix_v1,297908c214a0afab30a377854585cb1788922334c3bba976f8e2a1141c6ed73e,bb050aa041e8fc1c8391b908baeab529aaf2e9944d5f35b07af661349176adce,pinned_primary,portwatch_chokepoints_snapshot,data/raw/portwatch/Daily_Chokepoints_Data.csv,66f3a54afb042103f3e0afc9670568cb7be245394ec04eba55ebd158593f579d,pinned_primary_reference,chronos2,daily_q0.5,2026-07-02,18.0,54.69573974609375,26.163515090942383,87.31464385986328,36.69573974609375,6415.5589599609375
portwatch_two_vintage_four_specification_matrix_v1,297908c214a0afab30a377854585cb1788922334c3bba976f8e2a1141c6ed73e,bb050aa041e8fc1c8391b908baeab529aaf2e9944d5f35b07af661349176adce,pinned_primary,portwatch_chokepoints_snapshot,data/raw/portwatch/Daily_Chokepoints_Data.csv,66f3a54afb042103f3e0afc9670568cb7be245394ec04eba55ebd158593f579d,pinned_primary_reference,chronos2,daily_q0.5,2026-07-03,21.0,54.59001541137695,26.00829315185547,87.46109771728516,33.59001541137695,6449.148975372314
portwatch_two_vintage_four_specification_matrix_v1,297908c214a0afab30a377854585cb1788922334c3bba976f8e2a1141c6ed73e,bb050aa041e8fc1c8391b908baeab529aaf2e9944d5f35b07af661349176adce,pinned_primary,portwatch_chokepoints_snapshot,data/raw/portwatch/Daily_Chokepoints_Data.csv,66f3a54afb042103f3e0afc9670568cb7be245394ec04eba55ebd158593f579d,pinned_primary_reference,chronos2,daily_q0.5,2026-07-04,11.0,54.6204719543457,26.299131393432617,86.81549835205078,43.6204719543457,6492.76944732666
portwatch_two_vintage_four_specification_matrix_v1,297908c214a0afab30a377854585cb1788922334c3bba976f8e2a1141c6ed73e,bb050aa041e8fc1c8391b908baeab529aaf2e9944d5f35b07af661349176adce,pinned_primary,portwatch_chokepoints_snapshot,data/raw/portwatch/Daily_Chokepoints_Data.csv,66f3a54afb042103f3e0afc9670568cb7be245394ec04eba55ebd158593f579d,pinned_primary_reference,chronos2,daily_q0.5,2026-07-05,16.0,54.610965728759766,26.072778701782227,87.16022491455078,38.610965728759766,6531.38041305542
portwatch_two_vintage_four_specification_matrix_v1,297908c214a0afab30a377854585cb1788922334c3bba976f8e2a1141c6ed73e,bb050aa041e8fc1c8391b908baeab529aaf2e9944d5f35b07af661349176adce,pinned_primary,portwatch_chokepoints_snapshot,data/raw/portwatch/Daily_Chokepoints_Data.csv,66f3a54afb042103f3e0afc9670568cb7be245394ec04eba55ebd158593f579d,pinned_primary_reference,chronos2,daily_q0.5,2026-07-06,14.0,54.79953384399414,25.719635009765625,86.41930389404297,40.79953384399414,6572.179946899414
portwatch_two_vintage_four_specification_matrix_v1,297908c214a0afab30a377854585cb1788922334c3bba976f8e2a1141c6ed73e,bb050aa041e8fc1c8391b908baeab529aaf2e9944d5f35b07af661349176adce,pinned_primary,portwatch_chokepoints_snapshot,data/raw/portwatch/Daily_Chokepoints_Data.csv,66f3a54afb042103f3e0afc9670568cb7be245394ec04eba55ebd158593f579d,pinned_primary_reference,chronos2,daily_q0.5,2026-07-07,12.0,54.70846939086914,25.293062210083008,86.78840637207031,42.70846939086914,6614.888416290283
portwatch_two_vintage_four_specification_matrix_v1,297908c214a0afab30a377854585cb1788922334c3bba976f8e2a1141c6ed73e,bb050aa041e8fc1c8391b908baeab529aaf2e9944d5f35b07af661349176adce,pinned_primary,portwatch_chokepoints_snapshot,data/raw/portwatch/Daily_Chokepoints_Data.csv,66f3a54afb042103f3e0afc9670568cb7be245394ec04eba55ebd158593f579d,pinned_primary_reference,bsts_local_level_weekly,daily_marginal_posterior_median,2026-02-28,35.0,54.209765234850074,28.44173551683815,79.021851997219,19.20976523485007,19.20976523485007
portwatch_two_vintage_four_specification_matrix_v1,297908c214a0afab30a377854585cb1788922334c3bba976f8e2a1141c6ed73e,bb050aa041e8fc1c8391b908baeab529aaf2e9944d5f35b07af661349176adce,pinned_primary,portwatch_chokepoints_snapshot,data/raw/portwatch/Daily_Chokepoints_Data.csv,66f3a54afb042103f3e0afc9670568cb7be245394ec04eba55ebd158593f579d,pinned_primary_reference,bsts_local_level_weekly,daily_marginal_posterior_median,2026-03-01,10.0,53.20037947083064,29.44576669392107,78.5568564844882,43.20037947083064,62.410144705680715
portwatch_two_vintage_four_specification_matrix_v1,297908c214a0afab30a377854585cb1788922334c3bba976f8e2a1141c6ed73e,bb050aa041e8fc1c8391b908baeab529aaf2e9944d5f35b07af661349176adce,pinned_primary,portwatch_chokepoints_snapshot,data/raw/portwatch/Daily_Chokepoints_Data.csv,66f3a54afb042103f3e0afc9670568cb7be245394ec04eba55ebd158593f579d,pinned_primary_reference,bsts_local_level_weekly,daily_marginal_posterior_median,2026-03-02,2.0,53.13902775767014,27.31918530816411,79.16558679162088,51.13902775767014,113.54917246335086
portwatch_two_vintage_four_specification_matrix_v1,297908c214a0afab30a377854585cb1788922334c3bba976f8e2a1141c6ed73e,bb050aa041e8fc1c8391b908baeab529aaf2e9944d5f35b07af661349176adce,pinned_primary,portwatch_chokepoints_snapshot,data/raw/portwatch/Daily_Chokepoints_Data.csv,66f3a54afb042103f3e0afc9670568cb7be245394ec04eba55ebd158593f579d,pinned_primary_reference,bsts_local_level_weekly,daily_marginal_posterior_median,2026-03-03,2.0,53.111882092521654,27.34007712476293,78.31173110604523,51.111882092521654,164.6610545558725
portwatch_two_vintage_four_specification_matrix_v1,297908c214a0afab30a377854585cb1788922334c3bba976f8e2a1141c6ed73e,bb050aa041e8fc1c8391b908baeab529aaf2e9944d5f35b07af661349176adce,pinned_primary,portwatch_chokepoints_snapshot,data/raw/portwatch/Daily_Chokepoints_Data.csv,66f3a54afb042103f3e0afc9670568cb7be245394ec04eba55ebd158593f579d,pinned_primary_reference,bsts_local_level_weekly,daily_marginal_posterior_median,2026-03-04,0.0,52.89142210785546,24.4500166607262,79.90055424998344,52.89142210785546,217.552476663728
portwatch_two_vintage_four_specification_matrix_v1,297908c214a0afab30a377854585cb1788922334c3bba976f8e2a1141c6ed73e,bb050aa041e8fc1c8391b908baeab529aaf2e9944d5f35b07af661349176adce,pinned_primary,portwatch_chokepoints_snapshot,data/raw/portwatch/Daily_Chokepoints_Data.csv,66f3a54afb042103f3e0afc9670568cb7be245394ec04eba55ebd158593f579d,pinned_primary_reference,bsts_local_level_weekly,daily_marginal_posterior_median,2026-03-05,1.0,53.632967211250744,24.742654582798348,82.02786149709365,52.632967211250744,270.1854438749787
portwatch_two_vintage_four_specification_matrix_v1,297908c214a0afab30a377854585cb1788922334c3bba976f8e2a1141c6ed73e,bb050aa041e8fc1c8391b908baeab529aaf2e9944d5f35b07af661349176adce,pinned_primary,portwatch_chokepoints_snapshot,data/raw/portwatch/Daily_Chokepoints_Data.csv,66f3a54afb042103f3e0afc9670568cb7be245394ec04eba55ebd158593f579d,pinned_primary_reference,bsts_local_level_weekly,daily_marginal_posterior_median,2026-03-06,0.0,53.68206322723464,26.279451044954563,80.9700472222994,53.68206322723464,323.8675071022134
portwatch_two_vintage_four_specification_matrix_v1,297908c214a0afab30a377854585cb1788922334c3bba976f8e2a1141c6ed73e,bb050aa041e8fc1c8391b908baeab529aaf2e9944d5f35b07af661349176adce,pinned_primary,portwatch_chokepoints_snapshot,data/raw/portwatch/Daily_Chokepoints_Data.csv,66f3a54afb042103f3e0afc9670568cb7be245394ec04eba55ebd158593f579d,pinned_primary_reference,bsts_local_level_weekly,daily_marginal_posterior_median,2026-03-07,0.0,53.84068149751562,25.722935683084803,83.04530371134275,53.84068149751562,377.708188599729
portwatch_two_vintage_four_specification_matrix_v1,297908c214a0afab30a377854585cb1788922334c3bba976f8e2a1141c6ed73e,bb050aa041e8fc1c8391b908baeab529aaf2e9944d5f35b07af661349176adce,pinned_primary,portwatch_chokepoints_snapshot,data/raw/portwatch/Daily_Chokepoints_Data.csv,66f3a54afb042103f3e0afc9670568cb7be245394ec04eba55ebd158593f579d,pinned_primary_reference,bsts_local_level_weekly,daily_marginal_posterior_median,2026-03-08,0.0,53.99518841913613,24.043212729699412,82.37397240284409,53.99518841913613,431.7033770188651
portwatch_two_vintage_four_specification_matrix_v1,297908c214a0afab30a377854585cb1788922334c3bba976f8e2a1141c6ed73e,bb050aa041e8fc1c8391b908baeab529aaf2e9944d5f35b07af661349176adce,pinned_primary,portwatch_chokepoints_snapshot,data/raw/portwatch/Daily_Chokepoints_Data.csv,66f3a54afb042103f3e0afc9670568cb7be245394ec04eba55ebd158593f579d,pinned_primary_reference,bsts_local_level_weekly,daily_marginal_posterior_median,2026-03-09,0.0,53.39804508550303,25.31675885102521,83.3662568029743,53.39804508550303,485.10142210436817
portwatch_two_vintage_four_specification_matrix_v1,297908c214a0afab30a377854585cb1788922334c3bba976f8e2a1141c6ed73e,bb050aa041e8fc1c8391b908baeab529aaf2e9944d5f35b07af661349176adce,pinned_primary,portwatch_chokepoints_snapshot,data/raw/portwatch/Daily_Chokepoints_Data.csv,66f3a54afb042103f3e0afc9670568cb7be245394ec04eba55ebd158593f579d,pinned_primary_reference,bsts_local_level_weekly,daily_marginal_posterior_median,2026-03-10,1.0,53.01672160982189,22.686370499711913,82.42049995293092,52.01672160982189,537.1181437141901
portwatch_two_vintage_four_specification_matrix_v1,297908c214a0afab30a377854585cb1788922334c3bba976f8e2a1141c6ed73e,bb050aa041e8fc1c8391b908baeab529aaf2e9944d5f35b07af661349176adce,pinned_primary,portwatch_chokepoints_snapshot,data/raw/portwatch/Daily_Chokepoints_Data.csv,66f3a54afb042103f3e0afc9670568cb7be245394ec04eba55ebd158593f579d,pinned_primary_reference,bsts_local_level_weekly,daily_marginal_posterior_median,2026-03-11,1.0,52.99970962132145,22.32200119810674,83.96654454743317,51.99970962132145,589.1178533355115
portwatch_two_vintage_four_specification_matrix_v1,297908c214a0afab30a377854585cb1788922334c3bba976f8e2a1141c6ed73e,bb050aa041e8fc1c8391b908baeab529aaf2e9944d5f35b07af661349176adce,pinned_primary,portwatch_chokepoints_snapshot,data/raw/portwatch/Daily_Chokepoints_Data.csv,66f3a54afb042103f3e0afc9670568cb7be245394ec04eba55ebd158593f579d,pinned_primary_reference,bsts_local_level_weekly,daily_marginal_posterior_median,2026-03-12,0.0,52.986619100788985,20.503828066967493,84.72046699033558,52.986619100788985,642.1044724363005
portwatch_two_vintage_four_specification_matrix_v1,297908c214a0afab30a377854585cb1788922334c3bba976f8e2a1141c6ed73e,bb050aa041e8fc1c8391b908baeab529aaf2e9944d5f35b07af661349176adce,pinned_primary,portwatch_chokepoints_snapshot,data/raw/portwatch/Daily_Chokepoints_Data.csv,66f3a54afb042103f3e0afc9670568cb7be245394ec04eba55ebd158593f579d,pinned_primary_reference,bsts_local_level_weekly,daily_marginal_posterior_median,2026-03-13,0.0,53.977801334015155,21.95079790407709,86.03189267499576,53.977801334015155,696.0822737703156
portwatch_two_vintage_four_specification_matrix_v1,297908c214a0afab30a377854585cb1788922334c3bba976f8e2a1141c6ed73e,bb050aa041e8fc1c8391b908baeab529aaf2e9944d5f35b07af661349176adce,pinned_primary,portwatch_chokepoints_snapshot,data/raw/portwatch/Daily_Chokepoints_Data.csv,66f3a54afb042103f3e0afc9670568cb7be245394ec04eba55ebd158593f579d,pinned_primary_reference,bsts_local_level_weekly,daily_marginal_posterior_median,2026-03-14,0.0,54.20627203773326,22.462406360420054,86.070579069115,54.20627203773326,750.2885458080489
portwatch_two_vintage_four_specification_matrix_v1,297908c214a0afab30a377854585cb1788922334c3bba976f8e2a1141c6ed73e,bb050aa041e8fc1c8391b908baeab529aaf2e9944d5f35b07af661349176adce,pinned_primary,portwatch_chokepoints_snapshot,data/raw/portwatch/Daily_Chokepoints_Data.csv,66f3a54afb042103f3e0afc9670568cb7be245394ec04eba55ebd158593f579d,pinned_primary_reference,bsts_local_level_weekly,daily_marginal_posterior_median,2026-03-15,2.0,54.2560763938351,21.000886772707087,87.10272514399664,52.2560763938351,802.544622201884
portwatch_two_vintage_four_specification_matrix_v1,297908c214a0afab30a377854585cb1788922334c3bba976f8e2a1141c6ed73e,bb050aa041e8fc1c8391b908baeab529aaf2e9944d5f35b07af661349176adce,pinned_primary,portwatch_chokepoints_snapshot,data/raw/portwatch/Daily_Chokepoints_Data.csv,66f3a54afb042103f3e0afc9670568cb7be245394ec04eba55ebd158593f579d,pinned_primary_reference,bsts_local_level_weekly,daily_marginal_posterior_median,2026-03-16,0.0,53.97280627525902,21.078135013170456,87.02556248097729,53.97280627525902,856.517428477143
portwatch_two_vintage_four_specification_matrix_v1,297908c214a0afab30a377854585cb1788922334c3bba976f8e2a1141c6ed73e,bb050aa041e8fc1c8391b908baeab529aaf2e9944d5f35b07af661349176adce,pinned_primary,portwatch_chokepoints_snapshot,data/raw/portwatch/Daily_Chokepoints_Data.csv,66f3a54afb042103f3e0afc9670568cb7be245394ec04eba55ebd158593f579d,pinned_primary_reference,bsts_local_level_weekly,daily_marginal_posterior_median,2026-03-17,1.0,53.0238572014035,18.408377928580745,86.50257360493757,52.0238572014035,908.5412856785464
portwatch_two_vintage_four_specification_matrix_v1,297908c214a0afab30a377854585cb1788922334c3bba976f8e2a1141c6ed73e,bb050aa041e8fc1c8391b908baeab529aaf2e9944d5f35b07af661349176adce,pinned_primary,portwatch_chokepoints_snapshot,data/raw/portwatch/Daily_Chokepoints_Data.csv,66f3a54afb042103f3e0afc9670568cb7be245394ec04eba55ebd158593f579d,pinned_primary_reference,bsts_local_level_weekly,daily_marginal_posterior_median,2026-03-18,0.0,52.694641769371856,18.87974644858223,87.82219179864835,52.694641769371856,961.2359274479184
portwatch_two_vintage_four_specification_matrix_v1,297908c214a0afab30a377854585cb1788922334c3bba976f8e2a1141c6ed73e,bb050aa041e8fc1c8391b908baeab529aaf2e9944d5f35b07af661349176adce,pinned_primary,portwatch_chokepoints_snapshot,data/raw/portwatch/Daily_Chokepoints_Data.csv,66f3a54afb042103f3e0afc9670568cb7be245394ec04eba55ebd158593f579d,pinned_primary_reference,bsts_local_level_weekly,daily_marginal_posterior_median,2026-03-19,0.0,53.179755497643875,17.31816184526236,84.86162160372842,53.179755497643875,1014.4156829455624
portwatch_two_vintage_four_specification_matrix_v1,297908c214a0afab30a377854585cb1788922334c3bba976f8e2a1141c6ed73e,bb050aa041e8fc1c8391b908baeab529aaf2e9944d5f35b07af661349176adce,pinned_primary,portwatch_chokepoints_snapshot,data/raw/portwatch/Daily_Chokepoints_Data.csv,66f3a54afb042103f3e0afc9670568cb7be245394ec04eba55ebd158593f579d,pinned_primary_reference,bsts_local_level_weekly,daily_marginal_posterior_median,2026-03-20,2.0,54.367321608355645,17.55280016019742,87.74292955675378,52.367321608355645,1066.783004553918
portwatch_two_vintage_four_specification_matrix_v1,297908c214a0afab30a377854585cb1788922334c3bba976f8e2a1141c6ed73e,bb050aa041e8fc1c8391b908baeab529aaf2e9944d5f35b07af661349176adce,pinned_primary,portwatch_chokepoints_snapshot,data/raw/portwatch/Daily_Chokepoints_Data.csv,66f3a54afb042103f3e0afc9670568cb7be245394ec04eba55ebd158593f579d,pinned_primary_reference,bsts_local_level_weekly,daily_marginal_posterior_median,2026-03-21,0.0,54.21185907123575,19.95448992150953,89.5906779550853,54.21185907123575,1120.9948636251536
portwatch_two_vintage_four_specification_matrix_v1,297908c214a0afab30a377854585cb1788922334c3bba976f8e2a1141c6ed73e,bb050aa041e8fc1c8391b908baeab529aaf2e9944d5f35b07af661349176adce,pinned_primary,portwatch_chokepoints_snapshot,data/raw/portwatch/Daily_Chokepoints_Data.csv,66f3a54afb042103f3e0afc9670568cb7be245394ec04eba55ebd158593f579d,pinned_primary_reference,bsts_local_level_weekly,daily_marginal_posterior_median,2026-03-22,0.0,53.97250154917582,17.755807514020194,89.33250929897793,53.97250154917582,1174.9673651743294
portwatch_two_vintage_four_specification_matrix_v1,297908c214a0afab30a377854585cb1788922334c3bba976f8e2a1141c6ed73e,bb050aa041e8fc1c8391b908baeab529aaf2e9944d5f35b07af661349176adce,pinned_primary,portwatch_chokepoints_snapshot,data/raw/portwatch/Daily_Chokepoints_Data.csv,66f3a54afb042103f3e0afc9670568cb7be245394ec04eba55ebd158593f579d,pinned_primary_reference,bsts_local_level_weekly,daily_marginal_posterior_median,2026-03-23,2.0,53.78976906595892,15.636518813474146,91.22294183584935,51.78976906595892,1226.7571342402885
portwatch_two_vintage_four_specification_matrix_v1,297908c214a0afab30a377854585cb1788922334c3bba976f8e2a1141c6ed73e,bb050aa041e8fc1c8391b908baeab529aaf2e9944d5f35b07af661349176adce,pinned_primary,portwatch_chokepoints_snapshot,data/raw/portwatch/Daily_Chokepoints_Data.csv,66f3a54afb042103f3e0afc9670568cb7be245394ec04eba55ebd158593f579d,pinned_primary_reference,bsts_local_level_weekly,daily_marginal_posterior_median,2026-03-24,1.0,53.19685769075737,15.170175134422127,89.60354903507276,52.19685769075737,1278.9539919310455
portwatch_two_vintage_four_specification_matrix_v1,297908c214a0afab30a377854585cb1788922334c3bba976f8e2a1141c6ed73e,bb050aa041e8fc1c8391b908baeab529aaf2e9944d5f35b07af661349176adce,pinned_primary,portwatch_chokepoints_snapshot,data/raw/portwatch/Daily_Chokepoints_Data.csv,66f3a54afb042103f3e0afc9670568cb7be245394ec04eba55ebd158593f579d,pinned_primary_reference,bsts_local_level_weekly,daily_marginal_posterior_median,2026-03-25,1.0,52.17134468816562,15.273439026886596,91.3960247930896,51.17134468816562,1330.125336619211
portwatch_two_vintage_four_specification_matrix_v1,297908c214a0afab30a377854585cb1788922334c3bba976f8e2a1141c6ed73e,bb050aa041e8fc1c8391b908baeab529aaf2e9944d5f35b07af661349176adce,pinned_primary,portwatch_chokepoints_snapshot,data/raw/portwatch/Daily_Chokepoints_Data.csv,66f3a54afb042103f3e0afc9670568cb7be245394ec04eba55ebd158593f579d,pinned_primary_reference,bsts_local_level_weekly,daily_marginal_posterior_median,2026-03-26,0.0,54.17336569944761,14.825108406019991,90.193925267683,54.17336569944761,1384.298702318659
portwatch_two_vintage_four_specification_matrix_v1,297908c214a0afab30a377854585cb1788922334c3bba976f8e2a1141c6ed73e,bb050aa041e8fc1c8391b908baeab529aaf2e9944d5f35b07af661349176adce,pinned_primary,portwatch_chokepoints_snapshot,data/raw/portwatch/Daily_Chokepoints_Data.csv,66f3a54afb042103f3e0afc9670568cb7be245394ec04eba55ebd158593f579d,pinned_primary_reference,bsts_local_level_weekly,daily_marginal_posterior_median,2026-03-27,0.0,53.899839421899394,14.609323215497511,92.44006851031816,53.899839421899394,1438.1985417405583
portwatch_two_vintage_four_specification_matrix_v1,297908c214a0afab30a377854585cb1788922334c3bba976f8e2a1141c6ed73e,bb050aa041e8fc1c8391b908baeab529aaf2e9944d5f35b07af661349176adce,pinned_primary,portwatch_chokepoints_snapshot,data/raw/portwatch/Daily_Chokepoints_Data.csv,66f3a54afb042103f3e0afc9670568cb7be245394ec04eba55ebd158593f579d,pinned_primary_reference,bsts_local_level_weekly,daily_marginal_posterior_median,2026-03-28,1.0,54.77711387848012,13.971360389318212,91.61780329110114,53.77711387848012,1491.9756556190384
portwatch_two_vintage_four_specification_matrix_v1,297908c214a0afab30a377854585cb1788922334c3bba976f8e2a1141c6ed73e,bb050aa041e8fc1c8391b908baeab529aaf2e9944d5f35b07af661349176adce,pinned_primary,portwatch_chokepoints_snapshot,data/raw/portwatch/Daily_Chokepoints_Data.csv,66f3a54afb042103f3e0afc9670568cb7be245394ec04eba55ebd158593f579d,pinned_primary_reference,bsts_local_level_weekly,daily_marginal_posterior_median,2026-03-29,2.0,54.19202002134445,15.104559368787967,93.2537893117053,52.19202002134445,1544.1676756403829
portwatch_two_vintage_four_specification_matrix_v1,297908c214a0afab30a377854585cb1788922334c3bba976f8e2a1141c6ed73e,bb050aa041e8fc1c8391b908baeab529aaf2e9944d5f35b07af661349176adce,pinned_primary,portwatch_chokepoints_snapshot,data/raw/portwatch/Daily_Chokepoints_Data.csv,66f3a54afb042103f3e0afc9670568cb7be245394ec04eba55ebd158593f579d,pinned_primary_reference,bsts_local_level_weekly,daily_marginal_posterior_median,2026-03-30,5.0,54.01932421468421,15.060744189252386,94.53765024051748,49.01932421468421,1593.1869998550671
portwatch_two_vintage_four_specification_matrix_v1,297908c214a0afab30a377854585cb1788922334c3bba976f8e2a1141c6ed73e,bb050aa041e8fc1c8391b908baeab529aaf2e9944d5f35b07af661349176adce,pinned_primary,portwatch_chokepoints_snapshot,data/raw/portwatch/Daily_Chokepoints_Data.csv,66f3a54afb042103f3e0afc9670568cb7be245394ec04eba55ebd158593f579d,pinned_primary_reference,bsts_local_level_weekly,daily_marginal_posterior_median,2026-03-31,5.0,52.28935354791007,12.729289443309458,92.75359514746232,47.28935354791007,1640.476353402977
portwatch_two_vintage_four_specification_matrix_v1,297908c214a0afab30a377854585cb1788922334c3bba976f8e2a1141c6ed73e,bb050aa041e8fc1c8391b908baeab529aaf2e9944d5f35b07af661349176adce,pinned_primary,portwatch_chokepoints_snapshot,data/raw/portwatch/Daily_Chokepoints_Data.csv,66f3a54afb042103f3e0afc9670568cb7be245394ec04eba55ebd158593f579d,pinned_primary_reference,bsts_local_level_weekly,daily_marginal_posterior_median,2026-04-01,3.0,52.09006682920152,12.338846883585504,91.81551955261078,49.09006682920152,1689.5664202321786
portwatch_two_vintage_four_specification_matrix_v1,297908c214a0afab30a377854585cb1788922334c3bba976f8e2a1141c6ed73e,bb050aa041e8fc1c8391b908baeab529aaf2e9944d5f35b07af661349176adce,pinned_primary,portwatch_chokepoints_snapshot,data/raw/portwatch/Daily_Chokepoints_Data.csv,66f3a54afb042103f3e0afc9670568cb7be245394ec04eba55ebd158593f579d,pinned_primary_reference,bsts_local_level_weekly,daily_marginal_posterior_median,2026-04-02,1.0,53.37841307922721,10.208927221465528,94.85955813457096,52.37841307922721,1741.9448333114058
portwatch_two_vintage_four_specification_matrix_v1,297908c214a0afab30a377854585cb1788922334c3bba976f8e2a1141c6ed73e,bb050aa041e8fc1c8391b908baeab529aaf2e9944d5f35b07af661349176adce,pinned_primary,portwatch_chokepoints_snapshot,data/raw/portwatch/Daily_Chokepoints_Data.csv,66f3a54afb042103f3e0afc9670568cb7be245394ec04eba55ebd158593f579d,pinned_primary_reference,bsts_local_level_weekly,daily_marginal_posterior_median,2026-04-03,5.0,52.926424394818746,10.17678298385036,94.41681276476838,47.926424394818746,1789.8712577062245
portwatch_two_vintage_four_specification_matrix_v1,297908c214a0afab30a377854585cb1788922334c3bba976f8e2a1141c6ed73e,bb050aa041e8fc1c8391b908baeab529aaf2e9944d5f35b07af661349176adce,pinned_primary,portwatch_chokepoints_snapshot,data/raw/portwatch/Daily_Chokepoints_Data.csv,66f3a54afb042103f3e0afc9670568cb7be245394ec04eba55ebd158593f579d,pinned_primary_reference,bsts_local_level_weekly,daily_marginal_posterior_median,2026-04-04,4.0,54.51598968049277,12.792364938825044,96.20558838088728,50.51598968049277,1840.3872473867173
portwatch_two_vintage_four_specification_matrix_v1,297908c214a0afab30a377854585cb1788922334c3bba976f8e2a1141c6ed73e,bb050aa041e8fc1c8391b908baeab529aaf2e9944d5f35b07af661349176adce,pinned_primary,portwatch_chokepoints_snapshot,data/raw/portwatch/Daily_Chokepoints_Data.csv,66f3a54afb042103f3e0afc9670568cb7be245394ec04eba55ebd158593f579d,pinned_primary_reference,bsts_local_level_weekly,daily_marginal_posterior_median,2026-04-05,5.0,53.72536549438316,11.450025390054536,97.381180160384,48.72536549438316,1889.1126128811004
portwatch_two_vintage_four_specification_matrix_v1,297908c214a0afab30a377854585cb1788922334c3bba976f8e2a1141c6ed73e,bb050aa041e8fc1c8391b908baeab529aaf2e9944d5f35b07af661349176adce,pinned_primary,portwatch_chokepoints_snapshot,data/raw/portwatch/Daily_Chokepoints_Data.csv,66f3a54afb042103f3e0afc9670568cb7be245394ec04eba55ebd158593f579d,pinned_primary_reference,bsts_local_level_weekly,daily_marginal_posterior_median,2026-04-06,1.0,53.4426598863043,8.999708224589108,98.15634995331725,52.4426598863043,1941.5552727674049
portwatch_two_vintage_four_specification_matrix_v1,297908c214a0afab30a377854585cb1788922334c3bba976f8e2a1141c6ed73e,bb050aa041e8fc1c8391b908baeab529aaf2e9944d5f35b07af661349176adce,pinned_primary,portwatch_chokepoints_snapshot,data/raw/portwatch/Daily_Chokepoints_Data.csv,66f3a54afb042103f3e0afc9670568cb7be245394ec04eba55ebd158593f579d,pinned_primary_reference,bsts_local_level_weekly,daily_marginal_posterior_median,2026-04-07,3.0,53.611779767627894,10.13343732738343,96.12119684759912,50.611779767627894,1992.1670525350328
portwatch_two_vintage_four_specification_matrix_v1,297908c214a0afab30a377854585cb1788922334c3bba976f8e2a1141c6ed73e,bb050aa041e8fc1c8391b908baeab529aaf2e9944d5f35b07af661349176adce,pinned_primary,portwatch_chokepoints_snapshot,data/raw/portwatch/Daily_Chokepoints_Data.csv,66f3a54afb042103f3e0afc9670568cb7be245394ec04eba55ebd158593f579d,pinned_primary_reference,bsts_local_level_weekly,daily_marginal_posterior_median,2026-04-08,1.0,53.18197130384188,10.211085723225509,95.25224802835864,52.18197130384188,2044.3490238388745
portwatch_two_vintage_four_specification_matrix_v1,297908c214a0afab30a377854585cb1788922334c3bba976f8e2a1141c6ed73e,bb050aa041e8fc1c8391b908baeab529aaf2e9944d5f35b07af661349176adce,pinned_primary,portwatch_chokepoints_snapshot,data/raw/portwatch/Daily_Chokepoints_Data.csv,66f3a54afb042103f3e0afc9670568cb7be245394ec04eba55ebd158593f579d,pinned_primary_reference,bsts_local_level_weekly,daily_marginal_posterior_median,2026-04-09,5.0,53.57371972917329,8.792751245781956,97.47389939062391,48.57371972917329,2092.9227435680477
portwatch_two_vintage_four_specification_matrix_v1,297908c214a0afab30a377854585cb1788922334c3bba976f8e2a1141c6ed73e,bb050aa041e8fc1c8391b908baeab529aaf2e9944d5f35b07af661349176adce,pinned_primary,portwatch_chokepoints_snapshot,data/raw/portwatch/Daily_Chokepoints_Data.csv,66f3a54afb042103f3e0afc9670568cb7be245394ec04eba55ebd158593f579d,pinned_primary_reference,bsts_local_level_weekly,daily_marginal_posterior_median,2026-04-10,1.0,54.601864232601514,7.417323708529787,98.81425817559634,53.601864232601514,2146.5246078006494
portwatch_two_vintage_four_specification_matrix_v1,297908c214a0afab30a377854585cb1788922334c3bba976f8e2a1141c6ed73e,bb050aa041e8fc1c8391b908baeab529aaf2e9944d5f35b07af661349176adce,pinned_primary,portwatch_chokepoints_snapshot,data/raw/portwatch/Daily_Chokepoints_Data.csv,66f3a54afb042103f3e0afc9670568cb7be245394ec04eba55ebd158593f579d,pinned_primary_reference,bsts_local_level_weekly,daily_marginal_posterior_median,2026-04-11,4.0,55.19088587889182,8.606318649703258,97.58276842198026,51.19088587889182,2197.7154936795414
portwatch_two_vintage_four_specification_matrix_v1,297908c214a0afab30a377854585cb1788922334c3bba976f8e2a1141c6ed73e,bb050aa041e8fc1c8391b908baeab529aaf2e9944d5f35b07af661349176adce,pinned_primary,portwatch_chokepoints_snapshot,data/raw/portwatch/Daily_Chokepoints_Data.csv,66f3a54afb042103f3e0afc9670568cb7be245394ec04eba55ebd158593f579d,pinned_primary_reference,bsts_local_level_weekly,daily_marginal_posterior_median,2026-04-12,4.0,54.68901705066652,4.580813690053907,98.35897264503046,50.68901705066652,2248.404510730208
portwatch_two_vintage_four_specification_matrix_v1,297908c214a0afab30a377854585cb1788922334c3bba976f8e2a1141c6ed73e,bb050aa041e8fc1c8391b908baeab529aaf2e9944d5f35b07af661349176adce,pinned_primary,portwatch_chokepoints_snapshot,data/raw/portwatch/Daily_Chokepoints_Data.csv,66f3a54afb042103f3e0afc9670568cb7be245394ec04eba55ebd158593f579d,pinned_primary_reference,bsts_local_level_weekly,daily_marginal_posterior_median,2026-04-13,4.0,53.707597031749245,6.28564154252633,100.4412419625955,49.707597031749245,2298.1121077619573
portwatch_two_vintage_four_specification_matrix_v1,297908c214a0afab30a377854585cb1788922334c3bba976f8e2a1141c6ed73e,bb050aa041e8fc1c8391b908baeab529aaf2e9944d5f35b07af661349176adce,pinned_primary,portwatch_chokepoints_snapshot,data/raw/portwatch/Daily_Chokepoints_Data.csv,66f3a54afb042103f3e0afc9670568cb7be245394ec04eba55ebd158593f579d,pinned_primary_reference,bsts_local_level_weekly,daily_marginal_posterior_median,2026-04-14,5.0,53.11267290832447,6.581080259088485,97.3071813816579,48.11267290832447,2346.2247806702817
portwatch_two_vintage_four_specification_matrix_v1,297908c214a0afab30a377854585cb1788922334c3bba976f8e2a1141c6ed73e,bb050aa041e8fc1c8391b908baeab529aaf2e9944d5f35b07af661349176adce,pinned_primary,portwatch_chokepoints_snapshot,data/raw/portwatch/Daily_Chokepoints_Data.csv,66f3a54afb042103f3e0afc9670568cb7be245394ec04eba55ebd158593f579d,pinned_primary_reference,bsts_local_level_weekly,daily_marginal_posterior_median,2026-04-15,7.0,53.45790938592248,4.961058285740522,98.94489808476106,46.45790938592248,2392.682690056204
portwatch_two_vintage_four_specification_matrix_v1,297908c214a0afab30a377854585cb1788922334c3bba976f8e2a1141c6ed73e,bb050aa041e8fc1c8391b908baeab529aaf2e9944d5f35b07af661349176adce,pinned_primary,portwatch_chokepoints_snapshot,data/raw/portwatch/Daily_Chokepoints_Data.csv,66f3a54afb042103f3e0afc9670568cb7be245394ec04eba55ebd158593f579d,pinned_primary_reference,bsts_local_level_weekly,daily_marginal_posterior_median,2026-04-16,5.0,53.51371509389125,7.343313833152112,98.79158462653514,48.51371509389125,2441.1964051500954
portwatch_two_vintage_four_specification_matrix_v1,297908c214a0afab30a377854585cb1788922334c3bba976f8e2a1141c6ed73e,bb050aa041e8fc1c8391b908baeab529aaf2e9944d5f35b07af661349176adce,pinned_primary,portwatch_chokepoints_snapshot,data/raw/portwatch/Daily_Chokepoints_Data.csv,66f3a54afb042103f3e0afc9670568cb7be245394ec04eba55ebd158593f579d,pinned_primary_reference,bsts_local_level_weekly,daily_marginal_posterior_median,2026-04-17,10.0,54.096929144307346,6.234822861194291,100.60926633634806,44.096929144307346,2485.293334294403
portwatch_two_vintage_four_specification_matrix_v1,297908c214a0afab30a377854585cb1788922334c3bba976f8e2a1141c6ed73e,bb050aa041e8fc1c8391b908baeab529aaf2e9944d5f35b07af661349176adce,pinned_primary,portwatch_chokepoints_snapshot,data/raw/portwatch/Daily_Chokepoints_Data.csv,66f3a54afb042103f3e0afc9670568cb7be245394ec04eba55ebd158593f579d,pinned_primary_reference,bsts_local_level_weekly,daily_marginal_posterior_median,2026-04-18,14.0,54.97926068109107,6.681493574906781,103.39939961506607,40.97926068109107,2526.272594975494
portwatch_two_vintage_four_specification_matrix_v1,297908c214a0afab30a377854585cb1788922334c3bba976f8e2a1141c6ed73e,bb050aa041e8fc1c8391b908baeab529aaf2e9944d5f35b07af661349176adce,pinned_primary,portwatch_chokepoints_snapshot,data/raw/portwatch/Daily_Chokepoints_Data.csv,66f3a54afb042103f3e0afc9670568cb7be245394ec04eba55ebd158593f579d,pinned_primary_reference,bsts_local_level_weekly,daily_marginal_posterior_median,2026-04-19,5.0,54.751036096829594,6.0125199583758295,99.85419402502367,49.751036096829594,2576.0236310723235
portwatch_two_vintage_four_specification_matrix_v1,297908c214a0afab30a377854585cb1788922334c3bba976f8e2a1141c6ed73e,bb050aa041e8fc1c8391b908baeab529aaf2e9944d5f35b07af661349176adce,pinned_primary,portwatch_chokepoints_snapshot,data/raw/portwatch/Daily_Chokepoints_Data.csv,66f3a54afb042103f3e0afc9670568cb7be245394ec04eba55ebd158593f579d,pinned_primary_reference,bsts_local_level_weekly,daily_marginal_posterior_median,2026-04-20,5.0,53.36645339467319,6.333213942417744,99.9818763975548,48.36645339467319,2624.3900844669965
portwatch_two_vintage_four_specification_matrix_v1,297908c214a0afab30a377854585cb1788922334c3bba976f8e2a1141c6ed73e,bb050aa041e8fc1c8391b908baeab529aaf2e9944d5f35b07af661349176adce,pinned_primary,portwatch_chokepoints_snapshot,data/raw/portwatch/Daily_Chokepoints_Data.csv,66f3a54afb042103f3e0afc9670568cb7be245394ec04eba55ebd158593f579d,pinned_primary_reference,bsts_local_level_weekly,daily_marginal_posterior_median,2026-04-21,3.0,53.32428694208609,2.8948425817112557,99.36964673547372,50.32428694208609,2674.7143714090826
portwatch_two_vintage_four_specification_matrix_v1,297908c214a0afab30a377854585cb1788922334c3bba976f8e2a1141c6ed73e,bb050aa041e8fc1c8391b908baeab529aaf2e9944d5f35b07af661349176adce,pinned_primary,portwatch_chokepoints_snapshot,data/raw/portwatch/Daily_Chokepoints_Data.csv,66f3a54afb042103f3e0afc9670568cb7be245394ec04eba55ebd158593f579d,pinned_primary_reference,bsts_local_level_weekly,daily_marginal_posterior_median,2026-04-22,4.0,53.035460748276165,4.261195234174219,103.75131520371866,49.035460748276165,2723.749832157359
portwatch_two_vintage_four_specification_matrix_v1,297908c214a0afab30a377854585cb1788922334c3bba976f8e2a1141c6ed73e,bb050aa041e8fc1c8391b908baeab529aaf2e9944d5f35b07af661349176adce,pinned_primary,portwatch_chokepoints_snapshot,data/raw/portwatch/Daily_Chokepoints_Data.csv,66f3a54afb042103f3e0afc9670568cb7be245394ec04eba55ebd158593f579d,pinned_primary_reference,bsts_local_level_weekly,daily_marginal_posterior_median,2026-04-23,2.0,52.72574975078852,1.9200499543347007,101.28447156500064,50.72574975078852,2774.475581908147
portwatch_two_vintage_four_specification_matrix_v1,297908c214a0afab30a377854585cb1788922334c3bba976f8e2a1141c6ed73e,bb050aa041e8fc1c8391b908baeab529aaf2e9944d5f35b07af661349176adce,pinned_primary,portwatch_chokepoints_snapshot,data/raw/portwatch/Daily_Chokepoints_Data.csv,66f3a54afb042103f3e0afc9670568cb7be245394ec04eba55ebd158593f579d,pinned_primary_reference,bsts_local_level_weekly,daily_marginal_posterior_median,2026-04-24,3.0,54.233892683464674,4.572265852506128,101.83714290723556,51.233892683464674,2825.709474591612
portwatch_two_vintage_four_specification_matrix_v1,297908c214a0afab30a377854585cb1788922334c3bba976f8e2a1141c6ed73e,bb050aa041e8fc1c8391b908baeab529aaf2e9944d5f35b07af661349176adce,pinned_primary,portwatch_chokepoints_snapshot,data/raw/portwatch/Daily_Chokepoints_Data.csv,66f3a54afb042103f3e0afc9670568cb7be245394ec04eba55ebd158593f579d,pinned_primary_reference,bsts_local_level_weekly,daily_marginal_posterior_median,2026-04-25,2.0,54.7192642743813,3.4130210545260393,105.96537901456244,52.7192642743813,2878.428738865993
portwatch_two_vintage_four_specification_matrix_v1,297908c214a0afab30a377854585cb1788922334c3bba976f8e2a1141c6ed73e,bb050aa041e8fc1c8391b908baeab529aaf2e9944d5f35b07af661349176adce,pinned_primary,portwatch_chokepoints_snapshot,data/raw/portwatch/Daily_Chokepoints_Data.csv,66f3a54afb042103f3e0afc9670568cb7be245394ec04eba55ebd158593f579d,pinned_primary_reference,bsts_local_level_weekly,daily_marginal_posterior_median,2026-04-26,2.0,54.44358881567351,3.968160112029523,105.53086706969462,52.44358881567351,2930.872327681667
portwatch_two_vintage_four_specification_matrix_v1,297908c214a0afab30a377854585cb1788922334c3bba976f8e2a1141c6ed73e,bb050aa041e8fc1c8391b908baeab529aaf2e9944d5f35b07af661349176adce,pinned_primary,portwatch_chokepoints_snapshot,data/raw/portwatch/Daily_Chokepoints_Data.csv,66f3a54afb042103f3e0afc9670568cb7be245394ec04eba55ebd158593f579d,pinned_primary_reference,bsts_local_level_weekly,daily_marginal_posterior_median,2026-04-27,0.0,54.25433243117166,2.5561624153053373,105.0565848713458,54.25433243117166,2985.126660112838
portwatch_two_vintage_four_specification_matrix_v1,297908c214a0afab30a377854585cb1788922334c3bba976f8e2a1141c6ed73e,bb050aa041e8fc1c8391b908baeab529aaf2e9944d5f35b07af661349176adce,pinned_primary,portwatch_chokepoints_snapshot,data/raw/portwatch/Daily_Chokepoints_Data.csv,66f3a54afb042103f3e0afc9670568cb7be245394ec04eba55ebd158593f579d,pinned_primary_reference,bsts_local_level_weekly,daily_marginal_posterior_median,2026-04-28,2.0,52.894974323430816,0.0898668575497381,106.9706860532234,50.894974323430816,3036.0216344362693
portwatch_two_vintage_four_specification_matrix_v1,297908c214a0afab30a377854585cb1788922334c3bba976f8e2a1141c6ed73e,bb050aa041e8fc1c8391b908baeab529aaf2e9944d5f35b07af661349176adce,pinned_primary,portwatch_chokepoints_snapshot,data/raw/portwatch/Daily_Chokepoints_Data.csv,66f3a54afb042103f3e0afc9670568cb7be245394ec04eba55ebd158593f579d,pinned_primary_reference,bsts_local_level_weekly,daily_marginal_posterior_median,2026-04-29,3.0,54.128062401534734,1.3771988180943606,104.12354553474704,51.128062401534734,3087.149696837804
portwatch_two_vintage_four_specification_matrix_v1,297908c214a0afab30a377854585cb1788922334c3bba976f8e2a1141c6ed73e,bb050aa041e8fc1c8391b908baeab529aaf2e9944d5f35b07af661349176adce,pinned_primary,portwatch_chokepoints_snapshot,data/raw/portwatch/Daily_Chokepoints_Data.csv,66f3a54afb042103f3e0afc9670568cb7be245394ec04eba55ebd158593f579d,pinned_primary_reference,bsts_local_level_weekly,daily_marginal_posterior_median,2026-04-30,4.0,54.107790555303566,0.1203721181939632,104.85509231334748,50.107790555303566,3137.2574873931076
portwatch_two_vintage_four_specification_matrix_v1,297908c214a0afab30a377854585cb1788922334c3bba976f8e2a1141c6ed73e,bb050aa041e8fc1c8391b908baeab529aaf2e9944d5f35b07af661349176adce,pinned_primary,portwatch_chokepoints_snapshot,data/raw/portwatch/Daily_Chokepoints_Data.csv,66f3a54afb042103f3e0afc9670568cb7be245394ec04eba55ebd158593f579d,pinned_primary_reference,bsts_local_level_weekly,daily_marginal_posterior_median,2026-05-01,4.0,54.079892851425456,3.2306445398313692,103.75942584279623,50.079892851425456,3187.337380244533
portwatch_two_vintage_four_specification_matrix_v1,297908c214a0afab30a377854585cb1788922334c3bba976f8e2a1141c6ed73e,bb050aa041e8fc1c8391b908baeab529aaf2e9944d5f35b07af661349176adce,pinned_primary,portwatch_chokepoints_snapshot,data/raw/portwatch/Daily_Chokepoints_Data.csv,66f3a54afb042103f3e0afc9670568cb7be245394ec04eba55ebd158593f579d,pinned_primary_reference,bsts_local_level_weekly,daily_marginal_posterior_median,2026-05-02,5.0,54.827285997665626,1.4352237076621008,109.08323704827112,49.827285997665626,3237.1646662421986
portwatch_two_vintage_four_specification_matrix_v1,297908c214a0afab30a377854585cb1788922334c3bba976f8e2a1141c6ed73e,bb050aa041e8fc1c8391b908baeab529aaf2e9944d5f35b07af661349176adce,pinned_primary,portwatch_chokepoints_snapshot,data/raw/portwatch/Daily_Chokepoints_Data.csv,66f3a54afb042103f3e0afc9670568cb7be245394ec04eba55ebd158593f579d,pinned_primary_reference,bsts_local_level_weekly,daily_marginal_posterior_median,2026-05-03,1.0,54.53846432418147,1.0713178317356216,106.96219993769569,53.53846432418147,3290.70313056638
portwatch_two_vintage_four_specification_matrix_v1,297908c214a0afab30a377854585cb1788922334c3bba976f8e2a1141c6ed73e,bb050aa041e8fc1c8391b908baeab529aaf2e9944d5f35b07af661349176adce,pinned_primary,portwatch_chokepoints_snapshot,data/raw/portwatch/Daily_Chokepoints_Data.csv,66f3a54afb042103f3e0afc9670568cb7be245394ec04eba55ebd158593f579d,pinned_primary_reference,bsts_local_level_weekly,daily_marginal_posterior_median,2026-05-04,0.0,53.984392886168465,2.0785035959699307,108.57379056356524,53.984392886168465,3344.687523452548
portwatch_two_vintage_four_specification_matrix_v1,297908c214a0afab30a377854585cb1788922334c3bba976f8e2a1141c6ed73e,bb050aa041e8fc1c8391b908baeab529aaf2e9944d5f35b07af661349176adce,pinned_primary,portwatch_chokepoints_snapshot,data/raw/portwatch/Daily_Chokepoints_Data.csv,66f3a54afb042103f3e0afc9670568cb7be245394ec04eba55ebd158593f579d,pinned_primary_reference,bsts_local_level_weekly,daily_marginal_posterior_median,2026-05-05,0.0,53.58255675578312,1.9791392561611971,107.91202576250303,53.58255675578312,3398.2700802083314
portwatch_two_vintage_four_specification_matrix_v1,297908c214a0afab30a377854585cb1788922334c3bba976f8e2a1141c6ed73e,bb050aa041e8fc1c8391b908baeab529aaf2e9944d5f35b07af661349176adce,pinned_primary,portwatch_chokepoints_snapshot,data/raw/portwatch/Daily_Chokepoints_Data.csv,66f3a54afb042103f3e0afc9670568cb7be245394ec04eba55ebd158593f579d,pinned_primary_reference,bsts_local_level_weekly,daily_marginal_posterior_median,2026-05-06,0.0,53.02913556591734,0.0,107.01034838896672,53.02913556591734,3451.2992157742488
portwatch_two_vintage_four_specification_matrix_v1,297908c214a0afab30a377854585cb1788922334c3bba976f8e2a1141c6ed73e,bb050aa041e8fc1c8391b908baeab529aaf2e9944d5f35b07af661349176adce,pinned_primary,portwatch_chokepoints_snapshot,data/raw/portwatch/Daily_Chokepoints_Data.csv,66f3a54afb042103f3e0afc9670568cb7be245394ec04eba55ebd158593f579d,pinned_primary_reference,bsts_local_level_weekly,daily_marginal_posterior_median,2026-05-07,1.0,53.205826250441405,0.0,108.13146581519769,52.205826250441405,3503.5050420246903
portwatch_two_vintage_four_specification_matrix_v1,297908c214a0afab30a377854585cb1788922334c3bba976f8e2a1141c6ed73e,bb050aa041e8fc1c8391b908baeab529aaf2e9944d5f35b07af661349176adce,pinned_primary,portwatch_chokepoints_snapshot,data/raw/portwatch/Daily_Chokepoints_Data.csv,66f3a54afb042103f3e0afc9670568cb7be245394ec04eba55ebd158593f579d,pinned_primary_reference,bsts_local_level_weekly,daily_marginal_posterior_median,2026-05-08,1.0,54.53604150202417,0.1447932490235668,109.32085279615664,53.53604150202417,3557.0410835267144
portwatch_two_vintage_four_specification_matrix_v1,297908c214a0afab30a377854585cb1788922334c3bba976f8e2a1141c6ed73e,bb050aa041e8fc1c8391b908baeab529aaf2e9944d5f35b07af661349176adce,pinned_primary,portwatch_chokepoints_snapshot,data/raw/portwatch/Daily_Chokepoints_Data.csv,66f3a54afb042103f3e0afc9670568cb7be245394ec04eba55ebd158593f579d,pinned_primary_reference,bsts_local_level_weekly,daily_marginal_posterior_median,2026-05-09,2.0,53.633463869414214,1.3725580791278789,111.67318118516673,51.633463869414214,3608.6745473961287
portwatch_two_vintage_four_specification_matrix_v1,297908c214a0afab30a377854585cb1788922334c3bba976f8e2a1141c6ed73e,bb050aa041e8fc1c8391b908baeab529aaf2e9944d5f35b07af661349176adce,pinned_primary,portwatch_chokepoints_snapshot,data/raw/portwatch/Daily_Chokepoints_Data.csv,66f3a54afb042103f3e0afc9670568cb7be245394ec04eba55ebd158593f579d,pinned_primary_reference,bsts_local_level_weekly,daily_marginal_posterior_median,2026-05-10,3.0,54.60473678596959,0.0,110.91376764285418,51.60473678596959,3660.2792841820983
portwatch_two_vintage_four_specification_matrix_v1,297908c214a0afab30a377854585cb1788922334c3bba976f8e2a1141c6ed73e,bb050aa041e8fc1c8391b908baeab529aaf2e9944d5f35b07af661349176adce,pinned_primary,portwatch_chokepoints_snapshot,data/raw/portwatch/Daily_Chokepoints_Data.csv,66f3a54afb042103f3e0afc9670568cb7be245394ec04eba55ebd158593f579d,pinned_primary_reference,bsts_local_level_weekly,daily_marginal_posterior_median,2026-05-11,4.0,53.87971320877826,0.0,108.4405781641106,49.87971320877826,3710.1589973908767
portwatch_two_vintage_four_specification_matrix_v1,297908c214a0afab30a377854585cb1788922334c3bba976f8e2a1141c6ed73e,bb050aa041e8fc1c8391b908baeab529aaf2e9944d5f35b07af661349176adce,pinned_primary,portwatch_chokepoints_snapshot,data/raw/portwatch/Daily_Chokepoints_Data.csv,66f3a54afb042103f3e0afc9670568cb7be245394ec04eba55ebd158593f579d,pinned_primary_reference,bsts_local_level_weekly,daily_marginal_posterior_median,2026-05-12,1.0,53.42718503806834,0.0,108.18059271672264,52.42718503806834,3762.586182428945
portwatch_two_vintage_four_specification_matrix_v1,297908c214a0afab30a377854585cb1788922334c3bba976f8e2a1141c6ed73e,bb050aa041e8fc1c8391b908baeab529aaf2e9944d5f35b07af661349176adce,pinned_primary,portwatch_chokepoints_snapshot,data/raw/portwatch/Daily_Chokepoints_Data.csv,66f3a54afb042103f3e0afc9670568cb7be245394ec04eba55ebd158593f579d,pinned_primary_reference,bsts_local_level_weekly,daily_marginal_posterior_median,2026-05-13,2.0,54.22143667702217,0.0,112.6702346941522,52.22143667702217,3814.807619105967
portwatch_two_vintage_four_specification_matrix_v1,297908c214a0afab30a377854585cb1788922334c3bba976f8e2a1141c6ed73e,bb050aa041e8fc1c8391b908baeab529aaf2e9944d5f35b07af661349176adce,pinned_primary,portwatch_chokepoints_snapshot,data/raw/portwatch/Daily_Chokepoints_Data.csv,66f3a54afb042103f3e0afc9670568cb7be245394ec04eba55ebd158593f579d,pinned_primary_reference,bsts_local_level_weekly,daily_marginal_posterior_median,2026-05-14,4.0,53.25955107530588,0.0,109.92175921738298,49.25955107530588,3864.067170181273
portwatch_two_vintage_four_specification_matrix_v1,297908c214a0afab30a377854585cb1788922334c3bba976f8e2a1141c6ed73e,bb050aa041e8fc1c8391b908baeab529aaf2e9944d5f35b07af661349176adce,pinned_primary,portwatch_chokepoints_snapshot,data/raw/portwatch/Daily_Chokepoints_Data.csv,66f3a54afb042103f3e0afc9670568cb7be245394ec04eba55ebd158593f579d,pinned_primary_reference,bsts_local_level_weekly,daily_marginal_posterior_median,2026-05-15,2.0,54.35914130570049,0.0,111.66396921651068,52.35914130570049,3916.4263114869736
portwatch_two_vintage_four_specification_matrix_v1,297908c214a0afab30a377854585cb1788922334c3bba976f8e2a1141c6ed73e,bb050aa041e8fc1c8391b908baeab529aaf2e9944d5f35b07af661349176adce,pinned_primary,portwatch_chokepoints_snapshot,data/raw/portwatch/Daily_Chokepoints_Data.csv,66f3a54afb042103f3e0afc9670568cb7be245394ec04eba55ebd158593f579d,pinned_primary_reference,bsts_local_level_weekly,daily_marginal_posterior_median,2026-05-16,2.0,53.899100718239694,0.0,109.70225781178702,51.899100718239694,3968.3254122052135
portwatch_two_vintage_four_specification_matrix_v1,297908c214a0afab30a377854585cb1788922334c3bba976f8e2a1141c6ed73e,bb050aa041e8fc1c8391b908baeab529aaf2e9944d5f35b07af661349176adce,pinned_primary,portwatch_chokepoints_snapshot,data/raw/portwatch/Daily_Chokepoints_Data.csv,66f3a54afb042103f3e0afc9670568cb7be245394ec04eba55ebd158593f579d,pinned_primary_reference,bsts_local_level_weekly,daily_marginal_posterior_median,2026-05-17,2.0,54.38132082098927,0.0,110.98993247670128,52.38132082098927,4020.706733026203
portwatch_two_vintage_four_specification_matrix_v1,297908c214a0afab30a377854585cb1788922334c3bba976f8e2a1141c6ed73e,bb050aa041e8fc1c8391b908baeab529aaf2e9944d5f35b07af661349176adce,pinned_primary,portwatch_chokepoints_snapshot,data/raw/portwatch/Daily_Chokepoints_Data.csv,66f3a54afb042103f3e0afc9670568cb7be245394ec04eba55ebd158593f579d,pinned_primary_reference,bsts_local_level_weekly,daily_marginal_posterior_median,2026-05-18,1.0,53.42299446248387,0.0,113.63938108318624,52.42299446248387,4073.129727488687
portwatch_two_vintage_four_specification_matrix_v1,297908c214a0afab30a377854585cb1788922334c3bba976f8e2a1141c6ed73e,bb050aa041e8fc1c8391b908baeab529aaf2e9944d5f35b07af661349176adce,pinned_primary,portwatch_chokepoints_snapshot,data/raw/portwatch/Daily_Chokepoints_Data.csv,66f3a54afb042103f3e0afc9670568cb7be245394ec04eba55ebd158593f579d,pinned_primary_reference,bsts_local_level_weekly,daily_marginal_posterior_median,2026-05-19,3.0,52.998598761983146,0.0,111.28609433995356,49.998598761983146,4123.12832625067
portwatch_two_vintage_four_specification_matrix_v1,297908c214a0afab30a377854585cb1788922334c3bba976f8e2a1141c6ed73e,bb050aa041e8fc1c8391b908baeab529aaf2e9944d5f35b07af661349176adce,pinned_primary,portwatch_chokepoints_snapshot,data/raw/portwatch/Daily_Chokepoints_Data.csv,66f3a54afb042103f3e0afc9670568cb7be245394ec04eba55ebd158593f579d,pinned_primary_reference,bsts_local_level_weekly,daily_marginal_posterior_median,2026-05-20,5.0,52.95621607486627,0.0,111.66100100504848,47.95621607486627,4171.084542325537
portwatch_two_vintage_four_specification_matrix_v1,297908c214a0afab30a377854585cb1788922334c3bba976f8e2a1141c6ed73e,bb050aa041e8fc1c8391b908baeab529aaf2e9944d5f35b07af661349176adce,pinned_primary,portwatch_chokepoints_snapshot,data/raw/portwatch/Daily_Chokepoints_Data.csv,66f3a54afb042103f3e0afc9670568cb7be245394ec04eba55ebd158593f579d,pinned_primary_reference,bsts_local_level_weekly,daily_marginal_posterior_median,2026-05-21,2.0,53.48093476078211,0.0,111.6192651895146,51.48093476078211,4222.565477086319
portwatch_two_vintage_four_specification_matrix_v1,297908c214a0afab30a377854585cb1788922334c3bba976f8e2a1141c6ed73e,bb050aa041e8fc1c8391b908baeab529aaf2e9944d5f35b07af661349176adce,pinned_primary,portwatch_chokepoints_snapshot,data/raw/portwatch/Daily_Chokepoints_Data.csv,66f3a54afb042103f3e0afc9670568cb7be245394ec04eba55ebd158593f579d,pinned_primary_reference,bsts_local_level_weekly,daily_marginal_posterior_median,2026-05-22,0.0,55.05995627767727,0.0,115.34235449178074,55.05995627767727,4277.625433363996
portwatch_two_vintage_four_specification_matrix_v1,297908c214a0afab30a377854585cb1788922334c3bba976f8e2a1141c6ed73e,bb050aa041e8fc1c8391b908baeab529aaf2e9944d5f35b07af661349176adce,pinned_primary,portwatch_chokepoints_snapshot,data/raw/portwatch/Daily_Chokepoints_Data.csv,66f3a54afb042103f3e0afc9670568cb7be245394ec04eba55ebd158593f579d,pinned_primary_reference,bsts_local_level_weekly,daily_marginal_posterior_median,2026-05-23,1.0,54.58580368761756,0.0,114.84051012901578,53.58580368761756,4331.211237051614
portwatch_two_vintage_four_specification_matrix_v1,297908c214a0afab30a377854585cb1788922334c3bba976f8e2a1141c6ed73e,bb050aa041e8fc1c8391b908baeab529aaf2e9944d5f35b07af661349176adce,pinned_primary,portwatch_chokepoints_snapshot,data/raw/portwatch/Daily_Chokepoints_Data.csv,66f3a54afb042103f3e0afc9670568cb7be245394ec04eba55ebd158593f579d,pinned_primary_reference,bsts_local_level_weekly,daily_marginal_posterior_median,2026-05-24,2.0,53.267719430277765,0.0,113.03576525806815,51.267719430277765,4382.478956481892
portwatch_two_vintage_four_specification_matrix_v1,297908c214a0afab30a377854585cb1788922334c3bba976f8e2a1141c6ed73e,bb050aa041e8fc1c8391b908baeab529aaf2e9944d5f35b07af661349176adce,pinned_primary,portwatch_chokepoints_snapshot,data/raw/portwatch/Daily_Chokepoints_Data.csv,66f3a54afb042103f3e0afc9670568cb7be245394ec04eba55ebd158593f579d,pinned_primary_reference,bsts_local_level_weekly,daily_marginal_posterior_median,2026-05-25,0.0,53.79769282717456,0.0,113.30644244654188,53.79769282717456,4436.276649309067
portwatch_two_vintage_four_specification_matrix_v1,297908c214a0afab30a377854585cb1788922334c3bba976f8e2a1141c6ed73e,bb050aa041e8fc1c8391b908baeab529aaf2e9944d5f35b07af661349176adce,pinned_primary,portwatch_chokepoints_snapshot,data/raw/portwatch/Daily_Chokepoints_Data.csv,66f3a54afb042103f3e0afc9670568cb7be245394ec04eba55ebd158593f579d,pinned_primary_reference,bsts_local_level_weekly,daily_marginal_posterior_median,2026-05-26,2.0,53.83038612472592,0.0,113.90165002364344,51.83038612472592,4488.107035433793
portwatch_two_vintage_four_specification_matrix_v1,297908c214a0afab30a377854585cb1788922334c3bba976f8e2a1141c6ed73e,bb050aa041e8fc1c8391b908baeab529aaf2e9944d5f35b07af661349176adce,pinned_primary,portwatch_chokepoints_snapshot,data/raw/portwatch/Daily_Chokepoints_Data.csv,66f3a54afb042103f3e0afc9670568cb7be245394ec04eba55ebd158593f579d,pinned_primary_reference,bsts_local_level_weekly,daily_marginal_posterior_median,2026-05-27,2.0,53.01765290836502,0.0,113.1888232415766,51.01765290836502,4539.124688342157
portwatch_two_vintage_four_specification_matrix_v1,297908c214a0afab30a377854585cb1788922334c3bba976f8e2a1141c6ed73e,bb050aa041e8fc1c8391b908baeab529aaf2e9944d5f35b07af661349176adce,pinned_primary,portwatch_chokepoints_snapshot,data/raw/portwatch/Daily_Chokepoints_Data.csv,66f3a54afb042103f3e0afc9670568cb7be245394ec04eba55ebd158593f579d,pinned_primary_reference,bsts_local_level_weekly,daily_marginal_posterior_median,2026-05-28,0.0,52.414111930647536,0.0,110.297205233191,52.414111930647536,4591.538800272805
portwatch_two_vintage_four_specification_matrix_v1,297908c214a0afab30a377854585cb1788922334c3bba976f8e2a1141c6ed73e,bb050aa041e8fc1c8391b908baeab529aaf2e9944d5f35b07af661349176adce,pinned_primary,portwatch_chokepoints_snapshot,data/raw/portwatch/Daily_Chokepoints_Data.csv,66f3a54afb042103f3e0afc9670568cb7be245394ec04eba55ebd158593f579d,pinned_primary_reference,bsts_local_level_weekly,daily_marginal_posterior_median,2026-05-29,0.0,53.31497301647605,0.0,114.35424908967346,53.31497301647605,4644.853773289281
portwatch_two_vintage_four_specification_matrix_v1,297908c214a0afab30a377854585cb1788922334c3bba976f8e2a1141c6ed73e,bb050aa041e8fc1c8391b908baeab529aaf2e9944d5f35b07af661349176adce,pinned_primary,portwatch_chokepoints_snapshot,data/raw/portwatch/Daily_Chokepoints_Data.csv,66f3a54afb042103f3e0afc9670568cb7be245394ec04eba55ebd158593f579d,pinned_primary_reference,bsts_local_level_weekly,daily_marginal_posterior_median,2026-05-30,1.0,54.94140377533817,0.0,114.12433078036136,53.94140377533817,4698.79517706462
portwatch_two_vintage_four_specification_matrix_v1,297908c214a0afab30a377854585cb1788922334c3bba976f8e2a1141c6ed73e,bb050aa041e8fc1c8391b908baeab529aaf2e9944d5f35b07af661349176adce,pinned_primary,portwatch_chokepoints_snapshot,data/raw/portwatch/Daily_Chokepoints_Data.csv,66f3a54afb042103f3e0afc9670568cb7be245394ec04eba55ebd158593f579d,pinned_primary_reference,bsts_local_level_weekly,daily_marginal_posterior_median,2026-05-31,0.0,55.300549869017544,0.0,114.96739041880036,55.300549869017544,4754.095726933637
portwatch_two_vintage_four_specification_matrix_v1,297908c214a0afab30a377854585cb1788922334c3bba976f8e2a1141c6ed73e,bb050aa041e8fc1c8391b908baeab529aaf2e9944d5f35b07af661349176adce,pinned_primary,portwatch_chokepoints_snapshot,data/raw/portwatch/Daily_Chokepoints_Data.csv,66f3a54afb042103f3e0afc9670568cb7be245394ec04eba55ebd158593f579d,pinned_primary_reference,bsts_local_level_weekly,daily_marginal_posterior_median,2026-06-01,2.0,53.64786590346162,0.0,113.9068806414388,51.64786590346162,4805.743592837099
portwatch_two_vintage_four_specification_matrix_v1,297908c214a0afab30a377854585cb1788922334c3bba976f8e2a1141c6ed73e,bb050aa041e8fc1c8391b908baeab529aaf2e9944d5f35b07af661349176adce,pinned_primary,portwatch_chokepoints_snapshot,data/raw/portwatch/Daily_Chokepoints_Data.csv,66f3a54afb042103f3e0afc9670568cb7be245394ec04eba55ebd158593f579d,pinned_primary_reference,bsts_local_level_weekly,daily_marginal_posterior_median,2026-06-02,4.0,52.60911219885297,0.0,112.963839566554,48.60911219885297,4854.352705035952
portwatch_two_vintage_four_specification_matrix_v1,297908c214a0afab30a377854585cb1788922334c3bba976f8e2a1141c6ed73e,bb050aa041e8fc1c8391b908baeab529aaf2e9944d5f35b07af661349176adce,pinned_primary,portwatch_chokepoints_snapshot,data/raw/portwatch/Daily_Chokepoints_Data.csv,66f3a54afb042103f3e0afc9670568cb7be245394ec04eba55ebd158593f579d,pinned_primary_reference,bsts_local_level_weekly,daily_marginal_posterior_median,2026-06-03,4.0,54.14537484293702,0.0,113.8988827379745,50.14537484293702,4904.498079878888
portwatch_two_vintage_four_specification_matrix_v1,297908c214a0afab30a377854585cb1788922334c3bba976f8e2a1141c6ed73e,bb050aa041e8fc1c8391b908baeab529aaf2e9944d5f35b07af661349176adce,pinned_primary,portwatch_chokepoints_snapshot,data/raw/portwatch/Daily_Chokepoints_Data.csv,66f3a54afb042103f3e0afc9670568cb7be245394ec04eba55ebd158593f579d,pinned_primary_reference,bsts_local_level_weekly,daily_marginal_posterior_median,2026-06-04,2.0,52.52577026919397,0.0,112.77644699227535,50.52577026919397,4955.023850148083
portwatch_two_vintage_four_specification_matrix_v1,297908c214a0afab30a377854585cb1788922334c3bba976f8e2a1141c6ed73e,bb050aa041e8fc1c8391b908baeab529aaf2e9944d5f35b07af661349176adce,pinned_primary,portwatch_chokepoints_snapshot,data/raw/portwatch/Daily_Chokepoints_Data.csv,66f3a54afb042103f3e0afc9670568cb7be245394ec04eba55ebd158593f579d,pinned_primary_reference,bsts_local_level_weekly,daily_marginal_posterior_median,2026-06-05,0.0,54.21718262890105,0.0,112.87533093123976,54.21718262890105,5009.241032776984
portwatch_two_vintage_four_specification_matrix_v1,297908c214a0afab30a377854585cb1788922334c3bba976f8e2a1141c6ed73e,bb050aa041e8fc1c8391b908baeab529aaf2e9944d5f35b07af661349176adce,pinned_primary,portwatch_chokepoints_snapshot,data/raw/portwatch/Daily_Chokepoints_Data.csv,66f3a54afb042103f3e0afc9670568cb7be245394ec04eba55ebd158593f579d,pinned_primary_reference,bsts_local_level_weekly,daily_marginal_posterior_median,2026-06-06,0.0,54.39485673687929,0.0,115.25281823555754,54.39485673687929,5063.635889513863
portwatch_two_vintage_four_specification_matrix_v1,297908c214a0afab30a377854585cb1788922334c3bba976f8e2a1141c6ed73e,bb050aa041e8fc1c8391b908baeab529aaf2e9944d5f35b07af661349176adce,pinned_primary,portwatch_chokepoints_snapshot,data/raw/portwatch/Daily_Chokepoints_Data.csv,66f3a54afb042103f3e0afc9670568cb7be245394ec04eba55ebd158593f579d,pinned_primary_reference,bsts_local_level_weekly,daily_marginal_posterior_median,2026-06-07,1.0,53.79467067632338,0.0,119.08818448609183,52.79467067632338,5116.430560190186
portwatch_two_vintage_four_specification_matrix_v1,297908c214a0afab30a377854585cb1788922334c3bba976f8e2a1141c6ed73e,bb050aa041e8fc1c8391b908baeab529aaf2e9944d5f35b07af661349176adce,pinned_primary,portwatch_chokepoints_snapshot,data/raw/portwatch/Daily_Chokepoints_Data.csv,66f3a54afb042103f3e0afc9670568cb7be245394ec04eba55ebd158593f579d,pinned_primary_reference,bsts_local_level_weekly,daily_marginal_posterior_median,2026-06-08,2.0,53.34905348560584,0.0,115.2025802862926,51.34905348560584,5167.779613675792
portwatch_two_vintage_four_specification_matrix_v1,297908c214a0afab30a377854585cb1788922334c3bba976f8e2a1141c6ed73e,bb050aa041e8fc1c8391b908baeab529aaf2e9944d5f35b07af661349176adce,pinned_primary,portwatch_chokepoints_snapshot,data/raw/portwatch/Daily_Chokepoints_Data.csv,66f3a54afb042103f3e0afc9670568cb7be245394ec04eba55ebd158593f579d,pinned_primary_reference,bsts_local_level_weekly,daily_marginal_posterior_median,2026-06-09,2.0,53.88603032989769,0.0,120.01958265343076,51.88603032989769,5219.6656440056895
portwatch_two_vintage_four_specification_matrix_v1,297908c214a0afab30a377854585cb1788922334c3bba976f8e2a1141c6ed73e,bb050aa041e8fc1c8391b908baeab529aaf2e9944d5f35b07af661349176adce,pinned_primary,portwatch_chokepoints_snapshot,data/raw/portwatch/Daily_Chokepoints_Data.csv,66f3a54afb042103f3e0afc9670568cb7be245394ec04eba55ebd158593f579d,pinned_primary_reference,bsts_local_level_weekly,daily_marginal_posterior_median,2026-06-10,1.0,53.40230580738832,0.0,115.07655971357066,52.40230580738832,5272.067949813078
portwatch_two_vintage_four_specification_matrix_v1,297908c214a0afab30a377854585cb1788922334c3bba976f8e2a1141c6ed73e,bb050aa041e8fc1c8391b908baeab529aaf2e9944d5f35b07af661349176adce,pinned_primary,portwatch_chokepoints_snapshot,data/raw/portwatch/Daily_Chokepoints_Data.csv,66f3a54afb042103f3e0afc9670568cb7be245394ec04eba55ebd158593f579d,pinned_primary_reference,bsts_local_level_weekly,daily_marginal_posterior_median,2026-06-11,2.0,53.77643946757319,0.0,114.6291429723111,51.77643946757319,5323.844389280651
portwatch_two_vintage_four_specification_matrix_v1,297908c214a0afab30a377854585cb1788922334c3bba976f8e2a1141c6ed73e,bb050aa041e8fc1c8391b908baeab529aaf2e9944d5f35b07af661349176adce,pinned_primary,portwatch_chokepoints_snapshot,data/raw/portwatch/Daily_Chokepoints_Data.csv,66f3a54afb042103f3e0afc9670568cb7be245394ec04eba55ebd158593f579d,pinned_primary_reference,bsts_local_level_weekly,daily_marginal_posterior_median,2026-06-12,1.0,53.73852707689892,0.0,114.30530549581007,52.73852707689892,5376.58291635755
portwatch_two_vintage_four_specification_matrix_v1,297908c214a0afab30a377854585cb1788922334c3bba976f8e2a1141c6ed73e,bb050aa041e8fc1c8391b908baeab529aaf2e9944d5f35b07af661349176adce,pinned_primary,portwatch_chokepoints_snapshot,data/raw/portwatch/Daily_Chokepoints_Data.csv,66f3a54afb042103f3e0afc9670568cb7be245394ec04eba55ebd158593f579d,pinned_primary_reference,bsts_local_level_weekly,daily_marginal_posterior_median,2026-06-13,0.0,53.93217070350882,0.0,113.412256560801,53.93217070350882,5430.515087061059
portwatch_two_vintage_four_specification_matrix_v1,297908c214a0afab30a377854585cb1788922334c3bba976f8e2a1141c6ed73e,bb050aa041e8fc1c8391b908baeab529aaf2e9944d5f35b07af661349176adce,pinned_primary,portwatch_chokepoints_snapshot,data/raw/portwatch/Daily_Chokepoints_Data.csv,66f3a54afb042103f3e0afc9670568cb7be245394ec04eba55ebd158593f579d,pinned_primary_reference,bsts_local_level_weekly,daily_marginal_posterior_median,2026-06-14,0.0,54.85089578055615,0.0,117.89288557933394,54.85089578055615,5485.365982841615
portwatch_two_vintage_four_specification_matrix_v1,297908c214a0afab30a377854585cb1788922334c3bba976f8e2a1141c6ed73e,bb050aa041e8fc1c8391b908baeab529aaf2e9944d5f35b07af661349176adce,pinned_primary,portwatch_chokepoints_snapshot,data/raw/portwatch/Daily_Chokepoints_Data.csv,66f3a54afb042103f3e0afc9670568cb7be245394ec04eba55ebd158593f579d,pinned_primary_reference,bsts_local_level_weekly,daily_marginal_posterior_median,2026-06-15,1.0,53.97015003283573,0.0,115.79396472805722,52.97015003283573,5538.33613287445
portwatch_two_vintage_four_specification_matrix_v1,297908c214a0afab30a377854585cb1788922334c3bba976f8e2a1141c6ed73e,bb050aa041e8fc1c8391b908baeab529aaf2e9944d5f35b07af661349176adce,pinned_primary,portwatch_chokepoints_snapshot,data/raw/portwatch/Daily_Chokepoints_Data.csv,66f3a54afb042103f3e0afc9670568cb7be245394ec04eba55ebd158593f579d,pinned_primary_reference,bsts_local_level_weekly,daily_marginal_posterior_median,2026-06-16,2.0,52.89156584573428,0.0,114.37440552809484,50.89156584573428,5589.227698720185
portwatch_two_vintage_four_specification_matrix_v1,297908c214a0afab30a377854585cb1788922334c3bba976f8e2a1141c6ed73e,bb050aa041e8fc1c8391b908baeab529aaf2e9944d5f35b07af661349176adce,pinned_primary,portwatch_chokepoints_snapshot,data/raw/portwatch/Daily_Chokepoints_Data.csv,66f3a54afb042103f3e0afc9670568cb7be245394ec04eba55ebd158593f579d,pinned_primary_reference,bsts_local_level_weekly,daily_marginal_posterior_median,2026-06-17,1.0,53.775461494235685,0.0,118.84822507344386,52.775461494235685,5642.003160214421
portwatch_two_vintage_four_specification_matrix_v1,297908c214a0afab30a377854585cb1788922334c3bba976f8e2a1141c6ed73e,bb050aa041e8fc1c8391b908baeab529aaf2e9944d5f35b07af661349176adce,pinned_primary,portwatch_chokepoints_snapshot,data/raw/portwatch/Daily_Chokepoints_Data.csv,66f3a54afb042103f3e0afc9670568cb7be245394ec04eba55ebd158593f579d,pinned_primary_reference,bsts_local_level_weekly,daily_marginal_posterior_median,2026-06-18,11.0,54.22374712644152,0.0,114.26488275875715,43.22374712644152,5685.226907340862
portwatch_two_vintage_four_specification_matrix_v1,297908c214a0afab30a377854585cb1788922334c3bba976f8e2a1141c6ed73e,bb050aa041e8fc1c8391b908baeab529aaf2e9944d5f35b07af661349176adce,pinned_primary,portwatch_chokepoints_snapshot,data/raw/portwatch/Daily_Chokepoints_Data.csv,66f3a54afb042103f3e0afc9670568cb7be245394ec04eba55ebd158593f579d,pinned_primary_reference,bsts_local_level_weekly,daily_marginal_posterior_median,2026-06-19,5.0,54.41165130622403,0.0,116.6292184798589,49.41165130622403,5734.638558647086
portwatch_two_vintage_four_specification_matrix_v1,297908c214a0afab30a377854585cb1788922334c3bba976f8e2a1141c6ed73e,bb050aa041e8fc1c8391b908baeab529aaf2e9944d5f35b07af661349176adce,pinned_primary,portwatch_chokepoints_snapshot,data/raw/portwatch/Daily_Chokepoints_Data.csv,66f3a54afb042103f3e0afc9670568cb7be245394ec04eba55ebd158593f579d,pinned_primary_reference,bsts_local_level_weekly,daily_marginal_posterior_median,2026-06-20,12.0,55.12742005105902,0.0,118.54456912113692,43.12742005105902,5777.765978698145
portwatch_two_vintage_four_specification_matrix_v1,297908c214a0afab30a377854585cb1788922334c3bba976f8e2a1141c6ed73e,bb050aa041e8fc1c8391b908baeab529aaf2e9944d5f35b07af661349176adce,pinned_primary,portwatch_chokepoints_snapshot,data/raw/portwatch/Daily_Chokepoints_Data.csv,66f3a54afb042103f3e0afc9670568cb7be245394ec04eba55ebd158593f579d,pinned_primary_reference,bsts_local_level_weekly,daily_marginal_posterior_median,2026-06-21,1.0,53.74143885614264,0.0,117.84988778524522,52.74143885614264,5830.507417554288
portwatch_two_vintage_four_specification_matrix_v1,297908c214a0afab30a377854585cb1788922334c3bba976f8e2a1141c6ed73e,bb050aa041e8fc1c8391b908baeab529aaf2e9944d5f35b07af661349176adce,pinned_primary,portwatch_chokepoints_snapshot,data/raw/portwatch/Daily_Chokepoints_Data.csv,66f3a54afb042103f3e0afc9670568cb7be245394ec04eba55ebd158593f579d,pinned_primary_reference,bsts_local_level_weekly,daily_marginal_posterior_median,2026-06-22,9.0,54.4298261808557,0.0,118.93577411559572,45.4298261808557,5875.937243735143
portwatch_two_vintage_four_specification_matrix_v1,297908c214a0afab30a377854585cb1788922334c3bba976f8e2a1141c6ed73e,bb050aa041e8fc1c8391b908baeab529aaf2e9944d5f35b07af661349176adce,pinned_primary,portwatch_chokepoints_snapshot,data/raw/portwatch/Daily_Chokepoints_Data.csv,66f3a54afb042103f3e0afc9670568cb7be245394ec04eba55ebd158593f579d,pinned_primary_reference,bsts_local_level_weekly,daily_marginal_posterior_median,2026-06-23,5.0,52.25002737449736,0.0,119.36193903667512,47.25002737449736,5923.18727110964
portwatch_two_vintage_four_specification_matrix_v1,297908c214a0afab30a377854585cb1788922334c3bba976f8e2a1141c6ed73e,bb050aa041e8fc1c8391b908baeab529aaf2e9944d5f35b07af661349176adce,pinned_primary,portwatch_chokepoints_snapshot,data/raw/portwatch/Daily_Chokepoints_Data.csv,66f3a54afb042103f3e0afc9670568cb7be245394ec04eba55ebd158593f579d,pinned_primary_reference,bsts_local_level_weekly,daily_marginal_posterior_median,2026-06-24,21.0,53.10264618652309,0.0,116.35976872355288,32.10264618652309,5955.289917296163
portwatch_two_vintage_four_specification_matrix_v1,297908c214a0afab30a377854585cb1788922334c3bba976f8e2a1141c6ed73e,bb050aa041e8fc1c8391b908baeab529aaf2e9944d5f35b07af661349176adce,pinned_primary,portwatch_chokepoints_snapshot,data/raw/portwatch/Daily_Chokepoints_Data.csv,66f3a54afb042103f3e0afc9670568cb7be245394ec04eba55ebd158593f579d,pinned_primary_reference,bsts_local_level_weekly,daily_marginal_posterior_median,2026-06-25,23.0,52.34148366844863,0.0,119.01839155938214,29.34148366844863,5984.631400964612
portwatch_two_vintage_four_specification_matrix_v1,297908c214a0afab30a377854585cb1788922334c3bba976f8e2a1141c6ed73e,bb050aa041e8fc1c8391b908baeab529aaf2e9944d5f35b07af661349176adce,pinned_primary,portwatch_chokepoints_snapshot,data/raw/portwatch/Daily_Chokepoints_Data.csv,66f3a54afb042103f3e0afc9670568cb7be245394ec04eba55ebd158593f579d,pinned_primary_reference,bsts_local_level_weekly,daily_marginal_posterior_median,2026-06-26,19.0,53.80393422610965,0.0,118.99764603831636,34.80393422610965,6019.435335190722
portwatch_two_vintage_four_specification_matrix_v1,297908c214a0afab30a377854585cb1788922334c3bba976f8e2a1141c6ed73e,bb050aa041e8fc1c8391b908baeab529aaf2e9944d5f35b07af661349176adce,pinned_primary,portwatch_chokepoints_snapshot,data/raw/portwatch/Daily_Chokepoints_Data.csv,66f3a54afb042103f3e0afc9670568cb7be245394ec04eba55ebd158593f579d,pinned_primary_reference,bsts_local_level_weekly,daily_marginal_posterior_median,2026-06-27,9.0,54.51170171268971,0.0,120.1795945539064,45.51170171268971,6064.947036903412
portwatch_two_vintage_four_specification_matrix_v1,297908c214a0afab30a377854585cb1788922334c3bba976f8e2a1141c6ed73e,bb050aa041e8fc1c8391b908baeab529aaf2e9944d5f35b07af661349176adce,pinned_primary,portwatch_chokepoints_snapshot,data/raw/portwatch/Daily_Chokepoints_Data.csv,66f3a54afb042103f3e0afc9670568cb7be245394ec04eba55ebd158593f579d,pinned_primary_reference,bsts_local_level_weekly,daily_marginal_posterior_median,2026-06-28,11.0,53.796782993752856,0.0,120.77622220114353,42.796782993752856,6107.743819897164
portwatch_two_vintage_four_specification_matrix_v1,297908c214a0afab30a377854585cb1788922334c3bba976f8e2a1141c6ed73e,bb050aa041e8fc1c8391b908baeab529aaf2e9944d5f35b07af661349176adce,pinned_primary,portwatch_chokepoints_snapshot,data/raw/portwatch/Daily_Chokepoints_Data.csv,66f3a54afb042103f3e0afc9670568cb7be245394ec04eba55ebd158593f579d,pinned_primary_reference,bsts_local_level_weekly,daily_marginal_posterior_median,2026-06-29,13.0,52.56894356753623,0.0,120.30716362544376,39.56894356753623,6147.3127634647
portwatch_two_vintage_four_specification_matrix_v1,297908c214a0afab30a377854585cb1788922334c3bba976f8e2a1141c6ed73e,bb050aa041e8fc1c8391b908baeab529aaf2e9944d5f35b07af661349176adce,pinned_primary,portwatch_chokepoints_snapshot,data/raw/portwatch/Daily_Chokepoints_Data.csv,66f3a54afb042103f3e0afc9670568cb7be245394ec04eba55ebd158593f579d,pinned_primary_reference,bsts_local_level_weekly,daily_marginal_posterior_median,2026-06-30,6.0,51.74383743196409,0.0,119.67969743613516,45.74383743196409,6193.056600896664
portwatch_two_vintage_four_specification_matrix_v1,297908c214a0afab30a377854585cb1788922334c3bba976f8e2a1141c6ed73e,bb050aa041e8fc1c8391b908baeab529aaf2e9944d5f35b07af661349176adce,pinned_primary,portwatch_chokepoints_snapshot,data/raw/portwatch/Daily_Chokepoints_Data.csv,66f3a54afb042103f3e0afc9670568cb7be245394ec04eba55ebd158593f579d,pinned_primary_reference,bsts_local_level_weekly,daily_marginal_posterior_median,2026-07-01,23.0,52.49468700766032,0.0,121.74575662601056,29.49468700766032,6222.551287904324
portwatch_two_vintage_four_specification_matrix_v1,297908c214a0afab30a377854585cb1788922334c3bba976f8e2a1141c6ed73e,bb050aa041e8fc1c8391b908baeab529aaf2e9944d5f35b07af661349176adce,pinned_primary,portwatch_chokepoints_snapshot,data/raw/portwatch/Daily_Chokepoints_Data.csv,66f3a54afb042103f3e0afc9670568cb7be245394ec04eba55ebd158593f579d,pinned_primary_reference,bsts_local_level_weekly,daily_marginal_posterior_median,2026-07-02,18.0,53.22963891405719,0.0,119.82755226681913,35.22963891405719,6257.780926818382
portwatch_two_vintage_four_specification_matrix_v1,297908c214a0afab30a377854585cb1788922334c3bba976f8e2a1141c6ed73e,bb050aa041e8fc1c8391b908baeab529aaf2e9944d5f35b07af661349176adce,pinned_primary,portwatch_chokepoints_snapshot,data/raw/portwatch/Daily_Chokepoints_Data.csv,66f3a54afb042103f3e0afc9670568cb7be245394ec04eba55ebd158593f579d,pinned_primary_reference,bsts_local_level_weekly,daily_marginal_posterior_median,2026-07-03,21.0,53.60234728648934,0.0,119.78678973797597,32.60234728648934,6290.383274104871
portwatch_two_vintage_four_specification_matrix_v1,297908c214a0afab30a377854585cb1788922334c3bba976f8e2a1141c6ed73e,bb050aa041e8fc1c8391b908baeab529aaf2e9944d5f35b07af661349176adce,pinned_primary,portwatch_chokepoints_snapshot,data/raw/portwatch/Daily_Chokepoints_Data.csv,66f3a54afb042103f3e0afc9670568cb7be245394ec04eba55ebd158593f579d,pinned_primary_reference,bsts_local_level_weekly,daily_marginal_posterior_median,2026-07-04,11.0,54.665772569298,0.0,119.7965785429706,43.665772569298,6334.0490466741685
portwatch_two_vintage_four_specification_matrix_v1,297908c214a0afab30a377854585cb1788922334c3bba976f8e2a1141c6ed73e,bb050aa041e8fc1c8391b908baeab529aaf2e9944d5f35b07af661349176adce,pinned_primary,portwatch_chokepoints_snapshot,data/raw/portwatch/Daily_Chokepoints_Data.csv,66f3a54afb042103f3e0afc9670568cb7be245394ec04eba55ebd158593f579d,pinned_primary_reference,bsts_local_level_weekly,daily_marginal_posterior_median,2026-07-05,16.0,54.392984274043144,0.0,121.483441832745,38.392984274043144,6372.442030948212
portwatch_two_vintage_four_specification_matrix_v1,297908c214a0afab30a377854585cb1788922334c3bba976f8e2a1141c6ed73e,bb050aa041e8fc1c8391b908baeab529aaf2e9944d5f35b07af661349176adce,pinned_primary,portwatch_chokepoints_snapshot,data/raw/portwatch/Daily_Chokepoints_Data.csv,66f3a54afb042103f3e0afc9670568cb7be245394ec04eba55ebd158593f579d,pinned_primary_reference,bsts_local_level_weekly,daily_marginal_posterior_median,2026-07-06,14.0,52.399091628834114,0.0,122.67849987075664,38.399091628834114,6410.841122577046
portwatch_two_vintage_four_specification_matrix_v1,297908c214a0afab30a377854585cb1788922334c3bba976f8e2a1141c6ed73e,bb050aa041e8fc1c8391b908baeab529aaf2e9944d5f35b07af661349176adce,pinned_primary,portwatch_chokepoints_snapshot,data/raw/portwatch/Daily_Chokepoints_Data.csv,66f3a54afb042103f3e0afc9670568cb7be245394ec04eba55ebd158593f579d,pinned_primary_reference,bsts_local_level_weekly,daily_marginal_posterior_median,2026-07-07,12.0,52.43029992918604,0.0,122.23339948237874,40.43029992918604,6451.271422506232
portwatch_two_vintage_four_specification_matrix_v1,297908c214a0afab30a377854585cb1788922334c3bba976f8e2a1141c6ed73e,bb050aa041e8fc1c8391b908baeab529aaf2e9944d5f35b07af661349176adce,vintage_20260809,portwatch_chokepoints_vintage_20260809_snapshot,data/raw/portwatch/vintages/Daily_Chokepoints_Data__vintage_2026-08-09.csv,0bc806a4c384723debff08053d6fcbb915a03ee9fdf7b23c73d76d9bcb885bcb,sensitivity_only,seasonal_naive_7d,deterministic_daily_point,2026-02-28,33.0,50.0,,,17.0,17.0
portwatch_two_vintage_four_specification_matrix_v1,297908c214a0afab30a377854585cb1788922334c3bba976f8e2a1141c6ed73e,bb050aa041e8fc1c8391b908baeab529aaf2e9944d5f35b07af661349176adce,vintage_20260809,portwatch_chokepoints_vintage_20260809_snapshot,data/raw/portwatch/vintages/Daily_Chokepoints_Data__vintage_2026-08-09.csv,0bc806a4c384723debff08053d6fcbb915a03ee9fdf7b23c73d76d9bcb885bcb,sensitivity_only,seasonal_naive_7d,deterministic_daily_point,2026-03-01,5.0,68.0,,,63.0,80.0
portwatch_two_vintage_four_specification_matrix_v1,297908c214a0afab30a377854585cb1788922334c3bba976f8e2a1141c6ed73e,bb050aa041e8fc1c8391b908baeab529aaf2e9944d5f35b07af661349176adce,vintage_20260809,portwatch_chokepoints_vintage_20260809_snapshot,data/raw/portwatch/vintages/Daily_Chokepoints_Data__vintage_2026-08-09.csv,0bc806a4c384723debff08053d6fcbb915a03ee9fdf7b23c73d76d9bcb885bcb,sensitivity_only,seasonal_naive_7d,deterministic_daily_point,2026-03-02,1.0,58.0,,,57.0,137.0
portwatch_two_vintage_four_specification_matrix_v1,297908c214a0afab30a377854585cb1788922334c3bba976f8e2a1141c6ed73e,bb050aa041e8fc1c8391b908baeab529aaf2e9944d5f35b07af661349176adce,vintage_20260809,portwatch_chokepoints_vintage_20260809_snapshot,data/raw/portwatch/vintages/Daily_Chokepoints_Data__vintage_2026-08-09.csv,0bc806a4c384723debff08053d6fcbb915a03ee9fdf7b23c73d76d9bcb885bcb,sensitivity_only,seasonal_naive_7d,deterministic_daily_point,2026-03-03,1.0,20.0,,,19.0,156.0
portwatch_two_vintage_four_specification_matrix_v1,297908c214a0afab30a377854585cb1788922334c3bba976f8e2a1141c6ed73e,bb050aa041e8fc1c8391b908baeab529aaf2e9944d5f35b07af661349176adce,vintage_20260809,portwatch_chokepoints_vintage_20260809_snapshot,data/raw/portwatch/vintages/Daily_Chokepoints_Data__vintage_2026-08-09.csv,0bc806a4c384723debff08053d6fcbb915a03ee9fdf7b23c73d76d9bcb885bcb,sensitivity_only,seasonal_naive_7d,deterministic_daily_point,2026-03-04,0.0,57.0,,,57.0,213.0
portwatch_two_vintage_four_specification_matrix_v1,297908c214a0afab30a377854585cb1788922334c3bba976f8e2a1141c6ed73e,bb050aa041e8fc1c8391b908baeab529aaf2e9944d5f35b07af661349176adce,vintage_20260809,portwatch_chokepoints_vintage_20260809_snapshot,data/raw/portwatch/vintages/Daily_Chokepoints_Data__vintage_2026-08-09.csv,0bc806a4c384723debff08053d6fcbb915a03ee9fdf7b23c73d76d9bcb885bcb,sensitivity_only,seasonal_naive_7d,deterministic_daily_point,2026-03-05,1.0,44.0,,,43.0,256.0
portwatch_two_vintage_four_specification_matrix_v1,297908c214a0afab30a377854585cb1788922334c3bba976f8e2a1141c6ed73e,bb050aa041e8fc1c8391b908baeab529aaf2e9944d5f35b07af661349176adce,vintage_20260809,portwatch_chokepoints_vintage_20260809_snapshot,data/raw/portwatch/vintages/Daily_Chokepoints_Data__vintage_2026-08-09.csv,0bc806a4c384723debff08053d6fcbb915a03ee9fdf7b23c73d76d9bcb885bcb,sensitivity_only,seasonal_naive_7d,deterministic_daily_point,2026-03-06,0.0,30.0,,,30.0,286.0
portwatch_two_vintage_four_specification_matrix_v1,297908c214a0afab30a377854585cb1788922334c3bba976f8e2a1141c6ed73e,bb050aa041e8fc1c8391b908baeab529aaf2e9944d5f35b07af661349176adce,vintage_20260809,portwatch_chokepoints_vintage_20260809_snapshot,data/raw/portwatch/vintages/Daily_Chokepoints_Data__vintage_2026-08-09.csv,0bc806a4c384723debff08053d6fcbb915a03ee9fdf7b23c73d76d9bcb885bcb,sensitivity_only,seasonal_naive_7d,deterministic_daily_point,2026-03-07,0.0,50.0,,,50.0,336.0
portwatch_two_vintage_four_specification_matrix_v1,297908c214a0afab30a377854585cb1788922334c3bba976f8e2a1141c6ed73e,bb050aa041e8fc1c8391b908baeab529aaf2e9944d5f35b07af661349176adce,vintage_20260809,portwatch_chokepoints_vintage_20260809_snapshot,data/raw/portwatch/vintages/Daily_Chokepoints_Data__vintage_2026-08-09.csv,0bc806a4c384723debff08053d6fcbb915a03ee9fdf7b23c73d76d9bcb885bcb,sensitivity_only,seasonal_naive_7d,deterministic_daily_point,2026-03-08,0.0,68.0,,,68.0,404.0
portwatch_two_vintage_four_specification_matrix_v1,297908c214a0afab30a377854585cb1788922334c3bba976f8e2a1141c6ed73e,bb050aa041e8fc1c8391b908baeab529aaf2e9944d5f35b07af661349176adce,vintage_20260809,portwatch_chokepoints_vintage_20260809_snapshot,data/raw/portwatch/vintages/Daily_Chokepoints_Data__vintage_2026-08-09.csv,0bc806a4c384723debff08053d6fcbb915a03ee9fdf7b23c73d76d9bcb885bcb,sensitivity_only,seasonal_naive_7d,deterministic_daily_point,2026-03-09,0.0,58.0,,,58.0,462.0
portwatch_two_vintage_four_specification_matrix_v1,297908c214a0afab30a377854585cb1788922334c3bba976f8e2a1141c6ed73e,bb050aa041e8fc1c8391b908baeab529aaf2e9944d5f35b07af661349176adce,vintage_20260809,portwatch_chokepoints_vintage_20260809_snapshot,data/raw/portwatch/vintages/Daily_Chokepoints_Data__vintage_2026-08-09.csv,0bc806a4c384723debff08053d6fcbb915a03ee9fdf7b23c73d76d9bcb885bcb,sensitivity_only,seasonal_naive_7d,deterministic_daily_point,2026-03-10,1.0,20.0,,,19.0,481.0
portwatch_two_vintage_four_specification_matrix_v1,297908c214a0afab30a377854585cb1788922334c3bba976f8e2a1141c6ed73e,bb050aa041e8fc1c8391b908baeab529aaf2e9944d5f35b07af661349176adce,vintage_20260809,portwatch_chokepoints_vintage_20260809_snapshot,data/raw/portwatch/vintages/Daily_Chokepoints_Data__vintage_2026-08-09.csv,0bc806a4c384723debff08053d6fcbb915a03ee9fdf7b23c73d76d9bcb885bcb,sensitivity_only,seasonal_naive_7d,deterministic_daily_point,2026-03-11,0.0,57.0,,,57.0,538.0
portwatch_two_vintage_four_specification_matrix_v1,297908c214a0afab30a377854585cb1788922334c3bba976f8e2a1141c6ed73e,bb050aa041e8fc1c8391b908baeab529aaf2e9944d5f35b07af661349176adce,vintage_20260809,portwatch_chokepoints_vintage_20260809_snapshot,data/raw/portwatch/vintages/Daily_Chokepoints_Data__vintage_2026-08-09.csv,0bc806a4c384723debff08053d6fcbb915a03ee9fdf7b23c73d76d9bcb885bcb,sensitivity_only,seasonal_naive_7d,deterministic_daily_point,2026-03-12,0.0,44.0,,,44.0,582.0
portwatch_two_vintage_four_specification_matrix_v1,297908c214a0afab30a377854585cb1788922334c3bba976f8e2a1141c6ed73e,bb050aa041e8fc1c8391b908baeab529aaf2e9944d5f35b07af661349176adce,vintage_20260809,portwatch_chokepoints_vintage_20260809_snapshot,data/raw/portwatch/vintages/Daily_Chokepoints_Data__vintage_2026-08-09.csv,0bc806a4c384723debff08053d6fcbb915a03ee9fdf7b23c73d76d9bcb885bcb,sensitivity_only,seasonal_naive_7d,deterministic_daily_point,2026-03-13,0.0,30.0,,,30.0,612.0
portwatch_two_vintage_four_specification_matrix_v1,297908c214a0afab30a377854585cb1788922334c3bba976f8e2a1141c6ed73e,bb050aa041e8fc1c8391b908baeab529aaf2e9944d5f35b07af661349176adce,vintage_20260809,portwatch_chokepoints_vintage_20260809_snapshot,data/raw/portwatch/vintages/Daily_Chokepoints_Data__vintage_2026-08-09.csv,0bc806a4c384723debff08053d6fcbb915a03ee9fdf7b23c73d76d9bcb885bcb,sensitivity_only,seasonal_naive_7d,deterministic_daily_point,2026-03-14,0.0,50.0,,,50.0,662.0
portwatch_two_vintage_four_specification_matrix_v1,297908c214a0afab30a377854585cb1788922334c3bba976f8e2a1141c6ed73e,bb050aa041e8fc1c8391b908baeab529aaf2e9944d5f35b07af661349176adce,vintage_20260809,portwatch_chokepoints_vintage_20260809_snapshot,data/raw/portwatch/vintages/Daily_Chokepoints_Data__vintage_2026-08-09.csv,0bc806a4c384723debff08053d6fcbb915a03ee9fdf7b23c73d76d9bcb885bcb,sensitivity_only,seasonal_naive_7d,deterministic_daily_point,2026-03-15,2.0,68.0,,,66.0,728.0
portwatch_two_vintage_four_specification_matrix_v1,297908c214a0afab30a377854585cb1788922334c3bba976f8e2a1141c6ed73e,bb050aa041e8fc1c8391b908baeab529aaf2e9944d5f35b07af661349176adce,vintage_20260809,portwatch_chokepoints_vintage_20260809_snapshot,data/raw/portwatch/vintages/Daily_Chokepoints_Data__vintage_2026-08-09.csv,0bc806a4c384723debff08053d6fcbb915a03ee9fdf7b23c73d76d9bcb885bcb,sensitivity_only,seasonal_naive_7d,deterministic_daily_point,2026-03-16,0.0,58.0,,,58.0,786.0
portwatch_two_vintage_four_specification_matrix_v1,297908c214a0afab30a377854585cb1788922334c3bba976f8e2a1141c6ed73e,bb050aa041e8fc1c8391b908baeab529aaf2e9944d5f35b07af661349176adce,vintage_20260809,portwatch_chokepoints_vintage_20260809_snapshot,data/raw/portwatch/vintages/Daily_Chokepoints_Data__vintage_2026-08-09.csv,0bc806a4c384723debff08053d6fcbb915a03ee9fdf7b23c73d76d9bcb885bcb,sensitivity_only,seasonal_naive_7d,deterministic_daily_point,2026-03-17,1.0,20.0,,,19.0,805.0
portwatch_two_vintage_four_specification_matrix_v1,297908c214a0afab30a377854585cb1788922334c3bba976f8e2a1141c6ed73e,bb050aa041e8fc1c8391b908baeab529aaf2e9944d5f35b07af661349176adce,vintage_20260809,portwatch_chokepoints_vintage_20260809_snapshot,data/raw/portwatch/vintages/Daily_Chokepoints_Data__vintage_2026-08-09.csv,0bc806a4c384723debff08053d6fcbb915a03ee9fdf7b23c73d76d9bcb885bcb,sensitivity_only,seasonal_naive_7d,deterministic_daily_point,2026-03-18,0.0,57.0,,,57.0,862.0
portwatch_two_vintage_four_specification_matrix_v1,297908c214a0afab30a377854585cb1788922334c3bba976f8e2a1141c6ed73e,bb050aa041e8fc1c8391b908baeab529aaf2e9944d5f35b07af661349176adce,vintage_20260809,portwatch_chokepoints_vintage_20260809_snapshot,data/raw/portwatch/vintages/Daily_Chokepoints_Data__vintage_2026-08-09.csv,0bc806a4c384723debff08053d6fcbb915a03ee9fdf7b23c73d76d9bcb885bcb,sensitivity_only,seasonal_naive_7d,deterministic_daily_point,2026-03-19,0.0,44.0,,,44.0,906.0
portwatch_two_vintage_four_specification_matrix_v1,297908c214a0afab30a377854585cb1788922334c3bba976f8e2a1141c6ed73e,bb050aa041e8fc1c8391b908baeab529aaf2e9944d5f35b07af661349176adce,vintage_20260809,portwatch_chokepoints_vintage_20260809_snapshot,data/raw/portwatch/vintages/Daily_Chokepoints_Data__vintage_2026-08-09.csv,0bc806a4c384723debff08053d6fcbb915a03ee9fdf7b23c73d76d9bcb885bcb,sensitivity_only,seasonal_naive_7d,deterministic_daily_point,2026-03-20,2.0,30.0,,,28.0,934.0
portwatch_two_vintage_four_specification_matrix_v1,297908c214a0afab30a377854585cb1788922334c3bba976f8e2a1141c6ed73e,bb050aa041e8fc1c8391b908baeab529aaf2e9944d5f35b07af661349176adce,vintage_20260809,portwatch_chokepoints_vintage_20260809_snapshot,data/raw/portwatch/vintages/Daily_Chokepoints_Data__vintage_2026-08-09.csv,0bc806a4c384723debff08053d6fcbb915a03ee9fdf7b23c73d76d9bcb885bcb,sensitivity_only,seasonal_naive_7d,deterministic_daily_point,2026-03-21,0.0,50.0,,,50.0,984.0
portwatch_two_vintage_four_specification_matrix_v1,297908c214a0afab30a377854585cb1788922334c3bba976f8e2a1141c6ed73e,bb050aa041e8fc1c8391b908baeab529aaf2e9944d5f35b07af661349176adce,vintage_20260809,portwatch_chokepoints_vintage_20260809_snapshot,data/raw/portwatch/vintages/Daily_Chokepoints_Data__vintage_2026-08-09.csv,0bc806a4c384723debff08053d6fcbb915a03ee9fdf7b23c73d76d9bcb885bcb,sensitivity_only,seasonal_naive_7d,deterministic_daily_point,2026-03-22,0.0,68.0,,,68.0,1052.0
portwatch_two_vintage_four_specification_matrix_v1,297908c214a0afab30a377854585cb1788922334c3bba976f8e2a1141c6ed73e,bb050aa041e8fc1c8391b908baeab529aaf2e9944d5f35b07af661349176adce,vintage_20260809,portwatch_chokepoints_vintage_20260809_snapshot,data/raw/portwatch/vintages/Daily_Chokepoints_Data__vintage_2026-08-09.csv,0bc806a4c384723debff08053d6fcbb915a03ee9fdf7b23c73d76d9bcb885bcb,sensitivity_only,seasonal_naive_7d,deterministic_daily_point,2026-03-23,2.0,58.0,,,56.0,1108.0
portwatch_two_vintage_four_specification_matrix_v1,297908c214a0afab30a377854585cb1788922334c3bba976f8e2a1141c6ed73e,bb050aa041e8fc1c8391b908baeab529aaf2e9944d5f35b07af661349176adce,vintage_20260809,portwatch_chokepoints_vintage_20260809_snapshot,data/raw/portwatch/vintages/Daily_Chokepoints_Data__vintage_2026-08-09.csv,0bc806a4c384723debff08053d6fcbb915a03ee9fdf7b23c73d76d9bcb885bcb,sensitivity_only,seasonal_naive_7d,deterministic_daily_point,2026-03-24,1.0,20.0,,,19.0,1127.0
portwatch_two_vintage_four_specification_matrix_v1,297908c214a0afab30a377854585cb1788922334c3bba976f8e2a1141c6ed73e,bb050aa041e8fc1c8391b908baeab529aaf2e9944d5f35b07af661349176adce,vintage_20260809,portwatch_chokepoints_vintage_20260809_snapshot,data/raw/portwatch/vintages/Daily_Chokepoints_Data__vintage_2026-08-09.csv,0bc806a4c384723debff08053d6fcbb915a03ee9fdf7b23c73d76d9bcb885bcb,sensitivity_only,seasonal_naive_7d,deterministic_daily_point,2026-03-25,1.0,57.0,,,56.0,1183.0
portwatch_two_vintage_four_specification_matrix_v1,297908c214a0afab30a377854585cb1788922334c3bba976f8e2a1141c6ed73e,bb050aa041e8fc1c8391b908baeab529aaf2e9944d5f35b07af661349176adce,vintage_20260809,portwatch_chokepoints_vintage_20260809_snapshot,data/raw/portwatch/vintages/Daily_Chokepoints_Data__vintage_2026-08-09.csv,0bc806a4c384723debff08053d6fcbb915a03ee9fdf7b23c73d76d9bcb885bcb,sensitivity_only,seasonal_naive_7d,deterministic_daily_point,2026-03-26,0.0,44.0,,,44.0,1227.0
portwatch_two_vintage_four_specification_matrix_v1,297908c214a0afab30a377854585cb1788922334c3bba976f8e2a1141c6ed73e,bb050aa041e8fc1c8391b908baeab529aaf2e9944d5f35b07af661349176adce,vintage_20260809,portwatch_chokepoints_vintage_20260809_snapshot,data/raw/portwatch/vintages/Daily_Chokepoints_Data__vintage_2026-08-09.csv,0bc806a4c384723debff08053d6fcbb915a03ee9fdf7b23c73d76d9bcb885bcb,sensitivity_only,seasonal_naive_7d,deterministic_daily_point,2026-03-27,0.0,30.0,,,30.0,1257.0
portwatch_two_vintage_four_specification_matrix_v1,297908c214a0afab30a377854585cb1788922334c3bba976f8e2a1141c6ed73e,bb050aa041e8fc1c8391b908baeab529aaf2e9944d5f35b07af661349176adce,vintage_20260809,portwatch_chokepoints_vintage_20260809_snapshot,data/raw/portwatch/vintages/Daily_Chokepoints_Data__vintage_2026-08-09.csv,0bc806a4c384723debff08053d6fcbb915a03ee9fdf7b23c73d76d9bcb885bcb,sensitivity_only,seasonal_naive_7d,deterministic_daily_point,2026-03-28,0.0,50.0,,,50.0,1307.0
portwatch_two_vintage_four_specification_matrix_v1,297908c214a0afab30a377854585cb1788922334c3bba976f8e2a1141c6ed73e,bb050aa041e8fc1c8391b908baeab529aaf2e9944d5f35b07af661349176adce,vintage_20260809,portwatch_chokepoints_vintage_20260809_snapshot,data/raw/portwatch/vintages/Daily_Chokepoints_Data__vintage_2026-08-09.csv,0bc806a4c384723debff08053d6fcbb915a03ee9fdf7b23c73d76d9bcb885bcb,sensitivity_only,seasonal_naive_7d,deterministic_daily_point,2026-03-29,2.0,68.0,,,66.0,1373.0
portwatch_two_vintage_four_specification_matrix_v1,297908c214a0afab30a377854585cb1788922334c3bba976f8e2a1141c6ed73e,bb050aa041e8fc1c8391b908baeab529aaf2e9944d5f35b07af661349176adce,vintage_20260809,portwatch_chokepoints_vintage_20260809_snapshot,data/raw/portwatch/vintages/Daily_Chokepoints_Data__vintage_2026-08-09.csv,0bc806a4c384723debff08053d6fcbb915a03ee9fdf7b23c73d76d9bcb885bcb,sensitivity_only,seasonal_naive_7d,deterministic_daily_point,2026-03-30,3.0,58.0,,,55.0,1428.0
portwatch_two_vintage_four_specification_matrix_v1,297908c214a0afab30a377854585cb1788922334c3bba976f8e2a1141c6ed73e,bb050aa041e8fc1c8391b908baeab529aaf2e9944d5f35b07af661349176adce,vintage_20260809,portwatch_chokepoints_vintage_20260809_snapshot,data/raw/portwatch/vintages/Daily_Chokepoints_Data__vintage_2026-08-09.csv,0bc806a4c384723debff08053d6fcbb915a03ee9fdf7b23c73d76d9bcb885bcb,sensitivity_only,seasonal_naive_7d,deterministic_daily_point,2026-03-31,2.0,20.0,,,18.0,1446.0
portwatch_two_vintage_four_specification_matrix_v1,297908c214a0afab30a377854585cb1788922334c3bba976f8e2a1141c6ed73e,bb050aa041e8fc1c8391b908baeab529aaf2e9944d5f35b07af661349176adce,vintage_20260809,portwatch_chokepoints_vintage_20260809_snapshot,data/raw/portwatch/vintages/Daily_Chokepoints_Data__vintage_2026-08-09.csv,0bc806a4c384723debff08053d6fcbb915a03ee9fdf7b23c73d76d9bcb885bcb,sensitivity_only,seasonal_naive_7d,deterministic_daily_point,2026-04-01,1.0,57.0,,,56.0,1502.0
portwatch_two_vintage_four_specification_matrix_v1,297908c214a0afab30a377854585cb1788922334c3bba976f8e2a1141c6ed73e,bb050aa041e8fc1c8391b908baeab529aaf2e9944d5f35b07af661349176adce,vintage_20260809,portwatch_chokepoints_vintage_20260809_snapshot,data/raw/portwatch/vintages/Daily_Chokepoints_Data__vintage_2026-08-09.csv,0bc806a4c384723debff08053d6fcbb915a03ee9fdf7b23c73d76d9bcb885bcb,sensitivity_only,seasonal_naive_7d,deterministic_daily_point,2026-04-02,0.0,44.0,,,44.0,1546.0
portwatch_two_vintage_four_specification_matrix_v1,297908c214a0afab30a377854585cb1788922334c3bba976f8e2a1141c6ed73e,bb050aa041e8fc1c8391b908baeab529aaf2e9944d5f35b07af661349176adce,vintage_20260809,portwatch_chokepoints_vintage_20260809_snapshot,data/raw/portwatch/vintages/Daily_Chokepoints_Data__vintage_2026-08-09.csv,0bc806a4c384723debff08053d6fcbb915a03ee9fdf7b23c73d76d9bcb885bcb,sensitivity_only,seasonal_naive_7d,deterministic_daily_point,2026-04-03,2.0,30.0,,,28.0,1574.0
portwatch_two_vintage_four_specification_matrix_v1,297908c214a0afab30a377854585cb1788922334c3bba976f8e2a1141c6ed73e,bb050aa041e8fc1c8391b908baeab529aaf2e9944d5f35b07af661349176adce,vintage_20260809,portwatch_chokepoints_vintage_20260809_snapshot,data/raw/portwatch/vintages/Daily_Chokepoints_Data__vintage_2026-08-09.csv,0bc806a4c384723debff08053d6fcbb915a03ee9fdf7b23c73d76d9bcb885bcb,sensitivity_only,seasonal_naive_7d,deterministic_daily_point,2026-04-04,3.0,50.0,,,47.0,1621.0
portwatch_two_vintage_four_specification_matrix_v1,297908c214a0afab30a377854585cb1788922334c3bba976f8e2a1141c6ed73e,bb050aa041e8fc1c8391b908baeab529aaf2e9944d5f35b07af661349176adce,vintage_20260809,portwatch_chokepoints_vintage_20260809_snapshot,data/raw/portwatch/vintages/Daily_Chokepoints_Data__vintage_2026-08-09.csv,0bc806a4c384723debff08053d6fcbb915a03ee9fdf7b23c73d76d9bcb885bcb,sensitivity_only,seasonal_naive_7d,deterministic_daily_point,2026-04-05,4.0,68.0,,,64.0,1685.0
portwatch_two_vintage_four_specification_matrix_v1,297908c214a0afab30a377854585cb1788922334c3bba976f8e2a1141c6ed73e,bb050aa041e8fc1c8391b908baeab529aaf2e9944d5f35b07af661349176adce,vintage_20260809,portwatch_chokepoints_vintage_20260809_snapshot,data/raw/portwatch/vintages/Daily_Chokepoints_Data__vintage_2026-08-09.csv,0bc806a4c384723debff08053d6fcbb915a03ee9fdf7b23c73d76d9bcb885bcb,sensitivity_only,seasonal_naive_7d,deterministic_daily_point,2026-04-06,0.0,58.0,,,58.0,1743.0
portwatch_two_vintage_four_specification_matrix_v1,297908c214a0afab30a377854585cb1788922334c3bba976f8e2a1141c6ed73e,bb050aa041e8fc1c8391b908baeab529aaf2e9944d5f35b07af661349176adce,vintage_20260809,portwatch_chokepoints_vintage_20260809_snapshot,data/raw/portwatch/vintages/Daily_Chokepoints_Data__vintage_2026-08-09.csv,0bc806a4c384723debff08053d6fcbb915a03ee9fdf7b23c73d76d9bcb885bcb,sensitivity_only,seasonal_naive_7d,deterministic_daily_point,2026-04-07,2.0,20.0,,,18.0,1761.0
portwatch_two_vintage_four_specification_matrix_v1,297908c214a0afab30a377854585cb1788922334c3bba976f8e2a1141c6ed73e,bb050aa041e8fc1c8391b908baeab529aaf2e9944d5f35b07af661349176adce,vintage_20260809,portwatch_chokepoints_vintage_20260809_snapshot,data/raw/portwatch/vintages/Daily_Chokepoints_Data__vintage_2026-08-09.csv,0bc806a4c384723debff08053d6fcbb915a03ee9fdf7b23c73d76d9bcb885bcb,sensitivity_only,seasonal_naive_7d,deterministic_daily_point,2026-04-08,0.0,57.0,,,57.0,1818.0
portwatch_two_vintage_four_specification_matrix_v1,297908c214a0afab30a377854585cb1788922334c3bba976f8e2a1141c6ed73e,bb050aa041e8fc1c8391b908baeab529aaf2e9944d5f35b07af661349176adce,vintage_20260809,portwatch_chokepoints_vintage_20260809_snapshot,data/raw/portwatch/vintages/Daily_Chokepoints_Data__vintage_2026-08-09.csv,0bc806a4c384723debff08053d6fcbb915a03ee9fdf7b23c73d76d9bcb885bcb,sensitivity_only,seasonal_naive_7d,deterministic_daily_point,2026-04-09,5.0,44.0,,,39.0,1857.0
portwatch_two_vintage_four_specification_matrix_v1,297908c214a0afab30a377854585cb1788922334c3bba976f8e2a1141c6ed73e,bb050aa041e8fc1c8391b908baeab529aaf2e9944d5f35b07af661349176adce,vintage_20260809,portwatch_chokepoints_vintage_20260809_snapshot,data/raw/portwatch/vintages/Daily_Chokepoints_Data__vintage_2026-08-09.csv,0bc806a4c384723debff08053d6fcbb915a03ee9fdf7b23c73d76d9bcb885bcb,sensitivity_only,seasonal_naive_7d,deterministic_daily_point,2026-04-10,0.0,30.0,,,30.0,1887.0
portwatch_two_vintage_four_specification_matrix_v1,297908c214a0afab30a377854585cb1788922334c3bba976f8e2a1141c6ed73e,bb050aa041e8fc1c8391b908baeab529aaf2e9944d5f35b07af661349176adce,vintage_20260809,portwatch_chokepoints_vintage_20260809_snapshot,data/raw/portwatch/vintages/Daily_Chokepoints_Data__vintage_2026-08-09.csv,0bc806a4c384723debff08053d6fcbb915a03ee9fdf7b23c73d76d9bcb885bcb,sensitivity_only,seasonal_naive_7d,deterministic_daily_point,2026-04-11,3.0,50.0,,,47.0,1934.0
portwatch_two_vintage_four_specification_matrix_v1,297908c214a0afab30a377854585cb1788922334c3bba976f8e2a1141c6ed73e,bb050aa041e8fc1c8391b908baeab529aaf2e9944d5f35b07af661349176adce,vintage_20260809,portwatch_chokepoints_vintage_20260809_snapshot,data/raw/portwatch/vintages/Daily_Chokepoints_Data__vintage_2026-08-09.csv,0bc806a4c384723debff08053d6fcbb915a03ee9fdf7b23c73d76d9bcb885bcb,sensitivity_only,seasonal_naive_7d,deterministic_daily_point,2026-04-12,3.0,68.0,,,65.0,1999.0
portwatch_two_vintage_four_specification_matrix_v1,297908c214a0afab30a377854585cb1788922334c3bba976f8e2a1141c6ed73e,bb050aa041e8fc1c8391b908baeab529aaf2e9944d5f35b07af661349176adce,vintage_20260809,portwatch_chokepoints_vintage_20260809_snapshot,data/raw/portwatch/vintages/Daily_Chokepoints_Data__vintage_2026-08-09.csv,0bc806a4c384723debff08053d6fcbb915a03ee9fdf7b23c73d76d9bcb885bcb,sensitivity_only,seasonal_naive_7d,deterministic_daily_point,2026-04-13,3.0,58.0,,,55.0,2054.0
portwatch_two_vintage_four_specification_matrix_v1,297908c214a0afab30a377854585cb1788922334c3bba976f8e2a1141c6ed73e,bb050aa041e8fc1c8391b908baeab529aaf2e9944d5f35b07af661349176adce,vintage_20260809,portwatch_chokepoints_vintage_20260809_snapshot,data/raw/portwatch/vintages/Daily_Chokepoints_Data__vintage_2026-08-09.csv,0bc806a4c384723debff08053d6fcbb915a03ee9fdf7b23c73d76d9bcb885bcb,sensitivity_only,seasonal_naive_7d,deterministic_daily_point,2026-04-14,2.0,20.0,,,18.0,2072.0
portwatch_two_vintage_four_specification_matrix_v1,297908c214a0afab30a377854585cb1788922334c3bba976f8e2a1141c6ed73e,bb050aa041e8fc1c8391b908baeab529aaf2e9944d5f35b07af661349176adce,vintage_20260809,portwatch_chokepoints_vintage_20260809_snapshot,data/raw/portwatch/vintages/Daily_Chokepoints_Data__vintage_2026-08-09.csv,0bc806a4c384723debff08053d6fcbb915a03ee9fdf7b23c73d76d9bcb885bcb,sensitivity_only,seasonal_naive_7d,deterministic_daily_point,2026-04-15,4.0,57.0,,,53.0,2125.0
portwatch_two_vintage_four_specification_matrix_v1,297908c214a0afab30a377854585cb1788922334c3bba976f8e2a1141c6ed73e,bb050aa041e8fc1c8391b908baeab529aaf2e9944d5f35b07af661349176adce,vintage_20260809,portwatch_chokepoints_vintage_20260809_snapshot,data/raw/portwatch/vintages/Daily_Chokepoints_Data__vintage_2026-08-09.csv,0bc806a4c384723debff08053d6fcbb915a03ee9fdf7b23c73d76d9bcb885bcb,sensitivity_only,seasonal_naive_7d,deterministic_daily_point,2026-04-16,1.0,44.0,,,43.0,2168.0
portwatch_two_vintage_four_specification_matrix_v1,297908c214a0afab30a377854585cb1788922334c3bba976f8e2a1141c6ed73e,bb050aa041e8fc1c8391b908baeab529aaf2e9944d5f35b07af661349176adce,vintage_20260809,portwatch_chokepoints_vintage_20260809_snapshot,data/raw/portwatch/vintages/Daily_Chokepoints_Data__vintage_2026-08-09.csv,0bc806a4c384723debff08053d6fcbb915a03ee9fdf7b23c73d76d9bcb885bcb,sensitivity_only,seasonal_naive_7d,deterministic_daily_point,2026-04-17,3.0,30.0,,,27.0,2195.0
portwatch_two_vintage_four_specification_matrix_v1,297908c214a0afab30a377854585cb1788922334c3bba976f8e2a1141c6ed73e,bb050aa041e8fc1c8391b908baeab529aaf2e9944d5f35b07af661349176adce,vintage_20260809,portwatch_chokepoints_vintage_20260809_snapshot,data/raw/portwatch/vintages/Daily_Chokepoints_Data__vintage_2026-08-09.csv,0bc806a4c384723debff08053d6fcbb915a03ee9fdf7b23c73d76d9bcb885bcb,sensitivity_only,seasonal_naive_7d,deterministic_daily_point,2026-04-18,12.0,50.0,,,38.0,2233.0
portwatch_two_vintage_four_specification_matrix_v1,297908c214a0afab30a377854585cb1788922334c3bba976f8e2a1141c6ed73e,bb050aa041e8fc1c8391b908baeab529aaf2e9944d5f35b07af661349176adce,vintage_20260809,portwatch_chokepoints_vintage_20260809_snapshot,data/raw/portwatch/vintages/Daily_Chokepoints_Data__vintage_2026-08-09.csv,0bc806a4c384723debff08053d6fcbb915a03ee9fdf7b23c73d76d9bcb885bcb,sensitivity_only,seasonal_naive_7d,deterministic_daily_point,2026-04-19,1.0,68.0,,,67.0,2300.0
portwatch_two_vintage_four_specification_matrix_v1,297908c214a0afab30a377854585cb1788922334c3bba976f8e2a1141c6ed73e,bb050aa041e8fc1c8391b908baeab529aaf2e9944d5f35b07af661349176adce,vintage_20260809,portwatch_chokepoints_vintage_20260809_snapshot,data/raw/portwatch/vintages/Daily_Chokepoints_Data__vintage_2026-08-09.csv,0bc806a4c384723debff08053d6fcbb915a03ee9fdf7b23c73d76d9bcb885bcb,sensitivity_only,seasonal_naive_7d,deterministic_daily_point,2026-04-20,2.0,58.0,,,56.0,2356.0
portwatch_two_vintage_four_specification_matrix_v1,297908c214a0afab30a377854585cb1788922334c3bba976f8e2a1141c6ed73e,bb050aa041e8fc1c8391b908baeab529aaf2e9944d5f35b07af661349176adce,vintage_20260809,portwatch_chokepoints_vintage_20260809_snapshot,data/raw/portwatch/vintages/Daily_Chokepoints_Data__vintage_2026-08-09.csv,0bc806a4c384723debff08053d6fcbb915a03ee9fdf7b23c73d76d9bcb885bcb,sensitivity_only,seasonal_naive_7d,deterministic_daily_point,2026-04-21,2.0,20.0,,,18.0,2374.0
portwatch_two_vintage_four_specification_matrix_v1,297908c214a0afab30a377854585cb1788922334c3bba976f8e2a1141c6ed73e,bb050aa041e8fc1c8391b908baeab529aaf2e9944d5f35b07af661349176adce,vintage_20260809,portwatch_chokepoints_vintage_20260809_snapshot,data/raw/portwatch/vintages/Daily_Chokepoints_Data__vintage_2026-08-09.csv,0bc806a4c384723debff08053d6fcbb915a03ee9fdf7b23c73d76d9bcb885bcb,sensitivity_only,seasonal_naive_7d,deterministic_daily_point,2026-04-22,2.0,57.0,,,55.0,2429.0
portwatch_two_vintage_four_specification_matrix_v1,297908c214a0afab30a377854585cb1788922334c3bba976f8e2a1141c6ed73e,bb050aa041e8fc1c8391b908baeab529aaf2e9944d5f35b07af661349176adce,vintage_20260809,portwatch_chokepoints_vintage_20260809_snapshot,data/raw/portwatch/vintages/Daily_Chokepoints_Data__vintage_2026-08-09.csv,0bc806a4c384723debff08053d6fcbb915a03ee9fdf7b23c73d76d9bcb885bcb,sensitivity_only,seasonal_naive_7d,deterministic_daily_point,2026-04-23,0.0,44.0,,,44.0,2473.0
portwatch_two_vintage_four_specification_matrix_v1,297908c214a0afab30a377854585cb1788922334c3bba976f8e2a1141c6ed73e,bb050aa041e8fc1c8391b908baeab529aaf2e9944d5f35b07af661349176adce,vintage_20260809,portwatch_chokepoints_vintage_20260809_snapshot,data/raw/portwatch/vintages/Daily_Chokepoints_Data__vintage_2026-08-09.csv,0bc806a4c384723debff08053d6fcbb915a03ee9fdf7b23c73d76d9bcb885bcb,sensitivity_only,seasonal_naive_7d,deterministic_daily_point,2026-04-24,2.0,30.0,,,28.0,2501.0
portwatch_two_vintage_four_specification_matrix_v1,297908c214a0afab30a377854585cb1788922334c3bba976f8e2a1141c6ed73e,bb050aa041e8fc1c8391b908baeab529aaf2e9944d5f35b07af661349176adce,vintage_20260809,portwatch_chokepoints_vintage_20260809_snapshot,data/raw/portwatch/vintages/Daily_Chokepoints_Data__vintage_2026-08-09.csv,0bc806a4c384723debff08053d6fcbb915a03ee9fdf7b23c73d76d9bcb885bcb,sensitivity_only,seasonal_naive_7d,deterministic_daily_point,2026-04-25,1.0,50.0,,,49.0,2550.0
portwatch_two_vintage_four_specification_matrix_v1,297908c214a0afab30a377854585cb1788922334c3bba976f8e2a1141c6ed73e,bb050aa041e8fc1c8391b908baeab529aaf2e9944d5f35b07af661349176adce,vintage_20260809,portwatch_chokepoints_vintage_20260809_snapshot,data/raw/portwatch/vintages/Daily_Chokepoints_Data__vintage_2026-08-09.csv,0bc806a4c384723debff08053d6fcbb915a03ee9fdf7b23c73d76d9bcb885bcb,sensitivity_only,seasonal_naive_7d,deterministic_daily_point,2026-04-26,1.0,68.0,,,67.0,2617.0
portwatch_two_vintage_four_specification_matrix_v1,297908c214a0afab30a377854585cb1788922334c3bba976f8e2a1141c6ed73e,bb050aa041e8fc1c8391b908baeab529aaf2e9944d5f35b07af661349176adce,vintage_20260809,portwatch_chokepoints_vintage_20260809_snapshot,data/raw/portwatch/vintages/Daily_Chokepoints_Data__vintage_2026-08-09.csv,0bc806a4c384723debff08053d6fcbb915a03ee9fdf7b23c73d76d9bcb885bcb,sensitivity_only,seasonal_naive_7d,deterministic_daily_point,2026-04-27,0.0,58.0,,,58.0,2675.0
portwatch_two_vintage_four_specification_matrix_v1,297908c214a0afab30a377854585cb1788922334c3bba976f8e2a1141c6ed73e,bb050aa041e8fc1c8391b908baeab529aaf2e9944d5f35b07af661349176adce,vintage_20260809,portwatch_chokepoints_vintage_20260809_snapshot,data/raw/portwatch/vintages/Daily_Chokepoints_Data__vintage_2026-08-09.csv,0bc806a4c384723debff08053d6fcbb915a03ee9fdf7b23c73d76d9bcb885bcb,sensitivity_only,seasonal_naive_7d,deterministic_daily_point,2026-04-28,2.0,20.0,,,18.0,2693.0
portwatch_two_vintage_four_specification_matrix_v1,297908c214a0afab30a377854585cb1788922334c3bba976f8e2a1141c6ed73e,bb050aa041e8fc1c8391b908baeab529aaf2e9944d5f35b07af661349176adce,vintage_20260809,portwatch_chokepoints_vintage_20260809_snapshot,data/raw/portwatch/vintages/Daily_Chokepoints_Data__vintage_2026-08-09.csv,0bc806a4c384723debff08053d6fcbb915a03ee9fdf7b23c73d76d9bcb885bcb,sensitivity_only,seasonal_naive_7d,deterministic_daily_point,2026-04-29,3.0,57.0,,,54.0,2747.0
portwatch_two_vintage_four_specification_matrix_v1,297908c214a0afab30a377854585cb1788922334c3bba976f8e2a1141c6ed73e,bb050aa041e8fc1c8391b908baeab529aaf2e9944d5f35b07af661349176adce,vintage_20260809,portwatch_chokepoints_vintage_20260809_snapshot,data/raw/portwatch/vintages/Daily_Chokepoints_Data__vintage_2026-08-09.csv,0bc806a4c384723debff08053d6fcbb915a03ee9fdf7b23c73d76d9bcb885bcb,sensitivity_only,seasonal_naive_7d,deterministic_daily_point,2026-04-30,4.0,44.0,,,40.0,2787.0
portwatch_two_vintage_four_specification_matrix_v1,297908c214a0afab30a377854585cb1788922334c3bba976f8e2a1141c6ed73e,bb050aa041e8fc1c8391b908baeab529aaf2e9944d5f35b07af661349176adce,vintage_20260809,portwatch_chokepoints_vintage_20260809_snapshot,data/raw/portwatch/vintages/Daily_Chokepoints_Data__vintage_2026-08-09.csv,0bc806a4c384723debff08053d6fcbb915a03ee9fdf7b23c73d76d9bcb885bcb,sensitivity_only,seasonal_naive_7d,deterministic_daily_point,2026-05-01,2.0,30.0,,,28.0,2815.0
portwatch_two_vintage_four_specification_matrix_v1,297908c214a0afab30a377854585cb1788922334c3bba976f8e2a1141c6ed73e,bb050aa041e8fc1c8391b908baeab529aaf2e9944d5f35b07af661349176adce,vintage_20260809,portwatch_chokepoints_vintage_20260809_snapshot,data/raw/portwatch/vintages/Daily_Chokepoints_Data__vintage_2026-08-09.csv,0bc806a4c384723debff08053d6fcbb915a03ee9fdf7b23c73d76d9bcb885bcb,sensitivity_only,seasonal_naive_7d,deterministic_daily_point,2026-05-02,4.0,50.0,,,46.0,2861.0
portwatch_two_vintage_four_specification_matrix_v1,297908c214a0afab30a377854585cb1788922334c3bba976f8e2a1141c6ed73e,bb050aa041e8fc1c8391b908baeab529aaf2e9944d5f35b07af661349176adce,vintage_20260809,portwatch_chokepoints_vintage_20260809_snapshot,data/raw/portwatch/vintages/Daily_Chokepoints_Data__vintage_2026-08-09.csv,0bc806a4c384723debff08053d6fcbb915a03ee9fdf7b23c73d76d9bcb885bcb,sensitivity_only,seasonal_naive_7d,deterministic_daily_point,2026-05-03,1.0,68.0,,,67.0,2928.0
portwatch_two_vintage_four_specification_matrix_v1,297908c214a0afab30a377854585cb1788922334c3bba976f8e2a1141c6ed73e,bb050aa041e8fc1c8391b908baeab529aaf2e9944d5f35b07af661349176adce,vintage_20260809,portwatch_chokepoints_vintage_20260809_snapshot,data/raw/portwatch/vintages/Daily_Chokepoints_Data__vintage_2026-08-09.csv,0bc806a4c384723debff08053d6fcbb915a03ee9fdf7b23c73d76d9bcb885bcb,sensitivity_only,seasonal_naive_7d,deterministic_daily_point,2026-05-04,0.0,58.0,,,58.0,2986.0
portwatch_two_vintage_four_specification_matrix_v1,297908c214a0afab30a377854585cb1788922334c3bba976f8e2a1141c6ed73e,bb050aa041e8fc1c8391b908baeab529aaf2e9944d5f35b07af661349176adce,vintage_20260809,portwatch_chokepoints_vintage_20260809_snapshot,data/raw/portwatch/vintages/Daily_Chokepoints_Data__vintage_2026-08-09.csv,0bc806a4c384723debff08053d6fcbb915a03ee9fdf7b23c73d76d9bcb885bcb,sensitivity_only,seasonal_naive_7d,deterministic_daily_point,2026-05-05,0.0,20.0,,,20.0,3006.0
portwatch_two_vintage_four_specification_matrix_v1,297908c214a0afab30a377854585cb1788922334c3bba976f8e2a1141c6ed73e,bb050aa041e8fc1c8391b908baeab529aaf2e9944d5f35b07af661349176adce,vintage_20260809,portwatch_chokepoints_vintage_20260809_snapshot,data/raw/portwatch/vintages/Daily_Chokepoints_Data__vintage_2026-08-09.csv,0bc806a4c384723debff08053d6fcbb915a03ee9fdf7b23c73d76d9bcb885bcb,sensitivity_only,seasonal_naive_7d,deterministic_daily_point,2026-05-06,0.0,57.0,,,57.0,3063.0
portwatch_two_vintage_four_specification_matrix_v1,297908c214a0afab30a377854585cb1788922334c3bba976f8e2a1141c6ed73e,bb050aa041e8fc1c8391b908baeab529aaf2e9944d5f35b07af661349176adce,vintage_20260809,portwatch_chokepoints_vintage_20260809_snapshot,data/raw/portwatch/vintages/Daily_Chokepoints_Data__vintage_2026-08-09.csv,0bc806a4c384723debff08053d6fcbb915a03ee9fdf7b23c73d76d9bcb885bcb,sensitivity_only,seasonal_naive_7d,deterministic_daily_point,2026-05-07,0.0,44.0,,,44.0,3107.0
portwatch_two_vintage_four_specification_matrix_v1,297908c214a0afab30a377854585cb1788922334c3bba976f8e2a1141c6ed73e,bb050aa041e8fc1c8391b908baeab529aaf2e9944d5f35b07af661349176adce,vintage_20260809,portwatch_chokepoints_vintage_20260809_snapshot,data/raw/portwatch/vintages/Daily_Chokepoints_Data__vintage_2026-08-09.csv,0bc806a4c384723debff08053d6fcbb915a03ee9fdf7b23c73d76d9bcb885bcb,sensitivity_only,seasonal_naive_7d,deterministic_daily_point,2026-05-08,0.0,30.0,,,30.0,3137.0
portwatch_two_vintage_four_specification_matrix_v1,297908c214a0afab30a377854585cb1788922334c3bba976f8e2a1141c6ed73e,bb050aa041e8fc1c8391b908baeab529aaf2e9944d5f35b07af661349176adce,vintage_20260809,portwatch_chokepoints_vintage_20260809_snapshot,data/raw/portwatch/vintages/Daily_Chokepoints_Data__vintage_2026-08-09.csv,0bc806a4c384723debff08053d6fcbb915a03ee9fdf7b23c73d76d9bcb885bcb,sensitivity_only,seasonal_naive_7d,deterministic_daily_point,2026-05-09,1.0,50.0,,,49.0,3186.0
portwatch_two_vintage_four_specification_matrix_v1,297908c214a0afab30a377854585cb1788922334c3bba976f8e2a1141c6ed73e,bb050aa041e8fc1c8391b908baeab529aaf2e9944d5f35b07af661349176adce,vintage_20260809,portwatch_chokepoints_vintage_20260809_snapshot,data/raw/portwatch/vintages/Daily_Chokepoints_Data__vintage_2026-08-09.csv,0bc806a4c384723debff08053d6fcbb915a03ee9fdf7b23c73d76d9bcb885bcb,sensitivity_only,seasonal_naive_7d,deterministic_daily_point,2026-05-10,2.0,68.0,,,66.0,3252.0
portwatch_two_vintage_four_specification_matrix_v1,297908c214a0afab30a377854585cb1788922334c3bba976f8e2a1141c6ed73e,bb050aa041e8fc1c8391b908baeab529aaf2e9944d5f35b07af661349176adce,vintage_20260809,portwatch_chokepoints_vintage_20260809_snapshot,data/raw/portwatch/vintages/Daily_Chokepoints_Data__vintage_2026-08-09.csv,0bc806a4c384723debff08053d6fcbb915a03ee9fdf7b23c73d76d9bcb885bcb,sensitivity_only,seasonal_naive_7d,deterministic_daily_point,2026-05-11,4.0,58.0,,,54.0,3306.0
portwatch_two_vintage_four_specification_matrix_v1,297908c214a0afab30a377854585cb1788922334c3bba976f8e2a1141c6ed73e,bb050aa041e8fc1c8391b908baeab529aaf2e9944d5f35b07af661349176adce,vintage_20260809,portwatch_chokepoints_vintage_20260809_snapshot,data/raw/portwatch/vintages/Daily_Chokepoints_Data__vintage_2026-08-09.csv,0bc806a4c384723debff08053d6fcbb915a03ee9fdf7b23c73d76d9bcb885bcb,sensitivity_only,seasonal_naive_7d,deterministic_daily_point,2026-05-12,1.0,20.0,,,19.0,3325.0
portwatch_two_vintage_four_specification_matrix_v1,297908c214a0afab30a377854585cb1788922334c3bba976f8e2a1141c6ed73e,bb050aa041e8fc1c8391b908baeab529aaf2e9944d5f35b07af661349176adce,vintage_20260809,portwatch_chokepoints_vintage_20260809_snapshot,data/raw/portwatch/vintages/Daily_Chokepoints_Data__vintage_2026-08-09.csv,0bc806a4c384723debff08053d6fcbb915a03ee9fdf7b23c73d76d9bcb885bcb,sensitivity_only,seasonal_naive_7d,deterministic_daily_point,2026-05-13,2.0,57.0,,,55.0,3380.0
portwatch_two_vintage_four_specification_matrix_v1,297908c214a0afab30a377854585cb1788922334c3bba976f8e2a1141c6ed73e,bb050aa041e8fc1c8391b908baeab529aaf2e9944d5f35b07af661349176adce,vintage_20260809,portwatch_chokepoints_vintage_20260809_snapshot,data/raw/portwatch/vintages/Daily_Chokepoints_Data__vintage_2026-08-09.csv,0bc806a4c384723debff08053d6fcbb915a03ee9fdf7b23c73d76d9bcb885bcb,sensitivity_only,seasonal_naive_7d,deterministic_daily_point,2026-05-14,3.0,44.0,,,41.0,3421.0
portwatch_two_vintage_four_specification_matrix_v1,297908c214a0afab30a377854585cb1788922334c3bba976f8e2a1141c6ed73e,bb050aa041e8fc1c8391b908baeab529aaf2e9944d5f35b07af661349176adce,vintage_20260809,portwatch_chokepoints_vintage_20260809_snapshot,data/raw/portwatch/vintages/Daily_Chokepoints_Data__vintage_2026-08-09.csv,0bc806a4c384723debff08053d6fcbb915a03ee9fdf7b23c73d76d9bcb885bcb,sensitivity_only,seasonal_naive_7d,deterministic_daily_point,2026-05-15,2.0,30.0,,,28.0,3449.0
portwatch_two_vintage_four_specification_matrix_v1,297908c214a0afab30a377854585cb1788922334c3bba976f8e2a1141c6ed73e,bb050aa041e8fc1c8391b908baeab529aaf2e9944d5f35b07af661349176adce,vintage_20260809,portwatch_chokepoints_vintage_20260809_snapshot,data/raw/portwatch/vintages/Daily_Chokepoints_Data__vintage_2026-08-09.csv,0bc806a4c384723debff08053d6fcbb915a03ee9fdf7b23c73d76d9bcb885bcb,sensitivity_only,seasonal_naive_7d,deterministic_daily_point,2026-05-16,1.0,50.0,,,49.0,3498.0
portwatch_two_vintage_four_specification_matrix_v1,297908c214a0afab30a377854585cb1788922334c3bba976f8e2a1141c6ed73e,bb050aa041e8fc1c8391b908baeab529aaf2e9944d5f35b07af661349176adce,vintage_20260809,portwatch_chokepoints_vintage_20260809_snapshot,data/raw/portwatch/vintages/Daily_Chokepoints_Data__vintage_2026-08-09.csv,0bc806a4c384723debff08053d6fcbb915a03ee9fdf7b23c73d76d9bcb885bcb,sensitivity_only,seasonal_naive_7d,deterministic_daily_point,2026-05-17,1.0,68.0,,,67.0,3565.0
portwatch_two_vintage_four_specification_matrix_v1,297908c214a0afab30a377854585cb1788922334c3bba976f8e2a1141c6ed73e,bb050aa041e8fc1c8391b908baeab529aaf2e9944d5f35b07af661349176adce,vintage_20260809,portwatch_chokepoints_vintage_20260809_snapshot,data/raw/portwatch/vintages/Daily_Chokepoints_Data__vintage_2026-08-09.csv,0bc806a4c384723debff08053d6fcbb915a03ee9fdf7b23c73d76d9bcb885bcb,sensitivity_only,seasonal_naive_7d,deterministic_daily_point,2026-05-18,1.0,58.0,,,57.0,3622.0
portwatch_two_vintage_four_specification_matrix_v1,297908c214a0afab30a377854585cb1788922334c3bba976f8e2a1141c6ed73e,bb050aa041e8fc1c8391b908baeab529aaf2e9944d5f35b07af661349176adce,vintage_20260809,portwatch_chokepoints_vintage_20260809_snapshot,data/raw/portwatch/vintages/Daily_Chokepoints_Data__vintage_2026-08-09.csv,0bc806a4c384723debff08053d6fcbb915a03ee9fdf7b23c73d76d9bcb885bcb,sensitivity_only,seasonal_naive_7d,deterministic_daily_point,2026-05-19,3.0,20.0,,,17.0,3639.0
portwatch_two_vintage_four_specification_matrix_v1,297908c214a0afab30a377854585cb1788922334c3bba976f8e2a1141c6ed73e,bb050aa041e8fc1c8391b908baeab529aaf2e9944d5f35b07af661349176adce,vintage_20260809,portwatch_chokepoints_vintage_20260809_snapshot,data/raw/portwatch/vintages/Daily_Chokepoints_Data__vintage_2026-08-09.csv,0bc806a4c384723debff08053d6fcbb915a03ee9fdf7b23c73d76d9bcb885bcb,sensitivity_only,seasonal_naive_7d,deterministic_daily_point,2026-05-20,3.0,57.0,,,54.0,3693.0
portwatch_two_vintage_four_specification_matrix_v1,297908c214a0afab30a377854585cb1788922334c3bba976f8e2a1141c6ed73e,bb050aa041e8fc1c8391b908baeab529aaf2e9944d5f35b07af661349176adce,vintage_20260809,portwatch_chokepoints_vintage_20260809_snapshot,data/raw/portwatch/vintages/Daily_Chokepoints_Data__vintage_2026-08-09.csv,0bc806a4c384723debff08053d6fcbb915a03ee9fdf7b23c73d76d9bcb885bcb,sensitivity_only,seasonal_naive_7d,deterministic_daily_point,2026-05-21,2.0,44.0,,,42.0,3735.0
portwatch_two_vintage_four_specification_matrix_v1,297908c214a0afab30a377854585cb1788922334c3bba976f8e2a1141c6ed73e,bb050aa041e8fc1c8391b908baeab529aaf2e9944d5f35b07af661349176adce,vintage_20260809,portwatch_chokepoints_vintage_20260809_snapshot,data/raw/portwatch/vintages/Daily_Chokepoints_Data__vintage_2026-08-09.csv,0bc806a4c384723debff08053d6fcbb915a03ee9fdf7b23c73d76d9bcb885bcb,sensitivity_only,seasonal_naive_7d,deterministic_daily_point,2026-05-22,0.0,30.0,,,30.0,3765.0
portwatch_two_vintage_four_specification_matrix_v1,297908c214a0afab30a377854585cb1788922334c3bba976f8e2a1141c6ed73e,bb050aa041e8fc1c8391b908baeab529aaf2e9944d5f35b07af661349176adce,vintage_20260809,portwatch_chokepoints_vintage_20260809_snapshot,data/raw/portwatch/vintages/Daily_Chokepoints_Data__vintage_2026-08-09.csv,0bc806a4c384723debff08053d6fcbb915a03ee9fdf7b23c73d76d9bcb885bcb,sensitivity_only,seasonal_naive_7d,deterministic_daily_point,2026-05-23,1.0,50.0,,,49.0,3814.0
portwatch_two_vintage_four_specification_matrix_v1,297908c214a0afab30a377854585cb1788922334c3bba976f8e2a1141c6ed73e,bb050aa041e8fc1c8391b908baeab529aaf2e9944d5f35b07af661349176adce,vintage_20260809,portwatch_chokepoints_vintage_20260809_snapshot,data/raw/portwatch/vintages/Daily_Chokepoints_Data__vintage_2026-08-09.csv,0bc806a4c384723debff08053d6fcbb915a03ee9fdf7b23c73d76d9bcb885bcb,sensitivity_only,seasonal_naive_7d,deterministic_daily_point,2026-05-24,2.0,68.0,,,66.0,3880.0
portwatch_two_vintage_four_specification_matrix_v1,297908c214a0afab30a377854585cb1788922334c3bba976f8e2a1141c6ed73e,bb050aa041e8fc1c8391b908baeab529aaf2e9944d5f35b07af661349176adce,vintage_20260809,portwatch_chokepoints_vintage_20260809_snapshot,data/raw/portwatch/vintages/Daily_Chokepoints_Data__vintage_2026-08-09.csv,0bc806a4c384723debff08053d6fcbb915a03ee9fdf7b23c73d76d9bcb885bcb,sensitivity_only,seasonal_naive_7d,deterministic_daily_point,2026-05-25,0.0,58.0,,,58.0,3938.0
portwatch_two_vintage_four_specification_matrix_v1,297908c214a0afab30a377854585cb1788922334c3bba976f8e2a1141c6ed73e,bb050aa041e8fc1c8391b908baeab529aaf2e9944d5f35b07af661349176adce,vintage_20260809,portwatch_chokepoints_vintage_20260809_snapshot,data/raw/portwatch/vintages/Daily_Chokepoints_Data__vintage_2026-08-09.csv,0bc806a4c384723debff08053d6fcbb915a03ee9fdf7b23c73d76d9bcb885bcb,sensitivity_only,seasonal_naive_7d,deterministic_daily_point,2026-05-26,2.0,20.0,,,18.0,3956.0
portwatch_two_vintage_four_specification_matrix_v1,297908c214a0afab30a377854585cb1788922334c3bba976f8e2a1141c6ed73e,bb050aa041e8fc1c8391b908baeab529aaf2e9944d5f35b07af661349176adce,vintage_20260809,portwatch_chokepoints_vintage_20260809_snapshot,data/raw/portwatch/vintages/Daily_Chokepoints_Data__vintage_2026-08-09.csv,0bc806a4c384723debff08053d6fcbb915a03ee9fdf7b23c73d76d9bcb885bcb,sensitivity_only,seasonal_naive_7d,deterministic_daily_point,2026-05-27,1.0,57.0,,,56.0,4012.0
portwatch_two_vintage_four_specification_matrix_v1,297908c214a0afab30a377854585cb1788922334c3bba976f8e2a1141c6ed73e,bb050aa041e8fc1c8391b908baeab529aaf2e9944d5f35b07af661349176adce,vintage_20260809,portwatch_chokepoints_vintage_20260809_snapshot,data/raw/portwatch/vintages/Daily_Chokepoints_Data__vintage_2026-08-09.csv,0bc806a4c384723debff08053d6fcbb915a03ee9fdf7b23c73d76d9bcb885bcb,sensitivity_only,seasonal_naive_7d,deterministic_daily_point,2026-05-28,0.0,44.0,,,44.0,4056.0
portwatch_two_vintage_four_specification_matrix_v1,297908c214a0afab30a377854585cb1788922334c3bba976f8e2a1141c6ed73e,bb050aa041e8fc1c8391b908baeab529aaf2e9944d5f35b07af661349176adce,vintage_20260809,portwatch_chokepoints_vintage_20260809_snapshot,data/raw/portwatch/vintages/Daily_Chokepoints_Data__vintage_2026-08-09.csv,0bc806a4c384723debff08053d6fcbb915a03ee9fdf7b23c73d76d9bcb885bcb,sensitivity_only,seasonal_naive_7d,deterministic_daily_point,2026-05-29,0.0,30.0,,,30.0,4086.0
portwatch_two_vintage_four_specification_matrix_v1,297908c214a0afab30a377854585cb1788922334c3bba976f8e2a1141c6ed73e,bb050aa041e8fc1c8391b908baeab529aaf2e9944d5f35b07af661349176adce,vintage_20260809,portwatch_chokepoints_vintage_20260809_snapshot,data/raw/portwatch/vintages/Daily_Chokepoints_Data__vintage_2026-08-09.csv,0bc806a4c384723debff08053d6fcbb915a03ee9fdf7b23c73d76d9bcb885bcb,sensitivity_only,seasonal_naive_7d,deterministic_daily_point,2026-05-30,0.0,50.0,,,50.0,4136.0
portwatch_two_vintage_four_specification_matrix_v1,297908c214a0afab30a377854585cb1788922334c3bba976f8e2a1141c6ed73e,bb050aa041e8fc1c8391b908baeab529aaf2e9944d5f35b07af661349176adce,vintage_20260809,portwatch_chokepoints_vintage_20260809_snapshot,data/raw/portwatch/vintages/Daily_Chokepoints_Data__vintage_2026-08-09.csv,0bc806a4c384723debff08053d6fcbb915a03ee9fdf7b23c73d76d9bcb885bcb,sensitivity_only,seasonal_naive_7d,deterministic_daily_point,2026-05-31,0.0,68.0,,,68.0,4204.0
portwatch_two_vintage_four_specification_matrix_v1,297908c214a0afab30a377854585cb1788922334c3bba976f8e2a1141c6ed73e,bb050aa041e8fc1c8391b908baeab529aaf2e9944d5f35b07af661349176adce,vintage_20260809,portwatch_chokepoints_vintage_20260809_snapshot,data/raw/portwatch/vintages/Daily_Chokepoints_Data__vintage_2026-08-09.csv,0bc806a4c384723debff08053d6fcbb915a03ee9fdf7b23c73d76d9bcb885bcb,sensitivity_only,seasonal_naive_7d,deterministic_daily_point,2026-06-01,1.0,58.0,,,57.0,4261.0
portwatch_two_vintage_four_specification_matrix_v1,297908c214a0afab30a377854585cb1788922334c3bba976f8e2a1141c6ed73e,bb050aa041e8fc1c8391b908baeab529aaf2e9944d5f35b07af661349176adce,vintage_20260809,portwatch_chokepoints_vintage_20260809_snapshot,data/raw/portwatch/vintages/Daily_Chokepoints_Data__vintage_2026-08-09.csv,0bc806a4c384723debff08053d6fcbb915a03ee9fdf7b23c73d76d9bcb885bcb,sensitivity_only,seasonal_naive_7d,deterministic_daily_point,2026-06-02,3.0,20.0,,,17.0,4278.0
portwatch_two_vintage_four_specification_matrix_v1,297908c214a0afab30a377854585cb1788922334c3bba976f8e2a1141c6ed73e,bb050aa041e8fc1c8391b908baeab529aaf2e9944d5f35b07af661349176adce,vintage_20260809,portwatch_chokepoints_vintage_20260809_snapshot,data/raw/portwatch/vintages/Daily_Chokepoints_Data__vintage_2026-08-09.csv,0bc806a4c384723debff08053d6fcbb915a03ee9fdf7b23c73d76d9bcb885bcb,sensitivity_only,seasonal_naive_7d,deterministic_daily_point,2026-06-03,3.0,57.0,,,54.0,4332.0
portwatch_two_vintage_four_specification_matrix_v1,297908c214a0afab30a377854585cb1788922334c3bba976f8e2a1141c6ed73e,bb050aa041e8fc1c8391b908baeab529aaf2e9944d5f35b07af661349176adce,vintage_20260809,portwatch_chokepoints_vintage_20260809_snapshot,data/raw/portwatch/vintages/Daily_Chokepoints_Data__vintage_2026-08-09.csv,0bc806a4c384723debff08053d6fcbb915a03ee9fdf7b23c73d76d9bcb885bcb,sensitivity_only,seasonal_naive_7d,deterministic_daily_point,2026-06-04,1.0,44.0,,,43.0,4375.0
portwatch_two_vintage_four_specification_matrix_v1,297908c214a0afab30a377854585cb1788922334c3bba976f8e2a1141c6ed73e,bb050aa041e8fc1c8391b908baeab529aaf2e9944d5f35b07af661349176adce,vintage_20260809,portwatch_chokepoints_vintage_20260809_snapshot,data/raw/portwatch/vintages/Daily_Chokepoints_Data__vintage_2026-08-09.csv,0bc806a4c384723debff08053d6fcbb915a03ee9fdf7b23c73d76d9bcb885bcb,sensitivity_only,seasonal_naive_7d,deterministic_daily_point,2026-06-05,0.0,30.0,,,30.0,4405.0
portwatch_two_vintage_four_specification_matrix_v1,297908c214a0afab30a377854585cb1788922334c3bba976f8e2a1141c6ed73e,bb050aa041e8fc1c8391b908baeab529aaf2e9944d5f35b07af661349176adce,vintage_20260809,portwatch_chokepoints_vintage_20260809_snapshot,data/raw/portwatch/vintages/Daily_Chokepoints_Data__vintage_2026-08-09.csv,0bc806a4c384723debff08053d6fcbb915a03ee9fdf7b23c73d76d9bcb885bcb,sensitivity_only,seasonal_naive_7d,deterministic_daily_point,2026-06-06,0.0,50.0,,,50.0,4455.0
portwatch_two_vintage_four_specification_matrix_v1,297908c214a0afab30a377854585cb1788922334c3bba976f8e2a1141c6ed73e,bb050aa041e8fc1c8391b908baeab529aaf2e9944d5f35b07af661349176adce,vintage_20260809,portwatch_chokepoints_vintage_20260809_snapshot,data/raw/portwatch/vintages/Daily_Chokepoints_Data__vintage_2026-08-09.csv,0bc806a4c384723debff08053d6fcbb915a03ee9fdf7b23c73d76d9bcb885bcb,sensitivity_only,seasonal_naive_7d,deterministic_daily_point,2026-06-07,0.0,68.0,,,68.0,4523.0
portwatch_two_vintage_four_specification_matrix_v1,297908c214a0afab30a377854585cb1788922334c3bba976f8e2a1141c6ed73e,bb050aa041e8fc1c8391b908baeab529aaf2e9944d5f35b07af661349176adce,vintage_20260809,portwatch_chokepoints_vintage_20260809_snapshot,data/raw/portwatch/vintages/Daily_Chokepoints_Data__vintage_2026-08-09.csv,0bc806a4c384723debff08053d6fcbb915a03ee9fdf7b23c73d76d9bcb885bcb,sensitivity_only,seasonal_naive_7d,deterministic_daily_point,2026-06-08,1.0,58.0,,,57.0,4580.0
portwatch_two_vintage_four_specification_matrix_v1,297908c214a0afab30a377854585cb1788922334c3bba976f8e2a1141c6ed73e,bb050aa041e8fc1c8391b908baeab529aaf2e9944d5f35b07af661349176adce,vintage_20260809,portwatch_chokepoints_vintage_20260809_snapshot,data/raw/portwatch/vintages/Daily_Chokepoints_Data__vintage_2026-08-09.csv,0bc806a4c384723debff08053d6fcbb915a03ee9fdf7b23c73d76d9bcb885bcb,sensitivity_only,seasonal_naive_7d,deterministic_daily_point,2026-06-09,2.0,20.0,,,18.0,4598.0
portwatch_two_vintage_four_specification_matrix_v1,297908c214a0afab30a377854585cb1788922334c3bba976f8e2a1141c6ed73e,bb050aa041e8fc1c8391b908baeab529aaf2e9944d5f35b07af661349176adce,vintage_20260809,portwatch_chokepoints_vintage_20260809_snapshot,data/raw/portwatch/vintages/Daily_Chokepoints_Data__vintage_2026-08-09.csv,0bc806a4c384723debff08053d6fcbb915a03ee9fdf7b23c73d76d9bcb885bcb,sensitivity_only,seasonal_naive_7d,deterministic_daily_point,2026-06-10,0.0,57.0,,,57.0,4655.0
portwatch_two_vintage_four_specification_matrix_v1,297908c214a0afab30a377854585cb1788922334c3bba976f8e2a1141c6ed73e,bb050aa041e8fc1c8391b908baeab529aaf2e9944d5f35b07af661349176adce,vintage_20260809,portwatch_chokepoints_vintage_20260809_snapshot,data/raw/portwatch/vintages/Daily_Chokepoints_Data__vintage_2026-08-09.csv,0bc806a4c384723debff08053d6fcbb915a03ee9fdf7b23c73d76d9bcb885bcb,sensitivity_only,seasonal_naive_7d,deterministic_daily_point,2026-06-11,2.0,44.0,,,42.0,4697.0
portwatch_two_vintage_four_specification_matrix_v1,297908c214a0afab30a377854585cb1788922334c3bba976f8e2a1141c6ed73e,bb050aa041e8fc1c8391b908baeab529aaf2e9944d5f35b07af661349176adce,vintage_20260809,portwatch_chokepoints_vintage_20260809_snapshot,data/raw/portwatch/vintages/Daily_Chokepoints_Data__vintage_2026-08-09.csv,0bc806a4c384723debff08053d6fcbb915a03ee9fdf7b23c73d76d9bcb885bcb,sensitivity_only,seasonal_naive_7d,deterministic_daily_point,2026-06-12,1.0,30.0,,,29.0,4726.0
portwatch_two_vintage_four_specification_matrix_v1,297908c214a0afab30a377854585cb1788922334c3bba976f8e2a1141c6ed73e,bb050aa041e8fc1c8391b908baeab529aaf2e9944d5f35b07af661349176adce,vintage_20260809,portwatch_chokepoints_vintage_20260809_snapshot,data/raw/portwatch/vintages/Daily_Chokepoints_Data__vintage_2026-08-09.csv,0bc806a4c384723debff08053d6fcbb915a03ee9fdf7b23c73d76d9bcb885bcb,sensitivity_only,seasonal_naive_7d,deterministic_daily_point,2026-06-13,0.0,50.0,,,50.0,4776.0
portwatch_two_vintage_four_specification_matrix_v1,297908c214a0afab30a377854585cb1788922334c3bba976f8e2a1141c6ed73e,bb050aa041e8fc1c8391b908baeab529aaf2e9944d5f35b07af661349176adce,vintage_20260809,portwatch_chokepoints_vintage_20260809_snapshot,data/raw/portwatch/vintages/Daily_Chokepoints_Data__vintage_2026-08-09.csv,0bc806a4c384723debff08053d6fcbb915a03ee9fdf7b23c73d76d9bcb885bcb,sensitivity_only,seasonal_naive_7d,deterministic_daily_point,2026-06-14,0.0,68.0,,,68.0,4844.0
portwatch_two_vintage_four_specification_matrix_v1,297908c214a0afab30a377854585cb1788922334c3bba976f8e2a1141c6ed73e,bb050aa041e8fc1c8391b908baeab529aaf2e9944d5f35b07af661349176adce,vintage_20260809,portwatch_chokepoints_vintage_20260809_snapshot,data/raw/portwatch/vintages/Daily_Chokepoints_Data__vintage_2026-08-09.csv,0bc806a4c384723debff08053d6fcbb915a03ee9fdf7b23c73d76d9bcb885bcb,sensitivity_only,seasonal_naive_7d,deterministic_daily_point,2026-06-15,1.0,58.0,,,57.0,4901.0
portwatch_two_vintage_four_specification_matrix_v1,297908c214a0afab30a377854585cb1788922334c3bba976f8e2a1141c6ed73e,bb050aa041e8fc1c8391b908baeab529aaf2e9944d5f35b07af661349176adce,vintage_20260809,portwatch_chokepoints_vintage_20260809_snapshot,data/raw/portwatch/vintages/Daily_Chokepoints_Data__vintage_2026-08-09.csv,0bc806a4c384723debff08053d6fcbb915a03ee9fdf7b23c73d76d9bcb885bcb,sensitivity_only,seasonal_naive_7d,deterministic_daily_point,2026-06-16,2.0,20.0,,,18.0,4919.0
portwatch_two_vintage_four_specification_matrix_v1,297908c214a0afab30a377854585cb1788922334c3bba976f8e2a1141c6ed73e,bb050aa041e8fc1c8391b908baeab529aaf2e9944d5f35b07af661349176adce,vintage_20260809,portwatch_chokepoints_vintage_20260809_snapshot,data/raw/portwatch/vintages/Daily_Chokepoints_Data__vintage_2026-08-09.csv,0bc806a4c384723debff08053d6fcbb915a03ee9fdf7b23c73d76d9bcb885bcb,sensitivity_only,seasonal_naive_7d,deterministic_daily_point,2026-06-17,0.0,57.0,,,57.0,4976.0
portwatch_two_vintage_four_specification_matrix_v1,297908c214a0afab30a377854585cb1788922334c3bba976f8e2a1141c6ed73e,bb050aa041e8fc1c8391b908baeab529aaf2e9944d5f35b07af661349176adce,vintage_20260809,portwatch_chokepoints_vintage_20260809_snapshot,data/raw/portwatch/vintages/Daily_Chokepoints_Data__vintage_2026-08-09.csv,0bc806a4c384723debff08053d6fcbb915a03ee9fdf7b23c73d76d9bcb885bcb,sensitivity_only,seasonal_naive_7d,deterministic_daily_point,2026-06-18,10.0,44.0,,,34.0,5010.0
portwatch_two_vintage_four_specification_matrix_v1,297908c214a0afab30a377854585cb1788922334c3bba976f8e2a1141c6ed73e,bb050aa041e8fc1c8391b908baeab529aaf2e9944d5f35b07af661349176adce,vintage_20260809,portwatch_chokepoints_vintage_20260809_snapshot,data/raw/portwatch/vintages/Daily_Chokepoints_Data__vintage_2026-08-09.csv,0bc806a4c384723debff08053d6fcbb915a03ee9fdf7b23c73d76d9bcb885bcb,sensitivity_only,seasonal_naive_7d,deterministic_daily_point,2026-06-19,3.0,30.0,,,27.0,5037.0
portwatch_two_vintage_four_specification_matrix_v1,297908c214a0afab30a377854585cb1788922334c3bba976f8e2a1141c6ed73e,bb050aa041e8fc1c8391b908baeab529aaf2e9944d5f35b07af661349176adce,vintage_20260809,portwatch_chokepoints_vintage_20260809_snapshot,data/raw/portwatch/vintages/Daily_Chokepoints_Data__vintage_2026-08-09.csv,0bc806a4c384723debff08053d6fcbb915a03ee9fdf7b23c73d76d9bcb885bcb,sensitivity_only,seasonal_naive_7d,deterministic_daily_point,2026-06-20,12.0,50.0,,,38.0,5075.0
portwatch_two_vintage_four_specification_matrix_v1,297908c214a0afab30a377854585cb1788922334c3bba976f8e2a1141c6ed73e,bb050aa041e8fc1c8391b908baeab529aaf2e9944d5f35b07af661349176adce,vintage_20260809,portwatch_chokepoints_vintage_20260809_snapshot,data/raw/portwatch/vintages/Daily_Chokepoints_Data__vintage_2026-08-09.csv,0bc806a4c384723debff08053d6fcbb915a03ee9fdf7b23c73d76d9bcb885bcb,sensitivity_only,seasonal_naive_7d,deterministic_daily_point,2026-06-21,1.0,68.0,,,67.0,5142.0
portwatch_two_vintage_four_specification_matrix_v1,297908c214a0afab30a377854585cb1788922334c3bba976f8e2a1141c6ed73e,bb050aa041e8fc1c8391b908baeab529aaf2e9944d5f35b07af661349176adce,vintage_20260809,portwatch_chokepoints_vintage_20260809_snapshot,data/raw/portwatch/vintages/Daily_Chokepoints_Data__vintage_2026-08-09.csv,0bc806a4c384723debff08053d6fcbb915a03ee9fdf7b23c73d76d9bcb885bcb,sensitivity_only,seasonal_naive_7d,deterministic_daily_point,2026-06-22,8.0,58.0,,,50.0,5192.0
portwatch_two_vintage_four_specification_matrix_v1,297908c214a0afab30a377854585cb1788922334c3bba976f8e2a1141c6ed73e,bb050aa041e8fc1c8391b908baeab529aaf2e9944d5f35b07af661349176adce,vintage_20260809,portwatch_chokepoints_vintage_20260809_snapshot,data/raw/portwatch/vintages/Daily_Chokepoints_Data__vintage_2026-08-09.csv,0bc806a4c384723debff08053d6fcbb915a03ee9fdf7b23c73d76d9bcb885bcb,sensitivity_only,seasonal_naive_7d,deterministic_daily_point,2026-06-23,4.0,20.0,,,16.0,5208.0
portwatch_two_vintage_four_specification_matrix_v1,297908c214a0afab30a377854585cb1788922334c3bba976f8e2a1141c6ed73e,bb050aa041e8fc1c8391b908baeab529aaf2e9944d5f35b07af661349176adce,vintage_20260809,portwatch_chokepoints_vintage_20260809_snapshot,data/raw/portwatch/vintages/Daily_Chokepoints_Data__vintage_2026-08-09.csv,0bc806a4c384723debff08053d6fcbb915a03ee9fdf7b23c73d76d9bcb885bcb,sensitivity_only,seasonal_naive_7d,deterministic_daily_point,2026-06-24,18.0,57.0,,,39.0,5247.0
portwatch_two_vintage_four_specification_matrix_v1,297908c214a0afab30a377854585cb1788922334c3bba976f8e2a1141c6ed73e,bb050aa041e8fc1c8391b908baeab529aaf2e9944d5f35b07af661349176adce,vintage_20260809,portwatch_chokepoints_vintage_20260809_snapshot,data/raw/portwatch/vintages/Daily_Chokepoints_Data__vintage_2026-08-09.csv,0bc806a4c384723debff08053d6fcbb915a03ee9fdf7b23c73d76d9bcb885bcb,sensitivity_only,seasonal_naive_7d,deterministic_daily_point,2026-06-25,21.0,44.0,,,23.0,5270.0
portwatch_two_vintage_four_specification_matrix_v1,297908c214a0afab30a377854585cb1788922334c3bba976f8e2a1141c6ed73e,bb050aa041e8fc1c8391b908baeab529aaf2e9944d5f35b07af661349176adce,vintage_20260809,portwatch_chokepoints_vintage_20260809_snapshot,data/raw/portwatch/vintages/Daily_Chokepoints_Data__vintage_2026-08-09.csv,0bc806a4c384723debff08053d6fcbb915a03ee9fdf7b23c73d76d9bcb885bcb,sensitivity_only,seasonal_naive_7d,deterministic_daily_point,2026-06-26,17.0,30.0,,,13.0,5283.0
portwatch_two_vintage_four_specification_matrix_v1,297908c214a0afab30a377854585cb1788922334c3bba976f8e2a1141c6ed73e,bb050aa041e8fc1c8391b908baeab529aaf2e9944d5f35b07af661349176adce,vintage_20260809,portwatch_chokepoints_vintage_20260809_snapshot,data/raw/portwatch/vintages/Daily_Chokepoints_Data__vintage_2026-08-09.csv,0bc806a4c384723debff08053d6fcbb915a03ee9fdf7b23c73d76d9bcb885bcb,sensitivity_only,seasonal_naive_7d,deterministic_daily_point,2026-06-27,9.0,50.0,,,41.0,5324.0
portwatch_two_vintage_four_specification_matrix_v1,297908c214a0afab30a377854585cb1788922334c3bba976f8e2a1141c6ed73e,bb050aa041e8fc1c8391b908baeab529aaf2e9944d5f35b07af661349176adce,vintage_20260809,portwatch_chokepoints_vintage_20260809_snapshot,data/raw/portwatch/vintages/Daily_Chokepoints_Data__vintage_2026-08-09.csv,0bc806a4c384723debff08053d6fcbb915a03ee9fdf7b23c73d76d9bcb885bcb,sensitivity_only,seasonal_naive_7d,deterministic_daily_point,2026-06-28,6.0,68.0,,,62.0,5386.0
portwatch_two_vintage_four_specification_matrix_v1,297908c214a0afab30a377854585cb1788922334c3bba976f8e2a1141c6ed73e,bb050aa041e8fc1c8391b908baeab529aaf2e9944d5f35b07af661349176adce,vintage_20260809,portwatch_chokepoints_vintage_20260809_snapshot,data/raw/portwatch/vintages/Daily_Chokepoints_Data__vintage_2026-08-09.csv,0bc806a4c384723debff08053d6fcbb915a03ee9fdf7b23c73d76d9bcb885bcb,sensitivity_only,seasonal_naive_7d,deterministic_daily_point,2026-06-29,12.0,58.0,,,46.0,5432.0
portwatch_two_vintage_four_specification_matrix_v1,297908c214a0afab30a377854585cb1788922334c3bba976f8e2a1141c6ed73e,bb050aa041e8fc1c8391b908baeab529aaf2e9944d5f35b07af661349176adce,vintage_20260809,portwatch_chokepoints_vintage_20260809_snapshot,data/raw/portwatch/vintages/Daily_Chokepoints_Data__vintage_2026-08-09.csv,0bc806a4c384723debff08053d6fcbb915a03ee9fdf7b23c73d76d9bcb885bcb,sensitivity_only,seasonal_naive_7d,deterministic_daily_point,2026-06-30,5.0,20.0,,,15.0,5447.0
portwatch_two_vintage_four_specification_matrix_v1,297908c214a0afab30a377854585cb1788922334c3bba976f8e2a1141c6ed73e,bb050aa041e8fc1c8391b908baeab529aaf2e9944d5f35b07af661349176adce,vintage_20260809,portwatch_chokepoints_vintage_20260809_snapshot,data/raw/portwatch/vintages/Daily_Chokepoints_Data__vintage_2026-08-09.csv,0bc806a4c384723debff08053d6fcbb915a03ee9fdf7b23c73d76d9bcb885bcb,sensitivity_only,seasonal_naive_7d,deterministic_daily_point,2026-07-01,17.0,57.0,,,40.0,5487.0
portwatch_two_vintage_four_specification_matrix_v1,297908c214a0afab30a377854585cb1788922334c3bba976f8e2a1141c6ed73e,bb050aa041e8fc1c8391b908baeab529aaf2e9944d5f35b07af661349176adce,vintage_20260809,portwatch_chokepoints_vintage_20260809_snapshot,data/raw/portwatch/vintages/Daily_Chokepoints_Data__vintage_2026-08-09.csv,0bc806a4c384723debff08053d6fcbb915a03ee9fdf7b23c73d76d9bcb885bcb,sensitivity_only,seasonal_naive_7d,deterministic_daily_point,2026-07-02,14.0,44.0,,,30.0,5517.0
portwatch_two_vintage_four_specification_matrix_v1,297908c214a0afab30a377854585cb1788922334c3bba976f8e2a1141c6ed73e,bb050aa041e8fc1c8391b908baeab529aaf2e9944d5f35b07af661349176adce,vintage_20260809,portwatch_chokepoints_vintage_20260809_snapshot,data/raw/portwatch/vintages/Daily_Chokepoints_Data__vintage_2026-08-09.csv,0bc806a4c384723debff08053d6fcbb915a03ee9fdf7b23c73d76d9bcb885bcb,sensitivity_only,seasonal_naive_7d,deterministic_daily_point,2026-07-03,17.0,30.0,,,13.0,5530.0
portwatch_two_vintage_four_specification_matrix_v1,297908c214a0afab30a377854585cb1788922334c3bba976f8e2a1141c6ed73e,bb050aa041e8fc1c8391b908baeab529aaf2e9944d5f35b07af661349176adce,vintage_20260809,portwatch_chokepoints_vintage_20260809_snapshot,data/raw/portwatch/vintages/Daily_Chokepoints_Data__vintage_2026-08-09.csv,0bc806a4c384723debff08053d6fcbb915a03ee9fdf7b23c73d76d9bcb885bcb,sensitivity_only,seasonal_naive_7d,deterministic_daily_point,2026-07-04,6.0,50.0,,,44.0,5574.0
portwatch_two_vintage_four_specification_matrix_v1,297908c214a0afab30a377854585cb1788922334c3bba976f8e2a1141c6ed73e,bb050aa041e8fc1c8391b908baeab529aaf2e9944d5f35b07af661349176adce,vintage_20260809,portwatch_chokepoints_vintage_20260809_snapshot,data/raw/portwatch/vintages/Daily_Chokepoints_Data__vintage_2026-08-09.csv,0bc806a4c384723debff08053d6fcbb915a03ee9fdf7b23c73d76d9bcb885bcb,sensitivity_only,seasonal_naive_7d,deterministic_daily_point,2026-07-05,15.0,68.0,,,53.0,5627.0
portwatch_two_vintage_four_specification_matrix_v1,297908c214a0afab30a377854585cb1788922334c3bba976f8e2a1141c6ed73e,bb050aa041e8fc1c8391b908baeab529aaf2e9944d5f35b07af661349176adce,vintage_20260809,portwatch_chokepoints_vintage_20260809_snapshot,data/raw/portwatch/vintages/Daily_Chokepoints_Data__vintage_2026-08-09.csv,0bc806a4c384723debff08053d6fcbb915a03ee9fdf7b23c73d76d9bcb885bcb,sensitivity_only,seasonal_naive_7d,deterministic_daily_point,2026-07-06,14.0,58.0,,,44.0,5671.0
portwatch_two_vintage_four_specification_matrix_v1,297908c214a0afab30a377854585cb1788922334c3bba976f8e2a1141c6ed73e,bb050aa041e8fc1c8391b908baeab529aaf2e9944d5f35b07af661349176adce,vintage_20260809,portwatch_chokepoints_vintage_20260809_snapshot,data/raw/portwatch/vintages/Daily_Chokepoints_Data__vintage_2026-08-09.csv,0bc806a4c384723debff08053d6fcbb915a03ee9fdf7b23c73d76d9bcb885bcb,sensitivity_only,seasonal_naive_7d,deterministic_daily_point,2026-07-07,10.0,20.0,,,10.0,5681.0
portwatch_two_vintage_four_specification_matrix_v1,297908c214a0afab30a377854585cb1788922334c3bba976f8e2a1141c6ed73e,bb050aa041e8fc1c8391b908baeab529aaf2e9944d5f35b07af661349176adce,vintage_20260809,portwatch_chokepoints_vintage_20260809_snapshot,data/raw/portwatch/vintages/Daily_Chokepoints_Data__vintage_2026-08-09.csv,0bc806a4c384723debff08053d6fcbb915a03ee9fdf7b23c73d76d9bcb885bcb,sensitivity_only,ar_lag1_7,deterministic_daily_point,2026-02-28,33.0,42.17373016554738,,,9.173730165547385,9.173730165547385
portwatch_two_vintage_four_specification_matrix_v1,297908c214a0afab30a377854585cb1788922334c3bba976f8e2a1141c6ed73e,bb050aa041e8fc1c8391b908baeab529aaf2e9944d5f35b07af661349176adce,vintage_20260809,portwatch_chokepoints_vintage_20260809_snapshot,data/raw/portwatch/vintages/Daily_Chokepoints_Data__vintage_2026-08-09.csv,0bc806a4c384723debff08053d6fcbb915a03ee9fdf7b23c73d76d9bcb885bcb,sensitivity_only,ar_lag1_7,deterministic_daily_point,2026-03-01,5.0,49.93152239426743,,,44.93152239426743,54.105252559814815
portwatch_two_vintage_four_specification_matrix_v1,297908c214a0afab30a377854585cb1788922334c3bba976f8e2a1141c6ed73e,bb050aa041e8fc1c8391b908baeab529aaf2e9944d5f35b07af661349176adce,vintage_20260809,portwatch_chokepoints_vintage_20260809_snapshot,data/raw/portwatch/vintages/Daily_Chokepoints_Data__vintage_2026-08-09.csv,0bc806a4c384723debff08053d6fcbb915a03ee9fdf7b23c73d76d9bcb885bcb,sensitivity_only,ar_lag1_7,deterministic_daily_point,2026-03-02,1.0,50.123523444968185,,,49.123523444968185,103.228776004783
portwatch_two_vintage_four_specification_matrix_v1,297908c214a0afab30a377854585cb1788922334c3bba976f8e2a1141c6ed73e,bb050aa041e8fc1c8391b908baeab529aaf2e9944d5f35b07af661349176adce,vintage_20260809,portwatch_chokepoints_vintage_20260809_snapshot,data/raw/portwatch/vintages/Daily_Chokepoints_Data__vintage_2026-08-09.csv,0bc806a4c384723debff08053d6fcbb915a03ee9fdf7b23c73d76d9bcb885bcb,sensitivity_only,ar_lag1_7,deterministic_daily_point,2026-03-03,1.0,41.98249046331938,,,40.98249046331938,144.2112664681024
portwatch_two_vintage_four_specification_matrix_v1,297908c214a0afab30a377854585cb1788922334c3bba976f8e2a1141c6ed73e,bb050aa041e8fc1c8391b908baeab529aaf2e9944d5f35b07af661349176adce,vintage_20260809,portwatch_chokepoints_vintage_20260809_snapshot,data/raw/portwatch/vintages/Daily_Chokepoints_Data__vintage_2026-08-09.csv,0bc806a4c384723debff08053d6fcbb915a03ee9fdf7b23c73d76d9bcb885bcb,sensitivity_only,ar_lag1_7,deterministic_daily_point,2026-03-04,0.0,46.89913860064996,,,46.89913860064996,191.11040506875236
portwatch_two_vintage_four_specification_matrix_v1,297908c214a0afab30a377854585cb1788922334c3bba976f8e2a1141c6ed73e,bb050aa041e8fc1c8391b908baeab529aaf2e9944d5f35b07af661349176adce,vintage_20260809,portwatch_chokepoints_vintage_20260809_snapshot,data/raw/portwatch/vintages/Daily_Chokepoints_Data__vintage_2026-08-09.csv,0bc806a4c384723debff08053d6fcbb915a03ee9fdf7b23c73d76d9bcb885bcb,sensitivity_only,ar_lag1_7,deterministic_daily_point,2026-03-05,1.0,46.31083925233015,,,45.31083925233015,236.4212443210825
portwatch_two_vintage_four_specification_matrix_v1,297908c214a0afab30a377854585cb1788922334c3bba976f8e2a1141c6ed73e,bb050aa041e8fc1c8391b908baeab529aaf2e9944d5f35b07af661349176adce,vintage_20260809,portwatch_chokepoints_vintage_20260809_snapshot,data/raw/portwatch/vintages/Daily_Chokepoints_Data__vintage_2026-08-09.csv,0bc806a4c384723debff08053d6fcbb915a03ee9fdf7b23c73d76d9bcb885bcb,sensitivity_only,ar_lag1_7,deterministic_daily_point,2026-03-06,0.0,43.60712357851279,,,43.60712357851279,280.0283678995953
portwatch_two_vintage_four_specification_matrix_v1,297908c214a0afab30a377854585cb1788922334c3bba976f8e2a1141c6ed73e,bb050aa041e8fc1c8391b908baeab529aaf2e9944d5f35b07af661349176adce,vintage_20260809,portwatch_chokepoints_vintage_20260809_snapshot,data/raw/portwatch/vintages/Daily_Chokepoints_Data__vintage_2026-08-09.csv,0bc806a4c384723debff08053d6fcbb915a03ee9fdf7b23c73d76d9bcb885bcb,sensitivity_only,ar_lag1_7,deterministic_daily_point,2026-03-07,0.0,45.31837740179314,,,45.31837740179314,325.34674530138847
portwatch_two_vintage_four_specification_matrix_v1,297908c214a0afab30a377854585cb1788922334c3bba976f8e2a1141c6ed73e,bb050aa041e8fc1c8391b908baeab529aaf2e9944d5f35b07af661349176adce,vintage_20260809,portwatch_chokepoints_vintage_20260809_snapshot,data/raw/portwatch/vintages/Daily_Chokepoints_Data__vintage_2026-08-09.csv,0bc806a4c384723debff08053d6fcbb915a03ee9fdf7b23c73d76d9bcb885bcb,sensitivity_only,ar_lag1_7,deterministic_daily_point,2026-03-08,0.0,47.27476791191064,,,47.27476791191064,372.6215132132991
portwatch_two_vintage_four_specification_matrix_v1,297908c214a0afab30a377854585cb1788922334c3bba976f8e2a1141c6ed73e,bb050aa041e8fc1c8391b908baeab529aaf2e9944d5f35b07af661349176adce,vintage_20260809,portwatch_chokepoints_vintage_20260809_snapshot,data/raw/portwatch/vintages/Daily_Chokepoints_Data__vintage_2026-08-09.csv,0bc806a4c384723debff08053d6fcbb915a03ee9fdf7b23c73d76d9bcb885bcb,sensitivity_only,ar_lag1_7,deterministic_daily_point,2026-03-09,0.0,47.55255590515035,,,47.55255590515035,420.1740691184495
portwatch_two_vintage_four_specification_matrix_v1,297908c214a0afab30a377854585cb1788922334c3bba976f8e2a1141c6ed73e,bb050aa041e8fc1c8391b908baeab529aaf2e9944d5f35b07af661349176adce,vintage_20260809,portwatch_chokepoints_vintage_20260809_snapshot,data/raw/portwatch/vintages/Daily_Chokepoints_Data__vintage_2026-08-09.csv,0bc806a4c384723debff08053d6fcbb915a03ee9fdf7b23c73d76d9bcb885bcb,sensitivity_only,ar_lag1_7,deterministic_daily_point,2026-03-10,1.0,45.65494909806565,,,44.65494909806565,464.8290182165151
portwatch_two_vintage_four_specification_matrix_v1,297908c214a0afab30a377854585cb1788922334c3bba976f8e2a1141c6ed73e,bb050aa041e8fc1c8391b908baeab529aaf2e9944d5f35b07af661349176adce,vintage_20260809,portwatch_chokepoints_vintage_20260809_snapshot,data/raw/portwatch/vintages/Daily_Chokepoints_Data__vintage_2026-08-09.csv,0bc806a4c384723debff08053d6fcbb915a03ee9fdf7b23c73d76d9bcb885bcb,sensitivity_only,ar_lag1_7,deterministic_daily_point,2026-03-11,0.0,46.08550994368952,,,46.08550994368952,510.91452816020467
portwatch_two_vintage_four_specification_matrix_v1,297908c214a0afab30a377854585cb1788922334c3bba976f8e2a1141c6ed73e,bb050aa041e8fc1c8391b908baeab529aaf2e9944d5f35b07af661349176adce,vintage_20260809,portwatch_chokepoints_vintage_20260809_snapshot,data/raw/portwatch/vintages/Daily_Chokepoints_Data__vintage_2026-08-09.csv,0bc806a4c384723debff08053d6fcbb915a03ee9fdf7b23c73d76d9bcb885bcb,sensitivity_only,ar_lag1_7,deterministic_daily_point,2026-03-12,0.0,46.506289430047474,,,46.506289430047474,557.4208175902521
portwatch_two_vintage_four_specification_matrix_v1,297908c214a0afab30a377854585cb1788922334c3bba976f8e2a1141c6ed73e,bb050aa041e8fc1c8391b908baeab529aaf2e9944d5f35b07af661349176adce,vintage_20260809,portwatch_chokepoints_vintage_20260809_snapshot,data/raw/portwatch/vintages/Daily_Chokepoints_Data__vintage_2026-08-09.csv,0bc806a4c384723debff08053d6fcbb915a03ee9fdf7b23c73d76d9bcb885bcb,sensitivity_only,ar_lag1_7,deterministic_daily_point,2026-03-13,0.0,46.50718264725427,,,46.50718264725427,603.9280002375064
portwatch_two_vintage_four_specification_matrix_v1,297908c214a0afab30a377854585cb1788922334c3bba976f8e2a1141c6ed73e,bb050aa041e8fc1c8391b908baeab529aaf2e9944d5f35b07af661349176adce,vintage_20260809,portwatch_chokepoints_vintage_20260809_snapshot,data/raw/portwatch/vintages/Daily_Chokepoints_Data__vintage_2026-08-09.csv,0bc806a4c384723debff08053d6fcbb915a03ee9fdf7b23c73d76d9bcb885bcb,sensitivity_only,ar_lag1_7,deterministic_daily_point,2026-03-14,0.0,46.99004987257228,,,46.99004987257228,650.9180501100786
portwatch_two_vintage_four_specification_matrix_v1,297908c214a0afab30a377854585cb1788922334c3bba976f8e2a1141c6ed73e,bb050aa041e8fc1c8391b908baeab529aaf2e9944d5f35b07af661349176adce,vintage_20260809,portwatch_chokepoints_vintage_20260809_snapshot,data/raw/portwatch/vintages/Daily_Chokepoints_Data__vintage_2026-08-09.csv,0bc806a4c384723debff08053d6fcbb915a03ee9fdf7b23c73d76d9bcb885bcb,sensitivity_only,ar_lag1_7,deterministic_daily_point,2026-03-15,2.0,47.30832761587904,,,45.30832761587904,696.2263777259577
portwatch_two_vintage_four_specification_matrix_v1,297908c214a0afab30a377854585cb1788922334c3bba976f8e2a1141c6ed73e,bb050aa041e8fc1c8391b908baeab529aaf2e9944d5f35b07af661349176adce,vintage_20260809,portwatch_chokepoints_vintage_20260809_snapshot,data/raw/portwatch/vintages/Daily_Chokepoints_Data__vintage_2026-08-09.csv,0bc806a4c384723debff08053d6fcbb915a03ee9fdf7b23c73d76d9bcb885bcb,sensitivity_only,ar_lag1_7,deterministic_daily_point,2026-03-16,0.0,47.0293372582052,,,47.0293372582052,743.2557149841629
portwatch_two_vintage_four_specification_matrix_v1,297908c214a0afab30a377854585cb1788922334c3bba976f8e2a1141c6ed73e,bb050aa041e8fc1c8391b908baeab529aaf2e9944d5f35b07af661349176adce,vintage_20260809,portwatch_chokepoints_vintage_20260809_snapshot,data/raw/portwatch/vintages/Daily_Chokepoints_Data__vintage_2026-08-09.csv,0bc806a4c384723debff08053d6fcbb915a03ee9fdf7b23c73d76d9bcb885bcb,sensitivity_only,ar_lag1_7,deterministic_daily_point,2026-03-17,1.0,46.2356100143652,,,45.2356100143652,788.4913249985281
portwatch_two_vintage_four_specification_matrix_v1,297908c214a0afab30a377854585cb1788922334c3bba976f8e2a1141c6ed73e,bb050aa041e8fc1c8391b908baeab529aaf2e9944d5f35b07af661349176adce,vintage_20260809,portwatch_chokepoints_vintage_20260809_snapshot,data/raw/portwatch/vintages/Daily_Chokepoints_Data__vintage_2026-08-09.csv,0bc806a4c384723debff08053d6fcbb915a03ee9fdf7b23c73d76d9bcb885bcb,sensitivity_only,ar_lag1_7,deterministic_daily_point,2026-03-18,0.0,46.1198911501074,,,46.1198911501074,834.6112161486354
portwatch_two_vintage_four_specification_matrix_v1,297908c214a0afab30a377854585cb1788922334c3bba976f8e2a1141c6ed73e,bb050aa041e8fc1c8391b908baeab529aaf2e9944d5f35b07af661349176adce,vintage_20260809,portwatch_chokepoints_vintage_20260809_snapshot,data/raw/portwatch/vintages/Daily_Chokepoints_Data__vintage_2026-08-09.csv,0bc806a4c384723debff08053d6fcbb915a03ee9fdf7b23c73d76d9bcb885bcb,sensitivity_only,ar_lag1_7,deterministic_daily_point,2026-03-19,0.0,46.55902103341281,,,46.55902103341281,881.1702371820483
portwatch_two_vintage_four_specification_matrix_v1,297908c214a0afab30a377854585cb1788922334c3bba976f8e2a1141c6ed73e,bb050aa041e8fc1c8391b908baeab529aaf2e9944d5f35b07af661349176adce,vintage_20260809,portwatch_chokepoints_vintage_20260809_snapshot,data/raw/portwatch/vintages/Daily_Chokepoints_Data__vintage_2026-08-09.csv,0bc806a4c384723debff08053d6fcbb915a03ee9fdf7b23c73d76d9bcb885bcb,sensitivity_only,ar_lag1_7,deterministic_daily_point,2026-03-20,2.0,47.12915166152644,,,45.12915166152644,926.2993888435748
portwatch_two_vintage_four_specification_matrix_v1,297908c214a0afab30a377854585cb1788922334c3bba976f8e2a1141c6ed73e,bb050aa041e8fc1c8391b908baeab529aaf2e9944d5f35b07af661349176adce,vintage_20260809,portwatch_chokepoints_vintage_20260809_snapshot,data/raw/portwatch/vintages/Daily_Chokepoints_Data__vintage_2026-08-09.csv,0bc806a4c384723debff08053d6fcbb915a03ee9fdf7b23c73d76d9bcb885bcb,sensitivity_only,ar_lag1_7,deterministic_daily_point,2026-03-21,0.0,47.55608615658201,,,47.55608615658201,973.8554750001568
portwatch_two_vintage_four_specification_matrix_v1,297908c214a0afab30a377854585cb1788922334c3bba976f8e2a1141c6ed73e,bb050aa041e8fc1c8391b908baeab529aaf2e9944d5f35b07af661349176adce,vintage_20260809,portwatch_chokepoints_vintage_20260809_snapshot,data/raw/portwatch/vintages/Daily_Chokepoints_Data__vintage_2026-08-09.csv,0bc806a4c384723debff08053d6fcbb915a03ee9fdf7b23c73d76d9bcb885bcb,sensitivity_only,ar_lag1_7,deterministic_daily_point,2026-03-22,0.0,47.51386956140404,,,47.51386956140404,1021.3693445615608
portwatch_two_vintage_four_specification_matrix_v1,297908c214a0afab30a377854585cb1788922334c3bba976f8e2a1141c6ed73e,bb050aa041e8fc1c8391b908baeab529aaf2e9944d5f35b07af661349176adce,vintage_20260809,portwatch_chokepoints_vintage_20260809_snapshot,data/raw/portwatch/vintages/Daily_Chokepoints_Data__vintage_2026-08-09.csv,0bc806a4c384723debff08053d6fcbb915a03ee9fdf7b23c73d76d9bcb885bcb,sensitivity_only,ar_lag1_7,deterministic_daily_point,2026-03-23,2.0,46.99256260024346,,,44.99256260024346,1066.3619071618043
portwatch_two_vintage_four_specification_matrix_v1,297908c214a0afab30a377854585cb1788922334c3bba976f8e2a1141c6ed73e,bb050aa041e8fc1c8391b908baeab529aaf2e9944d5f35b07af661349176adce,vintage_20260809,portwatch_chokepoints_vintage_20260809_snapshot,data/raw/portwatch/vintages/Daily_Chokepoints_Data__vintage_2026-08-09.csv,0bc806a4c384723debff08053d6fcbb915a03ee9fdf7b23c73d76d9bcb885bcb,sensitivity_only,ar_lag1_7,deterministic_daily_point,2026-03-24,1.0,46.343539274453555,,,45.343539274453555,1111.705446436258
portwatch_two_vintage_four_specification_matrix_v1,297908c214a0afab30a377854585cb1788922334c3bba976f8e2a1141c6ed73e,bb050aa041e8fc1c8391b908baeab529aaf2e9944d5f35b07af661349176adce,vintage_20260809,portwatch_chokepoints_vintage_20260809_snapshot,data/raw/portwatch/vintages/Daily_Chokepoints_Data__vintage_2026-08-09.csv,0bc806a4c384723debff08053d6fcbb915a03ee9fdf7b23c73d76d9bcb885bcb,sensitivity_only,ar_lag1_7,deterministic_daily_point,2026-03-25,1.0,46.16490576286323,,,45.16490576286323,1156.8703521991213
portwatch_two_vintage_four_specification_matrix_v1,297908c214a0afab30a377854585cb1788922334c3bba976f8e2a1141c6ed73e,bb050aa041e8fc1c8391b908baeab529aaf2e9944d5f35b07af661349176adce,vintage_20260809,portwatch_chokepoints_vintage_20260809_snapshot,data/raw/portwatch/vintages/Daily_Chokepoints_Data__vintage_2026-08-09.csv,0bc806a4c384723debff08053d6fcbb915a03ee9fdf7b23c73d76d9bcb885bcb,sensitivity_only,ar_lag1_7,deterministic_daily_point,2026-03-26,0.0,46.58578448819342,,,46.58578448819342,1203.4561366873147
portwatch_two_vintage_four_specification_matrix_v1,297908c214a0afab30a377854585cb1788922334c3bba976f8e2a1141c6ed73e,bb050aa041e8fc1c8391b908baeab529aaf2e9944d5f35b07af661349176adce,vintage_20260809,portwatch_chokepoints_vintage_20260809_snapshot,data/raw/portwatch/vintages/Daily_Chokepoints_Data__vintage_2026-08-09.csv,0bc806a4c384723debff08053d6fcbb915a03ee9fdf7b23c73d76d9bcb885bcb,sensitivity_only,ar_lag1_7,deterministic_daily_point,2026-03-27,0.0,47.26796508125016,,,47.26796508125016,1250.7241017685649
portwatch_two_vintage_four_specification_matrix_v1,297908c214a0afab30a377854585cb1788922334c3bba976f8e2a1141c6ed73e,bb050aa041e8fc1c8391b908baeab529aaf2e9944d5f35b07af661349176adce,vintage_20260809,portwatch_chokepoints_vintage_20260809_snapshot,data/raw/portwatch/vintages/Daily_Chokepoints_Data__vintage_2026-08-09.csv,0bc806a4c384723debff08053d6fcbb915a03ee9fdf7b23c73d76d9bcb885bcb,sensitivity_only,ar_lag1_7,deterministic_daily_point,2026-03-28,0.0,47.72256631256909,,,47.72256631256909,1298.446668081134
portwatch_two_vintage_four_specification_matrix_v1,297908c214a0afab30a377854585cb1788922334c3bba976f8e2a1141c6ed73e,bb050aa041e8fc1c8391b908baeab529aaf2e9944d5f35b07af661349176adce,vintage_20260809,portwatch_chokepoints_vintage_20260809_snapshot,data/raw/portwatch/vintages/Daily_Chokepoints_Data__vintage_2026-08-09.csv,0bc806a4c384723debff08053d6fcbb915a03ee9fdf7b23c73d76d9bcb885bcb,sensitivity_only,ar_lag1_7,deterministic_daily_point,2026-03-29,2.0,47.61503983208976,,,45.61503983208976,1344.0617079132237
portwatch_two_vintage_four_specification_matrix_v1,297908c214a0afab30a377854585cb1788922334c3bba976f8e2a1141c6ed73e,bb050aa041e8fc1c8391b908baeab529aaf2e9944d5f35b07af661349176adce,vintage_20260809,portwatch_chokepoints_vintage_20260809_snapshot,data/raw/portwatch/vintages/Daily_Chokepoints_Data__vintage_2026-08-09.csv,0bc806a4c384723debff08053d6fcbb915a03ee9fdf7b23c73d76d9bcb885bcb,sensitivity_only,ar_lag1_7,deterministic_daily_point,2026-03-30,3.0,47.020399465208634,,,44.020399465208634,1388.0821073784325
portwatch_two_vintage_four_specification_matrix_v1,297908c214a0afab30a377854585cb1788922334c3bba976f8e2a1141c6ed73e,bb050aa041e8fc1c8391b908baeab529aaf2e9944d5f35b07af661349176adce,vintage_20260809,portwatch_chokepoints_vintage_20260809_snapshot,data/raw/portwatch/vintages/Daily_Chokepoints_Data__vintage_2026-08-09.csv,0bc806a4c384723debff08053d6fcbb915a03ee9fdf7b23c73d76d9bcb885bcb,sensitivity_only,ar_lag1_7,deterministic_daily_point,2026-03-31,2.0,46.37576303250582,,,44.37576303250582,1432.457870410938
portwatch_two_vintage_four_specification_matrix_v1,297908c214a0afab30a377854585cb1788922334c3bba976f8e2a1141c6ed73e,bb050aa041e8fc1c8391b908baeab529aaf2e9944d5f35b07af661349176adce,vintage_20260809,portwatch_chokepoints_vintage_20260809_snapshot,data/raw/portwatch/vintages/Daily_Chokepoints_Data__vintage_2026-08-09.csv,0bc806a4c384723debff08053d6fcbb915a03ee9fdf7b23c73d76d9bcb885bcb,sensitivity_only,ar_lag1_7,deterministic_daily_point,2026-04-01,1.0,46.18557652040006,,,45.18557652040006,1477.643446931338
portwatch_two_vintage_four_specification_matrix_v1,297908c214a0afab30a377854585cb1788922334c3bba976f8e2a1141c6ed73e,bb050aa041e8fc1c8391b908baeab529aaf2e9944d5f35b07af661349176adce,vintage_20260809,portwatch_chokepoints_vintage_20260809_snapshot,data/raw/portwatch/vintages/Daily_Chokepoints_Data__vintage_2026-08-09.csv,0bc806a4c384723debff08053d6fcbb915a03ee9fdf7b23c73d76d9bcb885bcb,sensitivity_only,ar_lag1_7,deterministic_daily_point,2026-04-02,0.0,46.598604724338976,,,46.598604724338976,1524.242051655677
portwatch_two_vintage_four_specification_matrix_v1,297908c214a0afab30a377854585cb1788922334c3bba976f8e2a1141c6ed73e,bb050aa041e8fc1c8391b908baeab529aaf2e9944d5f35b07af661349176adce,vintage_20260809,portwatch_chokepoints_vintage_20260809_snapshot,data/raw/portwatch/vintages/Daily_Chokepoints_Data__vintage_2026-08-09.csv,0bc806a4c384723debff08053d6fcbb915a03ee9fdf7b23c73d76d9bcb885bcb,sensitivity_only,ar_lag1_7,deterministic_daily_point,2026-04-03,2.0,47.30134785646587,,,45.30134785646587,1569.5433995121427
portwatch_two_vintage_four_specification_matrix_v1,297908c214a0afab30a377854585cb1788922334c3bba976f8e2a1141c6ed73e,bb050aa041e8fc1c8391b908baeab529aaf2e9944d5f35b07af661349176adce,vintage_20260809,portwatch_chokepoints_vintage_20260809_snapshot,data/raw/portwatch/vintages/Daily_Chokepoints_Data__vintage_2026-08-09.csv,0bc806a4c384723debff08053d6fcbb915a03ee9fdf7b23c73d76d9bcb885bcb,sensitivity_only,ar_lag1_7,deterministic_daily_point,2026-04-04,3.0,47.76891932549133,,,44.76891932549133,1614.3123188376342
portwatch_two_vintage_four_specification_matrix_v1,297908c214a0afab30a377854585cb1788922334c3bba976f8e2a1141c6ed73e,bb050aa041e8fc1c8391b908baeab529aaf2e9944d5f35b07af661349176adce,vintage_20260809,portwatch_chokepoints_vintage_20260809_snapshot,data/raw/portwatch/vintages/Daily_Chokepoints_Data__vintage_2026-08-09.csv,0bc806a4c384723debff08053d6fcbb915a03ee9fdf7b23c73d76d9bcb885bcb,sensitivity_only,ar_lag1_7,deterministic_daily_point,2026-04-05,4.0,47.652352352117695,,,43.652352352117695,1657.964671189752
portwatch_two_vintage_four_specification_matrix_v1,297908c214a0afab30a377854585cb1788922334c3bba976f8e2a1141c6ed73e,bb050aa041e8fc1c8391b908baeab529aaf2e9944d5f35b07af661349176adce,vintage_20260809,portwatch_chokepoints_vintage_20260809_snapshot,data/raw/portwatch/vintages/Daily_Chokepoints_Data__vintage_2026-08-09.csv,0bc806a4c384723debff08053d6fcbb915a03ee9fdf7b23c73d76d9bcb885bcb,sensitivity_only,ar_lag1_7,deterministic_daily_point,2026-04-06,0.0,47.03928079106361,,,47.03928079106361,1705.0039519808156
portwatch_two_vintage_four_specification_matrix_v1,297908c214a0afab30a377854585cb1788922334c3bba976f8e2a1141c6ed73e,bb050aa041e8fc1c8391b908baeab529aaf2e9944d5f35b07af661349176adce,vintage_20260809,portwatch_chokepoints_vintage_20260809_snapshot,data/raw/portwatch/vintages/Daily_Chokepoints_Data__vintage_2026-08-09.csv,0bc806a4c384723debff08053d6fcbb915a03ee9fdf7b23c73d76d9bcb885bcb,sensitivity_only,ar_lag1_7,deterministic_daily_point,2026-04-07,2.0,46.38909178913063,,,44.38909178913063,1749.3930437699462
portwatch_two_vintage_four_specification_matrix_v1,297908c214a0afab30a377854585cb1788922334c3bba976f8e2a1141c6ed73e,bb050aa041e8fc1c8391b908baeab529aaf2e9944d5f35b07af661349176adce,vintage_20260809,portwatch_chokepoints_vintage_20260809_snapshot,data/raw/portwatch/vintages/Daily_Chokepoints_Data__vintage_2026-08-09.csv,0bc806a4c384723debff08053d6fcbb915a03ee9fdf7b23c73d76d9bcb885bcb,sensitivity_only,ar_lag1_7,deterministic_daily_point,2026-04-08,0.0,46.194553447985314,,,46.194553447985314,1795.5875972179315
portwatch_two_vintage_four_specification_matrix_v1,297908c214a0afab30a377854585cb1788922334c3bba976f8e2a1141c6ed73e,bb050aa041e8fc1c8391b908baeab529aaf2e9944d5f35b07af661349176adce,vintage_20260809,portwatch_chokepoints_vintage_20260809_snapshot,data/raw/portwatch/vintages/Daily_Chokepoints_Data__vintage_2026-08-09.csv,0bc806a4c384723debff08053d6fcbb915a03ee9fdf7b23c73d76d9bcb885bcb,sensitivity_only,ar_lag1_7,deterministic_daily_point,2026-04-09,5.0,46.60442147418563,,,41.60442147418563,1837.192018692117
portwatch_two_vintage_four_specification_matrix_v1,297908c214a0afab30a377854585cb1788922334c3bba976f8e2a1141c6ed73e,bb050aa041e8fc1c8391b908baeab529aaf2e9944d5f35b07af661349176adce,vintage_20260809,portwatch_chokepoints_vintage_20260809_snapshot,data/raw/portwatch/vintages/Daily_Chokepoints_Data__vintage_2026-08-09.csv,0bc806a4c384723debff08053d6fcbb915a03ee9fdf7b23c73d76d9bcb885bcb,sensitivity_only,ar_lag1_7,deterministic_daily_point,2026-04-10,0.0,47.31033490052718,,,47.31033490052718,1884.502353592644
portwatch_two_vintage_four_specification_matrix_v1,297908c214a0afab30a377854585cb1788922334c3bba976f8e2a1141c6ed73e,bb050aa041e8fc1c8391b908baeab529aaf2e9944d5f35b07af661349176adce,vintage_20260809,portwatch_chokepoints_vintage_20260809_snapshot,data/raw/portwatch/vintages/Daily_Chokepoints_Data__vintage_2026-08-09.csv,0bc806a4c384723debff08053d6fcbb915a03ee9fdf7b23c73d76d9bcb885bcb,sensitivity_only,ar_lag1_7,deterministic_daily_point,2026-04-11,3.0,47.78171743795026,,,44.78171743795026,1929.2840710305943
portwatch_two_vintage_four_specification_matrix_v1,297908c214a0afab30a377854585cb1788922334c3bba976f8e2a1141c6ed73e,bb050aa041e8fc1c8391b908baeab529aaf2e9944d5f35b07af661349176adce,vintage_20260809,portwatch_chokepoints_vintage_20260809_snapshot,data/raw/portwatch/vintages/Daily_Chokepoints_Data__vintage_2026-08-09.csv,0bc806a4c384723debff08053d6fcbb915a03ee9fdf7b23c73d76d9bcb885bcb,sensitivity_only,ar_lag1_7,deterministic_daily_point,2026-04-12,3.0,47.664606109908185,,,44.664606109908185,1973.9486771405025
portwatch_two_vintage_four_specification_matrix_v1,297908c214a0afab30a377854585cb1788922334c3bba976f8e2a1141c6ed73e,bb050aa041e8fc1c8391b908baeab529aaf2e9944d5f35b07af661349176adce,vintage_20260809,portwatch_chokepoints_vintage_20260809_snapshot,data/raw/portwatch/vintages/Daily_Chokepoints_Data__vintage_2026-08-09.csv,0bc806a4c384723debff08053d6fcbb915a03ee9fdf7b23c73d76d9bcb885bcb,sensitivity_only,ar_lag1_7,deterministic_daily_point,2026-04-13,3.0,47.04750826066826,,,44.04750826066826,2017.9961854011708
portwatch_two_vintage_four_specification_matrix_v1,297908c214a0afab30a377854585cb1788922334c3bba976f8e2a1141c6ed73e,bb050aa041e8fc1c8391b908baeab529aaf2e9944d5f35b07af661349176adce,vintage_20260809,portwatch_chokepoints_vintage_20260809_snapshot,data/raw/portwatch/vintages/Daily_Chokepoints_Data__vintage_2026-08-09.csv,0bc806a4c384723debff08053d6fcbb915a03ee9fdf7b23c73d76d9bcb885bcb,sensitivity_only,ar_lag1_7,deterministic_daily_point,2026-04-14,2.0,46.3947514560844,,,44.3947514560844,2062.3909368572554
portwatch_two_vintage_four_specification_matrix_v1,297908c214a0afab30a377854585cb1788922334c3bba976f8e2a1141c6ed73e,bb050aa041e8fc1c8391b908baeab529aaf2e9944d5f35b07af661349176adce,vintage_20260809,portwatch_chokepoints_vintage_20260809_snapshot,data/raw/portwatch/vintages/Daily_Chokepoints_Data__vintage_2026-08-09.csv,0bc806a4c384723debff08053d6fcbb915a03ee9fdf7b23c73d76d9bcb885bcb,sensitivity_only,ar_lag1_7,deterministic_daily_point,2026-04-15,4.0,46.1984067922284,,,42.1984067922284,2104.589343649484
portwatch_two_vintage_four_specification_matrix_v1,297908c214a0afab30a377854585cb1788922334c3bba976f8e2a1141c6ed73e,bb050aa041e8fc1c8391b908baeab529aaf2e9944d5f35b07af661349176adce,vintage_20260809,portwatch_chokepoints_vintage_20260809_snapshot,data/raw/portwatch/vintages/Daily_Chokepoints_Data__vintage_2026-08-09.csv,0bc806a4c384723debff08053d6fcbb915a03ee9fdf7b23c73d76d9bcb885bcb,sensitivity_only,ar_lag1_7,deterministic_daily_point,2026-04-16,1.0,46.606983583414134,,,45.606983583414134,2150.196327232898
portwatch_two_vintage_four_specification_matrix_v1,297908c214a0afab30a377854585cb1788922334c3bba976f8e2a1141c6ed73e,bb050aa041e8fc1c8391b908baeab529aaf2e9944d5f35b07af661349176adce,vintage_20260809,portwatch_chokepoints_vintage_20260809_snapshot,data/raw/portwatch/vintages/Daily_Chokepoints_Data__vintage_2026-08-09.csv,0bc806a4c384723debff08053d6fcbb915a03ee9fdf7b23c73d76d9bcb885bcb,sensitivity_only,ar_lag1_7,deterministic_daily_point,2026-04-17,3.0,47.31310376495803,,,44.31310376495803,2194.5094309978563
portwatch_two_vintage_four_specification_matrix_v1,297908c214a0afab30a377854585cb1788922334c3bba976f8e2a1141c6ed73e,bb050aa041e8fc1c8391b908baeab529aaf2e9944d5f35b07af661349176adce,vintage_20260809,portwatch_chokepoints_vintage_20260809_snapshot,data/raw/portwatch/vintages/Daily_Chokepoints_Data__vintage_2026-08-09.csv,0bc806a4c384723debff08053d6fcbb915a03ee9fdf7b23c73d76d9bcb885bcb,sensitivity_only,ar_lag1_7,deterministic_daily_point,2026-04-18,12.0,47.78535187231242,,,35.78535187231242,2230.2947828701685
portwatch_two_vintage_four_specification_matrix_v1,297908c214a0afab30a377854585cb1788922334c3bba976f8e2a1141c6ed73e,bb050aa041e8fc1c8391b908baeab529aaf2e9944d5f35b07af661349176adce,vintage_20260809,portwatch_chokepoints_vintage_20260809_snapshot,data/raw/portwatch/vintages/Daily_Chokepoints_Data__vintage_2026-08-09.csv,0bc806a4c384723debff08053d6fcbb915a03ee9fdf7b23c73d76d9bcb885bcb,sensitivity_only,ar_lag1_7,deterministic_daily_point,2026-04-19,1.0,47.668430901086296,,,46.668430901086296,2276.9632137712547
portwatch_two_vintage_four_specification_matrix_v1,297908c214a0afab30a377854585cb1788922334c3bba976f8e2a1141c6ed73e,bb050aa041e8fc1c8391b908baeab529aaf2e9944d5f35b07af661349176adce,vintage_20260809,portwatch_chokepoints_vintage_20260809_snapshot,data/raw/portwatch/vintages/Daily_Chokepoints_Data__vintage_2026-08-09.csv,0bc806a4c384723debff08053d6fcbb915a03ee9fdf7b23c73d76d9bcb885bcb,sensitivity_only,ar_lag1_7,deterministic_daily_point,2026-04-20,2.0,47.05056199895327,,,45.05056199895327,2322.013775770208
portwatch_two_vintage_four_specification_matrix_v1,297908c214a0afab30a377854585cb1788922334c3bba976f8e2a1141c6ed73e,bb050aa041e8fc1c8391b908baeab529aaf2e9944d5f35b07af661349176adce,vintage_20260809,portwatch_chokepoints_vintage_20260809_snapshot,data/raw/portwatch/vintages/Daily_Chokepoints_Data__vintage_2026-08-09.csv,0bc806a4c384723debff08053d6fcbb915a03ee9fdf7b23c73d76d9bcb885bcb,sensitivity_only,ar_lag1_7,deterministic_daily_point,2026-04-21,2.0,46.397000386153564,,,44.397000386153564,2366.4107761563614
portwatch_two_vintage_four_specification_matrix_v1,297908c214a0afab30a377854585cb1788922334c3bba976f8e2a1141c6ed73e,bb050aa041e8fc1c8391b908baeab529aaf2e9944d5f35b07af661349176adce,vintage_20260809,portwatch_chokepoints_vintage_20260809_snapshot,data/raw/portwatch/vintages/Daily_Chokepoints_Data__vintage_2026-08-09.csv,0bc806a4c384723debff08053d6fcbb915a03ee9fdf7b23c73d76d9bcb885bcb,sensitivity_only,ar_lag1_7,deterministic_daily_point,2026-04-22,2.0,46.19999752900126,,,44.19999752900126,2410.610773685363
portwatch_two_vintage_four_specification_matrix_v1,297908c214a0afab30a377854585cb1788922334c3bba976f8e2a1141c6ed73e,bb050aa041e8fc1c8391b908baeab529aaf2e9944d5f35b07af661349176adce,vintage_20260809,portwatch_chokepoints_vintage_20260809_snapshot,data/raw/portwatch/vintages/Daily_Chokepoints_Data__vintage_2026-08-09.csv,0bc806a4c384723debff08053d6fcbb915a03ee9fdf7b23c73d76d9bcb885bcb,sensitivity_only,ar_lag1_7,deterministic_daily_point,2026-04-23,0.0,46.60807474185755,,,46.60807474185755,2457.218848427221
portwatch_two_vintage_four_specification_matrix_v1,297908c214a0afab30a377854585cb1788922334c3bba976f8e2a1141c6ed73e,bb050aa041e8fc1c8391b908baeab529aaf2e9944d5f35b07af661349176adce,vintage_20260809,portwatch_chokepoints_vintage_20260809_snapshot,data/raw/portwatch/vintages/Daily_Chokepoints_Data__vintage_2026-08-09.csv,0bc806a4c384723debff08053d6fcbb915a03ee9fdf7b23c73d76d9bcb885bcb,sensitivity_only,ar_lag1_7,deterministic_daily_point,2026-04-24,2.0,47.31406270105828,,,45.31406270105828,2502.532911128279
portwatch_two_vintage_four_specification_matrix_v1,297908c214a0afab30a377854585cb1788922334c3bba976f8e2a1141c6ed73e,bb050aa041e8fc1c8391b908baeab529aaf2e9944d5f35b07af661349176adce,vintage_20260809,portwatch_chokepoints_vintage_20260809_snapshot,data/raw/portwatch/vintages/Daily_Chokepoints_Data__vintage_2026-08-09.csv,0bc806a4c384723debff08053d6fcbb915a03ee9fdf7b23c73d76d9bcb885bcb,sensitivity_only,ar_lag1_7,deterministic_daily_point,2026-04-25,1.0,47.78644454233821,,,46.78644454233821,2549.319355670618
portwatch_two_vintage_four_specification_matrix_v1,297908c214a0afab30a377854585cb1788922334c3bba976f8e2a1141c6ed73e,bb050aa041e8fc1c8391b908baeab529aaf2e9944d5f35b07af661349176adce,vintage_20260809,portwatch_chokepoints_vintage_20260809_snapshot,data/raw/portwatch/vintages/Daily_Chokepoints_Data__vintage_2026-08-09.csv,0bc806a4c384723debff08053d6fcbb915a03ee9fdf7b23c73d76d9bcb885bcb,sensitivity_only,ar_lag1_7,deterministic_daily_point,2026-04-26,1.0,47.669610094546286,,,46.669610094546286,2595.988965765164
portwatch_two_vintage_four_specification_matrix_v1,297908c214a0afab30a377854585cb1788922334c3bba976f8e2a1141c6ed73e,bb050aa041e8fc1c8391b908baeab529aaf2e9944d5f35b07af661349176adce,vintage_20260809,portwatch_chokepoints_vintage_20260809_snapshot,data/raw/portwatch/vintages/Daily_Chokepoints_Data__vintage_2026-08-09.csv,0bc806a4c384723debff08053d6fcbb915a03ee9fdf7b23c73d76d9bcb885bcb,sensitivity_only,ar_lag1_7,deterministic_daily_point,2026-04-27,0.0,47.05161109586507,,,47.05161109586507,2643.040576861029
portwatch_two_vintage_four_specification_matrix_v1,297908c214a0afab30a377854585cb1788922334c3bba976f8e2a1141c6ed73e,bb050aa041e8fc1c8391b908baeab529aaf2e9944d5f35b07af661349176adce,vintage_20260809,portwatch_chokepoints_vintage_20260809_snapshot,data/raw/portwatch/vintages/Daily_Chokepoints_Data__vintage_2026-08-09.csv,0bc806a4c384723debff08053d6fcbb915a03ee9fdf7b23c73d76d9bcb885bcb,sensitivity_only,ar_lag1_7,deterministic_daily_point,2026-04-28,2.0,46.39783637478292,,,44.39783637478292,2687.438413235812
portwatch_two_vintage_four_specification_matrix_v1,297908c214a0afab30a377854585cb1788922334c3bba976f8e2a1141c6ed73e,bb050aa041e8fc1c8391b908baeab529aaf2e9944d5f35b07af661349176adce,vintage_20260809,portwatch_chokepoints_vintage_20260809_snapshot,data/raw/portwatch/vintages/Daily_Chokepoints_Data__vintage_2026-08-09.csv,0bc806a4c384723debff08053d6fcbb915a03ee9fdf7b23c73d76d9bcb885bcb,sensitivity_only,ar_lag1_7,deterministic_daily_point,2026-04-29,3.0,46.200621798862365,,,43.200621798862365,2730.639035034674
portwatch_two_vintage_four_specification_matrix_v1,297908c214a0afab30a377854585cb1788922334c3bba976f8e2a1141c6ed73e,bb050aa041e8fc1c8391b908baeab529aaf2e9944d5f35b07af661349176adce,vintage_20260809,portwatch_chokepoints_vintage_20260809_snapshot,data/raw/portwatch/vintages/Daily_Chokepoints_Data__vintage_2026-08-09.csv,0bc806a4c384723debff08053d6fcbb915a03ee9fdf7b23c73d76d9bcb885bcb,sensitivity_only,ar_lag1_7,deterministic_daily_point,2026-04-30,4.0,46.60852078646088,,,42.60852078646088,2773.247555821135
portwatch_two_vintage_four_specification_matrix_v1,297908c214a0afab30a377854585cb1788922334c3bba976f8e2a1141c6ed73e,bb050aa041e8fc1c8391b908baeab529aaf2e9944d5f35b07af661349176adce,vintage_20260809,portwatch_chokepoints_vintage_20260809_snapshot,data/raw/portwatch/vintages/Daily_Chokepoints_Data__vintage_2026-08-09.csv,0bc806a4c384723debff08053d6fcbb915a03ee9fdf7b23c73d76d9bcb885bcb,sensitivity_only,ar_lag1_7,deterministic_daily_point,2026-05-01,2.0,47.3144187123832,,,45.3144187123832,2818.561974533518
portwatch_two_vintage_four_specification_matrix_v1,297908c214a0afab30a377854585cb1788922334c3bba976f8e2a1141c6ed73e,bb050aa041e8fc1c8391b908baeab529aaf2e9944d5f35b07af661349176adce,vintage_20260809,portwatch_chokepoints_vintage_20260809_snapshot,data/raw/portwatch/vintages/Daily_Chokepoints_Data__vintage_2026-08-09.csv,0bc806a4c384723debff08053d6fcbb915a03ee9fdf7b23c73d76d9bcb885bcb,sensitivity_only,ar_lag1_7,deterministic_daily_point,2026-05-02,4.0,47.78679679970874,,,43.78679679970874,2862.3487713332265
portwatch_two_vintage_four_specification_matrix_v1,297908c214a0afab30a377854585cb1788922334c3bba976f8e2a1141c6ed73e,bb050aa041e8fc1c8391b908baeab529aaf2e9944d5f35b07af661349176adce,vintage_20260809,portwatch_chokepoints_vintage_20260809_snapshot,data/raw/portwatch/vintages/Daily_Chokepoints_Data__vintage_2026-08-09.csv,0bc806a4c384723debff08053d6fcbb915a03ee9fdf7b23c73d76d9bcb885bcb,sensitivity_only,ar_lag1_7,deterministic_daily_point,2026-05-03,1.0,47.66997903968163,,,46.66997903968163,2909.018750372908
portwatch_two_vintage_four_specification_matrix_v1,297908c214a0afab30a377854585cb1788922334c3bba976f8e2a1141c6ed73e,bb050aa041e8fc1c8391b908baeab529aaf2e9944d5f35b07af661349176adce,vintage_20260809,portwatch_chokepoints_vintage_20260809_snapshot,data/raw/portwatch/vintages/Daily_Chokepoints_Data__vintage_2026-08-09.csv,0bc806a4c384723debff08053d6fcbb915a03ee9fdf7b23c73d76d9bcb885bcb,sensitivity_only,ar_lag1_7,deterministic_daily_point,2026-05-04,0.0,47.05195882315518,,,47.05195882315518,2956.070709196063
portwatch_two_vintage_four_specification_matrix_v1,297908c214a0afab30a377854585cb1788922334c3bba976f8e2a1141c6ed73e,bb050aa041e8fc1c8391b908baeab529aaf2e9944d5f35b07af661349176adce,vintage_20260809,portwatch_chokepoints_vintage_20260809_snapshot,data/raw/portwatch/vintages/Daily_Chokepoints_Data__vintage_2026-08-09.csv,0bc806a4c384723debff08053d6fcbb915a03ee9fdf7b23c73d76d9bcb885bcb,sensitivity_only,ar_lag1_7,deterministic_daily_point,2026-05-05,0.0,46.39813231355037,,,46.39813231355037,3002.4688415096134
portwatch_two_vintage_four_specification_matrix_v1,297908c214a0afab30a377854585cb1788922334c3bba976f8e2a1141c6ed73e,bb050aa041e8fc1c8391b908baeab529aaf2e9944d5f35b07af661349176adce,vintage_20260809,portwatch_chokepoints_vintage_20260809_snapshot,data/raw/portwatch/vintages/Daily_Chokepoints_Data__vintage_2026-08-09.csv,0bc806a4c384723debff08053d6fcbb915a03ee9fdf7b23c73d76d9bcb885bcb,sensitivity_only,ar_lag1_7,deterministic_daily_point,2026-05-06,0.0,46.20085551443468,,,46.20085551443468,3048.669697024048
portwatch_two_vintage_four_specification_matrix_v1,297908c214a0afab30a377854585cb1788922334c3bba976f8e2a1141c6ed73e,bb050aa041e8fc1c8391b908baeab529aaf2e9944d5f35b07af661349176adce,vintage_20260809,portwatch_chokepoints_vintage_20260809_snapshot,data/raw/portwatch/vintages/Daily_Chokepoints_Data__vintage_2026-08-09.csv,0bc806a4c384723debff08053d6fcbb915a03ee9fdf7b23c73d76d9bcb885bcb,sensitivity_only,ar_lag1_7,deterministic_daily_point,2026-05-07,0.0,46.60869558812698,,,46.60869558812698,3095.278392612175
portwatch_two_vintage_four_specification_matrix_v1,297908c214a0afab30a377854585cb1788922334c3bba976f8e2a1141c6ed73e,bb050aa041e8fc1c8391b908baeab529aaf2e9944d5f35b07af661349176adce,vintage_20260809,portwatch_chokepoints_vintage_20260809_snapshot,data/raw/portwatch/vintages/Daily_Chokepoints_Data__vintage_2026-08-09.csv,0bc806a4c384723debff08053d6fcbb915a03ee9fdf7b23c73d76d9bcb885bcb,sensitivity_only,ar_lag1_7,deterministic_daily_point,2026-05-08,0.0,47.31455411281277,,,47.31455411281277,3142.592946724988
portwatch_two_vintage_four_specification_matrix_v1,297908c214a0afab30a377854585cb1788922334c3bba976f8e2a1141c6ed73e,bb050aa041e8fc1c8391b908baeab529aaf2e9944d5f35b07af661349176adce,vintage_20260809,portwatch_chokepoints_vintage_20260809_snapshot,data/raw/portwatch/vintages/Daily_Chokepoints_Data__vintage_2026-08-09.csv,0bc806a4c384723debff08053d6fcbb915a03ee9fdf7b23c73d76d9bcb885bcb,sensitivity_only,ar_lag1_7,deterministic_daily_point,2026-05-09,1.0,47.786917597513856,,,46.786917597513856,3189.379864322502
portwatch_two_vintage_four_specification_matrix_v1,297908c214a0afab30a377854585cb1788922334c3bba976f8e2a1141c6ed73e,bb050aa041e8fc1c8391b908baeab529aaf2e9944d5f35b07af661349176adce,vintage_20260809,portwatch_chokepoints_vintage_20260809_snapshot,data/raw/portwatch/vintages/Daily_Chokepoints_Data__vintage_2026-08-09.csv,0bc806a4c384723debff08053d6fcbb915a03ee9fdf7b23c73d76d9bcb885bcb,sensitivity_only,ar_lag1_7,deterministic_daily_point,2026-05-10,2.0,47.67009818761288,,,45.67009818761288,3235.0499625101147
portwatch_two_vintage_four_specification_matrix_v1,297908c214a0afab30a377854585cb1788922334c3bba976f8e2a1141c6ed73e,bb050aa041e8fc1c8391b908baeab529aaf2e9944d5f35b07af661349176adce,vintage_20260809,portwatch_chokepoints_vintage_20260809_snapshot,data/raw/portwatch/vintages/Daily_Chokepoints_Data__vintage_2026-08-09.csv,0bc806a4c384723debff08053d6fcbb915a03ee9fdf7b23c73d76d9bcb885bcb,sensitivity_only,ar_lag1_7,deterministic_daily_point,2026-05-11,4.0,47.052072977123366,,,43.052072977123366,3278.102035487238
portwatch_two_vintage_four_specification_matrix_v1,297908c214a0afab30a377854585cb1788922334c3bba976f8e2a1141c6ed73e,bb050aa041e8fc1c8391b908baeab529aaf2e9944d5f35b07af661349176adce,vintage_20260809,portwatch_chokepoints_vintage_20260809_snapshot,data/raw/portwatch/vintages/Daily_Chokepoints_Data__vintage_2026-08-09.csv,0bc806a4c384723debff08053d6fcbb915a03ee9fdf7b23c73d76d9bcb885bcb,sensitivity_only,ar_lag1_7,deterministic_daily_point,2026-05-12,1.0,46.3982339390578,,,45.3982339390578,3323.5002694262957
portwatch_two_vintage_four_specification_matrix_v1,297908c214a0afab30a377854585cb1788922334c3bba976f8e2a1141c6ed73e,bb050aa041e8fc1c8391b908baeab529aaf2e9944d5f35b07af661349176adce,vintage_20260809,portwatch_chokepoints_vintage_20260809_snapshot,data/raw/portwatch/vintages/Daily_Chokepoints_Data__vintage_2026-08-09.csv,0bc806a4c384723debff08053d6fcbb915a03ee9fdf7b23c73d76d9bcb885bcb,sensitivity_only,ar_lag1_7,deterministic_daily_point,2026-05-13,2.0,46.200939797128505,,,44.200939797128505,3367.701209223424
portwatch_two_vintage_four_specification_matrix_v1,297908c214a0afab30a377854585cb1788922334c3bba976f8e2a1141c6ed73e,bb050aa041e8fc1c8391b908baeab529aaf2e9944d5f35b07af661349176adce,vintage_20260809,portwatch_chokepoints_vintage_20260809_snapshot,data/raw/portwatch/vintages/Daily_Chokepoints_Data__vintage_2026-08-09.csv,0bc806a4c384723debff08053d6fcbb915a03ee9fdf7b23c73d76d9bcb885bcb,sensitivity_only,ar_lag1_7,deterministic_daily_point,2026-05-14,3.0,46.608761527819546,,,43.608761527819546,3411.309970751244
portwatch_two_vintage_four_specification_matrix_v1,297908c214a0afab30a377854585cb1788922334c3bba976f8e2a1141c6ed73e,bb050aa041e8fc1c8391b908baeab529aaf2e9944d5f35b07af661349176adce,vintage_20260809,portwatch_chokepoints_vintage_20260809_snapshot,data/raw/portwatch/vintages/Daily_Chokepoints_Data__vintage_2026-08-09.csv,0bc806a4c384723debff08053d6fcbb915a03ee9fdf7b23c73d76d9bcb885bcb,sensitivity_only,ar_lag1_7,deterministic_daily_point,2026-05-15,2.0,47.31460541902946,,,45.31460541902946,3456.624576170273
portwatch_two_vintage_four_specification_matrix_v1,297908c214a0afab30a377854585cb1788922334c3bba976f8e2a1141c6ed73e,bb050aa041e8fc1c8391b908baeab529aaf2e9944d5f35b07af661349176adce,vintage_20260809,portwatch_chokepoints_vintage_20260809_snapshot,data/raw/portwatch/vintages/Daily_Chokepoints_Data__vintage_2026-08-09.csv,0bc806a4c384723debff08053d6fcbb915a03ee9fdf7b23c73d76d9bcb885bcb,sensitivity_only,ar_lag1_7,deterministic_daily_point,2026-05-16,1.0,47.78696073183748,,,46.78696073183748,3503.4115369021106
portwatch_two_vintage_four_specification_matrix_v1,297908c214a0afab30a377854585cb1788922334c3bba976f8e2a1141c6ed73e,bb050aa041e8fc1c8391b908baeab529aaf2e9944d5f35b07af661349176adce,vintage_20260809,portwatch_chokepoints_vintage_20260809_snapshot,data/raw/portwatch/vintages/Daily_Chokepoints_Data__vintage_2026-08-09.csv,0bc806a4c384723debff08053d6fcbb915a03ee9fdf7b23c73d76d9bcb885bcb,sensitivity_only,ar_lag1_7,deterministic_daily_point,2026-05-17,1.0,47.67013811201629,,,46.67013811201629,3550.081675014127
portwatch_two_vintage_four_specification_matrix_v1,297908c214a0afab30a377854585cb1788922334c3bba976f8e2a1141c6ed73e,bb050aa041e8fc1c8391b908baeab529aaf2e9944d5f35b07af661349176adce,vintage_20260809,portwatch_chokepoints_vintage_20260809_snapshot,data/raw/portwatch/vintages/Daily_Chokepoints_Data__vintage_2026-08-09.csv,0bc806a4c384723debff08053d6fcbb915a03ee9fdf7b23c73d76d9bcb885bcb,sensitivity_only,ar_lag1_7,deterministic_daily_point,2026-05-18,1.0,47.052110736335905,,,46.052110736335905,3596.133785750463
portwatch_two_vintage_four_specification_matrix_v1,297908c214a0afab30a377854585cb1788922334c3bba976f8e2a1141c6ed73e,bb050aa041e8fc1c8391b908baeab529aaf2e9944d5f35b07af661349176adce,vintage_20260809,portwatch_chokepoints_vintage_20260809_snapshot,data/raw/portwatch/vintages/Daily_Chokepoints_Data__vintage_2026-08-09.csv,0bc806a4c384723debff08053d6fcbb915a03ee9fdf7b23c73d76d9bcb885bcb,sensitivity_only,ar_lag1_7,deterministic_daily_point,2026-05-19,3.0,46.398268331708856,,,43.398268331708856,3639.532054082172
portwatch_two_vintage_four_specification_matrix_v1,297908c214a0afab30a377854585cb1788922334c3bba976f8e2a1141c6ed73e,bb050aa041e8fc1c8391b908baeab529aaf2e9944d5f35b07af661349176adce,vintage_20260809,portwatch_chokepoints_vintage_20260809_snapshot,data/raw/portwatch/vintages/Daily_Chokepoints_Data__vintage_2026-08-09.csv,0bc806a4c384723debff08053d6fcbb915a03ee9fdf7b23c73d76d9bcb885bcb,sensitivity_only,ar_lag1_7,deterministic_daily_point,2026-05-20,3.0,46.20096939997653,,,43.20096939997653,3682.733023482149
portwatch_two_vintage_four_specification_matrix_v1,297908c214a0afab30a377854585cb1788922334c3bba976f8e2a1141c6ed73e,bb050aa041e8fc1c8391b908baeab529aaf2e9944d5f35b07af661349176adce,vintage_20260809,portwatch_chokepoints_vintage_20260809_snapshot,data/raw/portwatch/vintages/Daily_Chokepoints_Data__vintage_2026-08-09.csv,0bc806a4c384723debff08053d6fcbb915a03ee9fdf7b23c73d76d9bcb885bcb,sensitivity_only,ar_lag1_7,deterministic_daily_point,2026-05-21,2.0,46.60878563348061,,,44.60878563348061,3727.3418091156295
portwatch_two_vintage_four_specification_matrix_v1,297908c214a0afab30a377854585cb1788922334c3bba976f8e2a1141c6ed73e,bb050aa041e8fc1c8391b908baeab529aaf2e9944d5f35b07af661349176adce,vintage_20260809,portwatch_chokepoints_vintage_20260809_snapshot,data/raw/portwatch/vintages/Daily_Chokepoints_Data__vintage_2026-08-09.csv,0bc806a4c384723debff08053d6fcbb915a03ee9fdf7b23c73d76d9bcb885bcb,sensitivity_only,ar_lag1_7,deterministic_daily_point,2026-05-22,0.0,47.314624551274775,,,47.314624551274775,3774.656433666904
portwatch_two_vintage_four_specification_matrix_v1,297908c214a0afab30a377854585cb1788922334c3bba976f8e2a1141c6ed73e,bb050aa041e8fc1c8391b908baeab529aaf2e9944d5f35b07af661349176adce,vintage_20260809,portwatch_chokepoints_vintage_20260809_snapshot,data/raw/portwatch/vintages/Daily_Chokepoints_Data__vintage_2026-08-09.csv,0bc806a4c384723debff08053d6fcbb915a03ee9fdf7b23c73d76d9bcb885bcb,sensitivity_only,ar_lag1_7,deterministic_daily_point,2026-05-23,1.0,47.7869764189861,,,46.7869764189861,3821.4434100858903
portwatch_two_vintage_four_specification_matrix_v1,297908c214a0afab30a377854585cb1788922334c3bba976f8e2a1141c6ed73e,bb050aa041e8fc1c8391b908baeab529aaf2e9944d5f35b07af661349176adce,vintage_20260809,portwatch_chokepoints_vintage_20260809_snapshot,data/raw/portwatch/vintages/Daily_Chokepoints_Data__vintage_2026-08-09.csv,0bc806a4c384723debff08053d6fcbb915a03ee9fdf7b23c73d76d9bcb885bcb,sensitivity_only,ar_lag1_7,deterministic_daily_point,2026-05-24,2.0,47.670151922717366,,,45.670151922717366,3867.113562008607
portwatch_two_vintage_four_specification_matrix_v1,297908c214a0afab30a377854585cb1788922334c3bba976f8e2a1141c6ed73e,bb050aa041e8fc1c8391b908baeab529aaf2e9944d5f35b07af661349176adce,vintage_20260809,portwatch_chokepoints_vintage_20260809_snapshot,data/raw/portwatch/vintages/Daily_Chokepoints_Data__vintage_2026-08-09.csv,0bc806a4c384723debff08053d6fcbb915a03ee9fdf7b23c73d76d9bcb885bcb,sensitivity_only,ar_lag1_7,deterministic_daily_point,2026-05-25,0.0,47.052123438249225,,,47.052123438249225,3914.165685446857
portwatch_two_vintage_four_specification_matrix_v1,297908c214a0afab30a377854585cb1788922334c3bba976f8e2a1141c6ed73e,bb050aa041e8fc1c8391b908baeab529aaf2e9944d5f35b07af661349176adce,vintage_20260809,portwatch_chokepoints_vintage_20260809_snapshot,data/raw/portwatch/vintages/Daily_Chokepoints_Data__vintage_2026-08-09.csv,0bc806a4c384723debff08053d6fcbb915a03ee9fdf7b23c73d76d9bcb885bcb,sensitivity_only,ar_lag1_7,deterministic_daily_point,2026-05-26,2.0,46.39827994412754,,,44.39827994412754,3958.563965390984
portwatch_two_vintage_four_specification_matrix_v1,297908c214a0afab30a377854585cb1788922334c3bba976f8e2a1141c6ed73e,bb050aa041e8fc1c8391b908baeab529aaf2e9944d5f35b07af661349176adce,vintage_20260809,portwatch_chokepoints_vintage_20260809_snapshot,data/raw/portwatch/vintages/Daily_Chokepoints_Data__vintage_2026-08-09.csv,0bc806a4c384723debff08053d6fcbb915a03ee9fdf7b23c73d76d9bcb885bcb,sensitivity_only,ar_lag1_7,deterministic_daily_point,2026-05-27,1.0,46.20097963350694,,,45.20097963350694,4003.764945024491
portwatch_two_vintage_four_specification_matrix_v1,297908c214a0afab30a377854585cb1788922334c3bba976f8e2a1141c6ed73e,bb050aa041e8fc1c8391b908baeab529aaf2e9944d5f35b07af661349176adce,vintage_20260809,portwatch_chokepoints_vintage_20260809_snapshot,data/raw/portwatch/vintages/Daily_Chokepoints_Data__vintage_2026-08-09.csv,0bc806a4c384723debff08053d6fcbb915a03ee9fdf7b23c73d76d9bcb885bcb,sensitivity_only,ar_lag1_7,deterministic_daily_point,2026-05-28,0.0,46.60879423940798,,,46.60879423940798,4050.373739263898
portwatch_two_vintage_four_specification_matrix_v1,297908c214a0afab30a377854585cb1788922334c3bba976f8e2a1141c6ed73e,bb050aa041e8fc1c8391b908baeab529aaf2e9944d5f35b07af661349176adce,vintage_20260809,portwatch_chokepoints_vintage_20260809_snapshot,data/raw/portwatch/vintages/Daily_Chokepoints_Data__vintage_2026-08-09.csv,0bc806a4c384723debff08053d6fcbb915a03ee9fdf7b23c73d76d9bcb885bcb,sensitivity_only,ar_lag1_7,deterministic_daily_point,2026-05-29,0.0,47.31463155134425,,,47.31463155134425,4097.688370815243
portwatch_two_vintage_four_specification_matrix_v1,297908c214a0afab30a377854585cb1788922334c3bba976f8e2a1141c6ed73e,bb050aa041e8fc1c8391b908baeab529aaf2e9944d5f35b07af661349176adce,vintage_20260809,portwatch_chokepoints_vintage_20260809_snapshot,data/raw/portwatch/vintages/Daily_Chokepoints_Data__vintage_2026-08-09.csv,0bc806a4c384723debff08053d6fcbb915a03ee9fdf7b23c73d76d9bcb885bcb,sensitivity_only,ar_lag1_7,deterministic_daily_point,2026-05-30,0.0,47.78698213885253,,,47.78698213885253,4145.475352954095
portwatch_two_vintage_four_specification_matrix_v1,297908c214a0afab30a377854585cb1788922334c3bba976f8e2a1141c6ed73e,bb050aa041e8fc1c8391b908baeab529aaf2e9944d5f35b07af661349176adce,vintage_20260809,portwatch_chokepoints_vintage_20260809_snapshot,data/raw/portwatch/vintages/Daily_Chokepoints_Data__vintage_2026-08-09.csv,0bc806a4c384723debff08053d6fcbb915a03ee9fdf7b23c73d76d9bcb885bcb,sensitivity_only,ar_lag1_7,deterministic_daily_point,2026-05-31,0.0,47.670156803035646,,,47.670156803035646,4193.145509757131
portwatch_two_vintage_four_specification_matrix_v1,297908c214a0afab30a377854585cb1788922334c3bba976f8e2a1141c6ed73e,bb050aa041e8fc1c8391b908baeab529aaf2e9944d5f35b07af661349176adce,vintage_20260809,portwatch_chokepoints_vintage_20260809_snapshot,data/raw/portwatch/vintages/Daily_Chokepoints_Data__vintage_2026-08-09.csv,0bc806a4c384723debff08053d6fcbb915a03ee9fdf7b23c73d76d9bcb885bcb,sensitivity_only,ar_lag1_7,deterministic_daily_point,2026-06-01,1.0,47.05212779333747,,,46.05212779333747,4239.197637550468
portwatch_two_vintage_four_specification_matrix_v1,297908c214a0afab30a377854585cb1788922334c3bba976f8e2a1141c6ed73e,bb050aa041e8fc1c8391b908baeab529aaf2e9944d5f35b07af661349176adce,vintage_20260809,portwatch_chokepoints_vintage_20260809_snapshot,data/raw/portwatch/vintages/Daily_Chokepoints_Data__vintage_2026-08-09.csv,0bc806a4c384723debff08053d6fcbb915a03ee9fdf7b23c73d76d9bcb885bcb,sensitivity_only,ar_lag1_7,deterministic_daily_point,2026-06-02,3.0,46.398283888259336,,,43.398283888259336,4282.595921438728
portwatch_two_vintage_four_specification_matrix_v1,297908c214a0afab30a377854585cb1788922334c3bba976f8e2a1141c6ed73e,bb050aa041e8fc1c8391b908baeab529aaf2e9944d5f35b07af661349176adce,vintage_20260809,portwatch_chokepoints_vintage_20260809_snapshot,data/raw/portwatch/vintages/Daily_Chokepoints_Data__vintage_2026-08-09.csv,0bc806a4c384723debff08053d6fcbb915a03ee9fdf7b23c73d76d9bcb885bcb,sensitivity_only,ar_lag1_7,deterministic_daily_point,2026-06-03,3.0,46.20098314654833,,,43.20098314654833,4325.796904585276
portwatch_two_vintage_four_specification_matrix_v1,297908c214a0afab30a377854585cb1788922334c3bba976f8e2a1141c6ed73e,bb050aa041e8fc1c8391b908baeab529aaf2e9944d5f35b07af661349176adce,vintage_20260809,portwatch_chokepoints_vintage_20260809_snapshot,data/raw/portwatch/vintages/Daily_Chokepoints_Data__vintage_2026-08-09.csv,0bc806a4c384723debff08053d6fcbb915a03ee9fdf7b23c73d76d9bcb885bcb,sensitivity_only,ar_lag1_7,deterministic_daily_point,2026-06-04,1.0,46.60879726254132,,,45.60879726254132,4371.405701847817
portwatch_two_vintage_four_specification_matrix_v1,297908c214a0afab30a377854585cb1788922334c3bba976f8e2a1141c6ed73e,bb050aa041e8fc1c8391b908baeab529aaf2e9944d5f35b07af661349176adce,vintage_20260809,portwatch_chokepoints_vintage_20260809_snapshot,data/raw/portwatch/vintages/Daily_Chokepoints_Data__vintage_2026-08-09.csv,0bc806a4c384723debff08053d6fcbb915a03ee9fdf7b23c73d76d9bcb885bcb,sensitivity_only,ar_lag1_7,deterministic_daily_point,2026-06-05,0.0,47.31463406846197,,,47.31463406846197,4418.720335916279
portwatch_two_vintage_four_specification_matrix_v1,297908c214a0afab30a377854585cb1788922334c3bba976f8e2a1141c6ed73e,bb050aa041e8fc1c8391b908baeab529aaf2e9944d5f35b07af661349176adce,vintage_20260809,portwatch_chokepoints_vintage_20260809_snapshot,data/raw/portwatch/vintages/Daily_Chokepoints_Data__vintage_2026-08-09.csv,0bc806a4c384723debff08053d6fcbb915a03ee9fdf7b23c73d76d9bcb885bcb,sensitivity_only,ar_lag1_7,deterministic_daily_point,2026-06-06,0.0,47.78698421206961,,,47.78698421206961,4466.5073201283485
portwatch_two_vintage_four_specification_matrix_v1,297908c214a0afab30a377854585cb1788922334c3bba976f8e2a1141c6ed73e,bb050aa041e8fc1c8391b908baeab529aaf2e9944d5f35b07af661349176adce,vintage_20260809,portwatch_chokepoints_vintage_20260809_snapshot,data/raw/portwatch/vintages/Daily_Chokepoints_Data__vintage_2026-08-09.csv,0bc806a4c384723debff08053d6fcbb915a03ee9fdf7b23c73d76d9bcb885bcb,sensitivity_only,ar_lag1_7,deterministic_daily_point,2026-06-07,0.0,47.67015854583684,,,47.67015854583684,4514.177478674185
portwatch_two_vintage_four_specification_matrix_v1,297908c214a0afab30a377854585cb1788922334c3bba976f8e2a1141c6ed73e,bb050aa041e8fc1c8391b908baeab529aaf2e9944d5f35b07af661349176adce,vintage_20260809,portwatch_chokepoints_vintage_20260809_snapshot,data/raw/portwatch/vintages/Daily_Chokepoints_Data__vintage_2026-08-09.csv,0bc806a4c384723debff08053d6fcbb915a03ee9fdf7b23c73d76d9bcb885bcb,sensitivity_only,ar_lag1_7,deterministic_daily_point,2026-06-08,1.0,47.05212931093807,,,46.05212931093807,4560.229607985123
portwatch_two_vintage_four_specification_matrix_v1,297908c214a0afab30a377854585cb1788922334c3bba976f8e2a1141c6ed73e,bb050aa041e8fc1c8391b908baeab529aaf2e9944d5f35b07af661349176adce,vintage_20260809,portwatch_chokepoints_vintage_20260809_snapshot,data/raw/portwatch/vintages/Daily_Chokepoints_Data__vintage_2026-08-09.csv,0bc806a4c384723debff08053d6fcbb915a03ee9fdf7b23c73d76d9bcb885bcb,sensitivity_only,ar_lag1_7,deterministic_daily_point,2026-06-09,2.0,46.398285241346706,,,44.398285241346706,4604.6278932264695
portwatch_two_vintage_four_specification_matrix_v1,297908c214a0afab30a377854585cb1788922334c3bba976f8e2a1141c6ed73e,bb050aa041e8fc1c8391b908baeab529aaf2e9944d5f35b07af661349176adce,vintage_20260809,portwatch_chokepoints_vintage_20260809_snapshot,data/raw/portwatch/vintages/Daily_Chokepoints_Data__vintage_2026-08-09.csv,0bc806a4c384723debff08053d6fcbb915a03ee9fdf7b23c73d76d9bcb885bcb,sensitivity_only,ar_lag1_7,deterministic_daily_point,2026-06-10,0.0,46.20098435222116,,,46.20098435222116,4650.8288775786905
portwatch_two_vintage_four_specification_matrix_v1,297908c214a0afab30a377854585cb1788922334c3bba976f8e2a1141c6ed73e,bb050aa041e8fc1c8391b908baeab529aaf2e9944d5f35b07af661349176adce,vintage_20260809,portwatch_chokepoints_vintage_20260809_snapshot,data/raw/portwatch/vintages/Daily_Chokepoints_Data__vintage_2026-08-09.csv,0bc806a4c384723debff08053d6fcbb915a03ee9fdf7b23c73d76d9bcb885bcb,sensitivity_only,ar_lag1_7,deterministic_daily_point,2026-06-11,2.0,46.60879831455831,,,44.60879831455831,4695.4376758932485
portwatch_two_vintage_four_specification_matrix_v1,297908c214a0afab30a377854585cb1788922334c3bba976f8e2a1141c6ed73e,bb050aa041e8fc1c8391b908baeab529aaf2e9944d5f35b07af661349176adce,vintage_20260809,portwatch_chokepoints_vintage_20260809_snapshot,data/raw/portwatch/vintages/Daily_Chokepoints_Data__vintage_2026-08-09.csv,0bc806a4c384723debff08053d6fcbb915a03ee9fdf7b23c73d76d9bcb885bcb,sensitivity_only,ar_lag1_7,deterministic_daily_point,2026-06-12,1.0,47.314634961281925,,,46.314634961281925,4741.75231085453
portwatch_two_vintage_four_specification_matrix_v1,297908c214a0afab30a377854585cb1788922334c3bba976f8e2a1141c6ed73e,bb050aa041e8fc1c8391b908baeab529aaf2e9944d5f35b07af661349176adce,vintage_20260809,portwatch_chokepoints_vintage_20260809_snapshot,data/raw/portwatch/vintages/Daily_Chokepoints_Data__vintage_2026-08-09.csv,0bc806a4c384723debff08053d6fcbb915a03ee9fdf7b23c73d76d9bcb885bcb,sensitivity_only,ar_lag1_7,deterministic_daily_point,2026-06-13,0.0,47.78698495667422,,,47.78698495667422,4789.539295811204
portwatch_two_vintage_four_specification_matrix_v1,297908c214a0afab30a377854585cb1788922334c3bba976f8e2a1141c6ed73e,bb050aa041e8fc1c8391b908baeab529aaf2e9944d5f35b07af661349176adce,vintage_20260809,portwatch_chokepoints_vintage_20260809_snapshot,data/raw/portwatch/vintages/Daily_Chokepoints_Data__vintage_2026-08-09.csv,0bc806a4c384723debff08053d6fcbb915a03ee9fdf7b23c73d76d9bcb885bcb,sensitivity_only,ar_lag1_7,deterministic_daily_point,2026-06-14,0.0,47.67015916969331,,,47.67015916969331,4837.209454980897
portwatch_two_vintage_four_specification_matrix_v1,297908c214a0afab30a377854585cb1788922334c3bba976f8e2a1141c6ed73e,bb050aa041e8fc1c8391b908baeab529aaf2e9944d5f35b07af661349176adce,vintage_20260809,portwatch_chokepoints_vintage_20260809_snapshot,data/raw/portwatch/vintages/Daily_Chokepoints_Data__vintage_2026-08-09.csv,0bc806a4c384723debff08053d6fcbb915a03ee9fdf7b23c73d76d9bcb885bcb,sensitivity_only,ar_lag1_7,deterministic_daily_point,2026-06-15,1.0,47.05212984557574,,,46.05212984557574,4883.261584826473
portwatch_two_vintage_four_specification_matrix_v1,297908c214a0afab30a377854585cb1788922334c3bba976f8e2a1141c6ed73e,bb050aa041e8fc1c8391b908baeab529aaf2e9944d5f35b07af661349176adce,vintage_20260809,portwatch_chokepoints_vintage_20260809_snapshot,data/raw/portwatch/vintages/Daily_Chokepoints_Data__vintage_2026-08-09.csv,0bc806a4c384723debff08053d6fcbb915a03ee9fdf7b23c73d76d9bcb885bcb,sensitivity_only,ar_lag1_7,deterministic_daily_point,2026-06-16,2.0,46.39828571045406,,,44.39828571045406,4927.659870536927
portwatch_two_vintage_four_specification_matrix_v1,297908c214a0afab30a377854585cb1788922334c3bba976f8e2a1141c6ed73e,bb050aa041e8fc1c8391b908baeab529aaf2e9944d5f35b07af661349176adce,vintage_20260809,portwatch_chokepoints_vintage_20260809_snapshot,data/raw/portwatch/vintages/Daily_Chokepoints_Data__vintage_2026-08-09.csv,0bc806a4c384723debff08053d6fcbb915a03ee9fdf7b23c73d76d9bcb885bcb,sensitivity_only,ar_lag1_7,deterministic_daily_point,2026-06-17,0.0,46.20098476766591,,,46.20098476766591,4973.860855304593
portwatch_two_vintage_four_specification_matrix_v1,297908c214a0afab30a377854585cb1788922334c3bba976f8e2a1141c6ed73e,bb050aa041e8fc1c8391b908baeab529aaf2e9944d5f35b07af661349176adce,vintage_20260809,portwatch_chokepoints_vintage_20260809_snapshot,data/raw/portwatch/vintages/Daily_Chokepoints_Data__vintage_2026-08-09.csv,0bc806a4c384723debff08053d6fcbb915a03ee9fdf7b23c73d76d9bcb885bcb,sensitivity_only,ar_lag1_7,deterministic_daily_point,2026-06-18,10.0,46.608798679204725,,,36.608798679204725,5010.469653983798
portwatch_two_vintage_four_specification_matrix_v1,297908c214a0afab30a377854585cb1788922334c3bba976f8e2a1141c6ed73e,bb050aa041e8fc1c8391b908baeab529aaf2e9944d5f35b07af661349176adce,vintage_20260809,portwatch_chokepoints_vintage_20260809_snapshot,data/raw/portwatch/vintages/Daily_Chokepoints_Data__vintage_2026-08-09.csv,0bc806a4c384723debff08053d6fcbb915a03ee9fdf7b23c73d76d9bcb885bcb,sensitivity_only,ar_lag1_7,deterministic_daily_point,2026-06-19,3.0,47.314635274981704,,,44.314635274981704,5054.78428925878
portwatch_two_vintage_four_specification_matrix_v1,297908c214a0afab30a377854585cb1788922334c3bba976f8e2a1141c6ed73e,bb050aa041e8fc1c8391b908baeab529aaf2e9944d5f35b07af661349176adce,vintage_20260809,portwatch_chokepoints_vintage_20260809_snapshot,data/raw/portwatch/vintages/Daily_Chokepoints_Data__vintage_2026-08-09.csv,0bc806a4c384723debff08053d6fcbb915a03ee9fdf7b23c73d76d9bcb885bcb,sensitivity_only,ar_lag1_7,deterministic_daily_point,2026-06-20,12.0,47.786985221660515,,,35.786985221660515,5090.5712744804405
portwatch_two_vintage_four_specification_matrix_v1,297908c214a0afab30a377854585cb1788922334c3bba976f8e2a1141c6ed73e,bb050aa041e8fc1c8391b908baeab529aaf2e9944d5f35b07af661349176adce,vintage_20260809,portwatch_chokepoints_vintage_20260809_snapshot,data/raw/portwatch/vintages/Daily_Chokepoints_Data__vintage_2026-08-09.csv,0bc806a4c384723debff08053d6fcbb915a03ee9fdf7b23c73d76d9bcb885bcb,sensitivity_only,ar_lag1_7,deterministic_daily_point,2026-06-21,1.0,47.67015939246512,,,46.67015939246512,5137.241433872906
portwatch_two_vintage_four_specification_matrix_v1,297908c214a0afab30a377854585cb1788922334c3bba976f8e2a1141c6ed73e,bb050aa041e8fc1c8391b908baeab529aaf2e9944d5f35b07af661349176adce,vintage_20260809,portwatch_chokepoints_vintage_20260809_snapshot,data/raw/portwatch/vintages/Daily_Chokepoints_Data__vintage_2026-08-09.csv,0bc806a4c384723debff08053d6fcbb915a03ee9fdf7b23c73d76d9bcb885bcb,sensitivity_only,ar_lag1_7,deterministic_daily_point,2026-06-22,8.0,47.05213003497374,,,39.05213003497374,5176.29356390788
portwatch_two_vintage_four_specification_matrix_v1,297908c214a0afab30a377854585cb1788922334c3bba976f8e2a1141c6ed73e,bb050aa041e8fc1c8391b908baeab529aaf2e9944d5f35b07af661349176adce,vintage_20260809,portwatch_chokepoints_vintage_20260809_snapshot,data/raw/portwatch/vintages/Daily_Chokepoints_Data__vintage_2026-08-09.csv,0bc806a4c384723debff08053d6fcbb915a03ee9fdf7b23c73d76d9bcb885bcb,sensitivity_only,ar_lag1_7,deterministic_daily_point,2026-06-23,4.0,46.39828587450879,,,42.39828587450879,5218.691849782388
portwatch_two_vintage_four_specification_matrix_v1,297908c214a0afab30a377854585cb1788922334c3bba976f8e2a1141c6ed73e,bb050aa041e8fc1c8391b908baeab529aaf2e9944d5f35b07af661349176adce,vintage_20260809,portwatch_chokepoints_vintage_20260809_snapshot,data/raw/portwatch/vintages/Daily_Chokepoints_Data__vintage_2026-08-09.csv,0bc806a4c384723debff08053d6fcbb915a03ee9fdf7b23c73d76d9bcb885bcb,sensitivity_only,ar_lag1_7,deterministic_daily_point,2026-06-24,18.0,46.20098491166391,,,28.20098491166391,5246.892834694052
portwatch_two_vintage_four_specification_matrix_v1,297908c214a0afab30a377854585cb1788922334c3bba976f8e2a1141c6ed73e,bb050aa041e8fc1c8391b908baeab529aaf2e9944d5f35b07af661349176adce,vintage_20260809,portwatch_chokepoints_vintage_20260809_snapshot,data/raw/portwatch/vintages/Daily_Chokepoints_Data__vintage_2026-08-09.csv,0bc806a4c384723debff08053d6fcbb915a03ee9fdf7b23c73d76d9bcb885bcb,sensitivity_only,ar_lag1_7,deterministic_daily_point,2026-06-25,21.0,46.60879880559648,,,25.60879880559648,5272.501633499648
portwatch_two_vintage_four_specification_matrix_v1,297908c214a0afab30a377854585cb1788922334c3bba976f8e2a1141c6ed73e,bb050aa041e8fc1c8391b908baeab529aaf2e9944d5f35b07af661349176adce,vintage_20260809,portwatch_chokepoints_vintage_20260809_snapshot,data/raw/portwatch/vintages/Daily_Chokepoints_Data__vintage_2026-08-09.csv,0bc806a4c384723debff08053d6fcbb915a03ee9fdf7b23c73d76d9bcb885bcb,sensitivity_only,ar_lag1_7,deterministic_daily_point,2026-06-26,17.0,47.31463538459596,,,30.31463538459596,5302.816268884244
portwatch_two_vintage_four_specification_matrix_v1,297908c214a0afab30a377854585cb1788922334c3bba976f8e2a1141c6ed73e,bb050aa041e8fc1c8391b908baeab529aaf2e9944d5f35b07af661349176adce,vintage_20260809,portwatch_chokepoints_vintage_20260809_snapshot,data/raw/portwatch/vintages/Daily_Chokepoints_Data__vintage_2026-08-09.csv,0bc806a4c384723debff08053d6fcbb915a03ee9fdf7b23c73d76d9bcb885bcb,sensitivity_only,ar_lag1_7,deterministic_daily_point,2026-06-27,9.0,47.786985315252664,,,38.786985315252664,5341.603254199496
portwatch_two_vintage_four_specification_matrix_v1,297908c214a0afab30a377854585cb1788922334c3bba976f8e2a1141c6ed73e,bb050aa041e8fc1c8391b908baeab529aaf2e9944d5f35b07af661349176adce,vintage_20260809,portwatch_chokepoints_vintage_20260809_snapshot,data/raw/portwatch/vintages/Daily_Chokepoints_Data__vintage_2026-08-09.csv,0bc806a4c384723debff08053d6fcbb915a03ee9fdf7b23c73d76d9bcb885bcb,sensitivity_only,ar_lag1_7,deterministic_daily_point,2026-06-28,6.0,47.670159471652525,,,41.670159471652525,5383.273413671149
portwatch_two_vintage_four_specification_matrix_v1,297908c214a0afab30a377854585cb1788922334c3bba976f8e2a1141c6ed73e,bb050aa041e8fc1c8391b908baeab529aaf2e9944d5f35b07af661349176adce,vintage_20260809,portwatch_chokepoints_vintage_20260809_snapshot,data/raw/portwatch/vintages/Daily_Chokepoints_Data__vintage_2026-08-09.csv,0bc806a4c384723debff08053d6fcbb915a03ee9fdf7b23c73d76d9bcb885bcb,sensitivity_only,ar_lag1_7,deterministic_daily_point,2026-06-29,12.0,47.05213010216341,,,35.05213010216341,5418.325543773312
portwatch_two_vintage_four_specification_matrix_v1,297908c214a0afab30a377854585cb1788922334c3bba976f8e2a1141c6ed73e,bb050aa041e8fc1c8391b908baeab529aaf2e9944d5f35b07af661349176adce,vintage_20260809,portwatch_chokepoints_vintage_20260809_snapshot,data/raw/portwatch/vintages/Daily_Chokepoints_Data__vintage_2026-08-09.csv,0bc806a4c384723debff08053d6fcbb915a03ee9fdf7b23c73d76d9bcb885bcb,sensitivity_only,ar_lag1_7,deterministic_daily_point,2026-06-30,5.0,46.39828593221613,,,41.39828593221613,5459.723829705528
portwatch_two_vintage_four_specification_matrix_v1,297908c214a0afab30a377854585cb1788922334c3bba976f8e2a1141c6ed73e,bb050aa041e8fc1c8391b908baeab529aaf2e9944d5f35b07af661349176adce,vintage_20260809,portwatch_chokepoints_vintage_20260809_snapshot,data/raw/portwatch/vintages/Daily_Chokepoints_Data__vintage_2026-08-09.csv,0bc806a4c384723debff08053d6fcbb915a03ee9fdf7b23c73d76d9bcb885bcb,sensitivity_only,ar_lag1_7,deterministic_daily_point,2026-07-01,17.0,46.20098496187138,,,29.200984961871377,5488.9248146674
portwatch_two_vintage_four_specification_matrix_v1,297908c214a0afab30a377854585cb1788922334c3bba976f8e2a1141c6ed73e,bb050aa041e8fc1c8391b908baeab529aaf2e9944d5f35b07af661349176adce,vintage_20260809,portwatch_chokepoints_vintage_20260809_snapshot,data/raw/portwatch/vintages/Daily_Chokepoints_Data__vintage_2026-08-09.csv,0bc806a4c384723debff08053d6fcbb915a03ee9fdf7b23c73d76d9bcb885bcb,sensitivity_only,ar_lag1_7,deterministic_daily_point,2026-07-02,14.0,46.60879884950941,,,32.60879884950941,5521.533613516909
portwatch_two_vintage_four_specification_matrix_v1,297908c214a0afab30a377854585cb1788922334c3bba976f8e2a1141c6ed73e,bb050aa041e8fc1c8391b908baeab529aaf2e9944d5f35b07af661349176adce,vintage_20260809,portwatch_chokepoints_vintage_20260809_snapshot,data/raw/portwatch/vintages/Daily_Chokepoints_Data__vintage_2026-08-09.csv,0bc806a4c384723debff08053d6fcbb915a03ee9fdf7b23c73d76d9bcb885bcb,sensitivity_only,ar_lag1_7,deterministic_daily_point,2026-07-03,17.0,47.31463542280963,,,30.31463542280963,5551.848248939718
portwatch_two_vintage_four_specification_matrix_v1,297908c214a0afab30a377854585cb1788922334c3bba976f8e2a1141c6ed73e,bb050aa041e8fc1c8391b908baeab529aaf2e9944d5f35b07af661349176adce,vintage_20260809,portwatch_chokepoints_vintage_20260809_snapshot,data/raw/portwatch/vintages/Daily_Chokepoints_Data__vintage_2026-08-09.csv,0bc806a4c384723debff08053d6fcbb915a03ee9fdf7b23c73d76d9bcb885bcb,sensitivity_only,ar_lag1_7,deterministic_daily_point,2026-07-04,6.0,47.78698534813308,,,41.78698534813308,5593.635234287852
portwatch_two_vintage_four_specification_matrix_v1,297908c214a0afab30a377854585cb1788922334c3bba976f8e2a1141c6ed73e,bb050aa041e8fc1c8391b908baeab529aaf2e9944d5f35b07af661349176adce,vintage_20260809,portwatch_chokepoints_vintage_20260809_snapshot,data/raw/portwatch/vintages/Daily_Chokepoints_Data__vintage_2026-08-09.csv,0bc806a4c384723debff08053d6fcbb915a03ee9fdf7b23c73d76d9bcb885bcb,sensitivity_only,ar_lag1_7,deterministic_daily_point,2026-07-05,15.0,47.67015949966462,,,32.67015949966462,5626.305393787517
portwatch_two_vintage_four_specification_matrix_v1,297908c214a0afab30a377854585cb1788922334c3bba976f8e2a1141c6ed73e,bb050aa041e8fc1c8391b908baeab529aaf2e9944d5f35b07af661349176adce,vintage_20260809,portwatch_chokepoints_vintage_20260809_snapshot,data/raw/portwatch/vintages/Daily_Chokepoints_Data__vintage_2026-08-09.csv,0bc806a4c384723debff08053d6fcbb915a03ee9fdf7b23c73d76d9bcb885bcb,sensitivity_only,ar_lag1_7,deterministic_daily_point,2026-07-06,14.0,47.05213012597117,,,33.05213012597117,5659.357523913488
portwatch_two_vintage_four_specification_matrix_v1,297908c214a0afab30a377854585cb1788922334c3bba976f8e2a1141c6ed73e,bb050aa041e8fc1c8391b908baeab529aaf2e9944d5f35b07af661349176adce,vintage_20260809,portwatch_chokepoints_vintage_20260809_snapshot,data/raw/portwatch/vintages/Daily_Chokepoints_Data__vintage_2026-08-09.csv,0bc806a4c384723debff08053d6fcbb915a03ee9fdf7b23c73d76d9bcb885bcb,sensitivity_only,ar_lag1_7,deterministic_daily_point,2026-07-07,10.0,46.39828595257589,,,36.39828595257589,5695.755809866064
portwatch_two_vintage_four_specification_matrix_v1,297908c214a0afab30a377854585cb1788922334c3bba976f8e2a1141c6ed73e,bb050aa041e8fc1c8391b908baeab529aaf2e9944d5f35b07af661349176adce,vintage_20260809,portwatch_chokepoints_vintage_20260809_snapshot,data/raw/portwatch/vintages/Daily_Chokepoints_Data__vintage_2026-08-09.csv,0bc806a4c384723debff08053d6fcbb915a03ee9fdf7b23c73d76d9bcb885bcb,sensitivity_only,chronos2,daily_q0.5,2026-02-28,33.0,40.01568984985352,18.675966262817383,63.82265090942383,7.015689849853516,7.015689849853516
portwatch_two_vintage_four_specification_matrix_v1,297908c214a0afab30a377854585cb1788922334c3bba976f8e2a1141c6ed73e,bb050aa041e8fc1c8391b908baeab529aaf2e9944d5f35b07af661349176adce,vintage_20260809,portwatch_chokepoints_vintage_20260809_snapshot,data/raw/portwatch/vintages/Daily_Chokepoints_Data__vintage_2026-08-09.csv,0bc806a4c384723debff08053d6fcbb915a03ee9fdf7b23c73d76d9bcb885bcb,sensitivity_only,chronos2,daily_q0.5,2026-03-01,5.0,40.48670196533203,18.533275604248047,64.59973907470703,35.48670196533203,42.50239181518555
portwatch_two_vintage_four_specification_matrix_v1,297908c214a0afab30a377854585cb1788922334c3bba976f8e2a1141c6ed73e,bb050aa041e8fc1c8391b908baeab529aaf2e9944d5f35b07af661349176adce,vintage_20260809,portwatch_chokepoints_vintage_20260809_snapshot,data/raw/portwatch/vintages/Daily_Chokepoints_Data__vintage_2026-08-09.csv,0bc806a4c384723debff08053d6fcbb915a03ee9fdf7b23c73d76d9bcb885bcb,sensitivity_only,chronos2,daily_q0.5,2026-03-02,1.0,40.642860412597656,18.876510620117188,64.98921203613281,39.642860412597656,82.1452522277832
portwatch_two_vintage_four_specification_matrix_v1,297908c214a0afab30a377854585cb1788922334c3bba976f8e2a1141c6ed73e,bb050aa041e8fc1c8391b908baeab529aaf2e9944d5f35b07af661349176adce,vintage_20260809,portwatch_chokepoints_vintage_20260809_snapshot,data/raw/portwatch/vintages/Daily_Chokepoints_Data__vintage_2026-08-09.csv,0bc806a4c384723debff08053d6fcbb915a03ee9fdf7b23c73d76d9bcb885bcb,sensitivity_only,chronos2,daily_q0.5,2026-03-03,1.0,40.54787826538086,19.17205238342285,65.05646514892578,39.54787826538086,121.69313049316406
portwatch_two_vintage_four_specification_matrix_v1,297908c214a0afab30a377854585cb1788922334c3bba976f8e2a1141c6ed73e,bb050aa041e8fc1c8391b908baeab529aaf2e9944d5f35b07af661349176adce,vintage_20260809,portwatch_chokepoints_vintage_20260809_snapshot,data/raw/portwatch/vintages/Daily_Chokepoints_Data__vintage_2026-08-09.csv,0bc806a4c384723debff08053d6fcbb915a03ee9fdf7b23c73d76d9bcb885bcb,sensitivity_only,chronos2,daily_q0.5,2026-03-04,0.0,40.76520156860352,18.8489990234375,64.91197967529297,40.76520156860352,162.45833206176758
portwatch_two_vintage_four_specification_matrix_v1,297908c214a0afab30a377854585cb1788922334c3bba976f8e2a1141c6ed73e,bb050aa041e8fc1c8391b908baeab529aaf2e9944d5f35b07af661349176adce,vintage_20260809,portwatch_chokepoints_vintage_20260809_snapshot,data/raw/portwatch/vintages/Daily_Chokepoints_Data__vintage_2026-08-09.csv,0bc806a4c384723debff08053d6fcbb915a03ee9fdf7b23c73d76d9bcb885bcb,sensitivity_only,chronos2,daily_q0.5,2026-03-05,1.0,40.97396087646485,19.113021850585938,65.10423278808594,39.97396087646485,202.4322929382324
portwatch_two_vintage_four_specification_matrix_v1,297908c214a0afab30a377854585cb1788922334c3bba976f8e2a1141c6ed73e,bb050aa041e8fc1c8391b908baeab529aaf2e9944d5f35b07af661349176adce,vintage_20260809,portwatch_chokepoints_vintage_20260809_snapshot,data/raw/portwatch/vintages/Daily_Chokepoints_Data__vintage_2026-08-09.csv,0bc806a4c384723debff08053d6fcbb915a03ee9fdf7b23c73d76d9bcb885bcb,sensitivity_only,chronos2,daily_q0.5,2026-03-06,0.0,41.03329086303711,19.37405776977539,65.28536987304688,41.03329086303711,243.46558380126953
portwatch_two_vintage_four_specification_matrix_v1,297908c214a0afab30a377854585cb1788922334c3bba976f8e2a1141c6ed73e,bb050aa041e8fc1c8391b908baeab529aaf2e9944d5f35b07af661349176adce,vintage_20260809,portwatch_chokepoints_vintage_20260809_snapshot,data/raw/portwatch/vintages/Daily_Chokepoints_Data__vintage_2026-08-09.csv,0bc806a4c384723debff08053d6fcbb915a03ee9fdf7b23c73d76d9bcb885bcb,sensitivity_only,chronos2,daily_q0.5,2026-03-07,0.0,41.19487762451172,19.129106521606445,65.56079864501953,41.19487762451172,284.66046142578125
portwatch_two_vintage_four_specification_matrix_v1,297908c214a0afab30a377854585cb1788922334c3bba976f8e2a1141c6ed73e,bb050aa041e8fc1c8391b908baeab529aaf2e9944d5f35b07af661349176adce,vintage_20260809,portwatch_chokepoints_vintage_20260809_snapshot,data/raw/portwatch/vintages/Daily_Chokepoints_Data__vintage_2026-08-09.csv,0bc806a4c384723debff08053d6fcbb915a03ee9fdf7b23c73d76d9bcb885bcb,sensitivity_only,chronos2,daily_q0.5,2026-03-08,0.0,41.33919143676758,19.23052406311035,65.36514282226562,41.33919143676758,325.9996528625488
portwatch_two_vintage_four_specification_matrix_v1,297908c214a0afab30a377854585cb1788922334c3bba976f8e2a1141c6ed73e,bb050aa041e8fc1c8391b908baeab529aaf2e9944d5f35b07af661349176adce,vintage_20260809,portwatch_chokepoints_vintage_20260809_snapshot,data/raw/portwatch/vintages/Daily_Chokepoints_Data__vintage_2026-08-09.csv,0bc806a4c384723debff08053d6fcbb915a03ee9fdf7b23c73d76d9bcb885bcb,sensitivity_only,chronos2,daily_q0.5,2026-03-09,0.0,41.52987289428711,19.355703353881836,65.56680297851562,41.52987289428711,367.52952575683594
portwatch_two_vintage_four_specification_matrix_v1,297908c214a0afab30a377854585cb1788922334c3bba976f8e2a1141c6ed73e,bb050aa041e8fc1c8391b908baeab529aaf2e9944d5f35b07af661349176adce,vintage_20260809,portwatch_chokepoints_vintage_20260809_snapshot,data/raw/portwatch/vintages/Daily_Chokepoints_Data__vintage_2026-08-09.csv,0bc806a4c384723debff08053d6fcbb915a03ee9fdf7b23c73d76d9bcb885bcb,sensitivity_only,chronos2,daily_q0.5,2026-03-10,1.0,41.70304107666016,19.2872314453125,65.74966430664062,40.70304107666016,408.2325668334961
portwatch_two_vintage_four_specification_matrix_v1,297908c214a0afab30a377854585cb1788922334c3bba976f8e2a1141c6ed73e,bb050aa041e8fc1c8391b908baeab529aaf2e9944d5f35b07af661349176adce,vintage_20260809,portwatch_chokepoints_vintage_20260809_snapshot,data/raw/portwatch/vintages/Daily_Chokepoints_Data__vintage_2026-08-09.csv,0bc806a4c384723debff08053d6fcbb915a03ee9fdf7b23c73d76d9bcb885bcb,sensitivity_only,chronos2,daily_q0.5,2026-03-11,0.0,41.73298645019531,19.57735061645508,66.24977111816406,41.73298645019531,449.9655532836914
portwatch_two_vintage_four_specification_matrix_v1,297908c214a0afab30a377854585cb1788922334c3bba976f8e2a1141c6ed73e,bb050aa041e8fc1c8391b908baeab529aaf2e9944d5f35b07af661349176adce,vintage_20260809,portwatch_chokepoints_vintage_20260809_snapshot,data/raw/portwatch/vintages/Daily_Chokepoints_Data__vintage_2026-08-09.csv,0bc806a4c384723debff08053d6fcbb915a03ee9fdf7b23c73d76d9bcb885bcb,sensitivity_only,chronos2,daily_q0.5,2026-03-12,0.0,41.9235725402832,19.88690757751465,66.20494079589844,41.9235725402832,491.8891258239746
portwatch_two_vintage_four_specification_matrix_v1,297908c214a0afab30a377854585cb1788922334c3bba976f8e2a1141c6ed73e,bb050aa041e8fc1c8391b908baeab529aaf2e9944d5f35b07af661349176adce,vintage_20260809,portwatch_chokepoints_vintage_20260809_snapshot,data/raw/portwatch/vintages/Daily_Chokepoints_Data__vintage_2026-08-09.csv,0bc806a4c384723debff08053d6fcbb915a03ee9fdf7b23c73d76d9bcb885bcb,sensitivity_only,chronos2,daily_q0.5,2026-03-13,0.0,41.894134521484375,19.7206974029541,66.73120880126953,41.894134521484375,533.783260345459
portwatch_two_vintage_four_specification_matrix_v1,297908c214a0afab30a377854585cb1788922334c3bba976f8e2a1141c6ed73e,bb050aa041e8fc1c8391b908baeab529aaf2e9944d5f35b07af661349176adce,vintage_20260809,portwatch_chokepoints_vintage_20260809_snapshot,data/raw/portwatch/vintages/Daily_Chokepoints_Data__vintage_2026-08-09.csv,0bc806a4c384723debff08053d6fcbb915a03ee9fdf7b23c73d76d9bcb885bcb,sensitivity_only,chronos2,daily_q0.5,2026-03-14,0.0,42.253684997558594,20.096046447753903,66.5168685913086,42.253684997558594,576.0369453430176
portwatch_two_vintage_four_specification_matrix_v1,297908c214a0afab30a377854585cb1788922334c3bba976f8e2a1141c6ed73e,bb050aa041e8fc1c8391b908baeab529aaf2e9944d5f35b07af661349176adce,vintage_20260809,portwatch_chokepoints_vintage_20260809_snapshot,data/raw/portwatch/vintages/Daily_Chokepoints_Data__vintage_2026-08-09.csv,0bc806a4c384723debff08053d6fcbb915a03ee9fdf7b23c73d76d9bcb885bcb,sensitivity_only,chronos2,daily_q0.5,2026-03-15,2.0,42.37800598144531,20.189788818359375,66.76214599609375,40.37800598144531,616.4149513244629
portwatch_two_vintage_four_specification_matrix_v1,297908c214a0afab30a377854585cb1788922334c3bba976f8e2a1141c6ed73e,bb050aa041e8fc1c8391b908baeab529aaf2e9944d5f35b07af661349176adce,vintage_20260809,portwatch_chokepoints_vintage_20260809_snapshot,data/raw/portwatch/vintages/Daily_Chokepoints_Data__vintage_2026-08-09.csv,0bc806a4c384723debff08053d6fcbb915a03ee9fdf7b23c73d76d9bcb885bcb,sensitivity_only,chronos2,daily_q0.5,2026-03-16,0.0,42.516883850097656,19.021862030029297,66.84049224853516,42.516883850097656,658.9318351745605
portwatch_two_vintage_four_specification_matrix_v1,297908c214a0afab30a377854585cb1788922334c3bba976f8e2a1141c6ed73e,bb050aa041e8fc1c8391b908baeab529aaf2e9944d5f35b07af661349176adce,vintage_20260809,portwatch_chokepoints_vintage_20260809_snapshot,data/raw/portwatch/vintages/Daily_Chokepoints_Data__vintage_2026-08-09.csv,0bc806a4c384723debff08053d6fcbb915a03ee9fdf7b23c73d76d9bcb885bcb,sensitivity_only,chronos2,daily_q0.5,2026-03-17,1.0,42.60245513916016,19.11610221862793,67.35572814941406,41.60245513916016,700.5342903137207
portwatch_two_vintage_four_specification_matrix_v1,297908c214a0afab30a377854585cb1788922334c3bba976f8e2a1141c6ed73e,bb050aa041e8fc1c8391b908baeab529aaf2e9944d5f35b07af661349176adce,vintage_20260809,portwatch_chokepoints_vintage_20260809_snapshot,data/raw/portwatch/vintages/Daily_Chokepoints_Data__vintage_2026-08-09.csv,0bc806a4c384723debff08053d6fcbb915a03ee9fdf7b23c73d76d9bcb885bcb,sensitivity_only,chronos2,daily_q0.5,2026-03-18,0.0,42.755462646484375,19.55463409423828,67.74600219726562,42.755462646484375,743.2897529602051
portwatch_two_vintage_four_specification_matrix_v1,297908c214a0afab30a377854585cb1788922334c3bba976f8e2a1141c6ed73e,bb050aa041e8fc1c8391b908baeab529aaf2e9944d5f35b07af661349176adce,vintage_20260809,portwatch_chokepoints_vintage_20260809_snapshot,data/raw/portwatch/vintages/Daily_Chokepoints_Data__vintage_2026-08-09.csv,0bc806a4c384723debff08053d6fcbb915a03ee9fdf7b23c73d76d9bcb885bcb,sensitivity_only,chronos2,daily_q0.5,2026-03-19,0.0,42.87821578979492,19.659574508666992,67.53462982177734,42.87821578979492,786.16796875
portwatch_two_vintage_four_specification_matrix_v1,297908c214a0afab30a377854585cb1788922334c3bba976f8e2a1141c6ed73e,bb050aa041e8fc1c8391b908baeab529aaf2e9944d5f35b07af661349176adce,vintage_20260809,portwatch_chokepoints_vintage_20260809_snapshot,data/raw/portwatch/vintages/Daily_Chokepoints_Data__vintage_2026-08-09.csv,0bc806a4c384723debff08053d6fcbb915a03ee9fdf7b23c73d76d9bcb885bcb,sensitivity_only,chronos2,daily_q0.5,2026-03-20,2.0,43.00853729248047,19.46306037902832,67.43709564208984,41.00853729248047,827.1765060424805
portwatch_two_vintage_four_specification_matrix_v1,297908c214a0afab30a377854585cb1788922334c3bba976f8e2a1141c6ed73e,bb050aa041e8fc1c8391b908baeab529aaf2e9944d5f35b07af661349176adce,vintage_20260809,portwatch_chokepoints_vintage_20260809_snapshot,data/raw/portwatch/vintages/Daily_Chokepoints_Data__vintage_2026-08-09.csv,0bc806a4c384723debff08053d6fcbb915a03ee9fdf7b23c73d76d9bcb885bcb,sensitivity_only,chronos2,daily_q0.5,2026-03-21,0.0,43.16600036621094,19.683155059814453,67.63318634033203,43.16600036621094,870.3425064086914
portwatch_two_vintage_four_specification_matrix_v1,297908c214a0afab30a377854585cb1788922334c3bba976f8e2a1141c6ed73e,bb050aa041e8fc1c8391b908baeab529aaf2e9944d5f35b07af661349176adce,vintage_20260809,portwatch_chokepoints_vintage_20260809_snapshot,data/raw/portwatch/vintages/Daily_Chokepoints_Data__vintage_2026-08-09.csv,0bc806a4c384723debff08053d6fcbb915a03ee9fdf7b23c73d76d9bcb885bcb,sensitivity_only,chronos2,daily_q0.5,2026-03-22,0.0,43.26710510253906,19.83296585083008,67.77217102050781,43.26710510253906,913.6096115112304
portwatch_two_vintage_four_specification_matrix_v1,297908c214a0afab30a377854585cb1788922334c3bba976f8e2a1141c6ed73e,bb050aa041e8fc1c8391b908baeab529aaf2e9944d5f35b07af661349176adce,vintage_20260809,portwatch_chokepoints_vintage_20260809_snapshot,data/raw/portwatch/vintages/Daily_Chokepoints_Data__vintage_2026-08-09.csv,0bc806a4c384723debff08053d6fcbb915a03ee9fdf7b23c73d76d9bcb885bcb,sensitivity_only,chronos2,daily_q0.5,2026-03-23,2.0,43.40242767333984,19.68037223815918,67.97044372558594,41.40242767333984,955.0120391845704
portwatch_two_vintage_four_specification_matrix_v1,297908c214a0afab30a377854585cb1788922334c3bba976f8e2a1141c6ed73e,bb050aa041e8fc1c8391b908baeab529aaf2e9944d5f35b07af661349176adce,vintage_20260809,portwatch_chokepoints_vintage_20260809_snapshot,data/raw/portwatch/vintages/Daily_Chokepoints_Data__vintage_2026-08-09.csv,0bc806a4c384723debff08053d6fcbb915a03ee9fdf7b23c73d76d9bcb885bcb,sensitivity_only,chronos2,daily_q0.5,2026-03-24,1.0,43.521820068359375,19.738582611083984,67.82621002197266,42.521820068359375,997.5338592529296
portwatch_two_vintage_four_specification_matrix_v1,297908c214a0afab30a377854585cb1788922334c3bba976f8e2a1141c6ed73e,bb050aa041e8fc1c8391b908baeab529aaf2e9944d5f35b07af661349176adce,vintage_20260809,portwatch_chokepoints_vintage_20260809_snapshot,data/raw/portwatch/vintages/Daily_Chokepoints_Data__vintage_2026-08-09.csv,0bc806a4c384723debff08053d6fcbb915a03ee9fdf7b23c73d76d9bcb885bcb,sensitivity_only,chronos2,daily_q0.5,2026-03-25,1.0,43.68320846557617,19.890893936157227,67.85858917236328,42.68320846557617,1040.217067718506
portwatch_two_vintage_four_specification_matrix_v1,297908c214a0afab30a377854585cb1788922334c3bba976f8e2a1141c6ed73e,bb050aa041e8fc1c8391b908baeab529aaf2e9944d5f35b07af661349176adce,vintage_20260809,portwatch_chokepoints_vintage_20260809_snapshot,data/raw/portwatch/vintages/Daily_Chokepoints_Data__vintage_2026-08-09.csv,0bc806a4c384723debff08053d6fcbb915a03ee9fdf7b23c73d76d9bcb885bcb,sensitivity_only,chronos2,daily_q0.5,2026-03-26,0.0,43.7877082824707,19.627195358276367,68.20426177978516,43.7877082824707,1084.0047760009766
portwatch_two_vintage_four_specification_matrix_v1,297908c214a0afab30a377854585cb1788922334c3bba976f8e2a1141c6ed73e,bb050aa041e8fc1c8391b908baeab529aaf2e9944d5f35b07af661349176adce,vintage_20260809,portwatch_chokepoints_vintage_20260809_snapshot,data/raw/portwatch/vintages/Daily_Chokepoints_Data__vintage_2026-08-09.csv,0bc806a4c384723debff08053d6fcbb915a03ee9fdf7b23c73d76d9bcb885bcb,sensitivity_only,chronos2,daily_q0.5,2026-03-27,0.0,43.900489807128906,20.055830001831055,68.93669128417969,43.900489807128906,1127.9052658081057
portwatch_two_vintage_four_specification_matrix_v1,297908c214a0afab30a377854585cb1788922334c3bba976f8e2a1141c6ed73e,bb050aa041e8fc1c8391b908baeab529aaf2e9944d5f35b07af661349176adce,vintage_20260809,portwatch_chokepoints_vintage_20260809_snapshot,data/raw/portwatch/vintages/Daily_Chokepoints_Data__vintage_2026-08-09.csv,0bc806a4c384723debff08053d6fcbb915a03ee9fdf7b23c73d76d9bcb885bcb,sensitivity_only,chronos2,daily_q0.5,2026-03-28,0.0,43.96809768676758,20.221193313598633,68.92681884765625,43.96809768676758,1171.873363494873
portwatch_two_vintage_four_specification_matrix_v1,297908c214a0afab30a377854585cb1788922334c3bba976f8e2a1141c6ed73e,bb050aa041e8fc1c8391b908baeab529aaf2e9944d5f35b07af661349176adce,vintage_20260809,portwatch_chokepoints_vintage_20260809_snapshot,data/raw/portwatch/vintages/Daily_Chokepoints_Data__vintage_2026-08-09.csv,0bc806a4c384723debff08053d6fcbb915a03ee9fdf7b23c73d76d9bcb885bcb,sensitivity_only,chronos2,daily_q0.5,2026-03-29,2.0,44.02405548095703,20.10395050048828,69.37684631347656,42.02405548095703,1213.89741897583
portwatch_two_vintage_four_specification_matrix_v1,297908c214a0afab30a377854585cb1788922334c3bba976f8e2a1141c6ed73e,bb050aa041e8fc1c8391b908baeab529aaf2e9944d5f35b07af661349176adce,vintage_20260809,portwatch_chokepoints_vintage_20260809_snapshot,data/raw/portwatch/vintages/Daily_Chokepoints_Data__vintage_2026-08-09.csv,0bc806a4c384723debff08053d6fcbb915a03ee9fdf7b23c73d76d9bcb885bcb,sensitivity_only,chronos2,daily_q0.5,2026-03-30,3.0,44.12296676635742,20.44831657409668,68.88919067382812,41.12296676635742,1255.0203857421875
portwatch_two_vintage_four_specification_matrix_v1,297908c214a0afab30a377854585cb1788922334c3bba976f8e2a1141c6ed73e,bb050aa041e8fc1c8391b908baeab529aaf2e9944d5f35b07af661349176adce,vintage_20260809,portwatch_chokepoints_vintage_20260809_snapshot,data/raw/portwatch/vintages/Daily_Chokepoints_Data__vintage_2026-08-09.csv,0bc806a4c384723debff08053d6fcbb915a03ee9fdf7b23c73d76d9bcb885bcb,sensitivity_only,chronos2,daily_q0.5,2026-03-31,2.0,44.247413635253906,20.435312271118164,69.28850555419922,42.247413635253906,1297.2677993774414
portwatch_two_vintage_four_specification_matrix_v1,297908c214a0afab30a377854585cb1788922334c3bba976f8e2a1141c6ed73e,bb050aa041e8fc1c8391b908baeab529aaf2e9944d5f35b07af661349176adce,vintage_20260809,portwatch_chokepoints_vintage_20260809_snapshot,data/raw/portwatch/vintages/Daily_Chokepoints_Data__vintage_2026-08-09.csv,0bc806a4c384723debff08053d6fcbb915a03ee9fdf7b23c73d76d9bcb885bcb,sensitivity_only,chronos2,daily_q0.5,2026-04-01,1.0,44.91748809814453,19.766788482666016,69.1630630493164,43.91748809814453,1341.185287475586
portwatch_two_vintage_four_specification_matrix_v1,297908c214a0afab30a377854585cb1788922334c3bba976f8e2a1141c6ed73e,bb050aa041e8fc1c8391b908baeab529aaf2e9944d5f35b07af661349176adce,vintage_20260809,portwatch_chokepoints_vintage_20260809_snapshot,data/raw/portwatch/vintages/Daily_Chokepoints_Data__vintage_2026-08-09.csv,0bc806a4c384723debff08053d6fcbb915a03ee9fdf7b23c73d76d9bcb885bcb,sensitivity_only,chronos2,daily_q0.5,2026-04-02,0.0,44.914039611816406,19.451995849609375,69.65319061279297,44.914039611816406,1386.0993270874023
portwatch_two_vintage_four_specification_matrix_v1,297908c214a0afab30a377854585cb1788922334c3bba976f8e2a1141c6ed73e,bb050aa041e8fc1c8391b908baeab529aaf2e9944d5f35b07af661349176adce,vintage_20260809,portwatch_chokepoints_vintage_20260809_snapshot,data/raw/portwatch/vintages/Daily_Chokepoints_Data__vintage_2026-08-09.csv,0bc806a4c384723debff08053d6fcbb915a03ee9fdf7b23c73d76d9bcb885bcb,sensitivity_only,chronos2,daily_q0.5,2026-04-03,2.0,45.081512451171875,19.953657150268555,69.98136138916016,43.081512451171875,1429.1808395385742
portwatch_two_vintage_four_specification_matrix_v1,297908c214a0afab30a377854585cb1788922334c3bba976f8e2a1141c6ed73e,bb050aa041e8fc1c8391b908baeab529aaf2e9944d5f35b07af661349176adce,vintage_20260809,portwatch_chokepoints_vintage_20260809_snapshot,data/raw/portwatch/vintages/Daily_Chokepoints_Data__vintage_2026-08-09.csv,0bc806a4c384723debff08053d6fcbb915a03ee9fdf7b23c73d76d9bcb885bcb,sensitivity_only,chronos2,daily_q0.5,2026-04-04,3.0,45.29365539550781,20.36724090576172,69.56330108642578,42.29365539550781,1471.474494934082
portwatch_two_vintage_four_specification_matrix_v1,297908c214a0afab30a377854585cb1788922334c3bba976f8e2a1141c6ed73e,bb050aa041e8fc1c8391b908baeab529aaf2e9944d5f35b07af661349176adce,vintage_20260809,portwatch_chokepoints_vintage_20260809_snapshot,data/raw/portwatch/vintages/Daily_Chokepoints_Data__vintage_2026-08-09.csv,0bc806a4c384723debff08053d6fcbb915a03ee9fdf7b23c73d76d9bcb885bcb,sensitivity_only,chronos2,daily_q0.5,2026-04-05,4.0,45.28565216064453,20.316709518432617,69.29259490966797,41.28565216064453,1512.7601470947266
portwatch_two_vintage_four_specification_matrix_v1,297908c214a0afab30a377854585cb1788922334c3bba976f8e2a1141c6ed73e,bb050aa041e8fc1c8391b908baeab529aaf2e9944d5f35b07af661349176adce,vintage_20260809,portwatch_chokepoints_vintage_20260809_snapshot,data/raw/portwatch/vintages/Daily_Chokepoints_Data__vintage_2026-08-09.csv,0bc806a4c384723debff08053d6fcbb915a03ee9fdf7b23c73d76d9bcb885bcb,sensitivity_only,chronos2,daily_q0.5,2026-04-06,0.0,45.43739700317383,20.19306373596191,69.60890197753906,45.43739700317383,1558.1975440979004
portwatch_two_vintage_four_specification_matrix_v1,297908c214a0afab30a377854585cb1788922334c3bba976f8e2a1141c6ed73e,bb050aa041e8fc1c8391b908baeab529aaf2e9944d5f35b07af661349176adce,vintage_20260809,portwatch_chokepoints_vintage_20260809_snapshot,data/raw/portwatch/vintages/Daily_Chokepoints_Data__vintage_2026-08-09.csv,0bc806a4c384723debff08053d6fcbb915a03ee9fdf7b23c73d76d9bcb885bcb,sensitivity_only,chronos2,daily_q0.5,2026-04-07,2.0,45.42556381225586,20.385704040527344,69.56986999511719,43.42556381225586,1601.6231079101562
portwatch_two_vintage_four_specification_matrix_v1,297908c214a0afab30a377854585cb1788922334c3bba976f8e2a1141c6ed73e,bb050aa041e8fc1c8391b908baeab529aaf2e9944d5f35b07af661349176adce,vintage_20260809,portwatch_chokepoints_vintage_20260809_snapshot,data/raw/portwatch/vintages/Daily_Chokepoints_Data__vintage_2026-08-09.csv,0bc806a4c384723debff08053d6fcbb915a03ee9fdf7b23c73d76d9bcb885bcb,sensitivity_only,chronos2,daily_q0.5,2026-04-08,0.0,45.60591506958008,20.377765655517575,69.84369659423828,45.60591506958008,1647.2290229797363
portwatch_two_vintage_four_specification_matrix_v1,297908c214a0afab30a377854585cb1788922334c3bba976f8e2a1141c6ed73e,bb050aa041e8fc1c8391b908baeab529aaf2e9944d5f35b07af661349176adce,vintage_20260809,portwatch_chokepoints_vintage_20260809_snapshot,data/raw/portwatch/vintages/Daily_Chokepoints_Data__vintage_2026-08-09.csv,0bc806a4c384723debff08053d6fcbb915a03ee9fdf7b23c73d76d9bcb885bcb,sensitivity_only,chronos2,daily_q0.5,2026-04-09,5.0,45.71781539916992,20.041105270385746,69.70047760009766,40.71781539916992,1687.9468383789062
portwatch_two_vintage_four_specification_matrix_v1,297908c214a0afab30a377854585cb1788922334c3bba976f8e2a1141c6ed73e,bb050aa041e8fc1c8391b908baeab529aaf2e9944d5f35b07af661349176adce,vintage_20260809,portwatch_chokepoints_vintage_20260809_snapshot,data/raw/portwatch/vintages/Daily_Chokepoints_Data__vintage_2026-08-09.csv,0bc806a4c384723debff08053d6fcbb915a03ee9fdf7b23c73d76d9bcb885bcb,sensitivity_only,chronos2,daily_q0.5,2026-04-10,0.0,45.82177734375,20.6926326751709,69.81578063964844,45.82177734375,1733.7686157226562
portwatch_two_vintage_four_specification_matrix_v1,297908c214a0afab30a377854585cb1788922334c3bba976f8e2a1141c6ed73e,bb050aa041e8fc1c8391b908baeab529aaf2e9944d5f35b07af661349176adce,vintage_20260809,portwatch_chokepoints_vintage_20260809_snapshot,data/raw/portwatch/vintages/Daily_Chokepoints_Data__vintage_2026-08-09.csv,0bc806a4c384723debff08053d6fcbb915a03ee9fdf7b23c73d76d9bcb885bcb,sensitivity_only,chronos2,daily_q0.5,2026-04-11,3.0,45.834720611572266,19.990049362182617,69.91441345214844,42.834720611572266,1776.6033363342283
portwatch_two_vintage_four_specification_matrix_v1,297908c214a0afab30a377854585cb1788922334c3bba976f8e2a1141c6ed73e,bb050aa041e8fc1c8391b908baeab529aaf2e9944d5f35b07af661349176adce,vintage_20260809,portwatch_chokepoints_vintage_20260809_snapshot,data/raw/portwatch/vintages/Daily_Chokepoints_Data__vintage_2026-08-09.csv,0bc806a4c384723debff08053d6fcbb915a03ee9fdf7b23c73d76d9bcb885bcb,sensitivity_only,chronos2,daily_q0.5,2026-04-12,3.0,45.895294189453125,20.625877380371097,70.51441955566406,42.895294189453125,1819.4986305236816
portwatch_two_vintage_four_specification_matrix_v1,297908c214a0afab30a377854585cb1788922334c3bba976f8e2a1141c6ed73e,bb050aa041e8fc1c8391b908baeab529aaf2e9944d5f35b07af661349176adce,vintage_20260809,portwatch_chokepoints_vintage_20260809_snapshot,data/raw/portwatch/vintages/Daily_Chokepoints_Data__vintage_2026-08-09.csv,0bc806a4c384723debff08053d6fcbb915a03ee9fdf7b23c73d76d9bcb885bcb,sensitivity_only,chronos2,daily_q0.5,2026-04-13,3.0,45.82830810546875,20.84536361694336,70.60211181640625,42.82830810546875,1862.3269386291504
portwatch_two_vintage_four_specification_matrix_v1,297908c214a0afab30a377854585cb1788922334c3bba976f8e2a1141c6ed73e,bb050aa041e8fc1c8391b908baeab529aaf2e9944d5f35b07af661349176adce,vintage_20260809,portwatch_chokepoints_vintage_20260809_snapshot,data/raw/portwatch/vintages/Daily_Chokepoints_Data__vintage_2026-08-09.csv,0bc806a4c384723debff08053d6fcbb915a03ee9fdf7b23c73d76d9bcb885bcb,sensitivity_only,chronos2,daily_q0.5,2026-04-14,2.0,45.89405822753906,20.738964080810547,70.90316772460938,43.89405822753906,1906.2209968566897
portwatch_two_vintage_four_specification_matrix_v1,297908c214a0afab30a377854585cb1788922334c3bba976f8e2a1141c6ed73e,bb050aa041e8fc1c8391b908baeab529aaf2e9944d5f35b07af661349176adce,vintage_20260809,portwatch_chokepoints_vintage_20260809_snapshot,data/raw/portwatch/vintages/Daily_Chokepoints_Data__vintage_2026-08-09.csv,0bc806a4c384723debff08053d6fcbb915a03ee9fdf7b23c73d76d9bcb885bcb,sensitivity_only,chronos2,daily_q0.5,2026-04-15,4.0,45.89656829833984,20.930641174316406,70.27587890625,41.89656829833984,1948.1175651550293
portwatch_two_vintage_four_specification_matrix_v1,297908c214a0afab30a377854585cb1788922334c3bba976f8e2a1141c6ed73e,bb050aa041e8fc1c8391b908baeab529aaf2e9944d5f35b07af661349176adce,vintage_20260809,portwatch_chokepoints_vintage_20260809_snapshot,data/raw/portwatch/vintages/Daily_Chokepoints_Data__vintage_2026-08-09.csv,0bc806a4c384723debff08053d6fcbb915a03ee9fdf7b23c73d76d9bcb885bcb,sensitivity_only,chronos2,daily_q0.5,2026-04-16,1.0,45.95929336547851,20.87649917602539,70.57633972167969,44.95929336547851,1993.076858520508
portwatch_two_vintage_four_specification_matrix_v1,297908c214a0afab30a377854585cb1788922334c3bba976f8e2a1141c6ed73e,bb050aa041e8fc1c8391b908baeab529aaf2e9944d5f35b07af661349176adce,vintage_20260809,portwatch_chokepoints_vintage_20260809_snapshot,data/raw/portwatch/vintages/Daily_Chokepoints_Data__vintage_2026-08-09.csv,0bc806a4c384723debff08053d6fcbb915a03ee9fdf7b23c73d76d9bcb885bcb,sensitivity_only,chronos2,daily_q0.5,2026-04-17,3.0,46.53875350952149,20.784399032592773,70.9805679321289,43.53875350952149,2036.6156120300293
portwatch_two_vintage_four_specification_matrix_v1,297908c214a0afab30a377854585cb1788922334c3bba976f8e2a1141c6ed73e,bb050aa041e8fc1c8391b908baeab529aaf2e9944d5f35b07af661349176adce,vintage_20260809,portwatch_chokepoints_vintage_20260809_snapshot,data/raw/portwatch/vintages/Daily_Chokepoints_Data__vintage_2026-08-09.csv,0bc806a4c384723debff08053d6fcbb915a03ee9fdf7b23c73d76d9bcb885bcb,sensitivity_only,chronos2,daily_q0.5,2026-04-18,12.0,46.63890075683594,20.37139892578125,71.21661376953125,34.63890075683594,2071.2545127868652
portwatch_two_vintage_four_specification_matrix_v1,297908c214a0afab30a377854585cb1788922334c3bba976f8e2a1141c6ed73e,bb050aa041e8fc1c8391b908baeab529aaf2e9944d5f35b07af661349176adce,vintage_20260809,portwatch_chokepoints_vintage_20260809_snapshot,data/raw/portwatch/vintages/Daily_Chokepoints_Data__vintage_2026-08-09.csv,0bc806a4c384723debff08053d6fcbb915a03ee9fdf7b23c73d76d9bcb885bcb,sensitivity_only,chronos2,daily_q0.5,2026-04-19,1.0,46.69553756713867,20.52967834472656,71.28231048583984,45.69553756713867,2116.950050354004
portwatch_two_vintage_four_specification_matrix_v1,297908c214a0afab30a377854585cb1788922334c3bba976f8e2a1141c6ed73e,bb050aa041e8fc1c8391b908baeab529aaf2e9944d5f35b07af661349176adce,vintage_20260809,portwatch_chokepoints_vintage_20260809_snapshot,data/raw/portwatch/vintages/Daily_Chokepoints_Data__vintage_2026-08-09.csv,0bc806a4c384723debff08053d6fcbb915a03ee9fdf7b23c73d76d9bcb885bcb,sensitivity_only,chronos2,daily_q0.5,2026-04-20,2.0,46.63578414916992,21.09083366394043,71.09024047851562,44.63578414916992,2161.585834503174
portwatch_two_vintage_four_specification_matrix_v1,297908c214a0afab30a377854585cb1788922334c3bba976f8e2a1141c6ed73e,bb050aa041e8fc1c8391b908baeab529aaf2e9944d5f35b07af661349176adce,vintage_20260809,portwatch_chokepoints_vintage_20260809_snapshot,data/raw/portwatch/vintages/Daily_Chokepoints_Data__vintage_2026-08-09.csv,0bc806a4c384723debff08053d6fcbb915a03ee9fdf7b23c73d76d9bcb885bcb,sensitivity_only,chronos2,daily_q0.5,2026-04-21,2.0,46.62879180908203,21.08830451965332,70.75830078125,44.62879180908203,2206.214626312256
portwatch_two_vintage_four_specification_matrix_v1,297908c214a0afab30a377854585cb1788922334c3bba976f8e2a1141c6ed73e,bb050aa041e8fc1c8391b908baeab529aaf2e9944d5f35b07af661349176adce,vintage_20260809,portwatch_chokepoints_vintage_20260809_snapshot,data/raw/portwatch/vintages/Daily_Chokepoints_Data__vintage_2026-08-09.csv,0bc806a4c384723debff08053d6fcbb915a03ee9fdf7b23c73d76d9bcb885bcb,sensitivity_only,chronos2,daily_q0.5,2026-04-22,2.0,46.79978561401367,20.84482192993164,71.0067138671875,44.79978561401367,2251.0144119262695
portwatch_two_vintage_four_specification_matrix_v1,297908c214a0afab30a377854585cb1788922334c3bba976f8e2a1141c6ed73e,bb050aa041e8fc1c8391b908baeab529aaf2e9944d5f35b07af661349176adce,vintage_20260809,portwatch_chokepoints_vintage_20260809_snapshot,data/raw/portwatch/vintages/Daily_Chokepoints_Data__vintage_2026-08-09.csv,0bc806a4c384723debff08053d6fcbb915a03ee9fdf7b23c73d76d9bcb885bcb,sensitivity_only,chronos2,daily_q0.5,2026-04-23,0.0,46.75829315185547,20.826377868652344,70.84243774414062,46.75829315185547,2297.772705078125
portwatch_two_vintage_four_specification_matrix_v1,297908c214a0afab30a377854585cb1788922334c3bba976f8e2a1141c6ed73e,bb050aa041e8fc1c8391b908baeab529aaf2e9944d5f35b07af661349176adce,vintage_20260809,portwatch_chokepoints_vintage_20260809_snapshot,data/raw/portwatch/vintages/Daily_Chokepoints_Data__vintage_2026-08-09.csv,0bc806a4c384723debff08053d6fcbb915a03ee9fdf7b23c73d76d9bcb885bcb,sensitivity_only,chronos2,daily_q0.5,2026-04-24,2.0,46.853965759277344,21.03155517578125,71.09099578857422,44.853965759277344,2342.6266708374023
portwatch_two_vintage_four_specification_matrix_v1,297908c214a0afab30a377854585cb1788922334c3bba976f8e2a1141c6ed73e,bb050aa041e8fc1c8391b908baeab529aaf2e9944d5f35b07af661349176adce,vintage_20260809,portwatch_chokepoints_vintage_20260809_snapshot,data/raw/portwatch/vintages/Daily_Chokepoints_Data__vintage_2026-08-09.csv,0bc806a4c384723debff08053d6fcbb915a03ee9fdf7b23c73d76d9bcb885bcb,sensitivity_only,chronos2,daily_q0.5,2026-04-25,1.0,46.909610748291016,20.679229736328125,71.03071594238281,45.909610748291016,2388.536281585694
portwatch_two_vintage_four_specification_matrix_v1,297908c214a0afab30a377854585cb1788922334c3bba976f8e2a1141c6ed73e,bb050aa041e8fc1c8391b908baeab529aaf2e9944d5f35b07af661349176adce,vintage_20260809,portwatch_chokepoints_vintage_20260809_snapshot,data/raw/portwatch/vintages/Daily_Chokepoints_Data__vintage_2026-08-09.csv,0bc806a4c384723debff08053d6fcbb915a03ee9fdf7b23c73d76d9bcb885bcb,sensitivity_only,chronos2,daily_q0.5,2026-04-26,1.0,46.94139862060547,21.39008140563965,71.00200653076172,45.94139862060547,2434.477680206299
portwatch_two_vintage_four_specification_matrix_v1,297908c214a0afab30a377854585cb1788922334c3bba976f8e2a1141c6ed73e,bb050aa041e8fc1c8391b908baeab529aaf2e9944d5f35b07af661349176adce,vintage_20260809,portwatch_chokepoints_vintage_20260809_snapshot,data/raw/portwatch/vintages/Daily_Chokepoints_Data__vintage_2026-08-09.csv,0bc806a4c384723debff08053d6fcbb915a03ee9fdf7b23c73d76d9bcb885bcb,sensitivity_only,chronos2,daily_q0.5,2026-04-27,0.0,46.944969177246094,20.57103157043457,71.16968536376953,46.944969177246094,2481.422649383545
portwatch_two_vintage_four_specification_matrix_v1,297908c214a0afab30a377854585cb1788922334c3bba976f8e2a1141c6ed73e,bb050aa041e8fc1c8391b908baeab529aaf2e9944d5f35b07af661349176adce,vintage_20260809,portwatch_chokepoints_vintage_20260809_snapshot,data/raw/portwatch/vintages/Daily_Chokepoints_Data__vintage_2026-08-09.csv,0bc806a4c384723debff08053d6fcbb915a03ee9fdf7b23c73d76d9bcb885bcb,sensitivity_only,chronos2,daily_q0.5,2026-04-28,2.0,46.930458068847656,21.120357513427734,71.5804214477539,44.930458068847656,2526.3531074523926
portwatch_two_vintage_four_specification_matrix_v1,297908c214a0afab30a377854585cb1788922334c3bba976f8e2a1141c6ed73e,bb050aa041e8fc1c8391b908baeab529aaf2e9944d5f35b07af661349176adce,vintage_20260809,portwatch_chokepoints_vintage_20260809_snapshot,data/raw/portwatch/vintages/Daily_Chokepoints_Data__vintage_2026-08-09.csv,0bc806a4c384723debff08053d6fcbb915a03ee9fdf7b23c73d76d9bcb885bcb,sensitivity_only,chronos2,daily_q0.5,2026-04-29,3.0,46.87709426879883,21.34508895874023,71.6669692993164,43.87709426879883,2570.2302017211914
portwatch_two_vintage_four_specification_matrix_v1,297908c214a0afab30a377854585cb1788922334c3bba976f8e2a1141c6ed73e,bb050aa041e8fc1c8391b908baeab529aaf2e9944d5f35b07af661349176adce,vintage_20260809,portwatch_chokepoints_vintage_20260809_snapshot,data/raw/portwatch/vintages/Daily_Chokepoints_Data__vintage_2026-08-09.csv,0bc806a4c384723debff08053d6fcbb915a03ee9fdf7b23c73d76d9bcb885bcb,sensitivity_only,chronos2,daily_q0.5,2026-04-30,4.0,46.887821197509766,21.277202606201172,71.84712219238281,42.887821197509766,2613.118022918701
portwatch_two_vintage_four_specification_matrix_v1,297908c214a0afab30a377854585cb1788922334c3bba976f8e2a1141c6ed73e,bb050aa041e8fc1c8391b908baeab529aaf2e9944d5f35b07af661349176adce,vintage_20260809,portwatch_chokepoints_vintage_20260809_snapshot,data/raw/portwatch/vintages/Daily_Chokepoints_Data__vintage_2026-08-09.csv,0bc806a4c384723debff08053d6fcbb915a03ee9fdf7b23c73d76d9bcb885bcb,sensitivity_only,chronos2,daily_q0.5,2026-05-01,2.0,46.90714263916016,21.467313766479492,71.24440002441406,44.90714263916016,2658.0251655578613
portwatch_two_vintage_four_specification_matrix_v1,297908c214a0afab30a377854585cb1788922334c3bba976f8e2a1141c6ed73e,bb050aa041e8fc1c8391b908baeab529aaf2e9944d5f35b07af661349176adce,vintage_20260809,portwatch_chokepoints_vintage_20260809_snapshot,data/raw/portwatch/vintages/Daily_Chokepoints_Data__vintage_2026-08-09.csv,0bc806a4c384723debff08053d6fcbb915a03ee9fdf7b23c73d76d9bcb885bcb,sensitivity_only,chronos2,daily_q0.5,2026-05-02,4.0,46.8347053527832,21.166751861572266,71.51123809814453,42.8347053527832,2700.8598709106445
portwatch_two_vintage_four_specification_matrix_v1,297908c214a0afab30a377854585cb1788922334c3bba976f8e2a1141c6ed73e,bb050aa041e8fc1c8391b908baeab529aaf2e9944d5f35b07af661349176adce,vintage_20260809,portwatch_chokepoints_vintage_20260809_snapshot,data/raw/portwatch/vintages/Daily_Chokepoints_Data__vintage_2026-08-09.csv,0bc806a4c384723debff08053d6fcbb915a03ee9fdf7b23c73d76d9bcb885bcb,sensitivity_only,chronos2,daily_q0.5,2026-05-03,1.0,47.38398742675781,21.18126678466797,72.2222900390625,46.38398742675781,2747.2438583374023
portwatch_two_vintage_four_specification_matrix_v1,297908c214a0afab30a377854585cb1788922334c3bba976f8e2a1141c6ed73e,bb050aa041e8fc1c8391b908baeab529aaf2e9944d5f35b07af661349176adce,vintage_20260809,portwatch_chokepoints_vintage_20260809_snapshot,data/raw/portwatch/vintages/Daily_Chokepoints_Data__vintage_2026-08-09.csv,0bc806a4c384723debff08053d6fcbb915a03ee9fdf7b23c73d76d9bcb885bcb,sensitivity_only,chronos2,daily_q0.5,2026-05-04,0.0,47.3790168762207,20.48350715637207,72.1729736328125,47.3790168762207,2794.622875213623
portwatch_two_vintage_four_specification_matrix_v1,297908c214a0afab30a377854585cb1788922334c3bba976f8e2a1141c6ed73e,bb050aa041e8fc1c8391b908baeab529aaf2e9944d5f35b07af661349176adce,vintage_20260809,portwatch_chokepoints_vintage_20260809_snapshot,data/raw/portwatch/vintages/Daily_Chokepoints_Data__vintage_2026-08-09.csv,0bc806a4c384723debff08053d6fcbb915a03ee9fdf7b23c73d76d9bcb885bcb,sensitivity_only,chronos2,daily_q0.5,2026-05-05,0.0,47.367523193359375,20.591352462768555,72.2219009399414,47.367523193359375,2841.9903984069824
portwatch_two_vintage_four_specification_matrix_v1,297908c214a0afab30a377854585cb1788922334c3bba976f8e2a1141c6ed73e,bb050aa041e8fc1c8391b908baeab529aaf2e9944d5f35b07af661349176adce,vintage_20260809,portwatch_chokepoints_vintage_20260809_snapshot,data/raw/portwatch/vintages/Daily_Chokepoints_Data__vintage_2026-08-09.csv,0bc806a4c384723debff08053d6fcbb915a03ee9fdf7b23c73d76d9bcb885bcb,sensitivity_only,chronos2,daily_q0.5,2026-05-06,0.0,47.258766174316406,20.99620056152344,72.02304077148438,47.258766174316406,2889.249164581299
portwatch_two_vintage_four_specification_matrix_v1,297908c214a0afab30a377854585cb1788922334c3bba976f8e2a1141c6ed73e,bb050aa041e8fc1c8391b908baeab529aaf2e9944d5f35b07af661349176adce,vintage_20260809,portwatch_chokepoints_vintage_20260809_snapshot,data/raw/portwatch/vintages/Daily_Chokepoints_Data__vintage_2026-08-09.csv,0bc806a4c384723debff08053d6fcbb915a03ee9fdf7b23c73d76d9bcb885bcb,sensitivity_only,chronos2,daily_q0.5,2026-05-07,0.0,47.290992736816406,21.065235137939453,71.77041625976562,47.290992736816406,2936.5401573181152
portwatch_two_vintage_four_specification_matrix_v1,297908c214a0afab30a377854585cb1788922334c3bba976f8e2a1141c6ed73e,bb050aa041e8fc1c8391b908baeab529aaf2e9944d5f35b07af661349176adce,vintage_20260809,portwatch_chokepoints_vintage_20260809_snapshot,data/raw/portwatch/vintages/Daily_Chokepoints_Data__vintage_2026-08-09.csv,0bc806a4c384723debff08053d6fcbb915a03ee9fdf7b23c73d76d9bcb885bcb,sensitivity_only,chronos2,daily_q0.5,2026-05-08,0.0,47.3762092590332,20.794347763061523,71.92930603027344,47.3762092590332,2983.9163665771484
portwatch_two_vintage_four_specification_matrix_v1,297908c214a0afab30a377854585cb1788922334c3bba976f8e2a1141c6ed73e,bb050aa041e8fc1c8391b908baeab529aaf2e9944d5f35b07af661349176adce,vintage_20260809,portwatch_chokepoints_vintage_20260809_snapshot,data/raw/portwatch/vintages/Daily_Chokepoints_Data__vintage_2026-08-09.csv,0bc806a4c384723debff08053d6fcbb915a03ee9fdf7b23c73d76d9bcb885bcb,sensitivity_only,chronos2,daily_q0.5,2026-05-09,1.0,47.298065185546875,20.621620178222656,71.70165252685547,46.298065185546875,3030.2144317626953
portwatch_two_vintage_four_specification_matrix_v1,297908c214a0afab30a377854585cb1788922334c3bba976f8e2a1141c6ed73e,bb050aa041e8fc1c8391b908baeab529aaf2e9944d5f35b07af661349176adce,vintage_20260809,portwatch_chokepoints_vintage_20260809_snapshot,data/raw/portwatch/vintages/Daily_Chokepoints_Data__vintage_2026-08-09.csv,0bc806a4c384723debff08053d6fcbb915a03ee9fdf7b23c73d76d9bcb885bcb,sensitivity_only,chronos2,daily_q0.5,2026-05-10,2.0,47.295955657958984,20.889368057250977,71.89321899414062,45.295955657958984,3075.5103874206543
portwatch_two_vintage_four_specification_matrix_v1,297908c214a0afab30a377854585cb1788922334c3bba976f8e2a1141c6ed73e,bb050aa041e8fc1c8391b908baeab529aaf2e9944d5f35b07af661349176adce,vintage_20260809,portwatch_chokepoints_vintage_20260809_snapshot,data/raw/portwatch/vintages/Daily_Chokepoints_Data__vintage_2026-08-09.csv,0bc806a4c384723debff08053d6fcbb915a03ee9fdf7b23c73d76d9bcb885bcb,sensitivity_only,chronos2,daily_q0.5,2026-05-11,4.0,47.27006149291992,20.645893096923828,71.84154510498047,43.27006149291992,3118.780448913574
portwatch_two_vintage_four_specification_matrix_v1,297908c214a0afab30a377854585cb1788922334c3bba976f8e2a1141c6ed73e,bb050aa041e8fc1c8391b908baeab529aaf2e9944d5f35b07af661349176adce,vintage_20260809,portwatch_chokepoints_vintage_20260809_snapshot,data/raw/portwatch/vintages/Daily_Chokepoints_Data__vintage_2026-08-09.csv,0bc806a4c384723debff08053d6fcbb915a03ee9fdf7b23c73d76d9bcb885bcb,sensitivity_only,chronos2,daily_q0.5,2026-05-12,1.0,47.23234176635742,21.34015464782715,71.74341583251953,46.23234176635742,3165.0127906799316
portwatch_two_vintage_four_specification_matrix_v1,297908c214a0afab30a377854585cb1788922334c3bba976f8e2a1141c6ed73e,bb050aa041e8fc1c8391b908baeab529aaf2e9944d5f35b07af661349176adce,vintage_20260809,portwatch_chokepoints_vintage_20260809_snapshot,data/raw/portwatch/vintages/Daily_Chokepoints_Data__vintage_2026-08-09.csv,0bc806a4c384723debff08053d6fcbb915a03ee9fdf7b23c73d76d9bcb885bcb,sensitivity_only,chronos2,daily_q0.5,2026-05-13,2.0,47.25187683105469,20.487247467041016,71.91434478759766,45.25187683105469,3210.2646675109863
portwatch_two_vintage_four_specification_matrix_v1,297908c214a0afab30a377854585cb1788922334c3bba976f8e2a1141c6ed73e,bb050aa041e8fc1c8391b908baeab529aaf2e9944d5f35b07af661349176adce,vintage_20260809,portwatch_chokepoints_vintage_20260809_snapshot,data/raw/portwatch/vintages/Daily_Chokepoints_Data__vintage_2026-08-09.csv,0bc806a4c384723debff08053d6fcbb915a03ee9fdf7b23c73d76d9bcb885bcb,sensitivity_only,chronos2,daily_q0.5,2026-05-14,3.0,47.16728210449219,21.034526824951172,72.26569366455078,44.16728210449219,3254.4319496154785
portwatch_two_vintage_four_specification_matrix_v1,297908c214a0afab30a377854585cb1788922334c3bba976f8e2a1141c6ed73e,bb050aa041e8fc1c8391b908baeab529aaf2e9944d5f35b07af661349176adce,vintage_20260809,portwatch_chokepoints_vintage_20260809_snapshot,data/raw/portwatch/vintages/Daily_Chokepoints_Data__vintage_2026-08-09.csv,0bc806a4c384723debff08053d6fcbb915a03ee9fdf7b23c73d76d9bcb885bcb,sensitivity_only,chronos2,daily_q0.5,2026-05-15,2.0,47.02107238769531,21.18114471435547,72.3340835571289,45.02107238769531,3299.453022003174
portwatch_two_vintage_four_specification_matrix_v1,297908c214a0afab30a377854585cb1788922334c3bba976f8e2a1141c6ed73e,bb050aa041e8fc1c8391b908baeab529aaf2e9944d5f35b07af661349176adce,vintage_20260809,portwatch_chokepoints_vintage_20260809_snapshot,data/raw/portwatch/vintages/Daily_Chokepoints_Data__vintage_2026-08-09.csv,0bc806a4c384723debff08053d6fcbb915a03ee9fdf7b23c73d76d9bcb885bcb,sensitivity_only,chronos2,daily_q0.5,2026-05-16,1.0,47.00397109985352,21.057674407958984,72.45867156982422,46.00397109985352,3345.4569931030273
portwatch_two_vintage_four_specification_matrix_v1,297908c214a0afab30a377854585cb1788922334c3bba976f8e2a1141c6ed73e,bb050aa041e8fc1c8391b908baeab529aaf2e9944d5f35b07af661349176adce,vintage_20260809,portwatch_chokepoints_vintage_20260809_snapshot,data/raw/portwatch/vintages/Daily_Chokepoints_Data__vintage_2026-08-09.csv,0bc806a4c384723debff08053d6fcbb915a03ee9fdf7b23c73d76d9bcb885bcb,sensitivity_only,chronos2,daily_q0.5,2026-05-17,1.0,46.989013671875,21.19381523132324,71.86133575439453,45.989013671875,3391.4460067749023
portwatch_two_vintage_four_specification_matrix_v1,297908c214a0afab30a377854585cb1788922334c3bba976f8e2a1141c6ed73e,bb050aa041e8fc1c8391b908baeab529aaf2e9944d5f35b07af661349176adce,vintage_20260809,portwatch_chokepoints_vintage_20260809_snapshot,data/raw/portwatch/vintages/Daily_Chokepoints_Data__vintage_2026-08-09.csv,0bc806a4c384723debff08053d6fcbb915a03ee9fdf7b23c73d76d9bcb885bcb,sensitivity_only,chronos2,daily_q0.5,2026-05-18,1.0,46.824710845947266,20.868593215942383,71.99756622314453,45.824710845947266,3437.2707176208496
portwatch_two_vintage_four_specification_matrix_v1,297908c214a0afab30a377854585cb1788922334c3bba976f8e2a1141c6ed73e,bb050aa041e8fc1c8391b908baeab529aaf2e9944d5f35b07af661349176adce,vintage_20260809,portwatch_chokepoints_vintage_20260809_snapshot,data/raw/portwatch/vintages/Daily_Chokepoints_Data__vintage_2026-08-09.csv,0bc806a4c384723debff08053d6fcbb915a03ee9fdf7b23c73d76d9bcb885bcb,sensitivity_only,chronos2,daily_q0.5,2026-05-19,3.0,47.149864196777344,21.41565704345703,72.54022216796875,44.149864196777344,3481.420581817627
portwatch_two_vintage_four_specification_matrix_v1,297908c214a0afab30a377854585cb1788922334c3bba976f8e2a1141c6ed73e,bb050aa041e8fc1c8391b908baeab529aaf2e9944d5f35b07af661349176adce,vintage_20260809,portwatch_chokepoints_vintage_20260809_snapshot,data/raw/portwatch/vintages/Daily_Chokepoints_Data__vintage_2026-08-09.csv,0bc806a4c384723debff08053d6fcbb915a03ee9fdf7b23c73d76d9bcb885bcb,sensitivity_only,chronos2,daily_q0.5,2026-05-20,3.0,47.09079360961914,20.856170654296875,72.53205108642578,44.09079360961914,3525.511375427246
portwatch_two_vintage_four_specification_matrix_v1,297908c214a0afab30a377854585cb1788922334c3bba976f8e2a1141c6ed73e,bb050aa041e8fc1c8391b908baeab529aaf2e9944d5f35b07af661349176adce,vintage_20260809,portwatch_chokepoints_vintage_20260809_snapshot,data/raw/portwatch/vintages/Daily_Chokepoints_Data__vintage_2026-08-09.csv,0bc806a4c384723debff08053d6fcbb915a03ee9fdf7b23c73d76d9bcb885bcb,sensitivity_only,chronos2,daily_q0.5,2026-05-21,2.0,47.04701614379883,20.85931396484375,72.59622192382812,45.04701614379883,3570.558391571045
portwatch_two_vintage_four_specification_matrix_v1,297908c214a0afab30a377854585cb1788922334c3bba976f8e2a1141c6ed73e,bb050aa041e8fc1c8391b908baeab529aaf2e9944d5f35b07af661349176adce,vintage_20260809,portwatch_chokepoints_vintage_20260809_snapshot,data/raw/portwatch/vintages/Daily_Chokepoints_Data__vintage_2026-08-09.csv,0bc806a4c384723debff08053d6fcbb915a03ee9fdf7b23c73d76d9bcb885bcb,sensitivity_only,chronos2,daily_q0.5,2026-05-22,0.0,46.94689178466797,21.197193145751953,72.29449462890625,46.94689178466797,3617.505283355713
portwatch_two_vintage_four_specification_matrix_v1,297908c214a0afab30a377854585cb1788922334c3bba976f8e2a1141c6ed73e,bb050aa041e8fc1c8391b908baeab529aaf2e9944d5f35b07af661349176adce,vintage_20260809,portwatch_chokepoints_vintage_20260809_snapshot,data/raw/portwatch/vintages/Daily_Chokepoints_Data__vintage_2026-08-09.csv,0bc806a4c384723debff08053d6fcbb915a03ee9fdf7b23c73d76d9bcb885bcb,sensitivity_only,chronos2,daily_q0.5,2026-05-23,1.0,46.94134140014648,21.265962600708008,71.99527740478516,45.94134140014648,3663.4466247558594
portwatch_two_vintage_four_specification_matrix_v1,297908c214a0afab30a377854585cb1788922334c3bba976f8e2a1141c6ed73e,bb050aa041e8fc1c8391b908baeab529aaf2e9944d5f35b07af661349176adce,vintage_20260809,portwatch_chokepoints_vintage_20260809_snapshot,data/raw/portwatch/vintages/Daily_Chokepoints_Data__vintage_2026-08-09.csv,0bc806a4c384723debff08053d6fcbb915a03ee9fdf7b23c73d76d9bcb885bcb,sensitivity_only,chronos2,daily_q0.5,2026-05-24,2.0,47.026893615722656,20.797388076782227,72.17090606689453,45.026893615722656,3708.473518371582
portwatch_two_vintage_four_specification_matrix_v1,297908c214a0afab30a377854585cb1788922334c3bba976f8e2a1141c6ed73e,bb050aa041e8fc1c8391b908baeab529aaf2e9944d5f35b07af661349176adce,vintage_20260809,portwatch_chokepoints_vintage_20260809_snapshot,data/raw/portwatch/vintages/Daily_Chokepoints_Data__vintage_2026-08-09.csv,0bc806a4c384723debff08053d6fcbb915a03ee9fdf7b23c73d76d9bcb885bcb,sensitivity_only,chronos2,daily_q0.5,2026-05-25,0.0,46.82875061035156,20.86429977416992,71.97343444824219,46.82875061035156,3755.3022689819336
portwatch_two_vintage_four_specification_matrix_v1,297908c214a0afab30a377854585cb1788922334c3bba976f8e2a1141c6ed73e,bb050aa041e8fc1c8391b908baeab529aaf2e9944d5f35b07af661349176adce,vintage_20260809,portwatch_chokepoints_vintage_20260809_snapshot,data/raw/portwatch/vintages/Daily_Chokepoints_Data__vintage_2026-08-09.csv,0bc806a4c384723debff08053d6fcbb915a03ee9fdf7b23c73d76d9bcb885bcb,sensitivity_only,chronos2,daily_q0.5,2026-05-26,2.0,46.84578323364258,21.08412170410156,72.18658447265625,44.84578323364258,3800.148052215576
portwatch_two_vintage_four_specification_matrix_v1,297908c214a0afab30a377854585cb1788922334c3bba976f8e2a1141c6ed73e,bb050aa041e8fc1c8391b908baeab529aaf2e9944d5f35b07af661349176adce,vintage_20260809,portwatch_chokepoints_vintage_20260809_snapshot,data/raw/portwatch/vintages/Daily_Chokepoints_Data__vintage_2026-08-09.csv,0bc806a4c384723debff08053d6fcbb915a03ee9fdf7b23c73d76d9bcb885bcb,sensitivity_only,chronos2,daily_q0.5,2026-05-27,1.0,46.788719177246094,20.71921157836914,72.04817962646484,45.788719177246094,3845.9367713928223
portwatch_two_vintage_four_specification_matrix_v1,297908c214a0afab30a377854585cb1788922334c3bba976f8e2a1141c6ed73e,bb050aa041e8fc1c8391b908baeab529aaf2e9944d5f35b07af661349176adce,vintage_20260809,portwatch_chokepoints_vintage_20260809_snapshot,data/raw/portwatch/vintages/Daily_Chokepoints_Data__vintage_2026-08-09.csv,0bc806a4c384723debff08053d6fcbb915a03ee9fdf7b23c73d76d9bcb885bcb,sensitivity_only,chronos2,daily_q0.5,2026-05-28,0.0,46.7977409362793,21.37151336669922,71.87378692626953,46.7977409362793,3892.7345123291016
portwatch_two_vintage_four_specification_matrix_v1,297908c214a0afab30a377854585cb1788922334c3bba976f8e2a1141c6ed73e,bb050aa041e8fc1c8391b908baeab529aaf2e9944d5f35b07af661349176adce,vintage_20260809,portwatch_chokepoints_vintage_20260809_snapshot,data/raw/portwatch/vintages/Daily_Chokepoints_Data__vintage_2026-08-09.csv,0bc806a4c384723debff08053d6fcbb915a03ee9fdf7b23c73d76d9bcb885bcb,sensitivity_only,chronos2,daily_q0.5,2026-05-29,0.0,46.69075393676758,20.519147872924805,72.07884979248047,46.69075393676758,3939.425266265869
portwatch_two_vintage_four_specification_matrix_v1,297908c214a0afab30a377854585cb1788922334c3bba976f8e2a1141c6ed73e,bb050aa041e8fc1c8391b908baeab529aaf2e9944d5f35b07af661349176adce,vintage_20260809,portwatch_chokepoints_vintage_20260809_snapshot,data/raw/portwatch/vintages/Daily_Chokepoints_Data__vintage_2026-08-09.csv,0bc806a4c384723debff08053d6fcbb915a03ee9fdf7b23c73d76d9bcb885bcb,sensitivity_only,chronos2,daily_q0.5,2026-05-30,0.0,46.70810317993164,21.083057403564453,72.49995422363281,46.70810317993164,3986.133369445801
portwatch_two_vintage_four_specification_matrix_v1,297908c214a0afab30a377854585cb1788922334c3bba976f8e2a1141c6ed73e,bb050aa041e8fc1c8391b908baeab529aaf2e9944d5f35b07af661349176adce,vintage_20260809,portwatch_chokepoints_vintage_20260809_snapshot,data/raw/portwatch/vintages/Daily_Chokepoints_Data__vintage_2026-08-09.csv,0bc806a4c384723debff08053d6fcbb915a03ee9fdf7b23c73d76d9bcb885bcb,sensitivity_only,chronos2,daily_q0.5,2026-05-31,0.0,46.56803512573242,21.214136123657227,72.47802734375,46.56803512573242,4032.701404571533
portwatch_two_vintage_four_specification_matrix_v1,297908c214a0afab30a377854585cb1788922334c3bba976f8e2a1141c6ed73e,bb050aa041e8fc1c8391b908baeab529aaf2e9944d5f35b07af661349176adce,vintage_20260809,portwatch_chokepoints_vintage_20260809_snapshot,data/raw/portwatch/vintages/Daily_Chokepoints_Data__vintage_2026-08-09.csv,0bc806a4c384723debff08053d6fcbb915a03ee9fdf7b23c73d76d9bcb885bcb,sensitivity_only,chronos2,daily_q0.5,2026-06-01,1.0,46.45159530639648,21.092506408691406,72.52118682861328,45.45159530639648,4078.1529998779297
portwatch_two_vintage_four_specification_matrix_v1,297908c214a0afab30a377854585cb1788922334c3bba976f8e2a1141c6ed73e,bb050aa041e8fc1c8391b908baeab529aaf2e9944d5f35b07af661349176adce,vintage_20260809,portwatch_chokepoints_vintage_20260809_snapshot,data/raw/portwatch/vintages/Daily_Chokepoints_Data__vintage_2026-08-09.csv,0bc806a4c384723debff08053d6fcbb915a03ee9fdf7b23c73d76d9bcb885bcb,sensitivity_only,chronos2,daily_q0.5,2026-06-02,3.0,46.372032165527344,21.171173095703125,71.92437744140625,43.372032165527344,4121.525032043457
portwatch_two_vintage_four_specification_matrix_v1,297908c214a0afab30a377854585cb1788922334c3bba976f8e2a1141c6ed73e,bb050aa041e8fc1c8391b908baeab529aaf2e9944d5f35b07af661349176adce,vintage_20260809,portwatch_chokepoints_vintage_20260809_snapshot,data/raw/portwatch/vintages/Daily_Chokepoints_Data__vintage_2026-08-09.csv,0bc806a4c384723debff08053d6fcbb915a03ee9fdf7b23c73d76d9bcb885bcb,sensitivity_only,chronos2,daily_q0.5,2026-06-03,3.0,46.29421615600586,20.90361785888672,72.09513854980469,43.29421615600586,4164.819248199463
portwatch_two_vintage_four_specification_matrix_v1,297908c214a0afab30a377854585cb1788922334c3bba976f8e2a1141c6ed73e,bb050aa041e8fc1c8391b908baeab529aaf2e9944d5f35b07af661349176adce,vintage_20260809,portwatch_chokepoints_vintage_20260809_snapshot,data/raw/portwatch/vintages/Daily_Chokepoints_Data__vintage_2026-08-09.csv,0bc806a4c384723debff08053d6fcbb915a03ee9fdf7b23c73d76d9bcb885bcb,sensitivity_only,chronos2,daily_q0.5,2026-06-04,1.0,46.5780143737793,21.61040306091309,72.26158905029297,45.5780143737793,4210.397262573242
portwatch_two_vintage_four_specification_matrix_v1,297908c214a0afab30a377854585cb1788922334c3bba976f8e2a1141c6ed73e,bb050aa041e8fc1c8391b908baeab529aaf2e9944d5f35b07af661349176adce,vintage_20260809,portwatch_chokepoints_vintage_20260809_snapshot,data/raw/portwatch/vintages/Daily_Chokepoints_Data__vintage_2026-08-09.csv,0bc806a4c384723debff08053d6fcbb915a03ee9fdf7b23c73d76d9bcb885bcb,sensitivity_only,chronos2,daily_q0.5,2026-06-05,0.0,46.49694061279297,21.14368057250977,72.41362762451172,46.49694061279297,4256.894203186035
portwatch_two_vintage_four_specification_matrix_v1,297908c214a0afab30a377854585cb1788922334c3bba976f8e2a1141c6ed73e,bb050aa041e8fc1c8391b908baeab529aaf2e9944d5f35b07af661349176adce,vintage_20260809,portwatch_chokepoints_vintage_20260809_snapshot,data/raw/portwatch/vintages/Daily_Chokepoints_Data__vintage_2026-08-09.csv,0bc806a4c384723debff08053d6fcbb915a03ee9fdf7b23c73d76d9bcb885bcb,sensitivity_only,chronos2,daily_q0.5,2026-06-06,0.0,46.463417053222656,21.044944763183594,72.49486541748047,46.463417053222656,4303.357620239258
portwatch_two_vintage_four_specification_matrix_v1,297908c214a0afab30a377854585cb1788922334c3bba976f8e2a1141c6ed73e,bb050aa041e8fc1c8391b908baeab529aaf2e9944d5f35b07af661349176adce,vintage_20260809,portwatch_chokepoints_vintage_20260809_snapshot,data/raw/portwatch/vintages/Daily_Chokepoints_Data__vintage_2026-08-09.csv,0bc806a4c384723debff08053d6fcbb915a03ee9fdf7b23c73d76d9bcb885bcb,sensitivity_only,chronos2,daily_q0.5,2026-06-07,0.0,46.3224983215332,21.200469970703125,71.88878631591797,46.3224983215332,4349.680118560791
portwatch_two_vintage_four_specification_matrix_v1,297908c214a0afab30a377854585cb1788922334c3bba976f8e2a1141c6ed73e,bb050aa041e8fc1c8391b908baeab529aaf2e9944d5f35b07af661349176adce,vintage_20260809,portwatch_chokepoints_vintage_20260809_snapshot,data/raw/portwatch/vintages/Daily_Chokepoints_Data__vintage_2026-08-09.csv,0bc806a4c384723debff08053d6fcbb915a03ee9fdf7b23c73d76d9bcb885bcb,sensitivity_only,chronos2,daily_q0.5,2026-06-08,1.0,46.16558837890625,21.19532585144043,71.57562255859375,45.16558837890625,4394.845706939697
portwatch_two_vintage_four_specification_matrix_v1,297908c214a0afab30a377854585cb1788922334c3bba976f8e2a1141c6ed73e,bb050aa041e8fc1c8391b908baeab529aaf2e9944d5f35b07af661349176adce,vintage_20260809,portwatch_chokepoints_vintage_20260809_snapshot,data/raw/portwatch/vintages/Daily_Chokepoints_Data__vintage_2026-08-09.csv,0bc806a4c384723debff08053d6fcbb915a03ee9fdf7b23c73d76d9bcb885bcb,sensitivity_only,chronos2,daily_q0.5,2026-06-09,2.0,46.16846466064453,20.71653938293457,71.5735855102539,44.16846466064453,4439.014171600342
portwatch_two_vintage_four_specification_matrix_v1,297908c214a0afab30a377854585cb1788922334c3bba976f8e2a1141c6ed73e,bb050aa041e8fc1c8391b908baeab529aaf2e9944d5f35b07af661349176adce,vintage_20260809,portwatch_chokepoints_vintage_20260809_snapshot,data/raw/portwatch/vintages/Daily_Chokepoints_Data__vintage_2026-08-09.csv,0bc806a4c384723debff08053d6fcbb915a03ee9fdf7b23c73d76d9bcb885bcb,sensitivity_only,chronos2,daily_q0.5,2026-06-10,0.0,46.0167350769043,20.750394821166992,71.37688446044922,46.0167350769043,4485.030906677246
portwatch_two_vintage_four_specification_matrix_v1,297908c214a0afab30a377854585cb1788922334c3bba976f8e2a1141c6ed73e,bb050aa041e8fc1c8391b908baeab529aaf2e9944d5f35b07af661349176adce,vintage_20260809,portwatch_chokepoints_vintage_20260809_snapshot,data/raw/portwatch/vintages/Daily_Chokepoints_Data__vintage_2026-08-09.csv,0bc806a4c384723debff08053d6fcbb915a03ee9fdf7b23c73d76d9bcb885bcb,sensitivity_only,chronos2,daily_q0.5,2026-06-11,2.0,46.03144454956055,20.87061882019043,71.57557678222656,44.03144454956055,4529.062351226807
portwatch_two_vintage_four_specification_matrix_v1,297908c214a0afab30a377854585cb1788922334c3bba976f8e2a1141c6ed73e,bb050aa041e8fc1c8391b908baeab529aaf2e9944d5f35b07af661349176adce,vintage_20260809,portwatch_chokepoints_vintage_20260809_snapshot,data/raw/portwatch/vintages/Daily_Chokepoints_Data__vintage_2026-08-09.csv,0bc806a4c384723debff08053d6fcbb915a03ee9fdf7b23c73d76d9bcb885bcb,sensitivity_only,chronos2,daily_q0.5,2026-06-12,1.0,45.89176177978515,20.52680778503418,71.23683166503906,44.89176177978515,4573.954113006592
portwatch_two_vintage_four_specification_matrix_v1,297908c214a0afab30a377854585cb1788922334c3bba976f8e2a1141c6ed73e,bb050aa041e8fc1c8391b908baeab529aaf2e9944d5f35b07af661349176adce,vintage_20260809,portwatch_chokepoints_vintage_20260809_snapshot,data/raw/portwatch/vintages/Daily_Chokepoints_Data__vintage_2026-08-09.csv,0bc806a4c384723debff08053d6fcbb915a03ee9fdf7b23c73d76d9bcb885bcb,sensitivity_only,chronos2,daily_q0.5,2026-06-13,0.0,45.902854919433594,21.11201286315918,71.20240783691406,45.902854919433594,4619.856967926025
portwatch_two_vintage_four_specification_matrix_v1,297908c214a0afab30a377854585cb1788922334c3bba976f8e2a1141c6ed73e,bb050aa041e8fc1c8391b908baeab529aaf2e9944d5f35b07af661349176adce,vintage_20260809,portwatch_chokepoints_vintage_20260809_snapshot,data/raw/portwatch/vintages/Daily_Chokepoints_Data__vintage_2026-08-09.csv,0bc806a4c384723debff08053d6fcbb915a03ee9fdf7b23c73d76d9bcb885bcb,sensitivity_only,chronos2,daily_q0.5,2026-06-14,0.0,45.708160400390625,20.54174041748047,71.29164123535156,45.708160400390625,4665.565128326416
portwatch_two_vintage_four_specification_matrix_v1,297908c214a0afab30a377854585cb1788922334c3bba976f8e2a1141c6ed73e,bb050aa041e8fc1c8391b908baeab529aaf2e9944d5f35b07af661349176adce,vintage_20260809,portwatch_chokepoints_vintage_20260809_snapshot,data/raw/portwatch/vintages/Daily_Chokepoints_Data__vintage_2026-08-09.csv,0bc806a4c384723debff08053d6fcbb915a03ee9fdf7b23c73d76d9bcb885bcb,sensitivity_only,chronos2,daily_q0.5,2026-06-15,1.0,45.64141082763672,20.84037971496582,71.68171691894531,44.64141082763672,4710.206539154053
portwatch_two_vintage_four_specification_matrix_v1,297908c214a0afab30a377854585cb1788922334c3bba976f8e2a1141c6ed73e,bb050aa041e8fc1c8391b908baeab529aaf2e9944d5f35b07af661349176adce,vintage_20260809,portwatch_chokepoints_vintage_20260809_snapshot,data/raw/portwatch/vintages/Daily_Chokepoints_Data__vintage_2026-08-09.csv,0bc806a4c384723debff08053d6fcbb915a03ee9fdf7b23c73d76d9bcb885bcb,sensitivity_only,chronos2,daily_q0.5,2026-06-16,2.0,45.44872283935547,20.938152313232425,71.69580078125,43.44872283935547,4753.655261993408
portwatch_two_vintage_four_specification_matrix_v1,297908c214a0afab30a377854585cb1788922334c3bba976f8e2a1141c6ed73e,bb050aa041e8fc1c8391b908baeab529aaf2e9944d5f35b07af661349176adce,vintage_20260809,portwatch_chokepoints_vintage_20260809_snapshot,data/raw/portwatch/vintages/Daily_Chokepoints_Data__vintage_2026-08-09.csv,0bc806a4c384723debff08053d6fcbb915a03ee9fdf7b23c73d76d9bcb885bcb,sensitivity_only,chronos2,daily_q0.5,2026-06-17,0.0,45.41115188598633,20.844011306762695,71.69309997558594,45.41115188598633,4799.0664138793945
portwatch_two_vintage_four_specification_matrix_v1,297908c214a0afab30a377854585cb1788922334c3bba976f8e2a1141c6ed73e,bb050aa041e8fc1c8391b908baeab529aaf2e9944d5f35b07af661349176adce,vintage_20260809,portwatch_chokepoints_vintage_20260809_snapshot,data/raw/portwatch/vintages/Daily_Chokepoints_Data__vintage_2026-08-09.csv,0bc806a4c384723debff08053d6fcbb915a03ee9fdf7b23c73d76d9bcb885bcb,sensitivity_only,chronos2,daily_q0.5,2026-06-18,10.0,45.3422966003418,20.969560623168945,71.13587951660156,35.3422966003418,4834.408710479736
portwatch_two_vintage_four_specification_matrix_v1,297908c214a0afab30a377854585cb1788922334c3bba976f8e2a1141c6ed73e,bb050aa041e8fc1c8391b908baeab529aaf2e9944d5f35b07af661349176adce,vintage_20260809,portwatch_chokepoints_vintage_20260809_snapshot,data/raw/portwatch/vintages/Daily_Chokepoints_Data__vintage_2026-08-09.csv,0bc806a4c384723debff08053d6fcbb915a03ee9fdf7b23c73d76d9bcb885bcb,sensitivity_only,chronos2,daily_q0.5,2026-06-19,3.0,45.21036148071289,20.56768035888672,71.21603393554688,42.21036148071289,4876.619071960449
portwatch_two_vintage_four_specification_matrix_v1,297908c214a0afab30a377854585cb1788922334c3bba976f8e2a1141c6ed73e,bb050aa041e8fc1c8391b908baeab529aaf2e9944d5f35b07af661349176adce,vintage_20260809,portwatch_chokepoints_vintage_20260809_snapshot,data/raw/portwatch/vintages/Daily_Chokepoints_Data__vintage_2026-08-09.csv,0bc806a4c384723debff08053d6fcbb915a03ee9fdf7b23c73d76d9bcb885bcb,sensitivity_only,chronos2,daily_q0.5,2026-06-20,12.0,45.70792770385742,21.226037979125977,71.55706024169922,33.70792770385742,4910.326999664307
portwatch_two_vintage_four_specification_matrix_v1,297908c214a0afab30a377854585cb1788922334c3bba976f8e2a1141c6ed73e,bb050aa041e8fc1c8391b908baeab529aaf2e9944d5f35b07af661349176adce,vintage_20260809,portwatch_chokepoints_vintage_20260809_snapshot,data/raw/portwatch/vintages/Daily_Chokepoints_Data__vintage_2026-08-09.csv,0bc806a4c384723debff08053d6fcbb915a03ee9fdf7b23c73d76d9bcb885bcb,sensitivity_only,chronos2,daily_q0.5,2026-06-21,1.0,45.62495040893555,20.78219413757324,71.73853302001953,44.62495040893555,4954.951950073242
portwatch_two_vintage_four_specification_matrix_v1,297908c214a0afab30a377854585cb1788922334c3bba976f8e2a1141c6ed73e,bb050aa041e8fc1c8391b908baeab529aaf2e9944d5f35b07af661349176adce,vintage_20260809,portwatch_chokepoints_vintage_20260809_snapshot,data/raw/portwatch/vintages/Daily_Chokepoints_Data__vintage_2026-08-09.csv,0bc806a4c384723debff08053d6fcbb915a03ee9fdf7b23c73d76d9bcb885bcb,sensitivity_only,chronos2,daily_q0.5,2026-06-22,8.0,45.54518508911133,20.659893035888672,71.71977233886719,37.54518508911133,4992.4971351623535
portwatch_two_vintage_four_specification_matrix_v1,297908c214a0afab30a377854585cb1788922334c3bba976f8e2a1141c6ed73e,bb050aa041e8fc1c8391b908baeab529aaf2e9944d5f35b07af661349176adce,vintage_20260809,portwatch_chokepoints_vintage_20260809_snapshot,data/raw/portwatch/vintages/Daily_Chokepoints_Data__vintage_2026-08-09.csv,0bc806a4c384723debff08053d6fcbb915a03ee9fdf7b23c73d76d9bcb885bcb,sensitivity_only,chronos2,daily_q0.5,2026-06-23,4.0,45.457664489746094,21.00819969177246,71.28904724121094,41.457664489746094,5033.9547996521
portwatch_two_vintage_four_specification_matrix_v1,297908c214a0afab30a377854585cb1788922334c3bba976f8e2a1141c6ed73e,bb050aa041e8fc1c8391b908baeab529aaf2e9944d5f35b07af661349176adce,vintage_20260809,portwatch_chokepoints_vintage_20260809_snapshot,data/raw/portwatch/vintages/Daily_Chokepoints_Data__vintage_2026-08-09.csv,0bc806a4c384723debff08053d6fcbb915a03ee9fdf7b23c73d76d9bcb885bcb,sensitivity_only,chronos2,daily_q0.5,2026-06-24,18.0,45.41236114501953,20.912817001342773,70.99909973144531,27.41236114501953,5061.367160797119
portwatch_two_vintage_four_specification_matrix_v1,297908c214a0afab30a377854585cb1788922334c3bba976f8e2a1141c6ed73e,bb050aa041e8fc1c8391b908baeab529aaf2e9944d5f35b07af661349176adce,vintage_20260809,portwatch_chokepoints_vintage_20260809_snapshot,data/raw/portwatch/vintages/Daily_Chokepoints_Data__vintage_2026-08-09.csv,0bc806a4c384723debff08053d6fcbb915a03ee9fdf7b23c73d76d9bcb885bcb,sensitivity_only,chronos2,daily_q0.5,2026-06-25,21.0,45.37100982666016,20.33771514892578,71.09932708740234,24.371009826660156,5085.738170623779
portwatch_two_vintage_four_specification_matrix_v1,297908c214a0afab30a377854585cb1788922334c3bba976f8e2a1141c6ed73e,bb050aa041e8fc1c8391b908baeab529aaf2e9944d5f35b07af661349176adce,vintage_20260809,portwatch_chokepoints_vintage_20260809_snapshot,data/raw/portwatch/vintages/Daily_Chokepoints_Data__vintage_2026-08-09.csv,0bc806a4c384723debff08053d6fcbb915a03ee9fdf7b23c73d76d9bcb885bcb,sensitivity_only,chronos2,daily_q0.5,2026-06-26,17.0,45.19171142578125,20.416454315185547,70.89692687988281,28.19171142578125,5113.929882049561
portwatch_two_vintage_four_specification_matrix_v1,297908c214a0afab30a377854585cb1788922334c3bba976f8e2a1141c6ed73e,bb050aa041e8fc1c8391b908baeab529aaf2e9944d5f35b07af661349176adce,vintage_20260809,portwatch_chokepoints_vintage_20260809_snapshot,data/raw/portwatch/vintages/Daily_Chokepoints_Data__vintage_2026-08-09.csv,0bc806a4c384723debff08053d6fcbb915a03ee9fdf7b23c73d76d9bcb885bcb,sensitivity_only,chronos2,daily_q0.5,2026-06-27,9.0,45.20499420166016,20.46475601196289,71.04073333740234,36.20499420166016,5150.134876251221
portwatch_two_vintage_four_specification_matrix_v1,297908c214a0afab30a377854585cb1788922334c3bba976f8e2a1141c6ed73e,bb050aa041e8fc1c8391b908baeab529aaf2e9944d5f35b07af661349176adce,vintage_20260809,portwatch_chokepoints_vintage_20260809_snapshot,data/raw/portwatch/vintages/Daily_Chokepoints_Data__vintage_2026-08-09.csv,0bc806a4c384723debff08053d6fcbb915a03ee9fdf7b23c73d76d9bcb885bcb,sensitivity_only,chronos2,daily_q0.5,2026-06-28,6.0,45.12492370605469,20.13252067565918,70.61395263671875,39.12492370605469,5189.259799957275
portwatch_two_vintage_four_specification_matrix_v1,297908c214a0afab30a377854585cb1788922334c3bba976f8e2a1141c6ed73e,bb050aa041e8fc1c8391b908baeab529aaf2e9944d5f35b07af661349176adce,vintage_20260809,portwatch_chokepoints_vintage_20260809_snapshot,data/raw/portwatch/vintages/Daily_Chokepoints_Data__vintage_2026-08-09.csv,0bc806a4c384723debff08053d6fcbb915a03ee9fdf7b23c73d76d9bcb885bcb,sensitivity_only,chronos2,daily_q0.5,2026-06-29,12.0,45.11454772949219,20.689455032348633,70.5726318359375,33.11454772949219,5222.374347686768
portwatch_two_vintage_four_specification_matrix_v1,297908c214a0afab30a377854585cb1788922334c3bba976f8e2a1141c6ed73e,bb050aa041e8fc1c8391b908baeab529aaf2e9944d5f35b07af661349176adce,vintage_20260809,portwatch_chokepoints_vintage_20260809_snapshot,data/raw/portwatch/vintages/Daily_Chokepoints_Data__vintage_2026-08-09.csv,0bc806a4c384723debff08053d6fcbb915a03ee9fdf7b23c73d76d9bcb885bcb,sensitivity_only,chronos2,daily_q0.5,2026-06-30,5.0,44.94239044189453,19.97711944580078,70.78401184082031,39.94239044189453,5262.316738128662
portwatch_two_vintage_four_specification_matrix_v1,297908c214a0afab30a377854585cb1788922334c3bba976f8e2a1141c6ed73e,bb050aa041e8fc1c8391b908baeab529aaf2e9944d5f35b07af661349176adce,vintage_20260809,portwatch_chokepoints_vintage_20260809_snapshot,data/raw/portwatch/vintages/Daily_Chokepoints_Data__vintage_2026-08-09.csv,0bc806a4c384723debff08053d6fcbb915a03ee9fdf7b23c73d76d9bcb885bcb,sensitivity_only,chronos2,daily_q0.5,2026-07-01,17.0,44.933128356933594,20.36452293395996,71.3625259399414,27.933128356933594,5290.249866485596
portwatch_two_vintage_four_specification_matrix_v1,297908c214a0afab30a377854585cb1788922334c3bba976f8e2a1141c6ed73e,bb050aa041e8fc1c8391b908baeab529aaf2e9944d5f35b07af661349176adce,vintage_20260809,portwatch_chokepoints_vintage_20260809_snapshot,data/raw/portwatch/vintages/Daily_Chokepoints_Data__vintage_2026-08-09.csv,0bc806a4c384723debff08053d6fcbb915a03ee9fdf7b23c73d76d9bcb885bcb,sensitivity_only,chronos2,daily_q0.5,2026-07-02,14.0,44.82182693481445,20.54677963256836,71.37450408935547,30.821826934814453,5321.07169342041
portwatch_two_vintage_four_specification_matrix_v1,297908c214a0afab30a377854585cb1788922334c3bba976f8e2a1141c6ed73e,bb050aa041e8fc1c8391b908baeab529aaf2e9944d5f35b07af661349176adce,vintage_20260809,portwatch_chokepoints_vintage_20260809_snapshot,data/raw/portwatch/vintages/Daily_Chokepoints_Data__vintage_2026-08-09.csv,0bc806a4c384723debff08053d6fcbb915a03ee9fdf7b23c73d76d9bcb885bcb,sensitivity_only,chronos2,daily_q0.5,2026-07-03,17.0,44.72259140014648,20.47896385192871,71.42127990722656,27.722591400146484,5348.794284820557
portwatch_two_vintage_four_specification_matrix_v1,297908c214a0afab30a377854585cb1788922334c3bba976f8e2a1141c6ed73e,bb050aa041e8fc1c8391b908baeab529aaf2e9944d5f35b07af661349176adce,vintage_20260809,portwatch_chokepoints_vintage_20260809_snapshot,data/raw/portwatch/vintages/Daily_Chokepoints_Data__vintage_2026-08-09.csv,0bc806a4c384723debff08053d6fcbb915a03ee9fdf7b23c73d76d9bcb885bcb,sensitivity_only,chronos2,daily_q0.5,2026-07-04,6.0,44.66658020019531,20.597488403320312,70.89602661132812,38.66658020019531,5387.460865020752
portwatch_two_vintage_four_specification_matrix_v1,297908c214a0afab30a377854585cb1788922334c3bba976f8e2a1141c6ed73e,bb050aa041e8fc1c8391b908baeab529aaf2e9944d5f35b07af661349176adce,vintage_20260809,portwatch_chokepoints_vintage_20260809_snapshot,data/raw/portwatch/vintages/Daily_Chokepoints_Data__vintage_2026-08-09.csv,0bc806a4c384723debff08053d6fcbb915a03ee9fdf7b23c73d76d9bcb885bcb,sensitivity_only,chronos2,daily_q0.5,2026-07-05,15.0,44.622318267822266,20.24638938903809,70.98078155517578,29.622318267822266,5417.083183288574
portwatch_two_vintage_four_specification_matrix_v1,297908c214a0afab30a377854585cb1788922334c3bba976f8e2a1141c6ed73e,bb050aa041e8fc1c8391b908baeab529aaf2e9944d5f35b07af661349176adce,vintage_20260809,portwatch_chokepoints_vintage_20260809_snapshot,data/raw/portwatch/vintages/Daily_Chokepoints_Data__vintage_2026-08-09.csv,0bc806a4c384723debff08053d6fcbb915a03ee9fdf7b23c73d76d9bcb885bcb,sensitivity_only,chronos2,daily_q0.5,2026-07-06,14.0,45.023563385009766,20.596303939819336,71.0691146850586,31.02356338500977,5448.106746673584
portwatch_two_vintage_four_specification_matrix_v1,297908c214a0afab30a377854585cb1788922334c3bba976f8e2a1141c6ed73e,bb050aa041e8fc1c8391b908baeab529aaf2e9944d5f35b07af661349176adce,vintage_20260809,portwatch_chokepoints_vintage_20260809_snapshot,data/raw/portwatch/vintages/Daily_Chokepoints_Data__vintage_2026-08-09.csv,0bc806a4c384723debff08053d6fcbb915a03ee9fdf7b23c73d76d9bcb885bcb,sensitivity_only,chronos2,daily_q0.5,2026-07-07,10.0,44.86749649047851,20.165481567382812,71.26747131347656,34.867496490478516,5482.9742431640625
portwatch_two_vintage_four_specification_matrix_v1,297908c214a0afab30a377854585cb1788922334c3bba976f8e2a1141c6ed73e,bb050aa041e8fc1c8391b908baeab529aaf2e9944d5f35b07af661349176adce,vintage_20260809,portwatch_chokepoints_vintage_20260809_snapshot,data/raw/portwatch/vintages/Daily_Chokepoints_Data__vintage_2026-08-09.csv,0bc806a4c384723debff08053d6fcbb915a03ee9fdf7b23c73d76d9bcb885bcb,sensitivity_only,bsts_local_level_weekly,daily_marginal_posterior_median,2026-02-28,33.0,43.743051841617394,20.24691160755097,66.2354438886764,10.743051841617394,10.743051841617394
portwatch_two_vintage_four_specification_matrix_v1,297908c214a0afab30a377854585cb1788922334c3bba976f8e2a1141c6ed73e,bb050aa041e8fc1c8391b908baeab529aaf2e9944d5f35b07af661349176adce,vintage_20260809,portwatch_chokepoints_vintage_20260809_snapshot,data/raw/portwatch/vintages/Daily_Chokepoints_Data__vintage_2026-08-09.csv,0bc806a4c384723debff08053d6fcbb915a03ee9fdf7b23c73d76d9bcb885bcb,sensitivity_only,bsts_local_level_weekly,daily_marginal_posterior_median,2026-03-01,5.0,42.85849800402379,21.818134338304695,65.48460993189416,37.85849800402379,48.60154984564118
portwatch_two_vintage_four_specification_matrix_v1,297908c214a0afab30a377854585cb1788922334c3bba976f8e2a1141c6ed73e,bb050aa041e8fc1c8391b908baeab529aaf2e9944d5f35b07af661349176adce,vintage_20260809,portwatch_chokepoints_vintage_20260809_snapshot,data/raw/portwatch/vintages/Daily_Chokepoints_Data__vintage_2026-08-09.csv,0bc806a4c384723debff08053d6fcbb915a03ee9fdf7b23c73d76d9bcb885bcb,sensitivity_only,bsts_local_level_weekly,daily_marginal_posterior_median,2026-03-02,1.0,42.67771982009128,19.57409678977976,65.89715325572365,41.67771982009128,90.27926966573249
portwatch_two_vintage_four_specification_matrix_v1,297908c214a0afab30a377854585cb1788922334c3bba976f8e2a1141c6ed73e,bb050aa041e8fc1c8391b908baeab529aaf2e9944d5f35b07af661349176adce,vintage_20260809,portwatch_chokepoints_vintage_20260809_snapshot,data/raw/portwatch/vintages/Daily_Chokepoints_Data__vintage_2026-08-09.csv,0bc806a4c384723debff08053d6fcbb915a03ee9fdf7b23c73d76d9bcb885bcb,sensitivity_only,bsts_local_level_weekly,daily_marginal_posterior_median,2026-03-03,1.0,42.77017676500505,19.73824869772138,65.12809589685875,41.77017676500505,132.04944643073753
portwatch_two_vintage_four_specification_matrix_v1,297908c214a0afab30a377854585cb1788922334c3bba976f8e2a1141c6ed73e,bb050aa041e8fc1c8391b908baeab529aaf2e9944d5f35b07af661349176adce,vintage_20260809,portwatch_chokepoints_vintage_20260809_snapshot,data/raw/portwatch/vintages/Daily_Chokepoints_Data__vintage_2026-08-09.csv,0bc806a4c384723debff08053d6fcbb915a03ee9fdf7b23c73d76d9bcb885bcb,sensitivity_only,bsts_local_level_weekly,daily_marginal_posterior_median,2026-03-04,0.0,42.48127712154981,17.456710086231762,66.91679037124561,42.48127712154981,174.53072355228733
portwatch_two_vintage_four_specification_matrix_v1,297908c214a0afab30a377854585cb1788922334c3bba976f8e2a1141c6ed73e,bb050aa041e8fc1c8391b908baeab529aaf2e9944d5f35b07af661349176adce,vintage_20260809,portwatch_chokepoints_vintage_20260809_snapshot,data/raw/portwatch/vintages/Daily_Chokepoints_Data__vintage_2026-08-09.csv,0bc806a4c384723debff08053d6fcbb915a03ee9fdf7b23c73d76d9bcb885bcb,sensitivity_only,bsts_local_level_weekly,daily_marginal_posterior_median,2026-03-05,1.0,43.23120245222303,19.06012414225361,67.23656854772777,42.23120245222303,216.76192600451037
portwatch_two_vintage_four_specification_matrix_v1,297908c214a0afab30a377854585cb1788922334c3bba976f8e2a1141c6ed73e,bb050aa041e8fc1c8391b908baeab529aaf2e9944d5f35b07af661349176adce,vintage_20260809,portwatch_chokepoints_vintage_20260809_snapshot,data/raw/portwatch/vintages/Daily_Chokepoints_Data__vintage_2026-08-09.csv,0bc806a4c384723debff08053d6fcbb915a03ee9fdf7b23c73d76d9bcb885bcb,sensitivity_only,bsts_local_level_weekly,daily_marginal_posterior_median,2026-03-06,0.0,43.48966217021608,19.09322059266995,67.55853846388817,43.48966217021608,260.25158817472646
portwatch_two_vintage_four_specification_matrix_v1,297908c214a0afab30a377854585cb1788922334c3bba976f8e2a1141c6ed73e,bb050aa041e8fc1c8391b908baeab529aaf2e9944d5f35b07af661349176adce,vintage_20260809,portwatch_chokepoints_vintage_20260809_snapshot,data/raw/portwatch/vintages/Daily_Chokepoints_Data__vintage_2026-08-09.csv,0bc806a4c384723debff08053d6fcbb915a03ee9fdf7b23c73d76d9bcb885bcb,sensitivity_only,bsts_local_level_weekly,daily_marginal_posterior_median,2026-03-07,0.0,43.84393084647495,19.63399570041151,68.31995817253375,43.84393084647495,304.0955190212014
portwatch_two_vintage_four_specification_matrix_v1,297908c214a0afab30a377854585cb1788922334c3bba976f8e2a1141c6ed73e,bb050aa041e8fc1c8391b908baeab529aaf2e9944d5f35b07af661349176adce,vintage_20260809,portwatch_chokepoints_vintage_20260809_snapshot,data/raw/portwatch/vintages/Daily_Chokepoints_Data__vintage_2026-08-09.csv,0bc806a4c384723debff08053d6fcbb915a03ee9fdf7b23c73d76d9bcb885bcb,sensitivity_only,bsts_local_level_weekly,daily_marginal_posterior_median,2026-03-08,0.0,43.578650261724306,18.212498685856087,67.91794767420804,43.578650261724306,347.67416928292573
portwatch_two_vintage_four_specification_matrix_v1,297908c214a0afab30a377854585cb1788922334c3bba976f8e2a1141c6ed73e,bb050aa041e8fc1c8391b908baeab529aaf2e9944d5f35b07af661349176adce,vintage_20260809,portwatch_chokepoints_vintage_20260809_snapshot,data/raw/portwatch/vintages/Daily_Chokepoints_Data__vintage_2026-08-09.csv,0bc806a4c384723debff08053d6fcbb915a03ee9fdf7b23c73d76d9bcb885bcb,sensitivity_only,bsts_local_level_weekly,daily_marginal_posterior_median,2026-03-09,0.0,43.08075093089408,19.16496579059751,67.82742098986056,43.08075093089408,390.7549202138198
portwatch_two_vintage_four_specification_matrix_v1,297908c214a0afab30a377854585cb1788922334c3bba976f8e2a1141c6ed73e,bb050aa041e8fc1c8391b908baeab529aaf2e9944d5f35b07af661349176adce,vintage_20260809,portwatch_chokepoints_vintage_20260809_snapshot,data/raw/portwatch/vintages/Daily_Chokepoints_Data__vintage_2026-08-09.csv,0bc806a4c384723debff08053d6fcbb915a03ee9fdf7b23c73d76d9bcb885bcb,sensitivity_only,bsts_local_level_weekly,daily_marginal_posterior_median,2026-03-10,1.0,42.8992791861499,16.88294284286123,67.2667944405554,41.8992791861499,432.6541993999697
portwatch_two_vintage_four_specification_matrix_v1,297908c214a0afab30a377854585cb1788922334c3bba976f8e2a1141c6ed73e,bb050aa041e8fc1c8391b908baeab529aaf2e9944d5f35b07af661349176adce,vintage_20260809,portwatch_chokepoints_vintage_20260809_snapshot,data/raw/portwatch/vintages/Daily_Chokepoints_Data__vintage_2026-08-09.csv,0bc806a4c384723debff08053d6fcbb915a03ee9fdf7b23c73d76d9bcb885bcb,sensitivity_only,bsts_local_level_weekly,daily_marginal_posterior_median,2026-03-11,0.0,42.62210751783442,17.343726538139364,67.79882629848511,42.62210751783442,475.2763069178041
portwatch_two_vintage_four_specification_matrix_v1,297908c214a0afab30a377854585cb1788922334c3bba976f8e2a1141c6ed73e,bb050aa041e8fc1c8391b908baeab529aaf2e9944d5f35b07af661349176adce,vintage_20260809,portwatch_chokepoints_vintage_20260809_snapshot,data/raw/portwatch/vintages/Daily_Chokepoints_Data__vintage_2026-08-09.csv,0bc806a4c384723debff08053d6fcbb915a03ee9fdf7b23c73d76d9bcb885bcb,sensitivity_only,bsts_local_level_weekly,daily_marginal_posterior_median,2026-03-12,0.0,42.90425119624062,15.959876467063534,68.68640583343108,42.90425119624062,518.1805581140447
portwatch_two_vintage_four_specification_matrix_v1,297908c214a0afab30a377854585cb1788922334c3bba976f8e2a1141c6ed73e,bb050aa041e8fc1c8391b908baeab529aaf2e9944d5f35b07af661349176adce,vintage_20260809,portwatch_chokepoints_vintage_20260809_snapshot,data/raw/portwatch/vintages/Daily_Chokepoints_Data__vintage_2026-08-09.csv,0bc806a4c384723debff08053d6fcbb915a03ee9fdf7b23c73d76d9bcb885bcb,sensitivity_only,bsts_local_level_weekly,daily_marginal_posterior_median,2026-03-13,0.0,43.70970220893214,17.245009038639267,70.87927449921003,43.70970220893214,561.8902603229769
portwatch_two_vintage_four_specification_matrix_v1,297908c214a0afab30a377854585cb1788922334c3bba976f8e2a1141c6ed73e,bb050aa041e8fc1c8391b908baeab529aaf2e9944d5f35b07af661349176adce,vintage_20260809,portwatch_chokepoints_vintage_20260809_snapshot,data/raw/portwatch/vintages/Daily_Chokepoints_Data__vintage_2026-08-09.csv,0bc806a4c384723debff08053d6fcbb915a03ee9fdf7b23c73d76d9bcb885bcb,sensitivity_only,bsts_local_level_weekly,daily_marginal_posterior_median,2026-03-14,0.0,43.77654274551743,17.322058587575633,70.65779883545017,43.77654274551743,605.6668030684943
portwatch_two_vintage_four_specification_matrix_v1,297908c214a0afab30a377854585cb1788922334c3bba976f8e2a1141c6ed73e,bb050aa041e8fc1c8391b908baeab529aaf2e9944d5f35b07af661349176adce,vintage_20260809,portwatch_chokepoints_vintage_20260809_snapshot,data/raw/portwatch/vintages/Daily_Chokepoints_Data__vintage_2026-08-09.csv,0bc806a4c384723debff08053d6fcbb915a03ee9fdf7b23c73d76d9bcb885bcb,sensitivity_only,bsts_local_level_weekly,daily_marginal_posterior_median,2026-03-15,2.0,43.71751348447107,17.18620092228158,70.83065131465526,41.71751348447107,647.3843165529654
portwatch_two_vintage_four_specification_matrix_v1,297908c214a0afab30a377854585cb1788922334c3bba976f8e2a1141c6ed73e,bb050aa041e8fc1c8391b908baeab529aaf2e9944d5f35b07af661349176adce,vintage_20260809,portwatch_chokepoints_vintage_20260809_snapshot,data/raw/portwatch/vintages/Daily_Chokepoints_Data__vintage_2026-08-09.csv,0bc806a4c384723debff08053d6fcbb915a03ee9fdf7b23c73d76d9bcb885bcb,sensitivity_only,bsts_local_level_weekly,daily_marginal_posterior_median,2026-03-16,0.0,43.33891135214586,16.988244364286043,70.84050377890183,43.33891135214586,690.7232279051112
portwatch_two_vintage_four_specification_matrix_v1,297908c214a0afab30a377854585cb1788922334c3bba976f8e2a1141c6ed73e,bb050aa041e8fc1c8391b908baeab529aaf2e9944d5f35b07af661349176adce,vintage_20260809,portwatch_chokepoints_vintage_20260809_snapshot,data/raw/portwatch/vintages/Daily_Chokepoints_Data__vintage_2026-08-09.csv,0bc806a4c384723debff08053d6fcbb915a03ee9fdf7b23c73d76d9bcb885bcb,sensitivity_only,bsts_local_level_weekly,daily_marginal_posterior_median,2026-03-17,1.0,42.45631690881171,14.401141979681029,69.34955878518085,41.45631690881171,732.1795448139229
portwatch_two_vintage_four_specification_matrix_v1,297908c214a0afab30a377854585cb1788922334c3bba976f8e2a1141c6ed73e,bb050aa041e8fc1c8391b908baeab529aaf2e9944d5f35b07af661349176adce,vintage_20260809,portwatch_chokepoints_vintage_20260809_snapshot,data/raw/portwatch/vintages/Daily_Chokepoints_Data__vintage_2026-08-09.csv,0bc806a4c384723debff08053d6fcbb915a03ee9fdf7b23c73d76d9bcb885bcb,sensitivity_only,bsts_local_level_weekly,daily_marginal_posterior_median,2026-03-18,0.0,42.326278422051104,15.110176038916784,71.32088017533722,42.326278422051104,774.505823235974
portwatch_two_vintage_four_specification_matrix_v1,297908c214a0afab30a377854585cb1788922334c3bba976f8e2a1141c6ed73e,bb050aa041e8fc1c8391b908baeab529aaf2e9944d5f35b07af661349176adce,vintage_20260809,portwatch_chokepoints_vintage_20260809_snapshot,data/raw/portwatch/vintages/Daily_Chokepoints_Data__vintage_2026-08-09.csv,0bc806a4c384723debff08053d6fcbb915a03ee9fdf7b23c73d76d9bcb885bcb,sensitivity_only,bsts_local_level_weekly,daily_marginal_posterior_median,2026-03-19,0.0,42.953775121595434,14.324936702616286,68.25427952077453,42.953775121595434,817.4595983575695
portwatch_two_vintage_four_specification_matrix_v1,297908c214a0afab30a377854585cb1788922334c3bba976f8e2a1141c6ed73e,bb050aa041e8fc1c8391b908baeab529aaf2e9944d5f35b07af661349176adce,vintage_20260809,portwatch_chokepoints_vintage_20260809_snapshot,data/raw/portwatch/vintages/Daily_Chokepoints_Data__vintage_2026-08-09.csv,0bc806a4c384723debff08053d6fcbb915a03ee9fdf7b23c73d76d9bcb885bcb,sensitivity_only,bsts_local_level_weekly,daily_marginal_posterior_median,2026-03-20,2.0,43.71015297393261,13.978749099138671,71.64336916843234,41.71015297393261,859.1697513315021
portwatch_two_vintage_four_specification_matrix_v1,297908c214a0afab30a377854585cb1788922334c3bba976f8e2a1141c6ed73e,bb050aa041e8fc1c8391b908baeab529aaf2e9944d5f35b07af661349176adce,vintage_20260809,portwatch_chokepoints_vintage_20260809_snapshot,data/raw/portwatch/vintages/Daily_Chokepoints_Data__vintage_2026-08-09.csv,0bc806a4c384723debff08053d6fcbb915a03ee9fdf7b23c73d76d9bcb885bcb,sensitivity_only,bsts_local_level_weekly,daily_marginal_posterior_median,2026-03-21,0.0,44.07522461529691,16.400672289880028,72.1481756537093,44.07522461529691,903.244975946799
portwatch_two_vintage_four_specification_matrix_v1,297908c214a0afab30a377854585cb1788922334c3bba976f8e2a1141c6ed73e,bb050aa041e8fc1c8391b908baeab529aaf2e9944d5f35b07af661349176adce,vintage_20260809,portwatch_chokepoints_vintage_20260809_snapshot,data/raw/portwatch/vintages/Daily_Chokepoints_Data__vintage_2026-08-09.csv,0bc806a4c384723debff08053d6fcbb915a03ee9fdf7b23c73d76d9bcb885bcb,sensitivity_only,bsts_local_level_weekly,daily_marginal_posterior_median,2026-03-22,0.0,43.49049779317424,14.827269810785298,71.97102419110593,43.49049779317424,946.7354737399731
portwatch_two_vintage_four_specification_matrix_v1,297908c214a0afab30a377854585cb1788922334c3bba976f8e2a1141c6ed73e,bb050aa041e8fc1c8391b908baeab529aaf2e9944d5f35b07af661349176adce,vintage_20260809,portwatch_chokepoints_vintage_20260809_snapshot,data/raw/portwatch/vintages/Daily_Chokepoints_Data__vintage_2026-08-09.csv,0bc806a4c384723debff08053d6fcbb915a03ee9fdf7b23c73d76d9bcb885bcb,sensitivity_only,bsts_local_level_weekly,daily_marginal_posterior_median,2026-03-23,2.0,43.39012989877757,12.933528001903287,73.08797921733574,41.39012989877757,988.1256036387508
portwatch_two_vintage_four_specification_matrix_v1,297908c214a0afab30a377854585cb1788922334c3bba976f8e2a1141c6ed73e,bb050aa041e8fc1c8391b908baeab529aaf2e9944d5f35b07af661349176adce,vintage_20260809,portwatch_chokepoints_vintage_20260809_snapshot,data/raw/portwatch/vintages/Daily_Chokepoints_Data__vintage_2026-08-09.csv,0bc806a4c384723debff08053d6fcbb915a03ee9fdf7b23c73d76d9bcb885bcb,sensitivity_only,bsts_local_level_weekly,daily_marginal_posterior_median,2026-03-24,1.0,42.72066005086944,12.144395182292987,72.01280937960654,41.72066005086944,1029.8462636896202
portwatch_two_vintage_four_specification_matrix_v1,297908c214a0afab30a377854585cb1788922334c3bba976f8e2a1141c6ed73e,bb050aa041e8fc1c8391b908baeab529aaf2e9944d5f35b07af661349176adce,vintage_20260809,portwatch_chokepoints_vintage_20260809_snapshot,data/raw/portwatch/vintages/Daily_Chokepoints_Data__vintage_2026-08-09.csv,0bc806a4c384723debff08053d6fcbb915a03ee9fdf7b23c73d76d9bcb885bcb,sensitivity_only,bsts_local_level_weekly,daily_marginal_posterior_median,2026-03-25,1.0,41.764436910197304,12.995608763035136,73.33060199855515,40.764436910197304,1070.6107005998174
portwatch_two_vintage_four_specification_matrix_v1,297908c214a0afab30a377854585cb1788922334c3bba976f8e2a1141c6ed73e,bb050aa041e8fc1c8391b908baeab529aaf2e9944d5f35b07af661349176adce,vintage_20260809,portwatch_chokepoints_vintage_20260809_snapshot,data/raw/portwatch/vintages/Daily_Chokepoints_Data__vintage_2026-08-09.csv,0bc806a4c384723debff08053d6fcbb915a03ee9fdf7b23c73d76d9bcb885bcb,sensitivity_only,bsts_local_level_weekly,daily_marginal_posterior_median,2026-03-26,0.0,44.144370540021434,13.233592525108978,72.7673739472421,44.144370540021434,1114.7550711398387
portwatch_two_vintage_four_specification_matrix_v1,297908c214a0afab30a377854585cb1788922334c3bba976f8e2a1141c6ed73e,bb050aa041e8fc1c8391b908baeab529aaf2e9944d5f35b07af661349176adce,vintage_20260809,portwatch_chokepoints_vintage_20260809_snapshot,data/raw/portwatch/vintages/Daily_Chokepoints_Data__vintage_2026-08-09.csv,0bc806a4c384723debff08053d6fcbb915a03ee9fdf7b23c73d76d9bcb885bcb,sensitivity_only,bsts_local_level_weekly,daily_marginal_posterior_median,2026-03-27,0.0,43.169435125278554,12.2654855028146,73.68249825524113,43.169435125278554,1157.924506265117
portwatch_two_vintage_four_specification_matrix_v1,297908c214a0afab30a377854585cb1788922334c3bba976f8e2a1141c6ed73e,bb050aa041e8fc1c8391b908baeab529aaf2e9944d5f35b07af661349176adce,vintage_20260809,portwatch_chokepoints_vintage_20260809_snapshot,data/raw/portwatch/vintages/Daily_Chokepoints_Data__vintage_2026-08-09.csv,0bc806a4c384723debff08053d6fcbb915a03ee9fdf7b23c73d76d9bcb885bcb,sensitivity_only,bsts_local_level_weekly,daily_marginal_posterior_median,2026-03-28,0.0,44.437310898814914,12.072790976851108,73.12926111060195,44.437310898814914,1202.3618171639323
portwatch_two_vintage_four_specification_matrix_v1,297908c214a0afab30a377854585cb1788922334c3bba976f8e2a1141c6ed73e,bb050aa041e8fc1c8391b908baeab529aaf2e9944d5f35b07af661349176adce,vintage_20260809,portwatch_chokepoints_vintage_20260809_snapshot,data/raw/portwatch/vintages/Daily_Chokepoints_Data__vintage_2026-08-09.csv,0bc806a4c384723debff08053d6fcbb915a03ee9fdf7b23c73d76d9bcb885bcb,sensitivity_only,bsts_local_level_weekly,daily_marginal_posterior_median,2026-03-29,2.0,43.90198903012745,12.043850063537672,74.15040119426091,41.90198903012745,1244.2638061940595
portwatch_two_vintage_four_specification_matrix_v1,297908c214a0afab30a377854585cb1788922334c3bba976f8e2a1141c6ed73e,bb050aa041e8fc1c8391b908baeab529aaf2e9944d5f35b07af661349176adce,vintage_20260809,portwatch_chokepoints_vintage_20260809_snapshot,data/raw/portwatch/vintages/Daily_Chokepoints_Data__vintage_2026-08-09.csv,0bc806a4c384723debff08053d6fcbb915a03ee9fdf7b23c73d76d9bcb885bcb,sensitivity_only,bsts_local_level_weekly,daily_marginal_posterior_median,2026-03-30,3.0,43.746005525291096,13.186692536375856,74.9199415388012,40.746005525291096,1285.0098117193509
portwatch_two_vintage_four_specification_matrix_v1,297908c214a0afab30a377854585cb1788922334c3bba976f8e2a1141c6ed73e,bb050aa041e8fc1c8391b908baeab529aaf2e9944d5f35b07af661349176adce,vintage_20260809,portwatch_chokepoints_vintage_20260809_snapshot,data/raw/portwatch/vintages/Daily_Chokepoints_Data__vintage_2026-08-09.csv,0bc806a4c384723debff08053d6fcbb915a03ee9fdf7b23c73d76d9bcb885bcb,sensitivity_only,bsts_local_level_weekly,daily_marginal_posterior_median,2026-03-31,2.0,42.00334763526595,10.065287343902078,73.66195665858082,40.00334763526595,1325.0131593546168
portwatch_two_vintage_four_specification_matrix_v1,297908c214a0afab30a377854585cb1788922334c3bba976f8e2a1141c6ed73e,bb050aa041e8fc1c8391b908baeab529aaf2e9944d5f35b07af661349176adce,vintage_20260809,portwatch_chokepoints_vintage_20260809_snapshot,data/raw/portwatch/vintages/Daily_Chokepoints_Data__vintage_2026-08-09.csv,0bc806a4c384723debff08053d6fcbb915a03ee9fdf7b23c73d76d9bcb885bcb,sensitivity_only,bsts_local_level_weekly,daily_marginal_posterior_median,2026-04-01,1.0,41.663877828437315,11.042523703301468,72.72762444937375,40.663877828437315,1365.6770371830542
portwatch_two_vintage_four_specification_matrix_v1,297908c214a0afab30a377854585cb1788922334c3bba976f8e2a1141c6ed73e,bb050aa041e8fc1c8391b908baeab529aaf2e9944d5f35b07af661349176adce,vintage_20260809,portwatch_chokepoints_vintage_20260809_snapshot,data/raw/portwatch/vintages/Daily_Chokepoints_Data__vintage_2026-08-09.csv,0bc806a4c384723debff08053d6fcbb915a03ee9fdf7b23c73d76d9bcb885bcb,sensitivity_only,bsts_local_level_weekly,daily_marginal_posterior_median,2026-04-02,0.0,43.20536687630336,9.621065513945856,75.30684585449177,43.20536687630336,1408.8824040593574
portwatch_two_vintage_four_specification_matrix_v1,297908c214a0afab30a377854585cb1788922334c3bba976f8e2a1141c6ed73e,bb050aa041e8fc1c8391b908baeab529aaf2e9944d5f35b07af661349176adce,vintage_20260809,portwatch_chokepoints_vintage_20260809_snapshot,data/raw/portwatch/vintages/Daily_Chokepoints_Data__vintage_2026-08-09.csv,0bc806a4c384723debff08053d6fcbb915a03ee9fdf7b23c73d76d9bcb885bcb,sensitivity_only,bsts_local_level_weekly,daily_marginal_posterior_median,2026-04-03,2.0,42.79236455801259,9.707485326689486,74.48592087422635,40.79236455801259,1449.67476861737
portwatch_two_vintage_four_specification_matrix_v1,297908c214a0afab30a377854585cb1788922334c3bba976f8e2a1141c6ed73e,bb050aa041e8fc1c8391b908baeab529aaf2e9944d5f35b07af661349176adce,vintage_20260809,portwatch_chokepoints_vintage_20260809_snapshot,data/raw/portwatch/vintages/Daily_Chokepoints_Data__vintage_2026-08-09.csv,0bc806a4c384723debff08053d6fcbb915a03ee9fdf7b23c73d76d9bcb885bcb,sensitivity_only,bsts_local_level_weekly,daily_marginal_posterior_median,2026-04-04,3.0,43.91254650407246,12.841146216632277,75.4786410914803,40.91254650407246,1490.5873151214423
portwatch_two_vintage_four_specification_matrix_v1,297908c214a0afab30a377854585cb1788922334c3bba976f8e2a1141c6ed73e,bb050aa041e8fc1c8391b908baeab529aaf2e9944d5f35b07af661349176adce,vintage_20260809,portwatch_chokepoints_vintage_20260809_snapshot,data/raw/portwatch/vintages/Daily_Chokepoints_Data__vintage_2026-08-09.csv,0bc806a4c384723debff08053d6fcbb915a03ee9fdf7b23c73d76d9bcb885bcb,sensitivity_only,bsts_local_level_weekly,daily_marginal_posterior_median,2026-04-05,4.0,43.21286786817467,10.987500902342,77.13014471131643,39.21286786817467,1529.8001829896173
portwatch_two_vintage_four_specification_matrix_v1,297908c214a0afab30a377854585cb1788922334c3bba976f8e2a1141c6ed73e,bb050aa041e8fc1c8391b908baeab529aaf2e9944d5f35b07af661349176adce,vintage_20260809,portwatch_chokepoints_vintage_20260809_snapshot,data/raw/portwatch/vintages/Daily_Chokepoints_Data__vintage_2026-08-09.csv,0bc806a4c384723debff08053d6fcbb915a03ee9fdf7b23c73d76d9bcb885bcb,sensitivity_only,bsts_local_level_weekly,daily_marginal_posterior_median,2026-04-06,0.0,42.75509244189108,7.981705430500095,78.22532522589859,42.75509244189108,1572.5552754315083
portwatch_two_vintage_four_specification_matrix_v1,297908c214a0afab30a377854585cb1788922334c3bba976f8e2a1141c6ed73e,bb050aa041e8fc1c8391b908baeab529aaf2e9944d5f35b07af661349176adce,vintage_20260809,portwatch_chokepoints_vintage_20260809_snapshot,data/raw/portwatch/vintages/Daily_Chokepoints_Data__vintage_2026-08-09.csv,0bc806a4c384723debff08053d6fcbb915a03ee9fdf7b23c73d76d9bcb885bcb,sensitivity_only,bsts_local_level_weekly,daily_marginal_posterior_median,2026-04-07,2.0,43.38271111841944,9.052175172779355,76.02177533874122,41.38271111841944,1613.9379865499277
portwatch_two_vintage_four_specification_matrix_v1,297908c214a0afab30a377854585cb1788922334c3bba976f8e2a1141c6ed73e,bb050aa041e8fc1c8391b908baeab529aaf2e9944d5f35b07af661349176adce,vintage_20260809,portwatch_chokepoints_vintage_20260809_snapshot,data/raw/portwatch/vintages/Daily_Chokepoints_Data__vintage_2026-08-09.csv,0bc806a4c384723debff08053d6fcbb915a03ee9fdf7b23c73d76d9bcb885bcb,sensitivity_only,bsts_local_level_weekly,daily_marginal_posterior_median,2026-04-08,0.0,42.93980046185274,9.391423869101809,75.02159194774846,42.93980046185274,1656.8777870117804
portwatch_two_vintage_four_specification_matrix_v1,297908c214a0afab30a377854585cb1788922334c3bba976f8e2a1141c6ed73e,bb050aa041e8fc1c8391b908baeab529aaf2e9944d5f35b07af661349176adce,vintage_20260809,portwatch_chokepoints_vintage_20260809_snapshot,data/raw/portwatch/vintages/Daily_Chokepoints_Data__vintage_2026-08-09.csv,0bc806a4c384723debff08053d6fcbb915a03ee9fdf7b23c73d76d9bcb885bcb,sensitivity_only,bsts_local_level_weekly,daily_marginal_posterior_median,2026-04-09,5.0,43.18591666800086,8.86915739506292,77.24255094688283,38.18591666800086,1695.0637036797812
portwatch_two_vintage_four_specification_matrix_v1,297908c214a0afab30a377854585cb1788922334c3bba976f8e2a1141c6ed73e,bb050aa041e8fc1c8391b908baeab529aaf2e9944d5f35b07af661349176adce,vintage_20260809,portwatch_chokepoints_vintage_20260809_snapshot,data/raw/portwatch/vintages/Daily_Chokepoints_Data__vintage_2026-08-09.csv,0bc806a4c384723debff08053d6fcbb915a03ee9fdf7b23c73d76d9bcb885bcb,sensitivity_only,bsts_local_level_weekly,daily_marginal_posterior_median,2026-04-10,0.0,43.84755315339905,7.478791694007726,78.73486130562013,43.84755315339905,1738.9112568331802
portwatch_two_vintage_four_specification_matrix_v1,297908c214a0afab30a377854585cb1788922334c3bba976f8e2a1141c6ed73e,bb050aa041e8fc1c8391b908baeab529aaf2e9944d5f35b07af661349176adce,vintage_20260809,portwatch_chokepoints_vintage_20260809_snapshot,data/raw/portwatch/vintages/Daily_Chokepoints_Data__vintage_2026-08-09.csv,0bc806a4c384723debff08053d6fcbb915a03ee9fdf7b23c73d76d9bcb885bcb,sensitivity_only,bsts_local_level_weekly,daily_marginal_posterior_median,2026-04-11,3.0,44.412234624405976,9.210306341986628,76.2029399735515,41.412234624405976,1780.3234914575862
portwatch_two_vintage_four_specification_matrix_v1,297908c214a0afab30a377854585cb1788922334c3bba976f8e2a1141c6ed73e,bb050aa041e8fc1c8391b908baeab529aaf2e9944d5f35b07af661349176adce,vintage_20260809,portwatch_chokepoints_vintage_20260809_snapshot,data/raw/portwatch/vintages/Daily_Chokepoints_Data__vintage_2026-08-09.csv,0bc806a4c384723debff08053d6fcbb915a03ee9fdf7b23c73d76d9bcb885bcb,sensitivity_only,bsts_local_level_weekly,daily_marginal_posterior_median,2026-04-12,3.0,43.85994420499075,5.8302313333216516,76.6984405781016,40.85994420499075,1821.183435662577
portwatch_two_vintage_four_specification_matrix_v1,297908c214a0afab30a377854585cb1788922334c3bba976f8e2a1141c6ed73e,bb050aa041e8fc1c8391b908baeab529aaf2e9944d5f35b07af661349176adce,vintage_20260809,portwatch_chokepoints_vintage_20260809_snapshot,data/raw/portwatch/vintages/Daily_Chokepoints_Data__vintage_2026-08-09.csv,0bc806a4c384723debff08053d6fcbb915a03ee9fdf7b23c73d76d9bcb885bcb,sensitivity_only,bsts_local_level_weekly,daily_marginal_posterior_median,2026-04-13,3.0,42.88536088645674,7.027848739897392,80.10782320694803,39.88536088645674,1861.0687965490336
portwatch_two_vintage_four_specification_matrix_v1,297908c214a0afab30a377854585cb1788922334c3bba976f8e2a1141c6ed73e,bb050aa041e8fc1c8391b908baeab529aaf2e9944d5f35b07af661349176adce,vintage_20260809,portwatch_chokepoints_vintage_20260809_snapshot,data/raw/portwatch/vintages/Daily_Chokepoints_Data__vintage_2026-08-09.csv,0bc806a4c384723debff08053d6fcbb915a03ee9fdf7b23c73d76d9bcb885bcb,sensitivity_only,bsts_local_level_weekly,daily_marginal_posterior_median,2026-04-14,2.0,42.41258053369977,7.632623198894918,76.75614393918482,40.41258053369977,1901.4813770827336
portwatch_two_vintage_four_specification_matrix_v1,297908c214a0afab30a377854585cb1788922334c3bba976f8e2a1141c6ed73e,bb050aa041e8fc1c8391b908baeab529aaf2e9944d5f35b07af661349176adce,vintage_20260809,portwatch_chokepoints_vintage_20260809_snapshot,data/raw/portwatch/vintages/Daily_Chokepoints_Data__vintage_2026-08-09.csv,0bc806a4c384723debff08053d6fcbb915a03ee9fdf7b23c73d76d9bcb885bcb,sensitivity_only,bsts_local_level_weekly,daily_marginal_posterior_median,2026-04-15,4.0,43.413184779554314,6.479978334767978,77.25100377165998,39.413184779554314,1940.894561862288
portwatch_two_vintage_four_specification_matrix_v1,297908c214a0afab30a377854585cb1788922334c3bba976f8e2a1141c6ed73e,bb050aa041e8fc1c8391b908baeab529aaf2e9944d5f35b07af661349176adce,vintage_20260809,portwatch_chokepoints_vintage_20260809_snapshot,data/raw/portwatch/vintages/Daily_Chokepoints_Data__vintage_2026-08-09.csv,0bc806a4c384723debff08053d6fcbb915a03ee9fdf7b23c73d76d9bcb885bcb,sensitivity_only,bsts_local_level_weekly,daily_marginal_posterior_median,2026-04-16,1.0,42.75221338665931,7.889003159576329,76.95873795067799,41.75221338665931,1982.6467752489473
portwatch_two_vintage_four_specification_matrix_v1,297908c214a0afab30a377854585cb1788922334c3bba976f8e2a1141c6ed73e,bb050aa041e8fc1c8391b908baeab529aaf2e9944d5f35b07af661349176adce,vintage_20260809,portwatch_chokepoints_vintage_20260809_snapshot,data/raw/portwatch/vintages/Daily_Chokepoints_Data__vintage_2026-08-09.csv,0bc806a4c384723debff08053d6fcbb915a03ee9fdf7b23c73d76d9bcb885bcb,sensitivity_only,bsts_local_level_weekly,daily_marginal_posterior_median,2026-04-17,3.0,43.48617882250139,7.967605789601107,80.12157979329979,40.48617882250139,2023.1329540714487
portwatch_two_vintage_four_specification_matrix_v1,297908c214a0afab30a377854585cb1788922334c3bba976f8e2a1141c6ed73e,bb050aa041e8fc1c8391b908baeab529aaf2e9944d5f35b07af661349176adce,vintage_20260809,portwatch_chokepoints_vintage_20260809_snapshot,data/raw/portwatch/vintages/Daily_Chokepoints_Data__vintage_2026-08-09.csv,0bc806a4c384723debff08053d6fcbb915a03ee9fdf7b23c73d76d9bcb885bcb,sensitivity_only,bsts_local_level_weekly,daily_marginal_posterior_median,2026-04-18,12.0,44.19104141594191,6.482436571653776,81.85772046165872,32.19104141594191,2055.3239954873907
portwatch_two_vintage_four_specification_matrix_v1,297908c214a0afab30a377854585cb1788922334c3bba976f8e2a1141c6ed73e,bb050aa041e8fc1c8391b908baeab529aaf2e9944d5f35b07af661349176adce,vintage_20260809,portwatch_chokepoints_vintage_20260809_snapshot,data/raw/portwatch/vintages/Daily_Chokepoints_Data__vintage_2026-08-09.csv,0bc806a4c384723debff08053d6fcbb915a03ee9fdf7b23c73d76d9bcb885bcb,sensitivity_only,bsts_local_level_weekly,daily_marginal_posterior_median,2026-04-19,1.0,44.529813569382426,7.758755531458794,79.38856526337781,43.529813569382426,2098.853809056773
portwatch_two_vintage_four_specification_matrix_v1,297908c214a0afab30a377854585cb1788922334c3bba976f8e2a1141c6ed73e,bb050aa041e8fc1c8391b908baeab529aaf2e9944d5f35b07af661349176adce,vintage_20260809,portwatch_chokepoints_vintage_20260809_snapshot,data/raw/portwatch/vintages/Daily_Chokepoints_Data__vintage_2026-08-09.csv,0bc806a4c384723debff08053d6fcbb915a03ee9fdf7b23c73d76d9bcb885bcb,sensitivity_only,bsts_local_level_weekly,daily_marginal_posterior_median,2026-04-20,2.0,42.62866074718113,7.1760041439402285,77.96277279336805,40.62866074718113,2139.4824698039542
portwatch_two_vintage_four_specification_matrix_v1,297908c214a0afab30a377854585cb1788922334c3bba976f8e2a1141c6ed73e,bb050aa041e8fc1c8391b908baeab529aaf2e9944d5f35b07af661349176adce,vintage_20260809,portwatch_chokepoints_vintage_20260809_snapshot,data/raw/portwatch/vintages/Daily_Chokepoints_Data__vintage_2026-08-09.csv,0bc806a4c384723debff08053d6fcbb915a03ee9fdf7b23c73d76d9bcb885bcb,sensitivity_only,bsts_local_level_weekly,daily_marginal_posterior_median,2026-04-21,2.0,42.69833319035352,4.928692675124394,77.46726514713215,40.69833319035352,2180.1808029943077
portwatch_two_vintage_four_specification_matrix_v1,297908c214a0afab30a377854585cb1788922334c3bba976f8e2a1141c6ed73e,bb050aa041e8fc1c8391b908baeab529aaf2e9944d5f35b07af661349176adce,vintage_20260809,portwatch_chokepoints_vintage_20260809_snapshot,data/raw/portwatch/vintages/Daily_Chokepoints_Data__vintage_2026-08-09.csv,0bc806a4c384723debff08053d6fcbb915a03ee9fdf7b23c73d76d9bcb885bcb,sensitivity_only,bsts_local_level_weekly,daily_marginal_posterior_median,2026-04-22,2.0,42.75317439209515,5.39627203218761,81.6233128463629,40.75317439209515,2220.9339773864026
portwatch_two_vintage_four_specification_matrix_v1,297908c214a0afab30a377854585cb1788922334c3bba976f8e2a1141c6ed73e,bb050aa041e8fc1c8391b908baeab529aaf2e9944d5f35b07af661349176adce,vintage_20260809,portwatch_chokepoints_vintage_20260809_snapshot,data/raw/portwatch/vintages/Daily_Chokepoints_Data__vintage_2026-08-09.csv,0bc806a4c384723debff08053d6fcbb915a03ee9fdf7b23c73d76d9bcb885bcb,sensitivity_only,bsts_local_level_weekly,daily_marginal_posterior_median,2026-04-23,0.0,42.4481630369292,4.267279009088402,80.2070566338719,42.4481630369292,2263.3821404233317
portwatch_two_vintage_four_specification_matrix_v1,297908c214a0afab30a377854585cb1788922334c3bba976f8e2a1141c6ed73e,bb050aa041e8fc1c8391b908baeab529aaf2e9944d5f35b07af661349176adce,vintage_20260809,portwatch_chokepoints_vintage_20260809_snapshot,data/raw/portwatch/vintages/Daily_Chokepoints_Data__vintage_2026-08-09.csv,0bc806a4c384723debff08053d6fcbb915a03ee9fdf7b23c73d76d9bcb885bcb,sensitivity_only,bsts_local_level_weekly,daily_marginal_posterior_median,2026-04-24,2.0,43.58745544692459,6.78676257144531,80.31894847185865,41.58745544692459,2304.9695958702564
portwatch_two_vintage_four_specification_matrix_v1,297908c214a0afab30a377854585cb1788922334c3bba976f8e2a1141c6ed73e,bb050aa041e8fc1c8391b908baeab529aaf2e9944d5f35b07af661349176adce,vintage_20260809,portwatch_chokepoints_vintage_20260809_snapshot,data/raw/portwatch/vintages/Daily_Chokepoints_Data__vintage_2026-08-09.csv,0bc806a4c384723debff08053d6fcbb915a03ee9fdf7b23c73d76d9bcb885bcb,sensitivity_only,bsts_local_level_weekly,daily_marginal_posterior_median,2026-04-25,1.0,44.139139716112496,4.79824291983305,82.45494765992676,43.139139716112496,2348.1087355863688
portwatch_two_vintage_four_specification_matrix_v1,297908c214a0afab30a377854585cb1788922334c3bba976f8e2a1141c6ed73e,bb050aa041e8fc1c8391b908baeab529aaf2e9944d5f35b07af661349176adce,vintage_20260809,portwatch_chokepoints_vintage_20260809_snapshot,data/raw/portwatch/vintages/Daily_Chokepoints_Data__vintage_2026-08-09.csv,0bc806a4c384723debff08053d6fcbb915a03ee9fdf7b23c73d76d9bcb885bcb,sensitivity_only,bsts_local_level_weekly,daily_marginal_posterior_median,2026-04-26,1.0,43.62937248761644,5.872803040733577,83.26646269358946,42.62937248761644,2390.738108073985
portwatch_two_vintage_four_specification_matrix_v1,297908c214a0afab30a377854585cb1788922334c3bba976f8e2a1141c6ed73e,bb050aa041e8fc1c8391b908baeab529aaf2e9944d5f35b07af661349176adce,vintage_20260809,portwatch_chokepoints_vintage_20260809_snapshot,data/raw/portwatch/vintages/Daily_Chokepoints_Data__vintage_2026-08-09.csv,0bc806a4c384723debff08053d6fcbb915a03ee9fdf7b23c73d76d9bcb885bcb,sensitivity_only,bsts_local_level_weekly,daily_marginal_posterior_median,2026-04-27,0.0,43.7256348298036,4.753237945532658,82.63820191621019,43.7256348298036,2434.463742903789
portwatch_two_vintage_four_specification_matrix_v1,297908c214a0afab30a377854585cb1788922334c3bba976f8e2a1141c6ed73e,bb050aa041e8fc1c8391b908baeab529aaf2e9944d5f35b07af661349176adce,vintage_20260809,portwatch_chokepoints_vintage_20260809_snapshot,data/raw/portwatch/vintages/Daily_Chokepoints_Data__vintage_2026-08-09.csv,0bc806a4c384723debff08053d6fcbb915a03ee9fdf7b23c73d76d9bcb885bcb,sensitivity_only,bsts_local_level_weekly,daily_marginal_posterior_median,2026-04-28,2.0,42.11799413631819,1.8886192866776317,83.88506530183703,40.11799413631819,2474.581737040107
portwatch_two_vintage_four_specification_matrix_v1,297908c214a0afab30a377854585cb1788922334c3bba976f8e2a1141c6ed73e,bb050aa041e8fc1c8391b908baeab529aaf2e9944d5f35b07af661349176adce,vintage_20260809,portwatch_chokepoints_vintage_20260809_snapshot,data/raw/portwatch/vintages/Daily_Chokepoints_Data__vintage_2026-08-09.csv,0bc806a4c384723debff08053d6fcbb915a03ee9fdf7b23c73d76d9bcb885bcb,sensitivity_only,bsts_local_level_weekly,daily_marginal_posterior_median,2026-04-29,3.0,43.08834322478346,3.889039138663239,81.29321967247338,40.08834322478346,2514.67008026489
portwatch_two_vintage_four_specification_matrix_v1,297908c214a0afab30a377854585cb1788922334c3bba976f8e2a1141c6ed73e,bb050aa041e8fc1c8391b908baeab529aaf2e9944d5f35b07af661349176adce,vintage_20260809,portwatch_chokepoints_vintage_20260809_snapshot,data/raw/portwatch/vintages/Daily_Chokepoints_Data__vintage_2026-08-09.csv,0bc806a4c384723debff08053d6fcbb915a03ee9fdf7b23c73d76d9bcb885bcb,sensitivity_only,bsts_local_level_weekly,daily_marginal_posterior_median,2026-04-30,4.0,43.69273322387704,3.369279800701282,82.71957918999692,39.69273322387704,2554.362813488767
portwatch_two_vintage_four_specification_matrix_v1,297908c214a0afab30a377854585cb1788922334c3bba976f8e2a1141c6ed73e,bb050aa041e8fc1c8391b908baeab529aaf2e9944d5f35b07af661349176adce,vintage_20260809,portwatch_chokepoints_vintage_20260809_snapshot,data/raw/portwatch/vintages/Daily_Chokepoints_Data__vintage_2026-08-09.csv,0bc806a4c384723debff08053d6fcbb915a03ee9fdf7b23c73d76d9bcb885bcb,sensitivity_only,bsts_local_level_weekly,daily_marginal_posterior_median,2026-05-01,2.0,43.417948669445195,5.883177430819354,80.82765534119736,41.417948669445195,2595.7807621582124
portwatch_two_vintage_four_specification_matrix_v1,297908c214a0afab30a377854585cb1788922334c3bba976f8e2a1141c6ed73e,bb050aa041e8fc1c8391b908baeab529aaf2e9944d5f35b07af661349176adce,vintage_20260809,portwatch_chokepoints_vintage_20260809_snapshot,data/raw/portwatch/vintages/Daily_Chokepoints_Data__vintage_2026-08-09.csv,0bc806a4c384723debff08053d6fcbb915a03ee9fdf7b23c73d76d9bcb885bcb,sensitivity_only,bsts_local_level_weekly,daily_marginal_posterior_median,2026-05-02,4.0,44.34194015458285,4.574509822674664,85.51874985890304,40.34194015458285,2636.1227023127954
portwatch_two_vintage_four_specification_matrix_v1,297908c214a0afab30a377854585cb1788922334c3bba976f8e2a1141c6ed73e,bb050aa041e8fc1c8391b908baeab529aaf2e9944d5f35b07af661349176adce,vintage_20260809,portwatch_chokepoints_vintage_20260809_snapshot,data/raw/portwatch/vintages/Daily_Chokepoints_Data__vintage_2026-08-09.csv,0bc806a4c384723debff08053d6fcbb915a03ee9fdf7b23c73d76d9bcb885bcb,sensitivity_only,bsts_local_level_weekly,daily_marginal_posterior_median,2026-05-03,1.0,44.48809766089775,4.288173372015897,83.90301450625142,43.48809766089775,2679.6107999736932
portwatch_two_vintage_four_specification_matrix_v1,297908c214a0afab30a377854585cb1788922334c3bba976f8e2a1141c6ed73e,bb050aa041e8fc1c8391b908baeab529aaf2e9944d5f35b07af661349176adce,vintage_20260809,portwatch_chokepoints_vintage_20260809_snapshot,data/raw/portwatch/vintages/Daily_Chokepoints_Data__vintage_2026-08-09.csv,0bc806a4c384723debff08053d6fcbb915a03ee9fdf7b23c73d76d9bcb885bcb,sensitivity_only,bsts_local_level_weekly,daily_marginal_posterior_median,2026-05-04,0.0,43.15684072332069,4.52949972212413,83.84113482378164,43.15684072332069,2722.767640697014
portwatch_two_vintage_four_specification_matrix_v1,297908c214a0afab30a377854585cb1788922334c3bba976f8e2a1141c6ed73e,bb050aa041e8fc1c8391b908baeab529aaf2e9944d5f35b07af661349176adce,vintage_20260809,portwatch_chokepoints_vintage_20260809_snapshot,data/raw/portwatch/vintages/Daily_Chokepoints_Data__vintage_2026-08-09.csv,0bc806a4c384723debff08053d6fcbb915a03ee9fdf7b23c73d76d9bcb885bcb,sensitivity_only,bsts_local_level_weekly,daily_marginal_posterior_median,2026-05-05,0.0,42.64829684851451,4.397144148938017,83.4987769378596,42.64829684851451,2765.4159375455283
portwatch_two_vintage_four_specification_matrix_v1,297908c214a0afab30a377854585cb1788922334c3bba976f8e2a1141c6ed73e,bb050aa041e8fc1c8391b908baeab529aaf2e9944d5f35b07af661349176adce,vintage_20260809,portwatch_chokepoints_vintage_20260809_snapshot,data/raw/portwatch/vintages/Daily_Chokepoints_Data__vintage_2026-08-09.csv,0bc806a4c384723debff08053d6fcbb915a03ee9fdf7b23c73d76d9bcb885bcb,sensitivity_only,bsts_local_level_weekly,daily_marginal_posterior_median,2026-05-06,0.0,42.16300416101516,2.284095980322839,82.80003966636635,42.16300416101516,2807.578941706543
portwatch_two_vintage_four_specification_matrix_v1,297908c214a0afab30a377854585cb1788922334c3bba976f8e2a1141c6ed73e,bb050aa041e8fc1c8391b908baeab529aaf2e9944d5f35b07af661349176adce,vintage_20260809,portwatch_chokepoints_vintage_20260809_snapshot,data/raw/portwatch/vintages/Daily_Chokepoints_Data__vintage_2026-08-09.csv,0bc806a4c384723debff08053d6fcbb915a03ee9fdf7b23c73d76d9bcb885bcb,sensitivity_only,bsts_local_level_weekly,daily_marginal_posterior_median,2026-05-07,0.0,42.85019044639874,1.3504038886195435,83.14484957316186,42.85019044639874,2850.429132152942
portwatch_two_vintage_four_specification_matrix_v1,297908c214a0afab30a377854585cb1788922334c3bba976f8e2a1141c6ed73e,bb050aa041e8fc1c8391b908baeab529aaf2e9944d5f35b07af661349176adce,vintage_20260809,portwatch_chokepoints_vintage_20260809_snapshot,data/raw/portwatch/vintages/Daily_Chokepoints_Data__vintage_2026-08-09.csv,0bc806a4c384723debff08053d6fcbb915a03ee9fdf7b23c73d76d9bcb885bcb,sensitivity_only,bsts_local_level_weekly,daily_marginal_posterior_median,2026-05-08,0.0,43.58411424083519,2.2911321978235613,84.96957945672646,43.58411424083519,2894.0132463937775
portwatch_two_vintage_four_specification_matrix_v1,297908c214a0afab30a377854585cb1788922334c3bba976f8e2a1141c6ed73e,bb050aa041e8fc1c8391b908baeab529aaf2e9944d5f35b07af661349176adce,vintage_20260809,portwatch_chokepoints_vintage_20260809_snapshot,data/raw/portwatch/vintages/Daily_Chokepoints_Data__vintage_2026-08-09.csv,0bc806a4c384723debff08053d6fcbb915a03ee9fdf7b23c73d76d9bcb885bcb,sensitivity_only,bsts_local_level_weekly,daily_marginal_posterior_median,2026-05-09,1.0,43.69091135831485,4.363883297546862,86.76033056999852,42.69091135831485,2936.704157752092
portwatch_two_vintage_four_specification_matrix_v1,297908c214a0afab30a377854585cb1788922334c3bba976f8e2a1141c6ed73e,bb050aa041e8fc1c8391b908baeab529aaf2e9944d5f35b07af661349176adce,vintage_20260809,portwatch_chokepoints_vintage_20260809_snapshot,data/raw/portwatch/vintages/Daily_Chokepoints_Data__vintage_2026-08-09.csv,0bc806a4c384723debff08053d6fcbb915a03ee9fdf7b23c73d76d9bcb885bcb,sensitivity_only,bsts_local_level_weekly,daily_marginal_posterior_median,2026-05-10,2.0,44.01869910147072,1.1177869917852494,85.79516921062007,42.01869910147072,2978.722856853563
portwatch_two_vintage_four_specification_matrix_v1,297908c214a0afab30a377854585cb1788922334c3bba976f8e2a1141c6ed73e,bb050aa041e8fc1c8391b908baeab529aaf2e9944d5f35b07af661349176adce,vintage_20260809,portwatch_chokepoints_vintage_20260809_snapshot,data/raw/portwatch/vintages/Daily_Chokepoints_Data__vintage_2026-08-09.csv,0bc806a4c384723debff08053d6fcbb915a03ee9fdf7b23c73d76d9bcb885bcb,sensitivity_only,bsts_local_level_weekly,daily_marginal_posterior_median,2026-05-11,4.0,43.49853001002801,1.8536388055466697,83.16826183101097,39.49853001002801,3018.221386863591
portwatch_two_vintage_four_specification_matrix_v1,297908c214a0afab30a377854585cb1788922334c3bba976f8e2a1141c6ed73e,bb050aa041e8fc1c8391b908baeab529aaf2e9944d5f35b07af661349176adce,vintage_20260809,portwatch_chokepoints_vintage_20260809_snapshot,data/raw/portwatch/vintages/Daily_Chokepoints_Data__vintage_2026-08-09.csv,0bc806a4c384723debff08053d6fcbb915a03ee9fdf7b23c73d76d9bcb885bcb,sensitivity_only,bsts_local_level_weekly,daily_marginal_posterior_median,2026-05-12,1.0,42.92160496284035,2.7628953015339976,83.56327326216162,41.92160496284035,3060.142991826431
portwatch_two_vintage_four_specification_matrix_v1,297908c214a0afab30a377854585cb1788922334c3bba976f8e2a1141c6ed73e,bb050aa041e8fc1c8391b908baeab529aaf2e9944d5f35b07af661349176adce,vintage_20260809,portwatch_chokepoints_vintage_20260809_snapshot,data/raw/portwatch/vintages/Daily_Chokepoints_Data__vintage_2026-08-09.csv,0bc806a4c384723debff08053d6fcbb915a03ee9fdf7b23c73d76d9bcb885bcb,sensitivity_only,bsts_local_level_weekly,daily_marginal_posterior_median,2026-05-13,2.0,43.24917775242015,1.286557020830873,86.67797113206304,41.24917775242015,3101.3921695788513
portwatch_two_vintage_four_specification_matrix_v1,297908c214a0afab30a377854585cb1788922334c3bba976f8e2a1141c6ed73e,bb050aa041e8fc1c8391b908baeab529aaf2e9944d5f35b07af661349176adce,vintage_20260809,portwatch_chokepoints_vintage_20260809_snapshot,data/raw/portwatch/vintages/Daily_Chokepoints_Data__vintage_2026-08-09.csv,0bc806a4c384723debff08053d6fcbb915a03ee9fdf7b23c73d76d9bcb885bcb,sensitivity_only,bsts_local_level_weekly,daily_marginal_posterior_median,2026-05-14,3.0,42.97099148416554,1.8248386612281655,85.1550860875225,39.97099148416554,3141.363161063017
portwatch_two_vintage_four_specification_matrix_v1,297908c214a0afab30a377854585cb1788922334c3bba976f8e2a1141c6ed73e,bb050aa041e8fc1c8391b908baeab529aaf2e9944d5f35b07af661349176adce,vintage_20260809,portwatch_chokepoints_vintage_20260809_snapshot,data/raw/portwatch/vintages/Daily_Chokepoints_Data__vintage_2026-08-09.csv,0bc806a4c384723debff08053d6fcbb915a03ee9fdf7b23c73d76d9bcb885bcb,sensitivity_only,bsts_local_level_weekly,daily_marginal_posterior_median,2026-05-15,2.0,43.853105903526085,1.144060663676394,88.2559361831968,41.853105903526085,3183.216266966543
portwatch_two_vintage_four_specification_matrix_v1,297908c214a0afab30a377854585cb1788922334c3bba976f8e2a1141c6ed73e,bb050aa041e8fc1c8391b908baeab529aaf2e9944d5f35b07af661349176adce,vintage_20260809,portwatch_chokepoints_vintage_20260809_snapshot,data/raw/portwatch/vintages/Daily_Chokepoints_Data__vintage_2026-08-09.csv,0bc806a4c384723debff08053d6fcbb915a03ee9fdf7b23c73d76d9bcb885bcb,sensitivity_only,bsts_local_level_weekly,daily_marginal_posterior_median,2026-05-16,1.0,44.22520197558848,2.4736000871598987,85.55477618469014,43.22520197558848,3226.4414689421315
portwatch_two_vintage_four_specification_matrix_v1,297908c214a0afab30a377854585cb1788922334c3bba976f8e2a1141c6ed73e,bb050aa041e8fc1c8391b908baeab529aaf2e9944d5f35b07af661349176adce,vintage_20260809,portwatch_chokepoints_vintage_20260809_snapshot,data/raw/portwatch/vintages/Daily_Chokepoints_Data__vintage_2026-08-09.csv,0bc806a4c384723debff08053d6fcbb915a03ee9fdf7b23c73d76d9bcb885bcb,sensitivity_only,bsts_local_level_weekly,daily_marginal_posterior_median,2026-05-17,1.0,43.77552601028063,1.7021868510338998,85.71489173484599,42.77552601028063,3269.2169949524123
portwatch_two_vintage_four_specification_matrix_v1,297908c214a0afab30a377854585cb1788922334c3bba976f8e2a1141c6ed73e,bb050aa041e8fc1c8391b908baeab529aaf2e9944d5f35b07af661349176adce,vintage_20260809,portwatch_chokepoints_vintage_20260809_snapshot,data/raw/portwatch/vintages/Daily_Chokepoints_Data__vintage_2026-08-09.csv,0bc806a4c384723debff08053d6fcbb915a03ee9fdf7b23c73d76d9bcb885bcb,sensitivity_only,bsts_local_level_weekly,daily_marginal_posterior_median,2026-05-18,1.0,43.0678789300767,0.0,86.87026965941949,42.0678789300767,3311.284873882489
portwatch_two_vintage_four_specification_matrix_v1,297908c214a0afab30a377854585cb1788922334c3bba976f8e2a1141c6ed73e,bb050aa041e8fc1c8391b908baeab529aaf2e9944d5f35b07af661349176adce,vintage_20260809,portwatch_chokepoints_vintage_20260809_snapshot,data/raw/portwatch/vintages/Daily_Chokepoints_Data__vintage_2026-08-09.csv,0bc806a4c384723debff08053d6fcbb915a03ee9fdf7b23c73d76d9bcb885bcb,sensitivity_only,bsts_local_level_weekly,daily_marginal_posterior_median,2026-05-19,3.0,42.84897647128324,0.0,86.15709360227801,39.84897647128324,3351.133850353772
portwatch_two_vintage_four_specification_matrix_v1,297908c214a0afab30a377854585cb1788922334c3bba976f8e2a1141c6ed73e,bb050aa041e8fc1c8391b908baeab529aaf2e9944d5f35b07af661349176adce,vintage_20260809,portwatch_chokepoints_vintage_20260809_snapshot,data/raw/portwatch/vintages/Daily_Chokepoints_Data__vintage_2026-08-09.csv,0bc806a4c384723debff08053d6fcbb915a03ee9fdf7b23c73d76d9bcb885bcb,sensitivity_only,bsts_local_level_weekly,daily_marginal_posterior_median,2026-05-20,3.0,42.447442715677866,0.0,86.15958657598492,39.447442715677866,3390.58129306945
portwatch_two_vintage_four_specification_matrix_v1,297908c214a0afab30a377854585cb1788922334c3bba976f8e2a1141c6ed73e,bb050aa041e8fc1c8391b908baeab529aaf2e9944d5f35b07af661349176adce,vintage_20260809,portwatch_chokepoints_vintage_20260809_snapshot,data/raw/portwatch/vintages/Daily_Chokepoints_Data__vintage_2026-08-09.csv,0bc806a4c384723debff08053d6fcbb915a03ee9fdf7b23c73d76d9bcb885bcb,sensitivity_only,bsts_local_level_weekly,daily_marginal_posterior_median,2026-05-21,2.0,42.992851047775545,0.0,85.9290240240791,40.992851047775545,3431.574144117226
portwatch_two_vintage_four_specification_matrix_v1,297908c214a0afab30a377854585cb1788922334c3bba976f8e2a1141c6ed73e,bb050aa041e8fc1c8391b908baeab529aaf2e9944d5f35b07af661349176adce,vintage_20260809,portwatch_chokepoints_vintage_20260809_snapshot,data/raw/portwatch/vintages/Daily_Chokepoints_Data__vintage_2026-08-09.csv,0bc806a4c384723debff08053d6fcbb915a03ee9fdf7b23c73d76d9bcb885bcb,sensitivity_only,bsts_local_level_weekly,daily_marginal_posterior_median,2026-05-22,0.0,44.17754065197684,1.4618030006337102,88.62911733845795,44.17754065197684,3475.7516847692027
portwatch_two_vintage_four_specification_matrix_v1,297908c214a0afab30a377854585cb1788922334c3bba976f8e2a1141c6ed73e,bb050aa041e8fc1c8391b908baeab529aaf2e9944d5f35b07af661349176adce,vintage_20260809,portwatch_chokepoints_vintage_20260809_snapshot,data/raw/portwatch/vintages/Daily_Chokepoints_Data__vintage_2026-08-09.csv,0bc806a4c384723debff08053d6fcbb915a03ee9fdf7b23c73d76d9bcb885bcb,sensitivity_only,bsts_local_level_weekly,daily_marginal_posterior_median,2026-05-23,1.0,44.26745356820408,0.070582853403126,89.20003063587585,43.26745356820408,3519.0191383374067
portwatch_two_vintage_four_specification_matrix_v1,297908c214a0afab30a377854585cb1788922334c3bba976f8e2a1141c6ed73e,bb050aa041e8fc1c8391b908baeab529aaf2e9944d5f35b07af661349176adce,vintage_20260809,portwatch_chokepoints_vintage_20260809_snapshot,data/raw/portwatch/vintages/Daily_Chokepoints_Data__vintage_2026-08-09.csv,0bc806a4c384723debff08053d6fcbb915a03ee9fdf7b23c73d76d9bcb885bcb,sensitivity_only,bsts_local_level_weekly,daily_marginal_posterior_median,2026-05-24,2.0,42.74454835370083,0.3488678019691684,88.15162918261763,40.74454835370083,3559.7636866911075
portwatch_two_vintage_four_specification_matrix_v1,297908c214a0afab30a377854585cb1788922334c3bba976f8e2a1141c6ed73e,bb050aa041e8fc1c8391b908baeab529aaf2e9944d5f35b07af661349176adce,vintage_20260809,portwatch_chokepoints_vintage_20260809_snapshot,data/raw/portwatch/vintages/Daily_Chokepoints_Data__vintage_2026-08-09.csv,0bc806a4c384723debff08053d6fcbb915a03ee9fdf7b23c73d76d9bcb885bcb,sensitivity_only,bsts_local_level_weekly,daily_marginal_posterior_median,2026-05-25,0.0,42.90121702981703,0.0,87.31538612686623,42.90121702981703,3602.6649037209245
portwatch_two_vintage_four_specification_matrix_v1,297908c214a0afab30a377854585cb1788922334c3bba976f8e2a1141c6ed73e,bb050aa041e8fc1c8391b908baeab529aaf2e9944d5f35b07af661349176adce,vintage_20260809,portwatch_chokepoints_vintage_20260809_snapshot,data/raw/portwatch/vintages/Daily_Chokepoints_Data__vintage_2026-08-09.csv,0bc806a4c384723debff08053d6fcbb915a03ee9fdf7b23c73d76d9bcb885bcb,sensitivity_only,bsts_local_level_weekly,daily_marginal_posterior_median,2026-05-26,2.0,43.02534975874799,0.0,87.23524422415719,41.02534975874799,3643.690253479672
portwatch_two_vintage_four_specification_matrix_v1,297908c214a0afab30a377854585cb1788922334c3bba976f8e2a1141c6ed73e,bb050aa041e8fc1c8391b908baeab529aaf2e9944d5f35b07af661349176adce,vintage_20260809,portwatch_chokepoints_vintage_20260809_snapshot,data/raw/portwatch/vintages/Daily_Chokepoints_Data__vintage_2026-08-09.csv,0bc806a4c384723debff08053d6fcbb915a03ee9fdf7b23c73d76d9bcb885bcb,sensitivity_only,bsts_local_level_weekly,daily_marginal_posterior_median,2026-05-27,1.0,42.28991714947939,0.0,87.06383108193668,41.28991714947939,3684.980170629152
portwatch_two_vintage_four_specification_matrix_v1,297908c214a0afab30a377854585cb1788922334c3bba976f8e2a1141c6ed73e,bb050aa041e8fc1c8391b908baeab529aaf2e9944d5f35b07af661349176adce,vintage_20260809,portwatch_chokepoints_vintage_20260809_snapshot,data/raw/portwatch/vintages/Daily_Chokepoints_Data__vintage_2026-08-09.csv,0bc806a4c384723debff08053d6fcbb915a03ee9fdf7b23c73d76d9bcb885bcb,sensitivity_only,bsts_local_level_weekly,daily_marginal_posterior_median,2026-05-28,0.0,41.804372938401386,0.0,84.87416871787721,41.804372938401386,3726.784543567553
portwatch_two_vintage_four_specification_matrix_v1,297908c214a0afab30a377854585cb1788922334c3bba976f8e2a1141c6ed73e,bb050aa041e8fc1c8391b908baeab529aaf2e9944d5f35b07af661349176adce,vintage_20260809,portwatch_chokepoints_vintage_20260809_snapshot,data/raw/portwatch/vintages/Daily_Chokepoints_Data__vintage_2026-08-09.csv,0bc806a4c384723debff08053d6fcbb915a03ee9fdf7b23c73d76d9bcb885bcb,sensitivity_only,bsts_local_level_weekly,daily_marginal_posterior_median,2026-05-29,0.0,43.24799649332323,0.0,87.64501246404987,43.24799649332323,3770.032540060876
portwatch_two_vintage_four_specification_matrix_v1,297908c214a0afab30a377854585cb1788922334c3bba976f8e2a1141c6ed73e,bb050aa041e8fc1c8391b908baeab529aaf2e9944d5f35b07af661349176adce,vintage_20260809,portwatch_chokepoints_vintage_20260809_snapshot,data/raw/portwatch/vintages/Daily_Chokepoints_Data__vintage_2026-08-09.csv,0bc806a4c384723debff08053d6fcbb915a03ee9fdf7b23c73d76d9bcb885bcb,sensitivity_only,bsts_local_level_weekly,daily_marginal_posterior_median,2026-05-30,0.0,44.72311627006573,0.7874738651204254,89.14822206732039,44.72311627006573,3814.755656330942
portwatch_two_vintage_four_specification_matrix_v1,297908c214a0afab30a377854585cb1788922334c3bba976f8e2a1141c6ed73e,bb050aa041e8fc1c8391b908baeab529aaf2e9944d5f35b07af661349176adce,vintage_20260809,portwatch_chokepoints_vintage_20260809_snapshot,data/raw/portwatch/vintages/Daily_Chokepoints_Data__vintage_2026-08-09.csv,0bc806a4c384723debff08053d6fcbb915a03ee9fdf7b23c73d76d9bcb885bcb,sensitivity_only,bsts_local_level_weekly,daily_marginal_posterior_median,2026-05-31,0.0,44.905085130785665,0.0,88.31159347161181,44.905085130785665,3859.660741461728
portwatch_two_vintage_four_specification_matrix_v1,297908c214a0afab30a377854585cb1788922334c3bba976f8e2a1141c6ed73e,bb050aa041e8fc1c8391b908baeab529aaf2e9944d5f35b07af661349176adce,vintage_20260809,portwatch_chokepoints_vintage_20260809_snapshot,data/raw/portwatch/vintages/Daily_Chokepoints_Data__vintage_2026-08-09.csv,0bc806a4c384723debff08053d6fcbb915a03ee9fdf7b23c73d76d9bcb885bcb,sensitivity_only,bsts_local_level_weekly,daily_marginal_posterior_median,2026-06-01,1.0,43.08782976529743,0.0,87.20424644076185,42.08782976529743,3901.7485712270254
portwatch_two_vintage_four_specification_matrix_v1,297908c214a0afab30a377854585cb1788922334c3bba976f8e2a1141c6ed73e,bb050aa041e8fc1c8391b908baeab529aaf2e9944d5f35b07af661349176adce,vintage_20260809,portwatch_chokepoints_vintage_20260809_snapshot,data/raw/portwatch/vintages/Daily_Chokepoints_Data__vintage_2026-08-09.csv,0bc806a4c384723debff08053d6fcbb915a03ee9fdf7b23c73d76d9bcb885bcb,sensitivity_only,bsts_local_level_weekly,daily_marginal_posterior_median,2026-06-02,3.0,42.3506681966589,0.0,86.6160916534923,39.3506681966589,3941.099239423684
portwatch_two_vintage_four_specification_matrix_v1,297908c214a0afab30a377854585cb1788922334c3bba976f8e2a1141c6ed73e,bb050aa041e8fc1c8391b908baeab529aaf2e9944d5f35b07af661349176adce,vintage_20260809,portwatch_chokepoints_vintage_20260809_snapshot,data/raw/portwatch/vintages/Daily_Chokepoints_Data__vintage_2026-08-09.csv,0bc806a4c384723debff08053d6fcbb915a03ee9fdf7b23c73d76d9bcb885bcb,sensitivity_only,bsts_local_level_weekly,daily_marginal_posterior_median,2026-06-03,3.0,43.19973227498744,0.0,86.89575277650711,40.19973227498744,3981.298971698672
portwatch_two_vintage_four_specification_matrix_v1,297908c214a0afab30a377854585cb1788922334c3bba976f8e2a1141c6ed73e,bb050aa041e8fc1c8391b908baeab529aaf2e9944d5f35b07af661349176adce,vintage_20260809,portwatch_chokepoints_vintage_20260809_snapshot,data/raw/portwatch/vintages/Daily_Chokepoints_Data__vintage_2026-08-09.csv,0bc806a4c384723debff08053d6fcbb915a03ee9fdf7b23c73d76d9bcb885bcb,sensitivity_only,bsts_local_level_weekly,daily_marginal_posterior_median,2026-06-04,1.0,42.64092620531879,0.0,85.9859530299421,41.64092620531879,4022.93989790399
portwatch_two_vintage_four_specification_matrix_v1,297908c214a0afab30a377854585cb1788922334c3bba976f8e2a1141c6ed73e,bb050aa041e8fc1c8391b908baeab529aaf2e9944d5f35b07af661349176adce,vintage_20260809,portwatch_chokepoints_vintage_20260809_snapshot,data/raw/portwatch/vintages/Daily_Chokepoints_Data__vintage_2026-08-09.csv,0bc806a4c384723debff08053d6fcbb915a03ee9fdf7b23c73d76d9bcb885bcb,sensitivity_only,bsts_local_level_weekly,daily_marginal_posterior_median,2026-06-05,0.0,43.945399983291686,0.0,87.01124202328467,43.945399983291686,4066.8852978872824
portwatch_two_vintage_four_specification_matrix_v1,297908c214a0afab30a377854585cb1788922334c3bba976f8e2a1141c6ed73e,bb050aa041e8fc1c8391b908baeab529aaf2e9944d5f35b07af661349176adce,vintage_20260809,portwatch_chokepoints_vintage_20260809_snapshot,data/raw/portwatch/vintages/Daily_Chokepoints_Data__vintage_2026-08-09.csv,0bc806a4c384723debff08053d6fcbb915a03ee9fdf7b23c73d76d9bcb885bcb,sensitivity_only,bsts_local_level_weekly,daily_marginal_posterior_median,2026-06-06,0.0,43.87243494798616,0.0,89.38803289089589,43.87243494798616,4110.757732835268
portwatch_two_vintage_four_specification_matrix_v1,297908c214a0afab30a377854585cb1788922334c3bba976f8e2a1141c6ed73e,bb050aa041e8fc1c8391b908baeab529aaf2e9944d5f35b07af661349176adce,vintage_20260809,portwatch_chokepoints_vintage_20260809_snapshot,data/raw/portwatch/vintages/Daily_Chokepoints_Data__vintage_2026-08-09.csv,0bc806a4c384723debff08053d6fcbb915a03ee9fdf7b23c73d76d9bcb885bcb,sensitivity_only,bsts_local_level_weekly,daily_marginal_posterior_median,2026-06-07,0.0,43.13093351899217,0.0,90.07939368307808,43.13093351899217,4153.888666354261
portwatch_two_vintage_four_specification_matrix_v1,297908c214a0afab30a377854585cb1788922334c3bba976f8e2a1141c6ed73e,bb050aa041e8fc1c8391b908baeab529aaf2e9944d5f35b07af661349176adce,vintage_20260809,portwatch_chokepoints_vintage_20260809_snapshot,data/raw/portwatch/vintages/Daily_Chokepoints_Data__vintage_2026-08-09.csv,0bc806a4c384723debff08053d6fcbb915a03ee9fdf7b23c73d76d9bcb885bcb,sensitivity_only,bsts_local_level_weekly,daily_marginal_posterior_median,2026-06-08,1.0,43.13115768956591,0.0,89.44358223066413,42.13115768956591,4196.019824043827
portwatch_two_vintage_four_specification_matrix_v1,297908c214a0afab30a377854585cb1788922334c3bba976f8e2a1141c6ed73e,bb050aa041e8fc1c8391b908baeab529aaf2e9944d5f35b07af661349176adce,vintage_20260809,portwatch_chokepoints_vintage_20260809_snapshot,data/raw/portwatch/vintages/Daily_Chokepoints_Data__vintage_2026-08-09.csv,0bc806a4c384723debff08053d6fcbb915a03ee9fdf7b23c73d76d9bcb885bcb,sensitivity_only,bsts_local_level_weekly,daily_marginal_posterior_median,2026-06-09,2.0,43.53048534669922,0.0,92.0525640596348,41.53048534669922,4237.550309390526
portwatch_two_vintage_four_specification_matrix_v1,297908c214a0afab30a377854585cb1788922334c3bba976f8e2a1141c6ed73e,bb050aa041e8fc1c8391b908baeab529aaf2e9944d5f35b07af661349176adce,vintage_20260809,portwatch_chokepoints_vintage_20260809_snapshot,data/raw/portwatch/vintages/Daily_Chokepoints_Data__vintage_2026-08-09.csv,0bc806a4c384723debff08053d6fcbb915a03ee9fdf7b23c73d76d9bcb885bcb,sensitivity_only,bsts_local_level_weekly,daily_marginal_posterior_median,2026-06-10,0.0,42.995305621868525,0.0,87.85924829443645,42.995305621868525,4280.545615012395
portwatch_two_vintage_four_specification_matrix_v1,297908c214a0afab30a377854585cb1788922334c3bba976f8e2a1141c6ed73e,bb050aa041e8fc1c8391b908baeab529aaf2e9944d5f35b07af661349176adce,vintage_20260809,portwatch_chokepoints_vintage_20260809_snapshot,data/raw/portwatch/vintages/Daily_Chokepoints_Data__vintage_2026-08-09.csv,0bc806a4c384723debff08053d6fcbb915a03ee9fdf7b23c73d76d9bcb885bcb,sensitivity_only,bsts_local_level_weekly,daily_marginal_posterior_median,2026-06-11,2.0,43.508727393298315,0.0,88.13360216243659,41.508727393298315,4322.054342405693
portwatch_two_vintage_four_specification_matrix_v1,297908c214a0afab30a377854585cb1788922334c3bba976f8e2a1141c6ed73e,bb050aa041e8fc1c8391b908baeab529aaf2e9944d5f35b07af661349176adce,vintage_20260809,portwatch_chokepoints_vintage_20260809_snapshot,data/raw/portwatch/vintages/Daily_Chokepoints_Data__vintage_2026-08-09.csv,0bc806a4c384723debff08053d6fcbb915a03ee9fdf7b23c73d76d9bcb885bcb,sensitivity_only,bsts_local_level_weekly,daily_marginal_posterior_median,2026-06-12,1.0,43.321211613151306,0.0,88.14324227378125,42.321211613151306,4364.375554018845
portwatch_two_vintage_four_specification_matrix_v1,297908c214a0afab30a377854585cb1788922334c3bba976f8e2a1141c6ed73e,bb050aa041e8fc1c8391b908baeab529aaf2e9944d5f35b07af661349176adce,vintage_20260809,portwatch_chokepoints_vintage_20260809_snapshot,data/raw/portwatch/vintages/Daily_Chokepoints_Data__vintage_2026-08-09.csv,0bc806a4c384723debff08053d6fcbb915a03ee9fdf7b23c73d76d9bcb885bcb,sensitivity_only,bsts_local_level_weekly,daily_marginal_posterior_median,2026-06-13,0.0,43.27242009475563,0.0,88.57064940488543,43.27242009475563,4407.647974113601
portwatch_two_vintage_four_specification_matrix_v1,297908c214a0afab30a377854585cb1788922334c3bba976f8e2a1141c6ed73e,bb050aa041e8fc1c8391b908baeab529aaf2e9944d5f35b07af661349176adce,vintage_20260809,portwatch_chokepoints_vintage_20260809_snapshot,data/raw/portwatch/vintages/Daily_Chokepoints_Data__vintage_2026-08-09.csv,0bc806a4c384723debff08053d6fcbb915a03ee9fdf7b23c73d76d9bcb885bcb,sensitivity_only,bsts_local_level_weekly,daily_marginal_posterior_median,2026-06-14,0.0,44.30919167818631,0.0,91.62583672252164,44.30919167818631,4451.957165791787
portwatch_two_vintage_four_specification_matrix_v1,297908c214a0afab30a377854585cb1788922334c3bba976f8e2a1141c6ed73e,bb050aa041e8fc1c8391b908baeab529aaf2e9944d5f35b07af661349176adce,vintage_20260809,portwatch_chokepoints_vintage_20260809_snapshot,data/raw/portwatch/vintages/Daily_Chokepoints_Data__vintage_2026-08-09.csv,0bc806a4c384723debff08053d6fcbb915a03ee9fdf7b23c73d76d9bcb885bcb,sensitivity_only,bsts_local_level_weekly,daily_marginal_posterior_median,2026-06-15,1.0,43.72476227323752,0.0,90.765106911234,42.72476227323752,4494.681928065024
portwatch_two_vintage_four_specification_matrix_v1,297908c214a0afab30a377854585cb1788922334c3bba976f8e2a1141c6ed73e,bb050aa041e8fc1c8391b908baeab529aaf2e9944d5f35b07af661349176adce,vintage_20260809,portwatch_chokepoints_vintage_20260809_snapshot,data/raw/portwatch/vintages/Daily_Chokepoints_Data__vintage_2026-08-09.csv,0bc806a4c384723debff08053d6fcbb915a03ee9fdf7b23c73d76d9bcb885bcb,sensitivity_only,bsts_local_level_weekly,daily_marginal_posterior_median,2026-06-16,2.0,42.36116713672946,0.0,88.37166332492404,40.36116713672946,4535.043095201754
portwatch_two_vintage_four_specification_matrix_v1,297908c214a0afab30a377854585cb1788922334c3bba976f8e2a1141c6ed73e,bb050aa041e8fc1c8391b908baeab529aaf2e9944d5f35b07af661349176adce,vintage_20260809,portwatch_chokepoints_vintage_20260809_snapshot,data/raw/portwatch/vintages/Daily_Chokepoints_Data__vintage_2026-08-09.csv,0bc806a4c384723debff08053d6fcbb915a03ee9fdf7b23c73d76d9bcb885bcb,sensitivity_only,bsts_local_level_weekly,daily_marginal_posterior_median,2026-06-17,0.0,42.86153620984891,0.0,89.80563578921604,42.86153620984891,4577.904631411603
portwatch_two_vintage_four_specification_matrix_v1,297908c214a0afab30a377854585cb1788922334c3bba976f8e2a1141c6ed73e,bb050aa041e8fc1c8391b908baeab529aaf2e9944d5f35b07af661349176adce,vintage_20260809,portwatch_chokepoints_vintage_20260809_snapshot,data/raw/portwatch/vintages/Daily_Chokepoints_Data__vintage_2026-08-09.csv,0bc806a4c384723debff08053d6fcbb915a03ee9fdf7b23c73d76d9bcb885bcb,sensitivity_only,bsts_local_level_weekly,daily_marginal_posterior_median,2026-06-18,10.0,43.34870470948323,0.0,88.64147479219828,33.34870470948323,4611.253336121086
portwatch_two_vintage_four_specification_matrix_v1,297908c214a0afab30a377854585cb1788922334c3bba976f8e2a1141c6ed73e,bb050aa041e8fc1c8391b908baeab529aaf2e9944d5f35b07af661349176adce,vintage_20260809,portwatch_chokepoints_vintage_20260809_snapshot,data/raw/portwatch/vintages/Daily_Chokepoints_Data__vintage_2026-08-09.csv,0bc806a4c384723debff08053d6fcbb915a03ee9fdf7b23c73d76d9bcb885bcb,sensitivity_only,bsts_local_level_weekly,daily_marginal_posterior_median,2026-06-19,3.0,43.981259647030576,0.0,88.38853697621589,40.981259647030576,4652.234595768116
portwatch_two_vintage_four_specification_matrix_v1,297908c214a0afab30a377854585cb1788922334c3bba976f8e2a1141c6ed73e,bb050aa041e8fc1c8391b908baeab529aaf2e9944d5f35b07af661349176adce,vintage_20260809,portwatch_chokepoints_vintage_20260809_snapshot,data/raw/portwatch/vintages/Daily_Chokepoints_Data__vintage_2026-08-09.csv,0bc806a4c384723debff08053d6fcbb915a03ee9fdf7b23c73d76d9bcb885bcb,sensitivity_only,bsts_local_level_weekly,daily_marginal_posterior_median,2026-06-20,12.0,44.444497917184435,0.0,90.9598084971609,32.444497917184435,4684.679093685301
portwatch_two_vintage_four_specification_matrix_v1,297908c214a0afab30a377854585cb1788922334c3bba976f8e2a1141c6ed73e,bb050aa041e8fc1c8391b908baeab529aaf2e9944d5f35b07af661349176adce,vintage_20260809,portwatch_chokepoints_vintage_20260809_snapshot,data/raw/portwatch/vintages/Daily_Chokepoints_Data__vintage_2026-08-09.csv,0bc806a4c384723debff08053d6fcbb915a03ee9fdf7b23c73d76d9bcb885bcb,sensitivity_only,bsts_local_level_weekly,daily_marginal_posterior_median,2026-06-21,1.0,43.39620171012059,0.0,90.73575203332648,42.39620171012059,4727.075295395422
portwatch_two_vintage_four_specification_matrix_v1,297908c214a0afab30a377854585cb1788922334c3bba976f8e2a1141c6ed73e,bb050aa041e8fc1c8391b908baeab529aaf2e9944d5f35b07af661349176adce,vintage_20260809,portwatch_chokepoints_vintage_20260809_snapshot,data/raw/portwatch/vintages/Daily_Chokepoints_Data__vintage_2026-08-09.csv,0bc806a4c384723debff08053d6fcbb915a03ee9fdf7b23c73d76d9bcb885bcb,sensitivity_only,bsts_local_level_weekly,daily_marginal_posterior_median,2026-06-22,8.0,43.80563079096741,0.0,90.849239143324,35.80563079096741,4762.880926186389
portwatch_two_vintage_four_specification_matrix_v1,297908c214a0afab30a377854585cb1788922334c3bba976f8e2a1141c6ed73e,bb050aa041e8fc1c8391b908baeab529aaf2e9944d5f35b07af661349176adce,vintage_20260809,portwatch_chokepoints_vintage_20260809_snapshot,data/raw/portwatch/vintages/Daily_Chokepoints_Data__vintage_2026-08-09.csv,0bc806a4c384723debff08053d6fcbb915a03ee9fdf7b23c73d76d9bcb885bcb,sensitivity_only,bsts_local_level_weekly,daily_marginal_posterior_median,2026-06-23,4.0,42.265162706250656,0.0,91.85724383377462,38.265162706250656,4801.146088892639
portwatch_two_vintage_four_specification_matrix_v1,297908c214a0afab30a377854585cb1788922334c3bba976f8e2a1141c6ed73e,bb050aa041e8fc1c8391b908baeab529aaf2e9944d5f35b07af661349176adce,vintage_20260809,portwatch_chokepoints_vintage_20260809_snapshot,data/raw/portwatch/vintages/Daily_Chokepoints_Data__vintage_2026-08-09.csv,0bc806a4c384723debff08053d6fcbb915a03ee9fdf7b23c73d76d9bcb885bcb,sensitivity_only,bsts_local_level_weekly,daily_marginal_posterior_median,2026-06-24,18.0,43.014125016349574,0.0,88.6210628032675,25.014125016349578,4826.160213908989
portwatch_two_vintage_four_specification_matrix_v1,297908c214a0afab30a377854585cb1788922334c3bba976f8e2a1141c6ed73e,bb050aa041e8fc1c8391b908baeab529aaf2e9944d5f35b07af661349176adce,vintage_20260809,portwatch_chokepoints_vintage_20260809_snapshot,data/raw/portwatch/vintages/Daily_Chokepoints_Data__vintage_2026-08-09.csv,0bc806a4c384723debff08053d6fcbb915a03ee9fdf7b23c73d76d9bcb885bcb,sensitivity_only,bsts_local_level_weekly,daily_marginal_posterior_median,2026-06-25,21.0,42.18408170752447,0.0,90.68830408958108,21.18408170752447,4847.344295616514
portwatch_two_vintage_four_specification_matrix_v1,297908c214a0afab30a377854585cb1788922334c3bba976f8e2a1141c6ed73e,bb050aa041e8fc1c8391b908baeab529aaf2e9944d5f35b07af661349176adce,vintage_20260809,portwatch_chokepoints_vintage_20260809_snapshot,data/raw/portwatch/vintages/Daily_Chokepoints_Data__vintage_2026-08-09.csv,0bc806a4c384723debff08053d6fcbb915a03ee9fdf7b23c73d76d9bcb885bcb,sensitivity_only,bsts_local_level_weekly,daily_marginal_posterior_median,2026-06-26,17.0,43.414099427717574,0.0,91.46814374655614,26.414099427717577,4873.758395044231
portwatch_two_vintage_four_specification_matrix_v1,297908c214a0afab30a377854585cb1788922334c3bba976f8e2a1141c6ed73e,bb050aa041e8fc1c8391b908baeab529aaf2e9944d5f35b07af661349176adce,vintage_20260809,portwatch_chokepoints_vintage_20260809_snapshot,data/raw/portwatch/vintages/Daily_Chokepoints_Data__vintage_2026-08-09.csv,0bc806a4c384723debff08053d6fcbb915a03ee9fdf7b23c73d76d9bcb885bcb,sensitivity_only,bsts_local_level_weekly,daily_marginal_posterior_median,2026-06-27,9.0,43.33554674462469,0.0,92.6390824417408,34.33554674462469,4908.093941788856
portwatch_two_vintage_four_specification_matrix_v1,297908c214a0afab30a377854585cb1788922334c3bba976f8e2a1141c6ed73e,bb050aa041e8fc1c8391b908baeab529aaf2e9944d5f35b07af661349176adce,vintage_20260809,portwatch_chokepoints_vintage_20260809_snapshot,data/raw/portwatch/vintages/Daily_Chokepoints_Data__vintage_2026-08-09.csv,0bc806a4c384723debff08053d6fcbb915a03ee9fdf7b23c73d76d9bcb885bcb,sensitivity_only,bsts_local_level_weekly,daily_marginal_posterior_median,2026-06-28,6.0,42.94389543367987,0.0,91.4502464738297,36.94389543367987,4945.037837222536
portwatch_two_vintage_four_specification_matrix_v1,297908c214a0afab30a377854585cb1788922334c3bba976f8e2a1141c6ed73e,bb050aa041e8fc1c8391b908baeab529aaf2e9944d5f35b07af661349176adce,vintage_20260809,portwatch_chokepoints_vintage_20260809_snapshot,data/raw/portwatch/vintages/Daily_Chokepoints_Data__vintage_2026-08-09.csv,0bc806a4c384723debff08053d6fcbb915a03ee9fdf7b23c73d76d9bcb885bcb,sensitivity_only,bsts_local_level_weekly,daily_marginal_posterior_median,2026-06-29,12.0,42.50132933696605,0.0,92.02488301708584,30.50132933696605,4975.539166559502
portwatch_two_vintage_four_specification_matrix_v1,297908c214a0afab30a377854585cb1788922334c3bba976f8e2a1141c6ed73e,bb050aa041e8fc1c8391b908baeab529aaf2e9944d5f35b07af661349176adce,vintage_20260809,portwatch_chokepoints_vintage_20260809_snapshot,data/raw/portwatch/vintages/Daily_Chokepoints_Data__vintage_2026-08-09.csv,0bc806a4c384723debff08053d6fcbb915a03ee9fdf7b23c73d76d9bcb885bcb,sensitivity_only,bsts_local_level_weekly,daily_marginal_posterior_median,2026-06-30,5.0,42.14731858839623,0.0,91.7077582254013,37.14731858839623,5012.686485147898
portwatch_two_vintage_four_specification_matrix_v1,297908c214a0afab30a377854585cb1788922334c3bba976f8e2a1141c6ed73e,bb050aa041e8fc1c8391b908baeab529aaf2e9944d5f35b07af661349176adce,vintage_20260809,portwatch_chokepoints_vintage_20260809_snapshot,data/raw/portwatch/vintages/Daily_Chokepoints_Data__vintage_2026-08-09.csv,0bc806a4c384723debff08053d6fcbb915a03ee9fdf7b23c73d76d9bcb885bcb,sensitivity_only,bsts_local_level_weekly,daily_marginal_posterior_median,2026-07-01,17.0,42.62245959810012,0.0,93.13406192021618,25.62245959810012,5038.308944745998
portwatch_two_vintage_four_specification_matrix_v1,297908c214a0afab30a377854585cb1788922334c3bba976f8e2a1141c6ed73e,bb050aa041e8fc1c8391b908baeab529aaf2e9944d5f35b07af661349176adce,vintage_20260809,portwatch_chokepoints_vintage_20260809_snapshot,data/raw/portwatch/vintages/Daily_Chokepoints_Data__vintage_2026-08-09.csv,0bc806a4c384723debff08053d6fcbb915a03ee9fdf7b23c73d76d9bcb885bcb,sensitivity_only,bsts_local_level_weekly,daily_marginal_posterior_median,2026-07-02,14.0,43.03403571316792,0.0,92.42633772054964,29.034035713167924,5067.342980459166
portwatch_two_vintage_four_specification_matrix_v1,297908c214a0afab30a377854585cb1788922334c3bba976f8e2a1141c6ed73e,bb050aa041e8fc1c8391b908baeab529aaf2e9944d5f35b07af661349176adce,vintage_20260809,portwatch_chokepoints_vintage_20260809_snapshot,data/raw/portwatch/vintages/Daily_Chokepoints_Data__vintage_2026-08-09.csv,0bc806a4c384723debff08053d6fcbb915a03ee9fdf7b23c73d76d9bcb885bcb,sensitivity_only,bsts_local_level_weekly,daily_marginal_posterior_median,2026-07-03,17.0,42.89087712988241,0.0,91.73177453695068,25.890877129882412,5093.233857589048
portwatch_two_vintage_four_specification_matrix_v1,297908c214a0afab30a377854585cb1788922334c3bba976f8e2a1141c6ed73e,bb050aa041e8fc1c8391b908baeab529aaf2e9944d5f35b07af661349176adce,vintage_20260809,portwatch_chokepoints_vintage_20260809_snapshot,data/raw/portwatch/vintages/Daily_Chokepoints_Data__vintage_2026-08-09.csv,0bc806a4c384723debff08053d6fcbb915a03ee9fdf7b23c73d76d9bcb885bcb,sensitivity_only,bsts_local_level_weekly,daily_marginal_posterior_median,2026-07-04,6.0,44.345072182482355,0.0,91.351361773246,38.345072182482355,5131.57892977153
portwatch_two_vintage_four_specification_matrix_v1,297908c214a0afab30a377854585cb1788922334c3bba976f8e2a1141c6ed73e,bb050aa041e8fc1c8391b908baeab529aaf2e9944d5f35b07af661349176adce,vintage_20260809,portwatch_chokepoints_vintage_20260809_snapshot,data/raw/portwatch/vintages/Daily_Chokepoints_Data__vintage_2026-08-09.csv,0bc806a4c384723debff08053d6fcbb915a03ee9fdf7b23c73d76d9bcb885bcb,sensitivity_only,bsts_local_level_weekly,daily_marginal_posterior_median,2026-07-05,15.0,44.061523319605605,0.0,93.12882840257949,29.061523319605605,5160.640453091136
portwatch_two_vintage_four_specification_matrix_v1,297908c214a0afab30a377854585cb1788922334c3bba976f8e2a1141c6ed73e,bb050aa041e8fc1c8391b908baeab529aaf2e9944d5f35b07af661349176adce,vintage_20260809,portwatch_chokepoints_vintage_20260809_snapshot,data/raw/portwatch/vintages/Daily_Chokepoints_Data__vintage_2026-08-09.csv,0bc806a4c384723debff08053d6fcbb915a03ee9fdf7b23c73d76d9bcb885bcb,sensitivity_only,bsts_local_level_weekly,daily_marginal_posterior_median,2026-07-06,14.0,42.82882277987133,0.0,93.4984668388146,28.828822779871324,5189.469275871007
portwatch_two_vintage_four_specification_matrix_v1,297908c214a0afab30a377854585cb1788922334c3bba976f8e2a1141c6ed73e,bb050aa041e8fc1c8391b908baeab529aaf2e9944d5f35b07af661349176adce,vintage_20260809,portwatch_chokepoints_vintage_20260809_snapshot,data/raw/portwatch/vintages/Daily_Chokepoints_Data__vintage_2026-08-09.csv,0bc806a4c384723debff08053d6fcbb915a03ee9fdf7b23c73d76d9bcb885bcb,sensitivity_only,bsts_local_level_weekly,daily_marginal_posterior_median,2026-07-07,10.0,42.30015452795168,0.0,93.67619136352936,32.300154527951676,5221.769430398958
