design_id,design_sha256,admission_protocol_sha256,vintage,source_variable,source_path,source_sha256,vintage_reporting_role,model,point_definition,date,y_true,y_pred,lower_pointwise,upper_pointwise,common_point_shortfall,cumulative_common_point_shortfall
portwatch_two_vintage_four_specification_matrix_v1,297908c214a0afab30a377854585cb1788922334c3bba976f8e2a1141c6ed73e,bb050aa041e8fc1c8391b908baeab529aaf2e9944d5f35b07af661349176adce,pinned_primary,portwatch_chokepoints_snapshot,data/raw/portwatch/Daily_Chokepoints_Data.csv,66f3a54afb042103f3e0afc9670568cb7be245394ec04eba55ebd158593f579d,pinned_primary_reference,chronos2,daily_q0.5,2026-02-28,35.0,46.29738998413086,24.109302520751953,73.90705108642578,11.29738998413086,11.29738998413086
portwatch_two_vintage_four_specification_matrix_v1,297908c214a0afab30a377854585cb1788922334c3bba976f8e2a1141c6ed73e,bb050aa041e8fc1c8391b908baeab529aaf2e9944d5f35b07af661349176adce,pinned_primary,portwatch_chokepoints_snapshot,data/raw/portwatch/Daily_Chokepoints_Data.csv,66f3a54afb042103f3e0afc9670568cb7be245394ec04eba55ebd158593f579d,pinned_primary_reference,chronos2,daily_q0.5,2026-03-01,10.0,48.50296401977539,24.197336196899414,77.68971252441406,38.50296401977539,49.80035400390625
portwatch_two_vintage_four_specification_matrix_v1,297908c214a0afab30a377854585cb1788922334c3bba976f8e2a1141c6ed73e,bb050aa041e8fc1c8391b908baeab529aaf2e9944d5f35b07af661349176adce,pinned_primary,portwatch_chokepoints_snapshot,data/raw/portwatch/Daily_Chokepoints_Data.csv,66f3a54afb042103f3e0afc9670568cb7be245394ec04eba55ebd158593f579d,pinned_primary_reference,chronos2,daily_q0.5,2026-03-02,2.0,49.420223236083984,24.337461471557617,78.93785095214844,47.420223236083984,97.22057723999023
portwatch_two_vintage_four_specification_matrix_v1,297908c214a0afab30a377854585cb1788922334c3bba976f8e2a1141c6ed73e,bb050aa041e8fc1c8391b908baeab529aaf2e9944d5f35b07af661349176adce,pinned_primary,portwatch_chokepoints_snapshot,data/raw/portwatch/Daily_Chokepoints_Data.csv,66f3a54afb042103f3e0afc9670568cb7be245394ec04eba55ebd158593f579d,pinned_primary_reference,chronos2,daily_q0.5,2026-03-03,2.0,49.539329528808594,24.834251403808594,79.10713195800781,47.539329528808594,144.75990676879883
portwatch_two_vintage_four_specification_matrix_v1,297908c214a0afab30a377854585cb1788922334c3bba976f8e2a1141c6ed73e,bb050aa041e8fc1c8391b908baeab529aaf2e9944d5f35b07af661349176adce,pinned_primary,portwatch_chokepoints_snapshot,data/raw/portwatch/Daily_Chokepoints_Data.csv,66f3a54afb042103f3e0afc9670568cb7be245394ec04eba55ebd158593f579d,pinned_primary_reference,chronos2,daily_q0.5,2026-03-04,0.0,49.77078628540039,24.433504104614258,78.85360717773438,49.77078628540039,194.53069305419922
portwatch_two_vintage_four_specification_matrix_v1,297908c214a0afab30a377854585cb1788922334c3bba976f8e2a1141c6ed73e,bb050aa041e8fc1c8391b908baeab529aaf2e9944d5f35b07af661349176adce,pinned_primary,portwatch_chokepoints_snapshot,data/raw/portwatch/Daily_Chokepoints_Data.csv,66f3a54afb042103f3e0afc9670568cb7be245394ec04eba55ebd158593f579d,pinned_primary_reference,chronos2,daily_q0.5,2026-03-05,1.0,50.075477600097656,24.82074737548828,79.23188018798828,49.075477600097656,243.60617065429688
portwatch_two_vintage_four_specification_matrix_v1,297908c214a0afab30a377854585cb1788922334c3bba976f8e2a1141c6ed73e,bb050aa041e8fc1c8391b908baeab529aaf2e9944d5f35b07af661349176adce,pinned_primary,portwatch_chokepoints_snapshot,data/raw/portwatch/Daily_Chokepoints_Data.csv,66f3a54afb042103f3e0afc9670568cb7be245394ec04eba55ebd158593f579d,pinned_primary_reference,chronos2,daily_q0.5,2026-03-06,0.0,50.250732421875,25.081546783447266,79.5663833618164,50.250732421875,293.8569030761719
portwatch_two_vintage_four_specification_matrix_v1,297908c214a0afab30a377854585cb1788922334c3bba976f8e2a1141c6ed73e,bb050aa041e8fc1c8391b908baeab529aaf2e9944d5f35b07af661349176adce,pinned_primary,portwatch_chokepoints_snapshot,data/raw/portwatch/Daily_Chokepoints_Data.csv,66f3a54afb042103f3e0afc9670568cb7be245394ec04eba55ebd158593f579d,pinned_primary_reference,chronos2,daily_q0.5,2026-03-07,0.0,50.38824462890625,24.900802612304688,79.8099365234375,50.38824462890625,344.2451477050781
portwatch_two_vintage_four_specification_matrix_v1,297908c214a0afab30a377854585cb1788922334c3bba976f8e2a1141c6ed73e,bb050aa041e8fc1c8391b908baeab529aaf2e9944d5f35b07af661349176adce,pinned_primary,portwatch_chokepoints_snapshot,data/raw/portwatch/Daily_Chokepoints_Data.csv,66f3a54afb042103f3e0afc9670568cb7be245394ec04eba55ebd158593f579d,pinned_primary_reference,chronos2,daily_q0.5,2026-03-08,0.0,50.52412796020508,25.124414443969727,79.7275390625,50.52412796020508,394.7692756652832
portwatch_two_vintage_four_specification_matrix_v1,297908c214a0afab30a377854585cb1788922334c3bba976f8e2a1141c6ed73e,bb050aa041e8fc1c8391b908baeab529aaf2e9944d5f35b07af661349176adce,pinned_primary,portwatch_chokepoints_snapshot,data/raw/portwatch/Daily_Chokepoints_Data.csv,66f3a54afb042103f3e0afc9670568cb7be245394ec04eba55ebd158593f579d,pinned_primary_reference,chronos2,daily_q0.5,2026-03-09,0.0,50.82564926147461,25.15581703186035,79.92347717285156,50.82564926147461,445.5949249267578
portwatch_two_vintage_four_specification_matrix_v1,297908c214a0afab30a377854585cb1788922334c3bba976f8e2a1141c6ed73e,bb050aa041e8fc1c8391b908baeab529aaf2e9944d5f35b07af661349176adce,pinned_primary,portwatch_chokepoints_snapshot,data/raw/portwatch/Daily_Chokepoints_Data.csv,66f3a54afb042103f3e0afc9670568cb7be245394ec04eba55ebd158593f579d,pinned_primary_reference,chronos2,daily_q0.5,2026-03-10,1.0,51.04553985595703,25.223188400268555,80.1343994140625,50.04553985595703,495.64046478271484
portwatch_two_vintage_four_specification_matrix_v1,297908c214a0afab30a377854585cb1788922334c3bba976f8e2a1141c6ed73e,bb050aa041e8fc1c8391b908baeab529aaf2e9944d5f35b07af661349176adce,pinned_primary,portwatch_chokepoints_snapshot,data/raw/portwatch/Daily_Chokepoints_Data.csv,66f3a54afb042103f3e0afc9670568cb7be245394ec04eba55ebd158593f579d,pinned_primary_reference,chronos2,daily_q0.5,2026-03-11,1.0,51.07279586791992,25.56487464904785,80.70748138427734,50.07279586791992,545.7132606506348
portwatch_two_vintage_four_specification_matrix_v1,297908c214a0afab30a377854585cb1788922334c3bba976f8e2a1141c6ed73e,bb050aa041e8fc1c8391b908baeab529aaf2e9944d5f35b07af661349176adce,pinned_primary,portwatch_chokepoints_snapshot,data/raw/portwatch/Daily_Chokepoints_Data.csv,66f3a54afb042103f3e0afc9670568cb7be245394ec04eba55ebd158593f579d,pinned_primary_reference,chronos2,daily_q0.5,2026-03-12,0.0,51.2672119140625,25.90915870666504,80.67762756347656,51.2672119140625,596.9804725646973
portwatch_two_vintage_four_specification_matrix_v1,297908c214a0afab30a377854585cb1788922334c3bba976f8e2a1141c6ed73e,bb050aa041e8fc1c8391b908baeab529aaf2e9944d5f35b07af661349176adce,pinned_primary,portwatch_chokepoints_snapshot,data/raw/portwatch/Daily_Chokepoints_Data.csv,66f3a54afb042103f3e0afc9670568cb7be245394ec04eba55ebd158593f579d,pinned_primary_reference,chronos2,daily_q0.5,2026-03-13,0.0,51.2601432800293,25.697877883911133,81.4905014038086,51.2601432800293,648.2406158447266
portwatch_two_vintage_four_specification_matrix_v1,297908c214a0afab30a377854585cb1788922334c3bba976f8e2a1141c6ed73e,bb050aa041e8fc1c8391b908baeab529aaf2e9944d5f35b07af661349176adce,pinned_primary,portwatch_chokepoints_snapshot,data/raw/portwatch/Daily_Chokepoints_Data.csv,66f3a54afb042103f3e0afc9670568cb7be245394ec04eba55ebd158593f579d,pinned_primary_reference,chronos2,daily_q0.5,2026-03-14,0.0,51.66987228393555,26.045949935913086,81.16407775878906,51.66987228393555,699.9104881286621
portwatch_two_vintage_four_specification_matrix_v1,297908c214a0afab30a377854585cb1788922334c3bba976f8e2a1141c6ed73e,bb050aa041e8fc1c8391b908baeab529aaf2e9944d5f35b07af661349176adce,pinned_primary,portwatch_chokepoints_snapshot,data/raw/portwatch/Daily_Chokepoints_Data.csv,66f3a54afb042103f3e0afc9670568cb7be245394ec04eba55ebd158593f579d,pinned_primary_reference,chronos2,daily_q0.5,2026-03-15,2.0,51.880794525146484,26.25185203552246,81.57286834716797,49.880794525146484,749.7912826538086
portwatch_two_vintage_four_specification_matrix_v1,297908c214a0afab30a377854585cb1788922334c3bba976f8e2a1141c6ed73e,bb050aa041e8fc1c8391b908baeab529aaf2e9944d5f35b07af661349176adce,pinned_primary,portwatch_chokepoints_snapshot,data/raw/portwatch/Daily_Chokepoints_Data.csv,66f3a54afb042103f3e0afc9670568cb7be245394ec04eba55ebd158593f579d,pinned_primary_reference,chronos2,daily_q0.5,2026-03-16,0.0,51.959686279296875,25.259584426879883,81.71178436279297,51.959686279296875,801.7509689331055
portwatch_two_vintage_four_specification_matrix_v1,297908c214a0afab30a377854585cb1788922334c3bba976f8e2a1141c6ed73e,bb050aa041e8fc1c8391b908baeab529aaf2e9944d5f35b07af661349176adce,pinned_primary,portwatch_chokepoints_snapshot,data/raw/portwatch/Daily_Chokepoints_Data.csv,66f3a54afb042103f3e0afc9670568cb7be245394ec04eba55ebd158593f579d,pinned_primary_reference,chronos2,daily_q0.5,2026-03-17,1.0,52.057701110839844,25.474260330200195,82.40399169921875,51.057701110839844,852.8086700439453
portwatch_two_vintage_four_specification_matrix_v1,297908c214a0afab30a377854585cb1788922334c3bba976f8e2a1141c6ed73e,bb050aa041e8fc1c8391b908baeab529aaf2e9944d5f35b07af661349176adce,pinned_primary,portwatch_chokepoints_snapshot,data/raw/portwatch/Daily_Chokepoints_Data.csv,66f3a54afb042103f3e0afc9670568cb7be245394ec04eba55ebd158593f579d,pinned_primary_reference,chronos2,daily_q0.5,2026-03-18,0.0,52.21865463256836,25.809337615966797,82.70844268798828,52.21865463256836,905.0273246765137
portwatch_two_vintage_four_specification_matrix_v1,297908c214a0afab30a377854585cb1788922334c3bba976f8e2a1141c6ed73e,bb050aa041e8fc1c8391b908baeab529aaf2e9944d5f35b07af661349176adce,pinned_primary,portwatch_chokepoints_snapshot,data/raw/portwatch/Daily_Chokepoints_Data.csv,66f3a54afb042103f3e0afc9670568cb7be245394ec04eba55ebd158593f579d,pinned_primary_reference,chronos2,daily_q0.5,2026-03-19,0.0,52.29536819458008,25.974821090698242,82.59028625488281,52.29536819458008,957.3226928710938
portwatch_two_vintage_four_specification_matrix_v1,297908c214a0afab30a377854585cb1788922334c3bba976f8e2a1141c6ed73e,bb050aa041e8fc1c8391b908baeab529aaf2e9944d5f35b07af661349176adce,pinned_primary,portwatch_chokepoints_snapshot,data/raw/portwatch/Daily_Chokepoints_Data.csv,66f3a54afb042103f3e0afc9670568cb7be245394ec04eba55ebd158593f579d,pinned_primary_reference,chronos2,daily_q0.5,2026-03-20,2.0,52.42406463623047,25.59478759765625,82.43470764160156,50.42406463623047,1007.7467575073242
portwatch_two_vintage_four_specification_matrix_v1,297908c214a0afab30a377854585cb1788922334c3bba976f8e2a1141c6ed73e,bb050aa041e8fc1c8391b908baeab529aaf2e9944d5f35b07af661349176adce,pinned_primary,portwatch_chokepoints_snapshot,data/raw/portwatch/Daily_Chokepoints_Data.csv,66f3a54afb042103f3e0afc9670568cb7be245394ec04eba55ebd158593f579d,pinned_primary_reference,chronos2,daily_q0.5,2026-03-21,0.0,52.591339111328125,25.908048629760742,82.64954376220703,52.591339111328125,1060.3380966186523
portwatch_two_vintage_four_specification_matrix_v1,297908c214a0afab30a377854585cb1788922334c3bba976f8e2a1141c6ed73e,bb050aa041e8fc1c8391b908baeab529aaf2e9944d5f35b07af661349176adce,pinned_primary,portwatch_chokepoints_snapshot,data/raw/portwatch/Daily_Chokepoints_Data.csv,66f3a54afb042103f3e0afc9670568cb7be245394ec04eba55ebd158593f579d,pinned_primary_reference,chronos2,daily_q0.5,2026-03-22,0.0,52.669403076171875,26.07854652404785,82.8121566772461,52.669403076171875,1113.0074996948242
portwatch_two_vintage_four_specification_matrix_v1,297908c214a0afab30a377854585cb1788922334c3bba976f8e2a1141c6ed73e,bb050aa041e8fc1c8391b908baeab529aaf2e9944d5f35b07af661349176adce,pinned_primary,portwatch_chokepoints_snapshot,data/raw/portwatch/Daily_Chokepoints_Data.csv,66f3a54afb042103f3e0afc9670568cb7be245394ec04eba55ebd158593f579d,pinned_primary_reference,chronos2,daily_q0.5,2026-03-23,2.0,52.80238342285156,25.834135055541992,82.95206451416016,50.80238342285156,1163.8098831176758
portwatch_two_vintage_four_specification_matrix_v1,297908c214a0afab30a377854585cb1788922334c3bba976f8e2a1141c6ed73e,bb050aa041e8fc1c8391b908baeab529aaf2e9944d5f35b07af661349176adce,pinned_primary,portwatch_chokepoints_snapshot,data/raw/portwatch/Daily_Chokepoints_Data.csv,66f3a54afb042103f3e0afc9670568cb7be245394ec04eba55ebd158593f579d,pinned_primary_reference,chronos2,daily_q0.5,2026-03-24,1.0,52.937007904052734,25.93775749206543,82.69541931152344,51.937007904052734,1215.7468910217285
portwatch_two_vintage_four_specification_matrix_v1,297908c214a0afab30a377854585cb1788922334c3bba976f8e2a1141c6ed73e,bb050aa041e8fc1c8391b908baeab529aaf2e9944d5f35b07af661349176adce,pinned_primary,portwatch_chokepoints_snapshot,data/raw/portwatch/Daily_Chokepoints_Data.csv,66f3a54afb042103f3e0afc9670568cb7be245394ec04eba55ebd158593f579d,pinned_primary_reference,chronos2,daily_q0.5,2026-03-25,1.0,53.11517333984375,25.941059112548828,82.66588592529297,52.11517333984375,1267.8620643615723
portwatch_two_vintage_four_specification_matrix_v1,297908c214a0afab30a377854585cb1788922334c3bba976f8e2a1141c6ed73e,bb050aa041e8fc1c8391b908baeab529aaf2e9944d5f35b07af661349176adce,pinned_primary,portwatch_chokepoints_snapshot,data/raw/portwatch/Daily_Chokepoints_Data.csv,66f3a54afb042103f3e0afc9670568cb7be245394ec04eba55ebd158593f579d,pinned_primary_reference,chronos2,daily_q0.5,2026-03-26,0.0,53.265602111816406,25.947216033935547,83.07467651367188,53.265602111816406,1321.1276664733887
portwatch_two_vintage_four_specification_matrix_v1,297908c214a0afab30a377854585cb1788922334c3bba976f8e2a1141c6ed73e,bb050aa041e8fc1c8391b908baeab529aaf2e9944d5f35b07af661349176adce,pinned_primary,portwatch_chokepoints_snapshot,data/raw/portwatch/Daily_Chokepoints_Data.csv,66f3a54afb042103f3e0afc9670568cb7be245394ec04eba55ebd158593f579d,pinned_primary_reference,chronos2,daily_q0.5,2026-03-27,0.0,53.39244079589844,26.23694610595703,83.89686584472656,53.39244079589844,1374.520107269287
portwatch_two_vintage_four_specification_matrix_v1,297908c214a0afab30a377854585cb1788922334c3bba976f8e2a1141c6ed73e,bb050aa041e8fc1c8391b908baeab529aaf2e9944d5f35b07af661349176adce,pinned_primary,portwatch_chokepoints_snapshot,data/raw/portwatch/Daily_Chokepoints_Data.csv,66f3a54afb042103f3e0afc9670568cb7be245394ec04eba55ebd158593f579d,pinned_primary_reference,chronos2,daily_q0.5,2026-03-28,1.0,53.466007232666016,26.422395706176758,83.84730529785156,52.466007232666016,1426.9861145019531
portwatch_two_vintage_four_specification_matrix_v1,297908c214a0afab30a377854585cb1788922334c3bba976f8e2a1141c6ed73e,bb050aa041e8fc1c8391b908baeab529aaf2e9944d5f35b07af661349176adce,pinned_primary,portwatch_chokepoints_snapshot,data/raw/portwatch/Daily_Chokepoints_Data.csv,66f3a54afb042103f3e0afc9670568cb7be245394ec04eba55ebd158593f579d,pinned_primary_reference,chronos2,daily_q0.5,2026-03-29,2.0,53.458255767822266,26.200607299804688,84.41334533691406,51.458255767822266,1478.4443702697754
portwatch_two_vintage_four_specification_matrix_v1,297908c214a0afab30a377854585cb1788922334c3bba976f8e2a1141c6ed73e,bb050aa041e8fc1c8391b908baeab529aaf2e9944d5f35b07af661349176adce,pinned_primary,portwatch_chokepoints_snapshot,data/raw/portwatch/Daily_Chokepoints_Data.csv,66f3a54afb042103f3e0afc9670568cb7be245394ec04eba55ebd158593f579d,pinned_primary_reference,chronos2,daily_q0.5,2026-03-30,5.0,53.638668060302734,26.62955665588379,83.84637451171875,48.638668060302734,1527.0830383300781
portwatch_two_vintage_four_specification_matrix_v1,297908c214a0afab30a377854585cb1788922334c3bba976f8e2a1141c6ed73e,bb050aa041e8fc1c8391b908baeab529aaf2e9944d5f35b07af661349176adce,pinned_primary,portwatch_chokepoints_snapshot,data/raw/portwatch/Daily_Chokepoints_Data.csv,66f3a54afb042103f3e0afc9670568cb7be245394ec04eba55ebd158593f579d,pinned_primary_reference,chronos2,daily_q0.5,2026-03-31,5.0,53.859092712402344,26.696880340576172,84.39575958251953,48.859092712402344,1575.9421310424805
portwatch_two_vintage_four_specification_matrix_v1,297908c214a0afab30a377854585cb1788922334c3bba976f8e2a1141c6ed73e,bb050aa041e8fc1c8391b908baeab529aaf2e9944d5f35b07af661349176adce,pinned_primary,portwatch_chokepoints_snapshot,data/raw/portwatch/Daily_Chokepoints_Data.csv,66f3a54afb042103f3e0afc9670568cb7be245394ec04eba55ebd158593f579d,pinned_primary_reference,chronos2,daily_q0.5,2026-04-01,3.0,54.423828125,25.7705135345459,83.97550201416016,51.423828125,1627.3659591674805
portwatch_two_vintage_four_specification_matrix_v1,297908c214a0afab30a377854585cb1788922334c3bba976f8e2a1141c6ed73e,bb050aa041e8fc1c8391b908baeab529aaf2e9944d5f35b07af661349176adce,pinned_primary,portwatch_chokepoints_snapshot,data/raw/portwatch/Daily_Chokepoints_Data.csv,66f3a54afb042103f3e0afc9670568cb7be245394ec04eba55ebd158593f579d,pinned_primary_reference,chronos2,daily_q0.5,2026-04-02,1.0,54.3922233581543,25.720094680786133,84.66361236572266,53.3922233581543,1680.7581825256348
portwatch_two_vintage_four_specification_matrix_v1,297908c214a0afab30a377854585cb1788922334c3bba976f8e2a1141c6ed73e,bb050aa041e8fc1c8391b908baeab529aaf2e9944d5f35b07af661349176adce,pinned_primary,portwatch_chokepoints_snapshot,data/raw/portwatch/Daily_Chokepoints_Data.csv,66f3a54afb042103f3e0afc9670568cb7be245394ec04eba55ebd158593f579d,pinned_primary_reference,chronos2,daily_q0.5,2026-04-03,5.0,54.61830139160156,26.187196731567383,84.87849426269531,49.61830139160156,1730.3764839172363
portwatch_two_vintage_four_specification_matrix_v1,297908c214a0afab30a377854585cb1788922334c3bba976f8e2a1141c6ed73e,bb050aa041e8fc1c8391b908baeab529aaf2e9944d5f35b07af661349176adce,pinned_primary,portwatch_chokepoints_snapshot,data/raw/portwatch/Daily_Chokepoints_Data.csv,66f3a54afb042103f3e0afc9670568cb7be245394ec04eba55ebd158593f579d,pinned_primary_reference,chronos2,daily_q0.5,2026-04-04,4.0,54.8686637878418,26.65107536315918,84.61906433105469,50.8686637878418,1781.2451477050781
portwatch_two_vintage_four_specification_matrix_v1,297908c214a0afab30a377854585cb1788922334c3bba976f8e2a1141c6ed73e,bb050aa041e8fc1c8391b908baeab529aaf2e9944d5f35b07af661349176adce,pinned_primary,portwatch_chokepoints_snapshot,data/raw/portwatch/Daily_Chokepoints_Data.csv,66f3a54afb042103f3e0afc9670568cb7be245394ec04eba55ebd158593f579d,pinned_primary_reference,chronos2,daily_q0.5,2026-04-05,5.0,54.836891174316406,26.43917465209961,84.41429901123047,49.836891174316406,1831.0820388793945
portwatch_two_vintage_four_specification_matrix_v1,297908c214a0afab30a377854585cb1788922334c3bba976f8e2a1141c6ed73e,bb050aa041e8fc1c8391b908baeab529aaf2e9944d5f35b07af661349176adce,pinned_primary,portwatch_chokepoints_snapshot,data/raw/portwatch/Daily_Chokepoints_Data.csv,66f3a54afb042103f3e0afc9670568cb7be245394ec04eba55ebd158593f579d,pinned_primary_reference,chronos2,daily_q0.5,2026-04-06,1.0,55.05065155029297,26.447933197021484,84.8413314819336,54.05065155029297,1885.1326904296875
portwatch_two_vintage_four_specification_matrix_v1,297908c214a0afab30a377854585cb1788922334c3bba976f8e2a1141c6ed73e,bb050aa041e8fc1c8391b908baeab529aaf2e9944d5f35b07af661349176adce,pinned_primary,portwatch_chokepoints_snapshot,data/raw/portwatch/Daily_Chokepoints_Data.csv,66f3a54afb042103f3e0afc9670568cb7be245394ec04eba55ebd158593f579d,pinned_primary_reference,chronos2,daily_q0.5,2026-04-07,3.0,55.075225830078125,26.63534164428711,84.83252716064453,52.075225830078125,1937.2079162597656
portwatch_two_vintage_four_specification_matrix_v1,297908c214a0afab30a377854585cb1788922334c3bba976f8e2a1141c6ed73e,bb050aa041e8fc1c8391b908baeab529aaf2e9944d5f35b07af661349176adce,pinned_primary,portwatch_chokepoints_snapshot,data/raw/portwatch/Daily_Chokepoints_Data.csv,66f3a54afb042103f3e0afc9670568cb7be245394ec04eba55ebd158593f579d,pinned_primary_reference,chronos2,daily_q0.5,2026-04-08,1.0,55.22664260864258,26.53279685974121,85.02782440185547,54.22664260864258,1991.4345588684082
portwatch_two_vintage_four_specification_matrix_v1,297908c214a0afab30a377854585cb1788922334c3bba976f8e2a1141c6ed73e,bb050aa041e8fc1c8391b908baeab529aaf2e9944d5f35b07af661349176adce,pinned_primary,portwatch_chokepoints_snapshot,data/raw/portwatch/Daily_Chokepoints_Data.csv,66f3a54afb042103f3e0afc9670568cb7be245394ec04eba55ebd158593f579d,pinned_primary_reference,chronos2,daily_q0.5,2026-04-09,5.0,55.353240966796875,26.30108070373535,84.8031234741211,50.353240966796875,2041.787799835205
portwatch_two_vintage_four_specification_matrix_v1,297908c214a0afab30a377854585cb1788922334c3bba976f8e2a1141c6ed73e,bb050aa041e8fc1c8391b908baeab529aaf2e9944d5f35b07af661349176adce,pinned_primary,portwatch_chokepoints_snapshot,data/raw/portwatch/Daily_Chokepoints_Data.csv,66f3a54afb042103f3e0afc9670568cb7be245394ec04eba55ebd158593f579d,pinned_primary_reference,chronos2,daily_q0.5,2026-04-10,1.0,55.495819091796875,26.760108947753906,84.88507080078125,54.495819091796875,2096.283618927002
portwatch_two_vintage_four_specification_matrix_v1,297908c214a0afab30a377854585cb1788922334c3bba976f8e2a1141c6ed73e,bb050aa041e8fc1c8391b908baeab529aaf2e9944d5f35b07af661349176adce,pinned_primary,portwatch_chokepoints_snapshot,data/raw/portwatch/Daily_Chokepoints_Data.csv,66f3a54afb042103f3e0afc9670568cb7be245394ec04eba55ebd158593f579d,pinned_primary_reference,chronos2,daily_q0.5,2026-04-11,4.0,55.500885009765625,26.304304122924805,84.913818359375,51.500885009765625,2147.7845039367676
portwatch_two_vintage_four_specification_matrix_v1,297908c214a0afab30a377854585cb1788922334c3bba976f8e2a1141c6ed73e,bb050aa041e8fc1c8391b908baeab529aaf2e9944d5f35b07af661349176adce,pinned_primary,portwatch_chokepoints_snapshot,data/raw/portwatch/Daily_Chokepoints_Data.csv,66f3a54afb042103f3e0afc9670568cb7be245394ec04eba55ebd158593f579d,pinned_primary_reference,chronos2,daily_q0.5,2026-04-12,4.0,55.59618377685547,26.77639389038086,85.6937484741211,51.59618377685547,2199.380687713623
portwatch_two_vintage_four_specification_matrix_v1,297908c214a0afab30a377854585cb1788922334c3bba976f8e2a1141c6ed73e,bb050aa041e8fc1c8391b908baeab529aaf2e9944d5f35b07af661349176adce,pinned_primary,portwatch_chokepoints_snapshot,data/raw/portwatch/Daily_Chokepoints_Data.csv,66f3a54afb042103f3e0afc9670568cb7be245394ec04eba55ebd158593f579d,pinned_primary_reference,chronos2,daily_q0.5,2026-04-13,4.0,55.57295608520508,27.128175735473633,85.80461883544922,51.57295608520508,2250.953643798828
portwatch_two_vintage_four_specification_matrix_v1,297908c214a0afab30a377854585cb1788922334c3bba976f8e2a1141c6ed73e,bb050aa041e8fc1c8391b908baeab529aaf2e9944d5f35b07af661349176adce,pinned_primary,portwatch_chokepoints_snapshot,data/raw/portwatch/Daily_Chokepoints_Data.csv,66f3a54afb042103f3e0afc9670568cb7be245394ec04eba55ebd158593f579d,pinned_primary_reference,chronos2,daily_q0.5,2026-04-14,5.0,55.63400650024414,26.981998443603516,86.24851989746094,50.63400650024414,2301.5876502990723
portwatch_two_vintage_four_specification_matrix_v1,297908c214a0afab30a377854585cb1788922334c3bba976f8e2a1141c6ed73e,bb050aa041e8fc1c8391b908baeab529aaf2e9944d5f35b07af661349176adce,pinned_primary,portwatch_chokepoints_snapshot,data/raw/portwatch/Daily_Chokepoints_Data.csv,66f3a54afb042103f3e0afc9670568cb7be245394ec04eba55ebd158593f579d,pinned_primary_reference,chronos2,daily_q0.5,2026-04-15,7.0,55.631988525390625,27.2568359375,85.5072021484375,48.631988525390625,2350.219638824463
portwatch_two_vintage_four_specification_matrix_v1,297908c214a0afab30a377854585cb1788922334c3bba976f8e2a1141c6ed73e,bb050aa041e8fc1c8391b908baeab529aaf2e9944d5f35b07af661349176adce,pinned_primary,portwatch_chokepoints_snapshot,data/raw/portwatch/Daily_Chokepoints_Data.csv,66f3a54afb042103f3e0afc9670568cb7be245394ec04eba55ebd158593f579d,pinned_primary_reference,chronos2,daily_q0.5,2026-04-16,5.0,55.79181671142578,27.24913787841797,86.00904846191406,50.79181671142578,2401.0114555358887
portwatch_two_vintage_four_specification_matrix_v1,297908c214a0afab30a377854585cb1788922334c3bba976f8e2a1141c6ed73e,bb050aa041e8fc1c8391b908baeab529aaf2e9944d5f35b07af661349176adce,pinned_primary,portwatch_chokepoints_snapshot,data/raw/portwatch/Daily_Chokepoints_Data.csv,66f3a54afb042103f3e0afc9670568cb7be245394ec04eba55ebd158593f579d,pinned_primary_reference,chronos2,daily_q0.5,2026-04-17,10.0,56.34115219116211,26.8607234954834,85.88187408447266,46.34115219116211,2447.352607727051
portwatch_two_vintage_four_specification_matrix_v1,297908c214a0afab30a377854585cb1788922334c3bba976f8e2a1141c6ed73e,bb050aa041e8fc1c8391b908baeab529aaf2e9944d5f35b07af661349176adce,pinned_primary,portwatch_chokepoints_snapshot,data/raw/portwatch/Daily_Chokepoints_Data.csv,66f3a54afb042103f3e0afc9670568cb7be245394ec04eba55ebd158593f579d,pinned_primary_reference,chronos2,daily_q0.5,2026-04-18,14.0,56.36351013183594,26.296987533569336,86.30768585205078,42.36351013183594,2489.7161178588867
portwatch_two_vintage_four_specification_matrix_v1,297908c214a0afab30a377854585cb1788922334c3bba976f8e2a1141c6ed73e,bb050aa041e8fc1c8391b908baeab529aaf2e9944d5f35b07af661349176adce,pinned_primary,portwatch_chokepoints_snapshot,data/raw/portwatch/Daily_Chokepoints_Data.csv,66f3a54afb042103f3e0afc9670568cb7be245394ec04eba55ebd158593f579d,pinned_primary_reference,chronos2,daily_q0.5,2026-04-19,5.0,56.42704772949219,26.710874557495117,86.32787322998047,51.42704772949219,2541.143165588379
portwatch_two_vintage_four_specification_matrix_v1,297908c214a0afab30a377854585cb1788922334c3bba976f8e2a1141c6ed73e,bb050aa041e8fc1c8391b908baeab529aaf2e9944d5f35b07af661349176adce,pinned_primary,portwatch_chokepoints_snapshot,data/raw/portwatch/Daily_Chokepoints_Data.csv,66f3a54afb042103f3e0afc9670568cb7be245394ec04eba55ebd158593f579d,pinned_primary_reference,chronos2,daily_q0.5,2026-04-20,5.0,56.42360305786133,27.3386173248291,85.90340423583984,51.42360305786133,2592.5667686462402
portwatch_two_vintage_four_specification_matrix_v1,297908c214a0afab30a377854585cb1788922334c3bba976f8e2a1141c6ed73e,bb050aa041e8fc1c8391b908baeab529aaf2e9944d5f35b07af661349176adce,pinned_primary,portwatch_chokepoints_snapshot,data/raw/portwatch/Daily_Chokepoints_Data.csv,66f3a54afb042103f3e0afc9670568cb7be245394ec04eba55ebd158593f579d,pinned_primary_reference,chronos2,daily_q0.5,2026-04-21,3.0,56.35914993286133,27.237390518188477,85.58853149414062,53.35914993286133,2645.9259185791016
portwatch_two_vintage_four_specification_matrix_v1,297908c214a0afab30a377854585cb1788922334c3bba976f8e2a1141c6ed73e,bb050aa041e8fc1c8391b908baeab529aaf2e9944d5f35b07af661349176adce,pinned_primary,portwatch_chokepoints_snapshot,data/raw/portwatch/Daily_Chokepoints_Data.csv,66f3a54afb042103f3e0afc9670568cb7be245394ec04eba55ebd158593f579d,pinned_primary_reference,chronos2,daily_q0.5,2026-04-22,4.0,56.533382415771484,27.030210494995117,85.8907241821289,52.533382415771484,2698.459300994873
portwatch_two_vintage_four_specification_matrix_v1,297908c214a0afab30a377854585cb1788922334c3bba976f8e2a1141c6ed73e,bb050aa041e8fc1c8391b908baeab529aaf2e9944d5f35b07af661349176adce,pinned_primary,portwatch_chokepoints_snapshot,data/raw/portwatch/Daily_Chokepoints_Data.csv,66f3a54afb042103f3e0afc9670568cb7be245394ec04eba55ebd158593f579d,pinned_primary_reference,chronos2,daily_q0.5,2026-04-23,2.0,56.48469161987305,27.071552276611328,85.71208953857422,54.48469161987305,2752.943992614746
portwatch_two_vintage_four_specification_matrix_v1,297908c214a0afab30a377854585cb1788922334c3bba976f8e2a1141c6ed73e,bb050aa041e8fc1c8391b908baeab529aaf2e9944d5f35b07af661349176adce,pinned_primary,portwatch_chokepoints_snapshot,data/raw/portwatch/Daily_Chokepoints_Data.csv,66f3a54afb042103f3e0afc9670568cb7be245394ec04eba55ebd158593f579d,pinned_primary_reference,chronos2,daily_q0.5,2026-04-24,3.0,56.57840347290039,27.144926071166992,85.92832946777344,53.57840347290039,2806.5223960876465
portwatch_two_vintage_four_specification_matrix_v1,297908c214a0afab30a377854585cb1788922334c3bba976f8e2a1141c6ed73e,bb050aa041e8fc1c8391b908baeab529aaf2e9944d5f35b07af661349176adce,pinned_primary,portwatch_chokepoints_snapshot,data/raw/portwatch/Daily_Chokepoints_Data.csv,66f3a54afb042103f3e0afc9670568cb7be245394ec04eba55ebd158593f579d,pinned_primary_reference,chronos2,daily_q0.5,2026-04-25,2.0,56.64141845703125,26.76952362060547,85.77549743652344,54.64141845703125,2861.1638145446777
portwatch_two_vintage_four_specification_matrix_v1,297908c214a0afab30a377854585cb1788922334c3bba976f8e2a1141c6ed73e,bb050aa041e8fc1c8391b908baeab529aaf2e9944d5f35b07af661349176adce,pinned_primary,portwatch_chokepoints_snapshot,data/raw/portwatch/Daily_Chokepoints_Data.csv,66f3a54afb042103f3e0afc9670568cb7be245394ec04eba55ebd158593f579d,pinned_primary_reference,chronos2,daily_q0.5,2026-04-26,2.0,56.737117767333984,27.38944435119629,85.8726577758789,54.737117767333984,2915.9009323120117
portwatch_two_vintage_four_specification_matrix_v1,297908c214a0afab30a377854585cb1788922334c3bba976f8e2a1141c6ed73e,bb050aa041e8fc1c8391b908baeab529aaf2e9944d5f35b07af661349176adce,pinned_primary,portwatch_chokepoints_snapshot,data/raw/portwatch/Daily_Chokepoints_Data.csv,66f3a54afb042103f3e0afc9670568cb7be245394ec04eba55ebd158593f579d,pinned_primary_reference,chronos2,daily_q0.5,2026-04-27,0.0,56.70045471191406,26.75291633605957,85.96994018554688,56.70045471191406,2972.601387023926
portwatch_two_vintage_four_specification_matrix_v1,297908c214a0afab30a377854585cb1788922334c3bba976f8e2a1141c6ed73e,bb050aa041e8fc1c8391b908baeab529aaf2e9944d5f35b07af661349176adce,pinned_primary,portwatch_chokepoints_snapshot,data/raw/portwatch/Daily_Chokepoints_Data.csv,66f3a54afb042103f3e0afc9670568cb7be245394ec04eba55ebd158593f579d,pinned_primary_reference,chronos2,daily_q0.5,2026-04-28,2.0,56.69335174560547,27.184261322021484,86.5264892578125,54.69335174560547,3027.2947387695312
portwatch_two_vintage_four_specification_matrix_v1,297908c214a0afab30a377854585cb1788922334c3bba976f8e2a1141c6ed73e,bb050aa041e8fc1c8391b908baeab529aaf2e9944d5f35b07af661349176adce,pinned_primary,portwatch_chokepoints_snapshot,data/raw/portwatch/Daily_Chokepoints_Data.csv,66f3a54afb042103f3e0afc9670568cb7be245394ec04eba55ebd158593f579d,pinned_primary_reference,chronos2,daily_q0.5,2026-04-29,3.0,56.61772918701172,27.562137603759766,86.55690002441406,53.61772918701172,3080.912467956543
portwatch_two_vintage_four_specification_matrix_v1,297908c214a0afab30a377854585cb1788922334c3bba976f8e2a1141c6ed73e,bb050aa041e8fc1c8391b908baeab529aaf2e9944d5f35b07af661349176adce,pinned_primary,portwatch_chokepoints_snapshot,data/raw/portwatch/Daily_Chokepoints_Data.csv,66f3a54afb042103f3e0afc9670568cb7be245394ec04eba55ebd158593f579d,pinned_primary_reference,chronos2,daily_q0.5,2026-04-30,4.0,56.669776916503906,27.44146728515625,86.78173065185547,52.669776916503906,3133.582244873047
portwatch_two_vintage_four_specification_matrix_v1,297908c214a0afab30a377854585cb1788922334c3bba976f8e2a1141c6ed73e,bb050aa041e8fc1c8391b908baeab529aaf2e9944d5f35b07af661349176adce,pinned_primary,portwatch_chokepoints_snapshot,data/raw/portwatch/Daily_Chokepoints_Data.csv,66f3a54afb042103f3e0afc9670568cb7be245394ec04eba55ebd158593f579d,pinned_primary_reference,chronos2,daily_q0.5,2026-05-01,4.0,56.701080322265625,27.665021896362305,86.16848754882812,52.701080322265625,3186.2833251953125
portwatch_two_vintage_four_specification_matrix_v1,297908c214a0afab30a377854585cb1788922334c3bba976f8e2a1141c6ed73e,bb050aa041e8fc1c8391b908baeab529aaf2e9944d5f35b07af661349176adce,pinned_primary,portwatch_chokepoints_snapshot,data/raw/portwatch/Daily_Chokepoints_Data.csv,66f3a54afb042103f3e0afc9670568cb7be245394ec04eba55ebd158593f579d,pinned_primary_reference,chronos2,daily_q0.5,2026-05-02,5.0,56.6604118347168,27.404680252075195,86.60172271728516,51.6604118347168,3237.9437370300293
portwatch_two_vintage_four_specification_matrix_v1,297908c214a0afab30a377854585cb1788922334c3bba976f8e2a1141c6ed73e,bb050aa041e8fc1c8391b908baeab529aaf2e9944d5f35b07af661349176adce,pinned_primary,portwatch_chokepoints_snapshot,data/raw/portwatch/Daily_Chokepoints_Data.csv,66f3a54afb042103f3e0afc9670568cb7be245394ec04eba55ebd158593f579d,pinned_primary_reference,chronos2,daily_q0.5,2026-05-03,1.0,57.096221923828125,27.0300235748291,86.83354949951172,56.096221923828125,3294.0399589538574
portwatch_two_vintage_four_specification_matrix_v1,297908c214a0afab30a377854585cb1788922334c3bba976f8e2a1141c6ed73e,bb050aa041e8fc1c8391b908baeab529aaf2e9944d5f35b07af661349176adce,pinned_primary,portwatch_chokepoints_snapshot,data/raw/portwatch/Daily_Chokepoints_Data.csv,66f3a54afb042103f3e0afc9670568cb7be245394ec04eba55ebd158593f579d,pinned_primary_reference,chronos2,daily_q0.5,2026-05-04,0.0,57.08549118041992,26.340002059936523,87.10411834716797,57.08549118041992,3351.1254501342773
portwatch_two_vintage_four_specification_matrix_v1,297908c214a0afab30a377854585cb1788922334c3bba976f8e2a1141c6ed73e,bb050aa041e8fc1c8391b908baeab529aaf2e9944d5f35b07af661349176adce,pinned_primary,portwatch_chokepoints_snapshot,data/raw/portwatch/Daily_Chokepoints_Data.csv,66f3a54afb042103f3e0afc9670568cb7be245394ec04eba55ebd158593f579d,pinned_primary_reference,chronos2,daily_q0.5,2026-05-05,0.0,57.163299560546875,26.530048370361328,87.02013397216797,57.163299560546875,3408.288749694824
portwatch_two_vintage_four_specification_matrix_v1,297908c214a0afab30a377854585cb1788922334c3bba976f8e2a1141c6ed73e,bb050aa041e8fc1c8391b908baeab529aaf2e9944d5f35b07af661349176adce,pinned_primary,portwatch_chokepoints_snapshot,data/raw/portwatch/Daily_Chokepoints_Data.csv,66f3a54afb042103f3e0afc9670568cb7be245394ec04eba55ebd158593f579d,pinned_primary_reference,chronos2,daily_q0.5,2026-05-06,0.0,57.08135986328125,27.106536865234375,86.7003402709961,57.08135986328125,3465.3701095581055
portwatch_two_vintage_four_specification_matrix_v1,297908c214a0afab30a377854585cb1788922334c3bba976f8e2a1141c6ed73e,bb050aa041e8fc1c8391b908baeab529aaf2e9944d5f35b07af661349176adce,pinned_primary,portwatch_chokepoints_snapshot,data/raw/portwatch/Daily_Chokepoints_Data.csv,66f3a54afb042103f3e0afc9670568cb7be245394ec04eba55ebd158593f579d,pinned_primary_reference,chronos2,daily_q0.5,2026-05-07,1.0,57.06039810180664,27.10980224609375,86.41480255126953,56.06039810180664,3521.430507659912
portwatch_two_vintage_four_specification_matrix_v1,297908c214a0afab30a377854585cb1788922334c3bba976f8e2a1141c6ed73e,bb050aa041e8fc1c8391b908baeab529aaf2e9944d5f35b07af661349176adce,pinned_primary,portwatch_chokepoints_snapshot,data/raw/portwatch/Daily_Chokepoints_Data.csv,66f3a54afb042103f3e0afc9670568cb7be245394ec04eba55ebd158593f579d,pinned_primary_reference,chronos2,daily_q0.5,2026-05-08,1.0,57.20335388183594,26.90941047668457,86.70533752441406,56.20335388183594,3577.633861541748
portwatch_two_vintage_four_specification_matrix_v1,297908c214a0afab30a377854585cb1788922334c3bba976f8e2a1141c6ed73e,bb050aa041e8fc1c8391b908baeab529aaf2e9944d5f35b07af661349176adce,pinned_primary,portwatch_chokepoints_snapshot,data/raw/portwatch/Daily_Chokepoints_Data.csv,66f3a54afb042103f3e0afc9670568cb7be245394ec04eba55ebd158593f579d,pinned_primary_reference,chronos2,daily_q0.5,2026-05-09,2.0,57.092628479003906,26.83062744140625,86.53268432617188,55.092628479003906,3632.726490020752
portwatch_two_vintage_four_specification_matrix_v1,297908c214a0afab30a377854585cb1788922334c3bba976f8e2a1141c6ed73e,bb050aa041e8fc1c8391b908baeab529aaf2e9944d5f35b07af661349176adce,pinned_primary,portwatch_chokepoints_snapshot,data/raw/portwatch/Daily_Chokepoints_Data.csv,66f3a54afb042103f3e0afc9670568cb7be245394ec04eba55ebd158593f579d,pinned_primary_reference,chronos2,daily_q0.5,2026-05-10,3.0,57.11495590209961,26.908008575439453,86.69831085205078,54.11495590209961,3686.8414459228516
portwatch_two_vintage_four_specification_matrix_v1,297908c214a0afab30a377854585cb1788922334c3bba976f8e2a1141c6ed73e,bb050aa041e8fc1c8391b908baeab529aaf2e9944d5f35b07af661349176adce,pinned_primary,portwatch_chokepoints_snapshot,data/raw/portwatch/Daily_Chokepoints_Data.csv,66f3a54afb042103f3e0afc9670568cb7be245394ec04eba55ebd158593f579d,pinned_primary_reference,chronos2,daily_q0.5,2026-05-11,4.0,57.13139343261719,26.691085815429688,86.58129119873047,53.13139343261719,3739.9728393554688
portwatch_two_vintage_four_specification_matrix_v1,297908c214a0afab30a377854585cb1788922334c3bba976f8e2a1141c6ed73e,bb050aa041e8fc1c8391b908baeab529aaf2e9944d5f35b07af661349176adce,pinned_primary,portwatch_chokepoints_snapshot,data/raw/portwatch/Daily_Chokepoints_Data.csv,66f3a54afb042103f3e0afc9670568cb7be245394ec04eba55ebd158593f579d,pinned_primary_reference,chronos2,daily_q0.5,2026-05-12,1.0,57.15400314331055,27.320890426635742,86.56684875488281,56.15400314331055,3796.1268424987793
portwatch_two_vintage_four_specification_matrix_v1,297908c214a0afab30a377854585cb1788922334c3bba976f8e2a1141c6ed73e,bb050aa041e8fc1c8391b908baeab529aaf2e9944d5f35b07af661349176adce,pinned_primary,portwatch_chokepoints_snapshot,data/raw/portwatch/Daily_Chokepoints_Data.csv,66f3a54afb042103f3e0afc9670568cb7be245394ec04eba55ebd158593f579d,pinned_primary_reference,chronos2,daily_q0.5,2026-05-13,2.0,57.12321472167969,26.570348739624023,86.77381134033203,55.12321472167969,3851.250057220459
portwatch_two_vintage_four_specification_matrix_v1,297908c214a0afab30a377854585cb1788922334c3bba976f8e2a1141c6ed73e,bb050aa041e8fc1c8391b908baeab529aaf2e9944d5f35b07af661349176adce,pinned_primary,portwatch_chokepoints_snapshot,data/raw/portwatch/Daily_Chokepoints_Data.csv,66f3a54afb042103f3e0afc9670568cb7be245394ec04eba55ebd158593f579d,pinned_primary_reference,chronos2,daily_q0.5,2026-05-14,4.0,57.070133209228516,27.01007080078125,87.3455810546875,53.070133209228516,3904.3201904296875
portwatch_two_vintage_four_specification_matrix_v1,297908c214a0afab30a377854585cb1788922334c3bba976f8e2a1141c6ed73e,bb050aa041e8fc1c8391b908baeab529aaf2e9944d5f35b07af661349176adce,pinned_primary,portwatch_chokepoints_snapshot,data/raw/portwatch/Daily_Chokepoints_Data.csv,66f3a54afb042103f3e0afc9670568cb7be245394ec04eba55ebd158593f579d,pinned_primary_reference,chronos2,daily_q0.5,2026-05-15,2.0,56.883384704589844,27.28993034362793,87.37830352783203,54.883384704589844,3959.2035751342773
portwatch_two_vintage_four_specification_matrix_v1,297908c214a0afab30a377854585cb1788922334c3bba976f8e2a1141c6ed73e,bb050aa041e8fc1c8391b908baeab529aaf2e9944d5f35b07af661349176adce,pinned_primary,portwatch_chokepoints_snapshot,data/raw/portwatch/Daily_Chokepoints_Data.csv,66f3a54afb042103f3e0afc9670568cb7be245394ec04eba55ebd158593f579d,pinned_primary_reference,chronos2,daily_q0.5,2026-05-16,2.0,56.930442810058594,27.135560989379883,87.61576080322266,54.930442810058594,4014.134017944336
portwatch_two_vintage_four_specification_matrix_v1,297908c214a0afab30a377854585cb1788922334c3bba976f8e2a1141c6ed73e,bb050aa041e8fc1c8391b908baeab529aaf2e9944d5f35b07af661349176adce,pinned_primary,portwatch_chokepoints_snapshot,data/raw/portwatch/Daily_Chokepoints_Data.csv,66f3a54afb042103f3e0afc9670568cb7be245394ec04eba55ebd158593f579d,pinned_primary_reference,chronos2,daily_q0.5,2026-05-17,2.0,56.955718994140625,27.299039840698242,86.95653533935547,54.955718994140625,4069.0897369384766
portwatch_two_vintage_four_specification_matrix_v1,297908c214a0afab30a377854585cb1788922334c3bba976f8e2a1141c6ed73e,bb050aa041e8fc1c8391b908baeab529aaf2e9944d5f35b07af661349176adce,pinned_primary,portwatch_chokepoints_snapshot,data/raw/portwatch/Daily_Chokepoints_Data.csv,66f3a54afb042103f3e0afc9670568cb7be245394ec04eba55ebd158593f579d,pinned_primary_reference,chronos2,daily_q0.5,2026-05-18,1.0,56.85995864868164,27.0520076751709,87.35355377197266,55.85995864868164,4124.949695587158
portwatch_two_vintage_four_specification_matrix_v1,297908c214a0afab30a377854585cb1788922334c3bba976f8e2a1141c6ed73e,bb050aa041e8fc1c8391b908baeab529aaf2e9944d5f35b07af661349176adce,pinned_primary,portwatch_chokepoints_snapshot,data/raw/portwatch/Daily_Chokepoints_Data.csv,66f3a54afb042103f3e0afc9670568cb7be245394ec04eba55ebd158593f579d,pinned_primary_reference,chronos2,daily_q0.5,2026-05-19,3.0,57.164466857910156,27.458717346191406,87.49908447265625,54.164466857910156,4179.114162445068
portwatch_two_vintage_four_specification_matrix_v1,297908c214a0afab30a377854585cb1788922334c3bba976f8e2a1141c6ed73e,bb050aa041e8fc1c8391b908baeab529aaf2e9944d5f35b07af661349176adce,pinned_primary,portwatch_chokepoints_snapshot,data/raw/portwatch/Daily_Chokepoints_Data.csv,66f3a54afb042103f3e0afc9670568cb7be245394ec04eba55ebd158593f579d,pinned_primary_reference,chronos2,daily_q0.5,2026-05-20,5.0,57.103939056396484,26.801179885864258,87.64574432373047,52.103939056396484,4231.218101501465
portwatch_two_vintage_four_specification_matrix_v1,297908c214a0afab30a377854585cb1788922334c3bba976f8e2a1141c6ed73e,bb050aa041e8fc1c8391b908baeab529aaf2e9944d5f35b07af661349176adce,pinned_primary,portwatch_chokepoints_snapshot,data/raw/portwatch/Daily_Chokepoints_Data.csv,66f3a54afb042103f3e0afc9670568cb7be245394ec04eba55ebd158593f579d,pinned_primary_reference,chronos2,daily_q0.5,2026-05-21,2.0,57.07352828979492,26.869640350341797,87.69007873535156,55.07352828979492,4286.29162979126
portwatch_two_vintage_four_specification_matrix_v1,297908c214a0afab30a377854585cb1788922334c3bba976f8e2a1141c6ed73e,bb050aa041e8fc1c8391b908baeab529aaf2e9944d5f35b07af661349176adce,pinned_primary,portwatch_chokepoints_snapshot,data/raw/portwatch/Daily_Chokepoints_Data.csv,66f3a54afb042103f3e0afc9670568cb7be245394ec04eba55ebd158593f579d,pinned_primary_reference,chronos2,daily_q0.5,2026-05-22,0.0,57.005210876464844,27.369441986083984,87.27845764160156,57.005210876464844,4343.296840667725
portwatch_two_vintage_four_specification_matrix_v1,297908c214a0afab30a377854585cb1788922334c3bba976f8e2a1141c6ed73e,bb050aa041e8fc1c8391b908baeab529aaf2e9944d5f35b07af661349176adce,pinned_primary,portwatch_chokepoints_snapshot,data/raw/portwatch/Daily_Chokepoints_Data.csv,66f3a54afb042103f3e0afc9670568cb7be245394ec04eba55ebd158593f579d,pinned_primary_reference,chronos2,daily_q0.5,2026-05-23,1.0,56.96613693237305,27.350236892700195,86.99048614501953,55.96613693237305,4399.262977600098
portwatch_two_vintage_four_specification_matrix_v1,297908c214a0afab30a377854585cb1788922334c3bba976f8e2a1141c6ed73e,bb050aa041e8fc1c8391b908baeab529aaf2e9944d5f35b07af661349176adce,pinned_primary,portwatch_chokepoints_snapshot,data/raw/portwatch/Daily_Chokepoints_Data.csv,66f3a54afb042103f3e0afc9670568cb7be245394ec04eba55ebd158593f579d,pinned_primary_reference,chronos2,daily_q0.5,2026-05-24,2.0,57.078834533691406,27.00128936767578,87.33409881591797,55.078834533691406,4454.341812133789
portwatch_two_vintage_four_specification_matrix_v1,297908c214a0afab30a377854585cb1788922334c3bba976f8e2a1141c6ed73e,bb050aa041e8fc1c8391b908baeab529aaf2e9944d5f35b07af661349176adce,pinned_primary,portwatch_chokepoints_snapshot,data/raw/portwatch/Daily_Chokepoints_Data.csv,66f3a54afb042103f3e0afc9670568cb7be245394ec04eba55ebd158593f579d,pinned_primary_reference,chronos2,daily_q0.5,2026-05-25,0.0,56.89524459838867,27.07225227355957,87.15836334228516,56.89524459838867,4511.237056732178
portwatch_two_vintage_four_specification_matrix_v1,297908c214a0afab30a377854585cb1788922334c3bba976f8e2a1141c6ed73e,bb050aa041e8fc1c8391b908baeab529aaf2e9944d5f35b07af661349176adce,pinned_primary,portwatch_chokepoints_snapshot,data/raw/portwatch/Daily_Chokepoints_Data.csv,66f3a54afb042103f3e0afc9670568cb7be245394ec04eba55ebd158593f579d,pinned_primary_reference,chronos2,daily_q0.5,2026-05-26,2.0,56.8773078918457,27.14919090270996,87.31582641601562,54.8773078918457,4566.114364624023
portwatch_two_vintage_four_specification_matrix_v1,297908c214a0afab30a377854585cb1788922334c3bba976f8e2a1141c6ed73e,bb050aa041e8fc1c8391b908baeab529aaf2e9944d5f35b07af661349176adce,pinned_primary,portwatch_chokepoints_snapshot,data/raw/portwatch/Daily_Chokepoints_Data.csv,66f3a54afb042103f3e0afc9670568cb7be245394ec04eba55ebd158593f579d,pinned_primary_reference,chronos2,daily_q0.5,2026-05-27,2.0,56.809593200683594,26.772525787353516,87.15327453613281,54.809593200683594,4620.923957824707
portwatch_two_vintage_four_specification_matrix_v1,297908c214a0afab30a377854585cb1788922334c3bba976f8e2a1141c6ed73e,bb050aa041e8fc1c8391b908baeab529aaf2e9944d5f35b07af661349176adce,pinned_primary,portwatch_chokepoints_snapshot,data/raw/portwatch/Daily_Chokepoints_Data.csv,66f3a54afb042103f3e0afc9670568cb7be245394ec04eba55ebd158593f579d,pinned_primary_reference,chronos2,daily_q0.5,2026-05-28,0.0,56.86643981933594,27.348310470581055,86.9630126953125,56.86643981933594,4677.790397644043
portwatch_two_vintage_four_specification_matrix_v1,297908c214a0afab30a377854585cb1788922334c3bba976f8e2a1141c6ed73e,bb050aa041e8fc1c8391b908baeab529aaf2e9944d5f35b07af661349176adce,pinned_primary,portwatch_chokepoints_snapshot,data/raw/portwatch/Daily_Chokepoints_Data.csv,66f3a54afb042103f3e0afc9670568cb7be245394ec04eba55ebd158593f579d,pinned_primary_reference,chronos2,daily_q0.5,2026-05-29,0.0,56.702449798583984,26.626995086669922,87.28495025634766,56.702449798583984,4734.492847442627
portwatch_two_vintage_four_specification_matrix_v1,297908c214a0afab30a377854585cb1788922334c3bba976f8e2a1141c6ed73e,bb050aa041e8fc1c8391b908baeab529aaf2e9944d5f35b07af661349176adce,pinned_primary,portwatch_chokepoints_snapshot,data/raw/portwatch/Daily_Chokepoints_Data.csv,66f3a54afb042103f3e0afc9670568cb7be245394ec04eba55ebd158593f579d,pinned_primary_reference,chronos2,daily_q0.5,2026-05-30,1.0,56.729888916015625,26.98202133178711,87.92645263671875,55.729888916015625,4790.222736358643
portwatch_two_vintage_four_specification_matrix_v1,297908c214a0afab30a377854585cb1788922334c3bba976f8e2a1141c6ed73e,bb050aa041e8fc1c8391b908baeab529aaf2e9944d5f35b07af661349176adce,pinned_primary,portwatch_chokepoints_snapshot,data/raw/portwatch/Daily_Chokepoints_Data.csv,66f3a54afb042103f3e0afc9670568cb7be245394ec04eba55ebd158593f579d,pinned_primary_reference,chronos2,daily_q0.5,2026-05-31,0.0,56.61347579956055,27.242115020751953,87.85678100585938,56.61347579956055,4846.836212158203
portwatch_two_vintage_four_specification_matrix_v1,297908c214a0afab30a377854585cb1788922334c3bba976f8e2a1141c6ed73e,bb050aa041e8fc1c8391b908baeab529aaf2e9944d5f35b07af661349176adce,pinned_primary,portwatch_chokepoints_snapshot,data/raw/portwatch/Daily_Chokepoints_Data.csv,66f3a54afb042103f3e0afc9670568cb7be245394ec04eba55ebd158593f579d,pinned_primary_reference,chronos2,daily_q0.5,2026-06-01,2.0,56.5550422668457,27.089622497558594,87.96922302246094,54.5550422668457,4901.391254425049
portwatch_two_vintage_four_specification_matrix_v1,297908c214a0afab30a377854585cb1788922334c3bba976f8e2a1141c6ed73e,bb050aa041e8fc1c8391b908baeab529aaf2e9944d5f35b07af661349176adce,pinned_primary,portwatch_chokepoints_snapshot,data/raw/portwatch/Daily_Chokepoints_Data.csv,66f3a54afb042103f3e0afc9670568cb7be245394ec04eba55ebd158593f579d,pinned_primary_reference,chronos2,daily_q0.5,2026-06-02,4.0,56.5240592956543,27.249948501586914,87.31061553955078,52.5240592956543,4953.915313720703
portwatch_two_vintage_four_specification_matrix_v1,297908c214a0afab30a377854585cb1788922334c3bba976f8e2a1141c6ed73e,bb050aa041e8fc1c8391b908baeab529aaf2e9944d5f35b07af661349176adce,pinned_primary,portwatch_chokepoints_snapshot,data/raw/portwatch/Daily_Chokepoints_Data.csv,66f3a54afb042103f3e0afc9670568cb7be245394ec04eba55ebd158593f579d,pinned_primary_reference,chronos2,daily_q0.5,2026-06-03,4.0,56.431941986083984,27.065614700317383,87.77033233642578,52.431941986083984,5006.347255706787
portwatch_two_vintage_four_specification_matrix_v1,297908c214a0afab30a377854585cb1788922334c3bba976f8e2a1141c6ed73e,bb050aa041e8fc1c8391b908baeab529aaf2e9944d5f35b07af661349176adce,pinned_primary,portwatch_chokepoints_snapshot,data/raw/portwatch/Daily_Chokepoints_Data.csv,66f3a54afb042103f3e0afc9670568cb7be245394ec04eba55ebd158593f579d,pinned_primary_reference,chronos2,daily_q0.5,2026-06-04,2.0,56.43315887451172,27.431711196899414,87.38945007324219,54.43315887451172,5060.780414581299
portwatch_two_vintage_four_specification_matrix_v1,297908c214a0afab30a377854585cb1788922334c3bba976f8e2a1141c6ed73e,bb050aa041e8fc1c8391b908baeab529aaf2e9944d5f35b07af661349176adce,pinned_primary,portwatch_chokepoints_snapshot,data/raw/portwatch/Daily_Chokepoints_Data.csv,66f3a54afb042103f3e0afc9670568cb7be245394ec04eba55ebd158593f579d,pinned_primary_reference,chronos2,daily_q0.5,2026-06-05,0.0,56.29572296142578,26.844730377197266,87.65043640136719,56.29572296142578,5117.076137542725
portwatch_two_vintage_four_specification_matrix_v1,297908c214a0afab30a377854585cb1788922334c3bba976f8e2a1141c6ed73e,bb050aa041e8fc1c8391b908baeab529aaf2e9944d5f35b07af661349176adce,pinned_primary,portwatch_chokepoints_snapshot,data/raw/portwatch/Daily_Chokepoints_Data.csv,66f3a54afb042103f3e0afc9670568cb7be245394ec04eba55ebd158593f579d,pinned_primary_reference,chronos2,daily_q0.5,2026-06-06,0.0,56.28975296020508,26.79212760925293,87.71686553955078,56.28975296020508,5173.36589050293
portwatch_two_vintage_four_specification_matrix_v1,297908c214a0afab30a377854585cb1788922334c3bba976f8e2a1141c6ed73e,bb050aa041e8fc1c8391b908baeab529aaf2e9944d5f35b07af661349176adce,pinned_primary,portwatch_chokepoints_snapshot,data/raw/portwatch/Daily_Chokepoints_Data.csv,66f3a54afb042103f3e0afc9670568cb7be245394ec04eba55ebd158593f579d,pinned_primary_reference,chronos2,daily_q0.5,2026-06-07,1.0,56.213401794433594,27.171964645385742,87.03861236572266,55.213401794433594,5228.579292297363
portwatch_two_vintage_four_specification_matrix_v1,297908c214a0afab30a377854585cb1788922334c3bba976f8e2a1141c6ed73e,bb050aa041e8fc1c8391b908baeab529aaf2e9944d5f35b07af661349176adce,pinned_primary,portwatch_chokepoints_snapshot,data/raw/portwatch/Daily_Chokepoints_Data.csv,66f3a54afb042103f3e0afc9670568cb7be245394ec04eba55ebd158593f579d,pinned_primary_reference,chronos2,daily_q0.5,2026-06-08,2.0,56.050567626953125,27.084121704101562,86.69805145263672,54.050567626953125,5282.629859924316
portwatch_two_vintage_four_specification_matrix_v1,297908c214a0afab30a377854585cb1788922334c3bba976f8e2a1141c6ed73e,bb050aa041e8fc1c8391b908baeab529aaf2e9944d5f35b07af661349176adce,pinned_primary,portwatch_chokepoints_snapshot,data/raw/portwatch/Daily_Chokepoints_Data.csv,66f3a54afb042103f3e0afc9670568cb7be245394ec04eba55ebd158593f579d,pinned_primary_reference,chronos2,daily_q0.5,2026-06-09,2.0,56.10300827026367,26.677387237548828,86.90499877929688,54.10300827026367,5336.73286819458
portwatch_two_vintage_four_specification_matrix_v1,297908c214a0afab30a377854585cb1788922334c3bba976f8e2a1141c6ed73e,bb050aa041e8fc1c8391b908baeab529aaf2e9944d5f35b07af661349176adce,pinned_primary,portwatch_chokepoints_snapshot,data/raw/portwatch/Daily_Chokepoints_Data.csv,66f3a54afb042103f3e0afc9670568cb7be245394ec04eba55ebd158593f579d,pinned_primary_reference,chronos2,daily_q0.5,2026-06-10,1.0,55.927242279052734,26.731897354125977,86.72703552246094,54.927242279052734,5391.660110473633
portwatch_two_vintage_four_specification_matrix_v1,297908c214a0afab30a377854585cb1788922334c3bba976f8e2a1141c6ed73e,bb050aa041e8fc1c8391b908baeab529aaf2e9944d5f35b07af661349176adce,pinned_primary,portwatch_chokepoints_snapshot,data/raw/portwatch/Daily_Chokepoints_Data.csv,66f3a54afb042103f3e0afc9670568cb7be245394ec04eba55ebd158593f579d,pinned_primary_reference,chronos2,daily_q0.5,2026-06-11,2.0,55.90262222290039,26.631200790405273,86.83647918701172,53.90262222290039,5445.562732696533
portwatch_two_vintage_four_specification_matrix_v1,297908c214a0afab30a377854585cb1788922334c3bba976f8e2a1141c6ed73e,bb050aa041e8fc1c8391b908baeab529aaf2e9944d5f35b07af661349176adce,pinned_primary,portwatch_chokepoints_snapshot,data/raw/portwatch/Daily_Chokepoints_Data.csv,66f3a54afb042103f3e0afc9670568cb7be245394ec04eba55ebd158593f579d,pinned_primary_reference,chronos2,daily_q0.5,2026-06-12,1.0,55.74611282348633,26.358932495117188,86.48258209228516,54.74611282348633,5500.3088455200195
portwatch_two_vintage_four_specification_matrix_v1,297908c214a0afab30a377854585cb1788922334c3bba976f8e2a1141c6ed73e,bb050aa041e8fc1c8391b908baeab529aaf2e9944d5f35b07af661349176adce,pinned_primary,portwatch_chokepoints_snapshot,data/raw/portwatch/Daily_Chokepoints_Data.csv,66f3a54afb042103f3e0afc9670568cb7be245394ec04eba55ebd158593f579d,pinned_primary_reference,chronos2,daily_q0.5,2026-06-13,0.0,55.76950454711914,26.73944854736328,86.40658569335938,55.76950454711914,5556.078350067139
portwatch_two_vintage_four_specification_matrix_v1,297908c214a0afab30a377854585cb1788922334c3bba976f8e2a1141c6ed73e,bb050aa041e8fc1c8391b908baeab529aaf2e9944d5f35b07af661349176adce,pinned_primary,portwatch_chokepoints_snapshot,data/raw/portwatch/Daily_Chokepoints_Data.csv,66f3a54afb042103f3e0afc9670568cb7be245394ec04eba55ebd158593f579d,pinned_primary_reference,chronos2,daily_q0.5,2026-06-14,0.0,55.58332824707031,26.0261173248291,86.62535858154297,55.58332824707031,5611.661678314209
portwatch_two_vintage_four_specification_matrix_v1,297908c214a0afab30a377854585cb1788922334c3bba976f8e2a1141c6ed73e,bb050aa041e8fc1c8391b908baeab529aaf2e9944d5f35b07af661349176adce,pinned_primary,portwatch_chokepoints_snapshot,data/raw/portwatch/Daily_Chokepoints_Data.csv,66f3a54afb042103f3e0afc9670568cb7be245394ec04eba55ebd158593f579d,pinned_primary_reference,chronos2,daily_q0.5,2026-06-15,1.0,55.56203079223633,26.407638549804688,87.3519515991211,54.56203079223633,5666.223709106445
portwatch_two_vintage_four_specification_matrix_v1,297908c214a0afab30a377854585cb1788922334c3bba976f8e2a1141c6ed73e,bb050aa041e8fc1c8391b908baeab529aaf2e9944d5f35b07af661349176adce,pinned_primary,portwatch_chokepoints_snapshot,data/raw/portwatch/Daily_Chokepoints_Data.csv,66f3a54afb042103f3e0afc9670568cb7be245394ec04eba55ebd158593f579d,pinned_primary_reference,chronos2,daily_q0.5,2026-06-16,2.0,55.39576721191406,26.656085968017578,87.2892074584961,53.39576721191406,5719.619476318359
portwatch_two_vintage_four_specification_matrix_v1,297908c214a0afab30a377854585cb1788922334c3bba976f8e2a1141c6ed73e,bb050aa041e8fc1c8391b908baeab529aaf2e9944d5f35b07af661349176adce,pinned_primary,portwatch_chokepoints_snapshot,data/raw/portwatch/Daily_Chokepoints_Data.csv,66f3a54afb042103f3e0afc9670568cb7be245394ec04eba55ebd158593f579d,pinned_primary_reference,chronos2,daily_q0.5,2026-06-17,1.0,55.35610580444336,26.515911102294922,87.35311126708984,54.35610580444336,5773.975582122803
portwatch_two_vintage_four_specification_matrix_v1,297908c214a0afab30a377854585cb1788922334c3bba976f8e2a1141c6ed73e,bb050aa041e8fc1c8391b908baeab529aaf2e9944d5f35b07af661349176adce,pinned_primary,portwatch_chokepoints_snapshot,data/raw/portwatch/Daily_Chokepoints_Data.csv,66f3a54afb042103f3e0afc9670568cb7be245394ec04eba55ebd158593f579d,pinned_primary_reference,chronos2,daily_q0.5,2026-06-18,11.0,55.3605842590332,26.78102684020996,86.70362854003906,44.3605842590332,5818.336166381836
portwatch_two_vintage_four_specification_matrix_v1,297908c214a0afab30a377854585cb1788922334c3bba976f8e2a1141c6ed73e,bb050aa041e8fc1c8391b908baeab529aaf2e9944d5f35b07af661349176adce,pinned_primary,portwatch_chokepoints_snapshot,data/raw/portwatch/Daily_Chokepoints_Data.csv,66f3a54afb042103f3e0afc9670568cb7be245394ec04eba55ebd158593f579d,pinned_primary_reference,chronos2,daily_q0.5,2026-06-19,5.0,55.26536560058594,26.458637237548828,87.10031127929688,50.26536560058594,5868.601531982422
portwatch_two_vintage_four_specification_matrix_v1,297908c214a0afab30a377854585cb1788922334c3bba976f8e2a1141c6ed73e,bb050aa041e8fc1c8391b908baeab529aaf2e9944d5f35b07af661349176adce,pinned_primary,portwatch_chokepoints_snapshot,data/raw/portwatch/Daily_Chokepoints_Data.csv,66f3a54afb042103f3e0afc9670568cb7be245394ec04eba55ebd158593f579d,pinned_primary_reference,chronos2,daily_q0.5,2026-06-20,12.0,55.559669494628906,26.901140213012695,87.10609436035156,43.559669494628906,5912.161201477051
portwatch_two_vintage_four_specification_matrix_v1,297908c214a0afab30a377854585cb1788922334c3bba976f8e2a1141c6ed73e,bb050aa041e8fc1c8391b908baeab529aaf2e9944d5f35b07af661349176adce,pinned_primary,portwatch_chokepoints_snapshot,data/raw/portwatch/Daily_Chokepoints_Data.csv,66f3a54afb042103f3e0afc9670568cb7be245394ec04eba55ebd158593f579d,pinned_primary_reference,chronos2,daily_q0.5,2026-06-21,1.0,55.46818161010742,26.307313919067383,87.4756851196289,54.46818161010742,5966.629383087158
portwatch_two_vintage_four_specification_matrix_v1,297908c214a0afab30a377854585cb1788922334c3bba976f8e2a1141c6ed73e,bb050aa041e8fc1c8391b908baeab529aaf2e9944d5f35b07af661349176adce,pinned_primary,portwatch_chokepoints_snapshot,data/raw/portwatch/Daily_Chokepoints_Data.csv,66f3a54afb042103f3e0afc9670568cb7be245394ec04eba55ebd158593f579d,pinned_primary_reference,chronos2,daily_q0.5,2026-06-22,9.0,55.41508102416992,26.457618713378906,87.47052764892578,46.41508102416992,6013.044464111328
portwatch_two_vintage_four_specification_matrix_v1,297908c214a0afab30a377854585cb1788922334c3bba976f8e2a1141c6ed73e,bb050aa041e8fc1c8391b908baeab529aaf2e9944d5f35b07af661349176adce,pinned_primary,portwatch_chokepoints_snapshot,data/raw/portwatch/Daily_Chokepoints_Data.csv,66f3a54afb042103f3e0afc9670568cb7be245394ec04eba55ebd158593f579d,pinned_primary_reference,chronos2,daily_q0.5,2026-06-23,5.0,55.422584533691406,26.85021209716797,86.92124938964844,50.422584533691406,6063.4670486450195
portwatch_two_vintage_four_specification_matrix_v1,297908c214a0afab30a377854585cb1788922334c3bba976f8e2a1141c6ed73e,bb050aa041e8fc1c8391b908baeab529aaf2e9944d5f35b07af661349176adce,pinned_primary,portwatch_chokepoints_snapshot,data/raw/portwatch/Daily_Chokepoints_Data.csv,66f3a54afb042103f3e0afc9670568cb7be245394ec04eba55ebd158593f579d,pinned_primary_reference,chronos2,daily_q0.5,2026-06-24,21.0,55.28927993774414,26.63370704650879,86.47775268554688,34.28927993774414,6097.756328582764
portwatch_two_vintage_four_specification_matrix_v1,297908c214a0afab30a377854585cb1788922334c3bba976f8e2a1141c6ed73e,bb050aa041e8fc1c8391b908baeab529aaf2e9944d5f35b07af661349176adce,pinned_primary,portwatch_chokepoints_snapshot,data/raw/portwatch/Daily_Chokepoints_Data.csv,66f3a54afb042103f3e0afc9670568cb7be245394ec04eba55ebd158593f579d,pinned_primary_reference,chronos2,daily_q0.5,2026-06-25,23.0,55.263484954833984,26.18269920349121,86.81222534179688,32.263484954833984,6130.019813537598
portwatch_two_vintage_four_specification_matrix_v1,297908c214a0afab30a377854585cb1788922334c3bba976f8e2a1141c6ed73e,bb050aa041e8fc1c8391b908baeab529aaf2e9944d5f35b07af661349176adce,pinned_primary,portwatch_chokepoints_snapshot,data/raw/portwatch/Daily_Chokepoints_Data.csv,66f3a54afb042103f3e0afc9670568cb7be245394ec04eba55ebd158593f579d,pinned_primary_reference,chronos2,daily_q0.5,2026-06-26,19.0,55.09197998046875,26.302839279174805,86.66385650634766,36.09197998046875,6166.111793518066
portwatch_two_vintage_four_specification_matrix_v1,297908c214a0afab30a377854585cb1788922334c3bba976f8e2a1141c6ed73e,bb050aa041e8fc1c8391b908baeab529aaf2e9944d5f35b07af661349176adce,pinned_primary,portwatch_chokepoints_snapshot,data/raw/portwatch/Daily_Chokepoints_Data.csv,66f3a54afb042103f3e0afc9670568cb7be245394ec04eba55ebd158593f579d,pinned_primary_reference,chronos2,daily_q0.5,2026-06-27,9.0,55.0480842590332,26.105913162231445,86.6138916015625,46.0480842590332,6212.1598777771
portwatch_two_vintage_four_specification_matrix_v1,297908c214a0afab30a377854585cb1788922334c3bba976f8e2a1141c6ed73e,bb050aa041e8fc1c8391b908baeab529aaf2e9944d5f35b07af661349176adce,pinned_primary,portwatch_chokepoints_snapshot,data/raw/portwatch/Daily_Chokepoints_Data.csv,66f3a54afb042103f3e0afc9670568cb7be245394ec04eba55ebd158593f579d,pinned_primary_reference,chronos2,daily_q0.5,2026-06-28,11.0,54.96796417236328,25.924097061157227,86.17144775390625,43.96796417236328,6256.127841949463
portwatch_two_vintage_four_specification_matrix_v1,297908c214a0afab30a377854585cb1788922334c3bba976f8e2a1141c6ed73e,bb050aa041e8fc1c8391b908baeab529aaf2e9944d5f35b07af661349176adce,pinned_primary,portwatch_chokepoints_snapshot,data/raw/portwatch/Daily_Chokepoints_Data.csv,66f3a54afb042103f3e0afc9670568cb7be245394ec04eba55ebd158593f579d,pinned_primary_reference,chronos2,daily_q0.5,2026-06-29,13.0,55.00556182861328,26.284313201904297,86.07593536376953,42.00556182861328,6298.133403778076
portwatch_two_vintage_four_specification_matrix_v1,297908c214a0afab30a377854585cb1788922334c3bba976f8e2a1141c6ed73e,bb050aa041e8fc1c8391b908baeab529aaf2e9944d5f35b07af661349176adce,pinned_primary,portwatch_chokepoints_snapshot,data/raw/portwatch/Daily_Chokepoints_Data.csv,66f3a54afb042103f3e0afc9670568cb7be245394ec04eba55ebd158593f579d,pinned_primary_reference,chronos2,daily_q0.5,2026-06-30,6.0,54.87649917602539,25.691232681274414,86.52631378173828,48.87649917602539,6347.009902954102
portwatch_two_vintage_four_specification_matrix_v1,297908c214a0afab30a377854585cb1788922334c3bba976f8e2a1141c6ed73e,bb050aa041e8fc1c8391b908baeab529aaf2e9944d5f35b07af661349176adce,pinned_primary,portwatch_chokepoints_snapshot,data/raw/portwatch/Daily_Chokepoints_Data.csv,66f3a54afb042103f3e0afc9670568cb7be245394ec04eba55ebd158593f579d,pinned_primary_reference,chronos2,daily_q0.5,2026-07-01,23.0,54.85331726074219,25.907756805419922,87.41609954833984,31.853317260742188,6378.863220214844
portwatch_two_vintage_four_specification_matrix_v1,297908c214a0afab30a377854585cb1788922334c3bba976f8e2a1141c6ed73e,bb050aa041e8fc1c8391b908baeab529aaf2e9944d5f35b07af661349176adce,pinned_primary,portwatch_chokepoints_snapshot,data/raw/portwatch/Daily_Chokepoints_Data.csv,66f3a54afb042103f3e0afc9670568cb7be245394ec04eba55ebd158593f579d,pinned_primary_reference,chronos2,daily_q0.5,2026-07-02,18.0,54.69573974609375,26.163515090942383,87.31464385986328,36.69573974609375,6415.5589599609375
portwatch_two_vintage_four_specification_matrix_v1,297908c214a0afab30a377854585cb1788922334c3bba976f8e2a1141c6ed73e,bb050aa041e8fc1c8391b908baeab529aaf2e9944d5f35b07af661349176adce,pinned_primary,portwatch_chokepoints_snapshot,data/raw/portwatch/Daily_Chokepoints_Data.csv,66f3a54afb042103f3e0afc9670568cb7be245394ec04eba55ebd158593f579d,pinned_primary_reference,chronos2,daily_q0.5,2026-07-03,21.0,54.59001541137695,26.00829315185547,87.46109771728516,33.59001541137695,6449.148975372314
portwatch_two_vintage_four_specification_matrix_v1,297908c214a0afab30a377854585cb1788922334c3bba976f8e2a1141c6ed73e,bb050aa041e8fc1c8391b908baeab529aaf2e9944d5f35b07af661349176adce,pinned_primary,portwatch_chokepoints_snapshot,data/raw/portwatch/Daily_Chokepoints_Data.csv,66f3a54afb042103f3e0afc9670568cb7be245394ec04eba55ebd158593f579d,pinned_primary_reference,chronos2,daily_q0.5,2026-07-04,11.0,54.6204719543457,26.299131393432617,86.81549835205078,43.6204719543457,6492.76944732666
portwatch_two_vintage_four_specification_matrix_v1,297908c214a0afab30a377854585cb1788922334c3bba976f8e2a1141c6ed73e,bb050aa041e8fc1c8391b908baeab529aaf2e9944d5f35b07af661349176adce,pinned_primary,portwatch_chokepoints_snapshot,data/raw/portwatch/Daily_Chokepoints_Data.csv,66f3a54afb042103f3e0afc9670568cb7be245394ec04eba55ebd158593f579d,pinned_primary_reference,chronos2,daily_q0.5,2026-07-05,16.0,54.610965728759766,26.072778701782227,87.16022491455078,38.610965728759766,6531.38041305542
portwatch_two_vintage_four_specification_matrix_v1,297908c214a0afab30a377854585cb1788922334c3bba976f8e2a1141c6ed73e,bb050aa041e8fc1c8391b908baeab529aaf2e9944d5f35b07af661349176adce,pinned_primary,portwatch_chokepoints_snapshot,data/raw/portwatch/Daily_Chokepoints_Data.csv,66f3a54afb042103f3e0afc9670568cb7be245394ec04eba55ebd158593f579d,pinned_primary_reference,chronos2,daily_q0.5,2026-07-06,14.0,54.79953384399414,25.719635009765625,86.41930389404297,40.79953384399414,6572.179946899414
portwatch_two_vintage_four_specification_matrix_v1,297908c214a0afab30a377854585cb1788922334c3bba976f8e2a1141c6ed73e,bb050aa041e8fc1c8391b908baeab529aaf2e9944d5f35b07af661349176adce,pinned_primary,portwatch_chokepoints_snapshot,data/raw/portwatch/Daily_Chokepoints_Data.csv,66f3a54afb042103f3e0afc9670568cb7be245394ec04eba55ebd158593f579d,pinned_primary_reference,chronos2,daily_q0.5,2026-07-07,12.0,54.70846939086914,25.293062210083008,86.78840637207031,42.70846939086914,6614.888416290283
portwatch_two_vintage_four_specification_matrix_v1,297908c214a0afab30a377854585cb1788922334c3bba976f8e2a1141c6ed73e,bb050aa041e8fc1c8391b908baeab529aaf2e9944d5f35b07af661349176adce,vintage_20260809,portwatch_chokepoints_vintage_20260809_snapshot,data/raw/portwatch/vintages/Daily_Chokepoints_Data__vintage_2026-08-09.csv,0bc806a4c384723debff08053d6fcbb915a03ee9fdf7b23c73d76d9bcb885bcb,sensitivity_only,chronos2,daily_q0.5,2026-02-28,33.0,40.015689849853516,18.675966262817383,63.82265090942383,7.015689849853516,7.015689849853516
portwatch_two_vintage_four_specification_matrix_v1,297908c214a0afab30a377854585cb1788922334c3bba976f8e2a1141c6ed73e,bb050aa041e8fc1c8391b908baeab529aaf2e9944d5f35b07af661349176adce,vintage_20260809,portwatch_chokepoints_vintage_20260809_snapshot,data/raw/portwatch/vintages/Daily_Chokepoints_Data__vintage_2026-08-09.csv,0bc806a4c384723debff08053d6fcbb915a03ee9fdf7b23c73d76d9bcb885bcb,sensitivity_only,chronos2,daily_q0.5,2026-03-01,5.0,40.48670196533203,18.533275604248047,64.59973907470703,35.48670196533203,42.50239181518555
portwatch_two_vintage_four_specification_matrix_v1,297908c214a0afab30a377854585cb1788922334c3bba976f8e2a1141c6ed73e,bb050aa041e8fc1c8391b908baeab529aaf2e9944d5f35b07af661349176adce,vintage_20260809,portwatch_chokepoints_vintage_20260809_snapshot,data/raw/portwatch/vintages/Daily_Chokepoints_Data__vintage_2026-08-09.csv,0bc806a4c384723debff08053d6fcbb915a03ee9fdf7b23c73d76d9bcb885bcb,sensitivity_only,chronos2,daily_q0.5,2026-03-02,1.0,40.642860412597656,18.876510620117188,64.98921203613281,39.642860412597656,82.1452522277832
portwatch_two_vintage_four_specification_matrix_v1,297908c214a0afab30a377854585cb1788922334c3bba976f8e2a1141c6ed73e,bb050aa041e8fc1c8391b908baeab529aaf2e9944d5f35b07af661349176adce,vintage_20260809,portwatch_chokepoints_vintage_20260809_snapshot,data/raw/portwatch/vintages/Daily_Chokepoints_Data__vintage_2026-08-09.csv,0bc806a4c384723debff08053d6fcbb915a03ee9fdf7b23c73d76d9bcb885bcb,sensitivity_only,chronos2,daily_q0.5,2026-03-03,1.0,40.54787826538086,19.17205238342285,65.05646514892578,39.54787826538086,121.69313049316406
portwatch_two_vintage_four_specification_matrix_v1,297908c214a0afab30a377854585cb1788922334c3bba976f8e2a1141c6ed73e,bb050aa041e8fc1c8391b908baeab529aaf2e9944d5f35b07af661349176adce,vintage_20260809,portwatch_chokepoints_vintage_20260809_snapshot,data/raw/portwatch/vintages/Daily_Chokepoints_Data__vintage_2026-08-09.csv,0bc806a4c384723debff08053d6fcbb915a03ee9fdf7b23c73d76d9bcb885bcb,sensitivity_only,chronos2,daily_q0.5,2026-03-04,0.0,40.765201568603516,18.8489990234375,64.91197967529297,40.765201568603516,162.45833206176758
portwatch_two_vintage_four_specification_matrix_v1,297908c214a0afab30a377854585cb1788922334c3bba976f8e2a1141c6ed73e,bb050aa041e8fc1c8391b908baeab529aaf2e9944d5f35b07af661349176adce,vintage_20260809,portwatch_chokepoints_vintage_20260809_snapshot,data/raw/portwatch/vintages/Daily_Chokepoints_Data__vintage_2026-08-09.csv,0bc806a4c384723debff08053d6fcbb915a03ee9fdf7b23c73d76d9bcb885bcb,sensitivity_only,chronos2,daily_q0.5,2026-03-05,1.0,40.973960876464844,19.113021850585938,65.10423278808594,39.973960876464844,202.43229293823242
portwatch_two_vintage_four_specification_matrix_v1,297908c214a0afab30a377854585cb1788922334c3bba976f8e2a1141c6ed73e,bb050aa041e8fc1c8391b908baeab529aaf2e9944d5f35b07af661349176adce,vintage_20260809,portwatch_chokepoints_vintage_20260809_snapshot,data/raw/portwatch/vintages/Daily_Chokepoints_Data__vintage_2026-08-09.csv,0bc806a4c384723debff08053d6fcbb915a03ee9fdf7b23c73d76d9bcb885bcb,sensitivity_only,chronos2,daily_q0.5,2026-03-06,0.0,41.03329086303711,19.37405776977539,65.28536987304688,41.03329086303711,243.46558380126953
portwatch_two_vintage_four_specification_matrix_v1,297908c214a0afab30a377854585cb1788922334c3bba976f8e2a1141c6ed73e,bb050aa041e8fc1c8391b908baeab529aaf2e9944d5f35b07af661349176adce,vintage_20260809,portwatch_chokepoints_vintage_20260809_snapshot,data/raw/portwatch/vintages/Daily_Chokepoints_Data__vintage_2026-08-09.csv,0bc806a4c384723debff08053d6fcbb915a03ee9fdf7b23c73d76d9bcb885bcb,sensitivity_only,chronos2,daily_q0.5,2026-03-07,0.0,41.19487762451172,19.129106521606445,65.56079864501953,41.19487762451172,284.66046142578125
portwatch_two_vintage_four_specification_matrix_v1,297908c214a0afab30a377854585cb1788922334c3bba976f8e2a1141c6ed73e,bb050aa041e8fc1c8391b908baeab529aaf2e9944d5f35b07af661349176adce,vintage_20260809,portwatch_chokepoints_vintage_20260809_snapshot,data/raw/portwatch/vintages/Daily_Chokepoints_Data__vintage_2026-08-09.csv,0bc806a4c384723debff08053d6fcbb915a03ee9fdf7b23c73d76d9bcb885bcb,sensitivity_only,chronos2,daily_q0.5,2026-03-08,0.0,41.33919143676758,19.23052406311035,65.36514282226562,41.33919143676758,325.9996528625488
portwatch_two_vintage_four_specification_matrix_v1,297908c214a0afab30a377854585cb1788922334c3bba976f8e2a1141c6ed73e,bb050aa041e8fc1c8391b908baeab529aaf2e9944d5f35b07af661349176adce,vintage_20260809,portwatch_chokepoints_vintage_20260809_snapshot,data/raw/portwatch/vintages/Daily_Chokepoints_Data__vintage_2026-08-09.csv,0bc806a4c384723debff08053d6fcbb915a03ee9fdf7b23c73d76d9bcb885bcb,sensitivity_only,chronos2,daily_q0.5,2026-03-09,0.0,41.52987289428711,19.355703353881836,65.56680297851562,41.52987289428711,367.52952575683594
portwatch_two_vintage_four_specification_matrix_v1,297908c214a0afab30a377854585cb1788922334c3bba976f8e2a1141c6ed73e,bb050aa041e8fc1c8391b908baeab529aaf2e9944d5f35b07af661349176adce,vintage_20260809,portwatch_chokepoints_vintage_20260809_snapshot,data/raw/portwatch/vintages/Daily_Chokepoints_Data__vintage_2026-08-09.csv,0bc806a4c384723debff08053d6fcbb915a03ee9fdf7b23c73d76d9bcb885bcb,sensitivity_only,chronos2,daily_q0.5,2026-03-10,1.0,41.703041076660156,19.2872314453125,65.74966430664062,40.703041076660156,408.2325668334961
portwatch_two_vintage_four_specification_matrix_v1,297908c214a0afab30a377854585cb1788922334c3bba976f8e2a1141c6ed73e,bb050aa041e8fc1c8391b908baeab529aaf2e9944d5f35b07af661349176adce,vintage_20260809,portwatch_chokepoints_vintage_20260809_snapshot,data/raw/portwatch/vintages/Daily_Chokepoints_Data__vintage_2026-08-09.csv,0bc806a4c384723debff08053d6fcbb915a03ee9fdf7b23c73d76d9bcb885bcb,sensitivity_only,chronos2,daily_q0.5,2026-03-11,0.0,41.73298645019531,19.577350616455078,66.24977111816406,41.73298645019531,449.9655532836914
portwatch_two_vintage_four_specification_matrix_v1,297908c214a0afab30a377854585cb1788922334c3bba976f8e2a1141c6ed73e,bb050aa041e8fc1c8391b908baeab529aaf2e9944d5f35b07af661349176adce,vintage_20260809,portwatch_chokepoints_vintage_20260809_snapshot,data/raw/portwatch/vintages/Daily_Chokepoints_Data__vintage_2026-08-09.csv,0bc806a4c384723debff08053d6fcbb915a03ee9fdf7b23c73d76d9bcb885bcb,sensitivity_only,chronos2,daily_q0.5,2026-03-12,0.0,41.9235725402832,19.88690757751465,66.20494079589844,41.9235725402832,491.8891258239746
portwatch_two_vintage_four_specification_matrix_v1,297908c214a0afab30a377854585cb1788922334c3bba976f8e2a1141c6ed73e,bb050aa041e8fc1c8391b908baeab529aaf2e9944d5f35b07af661349176adce,vintage_20260809,portwatch_chokepoints_vintage_20260809_snapshot,data/raw/portwatch/vintages/Daily_Chokepoints_Data__vintage_2026-08-09.csv,0bc806a4c384723debff08053d6fcbb915a03ee9fdf7b23c73d76d9bcb885bcb,sensitivity_only,chronos2,daily_q0.5,2026-03-13,0.0,41.894134521484375,19.7206974029541,66.73120880126953,41.894134521484375,533.783260345459
portwatch_two_vintage_four_specification_matrix_v1,297908c214a0afab30a377854585cb1788922334c3bba976f8e2a1141c6ed73e,bb050aa041e8fc1c8391b908baeab529aaf2e9944d5f35b07af661349176adce,vintage_20260809,portwatch_chokepoints_vintage_20260809_snapshot,data/raw/portwatch/vintages/Daily_Chokepoints_Data__vintage_2026-08-09.csv,0bc806a4c384723debff08053d6fcbb915a03ee9fdf7b23c73d76d9bcb885bcb,sensitivity_only,chronos2,daily_q0.5,2026-03-14,0.0,42.253684997558594,20.096046447753906,66.5168685913086,42.253684997558594,576.0369453430176
portwatch_two_vintage_four_specification_matrix_v1,297908c214a0afab30a377854585cb1788922334c3bba976f8e2a1141c6ed73e,bb050aa041e8fc1c8391b908baeab529aaf2e9944d5f35b07af661349176adce,vintage_20260809,portwatch_chokepoints_vintage_20260809_snapshot,data/raw/portwatch/vintages/Daily_Chokepoints_Data__vintage_2026-08-09.csv,0bc806a4c384723debff08053d6fcbb915a03ee9fdf7b23c73d76d9bcb885bcb,sensitivity_only,chronos2,daily_q0.5,2026-03-15,2.0,42.37800598144531,20.189788818359375,66.76214599609375,40.37800598144531,616.4149513244629
portwatch_two_vintage_four_specification_matrix_v1,297908c214a0afab30a377854585cb1788922334c3bba976f8e2a1141c6ed73e,bb050aa041e8fc1c8391b908baeab529aaf2e9944d5f35b07af661349176adce,vintage_20260809,portwatch_chokepoints_vintage_20260809_snapshot,data/raw/portwatch/vintages/Daily_Chokepoints_Data__vintage_2026-08-09.csv,0bc806a4c384723debff08053d6fcbb915a03ee9fdf7b23c73d76d9bcb885bcb,sensitivity_only,chronos2,daily_q0.5,2026-03-16,0.0,42.516883850097656,19.021862030029297,66.84049224853516,42.516883850097656,658.9318351745605
portwatch_two_vintage_four_specification_matrix_v1,297908c214a0afab30a377854585cb1788922334c3bba976f8e2a1141c6ed73e,bb050aa041e8fc1c8391b908baeab529aaf2e9944d5f35b07af661349176adce,vintage_20260809,portwatch_chokepoints_vintage_20260809_snapshot,data/raw/portwatch/vintages/Daily_Chokepoints_Data__vintage_2026-08-09.csv,0bc806a4c384723debff08053d6fcbb915a03ee9fdf7b23c73d76d9bcb885bcb,sensitivity_only,chronos2,daily_q0.5,2026-03-17,1.0,42.602455139160156,19.11610221862793,67.35572814941406,41.602455139160156,700.5342903137207
portwatch_two_vintage_four_specification_matrix_v1,297908c214a0afab30a377854585cb1788922334c3bba976f8e2a1141c6ed73e,bb050aa041e8fc1c8391b908baeab529aaf2e9944d5f35b07af661349176adce,vintage_20260809,portwatch_chokepoints_vintage_20260809_snapshot,data/raw/portwatch/vintages/Daily_Chokepoints_Data__vintage_2026-08-09.csv,0bc806a4c384723debff08053d6fcbb915a03ee9fdf7b23c73d76d9bcb885bcb,sensitivity_only,chronos2,daily_q0.5,2026-03-18,0.0,42.755462646484375,19.55463409423828,67.74600219726562,42.755462646484375,743.2897529602051
portwatch_two_vintage_four_specification_matrix_v1,297908c214a0afab30a377854585cb1788922334c3bba976f8e2a1141c6ed73e,bb050aa041e8fc1c8391b908baeab529aaf2e9944d5f35b07af661349176adce,vintage_20260809,portwatch_chokepoints_vintage_20260809_snapshot,data/raw/portwatch/vintages/Daily_Chokepoints_Data__vintage_2026-08-09.csv,0bc806a4c384723debff08053d6fcbb915a03ee9fdf7b23c73d76d9bcb885bcb,sensitivity_only,chronos2,daily_q0.5,2026-03-19,0.0,42.87821578979492,19.659574508666992,67.53462982177734,42.87821578979492,786.16796875
portwatch_two_vintage_four_specification_matrix_v1,297908c214a0afab30a377854585cb1788922334c3bba976f8e2a1141c6ed73e,bb050aa041e8fc1c8391b908baeab529aaf2e9944d5f35b07af661349176adce,vintage_20260809,portwatch_chokepoints_vintage_20260809_snapshot,data/raw/portwatch/vintages/Daily_Chokepoints_Data__vintage_2026-08-09.csv,0bc806a4c384723debff08053d6fcbb915a03ee9fdf7b23c73d76d9bcb885bcb,sensitivity_only,chronos2,daily_q0.5,2026-03-20,2.0,43.00853729248047,19.46306037902832,67.43709564208984,41.00853729248047,827.1765060424805
portwatch_two_vintage_four_specification_matrix_v1,297908c214a0afab30a377854585cb1788922334c3bba976f8e2a1141c6ed73e,bb050aa041e8fc1c8391b908baeab529aaf2e9944d5f35b07af661349176adce,vintage_20260809,portwatch_chokepoints_vintage_20260809_snapshot,data/raw/portwatch/vintages/Daily_Chokepoints_Data__vintage_2026-08-09.csv,0bc806a4c384723debff08053d6fcbb915a03ee9fdf7b23c73d76d9bcb885bcb,sensitivity_only,chronos2,daily_q0.5,2026-03-21,0.0,43.16600036621094,19.683155059814453,67.63318634033203,43.16600036621094,870.3425064086914
portwatch_two_vintage_four_specification_matrix_v1,297908c214a0afab30a377854585cb1788922334c3bba976f8e2a1141c6ed73e,bb050aa041e8fc1c8391b908baeab529aaf2e9944d5f35b07af661349176adce,vintage_20260809,portwatch_chokepoints_vintage_20260809_snapshot,data/raw/portwatch/vintages/Daily_Chokepoints_Data__vintage_2026-08-09.csv,0bc806a4c384723debff08053d6fcbb915a03ee9fdf7b23c73d76d9bcb885bcb,sensitivity_only,chronos2,daily_q0.5,2026-03-22,0.0,43.26710510253906,19.832965850830078,67.77217102050781,43.26710510253906,913.6096115112305
portwatch_two_vintage_four_specification_matrix_v1,297908c214a0afab30a377854585cb1788922334c3bba976f8e2a1141c6ed73e,bb050aa041e8fc1c8391b908baeab529aaf2e9944d5f35b07af661349176adce,vintage_20260809,portwatch_chokepoints_vintage_20260809_snapshot,data/raw/portwatch/vintages/Daily_Chokepoints_Data__vintage_2026-08-09.csv,0bc806a4c384723debff08053d6fcbb915a03ee9fdf7b23c73d76d9bcb885bcb,sensitivity_only,chronos2,daily_q0.5,2026-03-23,2.0,43.402427673339844,19.68037223815918,67.97044372558594,41.402427673339844,955.0120391845703
portwatch_two_vintage_four_specification_matrix_v1,297908c214a0afab30a377854585cb1788922334c3bba976f8e2a1141c6ed73e,bb050aa041e8fc1c8391b908baeab529aaf2e9944d5f35b07af661349176adce,vintage_20260809,portwatch_chokepoints_vintage_20260809_snapshot,data/raw/portwatch/vintages/Daily_Chokepoints_Data__vintage_2026-08-09.csv,0bc806a4c384723debff08053d6fcbb915a03ee9fdf7b23c73d76d9bcb885bcb,sensitivity_only,chronos2,daily_q0.5,2026-03-24,1.0,43.521820068359375,19.738582611083984,67.82621002197266,42.521820068359375,997.5338592529297
portwatch_two_vintage_four_specification_matrix_v1,297908c214a0afab30a377854585cb1788922334c3bba976f8e2a1141c6ed73e,bb050aa041e8fc1c8391b908baeab529aaf2e9944d5f35b07af661349176adce,vintage_20260809,portwatch_chokepoints_vintage_20260809_snapshot,data/raw/portwatch/vintages/Daily_Chokepoints_Data__vintage_2026-08-09.csv,0bc806a4c384723debff08053d6fcbb915a03ee9fdf7b23c73d76d9bcb885bcb,sensitivity_only,chronos2,daily_q0.5,2026-03-25,1.0,43.68320846557617,19.890893936157227,67.85858917236328,42.68320846557617,1040.2170677185059
portwatch_two_vintage_four_specification_matrix_v1,297908c214a0afab30a377854585cb1788922334c3bba976f8e2a1141c6ed73e,bb050aa041e8fc1c8391b908baeab529aaf2e9944d5f35b07af661349176adce,vintage_20260809,portwatch_chokepoints_vintage_20260809_snapshot,data/raw/portwatch/vintages/Daily_Chokepoints_Data__vintage_2026-08-09.csv,0bc806a4c384723debff08053d6fcbb915a03ee9fdf7b23c73d76d9bcb885bcb,sensitivity_only,chronos2,daily_q0.5,2026-03-26,0.0,43.7877082824707,19.627195358276367,68.20426177978516,43.7877082824707,1084.0047760009766
portwatch_two_vintage_four_specification_matrix_v1,297908c214a0afab30a377854585cb1788922334c3bba976f8e2a1141c6ed73e,bb050aa041e8fc1c8391b908baeab529aaf2e9944d5f35b07af661349176adce,vintage_20260809,portwatch_chokepoints_vintage_20260809_snapshot,data/raw/portwatch/vintages/Daily_Chokepoints_Data__vintage_2026-08-09.csv,0bc806a4c384723debff08053d6fcbb915a03ee9fdf7b23c73d76d9bcb885bcb,sensitivity_only,chronos2,daily_q0.5,2026-03-27,0.0,43.900489807128906,20.055830001831055,68.93669128417969,43.900489807128906,1127.9052658081055
portwatch_two_vintage_four_specification_matrix_v1,297908c214a0afab30a377854585cb1788922334c3bba976f8e2a1141c6ed73e,bb050aa041e8fc1c8391b908baeab529aaf2e9944d5f35b07af661349176adce,vintage_20260809,portwatch_chokepoints_vintage_20260809_snapshot,data/raw/portwatch/vintages/Daily_Chokepoints_Data__vintage_2026-08-09.csv,0bc806a4c384723debff08053d6fcbb915a03ee9fdf7b23c73d76d9bcb885bcb,sensitivity_only,chronos2,daily_q0.5,2026-03-28,0.0,43.96809768676758,20.221193313598633,68.92681884765625,43.96809768676758,1171.873363494873
portwatch_two_vintage_four_specification_matrix_v1,297908c214a0afab30a377854585cb1788922334c3bba976f8e2a1141c6ed73e,bb050aa041e8fc1c8391b908baeab529aaf2e9944d5f35b07af661349176adce,vintage_20260809,portwatch_chokepoints_vintage_20260809_snapshot,data/raw/portwatch/vintages/Daily_Chokepoints_Data__vintage_2026-08-09.csv,0bc806a4c384723debff08053d6fcbb915a03ee9fdf7b23c73d76d9bcb885bcb,sensitivity_only,chronos2,daily_q0.5,2026-03-29,2.0,44.02405548095703,20.10395050048828,69.37684631347656,42.02405548095703,1213.89741897583
portwatch_two_vintage_four_specification_matrix_v1,297908c214a0afab30a377854585cb1788922334c3bba976f8e2a1141c6ed73e,bb050aa041e8fc1c8391b908baeab529aaf2e9944d5f35b07af661349176adce,vintage_20260809,portwatch_chokepoints_vintage_20260809_snapshot,data/raw/portwatch/vintages/Daily_Chokepoints_Data__vintage_2026-08-09.csv,0bc806a4c384723debff08053d6fcbb915a03ee9fdf7b23c73d76d9bcb885bcb,sensitivity_only,chronos2,daily_q0.5,2026-03-30,3.0,44.12296676635742,20.44831657409668,68.88919067382812,41.12296676635742,1255.0203857421875
portwatch_two_vintage_four_specification_matrix_v1,297908c214a0afab30a377854585cb1788922334c3bba976f8e2a1141c6ed73e,bb050aa041e8fc1c8391b908baeab529aaf2e9944d5f35b07af661349176adce,vintage_20260809,portwatch_chokepoints_vintage_20260809_snapshot,data/raw/portwatch/vintages/Daily_Chokepoints_Data__vintage_2026-08-09.csv,0bc806a4c384723debff08053d6fcbb915a03ee9fdf7b23c73d76d9bcb885bcb,sensitivity_only,chronos2,daily_q0.5,2026-03-31,2.0,44.247413635253906,20.435312271118164,69.28850555419922,42.247413635253906,1297.2677993774414
portwatch_two_vintage_four_specification_matrix_v1,297908c214a0afab30a377854585cb1788922334c3bba976f8e2a1141c6ed73e,bb050aa041e8fc1c8391b908baeab529aaf2e9944d5f35b07af661349176adce,vintage_20260809,portwatch_chokepoints_vintage_20260809_snapshot,data/raw/portwatch/vintages/Daily_Chokepoints_Data__vintage_2026-08-09.csv,0bc806a4c384723debff08053d6fcbb915a03ee9fdf7b23c73d76d9bcb885bcb,sensitivity_only,chronos2,daily_q0.5,2026-04-01,1.0,44.91748809814453,19.766788482666016,69.1630630493164,43.91748809814453,1341.185287475586
portwatch_two_vintage_four_specification_matrix_v1,297908c214a0afab30a377854585cb1788922334c3bba976f8e2a1141c6ed73e,bb050aa041e8fc1c8391b908baeab529aaf2e9944d5f35b07af661349176adce,vintage_20260809,portwatch_chokepoints_vintage_20260809_snapshot,data/raw/portwatch/vintages/Daily_Chokepoints_Data__vintage_2026-08-09.csv,0bc806a4c384723debff08053d6fcbb915a03ee9fdf7b23c73d76d9bcb885bcb,sensitivity_only,chronos2,daily_q0.5,2026-04-02,0.0,44.914039611816406,19.451995849609375,69.65319061279297,44.914039611816406,1386.0993270874023
portwatch_two_vintage_four_specification_matrix_v1,297908c214a0afab30a377854585cb1788922334c3bba976f8e2a1141c6ed73e,bb050aa041e8fc1c8391b908baeab529aaf2e9944d5f35b07af661349176adce,vintage_20260809,portwatch_chokepoints_vintage_20260809_snapshot,data/raw/portwatch/vintages/Daily_Chokepoints_Data__vintage_2026-08-09.csv,0bc806a4c384723debff08053d6fcbb915a03ee9fdf7b23c73d76d9bcb885bcb,sensitivity_only,chronos2,daily_q0.5,2026-04-03,2.0,45.081512451171875,19.953657150268555,69.98136138916016,43.081512451171875,1429.1808395385742
portwatch_two_vintage_four_specification_matrix_v1,297908c214a0afab30a377854585cb1788922334c3bba976f8e2a1141c6ed73e,bb050aa041e8fc1c8391b908baeab529aaf2e9944d5f35b07af661349176adce,vintage_20260809,portwatch_chokepoints_vintage_20260809_snapshot,data/raw/portwatch/vintages/Daily_Chokepoints_Data__vintage_2026-08-09.csv,0bc806a4c384723debff08053d6fcbb915a03ee9fdf7b23c73d76d9bcb885bcb,sensitivity_only,chronos2,daily_q0.5,2026-04-04,3.0,45.29365539550781,20.36724090576172,69.56330108642578,42.29365539550781,1471.474494934082
portwatch_two_vintage_four_specification_matrix_v1,297908c214a0afab30a377854585cb1788922334c3bba976f8e2a1141c6ed73e,bb050aa041e8fc1c8391b908baeab529aaf2e9944d5f35b07af661349176adce,vintage_20260809,portwatch_chokepoints_vintage_20260809_snapshot,data/raw/portwatch/vintages/Daily_Chokepoints_Data__vintage_2026-08-09.csv,0bc806a4c384723debff08053d6fcbb915a03ee9fdf7b23c73d76d9bcb885bcb,sensitivity_only,chronos2,daily_q0.5,2026-04-05,4.0,45.28565216064453,20.316709518432617,69.29259490966797,41.28565216064453,1512.7601470947266
portwatch_two_vintage_four_specification_matrix_v1,297908c214a0afab30a377854585cb1788922334c3bba976f8e2a1141c6ed73e,bb050aa041e8fc1c8391b908baeab529aaf2e9944d5f35b07af661349176adce,vintage_20260809,portwatch_chokepoints_vintage_20260809_snapshot,data/raw/portwatch/vintages/Daily_Chokepoints_Data__vintage_2026-08-09.csv,0bc806a4c384723debff08053d6fcbb915a03ee9fdf7b23c73d76d9bcb885bcb,sensitivity_only,chronos2,daily_q0.5,2026-04-06,0.0,45.43739700317383,20.193063735961914,69.60890197753906,45.43739700317383,1558.1975440979004
portwatch_two_vintage_four_specification_matrix_v1,297908c214a0afab30a377854585cb1788922334c3bba976f8e2a1141c6ed73e,bb050aa041e8fc1c8391b908baeab529aaf2e9944d5f35b07af661349176adce,vintage_20260809,portwatch_chokepoints_vintage_20260809_snapshot,data/raw/portwatch/vintages/Daily_Chokepoints_Data__vintage_2026-08-09.csv,0bc806a4c384723debff08053d6fcbb915a03ee9fdf7b23c73d76d9bcb885bcb,sensitivity_only,chronos2,daily_q0.5,2026-04-07,2.0,45.42556381225586,20.385704040527344,69.56986999511719,43.42556381225586,1601.6231079101562
portwatch_two_vintage_four_specification_matrix_v1,297908c214a0afab30a377854585cb1788922334c3bba976f8e2a1141c6ed73e,bb050aa041e8fc1c8391b908baeab529aaf2e9944d5f35b07af661349176adce,vintage_20260809,portwatch_chokepoints_vintage_20260809_snapshot,data/raw/portwatch/vintages/Daily_Chokepoints_Data__vintage_2026-08-09.csv,0bc806a4c384723debff08053d6fcbb915a03ee9fdf7b23c73d76d9bcb885bcb,sensitivity_only,chronos2,daily_q0.5,2026-04-08,0.0,45.60591506958008,20.377765655517578,69.84369659423828,45.60591506958008,1647.2290229797363
portwatch_two_vintage_four_specification_matrix_v1,297908c214a0afab30a377854585cb1788922334c3bba976f8e2a1141c6ed73e,bb050aa041e8fc1c8391b908baeab529aaf2e9944d5f35b07af661349176adce,vintage_20260809,portwatch_chokepoints_vintage_20260809_snapshot,data/raw/portwatch/vintages/Daily_Chokepoints_Data__vintage_2026-08-09.csv,0bc806a4c384723debff08053d6fcbb915a03ee9fdf7b23c73d76d9bcb885bcb,sensitivity_only,chronos2,daily_q0.5,2026-04-09,5.0,45.71781539916992,20.041105270385742,69.70047760009766,40.71781539916992,1687.9468383789062
portwatch_two_vintage_four_specification_matrix_v1,297908c214a0afab30a377854585cb1788922334c3bba976f8e2a1141c6ed73e,bb050aa041e8fc1c8391b908baeab529aaf2e9944d5f35b07af661349176adce,vintage_20260809,portwatch_chokepoints_vintage_20260809_snapshot,data/raw/portwatch/vintages/Daily_Chokepoints_Data__vintage_2026-08-09.csv,0bc806a4c384723debff08053d6fcbb915a03ee9fdf7b23c73d76d9bcb885bcb,sensitivity_only,chronos2,daily_q0.5,2026-04-10,0.0,45.82177734375,20.6926326751709,69.81578063964844,45.82177734375,1733.7686157226562
portwatch_two_vintage_four_specification_matrix_v1,297908c214a0afab30a377854585cb1788922334c3bba976f8e2a1141c6ed73e,bb050aa041e8fc1c8391b908baeab529aaf2e9944d5f35b07af661349176adce,vintage_20260809,portwatch_chokepoints_vintage_20260809_snapshot,data/raw/portwatch/vintages/Daily_Chokepoints_Data__vintage_2026-08-09.csv,0bc806a4c384723debff08053d6fcbb915a03ee9fdf7b23c73d76d9bcb885bcb,sensitivity_only,chronos2,daily_q0.5,2026-04-11,3.0,45.834720611572266,19.990049362182617,69.91441345214844,42.834720611572266,1776.6033363342285
portwatch_two_vintage_four_specification_matrix_v1,297908c214a0afab30a377854585cb1788922334c3bba976f8e2a1141c6ed73e,bb050aa041e8fc1c8391b908baeab529aaf2e9944d5f35b07af661349176adce,vintage_20260809,portwatch_chokepoints_vintage_20260809_snapshot,data/raw/portwatch/vintages/Daily_Chokepoints_Data__vintage_2026-08-09.csv,0bc806a4c384723debff08053d6fcbb915a03ee9fdf7b23c73d76d9bcb885bcb,sensitivity_only,chronos2,daily_q0.5,2026-04-12,3.0,45.895294189453125,20.625877380371094,70.51441955566406,42.895294189453125,1819.4986305236816
portwatch_two_vintage_four_specification_matrix_v1,297908c214a0afab30a377854585cb1788922334c3bba976f8e2a1141c6ed73e,bb050aa041e8fc1c8391b908baeab529aaf2e9944d5f35b07af661349176adce,vintage_20260809,portwatch_chokepoints_vintage_20260809_snapshot,data/raw/portwatch/vintages/Daily_Chokepoints_Data__vintage_2026-08-09.csv,0bc806a4c384723debff08053d6fcbb915a03ee9fdf7b23c73d76d9bcb885bcb,sensitivity_only,chronos2,daily_q0.5,2026-04-13,3.0,45.82830810546875,20.84536361694336,70.60211181640625,42.82830810546875,1862.3269386291504
portwatch_two_vintage_four_specification_matrix_v1,297908c214a0afab30a377854585cb1788922334c3bba976f8e2a1141c6ed73e,bb050aa041e8fc1c8391b908baeab529aaf2e9944d5f35b07af661349176adce,vintage_20260809,portwatch_chokepoints_vintage_20260809_snapshot,data/raw/portwatch/vintages/Daily_Chokepoints_Data__vintage_2026-08-09.csv,0bc806a4c384723debff08053d6fcbb915a03ee9fdf7b23c73d76d9bcb885bcb,sensitivity_only,chronos2,daily_q0.5,2026-04-14,2.0,45.89405822753906,20.738964080810547,70.90316772460938,43.89405822753906,1906.2209968566895
portwatch_two_vintage_four_specification_matrix_v1,297908c214a0afab30a377854585cb1788922334c3bba976f8e2a1141c6ed73e,bb050aa041e8fc1c8391b908baeab529aaf2e9944d5f35b07af661349176adce,vintage_20260809,portwatch_chokepoints_vintage_20260809_snapshot,data/raw/portwatch/vintages/Daily_Chokepoints_Data__vintage_2026-08-09.csv,0bc806a4c384723debff08053d6fcbb915a03ee9fdf7b23c73d76d9bcb885bcb,sensitivity_only,chronos2,daily_q0.5,2026-04-15,4.0,45.896568298339844,20.930641174316406,70.27587890625,41.896568298339844,1948.1175651550293
portwatch_two_vintage_four_specification_matrix_v1,297908c214a0afab30a377854585cb1788922334c3bba976f8e2a1141c6ed73e,bb050aa041e8fc1c8391b908baeab529aaf2e9944d5f35b07af661349176adce,vintage_20260809,portwatch_chokepoints_vintage_20260809_snapshot,data/raw/portwatch/vintages/Daily_Chokepoints_Data__vintage_2026-08-09.csv,0bc806a4c384723debff08053d6fcbb915a03ee9fdf7b23c73d76d9bcb885bcb,sensitivity_only,chronos2,daily_q0.5,2026-04-16,1.0,45.959293365478516,20.87649917602539,70.57633972167969,44.959293365478516,1993.0768585205078
portwatch_two_vintage_four_specification_matrix_v1,297908c214a0afab30a377854585cb1788922334c3bba976f8e2a1141c6ed73e,bb050aa041e8fc1c8391b908baeab529aaf2e9944d5f35b07af661349176adce,vintage_20260809,portwatch_chokepoints_vintage_20260809_snapshot,data/raw/portwatch/vintages/Daily_Chokepoints_Data__vintage_2026-08-09.csv,0bc806a4c384723debff08053d6fcbb915a03ee9fdf7b23c73d76d9bcb885bcb,sensitivity_only,chronos2,daily_q0.5,2026-04-17,3.0,46.538753509521484,20.784399032592773,70.9805679321289,43.538753509521484,2036.6156120300293
portwatch_two_vintage_four_specification_matrix_v1,297908c214a0afab30a377854585cb1788922334c3bba976f8e2a1141c6ed73e,bb050aa041e8fc1c8391b908baeab529aaf2e9944d5f35b07af661349176adce,vintage_20260809,portwatch_chokepoints_vintage_20260809_snapshot,data/raw/portwatch/vintages/Daily_Chokepoints_Data__vintage_2026-08-09.csv,0bc806a4c384723debff08053d6fcbb915a03ee9fdf7b23c73d76d9bcb885bcb,sensitivity_only,chronos2,daily_q0.5,2026-04-18,12.0,46.63890075683594,20.37139892578125,71.21661376953125,34.63890075683594,2071.2545127868652
portwatch_two_vintage_four_specification_matrix_v1,297908c214a0afab30a377854585cb1788922334c3bba976f8e2a1141c6ed73e,bb050aa041e8fc1c8391b908baeab529aaf2e9944d5f35b07af661349176adce,vintage_20260809,portwatch_chokepoints_vintage_20260809_snapshot,data/raw/portwatch/vintages/Daily_Chokepoints_Data__vintage_2026-08-09.csv,0bc806a4c384723debff08053d6fcbb915a03ee9fdf7b23c73d76d9bcb885bcb,sensitivity_only,chronos2,daily_q0.5,2026-04-19,1.0,46.69553756713867,20.529678344726562,71.28231048583984,45.69553756713867,2116.950050354004
portwatch_two_vintage_four_specification_matrix_v1,297908c214a0afab30a377854585cb1788922334c3bba976f8e2a1141c6ed73e,bb050aa041e8fc1c8391b908baeab529aaf2e9944d5f35b07af661349176adce,vintage_20260809,portwatch_chokepoints_vintage_20260809_snapshot,data/raw/portwatch/vintages/Daily_Chokepoints_Data__vintage_2026-08-09.csv,0bc806a4c384723debff08053d6fcbb915a03ee9fdf7b23c73d76d9bcb885bcb,sensitivity_only,chronos2,daily_q0.5,2026-04-20,2.0,46.63578414916992,21.09083366394043,71.09024047851562,44.63578414916992,2161.585834503174
portwatch_two_vintage_four_specification_matrix_v1,297908c214a0afab30a377854585cb1788922334c3bba976f8e2a1141c6ed73e,bb050aa041e8fc1c8391b908baeab529aaf2e9944d5f35b07af661349176adce,vintage_20260809,portwatch_chokepoints_vintage_20260809_snapshot,data/raw/portwatch/vintages/Daily_Chokepoints_Data__vintage_2026-08-09.csv,0bc806a4c384723debff08053d6fcbb915a03ee9fdf7b23c73d76d9bcb885bcb,sensitivity_only,chronos2,daily_q0.5,2026-04-21,2.0,46.62879180908203,21.08830451965332,70.75830078125,44.62879180908203,2206.214626312256
portwatch_two_vintage_four_specification_matrix_v1,297908c214a0afab30a377854585cb1788922334c3bba976f8e2a1141c6ed73e,bb050aa041e8fc1c8391b908baeab529aaf2e9944d5f35b07af661349176adce,vintage_20260809,portwatch_chokepoints_vintage_20260809_snapshot,data/raw/portwatch/vintages/Daily_Chokepoints_Data__vintage_2026-08-09.csv,0bc806a4c384723debff08053d6fcbb915a03ee9fdf7b23c73d76d9bcb885bcb,sensitivity_only,chronos2,daily_q0.5,2026-04-22,2.0,46.79978561401367,20.84482192993164,71.0067138671875,44.79978561401367,2251.0144119262695
portwatch_two_vintage_four_specification_matrix_v1,297908c214a0afab30a377854585cb1788922334c3bba976f8e2a1141c6ed73e,bb050aa041e8fc1c8391b908baeab529aaf2e9944d5f35b07af661349176adce,vintage_20260809,portwatch_chokepoints_vintage_20260809_snapshot,data/raw/portwatch/vintages/Daily_Chokepoints_Data__vintage_2026-08-09.csv,0bc806a4c384723debff08053d6fcbb915a03ee9fdf7b23c73d76d9bcb885bcb,sensitivity_only,chronos2,daily_q0.5,2026-04-23,0.0,46.75829315185547,20.826377868652344,70.84243774414062,46.75829315185547,2297.772705078125
portwatch_two_vintage_four_specification_matrix_v1,297908c214a0afab30a377854585cb1788922334c3bba976f8e2a1141c6ed73e,bb050aa041e8fc1c8391b908baeab529aaf2e9944d5f35b07af661349176adce,vintage_20260809,portwatch_chokepoints_vintage_20260809_snapshot,data/raw/portwatch/vintages/Daily_Chokepoints_Data__vintage_2026-08-09.csv,0bc806a4c384723debff08053d6fcbb915a03ee9fdf7b23c73d76d9bcb885bcb,sensitivity_only,chronos2,daily_q0.5,2026-04-24,2.0,46.853965759277344,21.03155517578125,71.09099578857422,44.853965759277344,2342.6266708374023
portwatch_two_vintage_four_specification_matrix_v1,297908c214a0afab30a377854585cb1788922334c3bba976f8e2a1141c6ed73e,bb050aa041e8fc1c8391b908baeab529aaf2e9944d5f35b07af661349176adce,vintage_20260809,portwatch_chokepoints_vintage_20260809_snapshot,data/raw/portwatch/vintages/Daily_Chokepoints_Data__vintage_2026-08-09.csv,0bc806a4c384723debff08053d6fcbb915a03ee9fdf7b23c73d76d9bcb885bcb,sensitivity_only,chronos2,daily_q0.5,2026-04-25,1.0,46.909610748291016,20.679229736328125,71.03071594238281,45.909610748291016,2388.5362815856934
portwatch_two_vintage_four_specification_matrix_v1,297908c214a0afab30a377854585cb1788922334c3bba976f8e2a1141c6ed73e,bb050aa041e8fc1c8391b908baeab529aaf2e9944d5f35b07af661349176adce,vintage_20260809,portwatch_chokepoints_vintage_20260809_snapshot,data/raw/portwatch/vintages/Daily_Chokepoints_Data__vintage_2026-08-09.csv,0bc806a4c384723debff08053d6fcbb915a03ee9fdf7b23c73d76d9bcb885bcb,sensitivity_only,chronos2,daily_q0.5,2026-04-26,1.0,46.94139862060547,21.39008140563965,71.00200653076172,45.94139862060547,2434.477680206299
portwatch_two_vintage_four_specification_matrix_v1,297908c214a0afab30a377854585cb1788922334c3bba976f8e2a1141c6ed73e,bb050aa041e8fc1c8391b908baeab529aaf2e9944d5f35b07af661349176adce,vintage_20260809,portwatch_chokepoints_vintage_20260809_snapshot,data/raw/portwatch/vintages/Daily_Chokepoints_Data__vintage_2026-08-09.csv,0bc806a4c384723debff08053d6fcbb915a03ee9fdf7b23c73d76d9bcb885bcb,sensitivity_only,chronos2,daily_q0.5,2026-04-27,0.0,46.944969177246094,20.57103157043457,71.16968536376953,46.944969177246094,2481.422649383545
portwatch_two_vintage_four_specification_matrix_v1,297908c214a0afab30a377854585cb1788922334c3bba976f8e2a1141c6ed73e,bb050aa041e8fc1c8391b908baeab529aaf2e9944d5f35b07af661349176adce,vintage_20260809,portwatch_chokepoints_vintage_20260809_snapshot,data/raw/portwatch/vintages/Daily_Chokepoints_Data__vintage_2026-08-09.csv,0bc806a4c384723debff08053d6fcbb915a03ee9fdf7b23c73d76d9bcb885bcb,sensitivity_only,chronos2,daily_q0.5,2026-04-28,2.0,46.930458068847656,21.120357513427734,71.5804214477539,44.930458068847656,2526.3531074523926
portwatch_two_vintage_four_specification_matrix_v1,297908c214a0afab30a377854585cb1788922334c3bba976f8e2a1141c6ed73e,bb050aa041e8fc1c8391b908baeab529aaf2e9944d5f35b07af661349176adce,vintage_20260809,portwatch_chokepoints_vintage_20260809_snapshot,data/raw/portwatch/vintages/Daily_Chokepoints_Data__vintage_2026-08-09.csv,0bc806a4c384723debff08053d6fcbb915a03ee9fdf7b23c73d76d9bcb885bcb,sensitivity_only,chronos2,daily_q0.5,2026-04-29,3.0,46.87709426879883,21.345088958740234,71.6669692993164,43.87709426879883,2570.2302017211914
portwatch_two_vintage_four_specification_matrix_v1,297908c214a0afab30a377854585cb1788922334c3bba976f8e2a1141c6ed73e,bb050aa041e8fc1c8391b908baeab529aaf2e9944d5f35b07af661349176adce,vintage_20260809,portwatch_chokepoints_vintage_20260809_snapshot,data/raw/portwatch/vintages/Daily_Chokepoints_Data__vintage_2026-08-09.csv,0bc806a4c384723debff08053d6fcbb915a03ee9fdf7b23c73d76d9bcb885bcb,sensitivity_only,chronos2,daily_q0.5,2026-04-30,4.0,46.887821197509766,21.277202606201172,71.84712219238281,42.887821197509766,2613.118022918701
portwatch_two_vintage_four_specification_matrix_v1,297908c214a0afab30a377854585cb1788922334c3bba976f8e2a1141c6ed73e,bb050aa041e8fc1c8391b908baeab529aaf2e9944d5f35b07af661349176adce,vintage_20260809,portwatch_chokepoints_vintage_20260809_snapshot,data/raw/portwatch/vintages/Daily_Chokepoints_Data__vintage_2026-08-09.csv,0bc806a4c384723debff08053d6fcbb915a03ee9fdf7b23c73d76d9bcb885bcb,sensitivity_only,chronos2,daily_q0.5,2026-05-01,2.0,46.907142639160156,21.467313766479492,71.24440002441406,44.907142639160156,2658.0251655578613
portwatch_two_vintage_four_specification_matrix_v1,297908c214a0afab30a377854585cb1788922334c3bba976f8e2a1141c6ed73e,bb050aa041e8fc1c8391b908baeab529aaf2e9944d5f35b07af661349176adce,vintage_20260809,portwatch_chokepoints_vintage_20260809_snapshot,data/raw/portwatch/vintages/Daily_Chokepoints_Data__vintage_2026-08-09.csv,0bc806a4c384723debff08053d6fcbb915a03ee9fdf7b23c73d76d9bcb885bcb,sensitivity_only,chronos2,daily_q0.5,2026-05-02,4.0,46.8347053527832,21.166751861572266,71.51123809814453,42.8347053527832,2700.8598709106445
portwatch_two_vintage_four_specification_matrix_v1,297908c214a0afab30a377854585cb1788922334c3bba976f8e2a1141c6ed73e,bb050aa041e8fc1c8391b908baeab529aaf2e9944d5f35b07af661349176adce,vintage_20260809,portwatch_chokepoints_vintage_20260809_snapshot,data/raw/portwatch/vintages/Daily_Chokepoints_Data__vintage_2026-08-09.csv,0bc806a4c384723debff08053d6fcbb915a03ee9fdf7b23c73d76d9bcb885bcb,sensitivity_only,chronos2,daily_q0.5,2026-05-03,1.0,47.38398742675781,21.18126678466797,72.2222900390625,46.38398742675781,2747.2438583374023
portwatch_two_vintage_four_specification_matrix_v1,297908c214a0afab30a377854585cb1788922334c3bba976f8e2a1141c6ed73e,bb050aa041e8fc1c8391b908baeab529aaf2e9944d5f35b07af661349176adce,vintage_20260809,portwatch_chokepoints_vintage_20260809_snapshot,data/raw/portwatch/vintages/Daily_Chokepoints_Data__vintage_2026-08-09.csv,0bc806a4c384723debff08053d6fcbb915a03ee9fdf7b23c73d76d9bcb885bcb,sensitivity_only,chronos2,daily_q0.5,2026-05-04,0.0,47.3790168762207,20.48350715637207,72.1729736328125,47.3790168762207,2794.622875213623
portwatch_two_vintage_four_specification_matrix_v1,297908c214a0afab30a377854585cb1788922334c3bba976f8e2a1141c6ed73e,bb050aa041e8fc1c8391b908baeab529aaf2e9944d5f35b07af661349176adce,vintage_20260809,portwatch_chokepoints_vintage_20260809_snapshot,data/raw/portwatch/vintages/Daily_Chokepoints_Data__vintage_2026-08-09.csv,0bc806a4c384723debff08053d6fcbb915a03ee9fdf7b23c73d76d9bcb885bcb,sensitivity_only,chronos2,daily_q0.5,2026-05-05,0.0,47.367523193359375,20.591352462768555,72.2219009399414,47.367523193359375,2841.9903984069824
portwatch_two_vintage_four_specification_matrix_v1,297908c214a0afab30a377854585cb1788922334c3bba976f8e2a1141c6ed73e,bb050aa041e8fc1c8391b908baeab529aaf2e9944d5f35b07af661349176adce,vintage_20260809,portwatch_chokepoints_vintage_20260809_snapshot,data/raw/portwatch/vintages/Daily_Chokepoints_Data__vintage_2026-08-09.csv,0bc806a4c384723debff08053d6fcbb915a03ee9fdf7b23c73d76d9bcb885bcb,sensitivity_only,chronos2,daily_q0.5,2026-05-06,0.0,47.258766174316406,20.996200561523438,72.02304077148438,47.258766174316406,2889.249164581299
portwatch_two_vintage_four_specification_matrix_v1,297908c214a0afab30a377854585cb1788922334c3bba976f8e2a1141c6ed73e,bb050aa041e8fc1c8391b908baeab529aaf2e9944d5f35b07af661349176adce,vintage_20260809,portwatch_chokepoints_vintage_20260809_snapshot,data/raw/portwatch/vintages/Daily_Chokepoints_Data__vintage_2026-08-09.csv,0bc806a4c384723debff08053d6fcbb915a03ee9fdf7b23c73d76d9bcb885bcb,sensitivity_only,chronos2,daily_q0.5,2026-05-07,0.0,47.290992736816406,21.065235137939453,71.77041625976562,47.290992736816406,2936.5401573181152
portwatch_two_vintage_four_specification_matrix_v1,297908c214a0afab30a377854585cb1788922334c3bba976f8e2a1141c6ed73e,bb050aa041e8fc1c8391b908baeab529aaf2e9944d5f35b07af661349176adce,vintage_20260809,portwatch_chokepoints_vintage_20260809_snapshot,data/raw/portwatch/vintages/Daily_Chokepoints_Data__vintage_2026-08-09.csv,0bc806a4c384723debff08053d6fcbb915a03ee9fdf7b23c73d76d9bcb885bcb,sensitivity_only,chronos2,daily_q0.5,2026-05-08,0.0,47.3762092590332,20.794347763061523,71.92930603027344,47.3762092590332,2983.9163665771484
portwatch_two_vintage_four_specification_matrix_v1,297908c214a0afab30a377854585cb1788922334c3bba976f8e2a1141c6ed73e,bb050aa041e8fc1c8391b908baeab529aaf2e9944d5f35b07af661349176adce,vintage_20260809,portwatch_chokepoints_vintage_20260809_snapshot,data/raw/portwatch/vintages/Daily_Chokepoints_Data__vintage_2026-08-09.csv,0bc806a4c384723debff08053d6fcbb915a03ee9fdf7b23c73d76d9bcb885bcb,sensitivity_only,chronos2,daily_q0.5,2026-05-09,1.0,47.298065185546875,20.621620178222656,71.70165252685547,46.298065185546875,3030.2144317626953
portwatch_two_vintage_four_specification_matrix_v1,297908c214a0afab30a377854585cb1788922334c3bba976f8e2a1141c6ed73e,bb050aa041e8fc1c8391b908baeab529aaf2e9944d5f35b07af661349176adce,vintage_20260809,portwatch_chokepoints_vintage_20260809_snapshot,data/raw/portwatch/vintages/Daily_Chokepoints_Data__vintage_2026-08-09.csv,0bc806a4c384723debff08053d6fcbb915a03ee9fdf7b23c73d76d9bcb885bcb,sensitivity_only,chronos2,daily_q0.5,2026-05-10,2.0,47.295955657958984,20.889368057250977,71.89321899414062,45.295955657958984,3075.5103874206543
portwatch_two_vintage_four_specification_matrix_v1,297908c214a0afab30a377854585cb1788922334c3bba976f8e2a1141c6ed73e,bb050aa041e8fc1c8391b908baeab529aaf2e9944d5f35b07af661349176adce,vintage_20260809,portwatch_chokepoints_vintage_20260809_snapshot,data/raw/portwatch/vintages/Daily_Chokepoints_Data__vintage_2026-08-09.csv,0bc806a4c384723debff08053d6fcbb915a03ee9fdf7b23c73d76d9bcb885bcb,sensitivity_only,chronos2,daily_q0.5,2026-05-11,4.0,47.27006149291992,20.645893096923828,71.84154510498047,43.27006149291992,3118.780448913574
portwatch_two_vintage_four_specification_matrix_v1,297908c214a0afab30a377854585cb1788922334c3bba976f8e2a1141c6ed73e,bb050aa041e8fc1c8391b908baeab529aaf2e9944d5f35b07af661349176adce,vintage_20260809,portwatch_chokepoints_vintage_20260809_snapshot,data/raw/portwatch/vintages/Daily_Chokepoints_Data__vintage_2026-08-09.csv,0bc806a4c384723debff08053d6fcbb915a03ee9fdf7b23c73d76d9bcb885bcb,sensitivity_only,chronos2,daily_q0.5,2026-05-12,1.0,47.23234176635742,21.34015464782715,71.74341583251953,46.23234176635742,3165.0127906799316
portwatch_two_vintage_four_specification_matrix_v1,297908c214a0afab30a377854585cb1788922334c3bba976f8e2a1141c6ed73e,bb050aa041e8fc1c8391b908baeab529aaf2e9944d5f35b07af661349176adce,vintage_20260809,portwatch_chokepoints_vintage_20260809_snapshot,data/raw/portwatch/vintages/Daily_Chokepoints_Data__vintage_2026-08-09.csv,0bc806a4c384723debff08053d6fcbb915a03ee9fdf7b23c73d76d9bcb885bcb,sensitivity_only,chronos2,daily_q0.5,2026-05-13,2.0,47.25187683105469,20.487247467041016,71.91434478759766,45.25187683105469,3210.2646675109863
portwatch_two_vintage_four_specification_matrix_v1,297908c214a0afab30a377854585cb1788922334c3bba976f8e2a1141c6ed73e,bb050aa041e8fc1c8391b908baeab529aaf2e9944d5f35b07af661349176adce,vintage_20260809,portwatch_chokepoints_vintage_20260809_snapshot,data/raw/portwatch/vintages/Daily_Chokepoints_Data__vintage_2026-08-09.csv,0bc806a4c384723debff08053d6fcbb915a03ee9fdf7b23c73d76d9bcb885bcb,sensitivity_only,chronos2,daily_q0.5,2026-05-14,3.0,47.16728210449219,21.034526824951172,72.26569366455078,44.16728210449219,3254.4319496154785
portwatch_two_vintage_four_specification_matrix_v1,297908c214a0afab30a377854585cb1788922334c3bba976f8e2a1141c6ed73e,bb050aa041e8fc1c8391b908baeab529aaf2e9944d5f35b07af661349176adce,vintage_20260809,portwatch_chokepoints_vintage_20260809_snapshot,data/raw/portwatch/vintages/Daily_Chokepoints_Data__vintage_2026-08-09.csv,0bc806a4c384723debff08053d6fcbb915a03ee9fdf7b23c73d76d9bcb885bcb,sensitivity_only,chronos2,daily_q0.5,2026-05-15,2.0,47.02107238769531,21.18114471435547,72.3340835571289,45.02107238769531,3299.453022003174
portwatch_two_vintage_four_specification_matrix_v1,297908c214a0afab30a377854585cb1788922334c3bba976f8e2a1141c6ed73e,bb050aa041e8fc1c8391b908baeab529aaf2e9944d5f35b07af661349176adce,vintage_20260809,portwatch_chokepoints_vintage_20260809_snapshot,data/raw/portwatch/vintages/Daily_Chokepoints_Data__vintage_2026-08-09.csv,0bc806a4c384723debff08053d6fcbb915a03ee9fdf7b23c73d76d9bcb885bcb,sensitivity_only,chronos2,daily_q0.5,2026-05-16,1.0,47.003971099853516,21.057674407958984,72.45867156982422,46.003971099853516,3345.4569931030273
portwatch_two_vintage_four_specification_matrix_v1,297908c214a0afab30a377854585cb1788922334c3bba976f8e2a1141c6ed73e,bb050aa041e8fc1c8391b908baeab529aaf2e9944d5f35b07af661349176adce,vintage_20260809,portwatch_chokepoints_vintage_20260809_snapshot,data/raw/portwatch/vintages/Daily_Chokepoints_Data__vintage_2026-08-09.csv,0bc806a4c384723debff08053d6fcbb915a03ee9fdf7b23c73d76d9bcb885bcb,sensitivity_only,chronos2,daily_q0.5,2026-05-17,1.0,46.989013671875,21.193815231323242,71.86133575439453,45.989013671875,3391.4460067749023
portwatch_two_vintage_four_specification_matrix_v1,297908c214a0afab30a377854585cb1788922334c3bba976f8e2a1141c6ed73e,bb050aa041e8fc1c8391b908baeab529aaf2e9944d5f35b07af661349176adce,vintage_20260809,portwatch_chokepoints_vintage_20260809_snapshot,data/raw/portwatch/vintages/Daily_Chokepoints_Data__vintage_2026-08-09.csv,0bc806a4c384723debff08053d6fcbb915a03ee9fdf7b23c73d76d9bcb885bcb,sensitivity_only,chronos2,daily_q0.5,2026-05-18,1.0,46.824710845947266,20.868593215942383,71.99756622314453,45.824710845947266,3437.2707176208496
portwatch_two_vintage_four_specification_matrix_v1,297908c214a0afab30a377854585cb1788922334c3bba976f8e2a1141c6ed73e,bb050aa041e8fc1c8391b908baeab529aaf2e9944d5f35b07af661349176adce,vintage_20260809,portwatch_chokepoints_vintage_20260809_snapshot,data/raw/portwatch/vintages/Daily_Chokepoints_Data__vintage_2026-08-09.csv,0bc806a4c384723debff08053d6fcbb915a03ee9fdf7b23c73d76d9bcb885bcb,sensitivity_only,chronos2,daily_q0.5,2026-05-19,3.0,47.149864196777344,21.41565704345703,72.54022216796875,44.149864196777344,3481.420581817627
portwatch_two_vintage_four_specification_matrix_v1,297908c214a0afab30a377854585cb1788922334c3bba976f8e2a1141c6ed73e,bb050aa041e8fc1c8391b908baeab529aaf2e9944d5f35b07af661349176adce,vintage_20260809,portwatch_chokepoints_vintage_20260809_snapshot,data/raw/portwatch/vintages/Daily_Chokepoints_Data__vintage_2026-08-09.csv,0bc806a4c384723debff08053d6fcbb915a03ee9fdf7b23c73d76d9bcb885bcb,sensitivity_only,chronos2,daily_q0.5,2026-05-20,3.0,47.09079360961914,20.856170654296875,72.53205108642578,44.09079360961914,3525.511375427246
portwatch_two_vintage_four_specification_matrix_v1,297908c214a0afab30a377854585cb1788922334c3bba976f8e2a1141c6ed73e,bb050aa041e8fc1c8391b908baeab529aaf2e9944d5f35b07af661349176adce,vintage_20260809,portwatch_chokepoints_vintage_20260809_snapshot,data/raw/portwatch/vintages/Daily_Chokepoints_Data__vintage_2026-08-09.csv,0bc806a4c384723debff08053d6fcbb915a03ee9fdf7b23c73d76d9bcb885bcb,sensitivity_only,chronos2,daily_q0.5,2026-05-21,2.0,47.04701614379883,20.85931396484375,72.59622192382812,45.04701614379883,3570.558391571045
portwatch_two_vintage_four_specification_matrix_v1,297908c214a0afab30a377854585cb1788922334c3bba976f8e2a1141c6ed73e,bb050aa041e8fc1c8391b908baeab529aaf2e9944d5f35b07af661349176adce,vintage_20260809,portwatch_chokepoints_vintage_20260809_snapshot,data/raw/portwatch/vintages/Daily_Chokepoints_Data__vintage_2026-08-09.csv,0bc806a4c384723debff08053d6fcbb915a03ee9fdf7b23c73d76d9bcb885bcb,sensitivity_only,chronos2,daily_q0.5,2026-05-22,0.0,46.94689178466797,21.197193145751953,72.29449462890625,46.94689178466797,3617.505283355713
portwatch_two_vintage_four_specification_matrix_v1,297908c214a0afab30a377854585cb1788922334c3bba976f8e2a1141c6ed73e,bb050aa041e8fc1c8391b908baeab529aaf2e9944d5f35b07af661349176adce,vintage_20260809,portwatch_chokepoints_vintage_20260809_snapshot,data/raw/portwatch/vintages/Daily_Chokepoints_Data__vintage_2026-08-09.csv,0bc806a4c384723debff08053d6fcbb915a03ee9fdf7b23c73d76d9bcb885bcb,sensitivity_only,chronos2,daily_q0.5,2026-05-23,1.0,46.941341400146484,21.265962600708008,71.99527740478516,45.941341400146484,3663.4466247558594
portwatch_two_vintage_four_specification_matrix_v1,297908c214a0afab30a377854585cb1788922334c3bba976f8e2a1141c6ed73e,bb050aa041e8fc1c8391b908baeab529aaf2e9944d5f35b07af661349176adce,vintage_20260809,portwatch_chokepoints_vintage_20260809_snapshot,data/raw/portwatch/vintages/Daily_Chokepoints_Data__vintage_2026-08-09.csv,0bc806a4c384723debff08053d6fcbb915a03ee9fdf7b23c73d76d9bcb885bcb,sensitivity_only,chronos2,daily_q0.5,2026-05-24,2.0,47.026893615722656,20.797388076782227,72.17090606689453,45.026893615722656,3708.473518371582
portwatch_two_vintage_four_specification_matrix_v1,297908c214a0afab30a377854585cb1788922334c3bba976f8e2a1141c6ed73e,bb050aa041e8fc1c8391b908baeab529aaf2e9944d5f35b07af661349176adce,vintage_20260809,portwatch_chokepoints_vintage_20260809_snapshot,data/raw/portwatch/vintages/Daily_Chokepoints_Data__vintage_2026-08-09.csv,0bc806a4c384723debff08053d6fcbb915a03ee9fdf7b23c73d76d9bcb885bcb,sensitivity_only,chronos2,daily_q0.5,2026-05-25,0.0,46.82875061035156,20.864299774169922,71.97343444824219,46.82875061035156,3755.3022689819336
portwatch_two_vintage_four_specification_matrix_v1,297908c214a0afab30a377854585cb1788922334c3bba976f8e2a1141c6ed73e,bb050aa041e8fc1c8391b908baeab529aaf2e9944d5f35b07af661349176adce,vintage_20260809,portwatch_chokepoints_vintage_20260809_snapshot,data/raw/portwatch/vintages/Daily_Chokepoints_Data__vintage_2026-08-09.csv,0bc806a4c384723debff08053d6fcbb915a03ee9fdf7b23c73d76d9bcb885bcb,sensitivity_only,chronos2,daily_q0.5,2026-05-26,2.0,46.84578323364258,21.084121704101562,72.18658447265625,44.84578323364258,3800.148052215576
portwatch_two_vintage_four_specification_matrix_v1,297908c214a0afab30a377854585cb1788922334c3bba976f8e2a1141c6ed73e,bb050aa041e8fc1c8391b908baeab529aaf2e9944d5f35b07af661349176adce,vintage_20260809,portwatch_chokepoints_vintage_20260809_snapshot,data/raw/portwatch/vintages/Daily_Chokepoints_Data__vintage_2026-08-09.csv,0bc806a4c384723debff08053d6fcbb915a03ee9fdf7b23c73d76d9bcb885bcb,sensitivity_only,chronos2,daily_q0.5,2026-05-27,1.0,46.788719177246094,20.71921157836914,72.04817962646484,45.788719177246094,3845.9367713928223
portwatch_two_vintage_four_specification_matrix_v1,297908c214a0afab30a377854585cb1788922334c3bba976f8e2a1141c6ed73e,bb050aa041e8fc1c8391b908baeab529aaf2e9944d5f35b07af661349176adce,vintage_20260809,portwatch_chokepoints_vintage_20260809_snapshot,data/raw/portwatch/vintages/Daily_Chokepoints_Data__vintage_2026-08-09.csv,0bc806a4c384723debff08053d6fcbb915a03ee9fdf7b23c73d76d9bcb885bcb,sensitivity_only,chronos2,daily_q0.5,2026-05-28,0.0,46.7977409362793,21.37151336669922,71.87378692626953,46.7977409362793,3892.7345123291016
portwatch_two_vintage_four_specification_matrix_v1,297908c214a0afab30a377854585cb1788922334c3bba976f8e2a1141c6ed73e,bb050aa041e8fc1c8391b908baeab529aaf2e9944d5f35b07af661349176adce,vintage_20260809,portwatch_chokepoints_vintage_20260809_snapshot,data/raw/portwatch/vintages/Daily_Chokepoints_Data__vintage_2026-08-09.csv,0bc806a4c384723debff08053d6fcbb915a03ee9fdf7b23c73d76d9bcb885bcb,sensitivity_only,chronos2,daily_q0.5,2026-05-29,0.0,46.69075393676758,20.519147872924805,72.07884979248047,46.69075393676758,3939.425266265869
portwatch_two_vintage_four_specification_matrix_v1,297908c214a0afab30a377854585cb1788922334c3bba976f8e2a1141c6ed73e,bb050aa041e8fc1c8391b908baeab529aaf2e9944d5f35b07af661349176adce,vintage_20260809,portwatch_chokepoints_vintage_20260809_snapshot,data/raw/portwatch/vintages/Daily_Chokepoints_Data__vintage_2026-08-09.csv,0bc806a4c384723debff08053d6fcbb915a03ee9fdf7b23c73d76d9bcb885bcb,sensitivity_only,chronos2,daily_q0.5,2026-05-30,0.0,46.70810317993164,21.083057403564453,72.49995422363281,46.70810317993164,3986.133369445801
portwatch_two_vintage_four_specification_matrix_v1,297908c214a0afab30a377854585cb1788922334c3bba976f8e2a1141c6ed73e,bb050aa041e8fc1c8391b908baeab529aaf2e9944d5f35b07af661349176adce,vintage_20260809,portwatch_chokepoints_vintage_20260809_snapshot,data/raw/portwatch/vintages/Daily_Chokepoints_Data__vintage_2026-08-09.csv,0bc806a4c384723debff08053d6fcbb915a03ee9fdf7b23c73d76d9bcb885bcb,sensitivity_only,chronos2,daily_q0.5,2026-05-31,0.0,46.56803512573242,21.214136123657227,72.47802734375,46.56803512573242,4032.701404571533
portwatch_two_vintage_four_specification_matrix_v1,297908c214a0afab30a377854585cb1788922334c3bba976f8e2a1141c6ed73e,bb050aa041e8fc1c8391b908baeab529aaf2e9944d5f35b07af661349176adce,vintage_20260809,portwatch_chokepoints_vintage_20260809_snapshot,data/raw/portwatch/vintages/Daily_Chokepoints_Data__vintage_2026-08-09.csv,0bc806a4c384723debff08053d6fcbb915a03ee9fdf7b23c73d76d9bcb885bcb,sensitivity_only,chronos2,daily_q0.5,2026-06-01,1.0,46.451595306396484,21.092506408691406,72.52118682861328,45.451595306396484,4078.1529998779297
portwatch_two_vintage_four_specification_matrix_v1,297908c214a0afab30a377854585cb1788922334c3bba976f8e2a1141c6ed73e,bb050aa041e8fc1c8391b908baeab529aaf2e9944d5f35b07af661349176adce,vintage_20260809,portwatch_chokepoints_vintage_20260809_snapshot,data/raw/portwatch/vintages/Daily_Chokepoints_Data__vintage_2026-08-09.csv,0bc806a4c384723debff08053d6fcbb915a03ee9fdf7b23c73d76d9bcb885bcb,sensitivity_only,chronos2,daily_q0.5,2026-06-02,3.0,46.372032165527344,21.171173095703125,71.92437744140625,43.372032165527344,4121.525032043457
portwatch_two_vintage_four_specification_matrix_v1,297908c214a0afab30a377854585cb1788922334c3bba976f8e2a1141c6ed73e,bb050aa041e8fc1c8391b908baeab529aaf2e9944d5f35b07af661349176adce,vintage_20260809,portwatch_chokepoints_vintage_20260809_snapshot,data/raw/portwatch/vintages/Daily_Chokepoints_Data__vintage_2026-08-09.csv,0bc806a4c384723debff08053d6fcbb915a03ee9fdf7b23c73d76d9bcb885bcb,sensitivity_only,chronos2,daily_q0.5,2026-06-03,3.0,46.29421615600586,20.90361785888672,72.09513854980469,43.29421615600586,4164.819248199463
portwatch_two_vintage_four_specification_matrix_v1,297908c214a0afab30a377854585cb1788922334c3bba976f8e2a1141c6ed73e,bb050aa041e8fc1c8391b908baeab529aaf2e9944d5f35b07af661349176adce,vintage_20260809,portwatch_chokepoints_vintage_20260809_snapshot,data/raw/portwatch/vintages/Daily_Chokepoints_Data__vintage_2026-08-09.csv,0bc806a4c384723debff08053d6fcbb915a03ee9fdf7b23c73d76d9bcb885bcb,sensitivity_only,chronos2,daily_q0.5,2026-06-04,1.0,46.5780143737793,21.610403060913086,72.26158905029297,45.5780143737793,4210.397262573242
portwatch_two_vintage_four_specification_matrix_v1,297908c214a0afab30a377854585cb1788922334c3bba976f8e2a1141c6ed73e,bb050aa041e8fc1c8391b908baeab529aaf2e9944d5f35b07af661349176adce,vintage_20260809,portwatch_chokepoints_vintage_20260809_snapshot,data/raw/portwatch/vintages/Daily_Chokepoints_Data__vintage_2026-08-09.csv,0bc806a4c384723debff08053d6fcbb915a03ee9fdf7b23c73d76d9bcb885bcb,sensitivity_only,chronos2,daily_q0.5,2026-06-05,0.0,46.49694061279297,21.143680572509766,72.41362762451172,46.49694061279297,4256.894203186035
portwatch_two_vintage_four_specification_matrix_v1,297908c214a0afab30a377854585cb1788922334c3bba976f8e2a1141c6ed73e,bb050aa041e8fc1c8391b908baeab529aaf2e9944d5f35b07af661349176adce,vintage_20260809,portwatch_chokepoints_vintage_20260809_snapshot,data/raw/portwatch/vintages/Daily_Chokepoints_Data__vintage_2026-08-09.csv,0bc806a4c384723debff08053d6fcbb915a03ee9fdf7b23c73d76d9bcb885bcb,sensitivity_only,chronos2,daily_q0.5,2026-06-06,0.0,46.463417053222656,21.044944763183594,72.49486541748047,46.463417053222656,4303.357620239258
portwatch_two_vintage_four_specification_matrix_v1,297908c214a0afab30a377854585cb1788922334c3bba976f8e2a1141c6ed73e,bb050aa041e8fc1c8391b908baeab529aaf2e9944d5f35b07af661349176adce,vintage_20260809,portwatch_chokepoints_vintage_20260809_snapshot,data/raw/portwatch/vintages/Daily_Chokepoints_Data__vintage_2026-08-09.csv,0bc806a4c384723debff08053d6fcbb915a03ee9fdf7b23c73d76d9bcb885bcb,sensitivity_only,chronos2,daily_q0.5,2026-06-07,0.0,46.3224983215332,21.200469970703125,71.88878631591797,46.3224983215332,4349.680118560791
portwatch_two_vintage_four_specification_matrix_v1,297908c214a0afab30a377854585cb1788922334c3bba976f8e2a1141c6ed73e,bb050aa041e8fc1c8391b908baeab529aaf2e9944d5f35b07af661349176adce,vintage_20260809,portwatch_chokepoints_vintage_20260809_snapshot,data/raw/portwatch/vintages/Daily_Chokepoints_Data__vintage_2026-08-09.csv,0bc806a4c384723debff08053d6fcbb915a03ee9fdf7b23c73d76d9bcb885bcb,sensitivity_only,chronos2,daily_q0.5,2026-06-08,1.0,46.16558837890625,21.19532585144043,71.57562255859375,45.16558837890625,4394.845706939697
portwatch_two_vintage_four_specification_matrix_v1,297908c214a0afab30a377854585cb1788922334c3bba976f8e2a1141c6ed73e,bb050aa041e8fc1c8391b908baeab529aaf2e9944d5f35b07af661349176adce,vintage_20260809,portwatch_chokepoints_vintage_20260809_snapshot,data/raw/portwatch/vintages/Daily_Chokepoints_Data__vintage_2026-08-09.csv,0bc806a4c384723debff08053d6fcbb915a03ee9fdf7b23c73d76d9bcb885bcb,sensitivity_only,chronos2,daily_q0.5,2026-06-09,2.0,46.16846466064453,20.71653938293457,71.5735855102539,44.16846466064453,4439.014171600342
portwatch_two_vintage_four_specification_matrix_v1,297908c214a0afab30a377854585cb1788922334c3bba976f8e2a1141c6ed73e,bb050aa041e8fc1c8391b908baeab529aaf2e9944d5f35b07af661349176adce,vintage_20260809,portwatch_chokepoints_vintage_20260809_snapshot,data/raw/portwatch/vintages/Daily_Chokepoints_Data__vintage_2026-08-09.csv,0bc806a4c384723debff08053d6fcbb915a03ee9fdf7b23c73d76d9bcb885bcb,sensitivity_only,chronos2,daily_q0.5,2026-06-10,0.0,46.0167350769043,20.750394821166992,71.37688446044922,46.0167350769043,4485.030906677246
portwatch_two_vintage_four_specification_matrix_v1,297908c214a0afab30a377854585cb1788922334c3bba976f8e2a1141c6ed73e,bb050aa041e8fc1c8391b908baeab529aaf2e9944d5f35b07af661349176adce,vintage_20260809,portwatch_chokepoints_vintage_20260809_snapshot,data/raw/portwatch/vintages/Daily_Chokepoints_Data__vintage_2026-08-09.csv,0bc806a4c384723debff08053d6fcbb915a03ee9fdf7b23c73d76d9bcb885bcb,sensitivity_only,chronos2,daily_q0.5,2026-06-11,2.0,46.03144454956055,20.87061882019043,71.57557678222656,44.03144454956055,4529.062351226807
portwatch_two_vintage_four_specification_matrix_v1,297908c214a0afab30a377854585cb1788922334c3bba976f8e2a1141c6ed73e,bb050aa041e8fc1c8391b908baeab529aaf2e9944d5f35b07af661349176adce,vintage_20260809,portwatch_chokepoints_vintage_20260809_snapshot,data/raw/portwatch/vintages/Daily_Chokepoints_Data__vintage_2026-08-09.csv,0bc806a4c384723debff08053d6fcbb915a03ee9fdf7b23c73d76d9bcb885bcb,sensitivity_only,chronos2,daily_q0.5,2026-06-12,1.0,45.891761779785156,20.52680778503418,71.23683166503906,44.891761779785156,4573.954113006592
portwatch_two_vintage_four_specification_matrix_v1,297908c214a0afab30a377854585cb1788922334c3bba976f8e2a1141c6ed73e,bb050aa041e8fc1c8391b908baeab529aaf2e9944d5f35b07af661349176adce,vintage_20260809,portwatch_chokepoints_vintage_20260809_snapshot,data/raw/portwatch/vintages/Daily_Chokepoints_Data__vintage_2026-08-09.csv,0bc806a4c384723debff08053d6fcbb915a03ee9fdf7b23c73d76d9bcb885bcb,sensitivity_only,chronos2,daily_q0.5,2026-06-13,0.0,45.902854919433594,21.11201286315918,71.20240783691406,45.902854919433594,4619.856967926025
portwatch_two_vintage_four_specification_matrix_v1,297908c214a0afab30a377854585cb1788922334c3bba976f8e2a1141c6ed73e,bb050aa041e8fc1c8391b908baeab529aaf2e9944d5f35b07af661349176adce,vintage_20260809,portwatch_chokepoints_vintage_20260809_snapshot,data/raw/portwatch/vintages/Daily_Chokepoints_Data__vintage_2026-08-09.csv,0bc806a4c384723debff08053d6fcbb915a03ee9fdf7b23c73d76d9bcb885bcb,sensitivity_only,chronos2,daily_q0.5,2026-06-14,0.0,45.708160400390625,20.54174041748047,71.29164123535156,45.708160400390625,4665.565128326416
portwatch_two_vintage_four_specification_matrix_v1,297908c214a0afab30a377854585cb1788922334c3bba976f8e2a1141c6ed73e,bb050aa041e8fc1c8391b908baeab529aaf2e9944d5f35b07af661349176adce,vintage_20260809,portwatch_chokepoints_vintage_20260809_snapshot,data/raw/portwatch/vintages/Daily_Chokepoints_Data__vintage_2026-08-09.csv,0bc806a4c384723debff08053d6fcbb915a03ee9fdf7b23c73d76d9bcb885bcb,sensitivity_only,chronos2,daily_q0.5,2026-06-15,1.0,45.64141082763672,20.84037971496582,71.68171691894531,44.64141082763672,4710.206539154053
portwatch_two_vintage_four_specification_matrix_v1,297908c214a0afab30a377854585cb1788922334c3bba976f8e2a1141c6ed73e,bb050aa041e8fc1c8391b908baeab529aaf2e9944d5f35b07af661349176adce,vintage_20260809,portwatch_chokepoints_vintage_20260809_snapshot,data/raw/portwatch/vintages/Daily_Chokepoints_Data__vintage_2026-08-09.csv,0bc806a4c384723debff08053d6fcbb915a03ee9fdf7b23c73d76d9bcb885bcb,sensitivity_only,chronos2,daily_q0.5,2026-06-16,2.0,45.44872283935547,20.938152313232422,71.69580078125,43.44872283935547,4753.655261993408
portwatch_two_vintage_four_specification_matrix_v1,297908c214a0afab30a377854585cb1788922334c3bba976f8e2a1141c6ed73e,bb050aa041e8fc1c8391b908baeab529aaf2e9944d5f35b07af661349176adce,vintage_20260809,portwatch_chokepoints_vintage_20260809_snapshot,data/raw/portwatch/vintages/Daily_Chokepoints_Data__vintage_2026-08-09.csv,0bc806a4c384723debff08053d6fcbb915a03ee9fdf7b23c73d76d9bcb885bcb,sensitivity_only,chronos2,daily_q0.5,2026-06-17,0.0,45.41115188598633,20.844011306762695,71.69309997558594,45.41115188598633,4799.0664138793945
portwatch_two_vintage_four_specification_matrix_v1,297908c214a0afab30a377854585cb1788922334c3bba976f8e2a1141c6ed73e,bb050aa041e8fc1c8391b908baeab529aaf2e9944d5f35b07af661349176adce,vintage_20260809,portwatch_chokepoints_vintage_20260809_snapshot,data/raw/portwatch/vintages/Daily_Chokepoints_Data__vintage_2026-08-09.csv,0bc806a4c384723debff08053d6fcbb915a03ee9fdf7b23c73d76d9bcb885bcb,sensitivity_only,chronos2,daily_q0.5,2026-06-18,10.0,45.3422966003418,20.969560623168945,71.13587951660156,35.3422966003418,4834.408710479736
portwatch_two_vintage_four_specification_matrix_v1,297908c214a0afab30a377854585cb1788922334c3bba976f8e2a1141c6ed73e,bb050aa041e8fc1c8391b908baeab529aaf2e9944d5f35b07af661349176adce,vintage_20260809,portwatch_chokepoints_vintage_20260809_snapshot,data/raw/portwatch/vintages/Daily_Chokepoints_Data__vintage_2026-08-09.csv,0bc806a4c384723debff08053d6fcbb915a03ee9fdf7b23c73d76d9bcb885bcb,sensitivity_only,chronos2,daily_q0.5,2026-06-19,3.0,45.21036148071289,20.56768035888672,71.21603393554688,42.21036148071289,4876.619071960449
portwatch_two_vintage_four_specification_matrix_v1,297908c214a0afab30a377854585cb1788922334c3bba976f8e2a1141c6ed73e,bb050aa041e8fc1c8391b908baeab529aaf2e9944d5f35b07af661349176adce,vintage_20260809,portwatch_chokepoints_vintage_20260809_snapshot,data/raw/portwatch/vintages/Daily_Chokepoints_Data__vintage_2026-08-09.csv,0bc806a4c384723debff08053d6fcbb915a03ee9fdf7b23c73d76d9bcb885bcb,sensitivity_only,chronos2,daily_q0.5,2026-06-20,12.0,45.70792770385742,21.226037979125977,71.55706024169922,33.70792770385742,4910.326999664307
portwatch_two_vintage_four_specification_matrix_v1,297908c214a0afab30a377854585cb1788922334c3bba976f8e2a1141c6ed73e,bb050aa041e8fc1c8391b908baeab529aaf2e9944d5f35b07af661349176adce,vintage_20260809,portwatch_chokepoints_vintage_20260809_snapshot,data/raw/portwatch/vintages/Daily_Chokepoints_Data__vintage_2026-08-09.csv,0bc806a4c384723debff08053d6fcbb915a03ee9fdf7b23c73d76d9bcb885bcb,sensitivity_only,chronos2,daily_q0.5,2026-06-21,1.0,45.62495040893555,20.782194137573242,71.73853302001953,44.62495040893555,4954.951950073242
portwatch_two_vintage_four_specification_matrix_v1,297908c214a0afab30a377854585cb1788922334c3bba976f8e2a1141c6ed73e,bb050aa041e8fc1c8391b908baeab529aaf2e9944d5f35b07af661349176adce,vintage_20260809,portwatch_chokepoints_vintage_20260809_snapshot,data/raw/portwatch/vintages/Daily_Chokepoints_Data__vintage_2026-08-09.csv,0bc806a4c384723debff08053d6fcbb915a03ee9fdf7b23c73d76d9bcb885bcb,sensitivity_only,chronos2,daily_q0.5,2026-06-22,8.0,45.54518508911133,20.659893035888672,71.71977233886719,37.54518508911133,4992.4971351623535
portwatch_two_vintage_four_specification_matrix_v1,297908c214a0afab30a377854585cb1788922334c3bba976f8e2a1141c6ed73e,bb050aa041e8fc1c8391b908baeab529aaf2e9944d5f35b07af661349176adce,vintage_20260809,portwatch_chokepoints_vintage_20260809_snapshot,data/raw/portwatch/vintages/Daily_Chokepoints_Data__vintage_2026-08-09.csv,0bc806a4c384723debff08053d6fcbb915a03ee9fdf7b23c73d76d9bcb885bcb,sensitivity_only,chronos2,daily_q0.5,2026-06-23,4.0,45.457664489746094,21.00819969177246,71.28904724121094,41.457664489746094,5033.9547996521
portwatch_two_vintage_four_specification_matrix_v1,297908c214a0afab30a377854585cb1788922334c3bba976f8e2a1141c6ed73e,bb050aa041e8fc1c8391b908baeab529aaf2e9944d5f35b07af661349176adce,vintage_20260809,portwatch_chokepoints_vintage_20260809_snapshot,data/raw/portwatch/vintages/Daily_Chokepoints_Data__vintage_2026-08-09.csv,0bc806a4c384723debff08053d6fcbb915a03ee9fdf7b23c73d76d9bcb885bcb,sensitivity_only,chronos2,daily_q0.5,2026-06-24,18.0,45.41236114501953,20.912817001342773,70.99909973144531,27.41236114501953,5061.367160797119
portwatch_two_vintage_four_specification_matrix_v1,297908c214a0afab30a377854585cb1788922334c3bba976f8e2a1141c6ed73e,bb050aa041e8fc1c8391b908baeab529aaf2e9944d5f35b07af661349176adce,vintage_20260809,portwatch_chokepoints_vintage_20260809_snapshot,data/raw/portwatch/vintages/Daily_Chokepoints_Data__vintage_2026-08-09.csv,0bc806a4c384723debff08053d6fcbb915a03ee9fdf7b23c73d76d9bcb885bcb,sensitivity_only,chronos2,daily_q0.5,2026-06-25,21.0,45.371009826660156,20.33771514892578,71.09932708740234,24.371009826660156,5085.738170623779
portwatch_two_vintage_four_specification_matrix_v1,297908c214a0afab30a377854585cb1788922334c3bba976f8e2a1141c6ed73e,bb050aa041e8fc1c8391b908baeab529aaf2e9944d5f35b07af661349176adce,vintage_20260809,portwatch_chokepoints_vintage_20260809_snapshot,data/raw/portwatch/vintages/Daily_Chokepoints_Data__vintage_2026-08-09.csv,0bc806a4c384723debff08053d6fcbb915a03ee9fdf7b23c73d76d9bcb885bcb,sensitivity_only,chronos2,daily_q0.5,2026-06-26,17.0,45.19171142578125,20.416454315185547,70.89692687988281,28.19171142578125,5113.929882049561
portwatch_two_vintage_four_specification_matrix_v1,297908c214a0afab30a377854585cb1788922334c3bba976f8e2a1141c6ed73e,bb050aa041e8fc1c8391b908baeab529aaf2e9944d5f35b07af661349176adce,vintage_20260809,portwatch_chokepoints_vintage_20260809_snapshot,data/raw/portwatch/vintages/Daily_Chokepoints_Data__vintage_2026-08-09.csv,0bc806a4c384723debff08053d6fcbb915a03ee9fdf7b23c73d76d9bcb885bcb,sensitivity_only,chronos2,daily_q0.5,2026-06-27,9.0,45.204994201660156,20.46475601196289,71.04073333740234,36.204994201660156,5150.134876251221
portwatch_two_vintage_four_specification_matrix_v1,297908c214a0afab30a377854585cb1788922334c3bba976f8e2a1141c6ed73e,bb050aa041e8fc1c8391b908baeab529aaf2e9944d5f35b07af661349176adce,vintage_20260809,portwatch_chokepoints_vintage_20260809_snapshot,data/raw/portwatch/vintages/Daily_Chokepoints_Data__vintage_2026-08-09.csv,0bc806a4c384723debff08053d6fcbb915a03ee9fdf7b23c73d76d9bcb885bcb,sensitivity_only,chronos2,daily_q0.5,2026-06-28,6.0,45.12492370605469,20.13252067565918,70.61395263671875,39.12492370605469,5189.259799957275
portwatch_two_vintage_four_specification_matrix_v1,297908c214a0afab30a377854585cb1788922334c3bba976f8e2a1141c6ed73e,bb050aa041e8fc1c8391b908baeab529aaf2e9944d5f35b07af661349176adce,vintage_20260809,portwatch_chokepoints_vintage_20260809_snapshot,data/raw/portwatch/vintages/Daily_Chokepoints_Data__vintage_2026-08-09.csv,0bc806a4c384723debff08053d6fcbb915a03ee9fdf7b23c73d76d9bcb885bcb,sensitivity_only,chronos2,daily_q0.5,2026-06-29,12.0,45.11454772949219,20.689455032348633,70.5726318359375,33.11454772949219,5222.374347686768
portwatch_two_vintage_four_specification_matrix_v1,297908c214a0afab30a377854585cb1788922334c3bba976f8e2a1141c6ed73e,bb050aa041e8fc1c8391b908baeab529aaf2e9944d5f35b07af661349176adce,vintage_20260809,portwatch_chokepoints_vintage_20260809_snapshot,data/raw/portwatch/vintages/Daily_Chokepoints_Data__vintage_2026-08-09.csv,0bc806a4c384723debff08053d6fcbb915a03ee9fdf7b23c73d76d9bcb885bcb,sensitivity_only,chronos2,daily_q0.5,2026-06-30,5.0,44.94239044189453,19.97711944580078,70.78401184082031,39.94239044189453,5262.316738128662
portwatch_two_vintage_four_specification_matrix_v1,297908c214a0afab30a377854585cb1788922334c3bba976f8e2a1141c6ed73e,bb050aa041e8fc1c8391b908baeab529aaf2e9944d5f35b07af661349176adce,vintage_20260809,portwatch_chokepoints_vintage_20260809_snapshot,data/raw/portwatch/vintages/Daily_Chokepoints_Data__vintage_2026-08-09.csv,0bc806a4c384723debff08053d6fcbb915a03ee9fdf7b23c73d76d9bcb885bcb,sensitivity_only,chronos2,daily_q0.5,2026-07-01,17.0,44.933128356933594,20.36452293395996,71.3625259399414,27.933128356933594,5290.249866485596
portwatch_two_vintage_four_specification_matrix_v1,297908c214a0afab30a377854585cb1788922334c3bba976f8e2a1141c6ed73e,bb050aa041e8fc1c8391b908baeab529aaf2e9944d5f35b07af661349176adce,vintage_20260809,portwatch_chokepoints_vintage_20260809_snapshot,data/raw/portwatch/vintages/Daily_Chokepoints_Data__vintage_2026-08-09.csv,0bc806a4c384723debff08053d6fcbb915a03ee9fdf7b23c73d76d9bcb885bcb,sensitivity_only,chronos2,daily_q0.5,2026-07-02,14.0,44.82182693481445,20.54677963256836,71.37450408935547,30.821826934814453,5321.07169342041
portwatch_two_vintage_four_specification_matrix_v1,297908c214a0afab30a377854585cb1788922334c3bba976f8e2a1141c6ed73e,bb050aa041e8fc1c8391b908baeab529aaf2e9944d5f35b07af661349176adce,vintage_20260809,portwatch_chokepoints_vintage_20260809_snapshot,data/raw/portwatch/vintages/Daily_Chokepoints_Data__vintage_2026-08-09.csv,0bc806a4c384723debff08053d6fcbb915a03ee9fdf7b23c73d76d9bcb885bcb,sensitivity_only,chronos2,daily_q0.5,2026-07-03,17.0,44.722591400146484,20.47896385192871,71.42127990722656,27.722591400146484,5348.794284820557
portwatch_two_vintage_four_specification_matrix_v1,297908c214a0afab30a377854585cb1788922334c3bba976f8e2a1141c6ed73e,bb050aa041e8fc1c8391b908baeab529aaf2e9944d5f35b07af661349176adce,vintage_20260809,portwatch_chokepoints_vintage_20260809_snapshot,data/raw/portwatch/vintages/Daily_Chokepoints_Data__vintage_2026-08-09.csv,0bc806a4c384723debff08053d6fcbb915a03ee9fdf7b23c73d76d9bcb885bcb,sensitivity_only,chronos2,daily_q0.5,2026-07-04,6.0,44.66658020019531,20.597488403320312,70.89602661132812,38.66658020019531,5387.460865020752
portwatch_two_vintage_four_specification_matrix_v1,297908c214a0afab30a377854585cb1788922334c3bba976f8e2a1141c6ed73e,bb050aa041e8fc1c8391b908baeab529aaf2e9944d5f35b07af661349176adce,vintage_20260809,portwatch_chokepoints_vintage_20260809_snapshot,data/raw/portwatch/vintages/Daily_Chokepoints_Data__vintage_2026-08-09.csv,0bc806a4c384723debff08053d6fcbb915a03ee9fdf7b23c73d76d9bcb885bcb,sensitivity_only,chronos2,daily_q0.5,2026-07-05,15.0,44.622318267822266,20.246389389038086,70.98078155517578,29.622318267822266,5417.083183288574
portwatch_two_vintage_four_specification_matrix_v1,297908c214a0afab30a377854585cb1788922334c3bba976f8e2a1141c6ed73e,bb050aa041e8fc1c8391b908baeab529aaf2e9944d5f35b07af661349176adce,vintage_20260809,portwatch_chokepoints_vintage_20260809_snapshot,data/raw/portwatch/vintages/Daily_Chokepoints_Data__vintage_2026-08-09.csv,0bc806a4c384723debff08053d6fcbb915a03ee9fdf7b23c73d76d9bcb885bcb,sensitivity_only,chronos2,daily_q0.5,2026-07-06,14.0,45.023563385009766,20.596303939819336,71.0691146850586,31.023563385009766,5448.106746673584
portwatch_two_vintage_four_specification_matrix_v1,297908c214a0afab30a377854585cb1788922334c3bba976f8e2a1141c6ed73e,bb050aa041e8fc1c8391b908baeab529aaf2e9944d5f35b07af661349176adce,vintage_20260809,portwatch_chokepoints_vintage_20260809_snapshot,data/raw/portwatch/vintages/Daily_Chokepoints_Data__vintage_2026-08-09.csv,0bc806a4c384723debff08053d6fcbb915a03ee9fdf7b23c73d76d9bcb885bcb,sensitivity_only,chronos2,daily_q0.5,2026-07-07,10.0,44.867496490478516,20.165481567382812,71.26747131347656,34.867496490478516,5482.9742431640625
