date,bab_el_mandeb_strait,balabac_strait,bering_strait,bohai_strait,bosporus_strait,cape_of_good_hope,dover_strait,gibraltar_strait,kerch_strait,korea_strait,lombok_strait,luzon_strait,magellan_strait,makassar_strait,malacca_strait,mindoro_strait,mona_passage,ombai_strait,oresund_strait,panama_canal,strait_of_hormuz,suez_canal,sunda_strait,taiwan_strait,torres_strait,tsugaru_strait,windward_passage,yucatan_channel
2019-01-01,16.0,2.0,2.0,17.0,12.0,8.0,26.0,31.0,1.0,49.0,1.0,11.0,0.0,2.0,56.0,0.0,4.0,2.0,4.0,6.0,8.0,15.0,3.0,91.0,1.0,5.0,7.0,6.0
2019-01-02,18.0,0.0,1.0,13.0,6.0,3.0,33.0,23.0,0.0,39.0,1.0,7.0,1.0,2.0,34.0,1.0,1.0,1.0,6.0,8.0,13.0,24.0,5.0,98.0,3.0,2.0,3.0,10.0
2019-01-03,18.0,2.0,0.0,22.0,8.0,7.0,43.0,28.0,0.0,42.0,0.0,9.0,0.0,3.0,40.0,1.0,3.0,1.0,4.0,8.0,11.0,13.0,2.0,92.0,2.0,3.0,2.0,5.0
2019-01-04,12.0,4.0,0.0,15.0,4.0,7.0,31.0,24.0,0.0,44.0,0.0,8.0,0.0,0.0,34.0,3.0,6.0,0.0,6.0,7.0,12.0,17.0,2.0,73.0,3.0,15.0,4.0,11.0
2019-01-05,23.0,2.0,0.0,16.0,8.0,5.0,41.0,28.0,1.0,56.0,0.0,7.0,0.0,4.0,41.0,1.0,2.0,1.0,12.0,5.0,15.0,20.0,2.0,84.0,1.0,18.0,4.0,9.0
2019-01-06,16.0,1.0,0.0,14.0,6.0,4.0,35.0,28.0,0.0,65.0,0.0,4.0,0.0,0.0,41.0,0.0,2.0,0.0,4.0,4.0,7.0,13.0,1.0,82.0,0.0,13.0,10.0,4.0
2019-01-07,14.0,1.0,1.0,19.0,9.0,12.0,31.0,35.0,1.0,59.0,0.0,4.0,0.0,1.0,49.0,0.0,4.0,2.0,8.0,8.0,10.0,9.0,1.0,86.0,3.0,10.0,7.0,11.0
2019-01-08,15.0,2.0,0.0,16.0,5.0,3.0,32.0,27.0,0.0,55.0,0.0,9.0,3.0,4.0,50.0,2.0,5.0,0.0,9.0,3.0,8.0,21.0,1.0,101.0,0.0,5.0,6.0,8.0
2019-01-09,21.0,0.0,0.0,11.0,8.0,11.0,37.0,24.0,1.0,58.0,0.0,2.0,0.0,2.0,39.0,1.0,2.0,1.0,5.0,10.0,7.0,18.0,5.0,63.0,1.0,9.0,10.0,11.0
2019-01-10,14.0,1.0,1.0,12.0,11.0,4.0,33.0,21.0,0.0,60.0,0.0,6.0,0.0,1.0,45.0,1.0,1.0,1.0,9.0,8.0,10.0,14.0,3.0,83.0,3.0,3.0,4.0,10.0
2019-01-11,22.0,2.0,1.0,15.0,6.0,5.0,31.0,25.0,0.0,60.0,0.0,3.0,0.0,1.0,48.0,3.0,5.0,1.0,4.0,8.0,8.0,18.0,7.0,89.0,0.0,16.0,5.0,7.0
2019-01-12,12.0,1.0,1.0,12.0,7.0,4.0,45.0,28.0,0.0,47.0,0.0,6.0,0.0,3.0,44.0,1.0,5.0,0.0,6.0,9.0,8.0,13.0,3.0,72.0,1.0,17.0,7.0,11.0
2019-01-13,21.0,2.0,0.0,22.0,9.0,6.0,34.0,22.0,2.0,62.0,0.0,2.0,0.0,2.0,39.0,2.0,5.0,1.0,3.0,9.0,7.0,14.0,1.0,102.0,1.0,17.0,6.0,9.0
2019-01-14,11.0,3.0,1.0,16.0,12.0,10.0,33.0,27.0,1.0,56.0,1.0,11.0,0.0,0.0,46.0,1.0,4.0,3.0,5.0,5.0,8.0,19.0,2.0,91.0,2.0,11.0,8.0,6.0
2019-01-15,14.0,0.0,1.0,16.0,8.0,4.0,22.0,21.0,1.0,43.0,0.0,3.0,0.0,2.0,38.0,1.0,3.0,1.0,2.0,3.0,12.0,17.0,1.0,90.0,2.0,7.0,6.0,9.0
2019-01-16,19.0,1.0,1.0,21.0,4.0,10.0,40.0,19.0,0.0,70.0,0.0,4.0,1.0,3.0,43.0,0.0,4.0,1.0,5.0,9.0,10.0,20.0,5.0,82.0,1.0,6.0,4.0,14.0
2019-01-17,18.0,1.0,2.0,16.0,7.0,5.0,39.0,20.0,1.0,53.0,0.0,1.0,1.0,2.0,45.0,1.0,1.0,1.0,9.0,8.0,11.0,10.0,2.0,80.0,3.0,8.0,9.0,6.0
2019-01-18,13.0,2.0,0.0,28.0,12.0,5.0,31.0,19.0,0.0,59.0,0.0,5.0,0.0,3.0,38.0,2.0,5.0,0.0,7.0,10.0,11.0,19.0,11.0,83.0,3.0,9.0,5.0,9.0
2019-01-19,20.0,1.0,1.0,20.0,9.0,2.0,31.0,34.0,1.0,53.0,0.0,6.0,0.0,4.0,48.0,0.0,1.0,1.0,9.0,5.0,9.0,18.0,2.0,94.0,0.0,15.0,6.0,9.0
2019-01-20,21.0,1.0,0.0,18.0,4.0,11.0,40.0,27.0,0.0,65.0,0.0,3.0,0.0,1.0,43.0,2.0,6.0,1.0,6.0,9.0,11.0,13.0,2.0,76.0,2.0,11.0,11.0,5.0
2019-01-21,12.0,0.0,0.0,18.0,14.0,6.0,31.0,25.0,0.0,53.0,0.0,2.0,0.0,2.0,51.0,2.0,5.0,1.0,1.0,7.0,7.0,13.0,0.0,94.0,0.0,11.0,9.0,8.0
2019-01-22,17.0,1.0,0.0,33.0,5.0,5.0,35.0,33.0,0.0,47.0,1.0,4.0,0.0,2.0,45.0,0.0,1.0,1.0,4.0,4.0,8.0,13.0,1.0,109.0,2.0,8.0,8.0,10.0
2019-01-23,17.0,1.0,0.0,18.0,10.0,11.0,38.0,32.0,0.0,62.0,0.0,6.0,1.0,0.0,45.0,0.0,3.0,0.0,7.0,5.0,5.0,25.0,9.0,74.0,0.0,12.0,9.0,9.0
2019-01-24,13.0,3.0,1.0,9.0,8.0,2.0,31.0,20.0,0.0,56.0,0.0,7.0,0.0,0.0,43.0,2.0,2.0,3.0,9.0,11.0,6.0,16.0,3.0,92.0,2.0,10.0,5.0,9.0
2019-01-25,10.0,0.0,1.0,10.0,4.0,8.0,41.0,23.0,1.0,58.0,1.0,6.0,0.0,1.0,33.0,0.0,3.0,1.0,3.0,8.0,11.0,19.0,8.0,69.0,2.0,7.0,4.0,11.0
2019-01-26,24.0,0.0,3.0,24.0,8.0,5.0,32.0,37.0,0.0,52.0,0.0,8.0,1.0,4.0,32.0,1.0,4.0,0.0,8.0,6.0,10.0,14.0,4.0,61.0,1.0,10.0,6.0,4.0
2019-01-27,21.0,2.0,1.0,17.0,11.0,6.0,31.0,22.0,0.0,61.0,0.0,3.0,0.0,1.0,49.0,1.0,9.0,1.0,8.0,7.0,10.0,13.0,1.0,92.0,2.0,18.0,11.0,10.0
2019-01-28,14.0,3.0,1.0,15.0,9.0,8.0,24.0,28.0,0.0,60.0,1.0,3.0,0.0,2.0,37.0,0.0,5.0,2.0,7.0,4.0,11.0,15.0,2.0,94.0,1.0,9.0,6.0,9.0
2019-01-29,16.0,0.0,2.0,24.0,10.0,7.0,32.0,21.0,2.0,61.0,0.0,9.0,1.0,5.0,47.0,1.0,1.0,1.0,6.0,7.0,11.0,13.0,1.0,93.0,0.0,14.0,3.0,7.0
2019-01-30,19.0,0.0,0.0,7.0,6.0,4.0,36.0,22.0,1.0,47.0,2.0,3.0,0.0,2.0,43.0,1.0,2.0,0.0,8.0,11.0,7.0,31.0,4.0,90.0,1.0,7.0,8.0,14.0
2019-01-31,23.0,3.0,1.0,19.0,9.0,4.0,43.0,26.0,0.0,48.0,0.0,7.0,0.0,1.0,48.0,1.0,0.0,0.0,3.0,7.0,6.0,12.0,2.0,71.0,2.0,7.0,3.0,4.0
2019-02-01,15.0,2.0,1.0,14.0,12.0,4.0,48.0,23.0,0.0,58.0,0.0,5.0,1.0,3.0,34.0,1.0,3.0,1.0,3.0,9.0,8.0,20.0,5.0,70.0,2.0,6.0,7.0,10.0
2019-02-02,27.0,1.0,1.0,15.0,7.0,7.0,26.0,29.0,0.0,57.0,0.0,3.0,1.0,2.0,42.0,1.0,4.0,1.0,8.0,7.0,10.0,22.0,6.0,78.0,0.0,13.0,3.0,10.0
2019-02-03,21.0,1.0,0.0,17.0,9.0,7.0,27.0,24.0,1.0,54.0,0.0,4.0,0.0,1.0,32.0,1.0,7.0,2.0,5.0,4.0,6.0,13.0,1.0,67.0,0.0,10.0,8.0,3.0
2019-02-04,15.0,0.0,1.0,11.0,7.0,12.0,49.0,27.0,0.0,43.0,0.0,5.0,1.0,0.0,40.0,1.0,4.0,1.0,5.0,6.0,7.0,15.0,4.0,72.0,1.0,7.0,8.0,12.0
2019-02-05,17.0,1.0,3.0,4.0,6.0,6.0,46.0,30.0,0.0,45.0,0.0,8.0,1.0,2.0,47.0,1.0,5.0,2.0,6.0,5.0,9.0,23.0,2.0,80.0,2.0,16.0,10.0,6.0
2019-02-06,21.0,0.0,0.0,13.0,12.0,3.0,44.0,19.0,2.0,56.0,0.0,5.0,0.0,3.0,48.0,2.0,1.0,0.0,4.0,9.0,8.0,24.0,5.0,87.0,2.0,5.0,3.0,8.0
2019-02-07,19.0,2.0,0.0,11.0,8.0,5.0,33.0,35.0,0.0,59.0,1.0,6.0,0.0,4.0,43.0,0.0,1.0,0.0,9.0,9.0,8.0,17.0,4.0,63.0,2.0,6.0,6.0,4.0
2019-02-08,9.0,1.0,1.0,8.0,3.0,4.0,31.0,25.0,0.0,45.0,0.0,7.0,0.0,5.0,31.0,4.0,4.0,1.0,3.0,10.0,9.0,17.0,5.0,53.0,1.0,13.0,5.0,9.0
2019-02-09,23.0,3.0,2.0,6.0,11.0,6.0,31.0,30.0,0.0,47.0,1.0,8.0,0.0,3.0,46.0,2.0,5.0,2.0,8.0,7.0,6.0,15.0,4.0,60.0,0.0,15.0,6.0,7.0
2019-02-10,21.0,2.0,1.0,9.0,7.0,11.0,39.0,30.0,1.0,45.0,1.0,3.0,0.0,4.0,55.0,1.0,8.0,0.0,7.0,6.0,8.0,18.0,0.0,68.0,0.0,13.0,9.0,5.0
2019-02-11,12.0,1.0,0.0,10.0,7.0,8.0,39.0,22.0,1.0,43.0,0.0,7.0,0.0,1.0,43.0,2.0,2.0,2.0,3.0,4.0,7.0,17.0,0.0,72.0,1.0,12.0,5.0,11.0
2019-02-12,13.0,0.0,2.0,7.0,6.0,3.0,37.0,30.0,1.0,44.0,0.0,6.0,1.0,1.0,46.0,1.0,3.0,0.0,3.0,10.0,11.0,16.0,3.0,70.0,1.0,10.0,7.0,14.0
2019-02-13,20.0,0.0,0.0,10.0,10.0,9.0,43.0,25.0,1.0,46.0,0.0,5.0,0.0,2.0,44.0,2.0,5.0,0.0,4.0,5.0,3.0,24.0,6.0,65.0,0.0,11.0,5.0,6.0
2019-02-14,20.0,1.0,0.0,13.0,11.0,4.0,37.0,18.0,0.0,41.0,0.0,5.0,0.0,2.0,48.0,2.0,1.0,1.0,8.0,9.0,9.0,12.0,2.0,55.0,3.0,8.0,3.0,6.0
2019-02-15,14.0,1.0,0.0,8.0,8.0,7.0,43.0,32.0,1.0,39.0,0.0,4.0,0.0,3.0,40.0,2.0,2.0,0.0,9.0,5.0,10.0,17.0,6.0,57.0,1.0,8.0,8.0,11.0
2019-02-16,25.0,0.0,0.0,16.0,7.0,6.0,28.0,23.0,0.0,39.0,0.0,5.0,1.0,5.0,39.0,1.0,4.0,1.0,12.0,8.0,11.0,17.0,1.0,77.0,0.0,10.0,5.0,11.0
2019-02-17,18.0,1.0,0.0,24.0,7.0,2.0,37.0,37.0,0.0,56.0,2.0,3.0,1.0,1.0,63.0,1.0,5.0,0.0,6.0,5.0,4.0,21.0,3.0,69.0,1.0,12.0,6.0,5.0
2019-02-18,14.0,1.0,1.0,19.0,5.0,10.0,39.0,26.0,1.0,51.0,0.0,5.0,1.0,0.0,39.0,1.0,3.0,1.0,6.0,6.0,13.0,12.0,3.0,74.0,0.0,9.0,6.0,9.0
2019-02-19,19.0,1.0,0.0,13.0,6.0,3.0,39.0,28.0,0.0,53.0,1.0,4.0,1.0,2.0,37.0,1.0,4.0,1.0,7.0,3.0,8.0,16.0,3.0,75.0,2.0,6.0,10.0,12.0
2019-02-20,16.0,0.0,2.0,18.0,1.0,9.0,42.0,24.0,0.0,49.0,0.0,7.0,1.0,0.0,54.0,0.0,2.0,2.0,10.0,6.0,10.0,16.0,6.0,68.0,2.0,8.0,4.0,9.0
2019-02-21,18.0,2.0,0.0,25.0,7.0,4.0,35.0,27.0,0.0,63.0,1.0,8.0,0.0,3.0,45.0,1.0,2.0,0.0,9.0,6.0,9.0,20.0,2.0,79.0,3.0,7.0,6.0,6.0
2019-02-22,11.0,0.0,0.0,36.0,11.0,7.0,41.0,32.0,0.0,56.0,0.0,9.0,0.0,6.0,33.0,3.0,4.0,1.0,6.0,10.0,16.0,19.0,5.0,79.0,1.0,9.0,4.0,4.0
2019-02-23,24.0,0.0,1.0,15.0,12.0,6.0,30.0,17.0,1.0,44.0,0.0,6.0,0.0,2.0,40.0,0.0,5.0,0.0,12.0,8.0,12.0,21.0,4.0,78.0,2.0,9.0,6.0,8.0
2019-02-24,18.0,3.0,0.0,20.0,10.0,9.0,38.0,33.0,0.0,67.0,0.0,7.0,0.0,1.0,34.0,4.0,8.0,0.0,6.0,7.0,13.0,16.0,3.0,78.0,0.0,10.0,8.0,5.0
2019-02-25,20.0,2.0,0.0,24.0,9.0,8.0,37.0,31.0,0.0,57.0,0.0,3.0,0.0,0.0,42.0,1.0,3.0,2.0,6.0,7.0,10.0,11.0,1.0,81.0,1.0,10.0,8.0,8.0
2019-02-26,14.0,1.0,0.0,22.0,15.0,7.0,29.0,27.0,0.0,50.0,0.0,3.0,0.0,2.0,39.0,1.0,0.0,0.0,10.0,5.0,12.0,21.0,4.0,83.0,1.0,15.0,9.0,13.0
2019-02-27,18.0,0.0,0.0,25.0,5.0,4.0,42.0,16.0,2.0,48.0,2.0,8.0,1.0,3.0,43.0,2.0,1.0,1.0,6.0,10.0,1.0,21.0,5.0,90.0,0.0,6.0,7.0,10.0
2019-02-28,14.0,0.0,0.0,28.0,6.0,6.0,50.0,22.0,0.0,57.0,0.0,4.0,0.0,0.0,50.0,1.0,2.0,1.0,10.0,9.0,7.0,14.0,3.0,77.0,3.0,8.0,2.0,6.0
2019-03-01,14.0,2.0,0.0,20.0,7.0,4.0,29.0,30.0,0.0,59.0,0.0,7.0,0.0,4.0,32.0,3.0,0.0,0.0,9.0,8.0,8.0,18.0,6.0,68.0,2.0,12.0,6.0,6.0
2019-03-02,22.0,0.0,0.0,24.0,5.0,5.0,27.0,24.0,0.0,44.0,0.0,3.0,0.0,3.0,40.0,0.0,3.0,1.0,8.0,6.0,13.0,17.0,4.0,77.0,0.0,10.0,6.0,10.0
2019-03-03,21.0,2.0,1.0,25.0,15.0,11.0,37.0,37.0,1.0,75.0,0.0,6.0,0.0,1.0,35.0,2.0,8.0,1.0,2.0,8.0,7.0,22.0,2.0,90.0,1.0,11.0,7.0,8.0
2019-03-04,6.0,2.0,0.0,17.0,5.0,2.0,30.0,28.0,0.0,45.0,0.0,5.0,1.0,1.0,49.0,2.0,5.0,3.0,4.0,4.0,7.0,16.0,0.0,92.0,3.0,6.0,3.0,8.0
2019-03-05,14.0,0.0,0.0,14.0,6.0,7.0,29.0,25.0,0.0,56.0,0.0,7.0,1.0,0.0,51.0,1.0,1.0,1.0,6.0,4.0,14.0,15.0,3.0,81.0,1.0,11.0,10.0,9.0
2019-03-06,26.0,0.0,0.0,11.0,11.0,5.0,45.0,24.0,1.0,60.0,0.0,3.0,0.0,3.0,35.0,1.0,2.0,2.0,6.0,10.0,11.0,12.0,9.0,82.0,1.0,10.0,6.0,7.0
2019-03-07,12.0,2.0,0.0,20.0,10.0,7.0,38.0,28.0,0.0,56.0,0.0,4.0,1.0,1.0,50.0,0.0,0.0,1.0,11.0,6.0,4.0,16.0,2.0,86.0,4.0,10.0,2.0,8.0
2019-03-08,11.0,0.0,0.0,26.0,7.0,3.0,33.0,19.0,0.0,47.0,1.0,2.0,0.0,2.0,29.0,1.0,6.0,0.0,8.0,5.0,5.0,19.0,6.0,65.0,0.0,8.0,3.0,4.0
2019-03-09,24.0,2.0,1.0,33.0,11.0,5.0,29.0,25.0,0.0,43.0,1.0,6.0,0.0,3.0,40.0,1.0,2.0,2.0,8.0,7.0,15.0,11.0,4.0,84.0,1.0,16.0,10.0,11.0
2019-03-10,16.0,1.0,2.0,23.0,8.0,5.0,33.0,26.0,1.0,78.0,0.0,7.0,0.0,1.0,43.0,3.0,9.0,1.0,2.0,6.0,7.0,17.0,1.0,78.0,0.0,13.0,11.0,4.0
2019-03-11,23.0,2.0,1.0,13.0,6.0,6.0,23.0,22.0,0.0,61.0,0.0,4.0,0.0,1.0,51.0,0.0,3.0,0.0,5.0,3.0,8.0,8.0,2.0,100.0,2.0,5.0,4.0,11.0
2019-03-12,9.0,0.0,0.0,17.0,4.0,4.0,36.0,32.0,0.0,57.0,2.0,4.0,0.0,0.0,47.0,1.0,6.0,1.0,4.0,5.0,9.0,15.0,4.0,101.0,3.0,7.0,6.0,8.0
2019-03-13,19.0,1.0,2.0,25.0,8.0,2.0,35.0,20.0,0.0,51.0,0.0,0.0,1.0,4.0,37.0,1.0,2.0,1.0,2.0,12.0,12.0,21.0,6.0,83.0,1.0,8.0,8.0,11.0
2019-03-14,15.0,1.0,1.0,24.0,8.0,1.0,26.0,28.0,0.0,60.0,1.0,8.0,1.0,0.0,46.0,1.0,0.0,0.0,4.0,7.0,10.0,11.0,1.0,85.0,3.0,7.0,2.0,8.0
2019-03-15,14.0,2.0,0.0,18.0,8.0,4.0,33.0,21.0,0.0,51.0,0.0,9.0,1.0,4.0,35.0,4.0,3.0,3.0,6.0,7.0,6.0,17.0,6.0,71.0,0.0,10.0,6.0,13.0
2019-03-16,23.0,0.0,0.0,22.0,10.0,9.0,39.0,21.0,1.0,47.0,0.0,3.0,0.0,4.0,46.0,0.0,4.0,1.0,5.0,7.0,9.0,13.0,4.0,79.0,0.0,12.0,7.0,7.0
2019-03-17,15.0,2.0,0.0,20.0,7.0,5.0,27.0,34.0,1.0,70.0,0.0,2.0,0.0,3.0,38.0,2.0,6.0,0.0,6.0,6.0,12.0,18.0,2.0,97.0,3.0,18.0,7.0,11.0
2019-03-18,11.0,2.0,0.0,18.0,12.0,8.0,36.0,24.0,0.0,69.0,0.0,3.0,1.0,1.0,47.0,1.0,6.0,2.0,3.0,2.0,6.0,17.0,0.0,101.0,1.0,14.0,7.0,7.0
2019-03-19,12.0,0.0,1.0,24.0,11.0,5.0,33.0,19.0,0.0,51.0,0.0,6.0,0.0,2.0,53.0,1.0,4.0,1.0,5.0,5.0,12.0,16.0,7.0,87.0,3.0,8.0,6.0,8.0
2019-03-20,14.0,0.0,0.0,16.0,10.0,4.0,31.0,24.0,0.0,52.0,0.0,2.0,1.0,0.0,39.0,1.0,2.0,0.0,7.0,11.0,11.0,26.0,4.0,85.0,1.0,4.0,7.0,8.0
2019-03-21,17.0,0.0,0.0,9.0,5.0,4.0,41.0,23.0,0.0,49.0,0.0,9.0,0.0,2.0,39.0,0.0,3.0,2.0,5.0,6.0,5.0,10.0,2.0,76.0,3.0,11.0,3.0,7.0
2019-03-22,17.0,2.0,0.0,13.0,8.0,4.0,53.0,36.0,0.0,48.0,0.0,1.0,0.0,1.0,29.0,1.0,2.0,1.0,8.0,7.0,8.0,12.0,8.0,85.0,4.0,7.0,8.0,7.0
2019-03-23,28.0,1.0,1.0,22.0,5.0,3.0,24.0,29.0,1.0,46.0,0.0,2.0,0.0,7.0,39.0,1.0,2.0,1.0,6.0,5.0,12.0,19.0,2.0,80.0,0.0,15.0,8.0,9.0
2019-03-24,18.0,1.0,1.0,12.0,10.0,9.0,27.0,32.0,1.0,67.0,0.0,5.0,0.0,1.0,44.0,1.0,9.0,2.0,4.0,8.0,9.0,12.0,0.0,90.0,2.0,15.0,8.0,10.0
2019-03-25,15.0,4.0,0.0,31.0,7.0,5.0,34.0,27.0,0.0,63.0,0.0,5.0,0.0,0.0,49.0,1.0,3.0,3.0,8.0,6.0,12.0,14.0,1.0,87.0,0.0,6.0,7.0,10.0
2019-03-26,16.0,1.0,0.0,37.0,9.0,4.0,48.0,22.0,0.0,57.0,1.0,7.0,0.0,2.0,35.0,1.0,5.0,1.0,2.0,8.0,9.0,17.0,6.0,104.0,3.0,8.0,4.0,8.0
2019-03-27,16.0,1.0,2.0,12.0,5.0,7.0,36.0,11.0,1.0,58.0,0.0,6.0,1.0,1.0,41.0,1.0,3.0,1.0,9.0,8.0,11.0,21.0,5.0,97.0,1.0,9.0,5.0,11.0
2019-03-28,15.0,0.0,0.0,16.0,18.0,2.0,34.0,14.0,0.0,53.0,1.0,4.0,0.0,2.0,54.0,1.0,3.0,1.0,8.0,6.0,6.0,14.0,2.0,68.0,2.0,9.0,1.0,6.0
2019-03-29,13.0,3.0,0.0,25.0,9.0,2.0,40.0,27.0,1.0,62.0,1.0,2.0,1.0,2.0,32.0,1.0,4.0,2.0,14.0,7.0,13.0,22.0,5.0,83.0,1.0,10.0,4.0,12.0
2019-03-30,23.0,1.0,1.0,7.0,9.0,5.0,33.0,34.0,0.0,47.0,0.0,3.0,1.0,3.0,42.0,2.0,4.0,1.0,15.0,6.0,12.0,21.0,4.0,98.0,2.0,13.0,8.0,10.0
2019-03-31,16.0,1.0,1.0,17.0,7.0,8.0,34.0,25.0,0.0,57.0,1.0,3.0,0.0,2.0,48.0,2.0,6.0,1.0,5.0,3.0,5.0,11.0,2.0,73.0,0.0,12.0,12.0,7.0
2019-04-01,15.0,2.0,0.0,30.0,15.0,8.0,36.0,29.0,0.0,57.0,0.0,5.0,2.0,2.0,52.0,1.0,8.0,2.0,5.0,4.0,13.0,18.0,3.0,92.0,1.0,9.0,6.0,10.0
2019-04-02,17.0,0.0,0.0,14.0,8.0,4.0,42.0,30.0,0.0,48.0,0.0,6.0,1.0,4.0,45.0,0.0,2.0,2.0,8.0,3.0,9.0,16.0,4.0,83.0,4.0,6.0,7.0,7.0
2019-04-03,15.0,2.0,0.0,22.0,6.0,6.0,40.0,20.0,0.0,51.0,0.0,5.0,0.0,2.0,49.0,1.0,2.0,0.0,3.0,10.0,10.0,20.0,8.0,93.0,1.0,12.0,10.0,15.0
2019-04-04,17.0,3.0,0.0,23.0,7.0,6.0,51.0,33.0,1.0,56.0,1.0,7.0,0.0,2.0,47.0,1.0,3.0,0.0,5.0,7.0,2.0,17.0,0.0,96.0,3.0,13.0,4.0,1.0
2019-04-05,12.0,1.0,0.0,16.0,11.0,6.0,32.0,30.0,0.0,55.0,0.0,6.0,0.0,2.0,33.0,1.0,1.0,6.0,6.0,10.0,9.0,21.0,7.0,81.0,0.0,10.0,5.0,12.0
2019-04-06,29.0,2.0,0.0,22.0,12.0,6.0,33.0,31.0,0.0,47.0,0.0,9.0,0.0,3.0,44.0,3.0,4.0,0.0,10.0,7.0,11.0,14.0,2.0,70.0,0.0,10.0,10.0,13.0
2019-04-07,19.0,1.0,0.0,28.0,3.0,4.0,35.0,34.0,0.0,56.0,1.0,2.0,0.0,2.0,44.0,2.0,10.0,0.0,10.0,9.0,11.0,12.0,3.0,89.0,3.0,11.0,11.0,5.0
2019-04-08,13.0,3.0,0.0,23.0,9.0,4.0,36.0,23.0,0.0,58.0,0.0,4.0,0.0,0.0,45.0,0.0,4.0,4.0,5.0,4.0,17.0,16.0,3.0,103.0,0.0,11.0,4.0,8.0
2019-04-09,15.0,0.0,0.0,14.0,6.0,8.0,31.0,29.0,2.0,45.0,0.0,8.0,1.0,5.0,46.0,0.0,5.0,0.0,4.0,6.0,7.0,22.0,4.0,85.0,3.0,9.0,7.0,8.0
2019-04-10,14.0,0.0,0.0,15.0,6.0,6.0,36.0,24.0,0.0,58.0,0.0,6.0,0.0,1.0,54.0,2.0,0.0,2.0,5.0,8.0,10.0,22.0,6.0,87.0,4.0,8.0,8.0,13.0
2019-04-11,17.0,3.0,0.0,21.0,17.0,3.0,46.0,25.0,0.0,59.0,0.0,7.0,1.0,0.0,48.0,1.0,2.0,0.0,12.0,6.0,10.0,16.0,2.0,79.0,4.0,15.0,6.0,6.0
2019-04-12,17.0,1.0,0.0,23.0,8.0,3.0,31.0,22.0,0.0,57.0,0.0,2.0,0.0,4.0,49.0,3.0,4.0,1.0,11.0,9.0,4.0,19.0,4.0,84.0,1.0,9.0,1.0,8.0
2019-04-13,28.0,0.0,0.0,19.0,9.0,4.0,31.0,26.0,0.0,50.0,0.0,6.0,0.0,3.0,28.0,0.0,1.0,2.0,10.0,8.0,12.0,14.0,3.0,79.0,1.0,10.0,8.0,10.0
2019-04-14,24.0,2.0,0.0,19.0,7.0,4.0,45.0,41.0,0.0,68.0,0.0,4.0,0.0,2.0,59.0,2.0,12.0,1.0,4.0,6.0,7.0,18.0,2.0,96.0,0.0,9.0,10.0,5.0
2019-04-15,10.0,2.0,0.0,26.0,9.0,10.0,39.0,18.0,1.0,56.0,0.0,4.0,0.0,0.0,41.0,0.0,4.0,2.0,5.0,4.0,8.0,16.0,3.0,93.0,1.0,13.0,8.0,10.0
2019-04-16,12.0,0.0,0.0,20.0,5.0,5.0,39.0,31.0,0.0,47.0,0.0,4.0,2.0,3.0,49.0,1.0,1.0,1.0,10.0,6.0,16.0,16.0,2.0,99.0,4.0,11.0,6.0,9.0
2019-04-17,18.0,1.0,0.0,13.0,9.0,3.0,39.0,23.0,0.0,59.0,1.0,4.0,0.0,2.0,53.0,1.0,1.0,1.0,7.0,10.0,10.0,24.0,3.0,98.0,1.0,7.0,8.0,9.0
2019-04-18,18.0,3.0,0.0,20.0,9.0,5.0,39.0,25.0,0.0,53.0,1.0,9.0,0.0,0.0,37.0,0.0,2.0,1.0,7.0,7.0,8.0,11.0,5.0,89.0,3.0,11.0,3.0,6.0
2019-04-19,15.0,1.0,0.0,26.0,7.0,5.0,44.0,26.0,0.0,52.0,0.0,7.0,0.0,3.0,33.0,3.0,3.0,2.0,15.0,8.0,13.0,20.0,6.0,78.0,0.0,7.0,6.0,8.0
2019-04-20,24.0,1.0,0.0,27.0,5.0,6.0,23.0,31.0,0.0,52.0,0.0,4.0,0.0,3.0,46.0,0.0,4.0,1.0,11.0,7.0,15.0,13.0,2.0,76.0,2.0,10.0,9.0,8.0
2019-04-21,15.0,2.0,0.0,28.0,10.0,4.0,39.0,28.0,0.0,61.0,0.0,4.0,0.0,2.0,50.0,1.0,10.0,1.0,12.0,7.0,14.0,18.0,5.0,86.0,1.0,12.0,10.0,12.0
2019-04-22,15.0,1.0,0.0,22.0,10.0,6.0,37.0,25.0,1.0,51.0,0.0,5.0,0.0,1.0,46.0,1.0,2.0,3.0,2.0,2.0,19.0,17.0,2.0,105.0,1.0,15.0,7.0,9.0
2019-04-23,13.0,0.0,0.0,16.0,10.0,4.0,26.0,24.0,1.0,49.0,0.0,3.0,1.0,4.0,56.0,2.0,5.0,1.0,6.0,4.0,5.0,16.0,3.0,84.0,2.0,13.0,10.0,11.0
2019-04-24,12.0,1.0,0.0,11.0,11.0,10.0,30.0,21.0,0.0,54.0,1.0,5.0,0.0,0.0,45.0,2.0,1.0,3.0,3.0,10.0,16.0,26.0,3.0,79.0,3.0,10.0,7.0,9.0
2019-04-25,21.0,0.0,0.0,18.0,7.0,7.0,27.0,33.0,0.0,52.0,0.0,3.0,0.0,2.0,47.0,1.0,1.0,2.0,7.0,6.0,11.0,20.0,1.0,70.0,2.0,7.0,4.0,3.0
2019-04-26,9.0,1.0,0.0,25.0,10.0,0.0,29.0,24.0,0.0,49.0,0.0,5.0,1.0,3.0,32.0,1.0,4.0,1.0,9.0,9.0,12.0,14.0,9.0,69.0,2.0,8.0,4.0,12.0
2019-04-27,24.0,1.0,0.0,23.0,12.0,5.0,32.0,30.0,1.0,49.0,0.0,7.0,0.0,2.0,56.0,1.0,4.0,2.0,12.0,9.0,13.0,18.0,2.0,97.0,2.0,19.0,7.0,15.0
2019-04-28,24.0,0.0,0.0,14.0,9.0,9.0,34.0,28.0,0.0,60.0,2.0,4.0,0.0,2.0,38.0,3.0,9.0,1.0,12.0,9.0,14.0,12.0,2.0,96.0,2.0,9.0,7.0,6.0
2019-04-29,16.0,4.0,0.0,14.0,12.0,5.0,50.0,31.0,1.0,56.0,0.0,3.0,1.0,1.0,46.0,0.0,4.0,2.0,7.0,2.0,16.0,16.0,4.0,98.0,0.0,9.0,8.0,13.0
2019-04-30,14.0,0.0,0.0,14.0,2.0,5.0,11.0,24.0,0.0,22.0,0.0,4.0,0.0,1.0,48.0,3.0,3.0,1.0,3.0,3.0,8.0,16.0,1.0,35.0,3.0,11.0,10.0,6.0
2019-05-01,15.0,1.0,0.0,12.0,6.0,8.0,31.0,25.0,0.0,43.0,0.0,5.0,1.0,2.0,47.0,2.0,2.0,2.0,2.0,7.0,6.0,27.0,7.0,57.0,3.0,9.0,7.0,10.0
2019-05-02,17.0,0.0,0.0,27.0,11.0,2.0,42.0,20.0,0.0,67.0,0.0,7.0,0.0,3.0,35.0,1.0,0.0,1.0,14.0,8.0,13.0,17.0,4.0,92.0,3.0,7.0,7.0,5.0
2019-05-03,14.0,2.0,0.0,33.0,8.0,2.0,31.0,24.0,0.0,48.0,0.0,7.0,0.0,2.0,29.0,0.0,2.0,3.0,7.0,7.0,17.0,17.0,5.0,89.0,1.0,12.0,3.0,9.0
2019-05-04,23.0,1.0,0.0,21.0,8.0,4.0,35.0,32.0,0.0,47.0,0.0,5.0,0.0,1.0,54.0,5.0,3.0,1.0,5.0,7.0,10.0,20.0,2.0,85.0,3.0,10.0,10.0,9.0
2019-05-05,20.0,4.0,0.0,10.0,3.0,9.0,40.0,25.0,1.0,61.0,0.0,5.0,0.0,4.0,40.0,2.0,10.0,2.0,4.0,4.0,11.0,14.0,2.0,99.0,1.0,11.0,10.0,6.0
2019-05-06,12.0,1.0,0.0,29.0,13.0,10.0,38.0,31.0,0.0,49.0,0.0,4.0,0.0,1.0,53.0,1.0,4.0,2.0,3.0,7.0,11.0,15.0,3.0,88.0,1.0,12.0,5.0,8.0
2019-05-07,15.0,0.0,0.0,32.0,4.0,4.0,27.0,30.0,0.0,50.0,1.0,3.0,0.0,2.0,47.0,1.0,4.0,1.0,9.0,2.0,10.0,22.0,3.0,73.0,2.0,16.0,10.0,8.0
2019-05-08,15.0,2.0,0.0,22.0,9.0,5.0,37.0,24.0,0.0,59.0,0.0,6.0,1.0,0.0,32.0,3.0,1.0,1.0,9.0,13.0,17.0,26.0,4.0,94.0,2.0,12.0,6.0,10.0
2019-05-09,17.0,1.0,0.0,25.0,2.0,4.0,33.0,31.0,0.0,56.0,1.0,9.0,1.0,2.0,39.0,0.0,1.0,1.0,3.0,5.0,16.0,14.0,6.0,82.0,4.0,8.0,3.0,4.0
2019-05-10,16.0,1.0,0.0,26.0,7.0,3.0,33.0,26.0,2.0,54.0,0.0,3.0,0.0,4.0,36.0,1.0,3.0,1.0,5.0,11.0,13.0,17.0,4.0,102.0,2.0,11.0,8.0,6.0
2019-05-11,19.0,1.0,0.0,25.0,9.0,8.0,36.0,24.0,0.0,38.0,0.0,3.0,0.0,3.0,51.0,2.0,4.0,1.0,4.0,4.0,12.0,18.0,3.0,83.0,0.0,10.0,8.0,10.0
2019-05-12,18.0,3.0,0.0,19.0,9.0,6.0,39.0,37.0,0.0,62.0,0.0,2.0,0.0,2.0,52.0,3.0,11.0,1.0,8.0,7.0,9.0,17.0,3.0,91.0,2.0,11.0,8.0,6.0
2019-05-13,14.0,1.0,0.0,24.0,12.0,4.0,35.0,36.0,0.0,58.0,0.0,5.0,0.0,1.0,50.0,2.0,4.0,3.0,6.0,5.0,13.0,13.0,3.0,89.0,0.0,15.0,8.0,9.0
2019-05-14,18.0,0.0,0.0,30.0,7.0,5.0,27.0,28.0,0.0,54.0,0.0,4.0,0.0,1.0,38.0,0.0,6.0,1.0,8.0,2.0,10.0,14.0,3.0,81.0,7.0,6.0,6.0,10.0
2019-05-15,22.0,0.0,0.0,20.0,5.0,5.0,43.0,23.0,0.0,69.0,0.0,6.0,1.0,2.0,48.0,0.0,1.0,2.0,7.0,9.0,6.0,16.0,4.0,93.0,0.0,12.0,8.0,10.0
2019-05-16,11.0,3.0,0.0,24.0,8.0,3.0,42.0,26.0,0.0,55.0,0.0,8.0,0.0,1.0,41.0,0.0,3.0,0.0,10.0,6.0,8.0,18.0,3.0,75.0,4.0,11.0,4.0,2.0
2019-05-17,14.0,2.0,0.0,15.0,9.0,6.0,29.0,26.0,0.0,57.0,0.0,2.0,0.0,2.0,31.0,3.0,2.0,3.0,4.0,7.0,15.0,22.0,7.0,72.0,0.0,10.0,1.0,7.0
2019-05-18,19.0,0.0,0.0,17.0,9.0,5.0,31.0,24.0,1.0,44.0,0.0,4.0,1.0,3.0,37.0,1.0,4.0,1.0,10.0,8.0,8.0,20.0,4.0,73.0,1.0,11.0,7.0,10.0
2019-05-19,18.0,2.0,0.0,14.0,8.0,6.0,44.0,37.0,0.0,73.0,1.0,2.0,0.0,1.0,47.0,3.0,10.0,0.0,7.0,10.0,10.0,15.0,4.0,90.0,0.0,16.0,10.0,8.0
2019-05-20,15.0,2.0,0.0,27.0,12.0,7.0,35.0,34.0,0.0,59.0,0.0,4.0,0.0,2.0,46.0,0.0,3.0,1.0,4.0,1.0,8.0,14.0,3.0,91.0,2.0,9.0,7.0,6.0
2019-05-21,17.0,1.0,0.0,31.0,6.0,3.0,30.0,31.0,0.0,50.0,0.0,5.0,1.0,4.0,41.0,2.0,5.0,1.0,5.0,4.0,9.0,21.0,4.0,95.0,2.0,9.0,7.0,11.0
2019-05-22,20.0,1.0,0.0,22.0,3.0,9.0,42.0,18.0,0.0,56.0,0.0,5.0,1.0,1.0,49.0,1.0,1.0,2.0,7.0,9.0,10.0,26.0,4.0,88.0,3.0,4.0,9.0,7.0
2019-05-23,17.0,2.0,0.0,30.0,11.0,3.0,38.0,34.0,0.0,58.0,1.0,5.0,0.0,2.0,39.0,3.0,1.0,0.0,8.0,8.0,10.0,9.0,3.0,81.0,4.0,8.0,4.0,4.0
2019-05-24,14.0,3.0,0.0,30.0,8.0,6.0,35.0,26.0,1.0,57.0,0.0,4.0,0.0,3.0,34.0,2.0,4.0,2.0,10.0,8.0,18.0,18.0,4.0,86.0,0.0,12.0,5.0,8.0
2019-05-25,30.0,0.0,0.0,22.0,7.0,4.0,35.0,35.0,0.0,55.0,0.0,7.0,0.0,1.0,43.0,3.0,1.0,2.0,10.0,8.0,17.0,22.0,3.0,95.0,0.0,10.0,5.0,11.0
2019-05-26,15.0,3.0,0.0,11.0,11.0,5.0,29.0,28.0,0.0,58.0,0.0,5.0,0.0,4.0,50.0,5.0,10.0,1.0,8.0,10.0,8.0,18.0,1.0,87.0,2.0,10.0,16.0,4.0
2019-05-27,12.0,1.0,0.0,23.0,13.0,6.0,31.0,37.0,0.0,51.0,0.0,5.0,0.0,2.0,46.0,1.0,4.0,1.0,6.0,5.0,16.0,14.0,3.0,88.0,1.0,15.0,5.0,11.0
2019-05-28,17.0,1.0,0.0,28.0,7.0,10.0,27.0,29.0,1.0,51.0,0.0,4.0,1.0,2.0,46.0,1.0,4.0,4.0,7.0,4.0,12.0,18.0,4.0,92.0,4.0,8.0,9.0,6.0
2019-05-29,17.0,0.0,0.0,20.0,8.0,5.0,41.0,17.0,0.0,55.0,1.0,4.0,0.0,3.0,39.0,0.0,2.0,2.0,8.0,9.0,14.0,25.0,2.0,94.0,2.0,9.0,7.0,9.0
2019-05-30,13.0,1.0,0.0,30.0,10.0,6.0,29.0,27.0,1.0,72.0,0.0,3.0,0.0,0.0,51.0,2.0,4.0,2.0,12.0,6.0,14.0,9.0,3.0,88.0,4.0,12.0,6.0,3.0
2019-05-31,16.0,1.0,0.0,29.0,6.0,9.0,34.0,27.0,0.0,50.0,0.0,7.0,0.0,3.0,35.0,3.0,2.0,1.0,5.0,8.0,15.0,22.0,7.0,75.0,1.0,18.0,3.0,7.0
2019-06-01,17.0,0.0,0.0,23.0,14.0,5.0,36.0,24.0,0.0,49.0,0.0,0.0,0.0,1.0,26.0,0.0,4.0,0.0,10.0,3.0,5.0,17.0,1.0,65.0,2.0,9.0,7.0,8.0
2019-06-02,16.0,0.0,0.0,26.0,10.0,7.0,37.0,31.0,0.0,60.0,0.0,3.0,0.0,0.0,45.0,1.0,9.0,1.0,12.0,12.0,13.0,10.0,1.0,101.0,1.0,11.0,8.0,7.0
2019-06-03,15.0,1.0,0.0,14.0,10.0,3.0,41.0,33.0,1.0,57.0,0.0,6.0,0.0,4.0,49.0,2.0,7.0,0.0,8.0,4.0,16.0,18.0,0.0,94.0,2.0,12.0,6.0,7.0
2019-06-04,17.0,0.0,0.0,39.0,6.0,8.0,23.0,26.0,1.0,51.0,2.0,3.0,0.0,1.0,41.0,1.0,4.0,3.0,7.0,3.0,10.0,17.0,1.0,95.0,2.0,5.0,9.0,11.0
2019-06-05,13.0,2.0,0.0,23.0,7.0,4.0,41.0,23.0,0.0,64.0,0.0,5.0,2.0,2.0,39.0,1.0,2.0,2.0,2.0,11.0,4.0,22.0,3.0,89.0,3.0,12.0,8.0,10.0
2019-06-06,16.0,3.0,0.0,29.0,13.0,5.0,37.0,32.0,0.0,44.0,0.0,4.0,0.0,1.0,45.0,1.0,0.0,1.0,7.0,6.0,16.0,9.0,4.0,78.0,4.0,12.0,4.0,6.0
2019-06-07,15.0,1.0,0.0,29.0,11.0,6.0,30.0,27.0,0.0,43.0,1.0,7.0,0.0,1.0,34.0,3.0,1.0,2.0,7.0,9.0,14.0,19.0,3.0,84.0,1.0,9.0,5.0,5.0
2019-06-08,23.0,0.0,0.0,15.0,14.0,6.0,21.0,31.0,0.0,53.0,0.0,6.0,0.0,0.0,35.0,3.0,6.0,0.0,8.0,6.0,9.0,20.0,4.0,92.0,2.0,11.0,8.0,16.0
2019-06-09,16.0,0.0,0.0,19.0,6.0,6.0,44.0,34.0,1.0,64.0,0.0,4.0,0.0,0.0,45.0,2.0,11.0,3.0,7.0,8.0,8.0,12.0,0.0,92.0,1.0,13.0,7.0,5.0
2019-06-10,15.0,3.0,0.0,22.0,8.0,5.0,34.0,33.0,0.0,45.0,0.0,5.0,1.0,1.0,47.0,2.0,4.0,1.0,7.0,4.0,11.0,18.0,1.0,96.0,2.0,8.0,8.0,12.0
2019-06-11,17.0,1.0,0.0,30.0,8.0,5.0,30.0,19.0,0.0,57.0,0.0,4.0,1.0,3.0,51.0,2.0,3.0,1.0,5.0,2.0,9.0,17.0,1.0,88.0,3.0,6.0,10.0,11.0
2019-06-12,13.0,1.0,0.0,20.0,7.0,1.0,40.0,25.0,0.0,65.0,0.0,8.0,0.0,0.0,46.0,1.0,1.0,3.0,5.0,9.0,10.0,22.0,3.0,88.0,3.0,10.0,9.0,7.0
2019-06-13,13.0,2.0,0.0,27.0,5.0,6.0,32.0,34.0,0.0,53.0,1.0,7.0,0.0,1.0,37.0,0.0,2.0,2.0,6.0,5.0,9.0,11.0,3.0,82.0,3.0,7.0,2.0,3.0
2019-06-14,14.0,2.0,0.0,33.0,14.0,8.0,32.0,28.0,0.0,60.0,0.0,3.0,0.0,2.0,37.0,2.0,2.0,3.0,9.0,11.0,9.0,21.0,2.0,96.0,0.0,12.0,3.0,6.0
2019-06-15,21.0,1.0,0.0,21.0,8.0,2.0,32.0,25.0,0.0,52.0,0.0,3.0,0.0,2.0,35.0,1.0,4.0,0.0,6.0,4.0,16.0,21.0,2.0,85.0,0.0,11.0,10.0,13.0
2019-06-16,21.0,1.0,0.0,28.0,4.0,9.0,34.0,30.0,0.0,68.0,0.0,5.0,0.0,0.0,47.0,1.0,10.0,0.0,12.0,10.0,19.0,12.0,2.0,109.0,2.0,12.0,8.0,4.0
2019-06-17,11.0,1.0,0.0,28.0,11.0,7.0,38.0,34.0,0.0,50.0,0.0,7.0,1.0,2.0,42.0,2.0,5.0,2.0,5.0,3.0,10.0,18.0,6.0,76.0,2.0,13.0,7.0,11.0
2019-06-18,21.0,1.0,0.0,20.0,4.0,7.0,34.0,24.0,1.0,58.0,1.0,7.0,0.0,1.0,52.0,3.0,3.0,0.0,3.0,4.0,12.0,15.0,4.0,107.0,3.0,10.0,9.0,13.0
2019-06-19,15.0,0.0,0.0,28.0,5.0,4.0,38.0,22.0,1.0,64.0,0.0,4.0,0.0,1.0,41.0,1.0,2.0,2.0,6.0,8.0,8.0,25.0,4.0,97.0,1.0,8.0,8.0,9.0
2019-06-20,18.0,4.0,0.0,22.0,8.0,2.0,35.0,29.0,0.0,59.0,0.0,4.0,0.0,1.0,43.0,0.0,2.0,1.0,9.0,8.0,16.0,18.0,6.0,77.0,2.0,9.0,4.0,2.0
2019-06-21,17.0,1.0,0.0,23.0,10.0,2.0,34.0,26.0,0.0,59.0,0.0,4.0,2.0,1.0,26.0,3.0,2.0,3.0,12.0,11.0,18.0,19.0,5.0,81.0,1.0,15.0,6.0,10.0
2019-06-22,23.0,1.0,0.0,30.0,15.0,3.0,32.0,36.0,1.0,51.0,0.0,7.0,1.0,6.0,35.0,2.0,6.0,3.0,6.0,9.0,15.0,15.0,2.0,99.0,1.0,11.0,8.0,10.0
2019-06-23,16.0,2.0,0.0,22.0,9.0,10.0,31.0,33.0,1.0,76.0,0.0,4.0,0.0,0.0,51.0,2.0,6.0,0.0,11.0,8.0,9.0,19.0,1.0,96.0,1.0,15.0,6.0,7.0
2019-06-24,21.0,1.0,0.0,28.0,6.0,10.0,39.0,36.0,1.0,49.0,1.0,4.0,0.0,2.0,49.0,1.0,5.0,1.0,4.0,4.0,15.0,17.0,1.0,87.0,4.0,10.0,7.0,9.0
2019-06-25,18.0,1.0,0.0,22.0,12.0,5.0,32.0,32.0,0.0,44.0,0.0,3.0,1.0,1.0,54.0,2.0,5.0,2.0,5.0,4.0,16.0,12.0,4.0,97.0,3.0,9.0,12.0,9.0
2019-06-26,17.0,1.0,0.0,21.0,8.0,11.0,43.0,16.0,0.0,70.0,0.0,4.0,0.0,1.0,39.0,1.0,2.0,1.0,6.0,7.0,16.0,23.0,2.0,102.0,1.0,9.0,6.0,8.0
2019-06-27,16.0,2.0,0.0,28.0,5.0,2.0,34.0,37.0,0.0,55.0,0.0,6.0,0.0,3.0,50.0,1.0,2.0,0.0,10.0,7.0,19.0,11.0,4.0,71.0,2.0,9.0,7.0,4.0
2019-06-28,16.0,1.0,0.0,23.0,9.0,3.0,33.0,16.0,1.0,54.0,0.0,7.0,1.0,2.0,38.0,3.0,2.0,2.0,3.0,11.0,14.0,25.0,4.0,83.0,0.0,11.0,5.0,11.0
2019-06-29,16.0,0.0,0.0,26.0,7.0,4.0,37.0,40.0,1.0,47.0,1.0,4.0,0.0,5.0,40.0,2.0,4.0,2.0,10.0,8.0,8.0,17.0,3.0,77.0,2.0,11.0,10.0,8.0
2019-06-30,20.0,3.0,0.0,26.0,8.0,6.0,38.0,39.0,0.0,60.0,0.0,2.0,0.0,2.0,42.0,0.0,7.0,0.0,9.0,6.0,21.0,14.0,3.0,98.0,2.0,16.0,8.0,8.0
2019-07-01,14.0,3.0,0.0,24.0,9.0,7.0,33.0,32.0,0.0,51.0,0.0,5.0,0.0,1.0,42.0,1.0,4.0,1.0,4.0,6.0,21.0,15.0,3.0,102.0,1.0,10.0,5.0,9.0
2019-07-02,14.0,1.0,0.0,26.0,7.0,7.0,37.0,34.0,0.0,55.0,1.0,3.0,0.0,2.0,57.0,2.0,6.0,4.0,4.0,4.0,15.0,15.0,2.0,89.0,2.0,14.0,13.0,7.0
2019-07-03,14.0,0.0,0.0,26.0,6.0,6.0,41.0,19.0,2.0,65.0,0.0,5.0,0.0,3.0,37.0,2.0,3.0,1.0,8.0,7.0,17.0,22.0,8.0,85.0,1.0,8.0,9.0,10.0
2019-07-04,16.0,2.0,0.0,26.0,12.0,9.0,44.0,27.0,1.0,60.0,0.0,4.0,1.0,2.0,41.0,1.0,1.0,1.0,8.0,8.0,22.0,14.0,3.0,84.0,3.0,10.0,7.0,5.0
2019-07-05,19.0,2.0,0.0,32.0,9.0,1.0,41.0,30.0,1.0,56.0,0.0,9.0,1.0,2.0,37.0,3.0,3.0,2.0,7.0,10.0,11.0,21.0,5.0,78.0,1.0,9.0,3.0,11.0
2019-07-06,20.0,0.0,0.0,25.0,10.0,5.0,27.0,31.0,0.0,58.0,0.0,4.0,0.0,3.0,33.0,2.0,2.0,2.0,8.0,7.0,23.0,19.0,3.0,85.0,3.0,11.0,9.0,6.0
2019-07-07,13.0,2.0,0.0,20.0,9.0,8.0,44.0,33.0,1.0,63.0,0.0,3.0,0.0,1.0,49.0,2.0,7.0,2.0,9.0,11.0,16.0,12.0,1.0,93.0,0.0,18.0,8.0,5.0
2019-07-08,21.0,2.0,0.0,19.0,9.0,6.0,35.0,32.0,1.0,44.0,0.0,6.0,1.0,3.0,42.0,3.0,4.0,4.0,5.0,4.0,12.0,17.0,3.0,90.0,2.0,11.0,5.0,8.0
2019-07-09,17.0,0.0,0.0,31.0,3.0,9.0,36.0,16.0,0.0,63.0,1.0,5.0,0.0,4.0,47.0,2.0,5.0,0.0,5.0,5.0,6.0,15.0,4.0,87.0,2.0,9.0,13.0,9.0
2019-07-10,12.0,1.0,0.0,21.0,5.0,5.0,39.0,22.0,2.0,56.0,1.0,3.0,0.0,1.0,43.0,0.0,2.0,1.0,3.0,6.0,7.0,28.0,4.0,108.0,2.0,12.0,8.0,7.0
2019-07-11,16.0,2.0,0.0,26.0,12.0,3.0,29.0,22.0,0.0,57.0,0.0,8.0,0.0,2.0,38.0,2.0,2.0,1.0,5.0,7.0,14.0,13.0,5.0,84.0,3.0,13.0,4.0,5.0
2019-07-12,11.0,1.0,0.0,31.0,9.0,7.0,27.0,32.0,0.0,59.0,0.0,3.0,0.0,2.0,31.0,1.0,2.0,0.0,7.0,11.0,18.0,23.0,7.0,84.0,0.0,10.0,4.0,11.0
2019-07-13,29.0,0.0,0.0,27.0,10.0,5.0,32.0,30.0,0.0,51.0,0.0,5.0,0.0,1.0,51.0,1.0,5.0,1.0,8.0,8.0,12.0,13.0,2.0,77.0,2.0,13.0,12.0,12.0
2019-07-14,16.0,3.0,0.0,23.0,6.0,4.0,39.0,38.0,0.0,72.0,0.0,4.0,0.0,2.0,49.0,0.0,7.0,1.0,11.0,6.0,12.0,16.0,1.0,96.0,1.0,13.0,6.0,6.0
2019-07-15,21.0,2.0,0.0,27.0,9.0,10.0,28.0,35.0,3.0,54.0,0.0,5.0,1.0,1.0,48.0,2.0,4.0,2.0,7.0,2.0,18.0,19.0,3.0,89.0,1.0,11.0,13.0,8.0
2019-07-16,13.0,1.0,0.0,22.0,7.0,5.0,36.0,27.0,1.0,56.0,0.0,7.0,1.0,2.0,40.0,2.0,4.0,1.0,5.0,3.0,11.0,15.0,3.0,92.0,1.0,14.0,10.0,5.0
2019-07-17,11.0,1.0,0.0,20.0,8.0,7.0,38.0,27.0,0.0,51.0,1.0,0.0,1.0,2.0,39.0,2.0,2.0,1.0,6.0,9.0,16.0,20.0,5.0,94.0,3.0,11.0,6.0,9.0
2019-07-18,18.0,1.0,0.0,26.0,6.0,8.0,40.0,27.0,1.0,58.0,2.0,6.0,0.0,2.0,51.0,2.0,2.0,2.0,11.0,11.0,12.0,16.0,1.0,79.0,3.0,9.0,4.0,6.0
2019-07-19,15.0,2.0,0.0,29.0,7.0,2.0,32.0,21.0,0.0,32.0,0.0,4.0,0.0,2.0,33.0,5.0,2.0,1.0,9.0,10.0,14.0,25.0,6.0,90.0,1.0,12.0,6.0,12.0
2019-07-20,23.0,0.0,0.0,23.0,15.0,4.0,37.0,25.0,0.0,42.0,1.0,6.0,0.0,4.0,42.0,0.0,4.0,2.0,10.0,8.0,11.0,16.0,6.0,79.0,1.0,17.0,11.0,10.0
2019-07-21,18.0,2.0,0.0,29.0,5.0,9.0,29.0,36.0,2.0,91.0,0.0,6.0,0.0,5.0,47.0,1.0,4.0,1.0,7.0,8.0,13.0,20.0,1.0,98.0,1.0,3.0,9.0,8.0
2019-07-22,17.0,2.0,0.0,23.0,7.0,8.0,38.0,35.0,0.0,71.0,0.0,2.0,0.0,2.0,38.0,2.0,3.0,3.0,4.0,7.0,21.0,13.0,2.0,92.0,2.0,8.0,5.0,10.0
2019-07-23,18.0,1.0,0.0,23.0,2.0,5.0,22.0,22.0,0.0,56.0,0.0,4.0,1.0,2.0,48.0,3.0,5.0,1.0,8.0,2.0,9.0,14.0,2.0,88.0,1.0,17.0,14.0,9.0
2019-07-24,17.0,0.0,0.0,22.0,8.0,1.0,38.0,21.0,0.0,58.0,0.0,3.0,0.0,2.0,40.0,1.0,2.0,1.0,5.0,9.0,13.0,24.0,2.0,96.0,0.0,11.0,6.0,7.0
2019-07-25,14.0,2.0,0.0,28.0,7.0,6.0,34.0,33.0,0.0,61.0,0.0,5.0,0.0,0.0,49.0,3.0,2.0,1.0,10.0,5.0,8.0,18.0,4.0,76.0,5.0,13.0,4.0,7.0
2019-07-26,9.0,1.0,0.0,28.0,8.0,5.0,35.0,26.0,0.0,61.0,0.0,8.0,0.0,2.0,33.0,2.0,1.0,0.0,7.0,14.0,15.0,22.0,2.0,86.0,1.0,10.0,5.0,8.0
2019-07-27,27.0,1.0,0.0,32.0,14.0,5.0,36.0,29.0,1.0,61.0,0.0,2.0,0.0,5.0,41.0,3.0,7.0,2.0,8.0,5.0,10.0,18.0,6.0,80.0,1.0,22.0,9.0,10.0
2019-07-28,24.0,1.0,0.0,29.0,8.0,11.0,37.0,32.0,1.0,69.0,0.0,5.0,1.0,4.0,46.0,0.0,6.0,1.0,7.0,12.0,17.0,15.0,4.0,101.0,2.0,14.0,7.0,8.0
2019-07-29,18.0,4.0,0.0,24.0,10.0,5.0,29.0,29.0,0.0,52.0,0.0,5.0,0.0,3.0,28.0,2.0,2.0,2.0,8.0,4.0,14.0,18.0,3.0,94.0,1.0,10.0,7.0,8.0
2019-07-30,19.0,0.0,0.0,26.0,4.0,2.0,26.0,32.0,1.0,66.0,1.0,4.0,0.0,3.0,50.0,2.0,5.0,1.0,6.0,4.0,5.0,20.0,3.0,79.0,2.0,14.0,12.0,7.0
2019-07-31,13.0,1.0,0.0,19.0,8.0,6.0,38.0,14.0,0.0,64.0,0.0,4.0,1.0,2.0,37.0,3.0,8.0,0.0,2.0,10.0,16.0,16.0,5.0,95.0,2.0,11.0,8.0,9.0
2019-08-01,17.0,2.0,0.0,23.0,11.0,7.0,39.0,32.0,0.0,51.0,1.0,4.0,0.0,1.0,37.0,2.0,1.0,1.0,5.0,7.0,16.0,19.0,0.0,72.0,4.0,14.0,8.0,4.0
2019-08-02,14.0,1.0,0.0,18.0,6.0,4.0,32.0,31.0,2.0,52.0,0.0,3.0,0.0,7.0,38.0,2.0,6.0,1.0,7.0,9.0,16.0,25.0,5.0,71.0,1.0,11.0,4.0,10.0
2019-08-03,25.0,0.0,0.0,23.0,13.0,7.0,40.0,35.0,0.0,39.0,0.0,5.0,0.0,3.0,36.0,0.0,4.0,1.0,10.0,8.0,14.0,16.0,5.0,91.0,0.0,11.0,6.0,12.0
2019-08-04,16.0,1.0,0.0,26.0,5.0,8.0,31.0,41.0,0.0,77.0,0.0,3.0,0.0,1.0,40.0,1.0,6.0,1.0,6.0,9.0,8.0,17.0,2.0,95.0,0.0,9.0,9.0,5.0
2019-08-05,21.0,4.0,0.0,29.0,13.0,6.0,32.0,34.0,0.0,52.0,0.0,8.0,1.0,1.0,37.0,1.0,3.0,1.0,8.0,7.0,10.0,16.0,3.0,90.0,1.0,13.0,6.0,8.0
2019-08-06,14.0,1.0,0.0,18.0,6.0,5.0,24.0,37.0,0.0,40.0,0.0,5.0,0.0,3.0,56.0,2.0,7.0,2.0,5.0,1.0,16.0,18.0,7.0,109.0,3.0,14.0,12.0,8.0
2019-08-07,15.0,0.0,0.0,18.0,7.0,10.0,47.0,25.0,1.0,76.0,0.0,2.0,1.0,1.0,44.0,2.0,3.0,2.0,4.0,10.0,16.0,25.0,4.0,91.0,1.0,11.0,5.0,7.0
2019-08-08,9.0,3.0,0.0,21.0,7.0,4.0,36.0,24.0,0.0,56.0,0.0,4.0,0.0,1.0,34.0,3.0,3.0,3.0,9.0,6.0,15.0,18.0,2.0,51.0,1.0,7.0,4.0,7.0
2019-08-09,15.0,2.0,0.0,24.0,9.0,2.0,43.0,24.0,0.0,65.0,0.0,7.0,0.0,4.0,40.0,3.0,2.0,1.0,4.0,13.0,13.0,21.0,5.0,47.0,2.0,13.0,7.0,12.0
2019-08-10,26.0,1.0,0.0,21.0,11.0,7.0,27.0,33.0,0.0,49.0,1.0,7.0,0.0,4.0,43.0,0.0,7.0,1.0,3.0,7.0,9.0,16.0,3.0,93.0,1.0,12.0,8.0,10.0
2019-08-11,18.0,2.0,2.0,9.0,10.0,4.0,33.0,29.0,0.0,60.0,0.0,9.0,0.0,1.0,46.0,0.0,5.0,2.0,8.0,9.0,18.0,14.0,2.0,85.0,3.0,12.0,7.0,4.0
2019-08-12,13.0,4.0,0.0,4.0,8.0,7.0,39.0,32.0,1.0,51.0,0.0,4.0,1.0,0.0,42.0,4.0,3.0,2.0,9.0,7.0,17.0,15.0,2.0,95.0,1.0,17.0,8.0,12.0
2019-08-13,21.0,0.0,0.0,15.0,7.0,3.0,36.0,33.0,1.0,56.0,0.0,7.0,1.0,5.0,62.0,1.0,5.0,0.0,8.0,5.0,15.0,15.0,3.0,98.0,1.0,9.0,12.0,8.0
2019-08-14,13.0,2.0,0.0,8.0,7.0,6.0,30.0,21.0,0.0,56.0,0.0,5.0,1.0,4.0,41.0,2.0,1.0,1.0,4.0,10.0,12.0,22.0,6.0,92.0,3.0,8.0,6.0,11.0
2019-08-15,15.0,1.0,0.0,29.0,10.0,5.0,33.0,29.0,1.0,42.0,1.0,5.0,0.0,0.0,35.0,4.0,1.0,0.0,8.0,7.0,16.0,19.0,7.0,92.0,1.0,2.0,4.0,6.0
2019-08-16,15.0,3.0,0.0,18.0,5.0,6.0,29.0,31.0,0.0,44.0,0.0,2.0,0.0,2.0,26.0,0.0,5.0,0.0,6.0,13.0,14.0,18.0,5.0,75.0,1.0,4.0,4.0,9.0
2019-08-17,20.0,1.0,0.0,22.0,13.0,6.0,27.0,25.0,0.0,55.0,0.0,6.0,0.0,2.0,41.0,0.0,5.0,1.0,9.0,6.0,14.0,17.0,2.0,94.0,3.0,21.0,8.0,11.0
2019-08-18,21.0,3.0,0.0,25.0,4.0,7.0,32.0,33.0,0.0,62.0,1.0,7.0,0.0,3.0,43.0,4.0,8.0,3.0,6.0,7.0,10.0,12.0,2.0,107.0,0.0,12.0,6.0,6.0
2019-08-19,22.0,0.0,0.0,22.0,12.0,5.0,36.0,34.0,0.0,52.0,0.0,5.0,0.0,6.0,41.0,1.0,2.0,1.0,10.0,7.0,13.0,14.0,2.0,103.0,1.0,9.0,10.0,10.0
2019-08-20,20.0,0.0,0.0,22.0,5.0,5.0,37.0,25.0,0.0,54.0,0.0,7.0,1.0,2.0,44.0,4.0,8.0,0.0,4.0,3.0,13.0,19.0,5.0,95.0,4.0,9.0,8.0,13.0
2019-08-21,10.0,0.0,0.0,24.0,9.0,10.0,44.0,17.0,0.0,64.0,0.0,5.0,0.0,3.0,47.0,1.0,4.0,2.0,7.0,8.0,8.0,23.0,4.0,94.0,2.0,13.0,7.0,9.0
2019-08-22,15.0,0.0,0.0,23.0,5.0,6.0,38.0,31.0,1.0,66.0,0.0,1.0,0.0,1.0,54.0,3.0,2.0,2.0,10.0,7.0,11.0,16.0,2.0,85.0,4.0,13.0,6.0,4.0
2019-08-23,13.0,3.0,0.0,28.0,10.0,6.0,32.0,18.0,1.0,51.0,0.0,1.0,0.0,1.0,35.0,5.0,2.0,0.0,4.0,10.0,14.0,20.0,8.0,88.0,2.0,13.0,11.0,8.0
2019-08-24,26.0,1.0,0.0,25.0,11.0,1.0,39.0,31.0,1.0,52.0,0.0,7.0,0.0,4.0,37.0,1.0,2.0,2.0,6.0,7.0,20.0,21.0,3.0,34.0,1.0,12.0,3.0,13.0
2019-08-25,14.0,3.0,0.0,29.0,10.0,12.0,39.0,39.0,0.0,73.0,0.0,6.0,0.0,4.0,49.0,1.0,7.0,1.0,12.0,6.0,17.0,16.0,3.0,111.0,1.0,13.0,13.0,8.0
2019-08-26,19.0,1.0,0.0,29.0,9.0,4.0,36.0,26.0,0.0,60.0,0.0,6.0,1.0,1.0,47.0,1.0,4.0,2.0,4.0,10.0,14.0,16.0,3.0,105.0,0.0,11.0,5.0,10.0
2019-08-27,17.0,2.0,0.0,20.0,7.0,3.0,28.0,31.0,1.0,49.0,1.0,7.0,1.0,5.0,52.0,1.0,5.0,2.0,10.0,1.0,15.0,13.0,6.0,111.0,1.0,17.0,8.0,10.0
2019-08-28,13.0,1.0,0.0,22.0,6.0,11.0,35.0,21.0,0.0,63.0,0.0,6.0,0.0,2.0,39.0,1.0,1.0,0.0,6.0,11.0,9.0,21.0,3.0,90.0,1.0,10.0,7.0,7.0
2019-08-29,15.0,1.0,0.0,20.0,6.0,8.0,37.0,26.0,0.0,47.0,0.0,4.0,0.0,2.0,50.0,2.0,2.0,1.0,10.0,5.0,16.0,23.0,5.0,95.0,3.0,8.0,3.0,5.0
2019-08-30,18.0,3.0,0.0,25.0,8.0,3.0,40.0,32.0,0.0,44.0,0.0,4.0,1.0,3.0,33.0,3.0,3.0,1.0,7.0,13.0,11.0,18.0,5.0,72.0,0.0,10.0,3.0,11.0
2019-08-31,24.0,1.0,1.0,24.0,9.0,4.0,33.0,29.0,0.0,53.0,0.0,8.0,0.0,3.0,29.0,2.0,5.0,0.0,13.0,7.0,15.0,17.0,4.0,90.0,1.0,14.0,5.0,14.0
2019-09-01,17.0,3.0,0.0,28.0,8.0,4.0,34.0,34.0,1.0,52.0,0.0,3.0,0.0,2.0,54.0,0.0,5.0,1.0,7.0,8.0,19.0,12.0,5.0,91.0,2.0,14.0,9.0,5.0
2019-09-02,14.0,2.0,0.0,22.0,9.0,10.0,38.0,35.0,1.0,58.0,0.0,3.0,1.0,3.0,49.0,3.0,6.0,0.0,3.0,6.0,10.0,15.0,1.0,93.0,1.0,15.0,9.0,8.0
2019-09-03,16.0,0.0,0.0,26.0,5.0,5.0,29.0,21.0,0.0,41.0,0.0,2.0,0.0,3.0,41.0,0.0,5.0,1.0,9.0,0.0,18.0,18.0,4.0,96.0,2.0,12.0,11.0,9.0
2019-09-04,17.0,0.0,0.0,17.0,8.0,7.0,44.0,35.0,0.0,69.0,1.0,2.0,0.0,2.0,51.0,2.0,5.0,3.0,6.0,8.0,16.0,21.0,5.0,94.0,1.0,10.0,6.0,9.0
2019-09-05,18.0,1.0,0.0,24.0,13.0,3.0,32.0,32.0,0.0,52.0,0.0,7.0,1.0,0.0,48.0,1.0,1.0,2.0,10.0,9.0,12.0,17.0,4.0,89.0,2.0,7.0,4.0,6.0
2019-09-06,10.0,2.0,0.0,26.0,9.0,3.0,32.0,31.0,0.0,36.0,0.0,7.0,0.0,2.0,30.0,3.0,3.0,0.0,9.0,13.0,10.0,13.0,5.0,83.0,2.0,12.0,5.0,11.0
2019-09-07,23.0,2.0,0.0,23.0,8.0,4.0,37.0,25.0,1.0,49.0,0.0,6.0,0.0,5.0,41.0,0.0,4.0,2.0,9.0,5.0,13.0,22.0,3.0,60.0,1.0,11.0,7.0,8.0
2019-09-08,19.0,2.0,0.0,31.0,5.0,12.0,40.0,38.0,0.0,70.0,1.0,4.0,0.0,2.0,37.0,1.0,5.0,2.0,8.0,7.0,16.0,19.0,3.0,87.0,3.0,12.0,11.0,5.0
2019-09-09,11.0,2.0,0.0,25.0,5.0,8.0,30.0,39.0,0.0,47.0,0.0,4.0,0.0,1.0,46.0,0.0,2.0,2.0,6.0,8.0,13.0,17.0,5.0,101.0,1.0,9.0,11.0,12.0
2019-09-10,23.0,0.0,0.0,29.0,3.0,3.0,29.0,32.0,0.0,61.0,0.0,4.0,1.0,4.0,50.0,3.0,7.0,1.0,7.0,2.0,13.0,14.0,2.0,100.0,1.0,13.0,10.0,9.0
2019-09-11,12.0,0.0,0.0,22.0,11.0,8.0,36.0,18.0,0.0,69.0,0.0,5.0,1.0,1.0,50.0,2.0,2.0,0.0,3.0,7.0,15.0,25.0,2.0,97.0,2.0,10.0,8.0,9.0
2019-09-12,15.0,1.0,0.0,23.0,9.0,5.0,37.0,27.0,0.0,52.0,0.0,5.0,0.0,0.0,44.0,3.0,3.0,2.0,9.0,6.0,11.0,15.0,3.0,93.0,2.0,13.0,7.0,5.0
2019-09-13,19.0,2.0,0.0,19.0,5.0,2.0,38.0,19.0,0.0,48.0,1.0,4.0,0.0,3.0,43.0,2.0,5.0,2.0,9.0,8.0,14.0,20.0,6.0,80.0,1.0,11.0,6.0,12.0
2019-09-14,19.0,1.0,0.0,24.0,5.0,5.0,24.0,29.0,1.0,69.0,1.0,4.0,0.0,5.0,36.0,2.0,4.0,1.0,7.0,9.0,18.0,21.0,2.0,91.0,0.0,12.0,8.0,13.0
2019-09-15,18.0,3.0,0.0,28.0,8.0,7.0,34.0,43.0,0.0,67.0,0.0,3.0,0.0,3.0,45.0,0.0,9.0,1.0,11.0,9.0,13.0,16.0,2.0,93.0,1.0,9.0,8.0,8.0
2019-09-16,16.0,2.0,0.0,23.0,9.0,7.0,28.0,24.0,1.0,69.0,0.0,5.0,0.0,4.0,37.0,1.0,3.0,1.0,3.0,6.0,21.0,14.0,0.0,100.0,3.0,13.0,14.0,7.0
2019-09-17,20.0,1.0,0.0,15.0,10.0,7.0,33.0,23.0,0.0,63.0,0.0,1.0,1.0,2.0,56.0,3.0,5.0,2.0,6.0,3.0,12.0,15.0,5.0,82.0,3.0,15.0,11.0,13.0
2019-09-18,16.0,1.0,0.0,22.0,11.0,7.0,41.0,20.0,0.0,61.0,0.0,6.0,0.0,2.0,37.0,4.0,4.0,0.0,4.0,11.0,6.0,17.0,4.0,96.0,1.0,6.0,5.0,12.0
2019-09-19,11.0,1.0,0.0,29.0,6.0,8.0,32.0,26.0,0.0,61.0,0.0,4.0,0.0,2.0,51.0,0.0,3.0,2.0,8.0,9.0,11.0,18.0,2.0,81.0,4.0,13.0,2.0,3.0
2019-09-20,20.0,2.0,0.0,30.0,9.0,6.0,28.0,23.0,0.0,59.0,0.0,10.0,0.0,1.0,38.0,6.0,3.0,2.0,4.0,12.0,12.0,21.0,4.0,84.0,0.0,8.0,5.0,11.0
2019-09-21,22.0,2.0,0.0,27.0,8.0,4.0,31.0,32.0,1.0,19.0,0.0,10.0,0.0,1.0,39.0,0.0,2.0,1.0,5.0,9.0,11.0,18.0,3.0,101.0,0.0,12.0,10.0,14.0
2019-09-22,16.0,1.0,0.0,21.0,11.0,8.0,46.0,30.0,0.0,11.0,0.0,5.0,0.0,5.0,39.0,0.0,8.0,3.0,10.0,7.0,12.0,10.0,2.0,63.0,2.0,13.0,10.0,6.0
2019-09-23,15.0,3.0,0.0,16.0,4.0,7.0,29.0,38.0,1.0,93.0,0.0,2.0,1.0,2.0,43.0,1.0,6.0,1.0,9.0,8.0,11.0,17.0,3.0,74.0,2.0,3.0,7.0,10.0
2019-09-24,16.0,2.0,0.0,31.0,6.0,4.0,26.0,31.0,0.0,67.0,0.0,2.0,1.0,2.0,43.0,4.0,5.0,0.0,5.0,2.0,11.0,19.0,2.0,105.0,4.0,8.0,10.0,11.0
2019-09-25,12.0,0.0,0.0,22.0,10.0,6.0,29.0,27.0,0.0,50.0,0.0,8.0,1.0,3.0,42.0,0.0,2.0,3.0,7.0,9.0,15.0,18.0,4.0,87.0,0.0,7.0,9.0,8.0
2019-09-26,15.0,1.0,0.0,23.0,7.0,6.0,37.0,29.0,1.0,64.0,1.0,3.0,0.0,2.0,51.0,3.0,2.0,0.0,2.0,8.0,9.0,15.0,3.0,75.0,1.0,9.0,4.0,5.0
2019-09-27,18.0,1.0,0.0,30.0,7.0,7.0,41.0,29.0,0.0,57.0,1.0,3.0,0.0,4.0,31.0,1.0,4.0,2.0,5.0,11.0,6.0,20.0,4.0,88.0,0.0,9.0,3.0,10.0
2019-09-28,20.0,1.0,1.0,25.0,8.0,5.0,30.0,24.0,1.0,56.0,0.0,6.0,0.0,2.0,31.0,0.0,3.0,2.0,8.0,7.0,14.0,16.0,2.0,88.0,4.0,11.0,6.0,11.0
2019-09-29,17.0,0.0,0.0,28.0,15.0,3.0,33.0,42.0,0.0,64.0,1.0,1.0,0.0,0.0,46.0,0.0,8.0,1.0,5.0,7.0,21.0,16.0,2.0,74.0,0.0,11.0,13.0,8.0
2019-09-30,17.0,3.0,0.0,31.0,6.0,6.0,41.0,36.0,0.0,48.0,0.0,8.0,1.0,0.0,45.0,2.0,1.0,3.0,6.0,7.0,12.0,16.0,3.0,62.0,2.0,8.0,8.0,10.0
2019-10-01,21.0,2.0,0.0,20.0,8.0,5.0,29.0,23.0,0.0,57.0,0.0,5.0,0.0,3.0,38.0,4.0,6.0,2.0,9.0,2.0,13.0,16.0,1.0,71.0,1.0,9.0,5.0,6.0
2019-10-02,10.0,1.0,0.0,27.0,4.0,9.0,43.0,31.0,2.0,16.0,0.0,9.0,0.0,4.0,49.0,2.0,3.0,0.0,4.0,11.0,12.0,17.0,3.0,68.0,2.0,8.0,13.0,13.0
2019-10-03,16.0,2.0,0.0,12.0,9.0,3.0,40.0,34.0,0.0,61.0,0.0,6.0,0.0,1.0,34.0,0.0,2.0,2.0,11.0,7.0,7.0,14.0,3.0,74.0,1.0,8.0,4.0,4.0
2019-10-04,12.0,1.0,1.0,12.0,8.0,8.0,31.0,31.0,0.0,54.0,1.0,5.0,0.0,5.0,33.0,4.0,4.0,0.0,2.0,15.0,3.0,18.0,5.0,98.0,1.0,6.0,8.0,9.0
2019-10-05,20.0,1.0,0.0,14.0,6.0,8.0,36.0,27.0,0.0,57.0,0.0,4.0,1.0,1.0,39.0,2.0,2.0,2.0,7.0,9.0,14.0,21.0,4.0,82.0,0.0,8.0,7.0,13.0
2019-10-06,12.0,1.0,0.0,11.0,9.0,6.0,36.0,33.0,0.0,50.0,0.0,6.0,0.0,2.0,51.0,1.0,8.0,0.0,9.0,9.0,13.0,12.0,3.0,80.0,2.0,9.0,10.0,5.0
2019-10-07,15.0,2.0,0.0,18.0,7.0,6.0,34.0,36.0,1.0,57.0,0.0,8.0,1.0,3.0,36.0,1.0,0.0,2.0,3.0,5.0,7.0,16.0,2.0,66.0,0.0,19.0,9.0,12.0
2019-10-08,17.0,2.0,0.0,12.0,12.0,6.0,27.0,22.0,1.0,48.0,1.0,6.0,0.0,2.0,39.0,3.0,8.0,2.0,4.0,4.0,8.0,15.0,3.0,89.0,2.0,12.0,13.0,9.0
2019-10-09,14.0,1.0,0.0,16.0,10.0,5.0,40.0,21.0,0.0,55.0,2.0,4.0,1.0,2.0,49.0,1.0,1.0,2.0,4.0,7.0,9.0,24.0,2.0,98.0,1.0,10.0,5.0,8.0
2019-10-10,16.0,1.0,0.0,10.0,8.0,4.0,42.0,25.0,0.0,60.0,0.0,3.0,0.0,2.0,49.0,3.0,2.0,1.0,5.0,7.0,10.0,13.0,2.0,84.0,1.0,11.0,5.0,4.0
2019-10-11,10.0,1.0,0.0,21.0,9.0,5.0,37.0,32.0,1.0,53.0,0.0,1.0,0.0,3.0,38.0,0.0,2.0,0.0,10.0,8.0,8.0,22.0,5.0,78.0,2.0,14.0,5.0,12.0
2019-10-12,26.0,3.0,0.0,16.0,10.0,5.0,36.0,31.0,2.0,41.0,1.0,5.0,1.0,1.0,42.0,0.0,4.0,3.0,6.0,10.0,20.0,20.0,8.0,83.0,1.0,8.0,8.0,9.0
2019-10-13,19.0,0.0,0.0,14.0,3.0,6.0,33.0,42.0,0.0,50.0,1.0,6.0,0.0,3.0,42.0,1.0,6.0,0.0,9.0,11.0,13.0,17.0,4.0,87.0,1.0,2.0,7.0,6.0
2019-10-14,11.0,4.0,0.0,16.0,10.0,7.0,35.0,24.0,0.0,61.0,0.0,3.0,2.0,1.0,42.0,0.0,0.0,1.0,7.0,8.0,17.0,17.0,2.0,70.0,1.0,14.0,8.0,14.0
2019-10-15,15.0,0.0,0.0,13.0,9.0,9.0,33.0,21.0,0.0,50.0,0.0,4.0,0.0,1.0,41.0,1.0,7.0,1.0,11.0,1.0,11.0,13.0,2.0,76.0,2.0,7.0,12.0,8.0
2019-10-16,16.0,1.0,0.0,19.0,7.0,5.0,30.0,21.0,1.0,59.0,1.0,8.0,0.0,2.0,45.0,2.0,3.0,1.0,9.0,12.0,14.0,22.0,4.0,82.0,1.0,6.0,6.0,11.0
2019-10-17,17.0,2.0,0.0,31.0,8.0,4.0,43.0,32.0,1.0,61.0,1.0,4.0,0.0,1.0,39.0,0.0,0.0,1.0,7.0,6.0,15.0,13.0,7.0,89.0,1.0,9.0,7.0,5.0
2019-10-18,12.0,2.0,0.0,13.0,11.0,9.0,31.0,39.0,0.0,52.0,0.0,7.0,1.0,2.0,31.0,5.0,3.0,3.0,8.0,13.0,10.0,19.0,2.0,81.0,2.0,12.0,2.0,8.0
2019-10-19,21.0,1.0,0.0,22.0,7.0,4.0,31.0,28.0,0.0,60.0,0.0,1.0,0.0,2.0,36.0,0.0,5.0,4.0,8.0,10.0,5.0,20.0,3.0,89.0,1.0,9.0,8.0,17.0
2019-10-20,17.0,2.0,0.0,32.0,13.0,3.0,42.0,34.0,1.0,63.0,0.0,6.0,0.0,2.0,41.0,1.0,6.0,2.0,13.0,8.0,20.0,13.0,4.0,89.0,2.0,9.0,10.0,4.0
2019-10-21,17.0,2.0,0.0,24.0,11.0,7.0,42.0,34.0,0.0,67.0,0.0,3.0,2.0,2.0,32.0,2.0,1.0,2.0,8.0,7.0,10.0,13.0,3.0,72.0,0.0,9.0,9.0,12.0
2019-10-22,20.0,1.0,0.0,32.0,3.0,4.0,33.0,30.0,1.0,44.0,1.0,5.0,0.0,2.0,46.0,1.0,8.0,2.0,10.0,6.0,12.0,12.0,2.0,95.0,5.0,11.0,9.0,8.0
2019-10-23,19.0,0.0,0.0,27.0,10.0,6.0,43.0,30.0,1.0,68.0,0.0,4.0,0.0,2.0,46.0,3.0,1.0,1.0,9.0,8.0,14.0,19.0,6.0,109.0,2.0,6.0,7.0,13.0
2019-10-24,15.0,1.0,0.0,20.0,11.0,2.0,40.0,30.0,0.0,51.0,0.0,5.0,0.0,2.0,32.0,2.0,3.0,0.0,5.0,9.0,3.0,18.0,2.0,86.0,6.0,11.0,4.0,4.0
2019-10-25,11.0,4.0,0.0,11.0,8.0,4.0,25.0,36.0,0.0,50.0,0.0,3.0,0.0,4.0,39.0,2.0,5.0,3.0,6.0,10.0,16.0,18.0,4.0,83.0,1.0,9.0,6.0,6.0
2019-10-26,19.0,1.0,0.0,18.0,14.0,7.0,37.0,33.0,0.0,51.0,0.0,8.0,0.0,3.0,43.0,2.0,3.0,3.0,8.0,8.0,12.0,22.0,4.0,92.0,1.0,10.0,6.0,16.0
2019-10-27,18.0,1.0,0.0,22.0,8.0,4.0,42.0,41.0,1.0,71.0,1.0,5.0,0.0,0.0,42.0,1.0,6.0,1.0,9.0,7.0,13.0,15.0,2.0,82.0,0.0,4.0,6.0,7.0
2019-10-28,13.0,1.0,0.0,11.0,3.0,5.0,31.0,32.0,1.0,58.0,0.0,4.0,1.0,0.0,41.0,0.0,3.0,1.0,8.0,7.0,6.0,16.0,2.0,79.0,1.0,13.0,9.0,10.0
2019-10-29,16.0,1.0,0.0,11.0,6.0,6.0,33.0,37.0,0.0,56.0,1.0,9.0,0.0,2.0,47.0,2.0,5.0,0.0,7.0,3.0,10.0,15.0,3.0,89.0,2.0,9.0,13.0,12.0
2019-10-30,16.0,0.0,0.0,34.0,13.0,7.0,34.0,25.0,0.0,59.0,0.0,3.0,0.0,3.0,36.0,1.0,2.0,2.0,5.0,6.0,11.0,21.0,4.0,86.0,1.0,3.0,9.0,6.0
2019-10-31,14.0,3.0,0.0,25.0,8.0,10.0,40.0,32.0,0.0,52.0,1.0,8.0,0.0,3.0,52.0,0.0,1.0,4.0,4.0,8.0,13.0,19.0,2.0,97.0,2.0,11.0,3.0,4.0
2019-11-01,13.0,2.0,0.0,38.0,10.0,6.0,35.0,32.0,0.0,50.0,0.0,5.0,0.0,4.0,33.0,2.0,1.0,1.0,9.0,16.0,11.0,19.0,4.0,82.0,0.0,9.0,5.0,8.0
2019-11-02,21.0,2.0,0.0,21.0,8.0,6.0,31.0,33.0,0.0,42.0,0.0,8.0,0.0,1.0,31.0,0.0,7.0,1.0,7.0,6.0,10.0,13.0,6.0,81.0,1.0,15.0,9.0,13.0
2019-11-03,20.0,1.0,0.0,14.0,12.0,6.0,35.0,37.0,0.0,73.0,1.0,5.0,0.0,2.0,48.0,2.0,7.0,2.0,7.0,4.0,10.0,15.0,3.0,90.0,3.0,10.0,11.0,4.0
2019-11-04,17.0,2.0,0.0,23.0,2.0,5.0,35.0,31.0,2.0,58.0,0.0,8.0,1.0,2.0,42.0,1.0,2.0,2.0,5.0,8.0,12.0,14.0,1.0,80.0,3.0,9.0,6.0,9.0
2019-11-05,12.0,1.0,0.0,18.0,7.0,8.0,30.0,24.0,0.0,47.0,0.0,3.0,0.0,2.0,57.0,2.0,4.0,0.0,3.0,2.0,12.0,21.0,2.0,87.0,1.0,13.0,4.0,12.0
2019-11-06,23.0,3.0,1.0,11.0,10.0,5.0,29.0,20.0,0.0,59.0,0.0,4.0,2.0,3.0,39.0,1.0,1.0,2.0,4.0,8.0,10.0,14.0,3.0,99.0,1.0,11.0,9.0,11.0
2019-11-07,10.0,2.0,0.0,11.0,8.0,4.0,46.0,27.0,1.0,61.0,0.0,3.0,0.0,2.0,44.0,0.0,1.0,1.0,10.0,9.0,9.0,19.0,3.0,94.0,4.0,8.0,6.0,5.0
2019-11-08,18.0,0.0,0.0,19.0,9.0,4.0,34.0,35.0,1.0,47.0,1.0,2.0,0.0,1.0,45.0,2.0,4.0,2.0,7.0,11.0,9.0,19.0,4.0,72.0,0.0,12.0,4.0,5.0
2019-11-09,18.0,1.0,0.0,24.0,22.0,8.0,32.0,38.0,1.0,53.0,0.0,8.0,0.0,1.0,44.0,1.0,2.0,3.0,9.0,6.0,12.0,17.0,4.0,94.0,0.0,11.0,6.0,15.0
2019-11-10,20.0,2.0,0.0,11.0,6.0,4.0,43.0,39.0,0.0,67.0,0.0,5.0,0.0,5.0,49.0,0.0,6.0,2.0,7.0,7.0,9.0,17.0,2.0,79.0,3.0,13.0,8.0,5.0
2019-11-11,11.0,1.0,0.0,20.0,14.0,6.0,29.0,30.0,0.0,48.0,0.0,7.0,1.0,3.0,30.0,1.0,1.0,0.0,5.0,6.0,4.0,17.0,4.0,92.0,3.0,13.0,8.0,13.0
2019-11-12,18.0,1.0,0.0,15.0,6.0,4.0,37.0,23.0,1.0,52.0,2.0,6.0,0.0,3.0,42.0,0.0,5.0,0.0,6.0,3.0,6.0,17.0,4.0,85.0,2.0,9.0,12.0,10.0
2019-11-13,15.0,0.0,0.0,12.0,10.0,3.0,37.0,23.0,0.0,67.0,0.0,2.0,0.0,2.0,41.0,2.0,2.0,2.0,4.0,6.0,10.0,17.0,2.0,103.0,0.0,6.0,7.0,9.0
2019-11-14,15.0,4.0,0.0,15.0,8.0,4.0,39.0,31.0,0.0,44.0,0.0,5.0,0.0,1.0,52.0,2.0,0.0,2.0,8.0,7.0,8.0,15.0,1.0,84.0,3.0,9.0,4.0,3.0
2019-11-15,18.0,2.0,0.0,13.0,8.0,8.0,33.0,20.0,0.0,61.0,0.0,4.0,1.0,2.0,33.0,5.0,1.0,1.0,9.0,14.0,7.0,16.0,4.0,90.0,1.0,13.0,3.0,10.0
2019-11-16,18.0,2.0,0.0,11.0,8.0,3.0,31.0,36.0,2.0,44.0,0.0,3.0,0.0,1.0,37.0,0.0,7.0,3.0,7.0,4.0,6.0,23.0,3.0,90.0,1.0,13.0,9.0,9.0
2019-11-17,18.0,4.0,0.0,14.0,11.0,7.0,28.0,32.0,0.0,70.0,0.0,2.0,0.0,2.0,44.0,1.0,7.0,1.0,13.0,7.0,5.0,11.0,2.0,106.0,0.0,9.0,7.0,6.0
2019-11-18,13.0,2.0,0.0,8.0,9.0,8.0,39.0,36.0,0.0,54.0,0.0,6.0,1.0,3.0,43.0,2.0,4.0,0.0,9.0,8.0,6.0,16.0,0.0,83.0,3.0,7.0,7.0,11.0
2019-11-19,21.0,0.0,0.0,11.0,7.0,13.0,34.0,40.0,0.0,46.0,1.0,1.0,0.0,5.0,47.0,1.0,4.0,2.0,5.0,2.0,10.0,20.0,1.0,77.0,1.0,9.0,7.0,11.0
2019-11-20,14.0,1.0,0.0,12.0,13.0,7.0,39.0,26.0,0.0,66.0,0.0,1.0,1.0,1.0,45.0,4.0,3.0,0.0,6.0,7.0,4.0,18.0,6.0,102.0,1.0,9.0,6.0,8.0
2019-11-21,8.0,1.0,0.0,14.0,13.0,3.0,32.0,36.0,0.0,54.0,2.0,1.0,0.0,1.0,44.0,0.0,0.0,0.0,12.0,9.0,6.0,12.0,3.0,109.0,2.0,11.0,5.0,4.0
2019-11-22,18.0,3.0,0.0,20.0,7.0,2.0,31.0,27.0,0.0,43.0,0.0,5.0,0.0,2.0,40.0,1.0,2.0,2.0,5.0,8.0,12.0,19.0,2.0,78.0,0.0,7.0,4.0,9.0
2019-11-23,17.0,1.0,0.0,30.0,8.0,7.0,37.0,22.0,0.0,67.0,0.0,10.0,0.0,2.0,38.0,2.0,5.0,3.0,7.0,8.0,8.0,16.0,4.0,76.0,1.0,10.0,8.0,9.0
2019-11-24,19.0,0.0,0.0,19.0,8.0,8.0,32.0,42.0,0.0,66.0,0.0,5.0,0.0,4.0,50.0,1.0,5.0,2.0,11.0,6.0,6.0,13.0,4.0,93.0,2.0,10.0,13.0,9.0
2019-11-25,12.0,2.0,0.0,26.0,4.0,6.0,37.0,43.0,0.0,47.0,0.0,8.0,1.0,3.0,54.0,3.0,1.0,1.0,9.0,7.0,3.0,15.0,3.0,85.0,3.0,11.0,3.0,11.0
2019-11-26,13.0,2.0,0.0,29.0,13.0,4.0,38.0,31.0,1.0,47.0,0.0,9.0,0.0,3.0,45.0,2.0,6.0,0.0,8.0,3.0,3.0,15.0,3.0,94.0,1.0,7.0,5.0,10.0
2019-11-27,22.0,0.0,0.0,22.0,9.0,7.0,42.0,27.0,1.0,65.0,0.0,4.0,0.0,5.0,47.0,2.0,4.0,1.0,7.0,7.0,10.0,17.0,3.0,95.0,3.0,13.0,8.0,10.0
2019-11-28,13.0,3.0,0.0,29.0,7.0,4.0,39.0,36.0,1.0,51.0,1.0,4.0,0.0,0.0,44.0,1.0,1.0,3.0,2.0,11.0,5.0,12.0,3.0,79.0,3.0,7.0,3.0,2.0
2019-11-29,12.0,1.0,0.0,21.0,5.0,2.0,32.0,33.0,0.0,55.0,0.0,5.0,0.0,2.0,34.0,4.0,2.0,2.0,6.0,12.0,3.0,18.0,5.0,93.0,0.0,11.0,8.0,13.0
2019-11-30,21.0,1.0,0.0,30.0,10.0,6.0,27.0,37.0,0.0,55.0,0.0,8.0,0.0,1.0,34.0,1.0,5.0,0.0,11.0,8.0,6.0,16.0,3.0,84.0,1.0,12.0,8.0,6.0
2019-12-01,17.0,0.0,0.0,18.0,12.0,7.0,38.0,37.0,0.0,61.0,0.0,6.0,1.0,3.0,41.0,2.0,6.0,1.0,6.0,5.0,10.0,13.0,4.0,98.0,3.0,12.0,8.0,11.0
2019-12-02,13.0,2.0,0.0,32.0,13.0,6.0,37.0,27.0,1.0,66.0,0.0,1.0,0.0,5.0,48.0,3.0,3.0,2.0,5.0,4.0,7.0,16.0,2.0,75.0,0.0,8.0,10.0,13.0
2019-12-03,11.0,3.0,0.0,23.0,6.0,4.0,40.0,36.0,0.0,57.0,0.0,2.0,0.0,3.0,43.0,0.0,9.0,0.0,11.0,3.0,12.0,18.0,1.0,87.0,2.0,7.0,8.0,8.0
2019-12-04,12.0,3.0,0.0,28.0,9.0,5.0,34.0,27.0,1.0,48.0,1.0,9.0,2.0,1.0,41.0,1.0,1.0,1.0,3.0,9.0,8.0,18.0,2.0,87.0,1.0,7.0,7.0,4.0
2019-12-05,15.0,1.0,0.0,25.0,9.0,7.0,40.0,27.0,0.0,52.0,0.0,2.0,0.0,1.0,31.0,1.0,1.0,3.0,7.0,7.0,8.0,22.0,0.0,95.0,3.0,11.0,4.0,7.0
2019-12-06,10.0,1.0,0.0,26.0,5.0,4.0,38.0,31.0,1.0,48.0,0.0,5.0,0.0,3.0,33.0,2.0,2.0,0.0,7.0,11.0,5.0,21.0,8.0,72.0,2.0,8.0,6.0,11.0
2019-12-07,16.0,2.0,0.0,30.0,8.0,6.0,38.0,42.0,0.0,52.0,0.0,7.0,0.0,2.0,33.0,0.0,2.0,2.0,8.0,10.0,5.0,14.0,5.0,84.0,1.0,12.0,5.0,11.0
2019-12-08,21.0,0.0,0.0,28.0,8.0,7.0,32.0,48.0,1.0,66.0,1.0,2.0,0.0,2.0,48.0,1.0,7.0,1.0,11.0,7.0,7.0,8.0,0.0,97.0,1.0,10.0,6.0,8.0
2019-12-09,19.0,4.0,0.0,25.0,10.0,3.0,30.0,27.0,0.0,48.0,0.0,1.0,1.0,3.0,40.0,1.0,4.0,3.0,5.0,6.0,8.0,16.0,4.0,81.0,1.0,10.0,6.0,14.0
2019-12-10,15.0,0.0,0.0,20.0,8.0,8.0,22.0,39.0,0.0,52.0,1.0,8.0,0.0,1.0,41.0,1.0,7.0,2.0,5.0,4.0,7.0,18.0,1.0,91.0,2.0,10.0,7.0,8.0
2019-12-11,10.0,1.0,0.0,29.0,9.0,7.0,36.0,22.0,1.0,48.0,0.0,9.0,0.0,3.0,44.0,2.0,1.0,2.0,10.0,9.0,5.0,13.0,2.0,87.0,0.0,4.0,9.0,12.0
2019-12-12,16.0,1.0,0.0,31.0,9.0,5.0,39.0,32.0,0.0,56.0,0.0,5.0,0.0,1.0,38.0,1.0,1.0,1.0,6.0,5.0,7.0,17.0,1.0,82.0,2.0,6.0,6.0,6.0
2019-12-13,16.0,4.0,0.0,23.0,10.0,4.0,22.0,35.0,1.0,48.0,1.0,5.0,0.0,3.0,41.0,2.0,2.0,1.0,5.0,16.0,8.0,21.0,3.0,88.0,1.0,13.0,5.0,11.0
2019-12-14,15.0,1.0,0.0,27.0,9.0,3.0,32.0,32.0,1.0,50.0,0.0,6.0,0.0,2.0,33.0,1.0,3.0,3.0,5.0,6.0,6.0,15.0,6.0,82.0,2.0,7.0,7.0,9.0
2019-12-15,20.0,0.0,0.0,34.0,9.0,4.0,33.0,24.0,0.0,72.0,0.0,7.0,0.0,4.0,49.0,0.0,6.0,2.0,6.0,6.0,12.0,14.0,3.0,86.0,1.0,11.0,12.0,8.0
2019-12-16,17.0,2.0,0.0,29.0,3.0,5.0,38.0,42.0,0.0,64.0,0.0,6.0,2.0,1.0,40.0,1.0,4.0,1.0,4.0,7.0,6.0,17.0,3.0,94.0,3.0,8.0,8.0,12.0
2019-12-17,12.0,1.0,0.0,17.0,10.0,4.0,32.0,21.0,0.0,46.0,0.0,7.0,0.0,3.0,52.0,4.0,9.0,2.0,8.0,2.0,7.0,17.0,2.0,90.0,2.0,9.0,10.0,8.0
2019-12-18,18.0,0.0,0.0,32.0,11.0,7.0,41.0,29.0,0.0,56.0,1.0,4.0,0.0,2.0,46.0,1.0,0.0,2.0,5.0,9.0,8.0,15.0,3.0,91.0,1.0,6.0,7.0,14.0
2019-12-19,14.0,2.0,0.0,21.0,9.0,8.0,38.0,39.0,0.0,48.0,1.0,6.0,0.0,1.0,42.0,2.0,2.0,1.0,5.0,7.0,11.0,18.0,0.0,97.0,3.0,6.0,6.0,2.0
2019-12-20,16.0,1.0,0.0,31.0,10.0,4.0,24.0,22.0,0.0,52.0,0.0,4.0,1.0,1.0,32.0,3.0,2.0,2.0,3.0,12.0,7.0,15.0,4.0,89.0,0.0,12.0,4.0,7.0
2019-12-21,14.0,1.0,0.0,27.0,10.0,5.0,43.0,20.0,1.0,57.0,0.0,3.0,0.0,4.0,41.0,0.0,1.0,3.0,7.0,9.0,10.0,19.0,4.0,83.0,2.0,9.0,6.0,9.0
2019-12-22,21.0,1.0,0.0,24.0,6.0,6.0,37.0,31.0,0.0,79.0,0.0,5.0,0.0,4.0,33.0,2.0,4.0,1.0,11.0,6.0,6.0,16.0,3.0,90.0,1.0,11.0,8.0,11.0
2019-12-23,10.0,2.0,0.0,20.0,2.0,3.0,14.0,38.0,0.0,59.0,0.0,4.0,1.0,3.0,40.0,0.0,3.0,1.0,3.0,5.0,11.0,15.0,2.0,91.0,1.0,13.0,6.0,9.0
2019-12-24,23.0,0.0,0.0,27.0,11.0,5.0,32.0,17.0,0.0,48.0,1.0,8.0,0.0,0.0,47.0,2.0,6.0,1.0,9.0,3.0,5.0,20.0,2.0,103.0,3.0,5.0,8.0,9.0
2019-12-25,10.0,1.0,0.0,31.0,14.0,5.0,38.0,36.0,0.0,55.0,1.0,7.0,0.0,3.0,40.0,0.0,2.0,2.0,7.0,8.0,6.0,11.0,3.0,99.0,1.0,12.0,10.0,12.0
2019-12-26,20.0,1.0,0.0,21.0,8.0,7.0,33.0,26.0,0.0,53.0,1.0,6.0,0.0,3.0,53.0,1.0,1.0,3.0,5.0,7.0,8.0,13.0,1.0,91.0,4.0,8.0,3.0,6.0
2019-12-27,17.0,4.0,0.0,35.0,3.0,1.0,35.0,42.0,0.0,41.0,0.0,2.0,0.0,1.0,34.0,4.0,1.0,2.0,0.0,13.0,6.0,14.0,3.0,63.0,0.0,9.0,3.0,5.0
2019-12-28,17.0,3.0,0.0,31.0,11.0,7.0,31.0,30.0,1.0,63.0,0.0,7.0,0.0,1.0,38.0,1.0,3.0,1.0,4.0,7.0,5.0,20.0,3.0,76.0,1.0,12.0,6.0,8.0
2019-12-29,18.0,1.0,0.0,26.0,14.0,5.0,31.0,39.0,0.0,65.0,1.0,6.0,0.0,2.0,43.0,1.0,6.0,2.0,11.0,6.0,8.0,12.0,1.0,83.0,1.0,12.0,7.0,11.0
2019-12-30,13.0,3.0,0.0,17.0,6.0,9.0,36.0,38.0,1.0,58.0,0.0,7.0,1.0,4.0,44.0,1.0,2.0,0.0,7.0,6.0,8.0,20.0,5.0,98.0,3.0,4.0,6.0,8.0
2019-12-31,11.0,1.0,0.0,19.0,8.0,3.0,28.0,30.0,0.0,50.0,0.0,6.0,1.0,1.0,44.0,1.0,6.0,1.0,5.0,4.0,8.0,21.0,1.0,76.0,0.0,8.0,10.0,12.0
2020-01-01,13.0,1.0,0.0,31.0,6.0,5.0,29.0,25.0,0.0,46.0,0.0,3.0,1.0,2.0,45.0,4.0,0.0,2.0,4.0,6.0,11.0,25.0,0.0,78.0,1.0,8.0,9.0,12.0
2020-01-02,17.0,2.0,0.0,29.0,8.0,6.0,26.0,25.0,0.0,50.0,0.0,7.0,0.0,0.0,47.0,2.0,2.0,2.0,1.0,6.0,16.0,18.0,2.0,95.0,2.0,6.0,5.0,5.0
2020-01-03,18.0,1.0,0.0,29.0,10.0,2.0,29.0,35.0,0.0,51.0,0.0,7.0,0.0,2.0,41.0,0.0,3.0,0.0,6.0,13.0,10.0,11.0,4.0,69.0,2.0,17.0,5.0,6.0
2020-01-04,22.0,0.0,0.0,19.0,7.0,5.0,33.0,28.0,0.0,49.0,1.0,6.0,0.0,2.0,41.0,0.0,2.0,2.0,8.0,7.0,9.0,27.0,3.0,74.0,2.0,12.0,7.0,12.0
2020-01-05,26.0,3.0,0.0,16.0,10.0,5.0,30.0,33.0,0.0,75.0,0.0,5.0,0.0,2.0,45.0,0.0,5.0,0.0,5.0,5.0,14.0,13.0,3.0,90.0,3.0,7.0,5.0,10.0
2020-01-06,16.0,2.0,0.0,25.0,1.0,10.0,39.0,34.0,0.0,48.0,0.0,4.0,1.0,3.0,38.0,2.0,3.0,1.0,2.0,6.0,10.0,10.0,3.0,86.0,1.0,10.0,8.0,6.0
2020-01-07,19.0,0.0,0.0,20.0,3.0,7.0,37.0,30.0,0.0,46.0,0.0,6.0,0.0,1.0,56.0,0.0,4.0,3.0,11.0,6.0,8.0,12.0,0.0,102.0,1.0,7.0,9.0,8.0
2020-01-08,8.0,1.0,0.0,19.0,9.0,7.0,37.0,33.0,0.0,47.0,0.0,3.0,0.0,2.0,50.0,3.0,4.0,1.0,8.0,8.0,11.0,18.0,4.0,50.0,0.0,14.0,5.0,12.0
2020-01-09,12.0,1.0,0.0,26.0,11.0,3.0,41.0,24.0,1.0,59.0,0.0,4.0,0.0,2.0,41.0,2.0,0.0,2.0,2.0,8.0,11.0,19.0,1.0,83.0,0.0,5.0,8.0,5.0
2020-01-10,18.0,1.0,0.0,30.0,3.0,6.0,30.0,22.0,0.0,55.0,0.0,4.0,0.0,2.0,29.0,2.0,2.0,1.0,4.0,8.0,8.0,23.0,6.0,63.0,3.0,14.0,4.0,5.0
2020-01-11,11.0,1.0,0.0,22.0,6.0,5.0,31.0,31.0,0.0,57.0,0.0,4.0,0.0,3.0,44.0,1.0,2.0,2.0,6.0,7.0,11.0,17.0,3.0,82.0,1.0,4.0,10.0,13.0
2020-01-12,18.0,1.0,0.0,22.0,9.0,7.0,33.0,37.0,0.0,65.0,0.0,4.0,0.0,3.0,48.0,1.0,8.0,1.0,7.0,10.0,8.0,15.0,2.0,79.0,3.0,14.0,8.0,10.0
2020-01-13,14.0,2.0,0.0,26.0,11.0,5.0,33.0,45.0,1.0,60.0,1.0,6.0,1.0,4.0,45.0,1.0,3.0,2.0,9.0,7.0,10.0,14.0,2.0,98.0,2.0,13.0,7.0,10.0
2020-01-14,17.0,2.0,0.0,21.0,13.0,5.0,31.0,30.0,0.0,48.0,1.0,5.0,1.0,1.0,54.0,3.0,5.0,2.0,4.0,5.0,13.0,13.0,3.0,77.0,0.0,11.0,7.0,5.0
2020-01-15,18.0,0.0,0.0,19.0,12.0,5.0,21.0,26.0,0.0,60.0,0.0,5.0,1.0,3.0,41.0,3.0,2.0,1.0,7.0,9.0,7.0,21.0,5.0,78.0,1.0,9.0,6.0,8.0
2020-01-16,12.0,1.0,0.0,23.0,7.0,5.0,41.0,24.0,1.0,52.0,0.0,2.0,0.0,3.0,25.0,1.0,2.0,0.0,8.0,9.0,7.0,14.0,4.0,68.0,2.0,8.0,5.0,5.0
2020-01-17,22.0,2.0,0.0,23.0,7.0,2.0,44.0,36.0,0.0,42.0,0.0,9.0,0.0,5.0,43.0,1.0,2.0,2.0,4.0,10.0,14.0,17.0,2.0,80.0,1.0,17.0,1.0,9.0
2020-01-18,19.0,1.0,0.0,21.0,7.0,2.0,35.0,31.0,0.0,56.0,1.0,8.0,0.0,2.0,43.0,1.0,0.0,2.0,7.0,5.0,9.0,16.0,2.0,68.0,1.0,14.0,8.0,10.0
2020-01-19,17.0,2.0,0.0,21.0,11.0,6.0,39.0,33.0,0.0,65.0,0.0,3.0,0.0,1.0,46.0,2.0,6.0,3.0,4.0,6.0,8.0,17.0,1.0,66.0,1.0,9.0,12.0,8.0
2020-01-20,11.0,3.0,0.0,19.0,5.0,4.0,28.0,37.0,0.0,52.0,0.0,6.0,1.0,2.0,48.0,0.0,4.0,0.0,5.0,6.0,13.0,16.0,4.0,83.0,1.0,12.0,6.0,9.0
2020-01-21,12.0,1.0,0.0,24.0,11.0,5.0,32.0,39.0,0.0,51.0,0.0,6.0,0.0,0.0,31.0,3.0,3.0,0.0,6.0,5.0,11.0,17.0,1.0,77.0,2.0,6.0,8.0,9.0
2020-01-22,18.0,1.0,0.0,15.0,11.0,4.0,33.0,17.0,0.0,65.0,0.0,7.0,0.0,2.0,50.0,2.0,4.0,0.0,7.0,6.0,11.0,22.0,5.0,83.0,1.0,7.0,7.0,11.0
2020-01-23,12.0,3.0,0.0,22.0,7.0,6.0,33.0,30.0,0.0,49.0,0.0,5.0,0.0,1.0,38.0,1.0,1.0,2.0,4.0,8.0,16.0,13.0,2.0,85.0,2.0,9.0,6.0,4.0
2020-01-24,15.0,1.0,0.0,20.0,8.0,8.0,38.0,27.0,0.0,42.0,0.0,6.0,1.0,2.0,27.0,2.0,1.0,2.0,5.0,9.0,12.0,17.0,4.0,63.0,1.0,8.0,6.0,8.0
2020-01-25,13.0,1.0,0.0,9.0,12.0,6.0,32.0,27.0,0.0,49.0,0.0,4.0,0.0,2.0,47.0,2.0,3.0,1.0,8.0,7.0,17.0,20.0,7.0,58.0,1.0,13.0,14.0,13.0
2020-01-26,19.0,2.0,0.0,17.0,10.0,4.0,35.0,36.0,1.0,72.0,0.0,6.0,0.0,4.0,44.0,0.0,3.0,2.0,4.0,5.0,12.0,18.0,1.0,65.0,3.0,21.0,11.0,4.0
2020-01-27,16.0,2.0,0.0,22.0,9.0,7.0,38.0,26.0,0.0,46.0,0.0,3.0,1.0,4.0,48.0,0.0,3.0,1.0,2.0,10.0,11.0,14.0,2.0,77.0,1.0,4.0,8.0,12.0
2020-01-28,13.0,0.0,0.0,9.0,9.0,5.0,30.0,34.0,0.0,82.0,1.0,3.0,0.0,0.0,48.0,3.0,5.0,2.0,10.0,1.0,8.0,15.0,5.0,59.0,2.0,10.0,6.0,11.0
2020-01-29,21.0,0.0,0.0,14.0,6.0,2.0,40.0,35.0,0.0,59.0,1.0,7.0,0.0,2.0,45.0,4.0,3.0,1.0,9.0,9.0,7.0,20.0,1.0,83.0,1.0,6.0,7.0,10.0
2020-01-30,11.0,0.0,0.0,7.0,3.0,4.0,36.0,26.0,1.0,42.0,0.0,3.0,0.0,1.0,38.0,1.0,1.0,2.0,6.0,9.0,11.0,17.0,1.0,56.0,3.0,3.0,5.0,7.0
2020-01-31,14.0,1.0,0.0,21.0,10.0,6.0,42.0,33.0,1.0,41.0,0.0,7.0,0.0,1.0,35.0,2.0,2.0,3.0,7.0,10.0,13.0,16.0,2.0,57.0,1.0,8.0,4.0,8.0
2020-02-01,25.0,2.0,0.0,11.0,11.0,2.0,29.0,42.0,0.0,53.0,0.0,9.0,1.0,4.0,43.0,2.0,3.0,2.0,5.0,6.0,12.0,20.0,6.0,65.0,1.0,11.0,8.0,14.0
2020-02-02,16.0,0.0,0.0,19.0,13.0,7.0,38.0,37.0,0.0,62.0,0.0,3.0,0.0,0.0,38.0,2.0,7.0,2.0,4.0,5.0,8.0,16.0,3.0,74.0,1.0,13.0,7.0,8.0
2020-02-03,15.0,3.0,0.0,12.0,7.0,9.0,37.0,33.0,0.0,51.0,0.0,5.0,0.0,4.0,47.0,0.0,3.0,2.0,3.0,9.0,9.0,16.0,2.0,44.0,1.0,13.0,8.0,14.0
2020-02-04,13.0,0.0,0.0,23.0,5.0,5.0,32.0,27.0,0.0,41.0,0.0,4.0,1.0,4.0,47.0,2.0,5.0,1.0,4.0,4.0,14.0,12.0,0.0,80.0,3.0,12.0,10.0,6.0
2020-02-05,17.0,1.0,0.0,13.0,5.0,5.0,42.0,22.0,0.0,42.0,0.0,3.0,0.0,2.0,45.0,0.0,3.0,0.0,9.0,10.0,9.0,19.0,4.0,56.0,1.0,9.0,5.0,12.0
2020-02-06,16.0,0.0,0.0,19.0,7.0,7.0,34.0,28.0,1.0,40.0,0.0,6.0,0.0,1.0,46.0,1.0,2.0,1.0,7.0,6.0,11.0,20.0,4.0,55.0,2.0,5.0,5.0,3.0
2020-02-07,15.0,3.0,0.0,17.0,7.0,6.0,32.0,28.0,0.0,35.0,0.0,2.0,0.0,2.0,36.0,4.0,2.0,0.0,8.0,5.0,9.0,22.0,3.0,53.0,2.0,12.0,10.0,8.0
2020-02-08,21.0,0.0,0.0,12.0,10.0,2.0,37.0,30.0,0.0,52.0,0.0,4.0,0.0,2.0,43.0,0.0,1.0,2.0,7.0,6.0,10.0,20.0,2.0,50.0,1.0,10.0,6.0,8.0
2020-02-09,20.0,2.0,0.0,18.0,11.0,7.0,23.0,51.0,0.0,61.0,0.0,2.0,0.0,5.0,57.0,1.0,9.0,3.0,3.0,11.0,5.0,11.0,5.0,64.0,0.0,13.0,5.0,7.0
2020-02-10,13.0,3.0,0.0,16.0,7.0,6.0,25.0,31.0,0.0,49.0,0.0,6.0,1.0,0.0,49.0,1.0,2.0,0.0,1.0,6.0,6.0,16.0,7.0,66.0,2.0,7.0,4.0,15.0
2020-02-11,21.0,0.0,0.0,14.0,7.0,8.0,14.0,35.0,0.0,45.0,1.0,5.0,1.0,2.0,41.0,4.0,4.0,0.0,3.0,7.0,7.0,19.0,4.0,79.0,3.0,6.0,9.0,7.0
2020-02-12,17.0,3.0,0.0,21.0,12.0,7.0,19.0,30.0,0.0,50.0,1.0,2.0,0.0,4.0,43.0,2.0,0.0,1.0,5.0,7.0,13.0,15.0,2.0,59.0,1.0,5.0,8.0,13.0
2020-02-13,20.0,1.0,0.0,15.0,5.0,4.0,54.0,29.0,0.0,49.0,0.0,6.0,0.0,1.0,46.0,1.0,3.0,3.0,3.0,4.0,7.0,18.0,2.0,51.0,2.0,7.0,4.0,4.0
2020-02-14,13.0,0.0,0.0,12.0,4.0,3.0,32.0,21.0,0.0,41.0,0.0,3.0,0.0,1.0,35.0,5.0,1.0,1.0,8.0,9.0,5.0,23.0,2.0,53.0,1.0,3.0,5.0,11.0
2020-02-15,12.0,2.0,0.0,18.0,11.0,4.0,35.0,26.0,1.0,37.0,0.0,6.0,0.0,3.0,36.0,1.0,4.0,1.0,2.0,6.0,13.0,18.0,6.0,76.0,0.0,4.0,10.0,10.0
2020-02-16,17.0,2.0,0.0,18.0,10.0,3.0,27.0,47.0,0.0,42.0,0.0,3.0,0.0,2.0,42.0,1.0,3.0,3.0,3.0,4.0,10.0,15.0,1.0,49.0,1.0,13.0,5.0,9.0
2020-02-17,14.0,1.0,0.0,12.0,14.0,7.0,24.0,33.0,0.0,28.0,0.0,8.0,0.0,0.0,36.0,0.0,6.0,1.0,2.0,7.0,12.0,20.0,4.0,58.0,2.0,6.0,8.0,13.0
2020-02-18,18.0,2.0,0.0,26.0,4.0,2.0,29.0,32.0,0.0,60.0,0.0,8.0,1.0,4.0,38.0,3.0,3.0,0.0,4.0,7.0,10.0,16.0,4.0,73.0,2.0,10.0,9.0,6.0
2020-02-19,18.0,1.0,0.0,16.0,7.0,6.0,29.0,20.0,0.0,68.0,0.0,2.0,0.0,1.0,46.0,2.0,2.0,1.0,7.0,6.0,10.0,10.0,2.0,95.0,0.0,8.0,9.0,9.0
2020-02-20,14.0,2.0,0.0,22.0,13.0,8.0,41.0,33.0,1.0,49.0,1.0,5.0,0.0,1.0,44.0,0.0,3.0,0.0,3.0,7.0,9.0,11.0,3.0,72.0,2.0,3.0,5.0,12.0
2020-02-21,10.0,0.0,0.0,18.0,5.0,4.0,46.0,30.0,0.0,54.0,0.0,2.0,0.0,4.0,25.0,3.0,3.0,2.0,4.0,8.0,17.0,19.0,5.0,59.0,1.0,12.0,7.0,8.0
2020-02-22,16.0,0.0,0.0,18.0,9.0,4.0,36.0,37.0,0.0,51.0,0.0,2.0,0.0,1.0,34.0,1.0,1.0,0.0,4.0,7.0,9.0,16.0,1.0,73.0,3.0,8.0,5.0,9.0
2020-02-23,13.0,0.0,0.0,20.0,8.0,5.0,30.0,34.0,0.0,53.0,0.0,3.0,1.0,3.0,39.0,0.0,5.0,0.0,5.0,8.0,7.0,17.0,2.0,75.0,2.0,5.0,9.0,11.0
2020-02-24,12.0,2.0,0.0,22.0,7.0,8.0,29.0,37.0,0.0,62.0,0.0,3.0,0.0,0.0,36.0,1.0,1.0,4.0,9.0,7.0,8.0,15.0,3.0,79.0,1.0,9.0,10.0,9.0
2020-02-25,17.0,3.0,0.0,24.0,10.0,4.0,32.0,31.0,0.0,50.0,0.0,5.0,2.0,3.0,35.0,2.0,5.0,2.0,3.0,6.0,19.0,16.0,2.0,77.0,1.0,10.0,9.0,8.0
2020-02-26,10.0,1.0,0.0,10.0,7.0,11.0,38.0,25.0,1.0,58.0,0.0,4.0,0.0,1.0,41.0,2.0,3.0,0.0,3.0,6.0,7.0,17.0,2.0,88.0,4.0,14.0,3.0,11.0
2020-02-27,18.0,0.0,0.0,29.0,9.0,4.0,43.0,23.0,0.0,63.0,0.0,5.0,0.0,1.0,39.0,0.0,2.0,2.0,4.0,6.0,8.0,17.0,0.0,76.0,2.0,7.0,2.0,10.0
2020-02-28,12.0,0.0,0.0,21.0,4.0,6.0,40.0,22.0,0.0,42.0,0.0,5.0,0.0,3.0,35.0,0.0,4.0,0.0,3.0,7.0,10.0,15.0,5.0,80.0,2.0,14.0,7.0,12.0
2020-02-29,21.0,0.0,0.0,26.0,11.0,2.0,32.0,39.0,0.0,53.0,0.0,2.0,0.0,1.0,39.0,1.0,4.0,0.0,4.0,4.0,11.0,11.0,3.0,68.0,3.0,16.0,6.0,5.0
2020-03-01,20.0,2.0,0.0,27.0,5.0,2.0,23.0,30.0,0.0,63.0,0.0,3.0,0.0,1.0,36.0,0.0,1.0,2.0,5.0,8.0,9.0,14.0,5.0,80.0,2.0,8.0,5.0,10.0
2020-03-02,11.0,3.0,0.0,21.0,5.0,4.0,34.0,30.0,0.0,55.0,0.0,9.0,0.0,3.0,34.0,0.0,6.0,1.0,6.0,8.0,8.0,11.0,3.0,72.0,2.0,11.0,10.0,9.0
2020-03-03,11.0,0.0,0.0,30.0,8.0,6.0,33.0,31.0,1.0,57.0,0.0,8.0,0.0,1.0,40.0,1.0,5.0,1.0,1.0,2.0,4.0,15.0,2.0,95.0,1.0,5.0,7.0,8.0
2020-03-04,12.0,0.0,0.0,19.0,9.0,1.0,42.0,24.0,1.0,62.0,0.0,2.0,1.0,3.0,31.0,2.0,2.0,1.0,6.0,9.0,4.0,17.0,3.0,66.0,1.0,5.0,8.0,9.0
2020-03-05,11.0,2.0,0.0,29.0,10.0,7.0,31.0,23.0,0.0,53.0,0.0,3.0,0.0,1.0,39.0,1.0,2.0,3.0,8.0,5.0,8.0,16.0,4.0,69.0,2.0,9.0,2.0,10.0
2020-03-06,12.0,3.0,0.0,20.0,8.0,4.0,37.0,33.0,0.0,56.0,0.0,3.0,0.0,6.0,28.0,0.0,4.0,3.0,5.0,5.0,10.0,15.0,4.0,67.0,0.0,9.0,10.0,13.0
2020-03-07,19.0,0.0,0.0,26.0,6.0,1.0,30.0,29.0,0.0,44.0,0.0,3.0,1.0,1.0,39.0,2.0,1.0,2.0,9.0,5.0,9.0,18.0,4.0,97.0,0.0,11.0,7.0,9.0
2020-03-08,14.0,1.0,0.0,23.0,9.0,2.0,29.0,32.0,0.0,78.0,0.0,3.0,0.0,2.0,47.0,0.0,4.0,1.0,6.0,7.0,9.0,12.0,3.0,73.0,2.0,10.0,8.0,6.0
2020-03-09,12.0,3.0,0.0,24.0,5.0,2.0,38.0,35.0,1.0,44.0,0.0,3.0,0.0,2.0,36.0,0.0,6.0,2.0,5.0,10.0,8.0,8.0,3.0,86.0,1.0,9.0,4.0,11.0
2020-03-10,18.0,2.0,0.0,30.0,7.0,3.0,25.0,39.0,0.0,40.0,0.0,4.0,0.0,1.0,42.0,1.0,1.0,0.0,3.0,4.0,5.0,13.0,3.0,84.0,0.0,6.0,7.0,4.0
2020-03-11,12.0,1.0,0.0,32.0,7.0,1.0,39.0,30.0,0.0,72.0,0.0,3.0,1.0,3.0,36.0,2.0,3.0,0.0,6.0,5.0,9.0,15.0,1.0,79.0,1.0,7.0,6.0,10.0
2020-03-12,15.0,1.0,0.0,27.0,7.0,10.0,38.0,39.0,1.0,48.0,0.0,6.0,0.0,1.0,44.0,0.0,2.0,2.0,2.0,4.0,11.0,11.0,3.0,70.0,3.0,5.0,1.0,9.0
2020-03-13,13.0,1.0,0.0,27.0,4.0,4.0,34.0,21.0,0.0,48.0,0.0,4.0,1.0,4.0,29.0,0.0,3.0,0.0,8.0,8.0,6.0,14.0,4.0,75.0,2.0,11.0,5.0,10.0
2020-03-14,23.0,2.0,0.0,20.0,7.0,4.0,29.0,28.0,0.0,53.0,0.0,5.0,0.0,1.0,32.0,1.0,2.0,3.0,7.0,7.0,9.0,18.0,6.0,95.0,3.0,9.0,5.0,9.0
2020-03-15,12.0,0.0,0.0,21.0,13.0,7.0,34.0,40.0,1.0,72.0,0.0,0.0,0.0,4.0,47.0,0.0,5.0,1.0,6.0,5.0,10.0,17.0,3.0,85.0,1.0,7.0,10.0,5.0
2020-03-16,8.0,4.0,0.0,20.0,10.0,8.0,43.0,26.0,0.0,48.0,0.0,2.0,1.0,1.0,41.0,1.0,2.0,0.0,1.0,5.0,5.0,17.0,4.0,88.0,0.0,9.0,7.0,13.0
2020-03-17,12.0,0.0,0.0,18.0,10.0,8.0,29.0,38.0,0.0,48.0,2.0,3.0,0.0,2.0,40.0,1.0,4.0,0.0,12.0,2.0,10.0,20.0,1.0,93.0,4.0,9.0,10.0,11.0
2020-03-18,19.0,1.0,0.0,23.0,6.0,4.0,37.0,12.0,0.0,61.0,0.0,3.0,0.0,1.0,30.0,2.0,2.0,0.0,4.0,7.0,13.0,18.0,4.0,87.0,0.0,9.0,6.0,14.0
2020-03-19,10.0,1.0,0.0,25.0,4.0,4.0,40.0,35.0,0.0,51.0,0.0,6.0,0.0,0.0,36.0,0.0,2.0,2.0,3.0,9.0,11.0,15.0,3.0,78.0,2.0,5.0,2.0,1.0
2020-03-20,20.0,0.0,0.0,26.0,4.0,2.0,27.0,26.0,0.0,51.0,0.0,5.0,0.0,3.0,32.0,3.0,4.0,2.0,9.0,5.0,9.0,14.0,5.0,67.0,2.0,6.0,6.0,8.0
2020-03-21,20.0,0.0,0.0,33.0,1.0,2.0,37.0,33.0,0.0,33.0,0.0,6.0,0.0,3.0,39.0,1.0,3.0,0.0,9.0,6.0,7.0,14.0,5.0,84.0,1.0,10.0,7.0,15.0
2020-03-22,12.0,0.0,0.0,25.0,8.0,3.0,25.0,44.0,1.0,79.0,0.0,5.0,1.0,1.0,33.0,0.0,5.0,1.0,7.0,7.0,13.0,15.0,4.0,73.0,0.0,9.0,7.0,9.0
2020-03-23,18.0,3.0,0.0,24.0,13.0,6.0,32.0,35.0,0.0,58.0,0.0,3.0,1.0,2.0,44.0,0.0,6.0,2.0,10.0,5.0,9.0,16.0,3.0,94.0,4.0,7.0,8.0,8.0
2020-03-24,8.0,0.0,0.0,30.0,3.0,6.0,35.0,25.0,0.0,57.0,0.0,5.0,0.0,1.0,38.0,1.0,2.0,1.0,6.0,4.0,10.0,18.0,4.0,88.0,0.0,16.0,5.0,12.0
2020-03-25,11.0,0.0,0.0,24.0,9.0,5.0,34.0,30.0,0.0,55.0,0.0,3.0,1.0,3.0,53.0,1.0,5.0,1.0,7.0,6.0,7.0,13.0,2.0,100.0,1.0,5.0,5.0,9.0
2020-03-26,15.0,0.0,0.0,11.0,8.0,2.0,34.0,34.0,1.0,56.0,0.0,4.0,0.0,1.0,35.0,1.0,0.0,0.0,11.0,5.0,10.0,17.0,1.0,74.0,5.0,11.0,4.0,7.0
2020-03-27,16.0,1.0,0.0,18.0,9.0,5.0,37.0,26.0,0.0,52.0,0.0,7.0,0.0,2.0,39.0,2.0,4.0,0.0,6.0,7.0,7.0,16.0,4.0,83.0,1.0,10.0,6.0,5.0
2020-03-28,18.0,1.0,0.0,36.0,6.0,6.0,50.0,22.0,0.0,48.0,2.0,10.0,0.0,3.0,38.0,0.0,3.0,1.0,8.0,8.0,13.0,17.0,2.0,74.0,1.0,11.0,4.0,13.0
2020-03-29,15.0,1.0,0.0,16.0,4.0,4.0,26.0,33.0,0.0,64.0,0.0,0.0,0.0,3.0,46.0,0.0,3.0,3.0,11.0,7.0,4.0,10.0,7.0,88.0,1.0,13.0,10.0,9.0
2020-03-30,13.0,2.0,0.0,24.0,5.0,7.0,32.0,38.0,0.0,62.0,0.0,3.0,0.0,2.0,42.0,0.0,5.0,0.0,1.0,7.0,6.0,12.0,5.0,80.0,1.0,10.0,4.0,12.0
2020-03-31,24.0,0.0,0.0,31.0,8.0,6.0,32.0,30.0,0.0,56.0,1.0,6.0,1.0,3.0,33.0,3.0,6.0,1.0,8.0,3.0,8.0,15.0,2.0,90.0,3.0,10.0,10.0,8.0
2020-04-01,11.0,0.0,0.0,25.0,12.0,4.0,34.0,24.0,0.0,64.0,0.0,2.0,0.0,1.0,37.0,3.0,2.0,2.0,4.0,5.0,11.0,12.0,3.0,103.0,1.0,14.0,6.0,7.0
2020-04-02,16.0,0.0,0.0,19.0,7.0,2.0,42.0,27.0,1.0,55.0,0.0,3.0,0.0,3.0,36.0,2.0,3.0,1.0,4.0,7.0,14.0,13.0,2.0,74.0,3.0,12.0,3.0,1.0
2020-04-03,16.0,2.0,0.0,38.0,5.0,2.0,33.0,26.0,0.0,52.0,0.0,8.0,0.0,2.0,35.0,1.0,1.0,1.0,8.0,7.0,15.0,16.0,2.0,73.0,0.0,15.0,5.0,10.0
2020-04-04,18.0,1.0,0.0,25.0,7.0,6.0,39.0,30.0,0.0,54.0,0.0,4.0,0.0,4.0,43.0,1.0,1.0,2.0,11.0,6.0,11.0,17.0,4.0,92.0,3.0,9.0,7.0,8.0
2020-04-05,15.0,0.0,0.0,16.0,7.0,6.0,35.0,36.0,0.0,70.0,0.0,7.0,0.0,1.0,45.0,0.0,5.0,1.0,8.0,7.0,14.0,13.0,6.0,86.0,2.0,10.0,10.0,7.0
2020-04-06,14.0,2.0,0.0,30.0,4.0,2.0,30.0,35.0,0.0,49.0,0.0,8.0,0.0,2.0,44.0,0.0,4.0,1.0,2.0,8.0,14.0,16.0,4.0,96.0,1.0,5.0,7.0,9.0
2020-04-07,10.0,0.0,0.0,26.0,8.0,5.0,37.0,28.0,0.0,46.0,0.0,4.0,1.0,2.0,35.0,2.0,6.0,0.0,9.0,4.0,14.0,13.0,1.0,95.0,2.0,13.0,9.0,7.0
2020-04-08,15.0,0.0,0.0,29.0,5.0,3.0,34.0,26.0,0.0,66.0,0.0,4.0,2.0,4.0,52.0,1.0,0.0,0.0,7.0,8.0,21.0,13.0,1.0,94.0,2.0,10.0,6.0,16.0
2020-04-09,9.0,1.0,0.0,25.0,11.0,9.0,44.0,33.0,0.0,55.0,1.0,4.0,0.0,4.0,43.0,1.0,2.0,1.0,8.0,5.0,12.0,14.0,2.0,70.0,2.0,4.0,5.0,3.0
2020-04-10,18.0,0.0,0.0,23.0,5.0,6.0,42.0,37.0,0.0,58.0,0.0,5.0,0.0,1.0,37.0,1.0,1.0,2.0,7.0,7.0,10.0,18.0,3.0,75.0,1.0,12.0,7.0,11.0
2020-04-11,14.0,0.0,0.0,23.0,10.0,4.0,27.0,26.0,1.0,58.0,0.0,8.0,0.0,2.0,27.0,1.0,3.0,2.0,8.0,8.0,9.0,16.0,4.0,79.0,1.0,13.0,10.0,10.0
2020-04-12,8.0,2.0,0.0,25.0,12.0,5.0,34.0,43.0,1.0,64.0,0.0,4.0,0.0,4.0,44.0,0.0,4.0,2.0,8.0,9.0,6.0,14.0,4.0,92.0,1.0,11.0,8.0,8.0
2020-04-13,17.0,1.0,0.0,22.0,11.0,4.0,31.0,29.0,0.0,58.0,0.0,3.0,0.0,2.0,45.0,0.0,4.0,2.0,4.0,5.0,11.0,13.0,5.0,70.0,0.0,10.0,4.0,7.0
2020-04-14,13.0,0.0,0.0,31.0,6.0,6.0,30.0,24.0,1.0,65.0,0.0,8.0,0.0,2.0,44.0,1.0,6.0,0.0,4.0,3.0,2.0,17.0,3.0,93.0,5.0,7.0,7.0,8.0
2020-04-15,12.0,0.0,0.0,21.0,10.0,10.0,33.0,26.0,1.0,60.0,0.0,4.0,1.0,2.0,37.0,2.0,3.0,0.0,4.0,9.0,10.0,18.0,2.0,89.0,1.0,7.0,6.0,6.0
2020-04-16,16.0,2.0,0.0,27.0,5.0,3.0,28.0,25.0,1.0,51.0,0.0,7.0,0.0,4.0,34.0,1.0,2.0,2.0,7.0,7.0,7.0,8.0,2.0,77.0,4.0,9.0,4.0,8.0
2020-04-17,15.0,1.0,0.0,28.0,10.0,0.0,38.0,38.0,1.0,53.0,1.0,2.0,1.0,1.0,42.0,1.0,4.0,2.0,8.0,8.0,10.0,14.0,3.0,78.0,1.0,13.0,6.0,7.0
2020-04-18,16.0,0.0,0.0,25.0,11.0,2.0,33.0,31.0,1.0,38.0,0.0,3.0,1.0,1.0,32.0,1.0,1.0,2.0,5.0,5.0,17.0,16.0,5.0,67.0,1.0,9.0,8.0,10.0
2020-04-19,10.0,1.0,0.0,24.0,9.0,3.0,35.0,28.0,0.0,72.0,0.0,7.0,0.0,3.0,39.0,1.0,3.0,3.0,11.0,6.0,14.0,11.0,7.0,84.0,0.0,8.0,14.0,7.0
2020-04-20,13.0,1.0,0.0,18.0,10.0,5.0,39.0,41.0,0.0,58.0,0.0,6.0,1.0,5.0,35.0,0.0,7.0,1.0,7.0,8.0,8.0,16.0,1.0,73.0,2.0,12.0,9.0,9.0
2020-04-21,13.0,1.0,0.0,17.0,6.0,5.0,30.0,23.0,1.0,47.0,0.0,7.0,0.0,2.0,32.0,2.0,1.0,1.0,9.0,3.0,5.0,14.0,2.0,71.0,3.0,7.0,8.0,9.0
2020-04-22,11.0,0.0,0.0,18.0,7.0,4.0,34.0,24.0,1.0,56.0,0.0,1.0,1.0,3.0,38.0,2.0,2.0,1.0,10.0,6.0,12.0,18.0,1.0,68.0,1.0,7.0,3.0,9.0
2020-04-23,10.0,2.0,0.0,37.0,5.0,7.0,31.0,27.0,0.0,58.0,0.0,1.0,0.0,3.0,39.0,0.0,2.0,0.0,3.0,6.0,10.0,19.0,4.0,58.0,3.0,12.0,9.0,5.0
2020-04-24,18.0,1.0,0.0,24.0,9.0,2.0,33.0,28.0,1.0,59.0,0.0,6.0,0.0,3.0,29.0,1.0,2.0,0.0,5.0,9.0,14.0,12.0,2.0,60.0,2.0,13.0,5.0,8.0
2020-04-25,15.0,0.0,0.0,24.0,9.0,5.0,38.0,36.0,0.0,51.0,0.0,7.0,1.0,2.0,34.0,4.0,3.0,3.0,7.0,8.0,9.0,16.0,8.0,66.0,0.0,10.0,4.0,9.0
2020-04-26,9.0,1.0,0.0,30.0,8.0,7.0,27.0,36.0,1.0,63.0,0.0,1.0,0.0,1.0,37.0,0.0,4.0,1.0,13.0,8.0,9.0,9.0,4.0,86.0,0.0,7.0,10.0,8.0
2020-04-27,13.0,1.0,0.0,21.0,10.0,6.0,34.0,25.0,0.0,59.0,0.0,4.0,0.0,2.0,49.0,0.0,2.0,2.0,3.0,7.0,8.0,5.0,4.0,93.0,3.0,8.0,5.0,11.0
2020-04-28,16.0,0.0,0.0,27.0,8.0,8.0,24.0,33.0,1.0,56.0,1.0,2.0,1.0,3.0,34.0,0.0,4.0,1.0,8.0,4.0,10.0,13.0,4.0,94.0,1.0,16.0,9.0,8.0
2020-04-29,14.0,0.0,0.0,30.0,8.0,2.0,34.0,21.0,1.0,64.0,0.0,1.0,0.0,3.0,29.0,1.0,2.0,1.0,5.0,7.0,15.0,12.0,1.0,85.0,3.0,6.0,10.0,8.0
2020-04-30,9.0,0.0,0.0,27.0,9.0,4.0,30.0,27.0,0.0,57.0,2.0,7.0,0.0,2.0,42.0,0.0,2.0,1.0,8.0,5.0,10.0,16.0,5.0,79.0,2.0,9.0,2.0,4.0
2020-05-01,14.0,0.0,0.0,26.0,8.0,7.0,43.0,30.0,0.0,41.0,0.0,3.0,0.0,0.0,21.0,2.0,2.0,2.0,12.0,7.0,4.0,13.0,2.0,62.0,1.0,9.0,8.0,9.0
2020-05-02,10.0,1.0,0.0,29.0,9.0,3.0,23.0,26.0,0.0,50.0,0.0,7.0,0.0,2.0,37.0,0.0,2.0,2.0,9.0,6.0,10.0,16.0,4.0,85.0,0.0,8.0,6.0,10.0
2020-05-03,20.0,2.0,0.0,24.0,4.0,3.0,34.0,26.0,1.0,60.0,1.0,8.0,1.0,3.0,39.0,1.0,5.0,1.0,6.0,7.0,14.0,18.0,5.0,92.0,3.0,6.0,8.0,7.0
2020-05-04,11.0,2.0,0.0,20.0,12.0,5.0,32.0,35.0,0.0,49.0,0.0,7.0,1.0,2.0,34.0,1.0,4.0,0.0,4.0,9.0,20.0,12.0,1.0,85.0,1.0,5.0,4.0,4.0
2020-05-05,14.0,0.0,0.0,32.0,4.0,7.0,23.0,29.0,0.0,45.0,0.0,4.0,0.0,2.0,32.0,2.0,3.0,1.0,6.0,3.0,15.0,13.0,5.0,72.0,1.0,8.0,15.0,9.0
2020-05-06,11.0,0.0,0.0,30.0,10.0,8.0,37.0,18.0,0.0,49.0,0.0,2.0,0.0,2.0,46.0,1.0,2.0,0.0,8.0,6.0,12.0,15.0,0.0,102.0,2.0,11.0,5.0,13.0
2020-05-07,12.0,1.0,0.0,26.0,9.0,5.0,37.0,34.0,0.0,59.0,0.0,7.0,0.0,2.0,34.0,1.0,4.0,1.0,9.0,6.0,14.0,16.0,4.0,75.0,3.0,9.0,3.0,2.0
2020-05-08,12.0,0.0,0.0,16.0,15.0,6.0,33.0,27.0,0.0,46.0,1.0,3.0,0.0,2.0,30.0,2.0,1.0,0.0,10.0,12.0,13.0,10.0,3.0,75.0,1.0,13.0,8.0,6.0
2020-05-09,13.0,1.0,0.0,26.0,8.0,5.0,36.0,28.0,1.0,59.0,0.0,6.0,0.0,4.0,31.0,1.0,1.0,2.0,6.0,6.0,15.0,18.0,6.0,75.0,1.0,11.0,9.0,9.0
2020-05-10,15.0,3.0,0.0,31.0,11.0,6.0,34.0,39.0,0.0,61.0,0.0,6.0,0.0,1.0,39.0,0.0,5.0,3.0,14.0,9.0,15.0,11.0,6.0,87.0,1.0,8.0,7.0,8.0
2020-05-11,9.0,1.0,0.0,19.0,10.0,5.0,25.0,39.0,1.0,51.0,0.0,5.0,1.0,3.0,33.0,2.0,4.0,1.0,4.0,5.0,14.0,12.0,0.0,69.0,2.0,7.0,8.0,4.0
2020-05-12,16.0,0.0,0.0,24.0,9.0,3.0,30.0,32.0,0.0,60.0,0.0,5.0,1.0,2.0,43.0,2.0,2.0,1.0,7.0,2.0,15.0,11.0,3.0,99.0,1.0,8.0,10.0,11.0
2020-05-13,14.0,1.0,0.0,26.0,6.0,6.0,43.0,16.0,0.0,59.0,0.0,5.0,0.0,3.0,47.0,3.0,2.0,1.0,6.0,5.0,11.0,12.0,4.0,92.0,2.0,5.0,7.0,7.0
2020-05-14,16.0,2.0,0.0,25.0,6.0,3.0,31.0,33.0,0.0,43.0,0.0,3.0,0.0,2.0,29.0,3.0,3.0,2.0,4.0,9.0,21.0,13.0,1.0,68.0,2.0,8.0,6.0,3.0
2020-05-15,13.0,0.0,0.0,28.0,12.0,5.0,36.0,22.0,0.0,53.0,0.0,2.0,0.0,0.0,23.0,2.0,2.0,0.0,5.0,9.0,11.0,17.0,4.0,72.0,1.0,12.0,5.0,9.0
2020-05-16,8.0,0.0,0.0,28.0,12.0,9.0,35.0,33.0,0.0,45.0,0.0,3.0,0.0,1.0,34.0,0.0,2.0,2.0,12.0,6.0,14.0,10.0,5.0,86.0,2.0,16.0,7.0,11.0
2020-05-17,14.0,1.0,0.0,23.0,0.0,5.0,25.0,39.0,0.0,67.0,0.0,3.0,0.0,3.0,32.0,1.0,4.0,0.0,6.0,7.0,11.0,16.0,3.0,73.0,2.0,9.0,10.0,6.0
2020-05-18,14.0,3.0,0.0,11.0,12.0,9.0,25.0,30.0,1.0,48.0,1.0,2.0,0.0,3.0,37.0,0.0,5.0,0.0,5.0,7.0,13.0,11.0,1.0,67.0,0.0,7.0,9.0,11.0
2020-05-19,11.0,1.0,0.0,30.0,12.0,2.0,31.0,21.0,0.0,48.0,0.0,3.0,0.0,3.0,32.0,0.0,2.0,1.0,9.0,3.0,17.0,20.0,2.0,101.0,2.0,7.0,9.0,5.0
2020-05-20,17.0,0.0,0.0,29.0,8.0,5.0,35.0,25.0,0.0,66.0,0.0,6.0,0.0,2.0,41.0,2.0,2.0,1.0,8.0,6.0,21.0,13.0,4.0,83.0,0.0,8.0,7.0,10.0
2020-05-21,10.0,0.0,0.0,28.0,6.0,6.0,30.0,25.0,0.0,45.0,0.0,4.0,0.0,0.0,34.0,0.0,1.0,2.0,13.0,9.0,13.0,12.0,4.0,75.0,2.0,4.0,6.0,3.0
2020-05-22,14.0,1.0,0.0,21.0,7.0,2.0,32.0,26.0,0.0,48.0,0.0,4.0,0.0,1.0,31.0,2.0,3.0,0.0,6.0,7.0,12.0,20.0,4.0,80.0,0.0,5.0,8.0,8.0
2020-05-23,9.0,2.0,0.0,31.0,10.0,8.0,26.0,33.0,1.0,57.0,0.0,6.0,1.0,2.0,33.0,0.0,4.0,2.0,13.0,8.0,11.0,13.0,1.0,90.0,3.0,12.0,7.0,10.0
2020-05-24,17.0,0.0,0.0,26.0,8.0,5.0,28.0,29.0,1.0,58.0,0.0,5.0,1.0,3.0,32.0,0.0,5.0,2.0,5.0,9.0,15.0,12.0,4.0,85.0,2.0,10.0,8.0,6.0
2020-05-25,13.0,1.0,0.0,16.0,9.0,0.0,33.0,23.0,0.0,55.0,0.0,3.0,1.0,3.0,33.0,2.0,4.0,2.0,7.0,6.0,14.0,13.0,2.0,86.0,2.0,8.0,13.0,9.0
2020-05-26,21.0,2.0,0.0,23.0,7.0,4.0,22.0,26.0,0.0,50.0,0.0,4.0,0.0,0.0,36.0,2.0,2.0,0.0,5.0,1.0,10.0,12.0,1.0,94.0,2.0,10.0,7.0,10.0
2020-05-27,12.0,0.0,0.0,34.0,5.0,8.0,36.0,24.0,0.0,64.0,0.0,2.0,0.0,1.0,47.0,1.0,2.0,1.0,6.0,7.0,10.0,13.0,2.0,95.0,0.0,5.0,4.0,7.0
2020-05-28,14.0,3.0,0.0,22.0,3.0,6.0,38.0,29.0,0.0,49.0,0.0,7.0,0.0,1.0,39.0,0.0,3.0,1.0,6.0,7.0,16.0,10.0,2.0,67.0,2.0,5.0,5.0,7.0
2020-05-29,13.0,0.0,0.0,24.0,9.0,6.0,32.0,21.0,0.0,47.0,0.0,5.0,0.0,3.0,31.0,2.0,4.0,1.0,4.0,6.0,13.0,15.0,3.0,78.0,2.0,16.0,10.0,4.0
2020-05-30,15.0,1.0,0.0,23.0,6.0,14.0,33.0,37.0,0.0,50.0,0.0,8.0,1.0,1.0,37.0,1.0,2.0,0.0,11.0,7.0,13.0,14.0,3.0,89.0,3.0,7.0,4.0,12.0
2020-05-31,14.0,0.0,0.0,31.0,9.0,7.0,30.0,36.0,0.0,69.0,1.0,3.0,0.0,2.0,41.0,0.0,6.0,0.0,9.0,9.0,13.0,10.0,3.0,76.0,3.0,11.0,10.0,4.0
2020-06-01,14.0,3.0,0.0,15.0,9.0,5.0,34.0,33.0,1.0,61.0,0.0,7.0,0.0,0.0,42.0,1.0,4.0,1.0,3.0,8.0,13.0,13.0,2.0,90.0,0.0,9.0,9.0,9.0
2020-06-02,13.0,0.0,0.0,27.0,4.0,3.0,25.0,25.0,0.0,57.0,1.0,3.0,1.0,2.0,40.0,3.0,4.0,2.0,12.0,2.0,14.0,16.0,4.0,101.0,2.0,12.0,5.0,11.0
2020-06-03,15.0,0.0,0.0,25.0,7.0,2.0,29.0,24.0,0.0,61.0,0.0,3.0,1.0,1.0,56.0,0.0,1.0,2.0,9.0,9.0,18.0,14.0,2.0,90.0,0.0,7.0,5.0,7.0
2020-06-04,11.0,2.0,0.0,26.0,5.0,5.0,28.0,22.0,0.0,55.0,0.0,2.0,0.0,2.0,43.0,0.0,1.0,0.0,3.0,6.0,11.0,14.0,0.0,78.0,2.0,6.0,6.0,2.0
2020-06-05,10.0,1.0,0.0,26.0,17.0,7.0,36.0,25.0,0.0,42.0,0.0,5.0,0.0,1.0,29.0,1.0,2.0,0.0,7.0,6.0,15.0,15.0,3.0,84.0,1.0,10.0,7.0,6.0
2020-06-06,15.0,1.0,0.0,27.0,10.0,6.0,29.0,31.0,0.0,57.0,0.0,4.0,0.0,2.0,31.0,0.0,1.0,1.0,10.0,8.0,13.0,21.0,4.0,87.0,2.0,13.0,6.0,8.0
2020-06-07,11.0,1.0,0.0,23.0,5.0,5.0,36.0,34.0,0.0,73.0,0.0,4.0,0.0,2.0,38.0,1.0,5.0,1.0,9.0,7.0,16.0,8.0,6.0,74.0,1.0,10.0,15.0,11.0
2020-06-08,16.0,1.0,0.0,14.0,5.0,7.0,29.0,26.0,1.0,58.0,1.0,3.0,1.0,3.0,40.0,1.0,4.0,1.0,6.0,7.0,13.0,11.0,2.0,85.0,2.0,11.0,4.0,9.0
2020-06-09,16.0,2.0,0.0,31.0,8.0,6.0,15.0,25.0,0.0,53.0,0.0,5.0,0.0,0.0,41.0,1.0,3.0,1.0,7.0,4.0,16.0,13.0,2.0,94.0,2.0,8.0,10.0,9.0
2020-06-10,9.0,0.0,0.0,26.0,5.0,3.0,42.0,28.0,0.0,57.0,0.0,3.0,0.0,2.0,35.0,2.0,1.0,2.0,2.0,6.0,20.0,17.0,3.0,93.0,2.0,8.0,6.0,10.0
2020-06-11,9.0,0.0,0.0,17.0,7.0,1.0,34.0,24.0,0.0,43.0,0.0,1.0,0.0,3.0,32.0,0.0,2.0,1.0,6.0,7.0,15.0,13.0,4.0,79.0,0.0,7.0,2.0,2.0
2020-06-12,13.0,1.0,0.0,30.0,15.0,2.0,24.0,23.0,0.0,48.0,0.0,7.0,0.0,4.0,37.0,3.0,3.0,1.0,7.0,7.0,22.0,19.0,3.0,72.0,2.0,8.0,8.0,7.0
2020-06-13,16.0,0.0,0.0,25.0,10.0,5.0,28.0,28.0,0.0,50.0,0.0,4.0,1.0,1.0,30.0,2.0,2.0,1.0,15.0,7.0,14.0,13.0,3.0,81.0,3.0,11.0,7.0,14.0
2020-06-14,16.0,0.0,0.0,18.0,6.0,15.0,30.0,38.0,2.0,73.0,0.0,5.0,0.0,2.0,39.0,0.0,6.0,3.0,7.0,7.0,19.0,7.0,1.0,88.0,0.0,9.0,11.0,5.0
2020-06-15,17.0,4.0,0.0,22.0,6.0,4.0,34.0,34.0,0.0,49.0,0.0,2.0,0.0,1.0,45.0,0.0,4.0,1.0,8.0,6.0,21.0,11.0,3.0,77.0,1.0,11.0,6.0,11.0
2020-06-16,19.0,1.0,0.0,25.0,7.0,7.0,22.0,26.0,0.0,61.0,0.0,6.0,0.0,0.0,36.0,3.0,3.0,0.0,7.0,5.0,19.0,14.0,7.0,101.0,1.0,8.0,9.0,6.0
2020-06-17,14.0,0.0,0.0,25.0,6.0,10.0,39.0,25.0,0.0,60.0,0.0,5.0,0.0,2.0,39.0,3.0,3.0,1.0,5.0,9.0,25.0,9.0,2.0,100.0,2.0,8.0,8.0,10.0
2020-06-18,11.0,0.0,0.0,20.0,11.0,7.0,27.0,25.0,0.0,56.0,0.0,3.0,0.0,4.0,37.0,2.0,3.0,0.0,9.0,4.0,14.0,12.0,2.0,74.0,2.0,8.0,5.0,3.0
2020-06-19,10.0,3.0,0.0,22.0,9.0,10.0,44.0,22.0,0.0,52.0,0.0,3.0,0.0,4.0,29.0,1.0,2.0,1.0,11.0,8.0,27.0,19.0,6.0,68.0,1.0,10.0,8.0,6.0
2020-06-20,15.0,0.0,0.0,26.0,14.0,4.0,31.0,27.0,2.0,55.0,1.0,4.0,1.0,4.0,30.0,4.0,3.0,2.0,8.0,8.0,15.0,10.0,5.0,98.0,2.0,14.0,5.0,12.0
2020-06-21,10.0,2.0,0.0,26.0,7.0,4.0,36.0,33.0,0.0,62.0,0.0,8.0,0.0,2.0,35.0,0.0,4.0,0.0,4.0,8.0,18.0,15.0,2.0,101.0,1.0,8.0,8.0,3.0
2020-06-22,12.0,0.0,0.0,20.0,3.0,3.0,19.0,35.0,0.0,62.0,0.0,4.0,0.0,2.0,35.0,2.0,5.0,2.0,3.0,8.0,15.0,12.0,3.0,88.0,1.0,12.0,7.0,7.0
2020-06-23,16.0,3.0,0.0,24.0,7.0,5.0,29.0,30.0,0.0,61.0,0.0,6.0,0.0,2.0,41.0,0.0,3.0,1.0,9.0,4.0,13.0,11.0,2.0,89.0,1.0,9.0,8.0,9.0
2020-06-24,10.0,0.0,0.0,29.0,6.0,6.0,34.0,25.0,0.0,56.0,0.0,4.0,1.0,5.0,42.0,1.0,1.0,2.0,8.0,8.0,18.0,14.0,3.0,86.0,2.0,12.0,5.0,8.0
2020-06-25,9.0,1.0,0.0,22.0,6.0,6.0,32.0,29.0,0.0,60.0,1.0,4.0,0.0,0.0,32.0,3.0,0.0,0.0,2.0,5.0,11.0,13.0,4.0,81.0,2.0,11.0,7.0,1.0
2020-06-26,12.0,2.0,0.0,26.0,12.0,4.0,25.0,18.0,0.0,35.0,0.0,5.0,0.0,2.0,26.0,3.0,5.0,2.0,10.0,5.0,10.0,16.0,4.0,79.0,1.0,13.0,8.0,8.0
2020-06-27,23.0,0.0,0.0,32.0,9.0,2.0,34.0,36.0,1.0,56.0,0.0,3.0,0.0,2.0,38.0,1.0,4.0,2.0,6.0,5.0,17.0,17.0,4.0,91.0,1.0,7.0,5.0,14.0
2020-06-28,16.0,0.0,0.0,25.0,4.0,0.0,39.0,37.0,1.0,76.0,0.0,5.0,0.0,4.0,29.0,1.0,4.0,2.0,8.0,8.0,15.0,12.0,1.0,84.0,1.0,10.0,7.0,3.0
2020-06-29,13.0,2.0,0.0,28.0,8.0,4.0,32.0,30.0,0.0,54.0,0.0,4.0,1.0,4.0,40.0,2.0,3.0,0.0,7.0,7.0,21.0,13.0,4.0,80.0,4.0,10.0,7.0,10.0
2020-06-30,15.0,0.0,0.0,24.0,3.0,14.0,28.0,23.0,0.0,56.0,0.0,3.0,0.0,4.0,38.0,6.0,2.0,0.0,5.0,4.0,16.0,10.0,5.0,95.0,0.0,11.0,8.0,9.0
2020-07-01,13.0,1.0,0.0,23.0,7.0,5.0,44.0,31.0,0.0,55.0,1.0,5.0,0.0,3.0,41.0,2.0,4.0,2.0,5.0,5.0,12.0,18.0,4.0,94.0,1.0,9.0,5.0,10.0
2020-07-02,14.0,0.0,0.0,27.0,8.0,6.0,33.0,31.0,1.0,69.0,0.0,4.0,1.0,5.0,36.0,0.0,2.0,1.0,6.0,6.0,13.0,14.0,3.0,98.0,2.0,11.0,12.0,2.0
2020-07-03,9.0,0.0,0.0,20.0,9.0,9.0,28.0,29.0,1.0,55.0,0.0,8.0,0.0,3.0,29.0,4.0,5.0,0.0,11.0,8.0,17.0,17.0,2.0,66.0,1.0,11.0,5.0,11.0
2020-07-04,12.0,1.0,0.0,21.0,9.0,3.0,34.0,25.0,0.0,52.0,0.0,2.0,1.0,1.0,29.0,1.0,1.0,2.0,9.0,8.0,16.0,18.0,6.0,84.0,0.0,17.0,7.0,11.0
2020-07-05,18.0,1.0,0.0,31.0,11.0,1.0,38.0,41.0,0.0,69.0,0.0,3.0,0.0,6.0,27.0,1.0,6.0,2.0,3.0,9.0,14.0,8.0,3.0,103.0,1.0,11.0,8.0,3.0
2020-07-06,19.0,1.0,0.0,23.0,4.0,4.0,24.0,25.0,0.0,62.0,0.0,4.0,1.0,3.0,34.0,3.0,3.0,1.0,2.0,8.0,14.0,10.0,4.0,86.0,5.0,7.0,8.0,10.0
2020-07-07,17.0,2.0,0.0,21.0,3.0,12.0,23.0,40.0,0.0,59.0,0.0,6.0,0.0,2.0,36.0,1.0,4.0,2.0,3.0,3.0,14.0,11.0,5.0,102.0,4.0,9.0,8.0,8.0
2020-07-08,10.0,1.0,0.0,27.0,7.0,10.0,35.0,29.0,0.0,59.0,1.0,3.0,0.0,2.0,29.0,3.0,2.0,1.0,8.0,9.0,16.0,14.0,3.0,94.0,1.0,11.0,5.0,8.0
2020-07-09,11.0,1.0,0.0,24.0,8.0,6.0,30.0,26.0,0.0,61.0,0.0,4.0,0.0,5.0,37.0,0.0,2.0,2.0,12.0,5.0,22.0,20.0,3.0,68.0,2.0,9.0,5.0,3.0
2020-07-10,11.0,1.0,0.0,27.0,2.0,5.0,30.0,27.0,1.0,38.0,0.0,3.0,0.0,2.0,39.0,2.0,3.0,2.0,8.0,7.0,11.0,18.0,5.0,84.0,0.0,14.0,6.0,8.0
2020-07-11,11.0,1.0,0.0,25.0,8.0,4.0,40.0,23.0,1.0,53.0,0.0,4.0,1.0,1.0,30.0,0.0,2.0,0.0,9.0,5.0,15.0,18.0,1.0,80.0,2.0,20.0,9.0,10.0
2020-07-12,20.0,0.0,0.0,28.0,12.0,4.0,37.0,38.0,0.0,66.0,1.0,3.0,0.0,2.0,39.0,2.0,3.0,1.0,7.0,8.0,16.0,14.0,4.0,97.0,0.0,8.0,11.0,4.0
2020-07-13,18.0,2.0,0.0,22.0,6.0,2.0,35.0,34.0,0.0,62.0,0.0,7.0,2.0,1.0,34.0,2.0,5.0,3.0,5.0,8.0,15.0,11.0,2.0,91.0,2.0,7.0,9.0,10.0
2020-07-14,13.0,0.0,0.0,32.0,1.0,0.0,22.0,29.0,0.0,52.0,1.0,8.0,0.0,5.0,43.0,3.0,1.0,1.0,6.0,3.0,12.0,13.0,3.0,93.0,2.0,14.0,7.0,9.0
2020-07-15,15.0,0.0,0.0,26.0,6.0,11.0,41.0,26.0,0.0,57.0,0.0,2.0,1.0,1.0,27.0,0.0,3.0,1.0,8.0,9.0,13.0,13.0,1.0,105.0,1.0,8.0,3.0,6.0
2020-07-16,14.0,2.0,0.0,29.0,8.0,13.0,38.0,29.0,0.0,54.0,1.0,7.0,0.0,3.0,43.0,0.0,4.0,1.0,5.0,8.0,15.0,12.0,2.0,91.0,3.0,9.0,6.0,2.0
2020-07-17,12.0,1.0,0.0,30.0,8.0,6.0,34.0,24.0,1.0,52.0,0.0,3.0,0.0,3.0,37.0,2.0,1.0,0.0,7.0,7.0,7.0,24.0,7.0,74.0,0.0,13.0,5.0,10.0
2020-07-18,12.0,1.0,0.0,29.0,10.0,5.0,27.0,32.0,0.0,56.0,0.0,4.0,0.0,3.0,33.0,0.0,2.0,0.0,13.0,6.0,15.0,17.0,6.0,79.0,1.0,15.0,6.0,12.0
2020-07-19,18.0,0.0,0.0,21.0,8.0,6.0,41.0,35.0,0.0,65.0,0.0,4.0,0.0,4.0,27.0,2.0,2.0,1.0,8.0,8.0,10.0,12.0,2.0,90.0,1.0,8.0,12.0,5.0
2020-07-20,14.0,0.0,0.0,17.0,7.0,8.0,26.0,31.0,0.0,53.0,0.0,3.0,0.0,2.0,45.0,0.0,5.0,1.0,3.0,6.0,17.0,15.0,1.0,97.0,3.0,13.0,8.0,12.0
2020-07-21,21.0,1.0,0.0,41.0,5.0,7.0,31.0,27.0,0.0,48.0,0.0,4.0,2.0,2.0,44.0,2.0,2.0,0.0,5.0,4.0,12.0,14.0,4.0,104.0,1.0,16.0,10.0,8.0
2020-07-22,15.0,1.0,0.0,19.0,6.0,9.0,38.0,26.0,0.0,60.0,0.0,6.0,0.0,1.0,29.0,1.0,2.0,2.0,6.0,8.0,12.0,11.0,2.0,90.0,2.0,9.0,8.0,8.0
2020-07-23,15.0,0.0,0.0,22.0,6.0,4.0,34.0,29.0,0.0,48.0,0.0,4.0,0.0,3.0,43.0,3.0,0.0,2.0,6.0,5.0,14.0,15.0,3.0,84.0,2.0,9.0,5.0,3.0
2020-07-24,9.0,0.0,0.0,27.0,10.0,4.0,35.0,24.0,0.0,39.0,0.0,5.0,0.0,2.0,23.0,2.0,6.0,2.0,8.0,6.0,10.0,18.0,2.0,79.0,2.0,14.0,9.0,8.0
2020-07-25,21.0,0.0,0.0,30.0,14.0,9.0,36.0,32.0,1.0,59.0,0.0,5.0,0.0,3.0,34.0,1.0,1.0,1.0,8.0,5.0,15.0,16.0,5.0,97.0,3.0,13.0,7.0,10.0
2020-07-26,15.0,0.0,0.0,25.0,5.0,6.0,37.0,36.0,1.0,75.0,1.0,3.0,0.0,2.0,37.0,3.0,5.0,1.0,8.0,8.0,23.0,15.0,4.0,94.0,2.0,11.0,8.0,5.0
2020-07-27,14.0,0.0,0.0,20.0,4.0,4.0,28.0,29.0,1.0,66.0,0.0,4.0,0.0,3.0,38.0,0.0,4.0,4.0,4.0,10.0,11.0,13.0,2.0,78.0,1.0,10.0,9.0,10.0
2020-07-28,12.0,2.0,0.0,31.0,5.0,6.0,21.0,31.0,0.0,55.0,0.0,3.0,1.0,3.0,40.0,2.0,2.0,3.0,9.0,4.0,10.0,19.0,5.0,98.0,2.0,14.0,9.0,8.0
2020-07-29,21.0,0.0,0.0,21.0,9.0,7.0,41.0,28.0,0.0,49.0,0.0,5.0,1.0,2.0,40.0,1.0,3.0,1.0,4.0,7.0,24.0,15.0,1.0,105.0,1.0,12.0,8.0,9.0
2020-07-30,16.0,0.0,0.0,22.0,8.0,4.0,24.0,28.0,0.0,64.0,0.0,4.0,0.0,1.0,37.0,1.0,0.0,1.0,4.0,8.0,13.0,13.0,0.0,82.0,1.0,13.0,3.0,3.0
2020-07-31,10.0,1.0,0.0,30.0,10.0,5.0,32.0,24.0,1.0,57.0,0.0,5.0,0.0,3.0,35.0,2.0,1.0,0.0,11.0,8.0,10.0,18.0,2.0,83.0,0.0,10.0,2.0,13.0
2020-08-01,17.0,1.0,0.0,29.0,10.0,5.0,40.0,27.0,0.0,75.0,0.0,11.0,0.0,2.0,34.0,1.0,1.0,2.0,5.0,8.0,11.0,18.0,4.0,93.0,1.0,17.0,5.0,17.0
2020-08-02,14.0,1.0,0.0,23.0,6.0,9.0,36.0,38.0,0.0,75.0,0.0,5.0,0.0,3.0,38.0,0.0,7.0,0.0,10.0,8.0,17.0,12.0,7.0,87.0,0.0,13.0,9.0,4.0
2020-08-03,15.0,1.0,0.0,27.0,3.0,3.0,32.0,35.0,1.0,53.0,0.0,4.0,1.0,1.0,32.0,0.0,6.0,1.0,4.0,5.0,12.0,15.0,0.0,73.0,2.0,16.0,8.0,8.0
2020-08-04,11.0,0.0,0.0,21.0,5.0,6.0,33.0,32.0,0.0,63.0,0.0,4.0,0.0,3.0,36.0,0.0,1.0,0.0,9.0,4.0,16.0,19.0,2.0,78.0,2.0,12.0,7.0,11.0
2020-08-05,18.0,1.0,0.0,22.0,6.0,6.0,35.0,29.0,0.0,48.0,0.0,3.0,0.0,3.0,39.0,3.0,5.0,1.0,5.0,10.0,14.0,16.0,2.0,94.0,0.0,14.0,10.0,9.0
2020-08-06,13.0,1.0,0.0,27.0,9.0,8.0,34.0,32.0,0.0,53.0,1.0,2.0,1.0,4.0,35.0,0.0,2.0,2.0,8.0,4.0,15.0,13.0,4.0,89.0,2.0,11.0,2.0,1.0
2020-08-07,17.0,1.0,0.0,34.0,10.0,5.0,34.0,24.0,0.0,42.0,0.0,7.0,0.0,3.0,35.0,4.0,4.0,1.0,7.0,8.0,13.0,19.0,3.0,81.0,1.0,10.0,3.0,9.0
2020-08-08,13.0,0.0,0.0,16.0,10.0,5.0,32.0,34.0,2.0,55.0,0.0,5.0,0.0,0.0,42.0,1.0,3.0,2.0,9.0,8.0,10.0,19.0,3.0,79.0,5.0,9.0,6.0,8.0
2020-08-09,12.0,0.0,1.0,31.0,8.0,11.0,44.0,36.0,0.0,56.0,0.0,1.0,1.0,5.0,41.0,1.0,5.0,2.0,5.0,9.0,15.0,13.0,3.0,94.0,3.0,10.0,9.0,9.0
2020-08-10,18.0,2.0,0.0,23.0,5.0,6.0,31.0,32.0,0.0,54.0,0.0,5.0,0.0,1.0,40.0,3.0,3.0,1.0,7.0,6.0,13.0,13.0,2.0,66.0,1.0,11.0,11.0,13.0
2020-08-11,14.0,1.0,0.0,19.0,7.0,8.0,20.0,28.0,0.0,74.0,0.0,3.0,0.0,2.0,32.0,2.0,1.0,1.0,3.0,6.0,12.0,17.0,3.0,101.0,1.0,6.0,9.0,9.0
2020-08-12,18.0,1.0,0.0,26.0,5.0,4.0,41.0,28.0,1.0,54.0,0.0,7.0,1.0,3.0,36.0,3.0,3.0,3.0,4.0,7.0,10.0,15.0,4.0,99.0,2.0,11.0,10.0,7.0
2020-08-13,16.0,0.0,0.0,29.0,8.0,3.0,36.0,28.0,0.0,59.0,0.0,3.0,0.0,0.0,39.0,1.0,0.0,0.0,16.0,10.0,18.0,13.0,3.0,90.0,1.0,8.0,5.0,4.0
2020-08-14,20.0,0.0,0.0,28.0,9.0,12.0,34.0,23.0,1.0,58.0,0.0,3.0,0.0,4.0,39.0,2.0,3.0,0.0,7.0,6.0,12.0,19.0,2.0,99.0,2.0,15.0,7.0,9.0
2020-08-15,13.0,1.0,0.0,27.0,17.0,1.0,33.0,32.0,0.0,59.0,1.0,6.0,1.0,3.0,38.0,3.0,2.0,2.0,11.0,3.0,11.0,19.0,5.0,94.0,0.0,14.0,8.0,14.0
2020-08-16,16.0,1.0,0.0,20.0,7.0,8.0,40.0,35.0,0.0,60.0,0.0,8.0,0.0,3.0,43.0,0.0,7.0,2.0,9.0,8.0,18.0,15.0,4.0,84.0,1.0,16.0,11.0,4.0
2020-08-17,18.0,2.0,0.0,29.0,2.0,11.0,24.0,39.0,0.0,56.0,0.0,5.0,1.0,2.0,32.0,1.0,4.0,2.0,3.0,8.0,14.0,15.0,2.0,91.0,1.0,10.0,7.0,13.0
2020-08-18,14.0,0.0,0.0,23.0,5.0,5.0,26.0,25.0,0.0,65.0,0.0,4.0,0.0,3.0,29.0,0.0,3.0,0.0,4.0,7.0,18.0,14.0,3.0,98.0,4.0,10.0,7.0,9.0
2020-08-19,14.0,1.0,0.0,21.0,10.0,6.0,37.0,32.0,0.0,58.0,0.0,2.0,0.0,4.0,47.0,2.0,2.0,3.0,7.0,7.0,13.0,19.0,2.0,86.0,1.0,12.0,8.0,11.0
2020-08-20,17.0,0.0,0.0,31.0,6.0,3.0,35.0,22.0,0.0,57.0,0.0,4.0,0.0,2.0,42.0,0.0,2.0,1.0,8.0,5.0,14.0,12.0,0.0,67.0,1.0,10.0,9.0,4.0
2020-08-21,14.0,1.0,0.0,26.0,10.0,8.0,28.0,27.0,2.0,51.0,0.0,5.0,0.0,2.0,36.0,2.0,4.0,2.0,5.0,10.0,15.0,16.0,3.0,90.0,2.0,9.0,10.0,8.0
2020-08-22,15.0,0.0,0.0,30.0,10.0,5.0,25.0,28.0,1.0,56.0,0.0,7.0,0.0,1.0,43.0,0.0,1.0,1.0,8.0,7.0,12.0,22.0,4.0,85.0,2.0,11.0,9.0,8.0
2020-08-23,14.0,1.0,0.0,24.0,10.0,12.0,40.0,42.0,1.0,78.0,0.0,11.0,0.0,1.0,33.0,1.0,6.0,0.0,7.0,9.0,16.0,15.0,5.0,86.0,2.0,15.0,5.0,10.0
2020-08-24,15.0,2.0,1.0,6.0,8.0,6.0,35.0,34.0,1.0,63.0,0.0,8.0,1.0,5.0,38.0,0.0,6.0,2.0,6.0,10.0,10.0,17.0,3.0,73.0,4.0,16.0,9.0,8.0
2020-08-25,23.0,1.0,0.0,47.0,2.0,7.0,21.0,31.0,0.0,32.0,0.0,6.0,0.0,0.0,44.0,3.0,4.0,1.0,8.0,3.0,8.0,19.0,4.0,103.0,2.0,9.0,8.0,10.0
2020-08-26,18.0,0.0,0.0,11.0,7.0,7.0,34.0,28.0,0.0,32.0,1.0,5.0,1.0,3.0,40.0,1.0,4.0,2.0,8.0,9.0,9.0,15.0,2.0,77.0,1.0,11.0,12.0,11.0
2020-08-27,17.0,2.0,0.0,19.0,7.0,10.0,38.0,36.0,0.0,82.0,0.0,4.0,1.0,0.0,48.0,0.0,4.0,2.0,3.0,7.0,14.0,10.0,2.0,69.0,0.0,4.0,4.0,6.0
2020-08-28,17.0,0.0,0.0,38.0,13.0,9.0,26.0,20.0,3.0,74.0,0.0,5.0,0.0,2.0,34.0,3.0,3.0,1.0,9.0,6.0,19.0,23.0,3.0,97.0,0.0,10.0,6.0,8.0
2020-08-29,19.0,0.0,0.0,29.0,4.0,6.0,42.0,28.0,0.0,48.0,0.0,3.0,0.0,2.0,39.0,0.0,1.0,0.0,5.0,7.0,21.0,23.0,4.0,98.0,1.0,19.0,8.0,6.0
2020-08-30,17.0,0.0,0.0,20.0,9.0,1.0,40.0,36.0,0.0,74.0,0.0,4.0,0.0,3.0,43.0,2.0,6.0,1.0,9.0,7.0,19.0,11.0,3.0,87.0,1.0,10.0,10.0,6.0
2020-08-31,23.0,2.0,1.0,29.0,10.0,5.0,25.0,27.0,0.0,73.0,0.0,9.0,0.0,2.0,40.0,0.0,2.0,1.0,6.0,9.0,17.0,16.0,2.0,68.0,3.0,11.0,7.0,15.0
2020-09-01,18.0,0.0,0.0,30.0,2.0,5.0,25.0,27.0,0.0,31.0,0.0,6.0,0.0,1.0,41.0,3.0,3.0,3.0,4.0,6.0,19.0,14.0,3.0,128.0,1.0,9.0,7.0,7.0
2020-09-02,5.0,2.0,0.0,28.0,5.0,8.0,35.0,31.0,2.0,0.0,0.0,3.0,0.0,4.0,32.0,2.0,2.0,1.0,4.0,8.0,15.0,23.0,3.0,72.0,2.0,20.0,8.0,8.0
2020-09-03,18.0,0.0,0.0,16.0,10.0,8.0,36.0,34.0,0.0,91.0,0.0,2.0,1.0,3.0,34.0,2.0,3.0,1.0,6.0,5.0,13.0,13.0,1.0,90.0,1.0,9.0,8.0,7.0
2020-09-04,19.0,0.0,0.0,29.0,11.0,8.0,33.0,26.0,1.0,72.0,1.0,12.0,0.0,4.0,44.0,3.0,3.0,0.0,10.0,4.0,14.0,25.0,3.0,82.0,2.0,4.0,8.0,8.0
2020-09-05,18.0,0.0,0.0,30.0,7.0,5.0,40.0,28.0,0.0,58.0,0.0,3.0,0.0,0.0,31.0,1.0,3.0,2.0,6.0,6.0,16.0,14.0,5.0,92.0,0.0,12.0,7.0,6.0
2020-09-06,17.0,1.0,0.0,19.0,7.0,6.0,49.0,39.0,0.0,15.0,0.0,8.0,0.0,3.0,40.0,1.0,3.0,2.0,4.0,7.0,20.0,12.0,4.0,91.0,2.0,19.0,9.0,11.0
2020-09-07,16.0,2.0,0.0,23.0,8.0,8.0,26.0,36.0,0.0,71.0,0.0,3.0,3.0,1.0,38.0,2.0,6.0,0.0,4.0,7.0,19.0,17.0,4.0,97.0,3.0,11.0,7.0,10.0
2020-09-08,19.0,2.0,0.0,19.0,7.0,4.0,19.0,28.0,2.0,81.0,0.0,3.0,0.0,3.0,38.0,1.0,2.0,0.0,10.0,7.0,15.0,14.0,3.0,79.0,2.0,6.0,12.0,7.0
2020-09-09,18.0,0.0,0.0,22.0,10.0,10.0,44.0,26.0,0.0,53.0,0.0,2.0,0.0,2.0,37.0,2.0,4.0,3.0,4.0,8.0,14.0,13.0,2.0,80.0,0.0,12.0,9.0,9.0
2020-09-10,12.0,0.0,0.0,31.0,6.0,5.0,34.0,36.0,1.0,66.0,0.0,6.0,0.0,0.0,43.0,1.0,3.0,1.0,7.0,8.0,18.0,12.0,4.0,93.0,3.0,12.0,5.0,7.0
2020-09-11,16.0,0.0,1.0,24.0,9.0,3.0,34.0,24.0,0.0,75.0,1.0,3.0,1.0,3.0,44.0,2.0,1.0,1.0,5.0,8.0,9.0,24.0,1.0,88.0,0.0,15.0,8.0,6.0
2020-09-12,19.0,0.0,0.0,35.0,11.0,7.0,38.0,32.0,0.0,55.0,0.0,11.0,0.0,4.0,38.0,0.0,3.0,2.0,9.0,10.0,18.0,18.0,3.0,77.0,0.0,13.0,9.0,8.0
2020-09-13,15.0,0.0,0.0,29.0,5.0,2.0,39.0,28.0,1.0,61.0,0.0,2.0,0.0,1.0,41.0,2.0,4.0,3.0,5.0,10.0,12.0,13.0,3.0,99.0,4.0,10.0,9.0,7.0
2020-09-14,17.0,1.0,0.0,11.0,6.0,6.0,34.0,31.0,1.0,64.0,0.0,6.0,1.0,2.0,39.0,5.0,5.0,0.0,4.0,9.0,15.0,12.0,4.0,83.0,1.0,15.0,8.0,11.0
2020-09-15,18.0,1.0,0.0,27.0,6.0,4.0,26.0,30.0,0.0,65.0,0.0,5.0,0.0,3.0,43.0,1.0,3.0,1.0,11.0,4.0,12.0,19.0,6.0,102.0,1.0,11.0,10.0,8.0
2020-09-16,15.0,1.0,0.0,28.0,7.0,10.0,36.0,42.0,1.0,67.0,0.0,4.0,0.0,3.0,40.0,2.0,2.0,1.0,4.0,7.0,17.0,16.0,2.0,106.0,4.0,12.0,12.0,8.0
2020-09-17,11.0,0.0,0.0,32.0,9.0,2.0,38.0,30.0,0.0,56.0,0.0,3.0,0.0,2.0,39.0,0.0,3.0,0.0,8.0,5.0,22.0,19.0,3.0,82.0,0.0,12.0,3.0,6.0
2020-09-18,15.0,1.0,0.0,23.0,12.0,7.0,29.0,35.0,2.0,50.0,0.0,9.0,0.0,3.0,39.0,2.0,4.0,3.0,6.0,7.0,20.0,18.0,3.0,80.0,1.0,8.0,7.0,10.0
2020-09-19,20.0,0.0,0.0,32.0,7.0,9.0,40.0,29.0,0.0,56.0,0.0,9.0,0.0,2.0,54.0,2.0,2.0,1.0,11.0,8.0,22.0,14.0,2.0,107.0,2.0,18.0,5.0,8.0
2020-09-20,21.0,0.0,0.0,27.0,7.0,3.0,32.0,35.0,0.0,56.0,0.0,6.0,0.0,3.0,42.0,1.0,3.0,0.0,4.0,8.0,16.0,19.0,2.0,90.0,3.0,19.0,13.0,9.0
2020-09-21,16.0,3.0,1.0,23.0,5.0,7.0,38.0,30.0,0.0,71.0,0.0,6.0,0.0,3.0,39.0,3.0,2.0,1.0,4.0,7.0,25.0,16.0,6.0,80.0,1.0,12.0,5.0,10.0
2020-09-22,11.0,1.0,0.0,20.0,7.0,4.0,23.0,37.0,0.0,74.0,1.0,2.0,0.0,1.0,46.0,2.0,2.0,3.0,4.0,5.0,15.0,15.0,2.0,101.0,2.0,10.0,11.0,7.0
2020-09-23,14.0,0.0,0.0,26.0,8.0,7.0,37.0,26.0,1.0,43.0,0.0,4.0,1.0,1.0,34.0,2.0,5.0,1.0,10.0,10.0,13.0,25.0,4.0,93.0,0.0,21.0,5.0,9.0
2020-09-24,20.0,3.0,0.0,22.0,9.0,6.0,40.0,28.0,0.0,60.0,0.0,5.0,2.0,2.0,54.0,3.0,3.0,2.0,4.0,7.0,19.0,18.0,2.0,97.0,1.0,3.0,6.0,5.0
2020-09-25,15.0,1.0,0.0,22.0,7.0,6.0,22.0,35.0,0.0,61.0,0.0,3.0,0.0,4.0,34.0,1.0,3.0,0.0,8.0,5.0,14.0,20.0,2.0,78.0,2.0,2.0,7.0,7.0
2020-09-26,20.0,0.0,0.0,32.0,11.0,3.0,36.0,31.0,1.0,60.0,0.0,5.0,0.0,4.0,31.0,0.0,3.0,0.0,7.0,3.0,22.0,18.0,3.0,89.0,3.0,7.0,10.0,12.0
2020-09-27,17.0,1.0,0.0,29.0,8.0,5.0,44.0,35.0,0.0,51.0,0.0,2.0,0.0,2.0,33.0,2.0,4.0,2.0,7.0,11.0,20.0,12.0,4.0,76.0,0.0,11.0,5.0,4.0
2020-09-28,19.0,3.0,0.0,22.0,5.0,7.0,25.0,40.0,2.0,63.0,0.0,9.0,1.0,1.0,42.0,1.0,2.0,2.0,9.0,3.0,21.0,14.0,2.0,83.0,0.0,10.0,12.0,11.0
2020-09-29,16.0,0.0,0.0,22.0,9.0,5.0,25.0,28.0,0.0,68.0,0.0,2.0,0.0,4.0,38.0,3.0,3.0,0.0,11.0,8.0,14.0,12.0,2.0,84.0,1.0,14.0,8.0,9.0
2020-09-30,11.0,1.0,0.0,27.0,8.0,7.0,32.0,31.0,2.0,42.0,0.0,3.0,0.0,0.0,43.0,0.0,4.0,1.0,7.0,10.0,21.0,18.0,1.0,99.0,3.0,12.0,9.0,11.0
2020-10-01,19.0,0.0,0.0,26.0,7.0,2.0,44.0,31.0,1.0,55.0,0.0,5.0,0.0,5.0,37.0,3.0,3.0,2.0,6.0,11.0,17.0,22.0,3.0,97.0,3.0,10.0,3.0,6.0
2020-10-02,14.0,1.0,1.0,30.0,8.0,5.0,33.0,31.0,0.0,52.0,0.0,6.0,0.0,2.0,32.0,2.0,3.0,2.0,9.0,7.0,16.0,17.0,2.0,81.0,2.0,20.0,4.0,8.0
2020-10-03,21.0,0.0,0.0,20.0,8.0,8.0,35.0,27.0,1.0,51.0,0.0,6.0,0.0,3.0,37.0,2.0,1.0,3.0,8.0,6.0,19.0,20.0,5.0,79.0,3.0,9.0,10.0,17.0
2020-10-04,19.0,1.0,0.0,21.0,7.0,7.0,30.0,44.0,0.0,64.0,0.0,5.0,0.0,0.0,37.0,0.0,4.0,2.0,9.0,9.0,16.0,12.0,3.0,82.0,2.0,9.0,8.0,4.0
2020-10-05,14.0,0.0,0.0,17.0,6.0,10.0,28.0,31.0,1.0,56.0,1.0,9.0,1.0,3.0,43.0,2.0,7.0,2.0,4.0,11.0,16.0,21.0,2.0,87.0,0.0,9.0,7.0,6.0
2020-10-06,14.0,1.0,0.0,28.0,9.0,5.0,32.0,33.0,0.0,69.0,0.0,4.0,1.0,3.0,33.0,2.0,2.0,3.0,8.0,6.0,14.0,13.0,4.0,88.0,3.0,14.0,10.0,8.0
2020-10-07,11.0,1.0,0.0,24.0,8.0,4.0,31.0,28.0,1.0,66.0,1.0,2.0,0.0,2.0,39.0,2.0,3.0,3.0,7.0,7.0,17.0,18.0,3.0,92.0,2.0,13.0,7.0,6.0
2020-10-08,22.0,0.0,0.0,25.0,6.0,6.0,34.0,33.0,0.0,46.0,0.0,6.0,1.0,0.0,43.0,0.0,2.0,0.0,2.0,5.0,24.0,14.0,2.0,86.0,0.0,16.0,8.0,13.0
2020-10-09,14.0,0.0,0.0,29.0,14.0,3.0,44.0,36.0,0.0,52.0,0.0,12.0,0.0,3.0,43.0,0.0,4.0,1.0,8.0,6.0,13.0,22.0,2.0,72.0,2.0,15.0,8.0,11.0
2020-10-10,19.0,0.0,0.0,22.0,6.0,10.0,44.0,29.0,0.0,66.0,0.0,7.0,0.0,1.0,31.0,1.0,2.0,3.0,11.0,6.0,13.0,10.0,3.0,98.0,1.0,22.0,8.0,11.0
2020-10-11,15.0,0.0,0.0,26.0,6.0,6.0,31.0,33.0,1.0,62.0,0.0,5.0,0.0,1.0,45.0,1.0,4.0,3.0,4.0,7.0,8.0,20.0,2.0,80.0,2.0,13.0,9.0,7.0
2020-10-12,20.0,1.0,0.0,21.0,5.0,5.0,28.0,35.0,0.0,46.0,0.0,6.0,1.0,6.0,36.0,2.0,4.0,0.0,10.0,8.0,18.0,15.0,1.0,74.0,2.0,10.0,5.0,14.0
2020-10-13,11.0,1.0,0.0,21.0,7.0,4.0,29.0,36.0,0.0,57.0,0.0,10.0,0.0,1.0,50.0,4.0,2.0,2.0,8.0,6.0,15.0,13.0,4.0,80.0,3.0,18.0,8.0,9.0
2020-10-14,10.0,1.0,0.0,19.0,7.0,4.0,31.0,31.0,0.0,61.0,0.0,3.0,0.0,2.0,40.0,1.0,3.0,1.0,9.0,8.0,9.0,21.0,3.0,63.0,3.0,10.0,6.0,10.0
2020-10-15,16.0,0.0,0.0,28.0,9.0,7.0,32.0,25.0,0.0,53.0,0.0,6.0,0.0,2.0,42.0,1.0,3.0,2.0,6.0,9.0,13.0,15.0,6.0,72.0,1.0,10.0,8.0,8.0
2020-10-16,15.0,0.0,0.0,27.0,9.0,7.0,43.0,28.0,1.0,53.0,0.0,11.0,1.0,0.0,40.0,1.0,2.0,3.0,11.0,8.0,14.0,17.0,4.0,80.0,3.0,16.0,4.0,7.0
2020-10-17,22.0,0.0,0.0,24.0,14.0,6.0,44.0,27.0,1.0,58.0,0.0,6.0,0.0,4.0,46.0,2.0,4.0,2.0,9.0,6.0,11.0,15.0,3.0,93.0,0.0,7.0,5.0,10.0
2020-10-18,14.0,1.0,0.0,20.0,11.0,5.0,36.0,33.0,1.0,63.0,0.0,8.0,0.0,3.0,33.0,1.0,5.0,1.0,9.0,6.0,9.0,11.0,1.0,94.0,3.0,12.0,13.0,7.0
2020-10-19,10.0,1.0,0.0,23.0,9.0,6.0,29.0,35.0,0.0,64.0,0.0,9.0,1.0,2.0,43.0,0.0,3.0,0.0,4.0,11.0,13.0,22.0,2.0,93.0,1.0,12.0,8.0,7.0
2020-10-20,19.0,2.0,0.0,28.0,6.0,8.0,30.0,29.0,0.0,56.0,0.0,1.0,1.0,1.0,40.0,2.0,3.0,2.0,7.0,3.0,11.0,20.0,4.0,88.0,5.0,16.0,10.0,6.0
2020-10-21,19.0,1.0,0.0,21.0,6.0,2.0,35.0,32.0,0.0,56.0,1.0,8.0,0.0,2.0,37.0,0.0,3.0,2.0,6.0,6.0,15.0,16.0,3.0,102.0,1.0,12.0,6.0,9.0
2020-10-22,15.0,0.0,0.0,17.0,10.0,8.0,38.0,31.0,0.0,57.0,1.0,6.0,1.0,4.0,36.0,0.0,3.0,1.0,6.0,8.0,7.0,17.0,3.0,82.0,0.0,9.0,3.0,2.0
2020-10-23,17.0,1.0,0.0,31.0,9.0,3.0,26.0,30.0,0.0,46.0,0.0,11.0,0.0,2.0,45.0,3.0,4.0,1.0,8.0,6.0,17.0,16.0,2.0,86.0,1.0,13.0,9.0,10.0
2020-10-24,18.0,0.0,0.0,40.0,6.0,9.0,27.0,29.0,2.0,47.0,0.0,6.0,0.0,3.0,51.0,0.0,2.0,2.0,9.0,6.0,10.0,19.0,6.0,74.0,1.0,9.0,9.0,14.0
2020-10-25,14.0,0.0,1.0,23.0,8.0,7.0,33.0,36.0,1.0,79.0,0.0,7.0,0.0,2.0,42.0,0.0,5.0,2.0,6.0,7.0,9.0,18.0,4.0,85.0,1.0,8.0,9.0,7.0
2020-10-26,22.0,1.0,0.0,28.0,10.0,9.0,30.0,27.0,1.0,53.0,1.0,4.0,0.0,2.0,39.0,0.0,2.0,0.0,5.0,11.0,6.0,14.0,4.0,89.0,4.0,11.0,7.0,4.0
2020-10-27,15.0,1.0,0.0,25.0,5.0,5.0,27.0,33.0,0.0,65.0,0.0,6.0,1.0,1.0,42.0,2.0,6.0,2.0,4.0,1.0,13.0,11.0,2.0,94.0,5.0,10.0,8.0,9.0
2020-10-28,17.0,1.0,0.0,27.0,8.0,5.0,46.0,25.0,1.0,57.0,0.0,3.0,0.0,1.0,37.0,3.0,2.0,1.0,10.0,11.0,16.0,23.0,2.0,91.0,2.0,11.0,7.0,10.0
2020-10-29,13.0,0.0,0.0,29.0,7.0,5.0,26.0,25.0,1.0,60.0,0.0,8.0,0.0,3.0,39.0,2.0,4.0,2.0,10.0,5.0,15.0,19.0,3.0,87.0,3.0,11.0,8.0,2.0
2020-10-30,10.0,1.0,0.0,25.0,10.0,3.0,30.0,17.0,1.0,43.0,0.0,6.0,0.0,4.0,39.0,6.0,2.0,1.0,7.0,9.0,10.0,22.0,4.0,87.0,4.0,13.0,5.0,6.0
2020-10-31,19.0,0.0,0.0,27.0,9.0,4.0,31.0,33.0,1.0,63.0,1.0,2.0,0.0,3.0,42.0,7.0,4.0,3.0,11.0,9.0,17.0,15.0,0.0,81.0,0.0,17.0,5.0,10.0
2020-11-01,19.0,0.0,1.0,21.0,8.0,4.0,44.0,43.0,0.0,63.0,0.0,5.0,0.0,3.0,48.0,1.0,1.0,4.0,9.0,10.0,18.0,17.0,0.0,100.0,0.0,8.0,7.0,8.0
2020-11-02,23.0,1.0,0.0,20.0,5.0,6.0,29.0,32.0,1.0,68.0,1.0,10.0,1.0,0.0,46.0,0.0,4.0,4.0,3.0,8.0,15.0,15.0,2.0,80.0,2.0,12.0,14.0,11.0
2020-11-03,13.0,0.0,0.0,18.0,10.0,7.0,22.0,28.0,1.0,62.0,0.0,3.0,0.0,3.0,38.0,3.0,8.0,1.0,9.0,5.0,15.0,16.0,4.0,106.0,0.0,14.0,8.0,7.0
2020-11-04,8.0,2.0,0.0,25.0,7.0,4.0,33.0,29.0,0.0,57.0,0.0,2.0,1.0,2.0,47.0,2.0,4.0,1.0,9.0,5.0,19.0,12.0,3.0,82.0,4.0,7.0,5.0,6.0
2020-11-05,20.0,0.0,0.0,28.0,7.0,7.0,32.0,22.0,0.0,54.0,0.0,0.0,1.0,2.0,31.0,3.0,2.0,1.0,4.0,8.0,17.0,15.0,1.0,76.0,2.0,11.0,8.0,5.0
2020-11-06,10.0,1.0,0.0,25.0,8.0,4.0,37.0,22.0,0.0,45.0,0.0,5.0,0.0,1.0,36.0,2.0,3.0,0.0,7.0,9.0,9.0,24.0,1.0,78.0,0.0,8.0,7.0,8.0
2020-11-07,18.0,0.0,0.0,32.0,11.0,1.0,35.0,34.0,2.0,38.0,0.0,14.0,0.0,2.0,38.0,4.0,3.0,2.0,10.0,9.0,10.0,22.0,5.0,103.0,0.0,10.0,8.0,3.0
2020-11-08,14.0,0.0,0.0,32.0,12.0,3.0,41.0,27.0,1.0,65.0,0.0,5.0,0.0,2.0,37.0,1.0,4.0,0.0,9.0,8.0,7.0,13.0,2.0,91.0,2.0,11.0,9.0,10.0
2020-11-09,20.0,0.0,0.0,26.0,9.0,7.0,30.0,47.0,0.0,64.0,0.0,4.0,1.0,2.0,31.0,3.0,2.0,0.0,3.0,5.0,11.0,15.0,5.0,94.0,2.0,12.0,13.0,14.0
2020-11-10,17.0,0.0,0.0,25.0,8.0,2.0,19.0,28.0,0.0,52.0,0.0,4.0,0.0,0.0,38.0,1.0,4.0,1.0,4.0,3.0,11.0,12.0,2.0,92.0,1.0,6.0,9.0,7.0
2020-11-11,19.0,2.0,0.0,33.0,7.0,8.0,28.0,23.0,1.0,67.0,0.0,4.0,0.0,4.0,39.0,6.0,2.0,1.0,8.0,7.0,18.0,17.0,2.0,87.0,2.0,12.0,12.0,5.0
2020-11-12,14.0,0.0,0.0,18.0,9.0,10.0,40.0,32.0,0.0,59.0,0.0,4.0,0.0,4.0,42.0,1.0,1.0,1.0,5.0,9.0,10.0,18.0,3.0,91.0,1.0,11.0,2.0,5.0
2020-11-13,14.0,0.0,0.0,29.0,6.0,5.0,39.0,27.0,0.0,50.0,0.0,9.0,0.0,1.0,40.0,2.0,2.0,1.0,11.0,7.0,9.0,14.0,6.0,95.0,1.0,12.0,9.0,6.0
2020-11-14,18.0,0.0,0.0,25.0,11.0,3.0,33.0,25.0,0.0,53.0,0.0,5.0,0.0,1.0,46.0,2.0,2.0,1.0,12.0,6.0,11.0,19.0,3.0,102.0,2.0,14.0,5.0,6.0
2020-11-15,13.0,1.0,0.0,23.0,14.0,4.0,30.0,32.0,0.0,61.0,0.0,5.0,0.0,2.0,58.0,2.0,7.0,4.0,6.0,7.0,10.0,15.0,5.0,76.0,2.0,11.0,11.0,10.0
2020-11-16,19.0,0.0,0.0,30.0,9.0,8.0,34.0,34.0,0.0,56.0,0.0,7.0,1.0,2.0,45.0,2.0,4.0,1.0,10.0,8.0,13.0,14.0,6.0,83.0,3.0,9.0,9.0,6.0
2020-11-17,20.0,0.0,0.0,28.0,7.0,11.0,33.0,24.0,1.0,65.0,0.0,10.0,1.0,2.0,39.0,0.0,6.0,1.0,4.0,6.0,9.0,20.0,1.0,101.0,4.0,9.0,9.0,7.0
2020-11-18,21.0,1.0,0.0,27.0,5.0,4.0,35.0,28.0,0.0,59.0,0.0,1.0,0.0,1.0,46.0,2.0,5.0,0.0,4.0,8.0,4.0,19.0,3.0,100.0,2.0,6.0,7.0,6.0
2020-11-19,15.0,1.0,0.0,23.0,10.0,5.0,40.0,28.0,0.0,44.0,0.0,4.0,1.0,2.0,44.0,2.0,3.0,0.0,1.0,6.0,5.0,15.0,5.0,96.0,1.0,15.0,6.0,9.0
2020-11-20,12.0,0.0,0.0,31.0,11.0,5.0,28.0,31.0,1.0,59.0,0.0,2.0,0.0,1.0,39.0,2.0,2.0,1.0,7.0,12.0,7.0,16.0,4.0,77.0,2.0,8.0,10.0,9.0
2020-11-21,19.0,2.0,0.0,29.0,10.0,5.0,30.0,41.0,0.0,41.0,0.0,8.0,0.0,1.0,41.0,0.0,4.0,2.0,6.0,7.0,5.0,22.0,4.0,90.0,1.0,11.0,6.0,6.0
2020-11-22,12.0,2.0,0.0,27.0,14.0,4.0,45.0,28.0,1.0,66.0,0.0,5.0,0.0,3.0,37.0,1.0,4.0,2.0,5.0,9.0,7.0,13.0,1.0,81.0,0.0,16.0,7.0,6.0
2020-11-23,18.0,0.0,0.0,32.0,8.0,3.0,31.0,33.0,1.0,53.0,0.0,4.0,1.0,2.0,39.0,1.0,4.0,2.0,6.0,8.0,6.0,18.0,0.0,96.0,0.0,9.0,10.0,17.0
2020-11-24,18.0,0.0,0.0,37.0,8.0,6.0,27.0,36.0,1.0,56.0,0.0,3.0,0.0,3.0,35.0,2.0,5.0,1.0,8.0,5.0,10.0,14.0,4.0,87.0,3.0,11.0,7.0,7.0
2020-11-25,13.0,1.0,0.0,28.0,11.0,6.0,33.0,30.0,1.0,47.0,0.0,8.0,0.0,2.0,45.0,2.0,4.0,1.0,8.0,9.0,11.0,15.0,1.0,96.0,0.0,6.0,12.0,6.0
2020-11-26,20.0,0.0,0.0,26.0,6.0,9.0,35.0,27.0,1.0,58.0,0.0,3.0,1.0,1.0,35.0,0.0,2.0,2.0,4.0,8.0,8.0,21.0,4.0,84.0,2.0,12.0,5.0,11.0
2020-11-27,12.0,0.0,0.0,29.0,8.0,5.0,41.0,22.0,1.0,48.0,0.0,10.0,0.0,5.0,39.0,0.0,6.0,1.0,9.0,3.0,8.0,18.0,5.0,90.0,5.0,9.0,6.0,8.0
2020-11-28,15.0,1.0,0.0,21.0,10.0,3.0,34.0,41.0,0.0,49.0,0.0,2.0,0.0,2.0,45.0,1.0,1.0,1.0,6.0,5.0,6.0,20.0,2.0,83.0,0.0,10.0,6.0,5.0
2020-11-29,23.0,1.0,0.0,24.0,10.0,8.0,41.0,29.0,1.0,62.0,0.0,3.0,0.0,2.0,39.0,3.0,7.0,2.0,11.0,8.0,8.0,18.0,5.0,76.0,3.0,10.0,7.0,9.0
2020-11-30,17.0,1.0,0.0,30.0,8.0,6.0,34.0,37.0,1.0,65.0,0.0,5.0,0.0,2.0,49.0,2.0,4.0,0.0,9.0,6.0,8.0,18.0,3.0,82.0,1.0,12.0,10.0,10.0
2020-12-01,10.0,1.0,0.0,24.0,10.0,4.0,30.0,35.0,0.0,52.0,0.0,5.0,0.0,3.0,38.0,3.0,3.0,1.0,6.0,8.0,12.0,10.0,2.0,97.0,1.0,15.0,7.0,7.0
2020-12-02,24.0,2.0,0.0,30.0,6.0,5.0,39.0,30.0,0.0,73.0,0.0,4.0,2.0,3.0,35.0,0.0,3.0,1.0,7.0,7.0,11.0,14.0,6.0,96.0,1.0,12.0,5.0,4.0
2020-12-03,14.0,0.0,0.0,24.0,12.0,4.0,28.0,28.0,0.0,47.0,0.0,3.0,1.0,2.0,38.0,2.0,2.0,4.0,10.0,8.0,9.0,19.0,2.0,70.0,2.0,9.0,10.0,5.0
2020-12-04,13.0,0.0,0.0,25.0,8.0,7.0,40.0,22.0,0.0,47.0,0.0,5.0,0.0,4.0,42.0,0.0,3.0,0.0,6.0,8.0,7.0,19.0,3.0,71.0,0.0,7.0,5.0,13.0
2020-12-05,21.0,1.0,0.0,28.0,11.0,3.0,29.0,28.0,0.0,54.0,0.0,3.0,0.0,0.0,45.0,1.0,3.0,5.0,3.0,7.0,13.0,16.0,2.0,83.0,1.0,8.0,3.0,7.0
2020-12-06,14.0,1.0,0.0,30.0,8.0,1.0,30.0,21.0,0.0,58.0,0.0,5.0,0.0,1.0,34.0,1.0,6.0,1.0,5.0,12.0,10.0,16.0,2.0,101.0,2.0,10.0,8.0,10.0
2020-12-07,20.0,0.0,0.0,27.0,6.0,8.0,24.0,36.0,0.0,52.0,0.0,11.0,1.0,2.0,43.0,1.0,5.0,0.0,5.0,9.0,5.0,14.0,7.0,96.0,1.0,4.0,12.0,8.0
2020-12-08,17.0,0.0,0.0,17.0,9.0,6.0,39.0,51.0,0.0,49.0,0.0,5.0,0.0,4.0,43.0,0.0,5.0,1.0,10.0,4.0,12.0,19.0,1.0,92.0,2.0,4.0,5.0,9.0
2020-12-09,9.0,1.0,0.0,33.0,7.0,8.0,32.0,30.0,0.0,45.0,0.0,5.0,0.0,1.0,49.0,1.0,5.0,2.0,4.0,10.0,9.0,13.0,2.0,104.0,1.0,7.0,10.0,6.0
2020-12-10,13.0,1.0,0.0,26.0,7.0,3.0,36.0,24.0,0.0,64.0,0.0,6.0,0.0,0.0,35.0,0.0,3.0,1.0,10.0,7.0,11.0,15.0,1.0,85.0,0.0,13.0,6.0,8.0
2020-12-11,13.0,4.0,0.0,29.0,5.0,6.0,35.0,32.0,0.0,57.0,0.0,7.0,0.0,1.0,40.0,2.0,4.0,2.0,10.0,8.0,8.0,19.0,4.0,92.0,3.0,13.0,6.0,7.0
2020-12-12,20.0,0.0,0.0,26.0,9.0,3.0,29.0,25.0,0.0,42.0,0.0,1.0,0.0,1.0,40.0,1.0,1.0,0.0,8.0,6.0,4.0,11.0,2.0,93.0,3.0,10.0,9.0,8.0
2020-12-13,13.0,1.0,0.0,22.0,10.0,3.0,34.0,28.0,1.0,71.0,0.0,5.0,0.0,3.0,51.0,0.0,3.0,2.0,7.0,7.0,5.0,24.0,3.0,99.0,2.0,10.0,6.0,6.0
2020-12-14,19.0,2.0,0.0,30.0,7.0,4.0,35.0,40.0,1.0,56.0,0.0,9.0,1.0,3.0,47.0,0.0,6.0,1.0,7.0,7.0,11.0,21.0,1.0,80.0,0.0,5.0,9.0,12.0
2020-12-15,14.0,0.0,0.0,35.0,10.0,9.0,30.0,27.0,0.0,51.0,0.0,5.0,2.0,1.0,40.0,2.0,4.0,1.0,3.0,5.0,12.0,17.0,3.0,77.0,1.0,3.0,9.0,9.0
2020-12-16,18.0,0.0,0.0,32.0,7.0,4.0,25.0,35.0,0.0,52.0,0.0,6.0,2.0,3.0,43.0,1.0,4.0,2.0,3.0,8.0,11.0,9.0,2.0,92.0,3.0,2.0,7.0,9.0
2020-12-17,23.0,1.0,0.0,32.0,8.0,2.0,30.0,29.0,0.0,46.0,0.0,4.0,0.0,2.0,35.0,3.0,1.0,1.0,2.0,6.0,5.0,19.0,2.0,94.0,2.0,8.0,9.0,7.0
2020-12-18,17.0,1.0,0.0,25.0,6.0,8.0,45.0,28.0,2.0,45.0,0.0,11.0,0.0,3.0,30.0,0.0,4.0,0.0,5.0,9.0,5.0,14.0,4.0,70.0,3.0,7.0,6.0,5.0
2020-12-19,12.0,0.0,0.0,30.0,8.0,2.0,27.0,32.0,1.0,52.0,0.0,2.0,0.0,1.0,41.0,0.0,1.0,3.0,12.0,12.0,8.0,18.0,3.0,87.0,0.0,4.0,5.0,8.0
2020-12-20,16.0,0.0,0.0,22.0,10.0,5.0,25.0,29.0,0.0,54.0,0.0,7.0,0.0,4.0,49.0,0.0,2.0,2.0,3.0,5.0,6.0,20.0,3.0,89.0,1.0,11.0,7.0,7.0
2020-12-21,19.0,0.0,0.0,20.0,14.0,7.0,41.0,30.0,0.0,58.0,0.0,5.0,1.0,5.0,38.0,1.0,6.0,1.0,12.0,7.0,6.0,18.0,5.0,86.0,0.0,8.0,9.0,6.0
2020-12-22,14.0,2.0,0.0,29.0,9.0,9.0,30.0,29.0,0.0,42.0,0.0,7.0,0.0,0.0,42.0,1.0,3.0,0.0,8.0,2.0,7.0,16.0,1.0,94.0,0.0,13.0,11.0,11.0
2020-12-23,16.0,0.0,0.0,25.0,6.0,9.0,29.0,38.0,0.0,53.0,0.0,8.0,0.0,1.0,61.0,2.0,4.0,0.0,11.0,8.0,12.0,11.0,1.0,92.0,2.0,4.0,8.0,6.0
2020-12-24,16.0,0.0,0.0,22.0,15.0,8.0,36.0,28.0,0.0,60.0,0.0,6.0,0.0,0.0,46.0,1.0,1.0,0.0,13.0,7.0,9.0,17.0,4.0,81.0,3.0,3.0,4.0,4.0
2020-12-25,18.0,2.0,0.0,37.0,9.0,6.0,35.0,30.0,0.0,32.0,0.0,7.0,0.0,5.0,54.0,1.0,2.0,1.0,8.0,6.0,12.0,18.0,4.0,89.0,3.0,5.0,9.0,7.0
2020-12-26,12.0,1.0,0.0,26.0,10.0,6.0,26.0,23.0,1.0,53.0,0.0,4.0,0.0,3.0,38.0,1.0,5.0,2.0,5.0,8.0,14.0,14.0,1.0,104.0,1.0,10.0,7.0,6.0
2020-12-27,11.0,1.0,0.0,21.0,7.0,3.0,27.0,36.0,1.0,61.0,0.0,7.0,0.0,3.0,36.0,1.0,4.0,1.0,1.0,8.0,5.0,13.0,2.0,98.0,0.0,8.0,6.0,4.0
2020-12-28,18.0,0.0,0.0,30.0,10.0,2.0,21.0,35.0,2.0,51.0,1.0,3.0,0.0,3.0,45.0,1.0,5.0,3.0,6.0,10.0,13.0,15.0,3.0,84.0,3.0,3.0,5.0,13.0
2020-12-29,18.0,1.0,0.0,18.0,7.0,4.0,20.0,37.0,0.0,45.0,0.0,6.0,0.0,2.0,45.0,1.0,2.0,0.0,11.0,6.0,6.0,18.0,4.0,99.0,2.0,7.0,9.0,7.0
2020-12-30,13.0,2.0,0.0,17.0,11.0,4.0,26.0,15.0,0.0,27.0,0.0,1.0,1.0,0.0,44.0,3.0,1.0,1.0,6.0,5.0,6.0,12.0,5.0,77.0,3.0,6.0,12.0,7.0
2020-12-31,20.0,1.0,0.0,28.0,9.0,3.0,31.0,25.0,1.0,47.0,0.0,3.0,1.0,2.0,38.0,2.0,2.0,0.0,8.0,4.0,13.0,16.0,4.0,61.0,1.0,6.0,7.0,7.0
2021-01-01,17.0,0.0,0.0,25.0,6.0,2.0,30.0,33.0,0.0,43.0,1.0,5.0,0.0,2.0,44.0,0.0,4.0,2.0,9.0,3.0,8.0,20.0,1.0,71.0,0.0,6.0,10.0,11.0
2021-01-02,15.0,0.0,0.0,29.0,6.0,5.0,42.0,26.0,0.0,55.0,0.0,4.0,0.0,2.0,42.0,3.0,1.0,1.0,8.0,6.0,11.0,21.0,1.0,92.0,1.0,7.0,9.0,5.0
2021-01-03,12.0,1.0,0.0,29.0,13.0,4.0,35.0,32.0,0.0,45.0,0.0,2.0,0.0,2.0,40.0,3.0,3.0,2.0,3.0,8.0,6.0,18.0,1.0,84.0,1.0,10.0,10.0,4.0
2021-01-04,17.0,1.0,0.0,21.0,9.0,5.0,29.0,29.0,2.0,56.0,0.0,4.0,2.0,4.0,40.0,0.0,3.0,1.0,4.0,10.0,12.0,16.0,1.0,86.0,2.0,12.0,5.0,10.0
2021-01-05,15.0,0.0,0.0,17.0,8.0,5.0,29.0,28.0,0.0,48.0,0.0,8.0,1.0,1.0,43.0,4.0,3.0,1.0,5.0,3.0,14.0,10.0,2.0,91.0,2.0,6.0,7.0,6.0
2021-01-06,20.0,1.0,0.0,20.0,8.0,3.0,38.0,29.0,1.0,56.0,0.0,5.0,0.0,0.0,44.0,0.0,5.0,0.0,9.0,13.0,9.0,13.0,5.0,98.0,4.0,2.0,6.0,11.0
2021-01-07,14.0,2.0,0.0,18.0,5.0,7.0,29.0,25.0,1.0,37.0,1.0,3.0,0.0,3.0,43.0,0.0,0.0,1.0,5.0,7.0,16.0,15.0,5.0,78.0,1.0,12.0,3.0,7.0
2021-01-08,24.0,1.0,0.0,26.0,5.0,3.0,39.0,21.0,0.0,40.0,0.0,2.0,0.0,2.0,36.0,1.0,4.0,2.0,2.0,7.0,7.0,22.0,2.0,92.0,0.0,9.0,7.0,10.0
2021-01-09,16.0,0.0,0.0,27.0,7.0,6.0,36.0,30.0,0.0,59.0,0.0,7.0,0.0,2.0,43.0,2.0,3.0,5.0,11.0,5.0,6.0,16.0,2.0,75.0,0.0,3.0,7.0,9.0
2021-01-10,17.0,0.0,0.0,27.0,13.0,4.0,40.0,31.0,0.0,64.0,0.0,7.0,1.0,2.0,42.0,2.0,5.0,1.0,9.0,6.0,6.0,16.0,1.0,93.0,1.0,5.0,11.0,5.0
2021-01-11,18.0,1.0,0.0,30.0,8.0,4.0,33.0,30.0,1.0,53.0,3.0,5.0,1.0,2.0,40.0,0.0,3.0,1.0,3.0,7.0,10.0,16.0,2.0,95.0,3.0,5.0,13.0,13.0
2021-01-12,17.0,1.0,0.0,20.0,9.0,4.0,26.0,36.0,0.0,58.0,0.0,6.0,0.0,2.0,39.0,1.0,4.0,0.0,7.0,8.0,10.0,18.0,4.0,100.0,1.0,12.0,7.0,8.0
2021-01-13,18.0,1.0,0.0,18.0,7.0,7.0,30.0,22.0,1.0,52.0,0.0,6.0,0.0,2.0,42.0,1.0,6.0,0.0,2.0,7.0,8.0,18.0,4.0,81.0,3.0,4.0,6.0,5.0
2021-01-14,15.0,0.0,0.0,30.0,9.0,6.0,31.0,34.0,1.0,57.0,0.0,8.0,0.0,2.0,38.0,4.0,2.0,2.0,2.0,8.0,12.0,13.0,3.0,85.0,1.0,4.0,6.0,4.0
2021-01-15,12.0,0.0,0.0,16.0,5.0,8.0,41.0,39.0,1.0,50.0,0.0,5.0,1.0,0.0,51.0,2.0,3.0,0.0,8.0,7.0,12.0,17.0,1.0,87.0,1.0,10.0,6.0,10.0
2021-01-16,11.0,1.0,0.0,19.0,8.0,6.0,32.0,34.0,0.0,51.0,0.0,8.0,0.0,2.0,54.0,2.0,1.0,2.0,6.0,5.0,9.0,13.0,3.0,91.0,4.0,8.0,7.0,12.0
2021-01-17,17.0,0.0,0.0,25.0,8.0,5.0,25.0,29.0,0.0,53.0,0.0,4.0,1.0,3.0,51.0,1.0,4.0,2.0,7.0,5.0,9.0,15.0,3.0,95.0,1.0,5.0,10.0,6.0
2021-01-18,11.0,2.0,0.0,21.0,7.0,6.0,35.0,38.0,1.0,49.0,1.0,4.0,1.0,0.0,42.0,1.0,5.0,5.0,8.0,9.0,17.0,11.0,2.0,89.0,1.0,7.0,9.0,9.0
2021-01-19,17.0,0.0,0.0,19.0,10.0,4.0,23.0,22.0,0.0,58.0,0.0,5.0,0.0,3.0,53.0,6.0,3.0,1.0,8.0,8.0,14.0,17.0,1.0,93.0,4.0,5.0,12.0,8.0
2021-01-20,20.0,3.0,0.0,25.0,8.0,5.0,28.0,27.0,1.0,40.0,0.0,5.0,0.0,2.0,28.0,3.0,3.0,1.0,4.0,11.0,11.0,10.0,3.0,96.0,0.0,13.0,7.0,11.0
2021-01-21,16.0,0.0,0.0,26.0,5.0,7.0,38.0,33.0,0.0,51.0,1.0,3.0,0.0,0.0,39.0,0.0,2.0,1.0,7.0,9.0,13.0,22.0,3.0,97.0,2.0,12.0,4.0,5.0
2021-01-22,14.0,1.0,0.0,27.0,12.0,1.0,53.0,29.0,0.0,52.0,1.0,4.0,0.0,2.0,30.0,1.0,4.0,2.0,10.0,7.0,12.0,22.0,2.0,74.0,0.0,8.0,6.0,7.0
2021-01-23,18.0,0.0,0.0,20.0,11.0,5.0,40.0,32.0,1.0,37.0,0.0,5.0,0.0,1.0,40.0,1.0,0.0,0.0,8.0,7.0,12.0,16.0,3.0,76.0,1.0,6.0,5.0,10.0
2021-01-24,19.0,1.0,0.0,22.0,10.0,4.0,29.0,32.0,0.0,72.0,1.0,5.0,0.0,2.0,47.0,1.0,4.0,1.0,5.0,6.0,9.0,21.0,6.0,86.0,2.0,8.0,7.0,7.0
2021-01-25,17.0,0.0,0.0,24.0,6.0,4.0,25.0,43.0,0.0,53.0,0.0,5.0,1.0,2.0,43.0,1.0,3.0,0.0,7.0,5.0,6.0,16.0,3.0,102.0,1.0,8.0,13.0,10.0
2021-01-26,13.0,0.0,0.0,20.0,7.0,3.0,49.0,24.0,0.0,56.0,0.0,8.0,1.0,2.0,30.0,2.0,3.0,0.0,8.0,8.0,8.0,15.0,4.0,94.0,2.0,11.0,9.0,4.0
2021-01-27,18.0,2.0,0.0,22.0,9.0,6.0,34.0,35.0,0.0,53.0,0.0,11.0,0.0,3.0,44.0,1.0,5.0,1.0,7.0,8.0,15.0,16.0,5.0,96.0,3.0,7.0,5.0,9.0
2021-01-28,22.0,2.0,0.0,14.0,6.0,5.0,33.0,23.0,0.0,42.0,0.0,7.0,0.0,1.0,39.0,2.0,1.0,2.0,6.0,6.0,10.0,11.0,2.0,76.0,1.0,9.0,9.0,9.0
2021-01-29,14.0,1.0,0.0,19.0,3.0,4.0,29.0,30.0,0.0,48.0,0.0,8.0,1.0,3.0,46.0,3.0,2.0,3.0,4.0,6.0,16.0,21.0,4.0,91.0,0.0,0.0,8.0,8.0
2021-01-30,13.0,1.0,0.0,30.0,12.0,6.0,27.0,29.0,0.0,62.0,1.0,9.0,0.0,7.0,40.0,3.0,2.0,0.0,6.0,6.0,12.0,18.0,0.0,76.0,0.0,5.0,7.0,13.0
2021-01-31,17.0,1.0,0.0,27.0,11.0,5.0,26.0,28.0,0.0,56.0,0.0,5.0,0.0,2.0,37.0,1.0,5.0,1.0,7.0,5.0,8.0,11.0,5.0,77.0,3.0,2.0,12.0,6.0
2021-02-01,18.0,2.0,0.0,21.0,9.0,5.0,30.0,25.0,0.0,47.0,0.0,5.0,1.0,1.0,40.0,1.0,3.0,0.0,6.0,6.0,11.0,16.0,3.0,93.0,2.0,10.0,7.0,12.0
2021-02-02,21.0,1.0,0.0,26.0,9.0,4.0,18.0,27.0,1.0,58.0,0.0,10.0,0.0,1.0,31.0,4.0,3.0,3.0,5.0,9.0,9.0,24.0,3.0,91.0,2.0,6.0,8.0,4.0
2021-02-03,13.0,0.0,0.0,21.0,4.0,4.0,30.0,28.0,1.0,54.0,0.0,5.0,0.0,1.0,47.0,0.0,3.0,2.0,7.0,6.0,9.0,14.0,5.0,80.0,0.0,3.0,6.0,12.0
2021-02-04,14.0,0.0,0.0,17.0,7.0,5.0,45.0,38.0,0.0,52.0,0.0,10.0,0.0,1.0,38.0,2.0,0.0,1.0,8.0,7.0,18.0,14.0,2.0,88.0,0.0,8.0,4.0,8.0
2021-02-05,27.0,2.0,0.0,23.0,5.0,6.0,43.0,38.0,0.0,40.0,0.0,6.0,0.0,3.0,37.0,1.0,5.0,2.0,7.0,6.0,16.0,27.0,3.0,70.0,2.0,9.0,6.0,11.0
2021-02-06,17.0,1.0,0.0,24.0,10.0,7.0,37.0,28.0,0.0,49.0,1.0,13.0,0.0,1.0,43.0,1.0,2.0,0.0,6.0,5.0,9.0,10.0,1.0,90.0,2.0,11.0,3.0,11.0
2021-02-07,13.0,0.0,0.0,17.0,5.0,6.0,25.0,38.0,3.0,54.0,0.0,7.0,0.0,6.0,47.0,4.0,3.0,0.0,4.0,7.0,8.0,13.0,2.0,78.0,3.0,10.0,6.0,2.0
2021-02-08,26.0,0.0,0.0,21.0,9.0,6.0,31.0,40.0,0.0,56.0,0.0,9.0,0.0,1.0,44.0,0.0,3.0,1.0,6.0,8.0,9.0,19.0,6.0,77.0,1.0,12.0,7.0,10.0
2021-02-09,14.0,0.0,0.0,22.0,11.0,4.0,20.0,24.0,0.0,48.0,0.0,1.0,1.0,0.0,33.0,1.0,4.0,1.0,6.0,4.0,10.0,15.0,1.0,90.0,1.0,9.0,8.0,7.0
2021-02-10,8.0,1.0,0.0,11.0,10.0,6.0,28.0,26.0,1.0,56.0,0.0,5.0,0.0,1.0,51.0,3.0,8.0,1.0,6.0,7.0,11.0,17.0,2.0,103.0,2.0,14.0,9.0,12.0
2021-02-11,20.0,0.0,0.0,15.0,8.0,5.0,40.0,25.0,0.0,45.0,0.0,6.0,2.0,0.0,33.0,0.0,1.0,0.0,4.0,8.0,17.0,17.0,4.0,85.0,2.0,8.0,8.0,7.0
2021-02-12,18.0,0.0,0.0,17.0,8.0,4.0,31.0,24.0,0.0,49.0,1.0,2.0,0.0,2.0,37.0,3.0,4.0,2.0,4.0,5.0,12.0,23.0,0.0,97.0,2.0,13.0,5.0,11.0
2021-02-13,17.0,1.0,0.0,13.0,8.0,8.0,34.0,39.0,0.0,71.0,0.0,7.0,1.0,0.0,33.0,0.0,5.0,3.0,8.0,4.0,15.0,16.0,1.0,86.0,0.0,7.0,5.0,7.0
2021-02-14,16.0,0.0,0.0,15.0,5.0,0.0,37.0,34.0,2.0,54.0,0.0,7.0,0.0,3.0,38.0,2.0,5.0,1.0,6.0,7.0,11.0,11.0,0.0,75.0,1.0,6.0,10.0,6.0
2021-02-15,23.0,1.0,0.0,14.0,16.0,6.0,28.0,29.0,0.0,54.0,0.0,4.0,1.0,2.0,50.0,0.0,0.0,2.0,8.0,10.0,18.0,18.0,4.0,86.0,2.0,4.0,5.0,5.0
2021-02-16,18.0,0.0,0.0,15.0,6.0,7.0,24.0,32.0,0.0,59.0,0.0,6.0,0.0,4.0,44.0,3.0,5.0,1.0,5.0,8.0,22.0,16.0,3.0,93.0,0.0,0.0,8.0,17.0
2021-02-17,8.0,0.0,0.0,17.0,11.0,9.0,35.0,27.0,0.0,45.0,0.0,5.0,0.0,2.0,48.0,3.0,3.0,0.0,5.0,7.0,16.0,11.0,7.0,89.0,4.0,9.0,8.0,7.0
2021-02-18,16.0,2.0,0.0,20.0,4.0,6.0,26.0,35.0,3.0,43.0,0.0,2.0,0.0,2.0,36.0,3.0,3.0,3.0,4.0,6.0,15.0,18.0,0.0,91.0,1.0,7.0,7.0,3.0
2021-02-19,9.0,0.0,0.0,21.0,8.0,2.0,44.0,30.0,0.0,58.0,0.0,3.0,0.0,3.0,39.0,1.0,4.0,0.0,6.0,7.0,17.0,20.0,5.0,76.0,0.0,19.0,6.0,7.0
2021-02-20,15.0,1.0,0.0,13.0,10.0,4.0,39.0,34.0,0.0,60.0,0.0,5.0,0.0,3.0,40.0,3.0,2.0,2.0,11.0,7.0,15.0,19.0,2.0,88.0,3.0,7.0,5.0,7.0
2021-02-21,19.0,2.0,0.0,18.0,13.0,5.0,25.0,25.0,0.0,53.0,1.0,8.0,1.0,4.0,35.0,2.0,4.0,0.0,9.0,6.0,8.0,17.0,2.0,89.0,2.0,8.0,8.0,7.0
2021-02-22,15.0,3.0,0.0,11.0,11.0,8.0,31.0,36.0,1.0,51.0,0.0,6.0,0.0,3.0,49.0,3.0,1.0,0.0,9.0,6.0,13.0,8.0,3.0,80.0,2.0,10.0,9.0,7.0
2021-02-23,13.0,0.0,0.0,25.0,8.0,7.0,38.0,33.0,1.0,53.0,0.0,6.0,0.0,0.0,38.0,4.0,5.0,3.0,11.0,2.0,12.0,21.0,1.0,72.0,0.0,5.0,6.0,10.0
2021-02-24,16.0,1.0,0.0,25.0,7.0,6.0,37.0,25.0,0.0,55.0,1.0,12.0,0.0,2.0,37.0,0.0,2.0,4.0,6.0,12.0,12.0,15.0,1.0,95.0,0.0,8.0,12.0,9.0
2021-02-25,21.0,0.0,0.0,23.0,9.0,4.0,28.0,35.0,1.0,55.0,0.0,4.0,0.0,2.0,48.0,1.0,4.0,0.0,9.0,5.0,13.0,14.0,0.0,58.0,0.0,6.0,8.0,7.0
2021-02-26,17.0,1.0,0.0,19.0,9.0,4.0,39.0,27.0,1.0,53.0,1.0,9.0,1.0,2.0,39.0,0.0,3.0,0.0,6.0,6.0,10.0,19.0,0.0,74.0,8.0,7.0,6.0,9.0
2021-02-27,18.0,0.0,0.0,27.0,8.0,3.0,34.0,40.0,0.0,56.0,1.0,2.0,0.0,4.0,53.0,1.0,1.0,3.0,8.0,7.0,11.0,16.0,3.0,87.0,3.0,5.0,6.0,8.0
2021-02-28,19.0,1.0,0.0,24.0,14.0,3.0,36.0,37.0,1.0,81.0,1.0,5.0,0.0,3.0,45.0,2.0,4.0,2.0,5.0,8.0,9.0,17.0,2.0,78.0,0.0,19.0,14.0,10.0
2021-03-01,15.0,0.0,0.0,24.0,8.0,6.0,36.0,38.0,0.0,56.0,0.0,3.0,1.0,3.0,45.0,0.0,3.0,0.0,7.0,12.0,15.0,23.0,3.0,78.0,2.0,14.0,4.0,10.0
2021-03-02,15.0,0.0,0.0,24.0,11.0,5.0,39.0,31.0,1.0,49.0,1.0,11.0,1.0,1.0,50.0,2.0,3.0,6.0,9.0,6.0,13.0,17.0,3.0,90.0,1.0,8.0,9.0,8.0
2021-03-03,20.0,1.0,0.0,27.0,7.0,7.0,25.0,31.0,0.0,61.0,0.0,7.0,0.0,2.0,43.0,2.0,2.0,2.0,5.0,5.0,16.0,14.0,3.0,90.0,2.0,7.0,7.0,9.0
2021-03-04,17.0,1.0,0.0,33.0,14.0,3.0,37.0,26.0,2.0,51.0,0.0,4.0,0.0,0.0,25.0,1.0,2.0,0.0,5.0,5.0,15.0,20.0,2.0,76.0,2.0,12.0,9.0,7.0
2021-03-05,20.0,1.0,0.0,16.0,10.0,5.0,30.0,31.0,0.0,57.0,0.0,4.0,0.0,1.0,35.0,0.0,3.0,3.0,9.0,4.0,14.0,19.0,2.0,80.0,0.0,10.0,6.0,5.0
2021-03-06,19.0,0.0,0.0,27.0,8.0,9.0,42.0,34.0,0.0,56.0,0.0,7.0,1.0,5.0,36.0,0.0,3.0,2.0,13.0,6.0,15.0,19.0,2.0,90.0,2.0,7.0,9.0,11.0
2021-03-07,19.0,0.0,0.0,22.0,11.0,6.0,42.0,38.0,0.0,55.0,1.0,7.0,0.0,2.0,40.0,1.0,2.0,0.0,4.0,7.0,3.0,16.0,3.0,90.0,2.0,13.0,4.0,9.0
2021-03-08,17.0,1.0,0.0,29.0,10.0,9.0,23.0,34.0,1.0,52.0,0.0,6.0,0.0,2.0,48.0,4.0,4.0,2.0,10.0,10.0,9.0,19.0,5.0,82.0,2.0,12.0,6.0,9.0
2021-03-09,18.0,2.0,0.0,20.0,4.0,4.0,41.0,37.0,2.0,50.0,0.0,1.0,0.0,4.0,33.0,0.0,1.0,2.0,12.0,6.0,9.0,21.0,1.0,85.0,3.0,9.0,10.0,10.0
2021-03-10,22.0,1.0,0.0,27.0,13.0,3.0,34.0,18.0,0.0,52.0,1.0,4.0,1.0,1.0,42.0,0.0,0.0,0.0,5.0,7.0,7.0,18.0,3.0,79.0,4.0,9.0,11.0,8.0
2021-03-11,17.0,0.0,0.0,26.0,12.0,7.0,30.0,33.0,0.0,55.0,0.0,8.0,1.0,0.0,42.0,1.0,3.0,0.0,4.0,6.0,19.0,16.0,4.0,102.0,3.0,9.0,8.0,9.0
2021-03-12,15.0,1.0,0.0,27.0,7.0,4.0,24.0,26.0,1.0,53.0,0.0,4.0,0.0,2.0,37.0,1.0,6.0,2.0,7.0,8.0,11.0,22.0,3.0,78.0,0.0,13.0,8.0,8.0
2021-03-13,23.0,0.0,0.0,34.0,8.0,5.0,30.0,29.0,1.0,52.0,0.0,3.0,1.0,7.0,31.0,0.0,4.0,1.0,12.0,5.0,11.0,15.0,0.0,101.0,0.0,7.0,9.0,8.0
2021-03-14,12.0,0.0,0.0,21.0,10.0,4.0,31.0,28.0,0.0,56.0,0.0,3.0,0.0,1.0,48.0,1.0,5.0,1.0,7.0,9.0,9.0,20.0,4.0,91.0,1.0,9.0,12.0,4.0
2021-03-15,23.0,2.0,0.0,27.0,9.0,5.0,41.0,38.0,1.0,43.0,0.0,9.0,2.0,1.0,46.0,3.0,8.0,1.0,6.0,8.0,12.0,13.0,2.0,92.0,2.0,14.0,8.0,13.0
2021-03-16,15.0,0.0,0.0,18.0,4.0,5.0,35.0,27.0,0.0,65.0,0.0,6.0,0.0,2.0,36.0,5.0,5.0,1.0,6.0,6.0,13.0,17.0,2.0,108.0,2.0,4.0,5.0,11.0
2021-03-17,19.0,0.0,0.0,35.0,5.0,3.0,26.0,35.0,0.0,51.0,0.0,7.0,0.0,3.0,47.0,3.0,1.0,0.0,7.0,7.0,5.0,15.0,1.0,95.0,2.0,11.0,6.0,5.0
2021-03-18,15.0,1.0,0.0,20.0,16.0,9.0,40.0,36.0,0.0,51.0,1.0,6.0,0.0,1.0,48.0,2.0,0.0,1.0,9.0,6.0,14.0,8.0,3.0,93.0,2.0,9.0,11.0,8.0
2021-03-19,16.0,0.0,0.0,26.0,8.0,6.0,40.0,30.0,0.0,48.0,0.0,6.0,0.0,1.0,41.0,2.0,3.0,0.0,5.0,4.0,14.0,19.0,1.0,84.0,0.0,12.0,8.0,7.0
2021-03-20,16.0,1.0,0.0,30.0,11.0,4.0,36.0,31.0,0.0,57.0,1.0,8.0,1.0,4.0,43.0,0.0,3.0,3.0,6.0,7.0,11.0,16.0,6.0,98.0,0.0,10.0,4.0,9.0
2021-03-21,10.0,1.0,0.0,22.0,7.0,2.0,32.0,38.0,1.0,62.0,0.0,0.0,0.0,3.0,53.0,0.0,3.0,1.0,9.0,7.0,5.0,14.0,3.0,81.0,1.0,14.0,10.0,2.0
2021-03-22,19.0,0.0,0.0,20.0,7.0,5.0,31.0,34.0,0.0,58.0,0.0,8.0,1.0,3.0,45.0,1.0,5.0,3.0,4.0,9.0,10.0,13.0,2.0,100.0,1.0,13.0,5.0,14.0
2021-03-23,14.0,0.0,0.0,22.0,8.0,7.0,31.0,30.0,1.0,56.0,0.0,7.0,1.0,4.0,35.0,4.0,5.0,0.0,8.0,4.0,12.0,20.0,2.0,107.0,0.0,3.0,7.0,9.0
2021-03-24,20.0,1.0,0.0,24.0,8.0,5.0,41.0,31.0,1.0,59.0,0.0,5.0,0.0,1.0,50.0,0.0,2.0,0.0,3.0,8.0,18.0,5.0,2.0,77.0,3.0,10.0,7.0,6.0
2021-03-25,10.0,0.0,0.0,27.0,9.0,7.0,41.0,31.0,1.0,46.0,1.0,6.0,0.0,2.0,36.0,3.0,4.0,0.0,3.0,9.0,11.0,2.0,3.0,87.0,2.0,12.0,6.0,8.0
2021-03-26,11.0,0.0,0.0,22.0,10.0,4.0,37.0,29.0,0.0,58.0,1.0,6.0,0.0,4.0,41.0,1.0,3.0,0.0,7.0,4.0,13.0,5.0,1.0,91.0,1.0,9.0,8.0,8.0
2021-03-27,6.0,0.0,0.0,27.0,10.0,7.0,34.0,31.0,0.0,38.0,0.0,5.0,0.0,2.0,35.0,0.0,1.0,0.0,11.0,7.0,14.0,2.0,1.0,81.0,2.0,16.0,9.0,9.0
2021-03-28,8.0,1.0,0.0,24.0,10.0,3.0,39.0,21.0,0.0,54.0,0.0,5.0,0.0,4.0,53.0,1.0,4.0,1.0,14.0,8.0,14.0,4.0,2.0,92.0,1.0,5.0,10.0,6.0
2021-03-29,10.0,1.0,0.0,29.0,11.0,4.0,30.0,36.0,1.0,60.0,1.0,5.0,0.0,0.0,46.0,1.0,4.0,1.0,4.0,7.0,16.0,4.0,3.0,92.0,1.0,7.0,5.0,9.0
2021-03-30,6.0,1.0,0.0,15.0,8.0,4.0,27.0,25.0,0.0,51.0,0.0,10.0,0.0,3.0,41.0,0.0,2.0,2.0,7.0,7.0,19.0,36.0,4.0,85.0,0.0,11.0,9.0,12.0
2021-03-31,7.0,0.0,0.0,34.0,6.0,7.0,43.0,31.0,2.0,54.0,0.0,4.0,0.0,1.0,51.0,1.0,2.0,4.0,4.0,7.0,18.0,12.0,2.0,86.0,0.0,8.0,8.0,7.0
2021-04-01,14.0,1.0,0.0,37.0,7.0,10.0,38.0,29.0,0.0,56.0,0.0,6.0,0.0,1.0,38.0,3.0,3.0,1.0,5.0,11.0,22.0,34.0,3.0,75.0,0.0,17.0,5.0,9.0
2021-04-02,23.0,0.0,0.0,21.0,10.0,7.0,31.0,21.0,0.0,38.0,0.0,7.0,2.0,3.0,41.0,1.0,1.0,2.0,14.0,3.0,16.0,22.0,5.0,73.0,2.0,9.0,9.0,7.0
2021-04-03,19.0,1.0,0.0,26.0,7.0,9.0,36.0,33.0,0.0,52.0,2.0,7.0,1.0,1.0,34.0,0.0,0.0,1.0,10.0,9.0,17.0,11.0,1.0,82.0,5.0,10.0,10.0,8.0
2021-04-04,23.0,1.0,0.0,21.0,8.0,12.0,33.0,32.0,0.0,62.0,0.0,7.0,0.0,8.0,35.0,0.0,2.0,2.0,7.0,10.0,15.0,25.0,3.0,95.0,2.0,11.0,9.0,7.0
2021-04-05,17.0,2.0,0.0,23.0,11.0,4.0,32.0,32.0,0.0,51.0,0.0,8.0,1.0,0.0,44.0,1.0,5.0,0.0,4.0,11.0,9.0,7.0,1.0,99.0,2.0,14.0,8.0,11.0
2021-04-06,19.0,0.0,0.0,24.0,6.0,7.0,24.0,32.0,1.0,68.0,0.0,7.0,0.0,0.0,42.0,3.0,3.0,2.0,4.0,5.0,14.0,32.0,1.0,91.0,3.0,11.0,12.0,9.0
2021-04-07,14.0,1.0,0.0,25.0,7.0,12.0,39.0,27.0,0.0,69.0,0.0,3.0,0.0,2.0,48.0,2.0,5.0,1.0,1.0,3.0,19.0,16.0,5.0,95.0,3.0,11.0,8.0,9.0
2021-04-08,11.0,0.0,0.0,27.0,8.0,9.0,33.0,33.0,1.0,57.0,0.0,4.0,0.0,1.0,40.0,2.0,2.0,2.0,5.0,6.0,13.0,28.0,3.0,87.0,0.0,8.0,3.0,4.0
2021-04-09,23.0,0.0,0.0,21.0,9.0,6.0,35.0,35.0,0.0,47.0,1.0,3.0,1.0,1.0,49.0,0.0,4.0,0.0,4.0,9.0,22.0,19.0,3.0,100.0,2.0,10.0,8.0,7.0
2021-04-10,28.0,0.0,0.0,30.0,6.0,4.0,39.0,27.0,0.0,63.0,1.0,4.0,0.0,6.0,39.0,1.0,2.0,2.0,8.0,7.0,9.0,12.0,2.0,87.0,1.0,10.0,5.0,8.0
2021-04-11,16.0,0.0,0.0,28.0,8.0,2.0,30.0,30.0,0.0,59.0,0.0,10.0,0.0,3.0,51.0,1.0,5.0,3.0,8.0,8.0,13.0,19.0,1.0,93.0,0.0,10.0,8.0,10.0
2021-04-12,17.0,4.0,0.0,24.0,9.0,4.0,54.0,38.0,1.0,57.0,0.0,8.0,1.0,2.0,48.0,1.0,6.0,0.0,8.0,6.0,10.0,15.0,4.0,79.0,1.0,12.0,12.0,13.0
2021-04-13,21.0,3.0,0.0,29.0,7.0,8.0,33.0,25.0,0.0,63.0,1.0,3.0,0.0,2.0,38.0,4.0,6.0,1.0,8.0,4.0,2.0,15.0,2.0,105.0,1.0,15.0,11.0,12.0
2021-04-14,18.0,0.0,0.0,29.0,7.0,7.0,25.0,34.0,0.0,59.0,1.0,3.0,0.0,1.0,33.0,1.0,1.0,1.0,5.0,8.0,8.0,14.0,5.0,95.0,1.0,9.0,8.0,7.0
2021-04-15,20.0,0.0,0.0,22.0,9.0,5.0,38.0,38.0,0.0,63.0,0.0,11.0,0.0,2.0,30.0,2.0,4.0,0.0,5.0,9.0,18.0,14.0,3.0,87.0,3.0,12.0,5.0,9.0
2021-04-16,18.0,0.0,0.0,22.0,6.0,5.0,36.0,34.0,0.0,54.0,0.0,6.0,0.0,2.0,41.0,3.0,2.0,0.0,6.0,9.0,21.0,16.0,1.0,99.0,2.0,13.0,8.0,7.0
2021-04-17,11.0,0.0,0.0,28.0,9.0,7.0,30.0,27.0,0.0,47.0,0.0,4.0,0.0,2.0,45.0,2.0,0.0,0.0,10.0,9.0,21.0,16.0,5.0,97.0,1.0,11.0,9.0,8.0
2021-04-18,11.0,0.0,0.0,25.0,15.0,8.0,42.0,34.0,1.0,66.0,1.0,0.0,1.0,5.0,55.0,5.0,2.0,0.0,8.0,5.0,13.0,20.0,4.0,100.0,2.0,14.0,7.0,9.0
2021-04-19,21.0,2.0,0.0,25.0,8.0,4.0,36.0,26.0,1.0,58.0,0.0,1.0,1.0,1.0,40.0,6.0,5.0,4.0,7.0,10.0,21.0,16.0,1.0,93.0,0.0,8.0,10.0,7.0
2021-04-20,14.0,1.0,0.0,25.0,9.0,6.0,45.0,28.0,0.0,62.0,0.0,1.0,0.0,1.0,45.0,2.0,4.0,1.0,9.0,5.0,14.0,20.0,2.0,87.0,0.0,13.0,5.0,11.0
2021-04-21,17.0,2.0,0.0,23.0,12.0,8.0,36.0,27.0,1.0,62.0,0.0,0.0,1.0,4.0,36.0,6.0,4.0,1.0,4.0,10.0,21.0,15.0,3.0,97.0,1.0,14.0,8.0,7.0
2021-04-22,10.0,1.0,0.0,25.0,9.0,6.0,41.0,33.0,0.0,64.0,1.0,2.0,0.0,3.0,53.0,3.0,1.0,0.0,6.0,5.0,22.0,14.0,2.0,89.0,2.0,10.0,6.0,8.0
2021-04-23,22.0,0.0,0.0,25.0,14.0,3.0,32.0,28.0,0.0,49.0,1.0,2.0,0.0,2.0,37.0,1.0,5.0,1.0,12.0,4.0,19.0,16.0,3.0,76.0,1.0,16.0,6.0,10.0
2021-04-24,19.0,1.0,0.0,26.0,10.0,5.0,30.0,35.0,1.0,59.0,0.0,2.0,0.0,1.0,40.0,0.0,2.0,2.0,7.0,8.0,16.0,21.0,3.0,102.0,0.0,19.0,6.0,7.0
2021-04-25,20.0,0.0,0.0,25.0,11.0,5.0,36.0,39.0,1.0,69.0,1.0,5.0,0.0,1.0,36.0,1.0,4.0,0.0,6.0,7.0,13.0,18.0,6.0,105.0,2.0,13.0,11.0,6.0
2021-04-26,16.0,1.0,0.0,21.0,7.0,8.0,43.0,27.0,0.0,62.0,0.0,7.0,0.0,3.0,36.0,1.0,4.0,0.0,5.0,10.0,12.0,15.0,3.0,88.0,0.0,15.0,11.0,11.0
2021-04-27,10.0,0.0,0.0,24.0,6.0,7.0,26.0,26.0,1.0,74.0,0.0,8.0,0.0,4.0,35.0,3.0,5.0,1.0,9.0,5.0,15.0,19.0,0.0,93.0,1.0,15.0,6.0,9.0
2021-04-28,18.0,2.0,0.0,27.0,8.0,4.0,32.0,34.0,0.0,41.0,0.0,4.0,0.0,2.0,38.0,4.0,2.0,1.0,8.0,3.0,13.0,12.0,2.0,98.0,1.0,7.0,6.0,6.0
2021-04-29,18.0,1.0,0.0,23.0,10.0,6.0,37.0,37.0,0.0,68.0,1.0,8.0,0.0,4.0,41.0,2.0,2.0,2.0,6.0,6.0,10.0,17.0,2.0,100.0,0.0,12.0,6.0,9.0
2021-04-30,20.0,0.0,0.0,26.0,8.0,2.0,46.0,27.0,0.0,39.0,0.0,7.0,0.0,1.0,38.0,0.0,3.0,1.0,10.0,7.0,10.0,18.0,3.0,96.0,4.0,6.0,5.0,8.0
2021-05-01,14.0,1.0,0.0,29.0,12.0,4.0,37.0,27.0,1.0,69.0,0.0,4.0,1.0,3.0,62.0,2.0,4.0,0.0,10.0,5.0,13.0,17.0,2.0,84.0,1.0,13.0,3.0,9.0
2021-05-02,8.0,2.0,0.0,24.0,7.0,3.0,33.0,33.0,0.0,53.0,0.0,8.0,0.0,1.0,44.0,1.0,3.0,1.0,16.0,8.0,16.0,18.0,5.0,92.0,2.0,13.0,9.0,9.0
2021-05-03,16.0,2.0,0.0,19.0,6.0,5.0,32.0,34.0,0.0,64.0,0.0,7.0,1.0,2.0,53.0,0.0,3.0,2.0,6.0,11.0,7.0,16.0,1.0,93.0,0.0,15.0,8.0,8.0
2021-05-04,19.0,0.0,0.0,27.0,6.0,5.0,27.0,25.0,0.0,56.0,0.0,4.0,0.0,4.0,47.0,3.0,4.0,1.0,6.0,6.0,12.0,19.0,3.0,95.0,0.0,16.0,7.0,11.0
2021-05-05,22.0,2.0,0.0,23.0,9.0,5.0,24.0,36.0,1.0,66.0,1.0,5.0,1.0,2.0,47.0,2.0,5.0,0.0,5.0,9.0,10.0,19.0,0.0,103.0,0.0,17.0,5.0,8.0
2021-05-06,14.0,0.0,0.0,13.0,7.0,4.0,33.0,23.0,1.0,59.0,0.0,4.0,0.0,2.0,41.0,2.0,4.0,1.0,3.0,5.0,12.0,13.0,6.0,87.0,1.0,13.0,6.0,5.0
2021-05-07,18.0,0.0,0.0,24.0,9.0,3.0,36.0,26.0,0.0,48.0,0.0,5.0,0.0,3.0,39.0,0.0,1.0,1.0,6.0,8.0,22.0,21.0,2.0,74.0,2.0,15.0,8.0,10.0
2021-05-08,21.0,0.0,0.0,25.0,14.0,4.0,34.0,33.0,0.0,56.0,0.0,8.0,0.0,3.0,39.0,0.0,4.0,0.0,9.0,6.0,15.0,18.0,2.0,82.0,0.0,15.0,8.0,14.0
2021-05-09,15.0,0.0,0.0,29.0,12.0,2.0,35.0,34.0,0.0,64.0,1.0,7.0,0.0,2.0,48.0,3.0,4.0,1.0,8.0,7.0,10.0,17.0,2.0,105.0,1.0,9.0,7.0,3.0
2021-05-10,13.0,0.0,0.0,21.0,7.0,5.0,38.0,34.0,0.0,46.0,1.0,11.0,0.0,1.0,39.0,2.0,8.0,0.0,6.0,11.0,14.0,10.0,2.0,93.0,1.0,11.0,8.0,9.0
2021-05-11,19.0,1.0,0.0,24.0,4.0,8.0,36.0,35.0,0.0,62.0,0.0,2.0,1.0,3.0,38.0,1.0,2.0,0.0,4.0,4.0,14.0,18.0,4.0,101.0,2.0,13.0,9.0,12.0
2021-05-12,15.0,2.0,0.0,25.0,8.0,6.0,33.0,21.0,1.0,54.0,0.0,7.0,0.0,1.0,37.0,0.0,3.0,1.0,6.0,5.0,21.0,17.0,2.0,72.0,2.0,10.0,12.0,8.0
2021-05-13,14.0,0.0,0.0,18.0,9.0,6.0,34.0,26.0,0.0,60.0,0.0,5.0,0.0,3.0,32.0,0.0,4.0,0.0,11.0,4.0,13.0,14.0,3.0,94.0,2.0,7.0,8.0,6.0
2021-05-14,15.0,1.0,0.0,36.0,9.0,10.0,31.0,34.0,0.0,46.0,0.0,7.0,0.0,2.0,35.0,0.0,2.0,3.0,11.0,8.0,21.0,17.0,1.0,78.0,0.0,18.0,8.0,4.0
2021-05-15,19.0,1.0,0.0,21.0,12.0,2.0,38.0,24.0,1.0,57.0,0.0,4.0,1.0,0.0,35.0,1.0,1.0,2.0,9.0,7.0,8.0,18.0,1.0,88.0,0.0,12.0,4.0,10.0
2021-05-16,16.0,0.0,0.0,29.0,13.0,5.0,32.0,32.0,0.0,59.0,0.0,5.0,0.0,1.0,39.0,1.0,3.0,1.0,8.0,7.0,10.0,15.0,1.0,99.0,1.0,19.0,8.0,8.0
2021-05-17,20.0,2.0,0.0,21.0,6.0,3.0,35.0,40.0,0.0,50.0,1.0,5.0,0.0,1.0,29.0,0.0,4.0,0.0,6.0,7.0,14.0,21.0,1.0,97.0,3.0,13.0,5.0,15.0
2021-05-18,16.0,1.0,0.0,26.0,6.0,4.0,24.0,22.0,0.0,69.0,0.0,1.0,0.0,4.0,45.0,0.0,6.0,3.0,8.0,6.0,16.0,15.0,3.0,87.0,1.0,11.0,9.0,7.0
2021-05-19,10.0,0.0,0.0,26.0,5.0,7.0,33.0,29.0,0.0,56.0,0.0,12.0,0.0,3.0,33.0,3.0,3.0,1.0,1.0,8.0,12.0,17.0,3.0,96.0,1.0,14.0,8.0,5.0
2021-05-20,20.0,0.0,0.0,20.0,11.0,4.0,38.0,35.0,0.0,48.0,1.0,7.0,0.0,1.0,36.0,1.0,2.0,1.0,10.0,5.0,13.0,16.0,0.0,99.0,1.0,10.0,8.0,6.0
2021-05-21,15.0,1.0,0.0,22.0,12.0,0.0,23.0,25.0,0.0,66.0,0.0,5.0,1.0,3.0,41.0,4.0,6.0,1.0,6.0,7.0,18.0,17.0,2.0,96.0,4.0,8.0,4.0,10.0
2021-05-22,17.0,0.0,0.0,33.0,7.0,7.0,34.0,25.0,1.0,52.0,1.0,2.0,0.0,2.0,32.0,1.0,3.0,2.0,10.0,6.0,14.0,15.0,1.0,77.0,1.0,12.0,6.0,5.0
2021-05-23,15.0,1.0,0.0,23.0,5.0,7.0,37.0,33.0,0.0,61.0,0.0,5.0,0.0,1.0,32.0,3.0,4.0,4.0,6.0,10.0,13.0,18.0,3.0,98.0,0.0,7.0,8.0,10.0
2021-05-24,17.0,0.0,0.0,21.0,12.0,9.0,36.0,26.0,0.0,63.0,0.0,6.0,1.0,3.0,30.0,0.0,2.0,2.0,8.0,12.0,12.0,24.0,2.0,79.0,3.0,21.0,13.0,8.0
2021-05-25,12.0,1.0,0.0,22.0,6.0,4.0,32.0,34.0,0.0,58.0,0.0,3.0,0.0,2.0,44.0,1.0,5.0,0.0,3.0,6.0,11.0,13.0,1.0,98.0,3.0,11.0,10.0,12.0
2021-05-26,18.0,4.0,0.0,24.0,10.0,6.0,42.0,30.0,0.0,59.0,1.0,3.0,0.0,2.0,32.0,2.0,2.0,0.0,5.0,6.0,13.0,15.0,1.0,76.0,1.0,8.0,5.0,7.0
2021-05-27,23.0,0.0,0.0,23.0,9.0,7.0,31.0,37.0,1.0,50.0,0.0,10.0,0.0,1.0,36.0,1.0,2.0,1.0,4.0,5.0,24.0,21.0,4.0,85.0,1.0,14.0,5.0,9.0
2021-05-28,21.0,0.0,0.0,23.0,7.0,4.0,36.0,35.0,1.0,55.0,0.0,10.0,1.0,1.0,36.0,1.0,6.0,2.0,7.0,7.0,18.0,17.0,3.0,99.0,2.0,20.0,12.0,8.0
2021-05-29,14.0,2.0,0.0,26.0,11.0,5.0,31.0,32.0,0.0,51.0,0.0,8.0,0.0,3.0,40.0,2.0,2.0,0.0,12.0,5.0,12.0,16.0,2.0,100.0,0.0,10.0,6.0,9.0
2021-05-30,11.0,0.0,0.0,33.0,5.0,5.0,39.0,29.0,0.0,59.0,1.0,8.0,0.0,2.0,46.0,0.0,4.0,3.0,7.0,6.0,15.0,17.0,3.0,85.0,0.0,11.0,10.0,10.0
2021-05-31,19.0,0.0,0.0,19.0,3.0,8.0,35.0,30.0,0.0,61.0,1.0,6.0,0.0,4.0,41.0,2.0,2.0,2.0,6.0,10.0,19.0,20.0,2.0,87.0,2.0,11.0,8.0,8.0
2021-06-01,13.0,1.0,0.0,26.0,6.0,2.0,35.0,25.0,0.0,46.0,1.0,7.0,0.0,2.0,38.0,4.0,5.0,0.0,7.0,5.0,20.0,16.0,3.0,80.0,0.0,11.0,7.0,11.0
2021-06-02,18.0,2.0,0.0,21.0,6.0,9.0,37.0,26.0,0.0,49.0,0.0,3.0,2.0,0.0,45.0,1.0,1.0,0.0,9.0,8.0,16.0,14.0,3.0,88.0,2.0,13.0,10.0,5.0
2021-06-03,19.0,0.0,0.0,32.0,8.0,5.0,45.0,39.0,0.0,48.0,0.0,2.0,0.0,4.0,35.0,4.0,1.0,3.0,6.0,13.0,20.0,15.0,2.0,99.0,0.0,10.0,9.0,9.0
2021-06-04,18.0,0.0,0.0,17.0,12.0,5.0,35.0,35.0,2.0,64.0,1.0,3.0,0.0,2.0,36.0,0.0,4.0,0.0,5.0,6.0,16.0,14.0,1.0,70.0,2.0,7.0,10.0,5.0
2021-06-05,19.0,3.0,0.0,23.0,15.0,8.0,35.0,29.0,0.0,58.0,0.0,4.0,1.0,1.0,30.0,2.0,6.0,1.0,8.0,5.0,24.0,18.0,2.0,86.0,2.0,15.0,7.0,10.0
2021-06-06,18.0,1.0,0.0,24.0,8.0,5.0,26.0,41.0,0.0,49.0,0.0,5.0,0.0,3.0,38.0,0.0,3.0,1.0,8.0,5.0,17.0,18.0,6.0,106.0,1.0,9.0,6.0,9.0
2021-06-07,14.0,1.0,0.0,21.0,5.0,8.0,37.0,32.0,0.0,53.0,0.0,8.0,1.0,3.0,44.0,2.0,6.0,2.0,10.0,7.0,13.0,16.0,2.0,90.0,3.0,13.0,14.0,9.0
2021-06-08,14.0,0.0,0.0,12.0,5.0,8.0,28.0,30.0,0.0,75.0,0.0,7.0,0.0,0.0,42.0,1.0,6.0,1.0,11.0,6.0,10.0,21.0,2.0,91.0,0.0,12.0,6.0,13.0
2021-06-09,9.0,0.0,0.0,27.0,8.0,5.0,29.0,23.0,1.0,64.0,2.0,4.0,0.0,3.0,31.0,1.0,4.0,1.0,2.0,8.0,18.0,15.0,1.0,103.0,1.0,21.0,9.0,7.0
2021-06-10,20.0,1.0,0.0,21.0,11.0,6.0,41.0,36.0,0.0,38.0,0.0,7.0,0.0,5.0,40.0,2.0,3.0,1.0,8.0,7.0,20.0,16.0,2.0,94.0,3.0,13.0,4.0,8.0
2021-06-11,16.0,1.0,0.0,16.0,10.0,5.0,43.0,29.0,1.0,57.0,0.0,4.0,0.0,3.0,35.0,1.0,3.0,3.0,8.0,4.0,16.0,15.0,1.0,90.0,1.0,14.0,4.0,10.0
2021-06-12,17.0,2.0,0.0,27.0,5.0,5.0,39.0,32.0,0.0,52.0,1.0,7.0,0.0,4.0,37.0,2.0,3.0,1.0,11.0,6.0,23.0,16.0,3.0,91.0,0.0,9.0,6.0,9.0
2021-06-13,20.0,3.0,0.0,23.0,9.0,5.0,37.0,34.0,1.0,56.0,0.0,6.0,0.0,1.0,35.0,3.0,4.0,0.0,4.0,9.0,10.0,13.0,1.0,83.0,2.0,14.0,8.0,10.0
2021-06-14,16.0,0.0,0.0,15.0,4.0,7.0,24.0,32.0,0.0,52.0,0.0,7.0,0.0,0.0,37.0,0.0,3.0,2.0,5.0,9.0,12.0,16.0,3.0,89.0,2.0,13.0,8.0,6.0
2021-06-15,21.0,0.0,0.0,27.0,12.0,6.0,39.0,38.0,0.0,63.0,0.0,3.0,0.0,3.0,30.0,1.0,5.0,1.0,6.0,5.0,18.0,20.0,3.0,77.0,2.0,10.0,6.0,11.0
2021-06-16,21.0,1.0,1.0,25.0,3.0,11.0,32.0,20.0,0.0,52.0,0.0,4.0,1.0,3.0,39.0,1.0,3.0,2.0,1.0,9.0,20.0,14.0,1.0,72.0,1.0,14.0,9.0,11.0
2021-06-17,13.0,0.0,0.0,21.0,8.0,7.0,37.0,29.0,1.0,58.0,2.0,5.0,0.0,2.0,34.0,0.0,6.0,1.0,4.0,8.0,18.0,13.0,5.0,88.0,3.0,17.0,8.0,5.0
2021-06-18,18.0,1.0,0.0,18.0,7.0,4.0,41.0,35.0,0.0,54.0,0.0,3.0,1.0,1.0,34.0,1.0,3.0,0.0,3.0,4.0,17.0,24.0,1.0,106.0,1.0,16.0,6.0,7.0
2021-06-19,18.0,1.0,0.0,11.0,8.0,6.0,34.0,35.0,1.0,55.0,0.0,7.0,1.0,5.0,38.0,1.0,3.0,2.0,11.0,8.0,20.0,12.0,3.0,83.0,3.0,13.0,7.0,12.0
2021-06-20,14.0,1.0,0.0,29.0,7.0,8.0,32.0,41.0,0.0,63.0,0.0,5.0,0.0,1.0,45.0,1.0,5.0,2.0,3.0,7.0,17.0,18.0,3.0,98.0,3.0,19.0,10.0,3.0
2021-06-21,13.0,2.0,0.0,22.0,4.0,6.0,32.0,37.0,0.0,59.0,0.0,4.0,0.0,0.0,38.0,0.0,6.0,0.0,7.0,6.0,16.0,21.0,1.0,94.0,0.0,12.0,8.0,10.0
2021-06-22,18.0,0.0,0.0,15.0,7.0,2.0,23.0,26.0,0.0,50.0,0.0,6.0,0.0,3.0,24.0,1.0,3.0,2.0,9.0,6.0,17.0,13.0,5.0,107.0,0.0,11.0,11.0,10.0
2021-06-23,18.0,1.0,0.0,26.0,9.0,1.0,30.0,35.0,0.0,53.0,0.0,5.0,0.0,5.0,46.0,3.0,5.0,0.0,8.0,9.0,20.0,20.0,3.0,91.0,1.0,18.0,4.0,8.0
2021-06-24,14.0,0.0,0.0,15.0,9.0,8.0,45.0,25.0,0.0,66.0,0.0,9.0,1.0,1.0,32.0,1.0,4.0,0.0,6.0,9.0,18.0,12.0,3.0,90.0,1.0,12.0,4.0,7.0
2021-06-25,20.0,0.0,0.0,24.0,8.0,3.0,35.0,40.0,0.0,52.0,1.0,4.0,1.0,3.0,38.0,1.0,4.0,0.0,5.0,4.0,17.0,19.0,3.0,71.0,1.0,16.0,7.0,6.0
2021-06-26,21.0,2.0,0.0,22.0,5.0,1.0,31.0,26.0,1.0,54.0,0.0,2.0,0.0,2.0,36.0,1.0,1.0,1.0,11.0,6.0,14.0,18.0,1.0,97.0,1.0,21.0,5.0,11.0
2021-06-27,17.0,0.0,0.0,30.0,4.0,6.0,31.0,34.0,0.0,65.0,1.0,5.0,0.0,3.0,45.0,2.0,2.0,1.0,7.0,5.0,16.0,18.0,3.0,75.0,1.0,19.0,8.0,10.0
2021-06-28,21.0,1.0,0.0,22.0,9.0,8.0,31.0,41.0,0.0,65.0,0.0,7.0,1.0,0.0,48.0,1.0,5.0,0.0,5.0,8.0,14.0,15.0,3.0,78.0,2.0,16.0,8.0,12.0
2021-06-29,18.0,0.0,0.0,15.0,7.0,7.0,25.0,28.0,0.0,65.0,0.0,15.0,1.0,4.0,30.0,2.0,4.0,0.0,7.0,7.0,17.0,18.0,4.0,92.0,2.0,15.0,11.0,12.0
2021-06-30,16.0,0.0,0.0,19.0,9.0,11.0,30.0,25.0,1.0,56.0,0.0,2.0,1.0,1.0,33.0,2.0,1.0,2.0,6.0,7.0,14.0,15.0,4.0,92.0,2.0,9.0,5.0,8.0
2021-07-01,11.0,1.0,0.0,13.0,4.0,2.0,32.0,26.0,1.0,53.0,0.0,5.0,0.0,5.0,34.0,0.0,3.0,2.0,4.0,6.0,19.0,17.0,1.0,79.0,2.0,18.0,7.0,5.0
2021-07-02,19.0,0.0,0.0,30.0,10.0,6.0,36.0,33.0,0.0,59.0,2.0,5.0,0.0,3.0,33.0,0.0,4.0,1.0,7.0,8.0,25.0,24.0,4.0,77.0,0.0,14.0,6.0,6.0
2021-07-03,15.0,1.0,0.0,32.0,10.0,3.0,31.0,37.0,0.0,43.0,0.0,7.0,0.0,4.0,44.0,4.0,8.0,1.0,5.0,6.0,19.0,8.0,2.0,96.0,2.0,20.0,5.0,11.0
2021-07-04,14.0,0.0,0.0,25.0,8.0,3.0,32.0,33.0,0.0,62.0,0.0,5.0,1.0,2.0,28.0,1.0,3.0,0.0,4.0,5.0,12.0,17.0,3.0,102.0,0.0,15.0,8.0,13.0
2021-07-05,23.0,0.0,0.0,33.0,4.0,7.0,31.0,32.0,0.0,58.0,0.0,3.0,0.0,1.0,28.0,2.0,3.0,2.0,5.0,4.0,18.0,19.0,1.0,91.0,0.0,11.0,7.0,8.0
2021-07-06,15.0,0.0,0.0,27.0,6.0,9.0,38.0,31.0,1.0,57.0,0.0,7.0,1.0,3.0,33.0,1.0,5.0,0.0,7.0,3.0,13.0,14.0,0.0,89.0,2.0,8.0,11.0,6.0
2021-07-07,17.0,1.0,0.0,23.0,7.0,3.0,33.0,34.0,0.0,63.0,0.0,1.0,0.0,1.0,40.0,0.0,3.0,0.0,4.0,7.0,11.0,16.0,2.0,76.0,1.0,18.0,6.0,8.0
2021-07-08,17.0,1.0,0.0,22.0,6.0,3.0,39.0,24.0,0.0,56.0,1.0,2.0,0.0,2.0,29.0,0.0,3.0,2.0,4.0,8.0,17.0,16.0,1.0,98.0,1.0,10.0,2.0,5.0
2021-07-09,24.0,1.0,0.0,20.0,10.0,7.0,33.0,38.0,0.0,60.0,0.0,4.0,0.0,1.0,28.0,1.0,1.0,1.0,4.0,9.0,24.0,20.0,1.0,86.0,2.0,9.0,3.0,8.0
2021-07-10,12.0,1.0,0.0,24.0,6.0,6.0,44.0,35.0,1.0,60.0,0.0,6.0,0.0,3.0,45.0,1.0,5.0,1.0,11.0,9.0,14.0,19.0,3.0,88.0,2.0,18.0,4.0,8.0
2021-07-11,17.0,2.0,0.0,18.0,9.0,7.0,35.0,28.0,0.0,68.0,0.0,6.0,0.0,2.0,33.0,2.0,6.0,0.0,3.0,7.0,15.0,16.0,4.0,80.0,1.0,15.0,7.0,12.0
2021-07-12,19.0,0.0,0.0,23.0,8.0,2.0,29.0,37.0,0.0,48.0,0.0,4.0,0.0,1.0,34.0,1.0,2.0,2.0,5.0,8.0,14.0,18.0,3.0,67.0,1.0,17.0,8.0,12.0
2021-07-13,12.0,0.0,0.0,22.0,4.0,1.0,25.0,32.0,0.0,52.0,1.0,12.0,1.0,2.0,40.0,1.0,7.0,1.0,10.0,7.0,12.0,16.0,2.0,98.0,1.0,16.0,9.0,9.0
2021-07-14,15.0,1.0,0.0,18.0,9.0,6.0,35.0,30.0,0.0,61.0,1.0,6.0,0.0,3.0,29.0,0.0,4.0,0.0,3.0,4.0,12.0,13.0,3.0,87.0,0.0,19.0,9.0,10.0
2021-07-15,16.0,1.0,0.0,26.0,7.0,2.0,32.0,27.0,1.0,55.0,0.0,5.0,1.0,7.0,30.0,0.0,2.0,2.0,7.0,6.0,13.0,19.0,1.0,92.0,1.0,13.0,6.0,6.0
2021-07-16,20.0,1.0,0.0,23.0,10.0,5.0,33.0,29.0,0.0,55.0,0.0,5.0,0.0,2.0,30.0,5.0,5.0,1.0,7.0,7.0,14.0,19.0,3.0,86.0,1.0,6.0,9.0,5.0
2021-07-17,19.0,1.0,0.0,18.0,9.0,7.0,33.0,25.0,1.0,59.0,0.0,4.0,0.0,2.0,47.0,1.0,2.0,1.0,4.0,6.0,12.0,16.0,4.0,104.0,2.0,17.0,9.0,9.0
2021-07-18,21.0,0.0,0.0,27.0,11.0,5.0,39.0,34.0,0.0,77.0,0.0,2.0,0.0,2.0,38.0,1.0,4.0,2.0,10.0,8.0,10.0,19.0,0.0,92.0,1.0,14.0,2.0,8.0
2021-07-19,15.0,1.0,0.0,21.0,4.0,7.0,35.0,40.0,0.0,62.0,1.0,4.0,1.0,0.0,34.0,1.0,3.0,1.0,3.0,10.0,16.0,22.0,1.0,93.0,2.0,13.0,7.0,8.0
2021-07-20,12.0,2.0,0.0,17.0,5.0,5.0,31.0,37.0,0.0,69.0,0.0,3.0,1.0,2.0,43.0,2.0,3.0,3.0,5.0,9.0,15.0,18.0,6.0,80.0,0.0,19.0,14.0,8.0
2021-07-21,23.0,0.0,0.0,17.0,8.0,2.0,33.0,31.0,0.0,74.0,0.0,6.0,0.0,1.0,29.0,2.0,0.0,0.0,2.0,7.0,7.0,13.0,1.0,43.0,3.0,16.0,5.0,8.0
2021-07-22,23.0,1.0,0.0,19.0,6.0,3.0,36.0,27.0,0.0,64.0,0.0,4.0,0.0,2.0,28.0,3.0,5.0,1.0,2.0,8.0,17.0,17.0,3.0,35.0,2.0,18.0,6.0,10.0
2021-07-23,18.0,1.0,0.0,25.0,8.0,6.0,39.0,28.0,0.0,64.0,0.0,8.0,0.0,3.0,38.0,0.0,4.0,2.0,8.0,3.0,20.0,18.0,1.0,27.0,0.0,20.0,8.0,7.0
2021-07-24,14.0,2.0,0.0,18.0,5.0,3.0,34.0,50.0,0.0,60.0,1.0,15.0,0.0,4.0,37.0,0.0,2.0,2.0,11.0,8.0,17.0,15.0,2.0,72.0,1.0,12.0,2.0,10.0
2021-07-25,20.0,2.0,0.0,15.0,4.0,6.0,35.0,21.0,0.0,66.0,1.0,8.0,0.0,1.0,34.0,2.0,4.0,2.0,6.0,8.0,9.0,20.0,3.0,116.0,0.0,16.0,10.0,5.0
2021-07-26,17.0,2.0,0.0,12.0,5.0,3.0,38.0,41.0,0.0,48.0,1.0,6.0,0.0,0.0,32.0,0.0,5.0,0.0,7.0,9.0,16.0,18.0,3.0,72.0,1.0,10.0,5.0,9.0
2021-07-27,12.0,0.0,0.0,23.0,6.0,3.0,27.0,30.0,1.0,54.0,0.0,13.0,0.0,1.0,41.0,3.0,2.0,1.0,4.0,8.0,13.0,10.0,2.0,88.0,3.0,6.0,10.0,9.0
2021-07-28,20.0,1.0,0.0,22.0,5.0,11.0,35.0,23.0,1.0,45.0,1.0,6.0,0.0,1.0,29.0,0.0,2.0,1.0,7.0,9.0,16.0,17.0,3.0,111.0,2.0,12.0,7.0,7.0
2021-07-29,14.0,1.0,0.0,12.0,7.0,4.0,37.0,38.0,0.0,61.0,0.0,2.0,1.0,3.0,44.0,2.0,2.0,1.0,6.0,7.0,20.0,16.0,2.0,77.0,0.0,12.0,8.0,7.0
2021-07-30,14.0,0.0,0.0,14.0,8.0,6.0,29.0,34.0,0.0,50.0,1.0,1.0,0.0,1.0,37.0,2.0,3.0,2.0,8.0,9.0,18.0,27.0,3.0,79.0,4.0,17.0,5.0,8.0
2021-07-31,17.0,1.0,0.0,16.0,8.0,6.0,35.0,31.0,0.0,58.0,0.0,1.0,1.0,0.0,25.0,1.0,2.0,0.0,8.0,5.0,12.0,14.0,3.0,79.0,2.0,12.0,8.0,8.0
2021-08-01,14.0,0.0,0.0,21.0,6.0,10.0,39.0,35.0,0.0,63.0,0.0,9.0,1.0,2.0,35.0,0.0,4.0,1.0,5.0,5.0,14.0,17.0,2.0,98.0,1.0,17.0,6.0,5.0
2021-08-02,22.0,0.0,0.0,23.0,7.0,4.0,26.0,35.0,0.0,53.0,0.0,6.0,0.0,3.0,35.0,1.0,2.0,2.0,6.0,10.0,16.0,19.0,1.0,76.0,2.0,15.0,7.0,10.0
2021-08-03,20.0,1.0,0.0,24.0,7.0,8.0,35.0,30.0,1.0,49.0,0.0,5.0,1.0,2.0,30.0,1.0,1.0,1.0,5.0,7.0,25.0,13.0,3.0,97.0,1.0,12.0,10.0,8.0
2021-08-04,19.0,1.0,0.0,16.0,10.0,4.0,36.0,40.0,0.0,65.0,0.0,9.0,0.0,2.0,25.0,2.0,6.0,3.0,5.0,9.0,8.0,14.0,2.0,73.0,0.0,20.0,7.0,8.0
2021-08-05,14.0,0.0,0.0,26.0,4.0,4.0,29.0,27.0,1.0,61.0,0.0,11.0,0.0,1.0,38.0,3.0,3.0,1.0,7.0,7.0,12.0,19.0,2.0,66.0,1.0,15.0,6.0,6.0
2021-08-06,15.0,1.0,0.0,20.0,7.0,7.0,31.0,35.0,0.0,67.0,1.0,4.0,0.0,3.0,43.0,3.0,3.0,1.0,6.0,7.0,19.0,20.0,4.0,61.0,2.0,10.0,7.0,12.0
2021-08-07,14.0,0.0,0.0,17.0,6.0,6.0,41.0,27.0,0.0,50.0,0.0,4.0,0.0,1.0,40.0,2.0,2.0,0.0,9.0,9.0,14.0,16.0,1.0,85.0,0.0,23.0,5.0,10.0
2021-08-08,13.0,1.0,0.0,15.0,7.0,6.0,32.0,30.0,0.0,61.0,0.0,5.0,0.0,3.0,31.0,1.0,6.0,1.0,8.0,6.0,13.0,15.0,1.0,103.0,1.0,17.0,6.0,6.0
2021-08-09,22.0,0.0,0.0,21.0,10.0,3.0,26.0,49.0,0.0,65.0,0.0,6.0,0.0,0.0,43.0,1.0,4.0,1.0,4.0,9.0,11.0,13.0,4.0,100.0,0.0,4.0,8.0,9.0
2021-08-10,8.0,0.0,0.0,14.0,4.0,5.0,39.0,29.0,1.0,58.0,0.0,7.0,0.0,1.0,38.0,2.0,4.0,0.0,7.0,4.0,17.0,18.0,2.0,86.0,4.0,5.0,15.0,7.0
2021-08-11,16.0,0.0,0.0,20.0,5.0,6.0,35.0,22.0,0.0,48.0,0.0,3.0,1.0,4.0,34.0,0.0,3.0,0.0,7.0,6.0,13.0,16.0,3.0,76.0,3.0,9.0,4.0,8.0
2021-08-12,17.0,0.0,0.0,21.0,7.0,7.0,31.0,36.0,1.0,56.0,0.0,3.0,0.0,0.0,38.0,2.0,3.0,3.0,5.0,6.0,17.0,15.0,0.0,97.0,1.0,13.0,2.0,8.0
2021-08-13,20.0,1.0,0.0,23.0,5.0,4.0,36.0,30.0,0.0,40.0,0.0,2.0,1.0,1.0,41.0,2.0,4.0,2.0,5.0,9.0,12.0,16.0,2.0,84.0,0.0,20.0,7.0,6.0
2021-08-14,14.0,1.0,0.0,20.0,6.0,6.0,42.0,44.0,0.0,79.0,0.0,7.0,0.0,6.0,30.0,0.0,4.0,0.0,8.0,5.0,18.0,13.0,2.0,83.0,0.0,11.0,7.0,10.0
2021-08-15,24.0,1.0,0.0,24.0,10.0,3.0,37.0,20.0,1.0,57.0,0.0,10.0,1.0,2.0,39.0,3.0,2.0,0.0,4.0,10.0,11.0,20.0,2.0,93.0,1.0,13.0,11.0,7.0
2021-08-16,17.0,1.0,0.0,18.0,8.0,7.0,32.0,31.0,0.0,57.0,0.0,4.0,2.0,2.0,27.0,4.0,3.0,2.0,8.0,8.0,13.0,18.0,1.0,81.0,1.0,10.0,8.0,10.0
2021-08-17,17.0,0.0,0.0,24.0,7.0,6.0,31.0,31.0,1.0,53.0,1.0,5.0,0.0,0.0,28.0,0.0,1.0,1.0,9.0,6.0,11.0,17.0,2.0,85.0,1.0,15.0,6.0,8.0
2021-08-18,21.0,0.0,0.0,18.0,4.0,7.0,27.0,32.0,0.0,54.0,0.0,3.0,0.0,2.0,38.0,1.0,6.0,1.0,7.0,8.0,11.0,18.0,2.0,91.0,0.0,14.0,9.0,5.0
2021-08-19,20.0,2.0,0.0,18.0,9.0,5.0,34.0,28.0,0.0,61.0,0.0,4.0,0.0,0.0,30.0,0.0,2.0,2.0,6.0,9.0,16.0,16.0,3.0,72.0,4.0,10.0,9.0,5.0
2021-08-20,19.0,0.0,0.0,23.0,8.0,1.0,30.0,37.0,0.0,52.0,0.0,9.0,0.0,2.0,57.0,1.0,8.0,1.0,5.0,8.0,10.0,24.0,3.0,81.0,3.0,14.0,4.0,10.0
2021-08-21,16.0,1.0,0.0,19.0,4.0,5.0,41.0,33.0,0.0,62.0,0.0,2.0,0.0,3.0,49.0,1.0,6.0,1.0,7.0,5.0,19.0,17.0,3.0,85.0,2.0,17.0,7.0,7.0
2021-08-22,21.0,0.0,0.0,21.0,3.0,8.0,36.0,29.0,1.0,46.0,0.0,8.0,0.0,0.0,39.0,2.0,5.0,0.0,6.0,8.0,15.0,18.0,3.0,96.0,0.0,15.0,5.0,11.0
2021-08-23,19.0,1.0,0.0,22.0,7.0,6.0,28.0,32.0,1.0,44.0,0.0,5.0,1.0,1.0,41.0,0.0,6.0,3.0,6.0,9.0,10.0,17.0,2.0,87.0,3.0,9.0,8.0,6.0
2021-08-24,16.0,2.0,0.0,11.0,6.0,10.0,22.0,23.0,0.0,54.0,0.0,7.0,0.0,2.0,42.0,1.0,2.0,0.0,6.0,7.0,14.0,18.0,4.0,93.0,1.0,19.0,9.0,6.0
2021-08-25,16.0,0.0,0.0,26.0,6.0,6.0,31.0,38.0,0.0,53.0,1.0,6.0,0.0,4.0,42.0,2.0,2.0,1.0,4.0,6.0,10.0,23.0,1.0,78.0,0.0,11.0,9.0,7.0
2021-08-26,16.0,0.0,0.0,19.0,7.0,4.0,35.0,29.0,2.0,71.0,0.0,6.0,0.0,1.0,38.0,0.0,6.0,2.0,7.0,9.0,15.0,18.0,4.0,76.0,1.0,14.0,5.0,5.0
2021-08-27,19.0,0.0,0.0,26.0,9.0,4.0,32.0,22.0,1.0,71.0,0.0,5.0,0.0,2.0,35.0,1.0,8.0,0.0,7.0,7.0,15.0,12.0,4.0,76.0,2.0,9.0,6.0,8.0
2021-08-28,20.0,3.0,0.0,21.0,7.0,5.0,44.0,31.0,0.0,68.0,0.0,7.0,1.0,2.0,44.0,2.0,4.0,1.0,7.0,9.0,16.0,16.0,2.0,70.0,1.0,9.0,13.0,9.0
2021-08-29,17.0,0.0,0.0,29.0,9.0,3.0,39.0,40.0,0.0,65.0,0.0,6.0,0.0,2.0,30.0,2.0,7.0,0.0,7.0,9.0,16.0,26.0,2.0,86.0,1.0,19.0,5.0,3.0
2021-08-30,18.0,0.0,0.0,23.0,8.0,5.0,28.0,34.0,0.0,40.0,0.0,3.0,0.0,1.0,60.0,1.0,6.0,4.0,5.0,10.0,14.0,12.0,5.0,88.0,3.0,10.0,6.0,12.0
2021-08-31,21.0,2.0,0.0,17.0,9.0,5.0,37.0,33.0,0.0,57.0,0.0,7.0,1.0,3.0,37.0,0.0,2.0,2.0,8.0,8.0,12.0,15.0,0.0,85.0,1.0,12.0,7.0,8.0
2021-09-01,17.0,0.0,0.0,21.0,6.0,9.0,35.0,30.0,1.0,64.0,0.0,5.0,0.0,6.0,36.0,3.0,4.0,3.0,6.0,4.0,18.0,18.0,3.0,102.0,1.0,18.0,9.0,12.0
2021-09-02,15.0,1.0,0.0,18.0,7.0,7.0,29.0,31.0,0.0,66.0,0.0,6.0,0.0,0.0,37.0,1.0,3.0,0.0,1.0,7.0,9.0,14.0,3.0,75.0,2.0,20.0,6.0,8.0
2021-09-03,14.0,1.0,0.0,19.0,14.0,5.0,37.0,24.0,1.0,68.0,0.0,6.0,0.0,2.0,32.0,2.0,3.0,0.0,10.0,6.0,17.0,21.0,2.0,89.0,3.0,18.0,3.0,8.0
2021-09-04,17.0,2.0,0.0,23.0,6.0,2.0,45.0,25.0,0.0,48.0,0.0,4.0,0.0,3.0,33.0,1.0,4.0,2.0,4.0,9.0,14.0,19.0,5.0,78.0,2.0,15.0,11.0,7.0
2021-09-05,9.0,1.0,0.0,12.0,9.0,9.0,37.0,25.0,0.0,51.0,0.0,8.0,0.0,4.0,46.0,1.0,2.0,3.0,6.0,10.0,11.0,22.0,3.0,73.0,1.0,20.0,10.0,6.0
2021-09-06,20.0,1.0,0.0,18.0,9.0,6.0,36.0,44.0,0.0,56.0,0.0,5.0,1.0,1.0,31.0,0.0,1.0,3.0,8.0,11.0,14.0,17.0,2.0,83.0,1.0,16.0,4.0,6.0
2021-09-07,19.0,0.0,0.0,21.0,8.0,6.0,27.0,38.0,0.0,54.0,0.0,10.0,0.0,2.0,49.0,2.0,4.0,3.0,10.0,8.0,14.0,19.0,4.0,92.0,0.0,21.0,12.0,6.0
2021-09-08,18.0,0.0,0.0,23.0,3.0,4.0,36.0,28.0,0.0,48.0,0.0,7.0,0.0,2.0,36.0,1.0,5.0,0.0,7.0,8.0,17.0,16.0,2.0,88.0,2.0,15.0,7.0,5.0
2021-09-09,13.0,1.0,0.0,12.0,8.0,5.0,31.0,26.0,0.0,62.0,0.0,4.0,0.0,2.0,32.0,0.0,2.0,0.0,2.0,10.0,16.0,20.0,1.0,91.0,1.0,9.0,5.0,11.0
2021-09-10,26.0,2.0,0.0,28.0,7.0,3.0,30.0,29.0,0.0,50.0,0.0,2.0,0.0,0.0,32.0,0.0,5.0,1.0,7.0,5.0,14.0,15.0,4.0,90.0,2.0,15.0,6.0,5.0
2021-09-11,13.0,1.0,0.0,19.0,5.0,8.0,45.0,26.0,0.0,67.0,0.0,5.0,1.0,0.0,37.0,2.0,1.0,1.0,9.0,7.0,15.0,14.0,4.0,57.0,1.0,11.0,7.0,9.0
2021-09-12,18.0,1.0,0.0,22.0,10.0,6.0,33.0,35.0,1.0,69.0,0.0,6.0,1.0,3.0,36.0,0.0,6.0,5.0,2.0,8.0,17.0,17.0,3.0,50.0,0.0,11.0,6.0,5.0
2021-09-13,13.0,0.0,0.0,26.0,7.0,5.0,41.0,35.0,1.0,56.0,0.0,10.0,1.0,3.0,27.0,2.0,3.0,0.0,4.0,7.0,13.0,19.0,2.0,73.0,0.0,22.0,8.0,11.0
2021-09-14,21.0,1.0,0.0,17.0,9.0,9.0,28.0,27.0,0.0,56.0,0.0,12.0,0.0,2.0,34.0,1.0,6.0,2.0,8.0,5.0,21.0,14.0,2.0,64.0,3.0,9.0,9.0,12.0
2021-09-15,15.0,0.0,0.0,18.0,5.0,4.0,31.0,34.0,0.0,48.0,0.0,10.0,0.0,2.0,46.0,0.0,3.0,1.0,5.0,5.0,16.0,25.0,0.0,80.0,1.0,11.0,10.0,6.0
2021-09-16,15.0,2.0,0.0,11.0,12.0,3.0,29.0,35.0,0.0,15.0,0.0,3.0,0.0,1.0,27.0,1.0,2.0,0.0,8.0,7.0,19.0,15.0,2.0,84.0,2.0,10.0,5.0,7.0
2021-09-17,24.0,1.0,0.0,19.0,8.0,5.0,38.0,26.0,1.0,55.0,0.0,7.0,0.0,2.0,33.0,2.0,5.0,0.0,8.0,8.0,18.0,23.0,4.0,90.0,1.0,9.0,3.0,9.0
2021-09-18,12.0,0.0,0.0,25.0,6.0,9.0,29.0,35.0,1.0,75.0,0.0,8.0,0.0,1.0,40.0,1.0,1.0,1.0,6.0,9.0,12.0,17.0,4.0,86.0,4.0,5.0,9.0,8.0
2021-09-19,15.0,1.0,0.0,20.0,9.0,7.0,41.0,31.0,1.0,54.0,0.0,3.0,0.0,1.0,38.0,4.0,0.0,5.0,6.0,8.0,10.0,20.0,4.0,84.0,2.0,6.0,4.0,5.0
2021-09-20,14.0,0.0,0.0,16.0,6.0,3.0,29.0,31.0,0.0,52.0,0.0,5.0,2.0,4.0,40.0,0.0,3.0,1.0,6.0,7.0,11.0,14.0,3.0,81.0,3.0,7.0,9.0,8.0
2021-09-21,18.0,0.0,0.0,22.0,9.0,5.0,36.0,42.0,0.0,41.0,0.0,7.0,0.0,2.0,35.0,1.0,4.0,3.0,7.0,7.0,19.0,14.0,1.0,65.0,4.0,14.0,9.0,10.0
2021-09-22,17.0,1.0,0.0,26.0,9.0,6.0,36.0,30.0,0.0,55.0,0.0,5.0,0.0,0.0,25.0,0.0,5.0,1.0,7.0,7.0,22.0,23.0,2.0,80.0,3.0,12.0,8.0,9.0
2021-09-23,27.0,2.0,0.0,24.0,14.0,2.0,27.0,26.0,1.0,59.0,0.0,8.0,0.0,1.0,28.0,1.0,3.0,4.0,7.0,7.0,12.0,19.0,1.0,80.0,1.0,7.0,6.0,8.0
2021-09-24,13.0,1.0,0.0,18.0,9.0,4.0,31.0,28.0,0.0,70.0,0.0,3.0,0.0,3.0,41.0,3.0,2.0,2.0,6.0,5.0,19.0,20.0,3.0,84.0,0.0,12.0,7.0,11.0
2021-09-25,15.0,1.0,0.0,17.0,6.0,5.0,36.0,31.0,0.0,68.0,0.0,8.0,0.0,1.0,38.0,0.0,4.0,0.0,5.0,6.0,18.0,19.0,5.0,86.0,1.0,18.0,5.0,9.0
2021-09-26,17.0,0.0,0.0,30.0,4.0,5.0,45.0,40.0,0.0,64.0,0.0,7.0,0.0,1.0,40.0,0.0,4.0,1.0,7.0,12.0,15.0,21.0,3.0,99.0,3.0,11.0,6.0,5.0
2021-09-27,21.0,2.0,0.0,17.0,10.0,10.0,35.0,25.0,2.0,69.0,0.0,2.0,1.0,4.0,37.0,1.0,6.0,1.0,7.0,14.0,17.0,17.0,3.0,97.0,0.0,14.0,8.0,6.0
2021-09-28,16.0,0.0,0.0,16.0,2.0,3.0,36.0,43.0,0.0,53.0,0.0,3.0,0.0,4.0,40.0,0.0,3.0,3.0,7.0,5.0,17.0,15.0,3.0,97.0,0.0,24.0,11.0,6.0
2021-09-29,17.0,1.0,0.0,20.0,7.0,7.0,32.0,30.0,1.0,79.0,0.0,13.0,0.0,1.0,50.0,0.0,3.0,1.0,7.0,5.0,18.0,22.0,1.0,73.0,3.0,23.0,6.0,11.0
2021-09-30,14.0,1.0,0.0,15.0,13.0,6.0,36.0,40.0,0.0,64.0,0.0,7.0,1.0,0.0,33.0,2.0,1.0,1.0,3.0,13.0,20.0,16.0,0.0,75.0,0.0,15.0,7.0,8.0
2021-10-01,16.0,0.0,0.0,20.0,8.0,2.0,25.0,28.0,0.0,64.0,0.0,5.0,0.0,2.0,41.0,2.0,4.0,0.0,7.0,4.0,9.0,18.0,4.0,89.0,1.0,8.0,10.0,10.0
2021-10-02,18.0,1.0,0.0,12.0,7.0,3.0,39.0,37.0,0.0,52.0,0.0,6.0,0.0,1.0,36.0,0.0,3.0,2.0,7.0,4.0,8.0,13.0,0.0,87.0,0.0,20.0,5.0,8.0
2021-10-03,18.0,0.0,0.0,16.0,5.0,3.0,40.0,35.0,0.0,75.0,0.0,7.0,0.0,3.0,38.0,2.0,3.0,0.0,3.0,11.0,10.0,16.0,4.0,97.0,2.0,11.0,7.0,9.0
2021-10-04,17.0,1.0,0.0,23.0,5.0,4.0,41.0,38.0,1.0,47.0,0.0,4.0,0.0,3.0,42.0,1.0,8.0,0.0,6.0,13.0,16.0,16.0,2.0,87.0,2.0,11.0,7.0,11.0
2021-10-05,18.0,1.0,0.0,26.0,5.0,5.0,31.0,29.0,0.0,50.0,1.0,10.0,1.0,2.0,33.0,0.0,5.0,2.0,8.0,6.0,19.0,26.0,2.0,71.0,4.0,9.0,6.0,4.0
2021-10-06,20.0,1.0,0.0,13.0,10.0,8.0,29.0,38.0,0.0,61.0,0.0,8.0,0.0,2.0,36.0,0.0,1.0,4.0,6.0,9.0,13.0,22.0,1.0,86.0,0.0,15.0,10.0,9.0
2021-10-07,13.0,0.0,0.0,24.0,8.0,3.0,27.0,28.0,0.0,66.0,0.0,5.0,0.0,2.0,35.0,0.0,2.0,1.0,4.0,5.0,17.0,15.0,4.0,89.0,1.0,11.0,6.0,11.0
2021-10-08,22.0,0.0,0.0,19.0,5.0,6.0,31.0,24.0,0.0,59.0,0.0,8.0,0.0,3.0,31.0,4.0,4.0,2.0,3.0,7.0,20.0,19.0,2.0,79.0,2.0,10.0,9.0,9.0
2021-10-09,19.0,2.0,0.0,23.0,9.0,6.0,38.0,34.0,1.0,52.0,0.0,5.0,0.0,1.0,39.0,2.0,3.0,0.0,6.0,7.0,17.0,15.0,2.0,81.0,3.0,14.0,5.0,10.0
2021-10-10,14.0,0.0,0.0,21.0,4.0,9.0,36.0,35.0,0.0,64.0,0.0,0.0,1.0,2.0,37.0,2.0,6.0,0.0,6.0,8.0,19.0,11.0,2.0,49.0,2.0,12.0,7.0,7.0
2021-10-11,12.0,0.0,0.0,10.0,3.0,3.0,14.0,20.0,0.0,33.0,0.0,0.0,0.0,2.0,33.0,0.0,3.0,1.0,4.0,10.0,4.0,24.0,1.0,49.0,0.0,5.0,4.0,7.0
2021-10-12,22.0,2.0,0.0,21.0,7.0,4.0,31.0,35.0,0.0,53.0,0.0,7.0,0.0,0.0,29.0,1.0,4.0,4.0,9.0,5.0,7.0,22.0,4.0,107.0,1.0,9.0,5.0,9.0
2021-10-13,9.0,0.0,0.0,15.0,7.0,9.0,42.0,28.0,0.0,57.0,0.0,13.0,1.0,0.0,39.0,1.0,4.0,0.0,4.0,7.0,20.0,20.0,2.0,87.0,3.0,13.0,9.0,6.0
2021-10-14,20.0,0.0,0.0,20.0,8.0,3.0,40.0,32.0,1.0,52.0,0.0,6.0,0.0,2.0,33.0,1.0,2.0,1.0,6.0,6.0,13.0,13.0,0.0,73.0,3.0,13.0,11.0,4.0
2021-10-15,17.0,0.0,0.0,12.0,8.0,4.0,32.0,26.0,0.0,65.0,0.0,9.0,1.0,2.0,41.0,1.0,0.0,1.0,4.0,6.0,16.0,26.0,2.0,78.0,1.0,12.0,5.0,11.0
2021-10-16,17.0,0.0,0.0,18.0,10.0,2.0,33.0,41.0,0.0,53.0,0.0,3.0,0.0,1.0,32.0,2.0,3.0,2.0,5.0,10.0,11.0,18.0,4.0,75.0,1.0,17.0,7.0,8.0
2021-10-17,23.0,3.0,0.0,12.0,10.0,3.0,36.0,33.0,0.0,49.0,0.0,3.0,0.0,3.0,38.0,0.0,4.0,1.0,6.0,13.0,10.0,17.0,2.0,67.0,1.0,17.0,6.0,5.0
2021-10-18,12.0,3.0,1.0,13.0,6.0,6.0,28.0,31.0,1.0,64.0,0.0,10.0,1.0,3.0,40.0,2.0,3.0,0.0,10.0,9.0,13.0,17.0,0.0,79.0,3.0,11.0,8.0,10.0
2021-10-19,12.0,0.0,0.0,19.0,7.0,8.0,38.0,37.0,0.0,45.0,0.0,12.0,1.0,0.0,37.0,2.0,3.0,2.0,6.0,5.0,16.0,18.0,5.0,75.0,1.0,9.0,5.0,13.0
2021-10-20,14.0,1.0,0.0,17.0,8.0,2.0,32.0,31.0,0.0,48.0,0.0,6.0,0.0,1.0,36.0,2.0,7.0,3.0,6.0,10.0,20.0,17.0,4.0,71.0,1.0,12.0,9.0,4.0
2021-10-21,22.0,0.0,0.0,28.0,7.0,5.0,30.0,23.0,0.0,51.0,0.0,4.0,0.0,3.0,41.0,2.0,4.0,0.0,4.0,9.0,15.0,25.0,4.0,93.0,1.0,13.0,11.0,8.0
2021-10-22,21.0,2.0,0.0,18.0,7.0,10.0,36.0,21.0,1.0,49.0,0.0,6.0,0.0,1.0,43.0,1.0,4.0,2.0,7.0,5.0,10.0,23.0,1.0,65.0,1.0,8.0,8.0,3.0
2021-10-23,11.0,1.0,0.0,21.0,12.0,3.0,34.0,37.0,0.0,61.0,0.0,9.0,0.0,2.0,38.0,1.0,3.0,1.0,7.0,8.0,16.0,6.0,4.0,79.0,3.0,8.0,5.0,7.0
2021-10-24,19.0,0.0,0.0,26.0,2.0,7.0,38.0,41.0,0.0,56.0,0.0,2.0,0.0,2.0,33.0,3.0,4.0,2.0,4.0,7.0,10.0,21.0,0.0,71.0,3.0,5.0,10.0,6.0
2021-10-25,26.0,0.0,0.0,19.0,8.0,8.0,31.0,35.0,0.0,47.0,2.0,13.0,0.0,2.0,41.0,1.0,3.0,1.0,7.0,11.0,9.0,9.0,4.0,81.0,2.0,12.0,7.0,11.0
2021-10-26,18.0,1.0,0.0,20.0,5.0,6.0,26.0,32.0,0.0,62.0,0.0,7.0,0.0,0.0,31.0,1.0,4.0,3.0,5.0,7.0,7.0,17.0,3.0,77.0,1.0,11.0,7.0,9.0
2021-10-27,17.0,1.0,1.0,29.0,8.0,5.0,36.0,28.0,1.0,54.0,1.0,4.0,0.0,4.0,41.0,4.0,7.0,4.0,9.0,5.0,4.0,18.0,3.0,84.0,1.0,6.0,7.0,6.0
2021-10-28,12.0,0.0,0.0,22.0,8.0,5.0,39.0,23.0,0.0,58.0,0.0,8.0,0.0,1.0,34.0,2.0,1.0,0.0,8.0,6.0,10.0,10.0,3.0,88.0,1.0,6.0,6.0,8.0
2021-10-29,13.0,1.0,0.0,21.0,8.0,2.0,32.0,24.0,0.0,65.0,0.0,7.0,0.0,2.0,36.0,2.0,2.0,3.0,4.0,8.0,12.0,18.0,2.0,77.0,3.0,12.0,4.0,8.0
2021-10-30,20.0,1.0,0.0,20.0,6.0,5.0,39.0,35.0,0.0,61.0,0.0,9.0,1.0,1.0,26.0,3.0,2.0,1.0,8.0,9.0,9.0,18.0,5.0,95.0,0.0,18.0,5.0,8.0
2021-10-31,14.0,0.0,0.0,19.0,6.0,4.0,24.0,32.0,0.0,42.0,0.0,7.0,1.0,1.0,35.0,1.0,4.0,0.0,3.0,9.0,12.0,18.0,1.0,78.0,1.0,5.0,5.0,11.0
2021-11-01,10.0,2.0,0.0,21.0,10.0,6.0,23.0,39.0,0.0,48.0,0.0,7.0,1.0,2.0,30.0,1.0,2.0,0.0,5.0,6.0,9.0,21.0,3.0,85.0,4.0,11.0,8.0,5.0
2021-11-02,20.0,0.0,0.0,26.0,9.0,7.0,41.0,35.0,0.0,54.0,0.0,6.0,0.0,2.0,50.0,0.0,5.0,2.0,7.0,4.0,18.0,11.0,4.0,88.0,2.0,10.0,8.0,11.0
2021-11-03,12.0,0.0,0.0,21.0,10.0,6.0,29.0,33.0,1.0,49.0,0.0,9.0,0.0,3.0,36.0,3.0,3.0,1.0,7.0,7.0,15.0,19.0,2.0,91.0,2.0,8.0,9.0,7.0
2021-11-04,18.0,0.0,0.0,23.0,2.0,6.0,40.0,26.0,0.0,56.0,0.0,9.0,0.0,2.0,34.0,2.0,1.0,2.0,4.0,5.0,13.0,16.0,4.0,76.0,1.0,11.0,6.0,6.0
2021-11-05,21.0,0.0,0.0,21.0,1.0,3.0,44.0,31.0,0.0,47.0,0.0,5.0,0.0,2.0,36.0,3.0,2.0,5.0,6.0,9.0,12.0,21.0,3.0,83.0,3.0,11.0,5.0,7.0
2021-11-06,17.0,1.0,0.0,21.0,6.0,5.0,24.0,35.0,0.0,66.0,0.0,6.0,0.0,5.0,32.0,0.0,2.0,1.0,8.0,9.0,12.0,17.0,5.0,87.0,2.0,7.0,5.0,9.0
2021-11-07,16.0,3.0,0.0,7.0,10.0,1.0,33.0,27.0,0.0,44.0,0.0,7.0,0.0,0.0,47.0,3.0,2.0,0.0,7.0,10.0,7.0,19.0,2.0,75.0,0.0,15.0,5.0,7.0
2021-11-08,12.0,1.0,0.0,8.0,6.0,9.0,36.0,46.0,1.0,54.0,0.0,4.0,1.0,1.0,45.0,2.0,4.0,3.0,7.0,9.0,3.0,19.0,3.0,58.0,0.0,12.0,8.0,8.0
2021-11-09,16.0,0.0,0.0,24.0,11.0,4.0,35.0,28.0,0.0,44.0,0.0,10.0,0.0,2.0,42.0,0.0,2.0,0.0,8.0,4.0,18.0,15.0,0.0,62.0,2.0,11.0,9.0,12.0
2021-11-10,19.0,0.0,0.0,27.0,7.0,6.0,22.0,38.0,0.0,49.0,0.0,5.0,0.0,3.0,60.0,3.0,6.0,1.0,7.0,7.0,16.0,18.0,2.0,83.0,1.0,10.0,8.0,7.0
2021-11-11,15.0,1.0,0.0,26.0,9.0,5.0,44.0,22.0,0.0,55.0,0.0,11.0,0.0,1.0,56.0,3.0,1.0,1.0,4.0,6.0,12.0,18.0,1.0,77.0,3.0,7.0,6.0,6.0
2021-11-12,24.0,0.0,0.0,23.0,6.0,5.0,42.0,24.0,0.0,58.0,0.0,7.0,2.0,2.0,55.0,1.0,3.0,1.0,3.0,5.0,14.0,13.0,5.0,78.0,1.0,10.0,4.0,11.0
2021-11-13,15.0,1.0,0.0,23.0,6.0,4.0,33.0,26.0,0.0,54.0,0.0,8.0,0.0,0.0,48.0,0.0,2.0,1.0,10.0,9.0,17.0,11.0,4.0,78.0,0.0,13.0,10.0,6.0
2021-11-14,15.0,1.0,0.0,27.0,12.0,9.0,37.0,19.0,0.0,50.0,0.0,7.0,0.0,1.0,64.0,0.0,4.0,2.0,7.0,6.0,12.0,23.0,2.0,81.0,3.0,9.0,4.0,11.0
2021-11-15,22.0,2.0,0.0,25.0,11.0,6.0,29.0,29.0,0.0,46.0,0.0,10.0,1.0,2.0,48.0,0.0,5.0,1.0,4.0,11.0,14.0,27.0,4.0,81.0,2.0,13.0,8.0,8.0
2021-11-16,13.0,1.0,1.0,17.0,11.0,4.0,28.0,22.0,0.0,53.0,0.0,11.0,0.0,2.0,61.0,1.0,3.0,1.0,7.0,7.0,16.0,21.0,5.0,73.0,3.0,12.0,6.0,9.0
2021-11-17,18.0,1.0,0.0,16.0,4.0,6.0,26.0,28.0,0.0,51.0,1.0,5.0,0.0,2.0,47.0,1.0,3.0,2.0,4.0,11.0,16.0,18.0,4.0,74.0,4.0,8.0,5.0,11.0
2021-11-18,21.0,2.0,0.0,15.0,11.0,5.0,44.0,20.0,1.0,67.0,0.0,6.0,0.0,1.0,51.0,0.0,2.0,1.0,6.0,7.0,20.0,18.0,3.0,73.0,1.0,7.0,6.0,4.0
2021-11-19,19.0,0.0,0.0,24.0,5.0,3.0,36.0,21.0,0.0,54.0,0.0,9.0,0.0,4.0,51.0,3.0,3.0,2.0,11.0,10.0,11.0,20.0,2.0,82.0,0.0,10.0,7.0,10.0
2021-11-20,23.0,1.0,0.0,19.0,6.0,3.0,23.0,30.0,0.0,52.0,0.0,5.0,0.0,3.0,57.0,0.0,3.0,0.0,9.0,5.0,9.0,14.0,1.0,86.0,0.0,6.0,9.0,9.0
2021-11-21,14.0,0.0,0.0,22.0,12.0,7.0,37.0,32.0,0.0,58.0,1.0,9.0,0.0,2.0,59.0,3.0,5.0,4.0,6.0,7.0,14.0,13.0,3.0,87.0,1.0,10.0,4.0,7.0
2021-11-22,26.0,0.0,0.0,19.0,8.0,6.0,25.0,33.0,1.0,43.0,0.0,9.0,1.0,0.0,47.0,1.0,2.0,0.0,6.0,13.0,12.0,17.0,2.0,62.0,0.0,9.0,9.0,10.0
2021-11-23,19.0,3.0,0.0,31.0,15.0,7.0,39.0,34.0,0.0,45.0,0.0,6.0,0.0,1.0,51.0,1.0,4.0,2.0,8.0,8.0,11.0,21.0,4.0,71.0,3.0,5.0,13.0,7.0
2021-11-24,16.0,0.0,0.0,31.0,4.0,6.0,26.0,23.0,0.0,49.0,0.0,8.0,0.0,0.0,54.0,1.0,2.0,0.0,2.0,7.0,17.0,16.0,4.0,85.0,3.0,6.0,7.0,12.0
2021-11-25,16.0,0.0,0.0,24.0,10.0,3.0,34.0,29.0,0.0,50.0,0.0,13.0,0.0,1.0,49.0,2.0,4.0,0.0,7.0,8.0,10.0,21.0,3.0,72.0,3.0,7.0,6.0,9.0
2021-11-26,20.0,0.0,0.0,18.0,12.0,2.0,42.0,30.0,0.0,52.0,2.0,5.0,1.0,3.0,55.0,1.0,3.0,2.0,5.0,8.0,13.0,23.0,3.0,80.0,3.0,10.0,8.0,12.0
2021-11-27,15.0,1.0,0.0,20.0,11.0,6.0,29.0,26.0,0.0,63.0,0.0,0.0,0.0,3.0,48.0,0.0,3.0,2.0,9.0,8.0,16.0,22.0,0.0,74.0,1.0,12.0,6.0,3.0
2021-11-28,15.0,1.0,0.0,21.0,5.0,3.0,19.0,31.0,0.0,52.0,0.0,5.0,2.0,4.0,44.0,1.0,5.0,2.0,6.0,13.0,6.0,18.0,2.0,83.0,2.0,12.0,3.0,11.0
2021-11-29,20.0,1.0,0.0,21.0,4.0,9.0,32.0,40.0,0.0,62.0,0.0,9.0,1.0,1.0,70.0,1.0,4.0,2.0,7.0,6.0,7.0,18.0,1.0,95.0,1.0,9.0,8.0,8.0
2021-11-30,16.0,0.0,0.0,13.0,4.0,4.0,39.0,24.0,0.0,51.0,0.0,3.0,0.0,1.0,54.0,3.0,7.0,1.0,5.0,3.0,13.0,24.0,5.0,58.0,2.0,7.0,10.0,12.0
2021-12-01,16.0,2.0,0.0,20.0,9.0,5.0,32.0,28.0,0.0,40.0,0.0,3.0,0.0,1.0,48.0,2.0,2.0,2.0,5.0,10.0,8.0,16.0,3.0,72.0,1.0,3.0,10.0,8.0
2021-12-02,19.0,1.0,0.0,18.0,7.0,7.0,35.0,26.0,0.0,63.0,0.0,8.0,0.0,4.0,51.0,3.0,1.0,2.0,5.0,8.0,14.0,8.0,6.0,98.0,0.0,5.0,6.0,5.0
2021-12-03,17.0,0.0,0.0,15.0,8.0,3.0,44.0,34.0,0.0,45.0,0.0,3.0,0.0,4.0,51.0,4.0,3.0,2.0,6.0,7.0,13.0,17.0,2.0,80.0,0.0,10.0,5.0,8.0
2021-12-04,19.0,1.0,0.0,20.0,6.0,6.0,35.0,29.0,0.0,54.0,0.0,11.0,1.0,0.0,59.0,3.0,1.0,2.0,7.0,6.0,14.0,15.0,3.0,85.0,1.0,8.0,6.0,13.0
2021-12-05,21.0,0.0,0.0,27.0,3.0,3.0,36.0,28.0,0.0,53.0,0.0,6.0,0.0,1.0,52.0,1.0,4.0,1.0,1.0,8.0,10.0,17.0,3.0,79.0,3.0,13.0,7.0,4.0
2021-12-06,22.0,2.0,0.0,25.0,13.0,7.0,26.0,26.0,1.0,54.0,0.0,7.0,1.0,1.0,57.0,0.0,4.0,0.0,5.0,12.0,9.0,19.0,1.0,84.0,1.0,11.0,8.0,16.0
2021-12-07,17.0,1.0,0.0,29.0,8.0,2.0,41.0,31.0,0.0,48.0,0.0,2.0,0.0,1.0,55.0,1.0,4.0,0.0,11.0,4.0,5.0,22.0,5.0,80.0,1.0,11.0,10.0,7.0
2021-12-08,10.0,0.0,0.0,22.0,8.0,5.0,26.0,23.0,0.0,58.0,0.0,5.0,0.0,4.0,41.0,3.0,4.0,0.0,5.0,10.0,6.0,14.0,5.0,82.0,3.0,5.0,6.0,8.0
2021-12-09,19.0,1.0,0.0,18.0,8.0,6.0,21.0,19.0,0.0,50.0,0.0,11.0,0.0,3.0,49.0,1.0,1.0,0.0,8.0,9.0,14.0,20.0,2.0,80.0,2.0,17.0,8.0,7.0
2021-12-10,23.0,2.0,0.0,17.0,8.0,5.0,34.0,21.0,1.0,54.0,0.0,9.0,0.0,2.0,52.0,5.0,3.0,3.0,2.0,10.0,12.0,24.0,3.0,64.0,0.0,7.0,5.0,6.0
2021-12-11,11.0,1.0,0.0,20.0,12.0,6.0,34.0,31.0,0.0,43.0,1.0,12.0,0.0,3.0,50.0,0.0,5.0,2.0,5.0,9.0,11.0,19.0,2.0,95.0,0.0,5.0,7.0,7.0
2021-12-12,18.0,1.0,0.0,25.0,5.0,9.0,45.0,26.0,0.0,49.0,0.0,11.0,0.0,3.0,60.0,4.0,4.0,0.0,6.0,6.0,12.0,17.0,1.0,74.0,4.0,4.0,4.0,9.0
2021-12-13,16.0,2.0,0.0,19.0,5.0,6.0,42.0,26.0,0.0,54.0,1.0,1.0,1.0,3.0,49.0,0.0,2.0,1.0,1.0,11.0,5.0,16.0,4.0,71.0,1.0,1.0,7.0,12.0
2021-12-14,19.0,0.0,0.0,20.0,12.0,6.0,33.0,30.0,0.0,47.0,0.0,4.0,0.0,2.0,56.0,1.0,4.0,0.0,8.0,4.0,14.0,13.0,3.0,77.0,2.0,12.0,11.0,10.0
2021-12-15,18.0,1.0,0.0,23.0,8.0,5.0,27.0,21.0,1.0,50.0,0.0,7.0,0.0,1.0,51.0,3.0,4.0,2.0,7.0,6.0,12.0,17.0,2.0,82.0,1.0,3.0,6.0,5.0
2021-12-16,15.0,2.0,0.0,15.0,12.0,3.0,36.0,22.0,0.0,57.0,1.0,3.0,0.0,1.0,43.0,1.0,2.0,1.0,7.0,7.0,9.0,14.0,4.0,79.0,3.0,3.0,3.0,7.0
2021-12-17,12.0,3.0,0.0,23.0,11.0,5.0,42.0,33.0,0.0,36.0,0.0,8.0,1.0,3.0,44.0,0.0,4.0,0.0,6.0,9.0,9.0,19.0,1.0,69.0,0.0,3.0,12.0,6.0
2021-12-18,15.0,1.0,0.0,19.0,10.0,5.0,30.0,36.0,1.0,57.0,0.0,0.0,1.0,3.0,55.0,3.0,2.0,4.0,8.0,7.0,14.0,22.0,3.0,86.0,2.0,4.0,2.0,7.0
2021-12-19,17.0,0.0,0.0,23.0,8.0,6.0,41.0,32.0,0.0,61.0,0.0,13.0,0.0,0.0,38.0,0.0,7.0,1.0,5.0,8.0,13.0,20.0,5.0,83.0,2.0,7.0,7.0,12.0
2021-12-20,20.0,1.0,0.0,21.0,11.0,4.0,42.0,29.0,0.0,43.0,0.0,8.0,1.0,1.0,56.0,1.0,3.0,1.0,4.0,10.0,15.0,1.0,1.0,70.0,0.0,5.0,7.0,9.0
2021-12-21,18.0,0.0,0.0,28.0,8.0,7.0,24.0,32.0,0.0,59.0,0.0,12.0,0.0,3.0,50.0,0.0,3.0,3.0,5.0,8.0,9.0,17.0,2.0,65.0,1.0,7.0,5.0,9.0
2021-12-22,18.0,0.0,0.0,21.0,8.0,5.0,33.0,35.0,0.0,54.0,0.0,9.0,1.0,1.0,50.0,2.0,4.0,3.0,6.0,11.0,10.0,27.0,2.0,77.0,0.0,7.0,7.0,11.0
2021-12-23,16.0,1.0,0.0,12.0,8.0,2.0,29.0,33.0,1.0,42.0,0.0,4.0,0.0,5.0,49.0,1.0,0.0,0.0,7.0,4.0,11.0,17.0,2.0,59.0,5.0,11.0,9.0,8.0
2021-12-24,18.0,0.0,0.0,17.0,11.0,4.0,37.0,22.0,0.0,51.0,0.0,11.0,0.0,1.0,51.0,1.0,3.0,0.0,11.0,11.0,11.0,15.0,3.0,94.0,0.0,8.0,6.0,6.0
2021-12-25,23.0,1.0,0.0,24.0,7.0,7.0,29.0,33.0,0.0,36.0,0.0,5.0,0.0,5.0,55.0,0.0,3.0,3.0,6.0,8.0,22.0,18.0,4.0,74.0,3.0,3.0,8.0,9.0
2021-12-26,15.0,1.0,0.0,14.0,6.0,3.0,26.0,34.0,0.0,55.0,0.0,8.0,0.0,1.0,63.0,1.0,6.0,0.0,7.0,9.0,16.0,21.0,0.0,64.0,0.0,9.0,3.0,5.0
2021-12-27,14.0,0.0,0.0,20.0,10.0,4.0,31.0,34.0,0.0,47.0,0.0,9.0,1.0,4.0,59.0,4.0,3.0,2.0,2.0,7.0,6.0,20.0,3.0,86.0,2.0,6.0,7.0,6.0
2021-12-28,14.0,0.0,0.0,25.0,7.0,4.0,26.0,32.0,0.0,58.0,0.0,10.0,0.0,1.0,55.0,3.0,2.0,1.0,3.0,4.0,6.0,22.0,5.0,67.0,1.0,10.0,9.0,5.0
2021-12-29,23.0,0.0,0.0,26.0,10.0,2.0,18.0,35.0,0.0,52.0,0.0,13.0,0.0,3.0,52.0,0.0,2.0,1.0,8.0,6.0,10.0,17.0,2.0,69.0,0.0,5.0,10.0,6.0
2021-12-30,14.0,0.0,0.0,15.0,9.0,5.0,31.0,24.0,0.0,40.0,0.0,4.0,1.0,2.0,54.0,1.0,4.0,2.0,3.0,10.0,14.0,9.0,1.0,65.0,0.0,6.0,5.0,8.0
2021-12-31,22.0,0.0,0.0,29.0,8.0,4.0,34.0,23.0,0.0,56.0,0.0,7.0,1.0,4.0,49.0,1.0,2.0,2.0,5.0,9.0,11.0,21.0,2.0,81.0,1.0,5.0,7.0,9.0
2022-01-01,14.0,1.0,0.0,25.0,11.0,8.0,26.0,36.0,1.0,32.0,1.0,12.0,0.0,4.0,49.0,2.0,2.0,1.0,7.0,5.0,10.0,19.0,4.0,87.0,2.0,11.0,8.0,12.0
2022-01-02,21.0,2.0,0.0,11.0,5.0,8.0,27.0,25.0,0.0,57.0,0.0,6.0,0.0,1.0,58.0,0.0,4.0,0.0,2.0,13.0,11.0,20.0,4.0,60.0,2.0,6.0,7.0,6.0
2022-01-03,17.0,1.0,0.0,32.0,7.0,5.0,25.0,32.0,1.0,53.0,0.0,5.0,1.0,0.0,45.0,0.0,6.0,0.0,4.0,8.0,12.0,18.0,2.0,80.0,2.0,12.0,8.0,9.0
2022-01-04,17.0,2.0,0.0,16.0,11.0,1.0,41.0,25.0,0.0,53.0,0.0,7.0,0.0,2.0,62.0,0.0,1.0,1.0,5.0,6.0,10.0,17.0,1.0,69.0,3.0,7.0,9.0,9.0
2022-01-05,15.0,0.0,0.0,21.0,5.0,4.0,31.0,26.0,0.0,48.0,0.0,6.0,0.0,1.0,31.0,2.0,3.0,1.0,6.0,8.0,9.0,18.0,4.0,74.0,1.0,10.0,9.0,5.0
2022-01-06,23.0,0.0,0.0,25.0,9.0,9.0,31.0,28.0,0.0,49.0,0.0,8.0,0.0,3.0,54.0,3.0,1.0,0.0,5.0,7.0,13.0,13.0,3.0,82.0,2.0,7.0,4.0,6.0
2022-01-07,19.0,1.0,0.0,19.0,3.0,2.0,40.0,34.0,1.0,60.0,0.0,9.0,0.0,2.0,59.0,0.0,1.0,2.0,3.0,8.0,13.0,21.0,5.0,71.0,3.0,2.0,9.0,13.0
2022-01-08,17.0,1.0,0.0,13.0,9.0,8.0,34.0,28.0,0.0,54.0,0.0,6.0,0.0,3.0,53.0,3.0,5.0,3.0,8.0,9.0,9.0,13.0,5.0,78.0,2.0,6.0,5.0,10.0
2022-01-09,14.0,3.0,0.0,20.0,8.0,9.0,26.0,27.0,1.0,61.0,0.0,8.0,1.0,4.0,45.0,0.0,4.0,2.0,3.0,10.0,9.0,16.0,5.0,82.0,1.0,6.0,8.0,6.0
2022-01-10,17.0,1.0,0.0,22.0,6.0,4.0,32.0,33.0,0.0,58.0,0.0,4.0,1.0,2.0,56.0,0.0,2.0,0.0,8.0,8.0,10.0,19.0,4.0,82.0,1.0,8.0,3.0,9.0
2022-01-11,13.0,0.0,0.0,17.0,6.0,4.0,33.0,25.0,0.0,50.0,2.0,7.0,0.0,2.0,56.0,2.0,3.0,2.0,5.0,6.0,14.0,17.0,0.0,76.0,0.0,2.0,7.0,5.0
2022-01-12,13.0,2.0,0.0,19.0,7.0,2.0,34.0,46.0,0.0,52.0,0.0,7.0,0.0,1.0,47.0,1.0,1.0,1.0,7.0,8.0,16.0,19.0,3.0,85.0,1.0,3.0,6.0,14.0
2022-01-13,15.0,1.0,0.0,21.0,8.0,5.0,29.0,32.0,0.0,60.0,0.0,4.0,0.0,3.0,55.0,1.0,3.0,1.0,6.0,6.0,9.0,24.0,2.0,82.0,2.0,4.0,8.0,6.0
2022-01-14,11.0,2.0,0.0,22.0,8.0,6.0,31.0,32.0,0.0,48.0,0.0,3.0,0.0,2.0,52.0,2.0,2.0,2.0,3.0,8.0,10.0,15.0,1.0,76.0,3.0,7.0,8.0,6.0
2022-01-15,26.0,0.0,0.0,18.0,5.0,5.0,43.0,36.0,0.0,50.0,1.0,7.0,0.0,2.0,59.0,3.0,3.0,2.0,11.0,10.0,13.0,21.0,2.0,88.0,2.0,11.0,2.0,13.0
2022-01-16,16.0,0.0,0.0,15.0,8.0,1.0,43.0,28.0,0.0,73.0,0.0,5.0,1.0,0.0,41.0,2.0,4.0,3.0,4.0,5.0,14.0,9.0,4.0,67.0,1.0,14.0,8.0,9.0
2022-01-17,15.0,0.0,0.0,19.0,8.0,3.0,41.0,30.0,1.0,42.0,0.0,9.0,1.0,2.0,59.0,2.0,2.0,1.0,5.0,10.0,6.0,16.0,3.0,92.0,1.0,11.0,3.0,12.0
2022-01-18,16.0,2.0,0.0,19.0,6.0,6.0,23.0,40.0,0.0,59.0,0.0,10.0,0.0,2.0,51.0,1.0,6.0,2.0,5.0,3.0,17.0,16.0,2.0,60.0,1.0,6.0,12.0,10.0
2022-01-19,11.0,0.0,0.0,16.0,7.0,7.0,38.0,35.0,0.0,54.0,0.0,5.0,0.0,1.0,58.0,3.0,6.0,0.0,4.0,4.0,17.0,22.0,2.0,73.0,1.0,8.0,6.0,8.0
2022-01-20,11.0,1.0,0.0,14.0,4.0,4.0,29.0,26.0,0.0,48.0,0.0,5.0,1.0,1.0,47.0,1.0,2.0,0.0,6.0,10.0,16.0,24.0,4.0,78.0,2.0,3.0,5.0,13.0
2022-01-21,20.0,0.0,0.0,20.0,6.0,4.0,27.0,26.0,1.0,64.0,0.0,8.0,0.0,4.0,56.0,1.0,1.0,0.0,5.0,8.0,11.0,14.0,3.0,61.0,2.0,6.0,8.0,6.0
2022-01-22,16.0,0.0,0.0,14.0,8.0,6.0,48.0,39.0,0.0,35.0,0.0,9.0,0.0,0.0,57.0,1.0,2.0,2.0,10.0,9.0,13.0,13.0,2.0,79.0,1.0,7.0,5.0,4.0
2022-01-23,22.0,2.0,0.0,17.0,8.0,7.0,52.0,43.0,0.0,51.0,0.0,10.0,0.0,2.0,47.0,1.0,3.0,2.0,6.0,7.0,14.0,17.0,2.0,75.0,1.0,12.0,11.0,9.0
2022-01-24,11.0,0.0,1.0,13.0,5.0,2.0,28.0,26.0,1.0,56.0,0.0,7.0,1.0,0.0,51.0,2.0,7.0,1.0,3.0,11.0,6.0,17.0,3.0,76.0,1.0,10.0,8.0,12.0
2022-01-25,17.0,2.0,0.0,22.0,11.0,3.0,28.0,34.0,0.0,62.0,0.0,10.0,0.0,2.0,48.0,0.0,4.0,3.0,8.0,9.0,9.0,18.0,1.0,97.0,1.0,9.0,5.0,8.0
2022-01-26,19.0,0.0,0.0,19.0,10.0,6.0,34.0,36.0,0.0,53.0,0.0,7.0,0.0,5.0,62.0,1.0,1.0,1.0,7.0,10.0,19.0,16.0,0.0,80.0,3.0,9.0,10.0,6.0
2022-01-27,22.0,0.0,0.0,21.0,8.0,4.0,30.0,25.0,0.0,53.0,0.0,4.0,0.0,1.0,46.0,0.0,4.0,3.0,5.0,8.0,16.0,17.0,3.0,75.0,0.0,6.0,6.0,10.0
2022-01-28,19.0,0.0,0.0,16.0,6.0,2.0,34.0,39.0,0.0,51.0,1.0,18.0,0.0,2.0,55.0,2.0,1.0,1.0,4.0,6.0,8.0,20.0,6.0,63.0,0.0,6.0,11.0,8.0
2022-01-29,18.0,1.0,0.0,23.0,7.0,7.0,31.0,38.0,2.0,54.0,0.0,14.0,0.0,3.0,42.0,1.0,3.0,3.0,4.0,6.0,14.0,21.0,3.0,66.0,2.0,9.0,6.0,11.0
2022-01-30,22.0,0.0,0.0,6.0,10.0,6.0,31.0,37.0,0.0,50.0,0.0,4.0,0.0,1.0,68.0,2.0,6.0,1.0,4.0,8.0,16.0,19.0,7.0,70.0,3.0,8.0,9.0,8.0
2022-01-31,18.0,1.0,0.0,16.0,6.0,4.0,26.0,33.0,0.0,37.0,0.0,7.0,1.0,4.0,53.0,6.0,2.0,2.0,5.0,6.0,14.0,19.0,2.0,81.0,2.0,11.0,8.0,6.0
2022-02-01,19.0,0.0,0.0,9.0,10.0,10.0,25.0,38.0,1.0,38.0,0.0,13.0,0.0,2.0,52.0,5.0,2.0,1.0,5.0,9.0,21.0,24.0,0.0,69.0,3.0,9.0,8.0,14.0
2022-02-02,17.0,1.0,0.0,18.0,7.0,7.0,31.0,25.0,0.0,62.0,1.0,11.0,1.0,3.0,53.0,2.0,4.0,1.0,9.0,10.0,13.0,16.0,4.0,86.0,2.0,13.0,6.0,5.0
2022-02-03,22.0,3.0,0.0,12.0,10.0,6.0,40.0,27.0,0.0,59.0,0.0,10.0,0.0,2.0,50.0,2.0,5.0,1.0,4.0,10.0,13.0,20.0,4.0,87.0,2.0,5.0,5.0,7.0
2022-02-04,24.0,1.0,0.0,17.0,6.0,6.0,41.0,26.0,0.0,68.0,0.0,8.0,1.0,2.0,39.0,1.0,4.0,0.0,5.0,12.0,20.0,14.0,1.0,83.0,0.0,7.0,7.0,10.0
2022-02-05,16.0,0.0,0.0,14.0,10.0,3.0,39.0,37.0,0.0,72.0,0.0,8.0,0.0,0.0,43.0,4.0,2.0,3.0,5.0,8.0,17.0,20.0,2.0,78.0,0.0,9.0,6.0,8.0
2022-02-06,21.0,1.0,0.0,21.0,8.0,8.0,23.0,29.0,0.0,59.0,0.0,10.0,0.0,4.0,46.0,0.0,1.0,2.0,7.0,7.0,12.0,21.0,5.0,62.0,0.0,10.0,6.0,9.0
2022-02-07,15.0,2.0,0.0,24.0,11.0,5.0,35.0,36.0,0.0,40.0,0.0,8.0,2.0,0.0,63.0,3.0,6.0,1.0,2.0,12.0,10.0,24.0,5.0,67.0,2.0,12.0,11.0,12.0
2022-02-08,18.0,0.0,0.0,20.0,5.0,8.0,30.0,34.0,0.0,66.0,2.0,11.0,0.0,4.0,49.0,1.0,2.0,1.0,6.0,4.0,18.0,19.0,2.0,71.0,1.0,13.0,3.0,9.0
2022-02-09,20.0,0.0,0.0,12.0,7.0,1.0,33.0,22.0,0.0,47.0,0.0,8.0,0.0,3.0,51.0,0.0,1.0,2.0,7.0,7.0,17.0,15.0,5.0,70.0,1.0,11.0,8.0,7.0
2022-02-10,19.0,0.0,0.0,26.0,9.0,7.0,29.0,28.0,0.0,45.0,0.0,12.0,0.0,4.0,53.0,2.0,2.0,0.0,9.0,7.0,18.0,12.0,2.0,75.0,1.0,10.0,4.0,14.0
2022-02-11,20.0,1.0,0.0,11.0,10.0,4.0,36.0,31.0,0.0,49.0,1.0,11.0,1.0,2.0,54.0,1.0,2.0,4.0,3.0,8.0,16.0,17.0,3.0,82.0,1.0,7.0,6.0,8.0
2022-02-12,14.0,1.0,0.0,16.0,5.0,5.0,37.0,34.0,1.0,53.0,0.0,9.0,1.0,2.0,59.0,1.0,7.0,3.0,10.0,9.0,17.0,24.0,1.0,94.0,1.0,3.0,9.0,10.0
2022-02-13,17.0,1.0,0.0,16.0,7.0,4.0,29.0,35.0,0.0,58.0,0.0,12.0,0.0,3.0,44.0,0.0,3.0,2.0,3.0,9.0,19.0,13.0,2.0,78.0,2.0,6.0,2.0,7.0
2022-02-14,16.0,0.0,0.0,23.0,9.0,7.0,35.0,34.0,0.0,52.0,0.0,9.0,1.0,3.0,59.0,1.0,4.0,0.0,7.0,7.0,13.0,21.0,2.0,69.0,2.0,14.0,14.0,14.0
2022-02-15,17.0,1.0,0.0,18.0,10.0,8.0,25.0,27.0,0.0,48.0,0.0,11.0,0.0,1.0,54.0,3.0,6.0,2.0,5.0,6.0,11.0,26.0,3.0,63.0,3.0,7.0,9.0,12.0
2022-02-16,17.0,0.0,0.0,17.0,7.0,3.0,28.0,29.0,0.0,60.0,1.0,5.0,1.0,3.0,42.0,1.0,2.0,1.0,4.0,6.0,23.0,20.0,3.0,75.0,2.0,7.0,1.0,5.0
2022-02-17,19.0,1.0,0.0,19.0,8.0,5.0,25.0,34.0,0.0,54.0,0.0,14.0,0.0,1.0,46.0,0.0,2.0,0.0,9.0,10.0,19.0,17.0,3.0,72.0,1.0,2.0,9.0,7.0
2022-02-18,29.0,2.0,0.0,20.0,5.0,7.0,18.0,25.0,0.0,46.0,1.0,6.0,1.0,2.0,55.0,0.0,2.0,0.0,4.0,7.0,17.0,11.0,1.0,80.0,0.0,6.0,5.0,10.0
2022-02-19,12.0,2.0,0.0,14.0,14.0,6.0,17.0,35.0,1.0,47.0,0.0,13.0,1.0,1.0,59.0,1.0,5.0,2.0,5.0,11.0,24.0,22.0,3.0,71.0,0.0,6.0,5.0,8.0
2022-02-20,16.0,1.0,0.0,19.0,10.0,1.0,16.0,25.0,1.0,57.0,0.0,8.0,0.0,4.0,43.0,1.0,3.0,1.0,6.0,4.0,15.0,11.0,5.0,53.0,0.0,6.0,8.0,9.0
2022-02-21,15.0,0.0,0.0,17.0,7.0,3.0,22.0,24.0,0.0,53.0,0.0,11.0,1.0,3.0,56.0,1.0,2.0,0.0,2.0,8.0,14.0,21.0,5.0,84.0,2.0,5.0,4.0,9.0
2022-02-22,20.0,3.0,0.0,23.0,11.0,6.0,26.0,22.0,0.0,46.0,0.0,6.0,0.0,2.0,50.0,0.0,6.0,2.0,8.0,5.0,10.0,18.0,0.0,70.0,1.0,10.0,11.0,9.0
2022-02-23,12.0,1.0,0.0,19.0,10.0,4.0,43.0,27.0,0.0,55.0,0.0,12.0,0.0,5.0,40.0,2.0,3.0,0.0,6.0,7.0,23.0,31.0,5.0,92.0,1.0,8.0,6.0,12.0
2022-02-24,19.0,0.0,0.0,20.0,4.0,4.0,45.0,32.0,0.0,39.0,0.0,5.0,0.0,2.0,49.0,1.0,2.0,0.0,4.0,8.0,20.0,17.0,4.0,91.0,5.0,7.0,4.0,5.0
2022-02-25,21.0,0.0,0.0,18.0,10.0,6.0,33.0,30.0,0.0,47.0,0.0,9.0,0.0,0.0,62.0,2.0,2.0,1.0,6.0,7.0,13.0,13.0,2.0,83.0,3.0,11.0,8.0,7.0
2022-02-26,20.0,0.0,0.0,16.0,7.0,5.0,28.0,31.0,0.0,56.0,0.0,10.0,1.0,1.0,42.0,0.0,1.0,1.0,4.0,3.0,14.0,17.0,1.0,75.0,0.0,3.0,6.0,12.0
2022-02-27,16.0,1.0,0.0,17.0,9.0,4.0,37.0,43.0,0.0,48.0,0.0,8.0,0.0,1.0,50.0,2.0,1.0,5.0,4.0,9.0,23.0,13.0,3.0,62.0,1.0,7.0,8.0,4.0
2022-02-28,14.0,1.0,0.0,24.0,7.0,3.0,46.0,48.0,0.0,64.0,0.0,8.0,1.0,1.0,53.0,1.0,4.0,1.0,5.0,9.0,17.0,20.0,5.0,89.0,0.0,15.0,9.0,11.0
2022-03-01,14.0,2.0,0.0,16.0,8.0,7.0,34.0,32.0,0.0,59.0,0.0,7.0,0.0,3.0,59.0,0.0,6.0,0.0,5.0,7.0,18.0,23.0,3.0,82.0,2.0,10.0,7.0,12.0
2022-03-02,20.0,1.0,0.0,17.0,10.0,10.0,36.0,26.0,0.0,48.0,0.0,8.0,0.0,3.0,46.0,0.0,3.0,0.0,5.0,9.0,16.0,17.0,4.0,78.0,0.0,16.0,5.0,7.0
2022-03-03,16.0,1.0,0.0,21.0,12.0,3.0,36.0,29.0,0.0,55.0,0.0,7.0,0.0,2.0,42.0,1.0,2.0,2.0,3.0,9.0,23.0,18.0,2.0,73.0,0.0,8.0,8.0,9.0
2022-03-04,17.0,1.0,0.0,13.0,6.0,4.0,31.0,26.0,0.0,53.0,0.0,5.0,1.0,3.0,53.0,2.0,3.0,0.0,5.0,8.0,14.0,19.0,1.0,71.0,0.0,10.0,11.0,11.0
2022-03-05,16.0,0.0,0.0,19.0,7.0,6.0,43.0,37.0,0.0,52.0,0.0,10.0,0.0,2.0,58.0,2.0,4.0,1.0,11.0,9.0,12.0,19.0,5.0,87.0,0.0,5.0,4.0,6.0
2022-03-06,17.0,1.0,0.0,23.0,7.0,2.0,28.0,32.0,0.0,53.0,0.0,7.0,0.0,1.0,47.0,0.0,2.0,0.0,9.0,8.0,17.0,20.0,5.0,81.0,2.0,7.0,5.0,9.0
2022-03-07,15.0,0.0,0.0,18.0,4.0,6.0,34.0,45.0,0.0,52.0,0.0,2.0,0.0,2.0,53.0,1.0,3.0,2.0,4.0,8.0,14.0,18.0,4.0,88.0,1.0,12.0,9.0,12.0
2022-03-08,15.0,1.0,0.0,20.0,8.0,3.0,36.0,32.0,0.0,66.0,0.0,5.0,1.0,5.0,47.0,0.0,4.0,0.0,2.0,5.0,14.0,9.0,2.0,95.0,2.0,8.0,9.0,14.0
2022-03-09,21.0,0.0,0.0,22.0,10.0,7.0,40.0,31.0,0.0,46.0,0.0,5.0,0.0,1.0,48.0,3.0,6.0,2.0,11.0,4.0,15.0,21.0,3.0,83.0,0.0,8.0,2.0,7.0
2022-03-10,22.0,0.0,0.0,16.0,4.0,7.0,27.0,31.0,0.0,60.0,0.0,6.0,0.0,0.0,37.0,2.0,2.0,0.0,5.0,4.0,12.0,17.0,2.0,77.0,2.0,10.0,8.0,12.0
2022-03-11,22.0,1.0,0.0,21.0,3.0,6.0,33.0,29.0,0.0,57.0,1.0,7.0,0.0,1.0,47.0,2.0,5.0,1.0,4.0,9.0,11.0,16.0,3.0,80.0,2.0,9.0,10.0,5.0
2022-03-12,17.0,3.0,0.0,13.0,3.0,4.0,47.0,29.0,0.0,46.0,0.0,10.0,0.0,2.0,54.0,1.0,2.0,0.0,9.0,8.0,22.0,16.0,2.0,90.0,2.0,13.0,4.0,11.0
2022-03-13,16.0,0.0,0.0,20.0,6.0,4.0,27.0,25.0,0.0,41.0,0.0,9.0,0.0,3.0,54.0,2.0,4.0,1.0,7.0,5.0,14.0,19.0,5.0,77.0,1.0,14.0,6.0,9.0
2022-03-14,20.0,0.0,0.0,25.0,6.0,4.0,24.0,31.0,0.0,52.0,0.0,3.0,1.0,0.0,49.0,2.0,4.0,2.0,8.0,9.0,17.0,20.0,1.0,81.0,2.0,13.0,7.0,9.0
2022-03-15,14.0,0.0,0.0,19.0,10.0,5.0,31.0,33.0,0.0,58.0,0.0,6.0,0.0,3.0,50.0,2.0,6.0,1.0,6.0,6.0,19.0,21.0,3.0,84.0,3.0,9.0,14.0,8.0
2022-03-16,14.0,0.0,0.0,24.0,7.0,5.0,34.0,26.0,0.0,50.0,0.0,10.0,0.0,2.0,49.0,1.0,0.0,1.0,3.0,7.0,11.0,25.0,0.0,76.0,4.0,10.0,5.0,10.0
2022-03-17,22.0,0.0,0.0,17.0,3.0,5.0,35.0,35.0,0.0,51.0,0.0,3.0,0.0,1.0,42.0,1.0,0.0,3.0,8.0,9.0,14.0,11.0,2.0,69.0,1.0,14.0,7.0,9.0
2022-03-18,20.0,0.0,0.0,14.0,3.0,6.0,36.0,37.0,0.0,43.0,0.0,8.0,1.0,1.0,49.0,3.0,5.0,2.0,4.0,10.0,5.0,17.0,2.0,78.0,2.0,10.0,6.0,13.0
2022-03-19,14.0,1.0,0.0,17.0,5.0,2.0,34.0,21.0,0.0,59.0,0.0,7.0,1.0,2.0,50.0,0.0,2.0,2.0,7.0,4.0,18.0,19.0,3.0,51.0,1.0,7.0,8.0,8.0
2022-03-20,22.0,2.0,0.0,21.0,5.0,1.0,37.0,27.0,0.0,56.0,0.0,10.0,0.0,2.0,46.0,2.0,4.0,0.0,3.0,9.0,12.0,15.0,3.0,89.0,4.0,8.0,2.0,12.0
2022-03-21,12.0,0.0,0.0,18.0,2.0,10.0,29.0,44.0,0.0,49.0,1.0,8.0,1.0,3.0,53.0,0.0,4.0,0.0,5.0,12.0,12.0,23.0,2.0,82.0,2.0,11.0,6.0,13.0
2022-03-22,18.0,1.0,0.0,17.0,6.0,4.0,40.0,42.0,0.0,52.0,0.0,7.0,0.0,2.0,45.0,0.0,7.0,0.0,6.0,8.0,15.0,18.0,2.0,81.0,0.0,7.0,3.0,7.0
2022-03-23,19.0,2.0,0.0,11.0,6.0,2.0,36.0,31.0,0.0,55.0,1.0,2.0,0.0,0.0,42.0,0.0,3.0,2.0,12.0,9.0,16.0,19.0,2.0,83.0,0.0,13.0,6.0,11.0
2022-03-24,20.0,1.0,0.0,18.0,2.0,2.0,31.0,32.0,0.0,51.0,2.0,7.0,0.0,2.0,40.0,0.0,2.0,2.0,11.0,5.0,9.0,14.0,4.0,79.0,1.0,8.0,7.0,4.0
2022-03-25,14.0,0.0,0.0,11.0,3.0,5.0,34.0,31.0,0.0,43.0,0.0,17.0,0.0,2.0,43.0,1.0,1.0,1.0,7.0,10.0,18.0,18.0,4.0,65.0,2.0,8.0,9.0,9.0
2022-03-26,14.0,1.0,0.0,14.0,6.0,5.0,41.0,32.0,0.0,54.0,0.0,12.0,0.0,3.0,45.0,2.0,5.0,2.0,9.0,9.0,21.0,15.0,4.0,90.0,1.0,5.0,7.0,12.0
2022-03-27,20.0,2.0,0.0,24.0,5.0,3.0,35.0,31.0,0.0,47.0,0.0,8.0,0.0,2.0,43.0,2.0,2.0,1.0,2.0,8.0,17.0,20.0,3.0,75.0,1.0,8.0,11.0,6.0
2022-03-28,18.0,1.0,0.0,20.0,6.0,3.0,37.0,26.0,0.0,54.0,1.0,8.0,1.0,1.0,63.0,0.0,5.0,0.0,5.0,4.0,11.0,18.0,0.0,96.0,3.0,5.0,10.0,10.0
2022-03-29,19.0,1.0,0.0,21.0,7.0,9.0,23.0,41.0,0.0,57.0,0.0,9.0,0.0,2.0,49.0,1.0,5.0,1.0,7.0,9.0,13.0,22.0,1.0,67.0,4.0,6.0,7.0,9.0
2022-03-30,12.0,1.0,0.0,16.0,8.0,5.0,34.0,46.0,0.0,60.0,0.0,4.0,0.0,5.0,49.0,1.0,3.0,1.0,4.0,8.0,16.0,12.0,2.0,84.0,0.0,13.0,6.0,5.0
2022-03-31,20.0,0.0,0.0,28.0,2.0,4.0,34.0,27.0,0.0,48.0,0.0,11.0,1.0,2.0,48.0,1.0,3.0,1.0,5.0,8.0,19.0,15.0,4.0,80.0,0.0,8.0,5.0,6.0
2022-04-01,22.0,1.0,0.0,14.0,6.0,5.0,20.0,36.0,0.0,51.0,0.0,5.0,0.0,2.0,46.0,4.0,3.0,0.0,4.0,7.0,21.0,21.0,3.0,60.0,1.0,8.0,8.0,12.0
2022-04-02,7.0,0.0,0.0,17.0,2.0,9.0,44.0,42.0,0.0,69.0,0.0,15.0,0.0,1.0,48.0,0.0,1.0,1.0,14.0,5.0,16.0,18.0,3.0,96.0,1.0,13.0,4.0,11.0
2022-04-03,13.0,2.0,0.0,22.0,4.0,4.0,34.0,36.0,0.0,57.0,0.0,9.0,0.0,1.0,48.0,1.0,4.0,2.0,6.0,6.0,21.0,15.0,3.0,77.0,0.0,17.0,5.0,10.0
2022-04-04,16.0,0.0,0.0,19.0,9.0,6.0,47.0,20.0,0.0,48.0,0.0,7.0,1.0,0.0,50.0,3.0,7.0,2.0,6.0,8.0,14.0,20.0,3.0,90.0,2.0,16.0,7.0,13.0
2022-04-05,16.0,0.0,0.0,15.0,6.0,4.0,26.0,34.0,0.0,53.0,0.0,8.0,0.0,1.0,47.0,2.0,3.0,1.0,5.0,6.0,21.0,17.0,1.0,88.0,1.0,14.0,12.0,6.0
2022-04-06,17.0,1.0,0.0,18.0,3.0,5.0,34.0,39.0,0.0,59.0,0.0,12.0,1.0,1.0,45.0,0.0,1.0,1.0,4.0,7.0,22.0,18.0,5.0,94.0,1.0,6.0,8.0,7.0
2022-04-07,21.0,0.0,0.0,11.0,13.0,1.0,28.0,45.0,0.0,50.0,0.0,5.0,0.0,4.0,52.0,0.0,6.0,0.0,6.0,9.0,14.0,19.0,1.0,68.0,3.0,13.0,2.0,10.0
2022-04-08,18.0,0.0,0.0,10.0,8.0,8.0,30.0,37.0,0.0,44.0,0.0,7.0,1.0,5.0,46.0,4.0,4.0,1.0,5.0,5.0,17.0,13.0,3.0,94.0,2.0,9.0,9.0,7.0
2022-04-09,16.0,0.0,0.0,23.0,8.0,6.0,42.0,34.0,0.0,63.0,0.0,7.0,0.0,1.0,53.0,0.0,3.0,1.0,5.0,6.0,18.0,23.0,1.0,75.0,0.0,13.0,5.0,11.0
2022-04-10,24.0,1.0,0.0,13.0,5.0,4.0,33.0,32.0,0.0,49.0,0.0,7.0,0.0,2.0,48.0,3.0,2.0,2.0,4.0,5.0,14.0,13.0,4.0,81.0,1.0,14.0,7.0,5.0
2022-04-11,18.0,0.0,0.0,19.0,5.0,6.0,30.0,35.0,0.0,45.0,0.0,7.0,0.0,2.0,51.0,2.0,3.0,0.0,4.0,10.0,17.0,17.0,2.0,71.0,2.0,13.0,10.0,8.0
2022-04-12,10.0,1.0,0.0,17.0,9.0,7.0,37.0,35.0,0.0,50.0,0.0,11.0,0.0,0.0,56.0,3.0,6.0,0.0,6.0,2.0,12.0,23.0,5.0,68.0,1.0,8.0,7.0,16.0
2022-04-13,21.0,0.0,0.0,15.0,3.0,6.0,27.0,24.0,0.0,51.0,1.0,6.0,1.0,1.0,51.0,0.0,5.0,0.0,6.0,8.0,21.0,25.0,4.0,63.0,0.0,12.0,5.0,8.0
2022-04-14,16.0,2.0,0.0,28.0,10.0,2.0,22.0,40.0,0.0,54.0,1.0,5.0,1.0,5.0,53.0,0.0,2.0,3.0,4.0,10.0,18.0,20.0,3.0,63.0,1.0,8.0,4.0,8.0
2022-04-15,19.0,0.0,0.0,22.0,11.0,4.0,45.0,25.0,0.0,57.0,1.0,14.0,0.0,2.0,52.0,2.0,1.0,1.0,12.0,10.0,19.0,24.0,5.0,83.0,0.0,16.0,5.0,11.0
2022-04-16,21.0,1.0,0.0,14.0,3.0,4.0,41.0,35.0,0.0,61.0,0.0,1.0,0.0,1.0,52.0,4.0,6.0,1.0,4.0,7.0,19.0,25.0,2.0,82.0,2.0,17.0,9.0,7.0
2022-04-17,20.0,0.0,0.0,20.0,6.0,4.0,32.0,28.0,0.0,53.0,0.0,10.0,0.0,2.0,54.0,1.0,5.0,1.0,6.0,7.0,14.0,17.0,2.0,95.0,3.0,10.0,11.0,9.0
2022-04-18,16.0,1.0,0.0,17.0,7.0,7.0,29.0,27.0,0.0,64.0,1.0,9.0,1.0,3.0,42.0,0.0,2.0,1.0,3.0,9.0,12.0,19.0,2.0,77.0,1.0,9.0,7.0,12.0
2022-04-19,23.0,0.0,0.0,27.0,3.0,7.0,38.0,39.0,0.0,45.0,0.0,8.0,0.0,4.0,50.0,0.0,5.0,2.0,5.0,5.0,20.0,16.0,2.0,81.0,1.0,12.0,7.0,5.0
2022-04-20,17.0,1.0,0.0,19.0,4.0,5.0,31.0,23.0,0.0,47.0,1.0,8.0,0.0,2.0,49.0,3.0,4.0,1.0,2.0,4.0,18.0,16.0,2.0,79.0,3.0,8.0,2.0,4.0
2022-04-21,24.0,1.0,0.0,12.0,5.0,3.0,29.0,33.0,0.0,62.0,0.0,7.0,0.0,4.0,48.0,1.0,4.0,2.0,4.0,6.0,20.0,18.0,2.0,75.0,2.0,16.0,6.0,7.0
2022-04-22,17.0,1.0,0.0,15.0,5.0,6.0,30.0,35.0,1.0,42.0,0.0,9.0,0.0,2.0,57.0,5.0,4.0,0.0,7.0,7.0,18.0,22.0,6.0,78.0,2.0,12.0,10.0,11.0
2022-04-23,11.0,0.0,0.0,26.0,12.0,4.0,41.0,38.0,0.0,53.0,0.0,8.0,1.0,1.0,48.0,1.0,4.0,2.0,5.0,9.0,18.0,18.0,3.0,80.0,1.0,11.0,5.0,10.0
2022-04-24,20.0,0.0,0.0,20.0,10.0,8.0,28.0,39.0,0.0,59.0,0.0,7.0,0.0,2.0,47.0,1.0,3.0,1.0,5.0,7.0,19.0,25.0,2.0,86.0,1.0,11.0,5.0,8.0
2022-04-25,15.0,1.0,0.0,12.0,5.0,3.0,39.0,29.0,0.0,42.0,0.0,6.0,1.0,1.0,50.0,0.0,6.0,0.0,3.0,8.0,18.0,17.0,1.0,77.0,4.0,17.0,12.0,12.0
2022-04-26,19.0,1.0,0.0,23.0,4.0,3.0,27.0,37.0,1.0,49.0,1.0,11.0,0.0,1.0,52.0,0.0,5.0,2.0,6.0,6.0,25.0,19.0,1.0,91.0,0.0,11.0,10.0,7.0
2022-04-27,21.0,0.0,0.0,16.0,9.0,7.0,41.0,20.0,0.0,61.0,0.0,12.0,0.0,3.0,60.0,2.0,1.0,1.0,7.0,9.0,21.0,20.0,4.0,81.0,1.0,16.0,4.0,8.0
2022-04-28,13.0,2.0,0.0,19.0,5.0,9.0,31.0,42.0,0.0,52.0,0.0,5.0,0.0,1.0,51.0,4.0,0.0,0.0,7.0,7.0,25.0,22.0,2.0,83.0,1.0,3.0,7.0,11.0
2022-04-29,22.0,0.0,0.0,20.0,11.0,1.0,35.0,23.0,1.0,44.0,0.0,5.0,0.0,2.0,37.0,2.0,6.0,0.0,6.0,8.0,21.0,21.0,3.0,77.0,2.0,11.0,8.0,10.0
2022-04-30,20.0,0.0,0.0,22.0,2.0,3.0,45.0,44.0,0.0,52.0,0.0,7.0,0.0,1.0,46.0,2.0,1.0,1.0,12.0,11.0,13.0,12.0,5.0,74.0,2.0,13.0,7.0,9.0
2022-05-01,22.0,0.0,0.0,21.0,7.0,4.0,26.0,28.0,0.0,54.0,1.0,8.0,1.0,1.0,42.0,1.0,3.0,0.0,4.0,6.0,11.0,17.0,3.0,83.0,0.0,8.0,8.0,9.0
2022-05-02,13.0,2.0,0.0,18.0,8.0,3.0,30.0,37.0,0.0,52.0,0.0,11.0,1.0,1.0,48.0,0.0,3.0,1.0,4.0,8.0,18.0,20.0,1.0,82.0,0.0,9.0,12.0,12.0
2022-05-03,29.0,0.0,0.0,20.0,4.0,7.0,35.0,39.0,0.0,59.0,0.0,11.0,0.0,1.0,41.0,1.0,6.0,2.0,5.0,5.0,17.0,11.0,2.0,85.0,3.0,10.0,7.0,9.0
2022-05-04,5.0,4.0,0.0,23.0,6.0,6.0,36.0,32.0,0.0,47.0,0.0,13.0,0.0,1.0,42.0,1.0,2.0,2.0,4.0,4.0,15.0,18.0,3.0,73.0,1.0,15.0,3.0,11.0
2022-05-05,19.0,0.0,0.0,19.0,7.0,3.0,35.0,28.0,0.0,48.0,0.0,6.0,0.0,1.0,42.0,1.0,3.0,1.0,4.0,10.0,11.0,20.0,0.0,88.0,1.0,17.0,6.0,6.0
2022-05-06,19.0,0.0,0.0,19.0,8.0,3.0,29.0,34.0,0.0,47.0,0.0,9.0,0.0,0.0,52.0,2.0,4.0,1.0,7.0,9.0,26.0,21.0,1.0,94.0,3.0,13.0,4.0,6.0
2022-05-07,14.0,1.0,0.0,29.0,5.0,4.0,47.0,30.0,0.0,54.0,0.0,8.0,1.0,0.0,50.0,1.0,3.0,2.0,6.0,12.0,32.0,23.0,4.0,63.0,1.0,6.0,6.0,10.0
2022-05-08,23.0,0.0,0.0,16.0,9.0,9.0,31.0,32.0,0.0,50.0,0.0,10.0,0.0,2.0,55.0,1.0,0.0,3.0,6.0,9.0,25.0,15.0,0.0,83.0,2.0,14.0,3.0,9.0
2022-05-09,14.0,0.0,0.0,15.0,6.0,5.0,30.0,40.0,0.0,48.0,0.0,5.0,1.0,3.0,67.0,0.0,9.0,1.0,2.0,11.0,18.0,17.0,2.0,88.0,2.0,6.0,9.0,11.0
2022-05-10,20.0,1.0,0.0,26.0,7.0,4.0,39.0,32.0,0.0,53.0,0.0,10.0,0.0,0.0,55.0,1.0,4.0,1.0,5.0,7.0,15.0,19.0,0.0,84.0,1.0,14.0,10.0,10.0
2022-05-11,18.0,1.0,0.0,13.0,8.0,5.0,36.0,34.0,0.0,56.0,0.0,7.0,0.0,4.0,51.0,1.0,3.0,0.0,5.0,10.0,6.0,23.0,3.0,74.0,0.0,13.0,8.0,12.0
2022-05-12,16.0,0.0,0.0,15.0,9.0,6.0,36.0,35.0,0.0,46.0,1.0,5.0,1.0,1.0,43.0,3.0,3.0,0.0,4.0,4.0,10.0,16.0,3.0,77.0,3.0,11.0,5.0,5.0
2022-05-13,12.0,0.0,0.0,18.0,4.0,6.0,24.0,26.0,0.0,40.0,0.0,7.0,0.0,1.0,41.0,0.0,3.0,1.0,5.0,9.0,12.0,24.0,3.0,83.0,3.0,10.0,8.0,7.0
2022-05-14,21.0,0.0,0.0,18.0,6.0,4.0,36.0,38.0,0.0,58.0,0.0,9.0,0.0,0.0,50.0,4.0,4.0,1.0,6.0,9.0,15.0,20.0,2.0,65.0,1.0,8.0,13.0,11.0
2022-05-15,16.0,2.0,0.0,20.0,5.0,5.0,35.0,26.0,0.0,63.0,0.0,4.0,0.0,2.0,48.0,0.0,3.0,3.0,2.0,9.0,11.0,22.0,3.0,82.0,0.0,15.0,5.0,9.0
2022-05-16,12.0,0.0,0.0,25.0,5.0,8.0,33.0,41.0,0.0,49.0,0.0,5.0,1.0,0.0,41.0,1.0,4.0,1.0,4.0,7.0,16.0,16.0,3.0,92.0,0.0,9.0,9.0,15.0
2022-05-17,20.0,4.0,0.0,19.0,9.0,4.0,39.0,32.0,0.0,57.0,0.0,7.0,0.0,0.0,44.0,1.0,1.0,1.0,5.0,6.0,20.0,21.0,1.0,90.0,2.0,15.0,12.0,10.0
2022-05-18,26.0,1.0,0.0,21.0,6.0,7.0,26.0,36.0,0.0,56.0,0.0,10.0,0.0,2.0,49.0,2.0,0.0,1.0,8.0,6.0,16.0,12.0,0.0,79.0,0.0,14.0,3.0,7.0
2022-05-19,16.0,1.0,0.0,21.0,3.0,4.0,40.0,31.0,0.0,57.0,1.0,12.0,0.0,3.0,50.0,1.0,1.0,2.0,5.0,9.0,15.0,17.0,1.0,92.0,2.0,17.0,8.0,5.0
2022-05-20,20.0,0.0,0.0,16.0,5.0,4.0,35.0,31.0,0.0,57.0,0.0,4.0,0.0,1.0,60.0,1.0,4.0,0.0,4.0,8.0,16.0,23.0,3.0,82.0,2.0,18.0,8.0,9.0
2022-05-21,18.0,0.0,0.0,16.0,8.0,4.0,41.0,49.0,0.0,70.0,0.0,8.0,1.0,1.0,45.0,2.0,5.0,1.0,6.0,7.0,21.0,21.0,3.0,92.0,2.0,16.0,6.0,9.0
2022-05-22,16.0,2.0,0.0,22.0,10.0,4.0,44.0,30.0,0.0,56.0,0.0,8.0,0.0,6.0,57.0,1.0,4.0,0.0,3.0,9.0,9.0,21.0,4.0,80.0,1.0,15.0,9.0,8.0
2022-05-23,19.0,1.0,0.0,13.0,5.0,6.0,27.0,32.0,0.0,45.0,0.0,9.0,0.0,2.0,41.0,2.0,5.0,3.0,3.0,9.0,9.0,15.0,3.0,92.0,3.0,12.0,7.0,14.0
2022-05-24,21.0,0.0,0.0,23.0,11.0,8.0,38.0,40.0,0.0,62.0,0.0,8.0,2.0,2.0,37.0,0.0,7.0,0.0,8.0,3.0,15.0,21.0,0.0,91.0,3.0,16.0,9.0,10.0
2022-05-25,15.0,0.0,0.0,16.0,6.0,1.0,38.0,34.0,0.0,59.0,0.0,7.0,0.0,2.0,40.0,1.0,0.0,1.0,5.0,8.0,21.0,27.0,2.0,77.0,0.0,15.0,11.0,9.0
2022-05-26,15.0,0.0,0.0,24.0,10.0,5.0,40.0,23.0,0.0,52.0,1.0,8.0,0.0,2.0,53.0,1.0,2.0,1.0,5.0,8.0,11.0,21.0,2.0,82.0,2.0,11.0,8.0,7.0
2022-05-27,20.0,0.0,0.0,21.0,4.0,7.0,40.0,32.0,0.0,62.0,0.0,6.0,0.0,0.0,51.0,3.0,5.0,3.0,3.0,9.0,18.0,15.0,2.0,76.0,0.0,19.0,8.0,8.0
2022-05-28,17.0,1.0,0.0,28.0,2.0,9.0,34.0,39.0,0.0,59.0,0.0,10.0,0.0,0.0,45.0,3.0,5.0,0.0,8.0,11.0,21.0,16.0,7.0,85.0,0.0,10.0,8.0,6.0
2022-05-29,20.0,0.0,0.0,18.0,6.0,4.0,31.0,33.0,0.0,55.0,1.0,3.0,0.0,1.0,45.0,2.0,1.0,1.0,5.0,5.0,16.0,14.0,3.0,81.0,6.0,12.0,6.0,5.0
2022-05-30,14.0,0.0,0.0,15.0,7.0,8.0,26.0,40.0,0.0,57.0,0.0,7.0,0.0,2.0,51.0,1.0,5.0,1.0,5.0,8.0,20.0,20.0,2.0,91.0,0.0,15.0,7.0,13.0
2022-05-31,17.0,1.0,0.0,19.0,6.0,2.0,33.0,47.0,0.0,54.0,0.0,11.0,1.0,4.0,46.0,0.0,2.0,2.0,4.0,6.0,21.0,23.0,3.0,89.0,1.0,15.0,10.0,9.0
2022-06-01,17.0,1.0,0.0,22.0,5.0,5.0,29.0,34.0,0.0,62.0,0.0,3.0,0.0,2.0,59.0,2.0,3.0,2.0,8.0,7.0,26.0,16.0,1.0,88.0,3.0,11.0,5.0,5.0
2022-06-02,17.0,1.0,0.0,19.0,8.0,4.0,41.0,24.0,0.0,58.0,0.0,6.0,0.0,1.0,49.0,5.0,1.0,3.0,6.0,6.0,23.0,21.0,3.0,70.0,2.0,16.0,6.0,11.0
2022-06-03,17.0,1.0,0.0,17.0,4.0,2.0,43.0,24.0,0.0,50.0,0.0,5.0,1.0,0.0,48.0,1.0,2.0,0.0,9.0,9.0,15.0,19.0,1.0,94.0,1.0,24.0,6.0,8.0
2022-06-04,15.0,2.0,0.0,24.0,6.0,8.0,25.0,39.0,0.0,55.0,0.0,11.0,0.0,3.0,47.0,0.0,2.0,1.0,9.0,7.0,23.0,19.0,3.0,85.0,1.0,13.0,1.0,9.0
2022-06-05,22.0,4.0,0.0,18.0,7.0,4.0,34.0,31.0,0.0,48.0,1.0,12.0,0.0,1.0,63.0,1.0,5.0,1.0,4.0,9.0,19.0,20.0,3.0,76.0,3.0,13.0,9.0,8.0
2022-06-06,14.0,0.0,0.0,13.0,9.0,9.0,34.0,40.0,0.0,56.0,0.0,6.0,0.0,0.0,53.0,1.0,6.0,0.0,7.0,7.0,16.0,23.0,1.0,83.0,0.0,17.0,13.0,13.0
2022-06-07,16.0,0.0,0.0,23.0,4.0,5.0,34.0,36.0,0.0,61.0,0.0,10.0,1.0,1.0,45.0,1.0,4.0,1.0,4.0,4.0,23.0,22.0,6.0,102.0,2.0,13.0,6.0,8.0
2022-06-08,19.0,0.0,0.0,21.0,6.0,7.0,28.0,29.0,0.0,59.0,0.0,3.0,0.0,3.0,52.0,0.0,1.0,1.0,4.0,4.0,12.0,11.0,3.0,79.0,3.0,18.0,5.0,9.0
2022-06-09,20.0,0.0,0.0,14.0,7.0,2.0,37.0,41.0,0.0,62.0,0.0,11.0,1.0,2.0,42.0,4.0,2.0,1.0,6.0,9.0,12.0,19.0,3.0,73.0,3.0,16.0,9.0,9.0
2022-06-10,23.0,0.0,0.0,20.0,4.0,4.0,48.0,33.0,0.0,53.0,0.0,10.0,0.0,2.0,51.0,0.0,2.0,0.0,7.0,11.0,13.0,19.0,0.0,102.0,1.0,14.0,6.0,12.0
2022-06-11,12.0,0.0,0.0,26.0,5.0,7.0,35.0,34.0,1.0,53.0,0.0,13.0,0.0,2.0,59.0,2.0,6.0,4.0,7.0,5.0,14.0,18.0,4.0,100.0,0.0,15.0,2.0,9.0
2022-06-12,18.0,2.0,0.0,19.0,8.0,6.0,24.0,32.0,0.0,54.0,0.0,11.0,0.0,1.0,47.0,0.0,3.0,1.0,7.0,13.0,18.0,24.0,3.0,92.0,5.0,11.0,2.0,5.0
2022-06-13,17.0,0.0,0.0,12.0,4.0,4.0,33.0,32.0,0.0,60.0,3.0,5.0,0.0,3.0,51.0,0.0,3.0,1.0,1.0,7.0,12.0,24.0,1.0,75.0,1.0,17.0,10.0,12.0
2022-06-14,19.0,0.0,0.0,20.0,9.0,6.0,36.0,34.0,0.0,59.0,0.0,11.0,1.0,2.0,58.0,0.0,6.0,1.0,5.0,5.0,17.0,17.0,1.0,84.0,1.0,14.0,15.0,11.0
2022-06-15,23.0,2.0,0.0,16.0,6.0,6.0,38.0,36.0,0.0,69.0,0.0,6.0,0.0,2.0,53.0,2.0,2.0,2.0,5.0,5.0,11.0,17.0,2.0,75.0,0.0,19.0,5.0,6.0
2022-06-16,16.0,0.0,0.0,23.0,4.0,4.0,34.0,25.0,0.0,55.0,0.0,6.0,0.0,4.0,46.0,3.0,3.0,0.0,7.0,7.0,19.0,29.0,2.0,86.0,1.0,17.0,15.0,9.0
2022-06-17,19.0,0.0,0.0,16.0,7.0,9.0,38.0,30.0,0.0,53.0,0.0,6.0,1.0,1.0,62.0,1.0,7.0,0.0,4.0,7.0,18.0,15.0,3.0,73.0,0.0,19.0,6.0,8.0
2022-06-18,13.0,2.0,0.0,16.0,5.0,6.0,37.0,32.0,0.0,60.0,0.0,11.0,0.0,1.0,46.0,4.0,2.0,1.0,7.0,12.0,14.0,15.0,1.0,102.0,2.0,15.0,6.0,11.0
2022-06-19,21.0,1.0,0.0,14.0,5.0,3.0,39.0,35.0,0.0,68.0,0.0,5.0,0.0,3.0,61.0,1.0,5.0,1.0,4.0,11.0,12.0,19.0,7.0,84.0,1.0,13.0,5.0,8.0
2022-06-20,19.0,1.0,0.0,18.0,6.0,8.0,38.0,23.0,0.0,38.0,1.0,10.0,0.0,2.0,58.0,2.0,3.0,2.0,2.0,9.0,21.0,18.0,0.0,79.0,3.0,11.0,8.0,17.0
2022-06-21,17.0,1.0,0.0,22.0,2.0,10.0,33.0,42.0,0.0,66.0,0.0,7.0,1.0,4.0,39.0,2.0,6.0,2.0,5.0,6.0,20.0,13.0,2.0,85.0,4.0,15.0,10.0,5.0
2022-06-22,19.0,1.0,0.0,13.0,9.0,2.0,25.0,42.0,0.0,48.0,0.0,5.0,0.0,1.0,54.0,1.0,2.0,1.0,3.0,7.0,16.0,17.0,3.0,79.0,3.0,13.0,8.0,15.0
2022-06-23,18.0,2.0,0.0,21.0,10.0,3.0,27.0,24.0,0.0,60.0,0.0,10.0,0.0,1.0,56.0,4.0,1.0,4.0,3.0,9.0,21.0,17.0,5.0,83.0,2.0,13.0,5.0,11.0
2022-06-24,16.0,0.0,0.0,21.0,4.0,4.0,37.0,35.0,0.0,57.0,0.0,10.0,0.0,1.0,72.0,3.0,5.0,2.0,6.0,7.0,12.0,22.0,4.0,73.0,1.0,13.0,5.0,8.0
2022-06-25,17.0,0.0,0.0,19.0,8.0,4.0,41.0,34.0,0.0,61.0,0.0,6.0,0.0,1.0,49.0,1.0,2.0,1.0,9.0,10.0,16.0,16.0,2.0,106.0,2.0,17.0,4.0,6.0
2022-06-26,15.0,1.0,0.0,15.0,5.0,4.0,32.0,32.0,0.0,60.0,1.0,6.0,0.0,1.0,51.0,0.0,4.0,2.0,7.0,13.0,17.0,21.0,4.0,84.0,0.0,17.0,8.0,7.0
2022-06-27,17.0,0.0,0.0,14.0,4.0,6.0,40.0,39.0,0.0,68.0,0.0,9.0,1.0,1.0,55.0,1.0,3.0,2.0,4.0,6.0,15.0,15.0,1.0,86.0,3.0,17.0,7.0,10.0
2022-06-28,15.0,0.0,0.0,17.0,4.0,6.0,35.0,33.0,0.0,52.0,0.0,13.0,0.0,3.0,48.0,0.0,7.0,0.0,4.0,3.0,18.0,18.0,0.0,88.0,2.0,16.0,8.0,9.0
2022-06-29,19.0,2.0,0.0,18.0,6.0,6.0,31.0,32.0,0.0,54.0,1.0,4.0,0.0,2.0,58.0,1.0,3.0,1.0,0.0,5.0,26.0,18.0,2.0,98.0,0.0,20.0,11.0,11.0
2022-06-30,16.0,0.0,0.0,19.0,5.0,3.0,33.0,32.0,0.0,58.0,0.0,6.0,0.0,1.0,57.0,1.0,1.0,1.0,7.0,7.0,21.0,21.0,5.0,96.0,1.0,14.0,5.0,5.0
2022-07-01,15.0,1.0,0.0,11.0,4.0,4.0,40.0,36.0,0.0,55.0,1.0,7.0,1.0,3.0,41.0,3.0,2.0,0.0,7.0,5.0,16.0,22.0,3.0,85.0,1.0,11.0,2.0,9.0
2022-07-02,15.0,1.0,0.0,23.0,4.0,7.0,38.0,34.0,0.0,77.0,0.0,10.0,0.0,2.0,50.0,1.0,4.0,4.0,6.0,10.0,15.0,26.0,3.0,78.0,0.0,8.0,7.0,10.0
2022-07-03,26.0,0.0,0.0,17.0,9.0,6.0,33.0,38.0,0.0,62.0,0.0,3.0,0.0,4.0,49.0,2.0,6.0,1.0,5.0,9.0,9.0,21.0,2.0,63.0,0.0,17.0,9.0,5.0
2022-07-04,22.0,0.0,0.0,28.0,8.0,5.0,39.0,33.0,0.0,60.0,0.0,7.0,1.0,0.0,63.0,1.0,7.0,1.0,3.0,11.0,18.0,19.0,1.0,70.0,3.0,17.0,7.0,10.0
2022-07-05,17.0,1.0,0.0,12.0,5.0,11.0,31.0,31.0,0.0,61.0,0.0,12.0,0.0,2.0,42.0,2.0,4.0,0.0,6.0,7.0,22.0,22.0,3.0,88.0,3.0,16.0,6.0,9.0
2022-07-06,15.0,0.0,0.0,17.0,2.0,4.0,30.0,36.0,0.0,55.0,0.0,7.0,0.0,2.0,55.0,1.0,2.0,0.0,7.0,8.0,19.0,23.0,0.0,79.0,0.0,23.0,6.0,8.0
2022-07-07,22.0,0.0,0.0,18.0,4.0,6.0,34.0,22.0,0.0,63.0,0.0,6.0,1.0,1.0,40.0,3.0,4.0,2.0,5.0,7.0,12.0,29.0,4.0,80.0,2.0,17.0,5.0,12.0
2022-07-08,25.0,1.0,0.0,16.0,9.0,4.0,34.0,41.0,0.0,56.0,1.0,7.0,0.0,4.0,50.0,2.0,4.0,4.0,4.0,8.0,10.0,11.0,2.0,75.0,1.0,17.0,6.0,12.0
2022-07-09,27.0,2.0,0.0,14.0,7.0,6.0,30.0,23.0,0.0,58.0,0.0,9.0,0.0,1.0,51.0,0.0,4.0,3.0,5.0,5.0,17.0,20.0,2.0,116.0,0.0,17.0,6.0,7.0
2022-07-10,16.0,0.0,0.0,15.0,8.0,6.0,33.0,46.0,0.0,63.0,1.0,8.0,0.0,1.0,53.0,2.0,5.0,1.0,4.0,6.0,10.0,16.0,4.0,90.0,0.0,11.0,5.0,5.0
2022-07-11,14.0,0.0,0.0,21.0,5.0,7.0,37.0,32.0,0.0,54.0,1.0,4.0,1.0,2.0,51.0,2.0,3.0,1.0,4.0,7.0,10.0,22.0,3.0,98.0,4.0,12.0,11.0,14.0
2022-07-12,20.0,2.0,0.0,21.0,4.0,7.0,28.0,40.0,0.0,51.0,0.0,12.0,0.0,2.0,45.0,1.0,4.0,1.0,4.0,8.0,20.0,26.0,3.0,90.0,0.0,20.0,8.0,6.0
2022-07-13,17.0,1.0,0.0,17.0,6.0,1.0,31.0,38.0,0.0,61.0,0.0,4.0,0.0,1.0,54.0,3.0,4.0,0.0,2.0,9.0,21.0,23.0,3.0,75.0,1.0,11.0,6.0,5.0
2022-07-14,20.0,1.0,0.0,16.0,4.0,2.0,34.0,29.0,0.0,50.0,0.0,3.0,0.0,2.0,53.0,3.0,3.0,0.0,3.0,8.0,22.0,24.0,5.0,73.0,0.0,14.0,5.0,6.0
2022-07-15,21.0,0.0,0.0,23.0,8.0,6.0,41.0,30.0,0.0,60.0,0.0,13.0,0.0,4.0,40.0,1.0,1.0,1.0,5.0,9.0,19.0,23.0,5.0,71.0,4.0,18.0,7.0,13.0
2022-07-16,15.0,1.0,0.0,15.0,6.0,8.0,34.0,39.0,0.0,56.0,0.0,8.0,0.0,0.0,54.0,2.0,2.0,0.0,4.0,8.0,21.0,21.0,2.0,85.0,1.0,17.0,8.0,12.0
2022-07-17,22.0,0.0,1.0,17.0,11.0,10.0,35.0,34.0,0.0,58.0,0.0,9.0,0.0,0.0,71.0,2.0,3.0,0.0,2.0,7.0,18.0,17.0,2.0,90.0,0.0,9.0,10.0,9.0
2022-07-18,15.0,2.0,0.0,24.0,6.0,7.0,29.0,36.0,0.0,73.0,0.0,5.0,1.0,5.0,56.0,2.0,2.0,1.0,4.0,7.0,13.0,19.0,3.0,92.0,1.0,18.0,7.0,11.0
2022-07-19,16.0,0.0,1.0,15.0,3.0,9.0,26.0,34.0,0.0,54.0,0.0,12.0,0.0,1.0,38.0,1.0,6.0,1.0,4.0,6.0,16.0,19.0,4.0,84.0,0.0,15.0,10.0,13.0
2022-07-20,18.0,0.0,0.0,22.0,8.0,1.0,27.0,30.0,0.0,61.0,0.0,8.0,0.0,1.0,48.0,3.0,8.0,0.0,4.0,8.0,16.0,15.0,2.0,99.0,1.0,16.0,7.0,9.0
2022-07-21,17.0,0.0,0.0,21.0,2.0,4.0,17.0,30.0,0.0,67.0,0.0,11.0,0.0,2.0,68.0,1.0,2.0,2.0,5.0,7.0,10.0,14.0,3.0,70.0,0.0,16.0,6.0,6.0
2022-07-22,18.0,1.0,0.0,21.0,4.0,4.0,47.0,25.0,0.0,44.0,0.0,7.0,1.0,2.0,51.0,3.0,3.0,0.0,6.0,10.0,12.0,24.0,1.0,100.0,1.0,13.0,10.0,8.0
2022-07-23,18.0,3.0,0.0,18.0,6.0,2.0,49.0,41.0,0.0,50.0,1.0,12.0,0.0,2.0,51.0,0.0,3.0,1.0,5.0,12.0,13.0,17.0,0.0,102.0,1.0,15.0,3.0,13.0
2022-07-24,16.0,2.0,0.0,24.0,8.0,6.0,29.0,43.0,0.0,63.0,1.0,5.0,0.0,2.0,59.0,1.0,3.0,2.0,0.0,5.0,10.0,16.0,4.0,80.0,1.0,11.0,1.0,10.0
2022-07-25,18.0,1.0,0.0,16.0,9.0,9.0,32.0,33.0,0.0,50.0,0.0,0.0,1.0,3.0,57.0,2.0,5.0,1.0,2.0,6.0,12.0,22.0,5.0,85.0,1.0,15.0,6.0,13.0
2022-07-26,12.0,1.0,0.0,19.0,1.0,1.0,37.0,34.0,0.0,61.0,1.0,9.0,0.0,2.0,52.0,2.0,2.0,1.0,8.0,8.0,17.0,16.0,4.0,99.0,1.0,8.0,7.0,10.0
2022-07-27,20.0,2.0,0.0,20.0,1.0,6.0,31.0,24.0,0.0,63.0,0.0,7.0,0.0,0.0,47.0,0.0,6.0,0.0,6.0,8.0,10.0,19.0,0.0,96.0,2.0,19.0,7.0,7.0
2022-07-28,14.0,0.0,0.0,21.0,7.0,4.0,32.0,28.0,0.0,77.0,0.0,1.0,0.0,1.0,49.0,2.0,1.0,0.0,3.0,6.0,18.0,23.0,3.0,83.0,2.0,11.0,10.0,4.0
2022-07-29,26.0,0.0,0.0,18.0,6.0,6.0,42.0,39.0,0.0,58.0,0.0,5.0,0.0,3.0,55.0,1.0,4.0,0.0,6.0,5.0,21.0,23.0,0.0,86.0,2.0,15.0,4.0,10.0
2022-07-30,16.0,0.0,0.0,18.0,6.0,9.0,36.0,35.0,0.0,55.0,0.0,8.0,0.0,2.0,58.0,3.0,1.0,6.0,7.0,8.0,12.0,15.0,1.0,100.0,1.0,20.0,9.0,9.0
2022-07-31,15.0,1.0,0.0,18.0,4.0,6.0,43.0,30.0,0.0,66.0,0.0,7.0,1.0,0.0,53.0,0.0,4.0,0.0,5.0,3.0,20.0,18.0,2.0,89.0,1.0,20.0,4.0,10.0
2022-08-01,16.0,1.0,1.0,19.0,5.0,7.0,31.0,53.0,0.0,42.0,0.0,2.0,1.0,5.0,59.0,0.0,2.0,0.0,5.0,10.0,19.0,17.0,5.0,71.0,3.0,15.0,12.0,13.0
2022-08-02,22.0,2.0,0.0,14.0,5.0,6.0,22.0,35.0,0.0,69.0,0.0,7.0,0.0,3.0,47.0,2.0,3.0,5.0,4.0,5.0,24.0,21.0,2.0,79.0,2.0,19.0,8.0,2.0
2022-08-03,21.0,1.0,0.0,17.0,5.0,5.0,34.0,35.0,0.0,54.0,1.0,6.0,0.0,3.0,53.0,4.0,2.0,0.0,2.0,12.0,20.0,24.0,3.0,91.0,0.0,12.0,7.0,8.0
2022-08-04,17.0,1.0,0.0,23.0,9.0,4.0,34.0,25.0,0.0,58.0,0.0,7.0,0.0,1.0,60.0,3.0,3.0,0.0,6.0,5.0,21.0,19.0,3.0,75.0,2.0,11.0,8.0,6.0
2022-08-05,19.0,1.0,0.0,18.0,5.0,5.0,30.0,32.0,0.0,55.0,1.0,8.0,1.0,1.0,51.0,1.0,7.0,0.0,9.0,4.0,18.0,25.0,4.0,76.0,2.0,13.0,7.0,14.0
2022-08-06,20.0,2.0,0.0,20.0,8.0,8.0,29.0,32.0,0.0,48.0,0.0,11.0,0.0,3.0,62.0,1.0,3.0,0.0,6.0,8.0,14.0,26.0,1.0,92.0,4.0,11.0,4.0,10.0
2022-08-07,20.0,2.0,0.0,15.0,7.0,5.0,39.0,37.0,0.0,66.0,0.0,5.0,1.0,3.0,64.0,0.0,4.0,2.0,5.0,10.0,22.0,25.0,3.0,101.0,2.0,21.0,11.0,7.0
2022-08-08,20.0,2.0,0.0,21.0,5.0,5.0,22.0,44.0,0.0,57.0,0.0,5.0,1.0,3.0,62.0,2.0,1.0,1.0,1.0,15.0,17.0,18.0,1.0,76.0,1.0,15.0,2.0,12.0
2022-08-09,26.0,3.0,1.0,15.0,4.0,9.0,38.0,28.0,0.0,62.0,0.0,13.0,0.0,3.0,51.0,2.0,4.0,4.0,10.0,7.0,13.0,13.0,2.0,74.0,1.0,14.0,10.0,6.0
2022-08-10,13.0,1.0,0.0,19.0,5.0,4.0,31.0,44.0,0.0,55.0,0.0,5.0,0.0,2.0,56.0,2.0,0.0,0.0,3.0,8.0,23.0,29.0,3.0,76.0,1.0,21.0,9.0,11.0
2022-08-11,20.0,1.0,0.0,21.0,6.0,6.0,32.0,25.0,0.0,49.0,0.0,9.0,0.0,1.0,51.0,2.0,1.0,0.0,7.0,8.0,15.0,24.0,4.0,60.0,1.0,18.0,6.0,11.0
2022-08-12,18.0,3.0,0.0,16.0,9.0,6.0,39.0,26.0,0.0,58.0,0.0,6.0,1.0,2.0,46.0,1.0,4.0,2.0,2.0,9.0,13.0,19.0,1.0,89.0,3.0,12.0,11.0,8.0
2022-08-13,27.0,0.0,0.0,17.0,3.0,6.0,35.0,37.0,0.0,52.0,0.0,8.0,0.0,2.0,67.0,2.0,1.0,4.0,12.0,11.0,18.0,18.0,4.0,101.0,0.0,6.0,8.0,9.0
2022-08-14,17.0,0.0,0.0,17.0,6.0,7.0,31.0,45.0,0.0,58.0,0.0,14.0,0.0,3.0,60.0,2.0,9.0,1.0,3.0,16.0,12.0,16.0,5.0,100.0,0.0,12.0,6.0,7.0
2022-08-15,24.0,1.0,1.0,20.0,1.0,5.0,43.0,44.0,0.0,64.0,0.0,12.0,1.0,3.0,51.0,1.0,6.0,0.0,2.0,6.0,14.0,28.0,2.0,80.0,3.0,10.0,11.0,11.0
2022-08-16,10.0,2.0,0.0,18.0,7.0,10.0,27.0,33.0,0.0,60.0,0.0,11.0,0.0,4.0,56.0,2.0,6.0,3.0,9.0,4.0,20.0,23.0,1.0,80.0,2.0,18.0,11.0,10.0
2022-08-17,16.0,1.0,0.0,20.0,8.0,3.0,38.0,33.0,0.0,52.0,0.0,8.0,0.0,3.0,51.0,0.0,1.0,0.0,3.0,6.0,14.0,17.0,5.0,84.0,1.0,12.0,9.0,10.0
2022-08-18,22.0,0.0,0.0,20.0,7.0,4.0,27.0,30.0,0.0,65.0,0.0,9.0,0.0,0.0,64.0,3.0,2.0,0.0,3.0,15.0,16.0,21.0,1.0,81.0,2.0,19.0,11.0,4.0
2022-08-19,22.0,1.0,0.0,15.0,6.0,5.0,40.0,29.0,0.0,63.0,0.0,8.0,1.0,4.0,56.0,2.0,4.0,3.0,4.0,6.0,28.0,31.0,3.0,81.0,3.0,12.0,7.0,12.0
2022-08-20,15.0,1.0,0.0,20.0,5.0,0.0,37.0,42.0,0.0,57.0,2.0,7.0,0.0,2.0,49.0,0.0,4.0,3.0,9.0,7.0,19.0,12.0,6.0,94.0,1.0,14.0,13.0,5.0
2022-08-21,24.0,0.0,0.0,27.0,7.0,4.0,35.0,28.0,0.0,59.0,0.0,7.0,0.0,2.0,65.0,1.0,3.0,2.0,2.0,10.0,18.0,14.0,3.0,88.0,0.0,14.0,2.0,7.0
2022-08-22,24.0,3.0,0.0,17.0,5.0,6.0,28.0,33.0,0.0,56.0,0.0,7.0,0.0,1.0,52.0,0.0,4.0,1.0,4.0,9.0,17.0,26.0,4.0,72.0,5.0,18.0,6.0,13.0
2022-08-23,17.0,0.0,0.0,13.0,7.0,4.0,30.0,42.0,0.0,64.0,0.0,2.0,1.0,4.0,57.0,3.0,7.0,0.0,4.0,6.0,21.0,15.0,2.0,86.0,1.0,21.0,9.0,13.0
2022-08-24,18.0,1.0,0.0,20.0,9.0,12.0,37.0,35.0,0.0,51.0,0.0,15.0,0.0,4.0,57.0,4.0,3.0,3.0,6.0,9.0,13.0,22.0,3.0,98.0,2.0,15.0,4.0,9.0
2022-08-25,14.0,1.0,0.0,18.0,6.0,5.0,31.0,21.0,0.0,53.0,0.0,9.0,0.0,1.0,58.0,0.0,0.0,1.0,7.0,10.0,15.0,26.0,3.0,72.0,0.0,5.0,8.0,7.0
2022-08-26,22.0,1.0,0.0,16.0,6.0,6.0,32.0,29.0,0.0,58.0,0.0,7.0,0.0,3.0,42.0,4.0,3.0,1.0,3.0,5.0,25.0,26.0,5.0,66.0,2.0,18.0,7.0,11.0
2022-08-27,21.0,1.0,0.0,15.0,4.0,4.0,41.0,41.0,0.0,43.0,0.0,12.0,0.0,0.0,53.0,2.0,1.0,0.0,7.0,11.0,18.0,17.0,1.0,84.0,1.0,11.0,8.0,10.0
2022-08-28,17.0,1.0,0.0,15.0,7.0,8.0,37.0,35.0,0.0,74.0,0.0,8.0,0.0,5.0,48.0,1.0,3.0,1.0,2.0,10.0,16.0,12.0,4.0,94.0,1.0,22.0,5.0,12.0
2022-08-29,21.0,1.0,0.0,15.0,9.0,6.0,24.0,38.0,0.0,61.0,0.0,10.0,1.0,0.0,52.0,0.0,3.0,1.0,2.0,9.0,16.0,17.0,2.0,86.0,1.0,11.0,5.0,12.0
2022-08-30,24.0,1.0,0.0,13.0,6.0,6.0,27.0,40.0,0.0,63.0,1.0,10.0,0.0,1.0,46.0,0.0,5.0,3.0,4.0,5.0,15.0,21.0,2.0,95.0,2.0,18.0,9.0,8.0
2022-08-31,13.0,1.0,0.0,14.0,4.0,4.0,26.0,35.0,0.0,68.0,0.0,5.0,1.0,1.0,59.0,4.0,2.0,0.0,3.0,9.0,15.0,22.0,6.0,81.0,2.0,18.0,6.0,8.0
2022-09-01,17.0,1.0,0.0,19.0,3.0,2.0,34.0,27.0,0.0,80.0,0.0,4.0,0.0,3.0,48.0,5.0,1.0,1.0,2.0,6.0,21.0,22.0,2.0,76.0,2.0,11.0,8.0,6.0
2022-09-02,17.0,3.0,0.0,25.0,3.0,4.0,37.0,25.0,0.0,64.0,0.0,3.0,0.0,3.0,61.0,0.0,2.0,5.0,10.0,6.0,21.0,20.0,3.0,68.0,2.0,8.0,9.0,8.0
2022-09-03,19.0,1.0,0.0,19.0,2.0,9.0,33.0,26.0,0.0,42.0,0.0,9.0,0.0,2.0,55.0,3.0,1.0,1.0,8.0,12.0,13.0,19.0,3.0,63.0,1.0,9.0,8.0,9.0
2022-09-04,21.0,1.0,0.0,26.0,8.0,4.0,37.0,42.0,0.0,15.0,1.0,9.0,0.0,2.0,56.0,2.0,1.0,0.0,4.0,12.0,24.0,20.0,4.0,109.0,2.0,16.0,5.0,7.0
2022-09-05,16.0,0.0,0.0,17.0,4.0,3.0,32.0,41.0,1.0,0.0,0.0,8.0,1.0,1.0,47.0,0.0,2.0,0.0,4.0,8.0,13.0,22.0,2.0,85.0,0.0,10.0,7.0,18.0
2022-09-06,17.0,2.0,0.0,9.0,9.0,6.0,36.0,40.0,0.0,68.0,0.0,5.0,0.0,5.0,60.0,0.0,6.0,1.0,8.0,4.0,18.0,23.0,4.0,57.0,1.0,4.0,7.0,8.0
2022-09-07,16.0,2.0,0.0,22.0,7.0,10.0,29.0,34.0,0.0,91.0,0.0,8.0,0.0,3.0,58.0,2.0,1.0,1.0,1.0,8.0,18.0,21.0,4.0,98.0,3.0,9.0,6.0,9.0
2022-09-08,18.0,0.0,0.0,18.0,6.0,9.0,39.0,32.0,0.0,61.0,0.0,10.0,0.0,0.0,54.0,2.0,0.0,1.0,7.0,10.0,10.0,20.0,4.0,87.0,0.0,12.0,5.0,10.0
2022-09-09,23.0,1.0,0.0,17.0,6.0,5.0,33.0,28.0,0.0,51.0,0.0,2.0,0.0,2.0,54.0,2.0,4.0,0.0,6.0,10.0,14.0,22.0,5.0,77.0,0.0,16.0,7.0,7.0
2022-09-10,17.0,2.0,0.0,14.0,8.0,4.0,38.0,37.0,0.0,56.0,1.0,9.0,0.0,3.0,55.0,1.0,3.0,1.0,4.0,6.0,7.0,17.0,2.0,107.0,2.0,14.0,5.0,9.0
2022-09-11,20.0,1.0,0.0,18.0,7.0,5.0,41.0,37.0,0.0,78.0,0.0,3.0,0.0,3.0,51.0,2.0,6.0,1.0,4.0,9.0,11.0,20.0,4.0,94.0,1.0,13.0,7.0,6.0
2022-09-12,13.0,1.0,0.0,19.0,9.0,4.0,26.0,39.0,0.0,62.0,0.0,8.0,1.0,2.0,52.0,0.0,2.0,3.0,6.0,7.0,14.0,19.0,4.0,67.0,1.0,7.0,4.0,14.0
2022-09-13,16.0,1.0,0.0,15.0,8.0,14.0,41.0,40.0,0.0,66.0,0.0,8.0,0.0,3.0,49.0,0.0,5.0,1.0,2.0,8.0,18.0,23.0,4.0,88.0,1.0,13.0,7.0,12.0
2022-09-14,19.0,2.0,0.0,19.0,1.0,4.0,36.0,26.0,0.0,79.0,0.0,14.0,1.0,0.0,43.0,0.0,2.0,0.0,5.0,9.0,21.0,16.0,4.0,81.0,2.0,18.0,7.0,6.0
2022-09-15,22.0,2.0,0.0,9.0,10.0,3.0,26.0,29.0,0.0,61.0,0.0,11.0,0.0,1.0,51.0,3.0,0.0,2.0,3.0,8.0,19.0,20.0,0.0,56.0,3.0,21.0,9.0,6.0
2022-09-16,21.0,1.0,0.0,20.0,4.0,3.0,35.0,35.0,0.0,58.0,1.0,11.0,0.0,2.0,53.0,3.0,5.0,1.0,5.0,8.0,19.0,20.0,4.0,103.0,2.0,11.0,12.0,10.0
2022-09-17,15.0,2.0,0.0,22.0,4.0,2.0,42.0,36.0,0.0,40.0,0.0,9.0,0.0,3.0,55.0,1.0,1.0,1.0,6.0,7.0,17.0,18.0,3.0,93.0,2.0,8.0,7.0,6.0
2022-09-18,20.0,0.0,0.0,15.0,9.0,7.0,40.0,38.0,0.0,5.0,0.0,8.0,0.0,3.0,49.0,0.0,1.0,1.0,4.0,10.0,14.0,20.0,5.0,75.0,0.0,8.0,5.0,7.0
2022-09-19,19.0,2.0,1.0,10.0,7.0,8.0,30.0,32.0,0.0,29.0,0.0,6.0,1.0,2.0,44.0,2.0,1.0,3.0,3.0,8.0,10.0,20.0,2.0,96.0,3.0,7.0,12.0,11.0
2022-09-20,16.0,3.0,0.0,18.0,3.0,11.0,30.0,39.0,0.0,55.0,0.0,6.0,0.0,3.0,56.0,1.0,5.0,2.0,4.0,6.0,18.0,13.0,3.0,79.0,1.0,8.0,8.0,8.0
2022-09-21,24.0,1.0,0.0,17.0,5.0,2.0,29.0,32.0,0.0,73.0,0.0,7.0,0.0,1.0,56.0,1.0,4.0,0.0,5.0,11.0,11.0,19.0,2.0,75.0,5.0,4.0,5.0,7.0
2022-09-22,11.0,1.0,0.0,18.0,4.0,4.0,45.0,30.0,0.0,60.0,1.0,5.0,0.0,0.0,46.0,2.0,0.0,3.0,9.0,9.0,18.0,19.0,0.0,85.0,2.0,21.0,8.0,10.0
2022-09-23,20.0,0.0,0.0,19.0,8.0,4.0,36.0,29.0,0.0,65.0,0.0,5.0,0.0,3.0,52.0,1.0,7.0,2.0,4.0,4.0,14.0,21.0,5.0,78.0,2.0,10.0,8.0,14.0
2022-09-24,12.0,1.0,0.0,13.0,4.0,6.0,47.0,36.0,0.0,64.0,1.0,14.0,1.0,2.0,56.0,0.0,2.0,2.0,6.0,12.0,9.0,23.0,5.0,93.0,0.0,14.0,6.0,11.0
2022-09-25,17.0,1.0,0.0,13.0,1.0,4.0,29.0,41.0,0.0,60.0,0.0,11.0,0.0,6.0,51.0,2.0,3.0,2.0,2.0,6.0,19.0,12.0,2.0,93.0,3.0,17.0,9.0,4.0
2022-09-26,17.0,0.0,0.0,22.0,10.0,4.0,36.0,38.0,0.0,63.0,0.0,12.0,0.0,1.0,54.0,1.0,5.0,1.0,4.0,6.0,22.0,21.0,3.0,79.0,2.0,13.0,12.0,7.0
2022-09-27,17.0,0.0,1.0,17.0,14.0,10.0,32.0,39.0,0.0,56.0,0.0,19.0,1.0,6.0,49.0,1.0,6.0,1.0,0.0,9.0,16.0,17.0,1.0,80.0,1.0,23.0,11.0,6.0
2022-09-28,20.0,1.0,0.0,19.0,5.0,5.0,35.0,29.0,0.0,61.0,0.0,11.0,0.0,2.0,51.0,0.0,3.0,0.0,6.0,5.0,11.0,19.0,2.0,78.0,1.0,10.0,6.0,12.0
2022-09-29,17.0,2.0,0.0,19.0,7.0,6.0,30.0,28.0,0.0,67.0,1.0,11.0,0.0,2.0,62.0,3.0,1.0,2.0,4.0,4.0,8.0,9.0,6.0,84.0,3.0,16.0,9.0,8.0
2022-09-30,18.0,0.0,0.0,24.0,5.0,2.0,40.0,35.0,1.0,48.0,0.0,2.0,0.0,4.0,42.0,2.0,8.0,0.0,6.0,7.0,14.0,23.0,2.0,82.0,2.0,11.0,7.0,6.0
2022-10-01,14.0,1.0,0.0,18.0,7.0,6.0,38.0,33.0,0.0,69.0,0.0,12.0,0.0,1.0,47.0,1.0,1.0,1.0,8.0,11.0,14.0,22.0,2.0,88.0,1.0,10.0,3.0,10.0
2022-10-02,21.0,0.0,0.0,14.0,8.0,6.0,33.0,31.0,0.0,50.0,0.0,11.0,0.0,3.0,80.0,1.0,4.0,1.0,1.0,10.0,15.0,16.0,2.0,76.0,0.0,12.0,6.0,5.0
2022-10-03,17.0,1.0,0.0,6.0,4.0,4.0,39.0,40.0,0.0,48.0,0.0,11.0,1.0,0.0,54.0,1.0,4.0,1.0,0.0,9.0,14.0,29.0,5.0,80.0,0.0,15.0,6.0,10.0
2022-10-04,18.0,1.0,0.0,21.0,7.0,6.0,25.0,33.0,0.0,50.0,0.0,8.0,0.0,1.0,59.0,1.0,4.0,1.0,0.0,8.0,17.0,19.0,5.0,91.0,1.0,9.0,8.0,14.0
2022-10-05,17.0,1.0,0.0,20.0,7.0,4.0,39.0,37.0,0.0,41.0,0.0,9.0,0.0,3.0,55.0,2.0,4.0,1.0,7.0,7.0,16.0,14.0,4.0,63.0,1.0,18.0,7.0,4.0
2022-10-06,17.0,1.0,0.0,18.0,9.0,3.0,39.0,35.0,0.0,53.0,0.0,5.0,0.0,2.0,49.0,0.0,2.0,1.0,5.0,8.0,17.0,19.0,2.0,66.0,1.0,7.0,11.0,9.0
2022-10-07,22.0,0.0,0.0,20.0,4.0,5.0,27.0,34.0,0.0,68.0,0.0,11.0,1.0,2.0,63.0,0.0,3.0,1.0,8.0,6.0,14.0,23.0,5.0,66.0,4.0,12.0,10.0,12.0
2022-10-08,18.0,1.0,0.0,24.0,8.0,8.0,45.0,31.0,0.0,59.0,1.0,14.0,0.0,1.0,51.0,1.0,3.0,2.0,8.0,8.0,20.0,20.0,4.0,91.0,3.0,13.0,6.0,6.0
2022-10-09,21.0,1.0,0.0,8.0,6.0,5.0,36.0,40.0,0.0,54.0,1.0,13.0,0.0,4.0,45.0,1.0,5.0,3.0,8.0,6.0,22.0,14.0,1.0,74.0,2.0,7.0,3.0,9.0
2022-10-10,22.0,0.0,0.0,19.0,4.0,6.0,34.0,23.0,0.0,46.0,0.0,5.0,0.0,3.0,64.0,3.0,3.0,3.0,4.0,8.0,25.0,20.0,2.0,72.0,0.0,11.0,8.0,13.0
2022-10-11,21.0,2.0,0.0,21.0,5.0,7.0,35.0,41.0,0.0,52.0,0.0,2.0,1.0,2.0,66.0,2.0,8.0,2.0,2.0,7.0,20.0,24.0,3.0,64.0,2.0,7.0,8.0,10.0
2022-10-12,18.0,0.0,0.0,28.0,8.0,6.0,38.0,29.0,0.0,56.0,0.0,7.0,1.0,3.0,39.0,3.0,3.0,1.0,7.0,8.0,16.0,17.0,2.0,72.0,3.0,6.0,4.0,6.0
2022-10-13,10.0,1.0,0.0,23.0,8.0,1.0,38.0,34.0,0.0,73.0,0.0,9.0,0.0,0.0,55.0,2.0,3.0,1.0,3.0,9.0,12.0,15.0,3.0,81.0,1.0,11.0,13.0,4.0
2022-10-14,26.0,1.0,0.0,20.0,6.0,2.0,35.0,30.0,0.0,51.0,0.0,7.0,0.0,2.0,47.0,0.0,6.0,1.0,6.0,10.0,19.0,28.0,2.0,69.0,3.0,7.0,5.0,9.0
2022-10-15,24.0,0.0,0.0,21.0,8.0,5.0,41.0,40.0,0.0,48.0,1.0,8.0,0.0,1.0,54.0,3.0,0.0,0.0,5.0,10.0,20.0,22.0,5.0,72.0,2.0,16.0,6.0,6.0
2022-10-16,18.0,3.0,0.0,13.0,7.0,3.0,35.0,30.0,0.0,54.0,0.0,8.0,1.0,2.0,59.0,0.0,3.0,3.0,3.0,11.0,19.0,18.0,1.0,50.0,0.0,8.0,4.0,11.0
2022-10-17,21.0,1.0,0.0,24.0,7.0,11.0,27.0,39.0,1.0,54.0,0.0,17.0,0.0,3.0,51.0,1.0,4.0,4.0,0.0,10.0,16.0,15.0,7.0,38.0,2.0,16.0,9.0,11.0
2022-10-18,15.0,0.0,0.0,20.0,4.0,5.0,37.0,35.0,0.0,52.0,0.0,14.0,0.0,3.0,49.0,3.0,4.0,2.0,3.0,8.0,10.0,20.0,2.0,54.0,1.0,12.0,9.0,12.0
2022-10-19,14.0,0.0,0.0,14.0,4.0,3.0,36.0,40.0,0.0,65.0,1.0,11.0,0.0,3.0,46.0,3.0,5.0,0.0,5.0,8.0,17.0,17.0,3.0,65.0,3.0,10.0,5.0,11.0
2022-10-20,15.0,1.0,0.0,12.0,7.0,4.0,29.0,36.0,0.0,56.0,0.0,14.0,0.0,4.0,56.0,0.0,1.0,0.0,0.0,6.0,15.0,20.0,1.0,108.0,3.0,11.0,7.0,7.0
2022-10-21,23.0,0.0,0.0,23.0,7.0,4.0,40.0,27.0,0.0,60.0,0.0,6.0,1.0,1.0,45.0,3.0,3.0,4.0,4.0,7.0,20.0,21.0,4.0,96.0,1.0,8.0,8.0,6.0
2022-10-22,15.0,3.0,1.0,17.0,8.0,3.0,28.0,34.0,0.0,50.0,0.0,10.0,0.0,3.0,34.0,3.0,3.0,1.0,9.0,9.0,20.0,13.0,3.0,87.0,2.0,5.0,10.0,14.0
2022-10-23,17.0,3.0,0.0,20.0,5.0,8.0,36.0,31.0,0.0,50.0,0.0,13.0,0.0,3.0,51.0,2.0,5.0,1.0,1.0,9.0,19.0,21.0,4.0,92.0,2.0,7.0,5.0,6.0
2022-10-24,21.0,0.0,0.0,22.0,3.0,3.0,33.0,40.0,0.0,51.0,0.0,5.0,1.0,2.0,57.0,2.0,5.0,1.0,5.0,8.0,14.0,17.0,5.0,91.0,2.0,15.0,8.0,15.0
2022-10-25,18.0,0.0,0.0,23.0,5.0,5.0,29.0,46.0,0.0,64.0,1.0,8.0,0.0,3.0,57.0,5.0,7.0,0.0,2.0,6.0,18.0,22.0,1.0,72.0,2.0,10.0,7.0,10.0
2022-10-26,17.0,0.0,0.0,18.0,6.0,4.0,30.0,30.0,0.0,57.0,0.0,10.0,0.0,0.0,53.0,4.0,3.0,0.0,6.0,7.0,10.0,21.0,1.0,78.0,1.0,9.0,5.0,9.0
2022-10-27,16.0,0.0,0.0,28.0,9.0,6.0,26.0,46.0,0.0,60.0,0.0,3.0,0.0,3.0,43.0,2.0,6.0,2.0,8.0,8.0,21.0,23.0,3.0,89.0,2.0,11.0,4.0,7.0
2022-10-28,18.0,1.0,0.0,24.0,4.0,7.0,48.0,26.0,0.0,57.0,0.0,6.0,0.0,1.0,56.0,5.0,4.0,0.0,4.0,7.0,16.0,17.0,0.0,91.0,1.0,7.0,6.0,9.0
2022-10-29,16.0,1.0,0.0,14.0,6.0,3.0,42.0,29.0,0.0,61.0,0.0,4.0,0.0,0.0,53.0,3.0,1.0,1.0,5.0,8.0,14.0,20.0,6.0,75.0,1.0,11.0,5.0,8.0
2022-10-30,16.0,0.0,0.0,23.0,12.0,5.0,29.0,30.0,0.0,60.0,0.0,6.0,0.0,3.0,44.0,0.0,3.0,2.0,3.0,10.0,18.0,17.0,6.0,69.0,0.0,15.0,12.0,9.0
2022-10-31,11.0,2.0,0.0,27.0,5.0,4.0,35.0,37.0,0.0,58.0,0.0,9.0,1.0,5.0,58.0,0.0,4.0,2.0,5.0,8.0,13.0,25.0,4.0,51.0,0.0,15.0,6.0,12.0
2022-11-01,18.0,3.0,0.0,19.0,6.0,8.0,27.0,40.0,0.0,72.0,0.0,17.0,0.0,1.0,60.0,3.0,2.0,0.0,3.0,5.0,21.0,18.0,1.0,69.0,1.0,9.0,6.0,11.0
2022-11-02,22.0,3.0,0.0,17.0,4.0,3.0,33.0,27.0,0.0,58.0,0.0,21.0,0.0,1.0,41.0,3.0,5.0,1.0,2.0,8.0,17.0,17.0,5.0,107.0,1.0,13.0,6.0,6.0
2022-11-03,20.0,0.0,0.0,20.0,5.0,1.0,34.0,33.0,0.0,61.0,0.0,21.0,0.0,3.0,55.0,3.0,4.0,1.0,3.0,7.0,15.0,16.0,3.0,58.0,1.0,5.0,9.0,9.0
2022-11-04,17.0,2.0,0.0,17.0,7.0,2.0,31.0,35.0,0.0,39.0,0.0,4.0,0.0,2.0,47.0,0.0,2.0,1.0,5.0,10.0,14.0,15.0,2.0,85.0,2.0,10.0,6.0,11.0
2022-11-05,20.0,1.0,0.0,24.0,7.0,8.0,34.0,44.0,0.0,56.0,0.0,11.0,0.0,1.0,53.0,1.0,3.0,0.0,6.0,10.0,12.0,17.0,4.0,105.0,1.0,13.0,7.0,9.0
2022-11-06,23.0,0.0,0.0,21.0,6.0,3.0,44.0,36.0,0.0,52.0,0.0,13.0,1.0,4.0,46.0,1.0,4.0,3.0,4.0,6.0,16.0,31.0,2.0,94.0,2.0,7.0,8.0,13.0
2022-11-07,16.0,2.0,0.0,17.0,9.0,7.0,35.0,41.0,0.0,50.0,0.0,10.0,1.0,2.0,37.0,0.0,4.0,0.0,6.0,11.0,13.0,18.0,2.0,91.0,1.0,9.0,9.0,8.0
2022-11-08,16.0,0.0,0.0,20.0,8.0,9.0,19.0,20.0,0.0,74.0,0.0,7.0,0.0,5.0,48.0,2.0,5.0,1.0,3.0,5.0,11.0,16.0,5.0,68.0,0.0,7.0,10.0,9.0
2022-11-09,20.0,1.0,0.0,17.0,8.0,5.0,37.0,30.0,0.0,47.0,0.0,3.0,1.0,1.0,52.0,1.0,3.0,3.0,5.0,5.0,10.0,20.0,3.0,93.0,1.0,9.0,3.0,11.0
2022-11-10,19.0,4.0,1.0,22.0,4.0,2.0,28.0,24.0,0.0,61.0,0.0,8.0,0.0,1.0,47.0,2.0,4.0,1.0,3.0,8.0,10.0,20.0,2.0,90.0,1.0,10.0,8.0,5.0
2022-11-11,22.0,1.0,0.0,22.0,6.0,6.0,48.0,41.0,0.0,49.0,0.0,5.0,0.0,0.0,46.0,2.0,1.0,3.0,7.0,6.0,12.0,21.0,5.0,92.0,3.0,8.0,6.0,10.0
2022-11-12,14.0,1.0,0.0,15.0,5.0,3.0,44.0,39.0,0.0,53.0,0.0,10.0,0.0,5.0,45.0,0.0,4.0,0.0,5.0,11.0,13.0,18.0,2.0,93.0,1.0,1.0,2.0,2.0
2022-11-13,20.0,1.0,0.0,20.0,8.0,4.0,46.0,40.0,0.0,56.0,0.0,4.0,0.0,0.0,59.0,1.0,3.0,3.0,4.0,7.0,8.0,19.0,2.0,70.0,2.0,6.0,9.0,11.0
2022-11-14,16.0,0.0,0.0,39.0,6.0,6.0,25.0,34.0,0.0,45.0,1.0,3.0,0.0,3.0,62.0,0.0,3.0,2.0,4.0,10.0,12.0,16.0,3.0,95.0,1.0,11.0,10.0,11.0
2022-11-15,21.0,0.0,0.0,30.0,10.0,8.0,23.0,40.0,0.0,63.0,0.0,8.0,0.0,3.0,51.0,1.0,5.0,0.0,6.0,3.0,11.0,16.0,4.0,83.0,2.0,10.0,6.0,7.0
2022-11-16,12.0,1.0,0.0,26.0,8.0,4.0,37.0,39.0,0.0,67.0,0.0,11.0,0.0,4.0,51.0,1.0,2.0,0.0,2.0,7.0,15.0,21.0,4.0,78.0,2.0,13.0,5.0,10.0
2022-11-17,10.0,0.0,0.0,22.0,10.0,6.0,34.0,30.0,0.0,61.0,1.0,8.0,0.0,4.0,53.0,3.0,3.0,2.0,2.0,8.0,25.0,24.0,3.0,86.0,2.0,12.0,8.0,9.0
2022-11-18,19.0,0.0,0.0,19.0,5.0,4.0,37.0,28.0,0.0,43.0,0.0,6.0,1.0,1.0,55.0,3.0,3.0,2.0,3.0,7.0,18.0,17.0,3.0,99.0,1.0,7.0,6.0,6.0
2022-11-19,14.0,2.0,0.0,16.0,4.0,8.0,39.0,28.0,0.0,46.0,0.0,9.0,0.0,5.0,52.0,1.0,4.0,2.0,9.0,11.0,2.0,18.0,2.0,101.0,0.0,5.0,5.0,7.0
2022-11-20,24.0,2.0,1.0,17.0,8.0,5.0,33.0,37.0,0.0,72.0,0.0,11.0,0.0,1.0,51.0,1.0,4.0,2.0,4.0,6.0,12.0,19.0,3.0,94.0,3.0,4.0,3.0,8.0
2022-11-21,20.0,0.0,0.0,21.0,4.0,4.0,34.0,44.0,1.0,52.0,0.0,12.0,0.0,1.0,59.0,2.0,5.0,0.0,4.0,10.0,15.0,14.0,4.0,89.0,0.0,6.0,6.0,12.0
2022-11-22,23.0,1.0,0.0,29.0,4.0,11.0,23.0,35.0,0.0,57.0,0.0,12.0,1.0,5.0,62.0,3.0,6.0,1.0,4.0,6.0,15.0,18.0,3.0,84.0,2.0,11.0,10.0,10.0
2022-11-23,23.0,1.0,0.0,20.0,10.0,4.0,22.0,24.0,0.0,59.0,0.0,3.0,1.0,2.0,42.0,3.0,3.0,3.0,5.0,3.0,14.0,19.0,2.0,84.0,3.0,7.0,4.0,11.0
2022-11-24,14.0,0.0,0.0,15.0,9.0,5.0,34.0,39.0,0.0,53.0,0.0,6.0,0.0,1.0,60.0,2.0,0.0,3.0,4.0,7.0,13.0,19.0,2.0,97.0,0.0,8.0,7.0,6.0
2022-11-25,23.0,0.0,0.0,28.0,7.0,6.0,26.0,29.0,0.0,50.0,0.0,6.0,0.0,3.0,59.0,1.0,6.0,3.0,7.0,8.0,10.0,17.0,1.0,86.0,2.0,9.0,10.0,16.0
2022-11-26,21.0,0.0,0.0,26.0,8.0,5.0,28.0,32.0,0.0,49.0,0.0,7.0,0.0,1.0,45.0,1.0,3.0,0.0,7.0,11.0,4.0,21.0,4.0,90.0,3.0,7.0,8.0,3.0
2022-11-27,18.0,3.0,0.0,18.0,6.0,2.0,57.0,34.0,0.0,60.0,0.0,12.0,0.0,3.0,48.0,1.0,3.0,0.0,5.0,6.0,15.0,20.0,2.0,74.0,1.0,12.0,6.0,7.0
2022-11-28,14.0,2.0,0.0,12.0,11.0,7.0,46.0,50.0,0.0,43.0,0.0,10.0,1.0,4.0,61.0,1.0,1.0,1.0,5.0,9.0,18.0,22.0,3.0,76.0,1.0,9.0,7.0,9.0
2022-11-29,21.0,0.0,0.0,13.0,7.0,4.0,25.0,38.0,0.0,54.0,0.0,12.0,0.0,4.0,44.0,5.0,5.0,2.0,2.0,6.0,23.0,21.0,1.0,82.0,1.0,11.0,3.0,10.0
2022-11-30,23.0,0.0,0.0,26.0,7.0,2.0,24.0,29.0,0.0,46.0,0.0,8.0,0.0,0.0,56.0,2.0,2.0,1.0,8.0,9.0,13.0,17.0,1.0,58.0,0.0,2.0,5.0,15.0
2022-12-01,13.0,1.0,0.0,29.0,10.0,7.0,42.0,33.0,0.0,64.0,1.0,8.0,0.0,2.0,54.0,3.0,1.0,1.0,11.0,9.0,12.0,17.0,6.0,86.0,1.0,9.0,5.0,8.0
2022-12-02,16.0,1.0,0.0,23.0,4.0,5.0,28.0,28.0,0.0,64.0,0.0,7.0,1.0,2.0,56.0,0.0,4.0,2.0,5.0,10.0,10.0,20.0,3.0,89.0,2.0,11.0,4.0,6.0
2022-12-03,16.0,0.0,0.0,19.0,6.0,5.0,46.0,37.0,0.0,42.0,0.0,11.0,0.0,3.0,50.0,4.0,4.0,0.0,3.0,9.0,11.0,14.0,1.0,91.0,1.0,5.0,4.0,10.0
2022-12-04,16.0,1.0,0.0,29.0,8.0,4.0,32.0,35.0,0.0,61.0,0.0,7.0,0.0,1.0,52.0,1.0,2.0,1.0,4.0,10.0,12.0,21.0,2.0,71.0,2.0,6.0,11.0,11.0
2022-12-05,20.0,0.0,0.0,23.0,7.0,7.0,32.0,47.0,0.0,49.0,1.0,7.0,1.0,2.0,55.0,1.0,3.0,3.0,4.0,3.0,18.0,15.0,2.0,79.0,2.0,9.0,6.0,10.0
2022-12-06,16.0,2.0,0.0,27.0,4.0,6.0,35.0,33.0,0.0,51.0,0.0,7.0,0.0,2.0,59.0,2.0,5.0,1.0,2.0,2.0,17.0,18.0,2.0,86.0,1.0,9.0,6.0,15.0
2022-12-07,16.0,3.0,0.0,20.0,10.0,7.0,41.0,41.0,2.0,60.0,0.0,12.0,1.0,3.0,53.0,2.0,0.0,4.0,6.0,10.0,8.0,11.0,3.0,88.0,1.0,8.0,8.0,7.0
2022-12-08,17.0,0.0,0.0,13.0,8.0,5.0,40.0,29.0,0.0,68.0,0.0,4.0,0.0,2.0,53.0,0.0,2.0,0.0,6.0,8.0,9.0,19.0,4.0,89.0,3.0,7.0,6.0,8.0
2022-12-09,10.0,0.0,0.0,23.0,5.0,3.0,42.0,27.0,0.0,56.0,0.0,13.0,0.0,3.0,54.0,5.0,3.0,2.0,5.0,10.0,8.0,19.0,1.0,99.0,0.0,4.0,8.0,7.0
2022-12-10,14.0,1.0,0.0,20.0,8.0,2.0,39.0,25.0,0.0,52.0,0.0,8.0,0.0,1.0,49.0,1.0,0.0,0.0,7.0,9.0,16.0,18.0,6.0,74.0,1.0,6.0,6.0,10.0
2022-12-11,18.0,2.0,0.0,13.0,5.0,6.0,20.0,30.0,1.0,58.0,0.0,7.0,0.0,3.0,41.0,1.0,6.0,2.0,7.0,12.0,12.0,24.0,4.0,87.0,1.0,12.0,7.0,8.0
2022-12-12,7.0,2.0,0.0,18.0,4.0,8.0,39.0,35.0,0.0,56.0,0.0,4.0,1.0,1.0,55.0,0.0,4.0,1.0,4.0,6.0,14.0,15.0,5.0,92.0,1.0,8.0,8.0,14.0
2022-12-13,17.0,0.0,0.0,15.0,5.0,4.0,36.0,38.0,1.0,55.0,0.0,6.0,0.0,6.0,68.0,1.0,2.0,2.0,2.0,4.0,13.0,19.0,2.0,90.0,3.0,6.0,5.0,11.0
2022-12-14,24.0,1.0,0.0,27.0,5.0,5.0,36.0,24.0,0.0,58.0,0.0,7.0,0.0,3.0,50.0,3.0,3.0,1.0,6.0,10.0,12.0,21.0,4.0,75.0,0.0,3.0,7.0,11.0
2022-12-15,21.0,0.0,0.0,28.0,8.0,7.0,25.0,33.0,1.0,53.0,0.0,8.0,0.0,2.0,60.0,4.0,1.0,2.0,3.0,7.0,18.0,15.0,1.0,95.0,1.0,6.0,6.0,7.0
2022-12-16,25.0,2.0,0.0,21.0,8.0,3.0,40.0,29.0,0.0,57.0,0.0,8.0,0.0,3.0,55.0,1.0,2.0,2.0,5.0,10.0,15.0,13.0,1.0,86.0,4.0,5.0,7.0,7.0
2022-12-17,16.0,1.0,0.0,19.0,10.0,6.0,37.0,35.0,0.0,40.0,1.0,1.0,0.0,1.0,57.0,2.0,2.0,0.0,4.0,9.0,12.0,19.0,3.0,87.0,1.0,4.0,9.0,11.0
2022-12-18,16.0,0.0,0.0,22.0,8.0,6.0,29.0,49.0,0.0,53.0,0.0,3.0,0.0,2.0,40.0,5.0,2.0,1.0,5.0,7.0,12.0,21.0,5.0,67.0,1.0,11.0,5.0,11.0
2022-12-19,15.0,1.0,0.0,23.0,8.0,7.0,39.0,50.0,0.0,56.0,0.0,12.0,2.0,2.0,48.0,0.0,1.0,2.0,4.0,6.0,14.0,22.0,3.0,62.0,1.0,8.0,8.0,11.0
2022-12-20,17.0,0.0,0.0,23.0,5.0,5.0,19.0,31.0,0.0,56.0,0.0,11.0,0.0,2.0,55.0,4.0,7.0,1.0,4.0,4.0,11.0,19.0,2.0,95.0,0.0,6.0,6.0,8.0
2022-12-21,17.0,2.0,0.0,20.0,8.0,7.0,31.0,21.0,0.0,51.0,0.0,8.0,0.0,1.0,52.0,1.0,2.0,3.0,5.0,10.0,14.0,16.0,4.0,98.0,2.0,4.0,4.0,8.0
2022-12-22,19.0,0.0,0.0,16.0,5.0,3.0,30.0,40.0,0.0,55.0,1.0,6.0,0.0,4.0,56.0,2.0,3.0,2.0,6.0,6.0,11.0,14.0,1.0,78.0,0.0,9.0,8.0,8.0
2022-12-23,22.0,0.0,0.0,20.0,4.0,2.0,35.0,29.0,0.0,36.0,0.0,7.0,0.0,3.0,44.0,0.0,5.0,2.0,5.0,10.0,15.0,21.0,5.0,78.0,3.0,1.0,6.0,12.0
2022-12-24,14.0,1.0,0.0,22.0,13.0,8.0,37.0,44.0,1.0,46.0,0.0,5.0,0.0,1.0,44.0,3.0,1.0,1.0,17.0,9.0,12.0,26.0,5.0,83.0,2.0,6.0,6.0,7.0
2022-12-25,16.0,1.0,0.0,21.0,4.0,7.0,30.0,35.0,0.0,59.0,0.0,10.0,0.0,4.0,51.0,1.0,1.0,3.0,13.0,9.0,10.0,23.0,5.0,79.0,4.0,8.0,10.0,12.0
2022-12-26,15.0,2.0,0.0,25.0,3.0,6.0,17.0,36.0,0.0,59.0,0.0,5.0,1.0,3.0,43.0,2.0,7.0,1.0,10.0,6.0,15.0,20.0,1.0,71.0,3.0,10.0,8.0,11.0
2022-12-27,31.0,2.0,0.0,10.0,10.0,7.0,20.0,36.0,1.0,61.0,0.0,10.0,0.0,1.0,49.0,2.0,6.0,3.0,4.0,4.0,15.0,22.0,4.0,92.0,2.0,12.0,6.0,8.0
2022-12-28,19.0,2.0,0.0,23.0,6.0,1.0,34.0,19.0,0.0,55.0,0.0,6.0,0.0,5.0,53.0,2.0,1.0,0.0,7.0,7.0,17.0,14.0,2.0,74.0,1.0,7.0,8.0,7.0
2022-12-29,16.0,2.0,0.0,24.0,10.0,6.0,33.0,40.0,0.0,62.0,0.0,10.0,0.0,3.0,55.0,2.0,1.0,1.0,12.0,5.0,13.0,12.0,2.0,91.0,1.0,11.0,3.0,15.0
2022-12-30,13.0,0.0,0.0,17.0,11.0,7.0,27.0,31.0,0.0,45.0,0.0,11.0,0.0,1.0,45.0,2.0,2.0,0.0,8.0,7.0,8.0,18.0,2.0,76.0,3.0,6.0,3.0,8.0
2022-12-31,17.0,1.0,0.0,19.0,9.0,4.0,34.0,22.0,1.0,56.0,1.0,13.0,0.0,4.0,50.0,2.0,1.0,3.0,9.0,10.0,6.0,26.0,4.0,86.0,0.0,7.0,8.0,5.0
2023-01-01,21.0,0.0,0.0,15.0,0.0,4.0,21.0,29.0,1.0,52.0,0.0,13.0,1.0,0.0,52.0,0.0,5.0,0.0,18.0,7.0,12.0,10.0,7.0,88.0,0.0,3.0,9.0,10.0
2023-01-02,22.0,1.0,0.0,19.0,0.0,6.0,23.0,37.0,0.0,52.0,0.0,6.0,0.0,2.0,52.0,0.0,7.0,0.0,18.0,8.0,14.0,18.0,1.0,85.0,2.0,6.0,7.0,7.0
2023-01-03,8.0,2.0,0.0,16.0,9.0,2.0,31.0,28.0,0.0,54.0,0.0,11.0,0.0,3.0,52.0,1.0,7.0,2.0,3.0,3.0,19.0,14.0,0.0,88.0,3.0,5.0,8.0,10.0
2023-01-04,17.0,1.0,0.0,24.0,11.0,7.0,38.0,40.0,0.0,49.0,0.0,7.0,0.0,1.0,52.0,4.0,5.0,0.0,4.0,7.0,20.0,17.0,3.0,86.0,0.0,7.0,8.0,9.0
2023-01-05,19.0,2.0,0.0,15.0,9.0,4.0,37.0,25.0,1.0,61.0,0.0,5.0,1.0,1.0,59.0,5.0,2.0,1.0,3.0,9.0,20.0,15.0,3.0,85.0,2.0,1.0,5.0,11.0
2023-01-06,21.0,2.0,0.0,22.0,4.0,3.0,34.0,26.0,1.0,53.0,1.0,9.0,0.0,1.0,52.0,1.0,4.0,1.0,7.0,6.0,8.0,21.0,3.0,95.0,0.0,14.0,10.0,11.0
2023-01-07,20.0,0.0,0.0,21.0,9.0,3.0,39.0,28.0,1.0,61.0,0.0,18.0,0.0,1.0,50.0,1.0,2.0,2.0,7.0,9.0,15.0,14.0,5.0,92.0,1.0,7.0,5.0,7.0
2023-01-08,14.0,2.0,0.0,17.0,5.0,6.0,39.0,36.0,0.0,63.0,0.0,9.0,0.0,2.0,62.0,4.0,3.0,1.0,6.0,12.0,13.0,10.0,1.0,97.0,2.0,3.0,5.0,9.0
2023-01-09,16.0,1.0,0.0,12.0,11.0,9.0,21.0,35.0,0.0,68.0,0.0,13.0,1.0,2.0,56.0,2.0,7.0,0.0,5.0,14.0,14.0,15.0,4.0,80.0,4.0,6.0,7.0,10.0
2023-01-10,13.0,0.0,0.0,21.0,15.0,11.0,19.0,23.0,0.0,61.0,0.0,7.0,0.0,2.0,44.0,5.0,6.0,3.0,4.0,5.0,13.0,19.0,1.0,97.0,2.0,6.0,9.0,13.0
2023-01-11,17.0,2.0,0.0,17.0,4.0,6.0,34.0,27.0,0.0,65.0,0.0,9.0,0.0,2.0,53.0,1.0,5.0,1.0,6.0,5.0,15.0,14.0,6.0,93.0,1.0,14.0,6.0,10.0
2023-01-12,12.0,1.0,0.0,29.0,10.0,9.0,38.0,43.0,0.0,57.0,1.0,3.0,0.0,2.0,63.0,2.0,2.0,4.0,2.0,3.0,15.0,16.0,2.0,84.0,4.0,10.0,7.0,7.0
2023-01-13,18.0,0.0,0.0,16.0,5.0,5.0,22.0,35.0,0.0,48.0,0.0,8.0,1.0,0.0,60.0,0.0,4.0,0.0,5.0,5.0,13.0,22.0,3.0,80.0,2.0,7.0,5.0,14.0
2023-01-14,23.0,1.0,0.0,10.0,8.0,3.0,22.0,29.0,0.0,45.0,0.0,10.0,0.0,3.0,50.0,0.0,1.0,1.0,5.0,11.0,13.0,16.0,4.0,49.0,2.0,6.0,8.0,8.0
2023-01-15,14.0,1.0,0.0,17.0,11.0,5.0,44.0,38.0,0.0,48.0,0.0,9.0,0.0,2.0,47.0,3.0,1.0,2.0,6.0,6.0,15.0,10.0,2.0,66.0,2.0,5.0,3.0,10.0
2023-01-16,22.0,1.0,0.0,22.0,9.0,12.0,24.0,34.0,0.0,56.0,1.0,8.0,2.0,0.0,58.0,1.0,5.0,3.0,4.0,6.0,12.0,17.0,2.0,82.0,0.0,10.0,8.0,12.0
2023-01-17,13.0,0.0,0.0,25.0,7.0,5.0,29.0,34.0,0.0,62.0,0.0,11.0,0.0,3.0,48.0,6.0,4.0,1.0,4.0,8.0,18.0,18.0,3.0,77.0,2.0,8.0,8.0,15.0
2023-01-18,12.0,1.0,0.0,14.0,3.0,2.0,36.0,23.0,0.0,60.0,0.0,5.0,0.0,2.0,56.0,0.0,2.0,1.0,7.0,7.0,14.0,20.0,4.0,91.0,1.0,4.0,11.0,8.0
2023-01-19,19.0,2.0,0.0,21.0,10.0,4.0,26.0,26.0,0.0,45.0,0.0,7.0,0.0,1.0,61.0,6.0,2.0,2.0,5.0,5.0,14.0,19.0,4.0,91.0,1.0,7.0,9.0,5.0
2023-01-20,22.0,1.0,0.0,26.0,12.0,7.0,24.0,31.0,1.0,60.0,0.0,7.0,1.0,3.0,51.0,1.0,4.0,3.0,3.0,5.0,12.0,20.0,2.0,81.0,1.0,4.0,8.0,9.0
2023-01-21,17.0,1.0,0.0,17.0,3.0,4.0,45.0,39.0,0.0,41.0,0.0,10.0,0.0,4.0,42.0,3.0,2.0,2.0,6.0,11.0,9.0,14.0,2.0,80.0,2.0,11.0,7.0,12.0
2023-01-22,22.0,0.0,0.0,15.0,4.0,3.0,34.0,31.0,0.0,54.0,0.0,3.0,0.0,2.0,53.0,1.0,6.0,2.0,4.0,6.0,16.0,12.0,6.0,80.0,2.0,9.0,9.0,12.0
2023-01-23,17.0,0.0,0.0,26.0,7.0,10.0,30.0,41.0,1.0,58.0,0.0,4.0,1.0,1.0,49.0,2.0,6.0,1.0,4.0,9.0,15.0,20.0,1.0,66.0,2.0,4.0,6.0,11.0
2023-01-24,12.0,2.0,0.0,12.0,9.0,7.0,36.0,29.0,0.0,44.0,0.0,4.0,0.0,2.0,64.0,3.0,3.0,3.0,5.0,6.0,23.0,11.0,1.0,66.0,2.0,1.0,9.0,18.0
2023-01-25,22.0,2.0,0.0,15.0,9.0,4.0,33.0,31.0,0.0,64.0,1.0,5.0,0.0,6.0,53.0,1.0,4.0,1.0,7.0,4.0,25.0,26.0,2.0,84.0,1.0,2.0,6.0,8.0
2023-01-26,15.0,2.0,0.0,11.0,4.0,6.0,30.0,35.0,0.0,66.0,0.0,7.0,0.0,5.0,44.0,2.0,1.0,0.0,1.0,9.0,16.0,23.0,2.0,89.0,3.0,9.0,4.0,10.0
2023-01-27,15.0,0.0,0.0,12.0,7.0,9.0,34.0,33.0,0.0,56.0,0.0,2.0,0.0,3.0,56.0,3.0,2.0,1.0,10.0,6.0,15.0,21.0,2.0,68.0,0.0,8.0,6.0,9.0
2023-01-28,23.0,2.0,0.0,16.0,12.0,6.0,38.0,42.0,0.0,54.0,0.0,10.0,1.0,1.0,56.0,1.0,1.0,2.0,7.0,8.0,18.0,23.0,1.0,70.0,2.0,3.0,5.0,7.0
2023-01-29,16.0,1.0,0.0,11.0,7.0,5.0,41.0,36.0,0.0,61.0,0.0,9.0,0.0,0.0,57.0,3.0,5.0,1.0,5.0,9.0,12.0,17.0,6.0,68.0,0.0,10.0,9.0,11.0
2023-01-30,16.0,2.0,0.0,14.0,7.0,4.0,32.0,24.0,1.0,45.0,0.0,11.0,1.0,1.0,44.0,2.0,5.0,0.0,3.0,12.0,10.0,22.0,2.0,87.0,2.0,8.0,9.0,14.0
2023-01-31,17.0,0.0,0.0,19.0,6.0,7.0,33.0,45.0,0.0,63.0,0.0,12.0,1.0,1.0,54.0,2.0,4.0,3.0,6.0,7.0,21.0,15.0,1.0,69.0,3.0,4.0,8.0,11.0
2023-02-01,26.0,2.0,0.0,19.0,9.0,5.0,33.0,30.0,0.0,57.0,0.0,6.0,0.0,5.0,51.0,3.0,4.0,0.0,7.0,6.0,16.0,14.0,5.0,68.0,1.0,1.0,7.0,11.0
2023-02-02,21.0,0.0,0.0,22.0,7.0,3.0,29.0,35.0,0.0,37.0,0.0,8.0,0.0,4.0,59.0,3.0,2.0,1.0,6.0,5.0,10.0,21.0,3.0,64.0,2.0,7.0,4.0,9.0
2023-02-03,16.0,1.0,0.0,22.0,8.0,7.0,35.0,26.0,0.0,37.0,0.0,7.0,0.0,1.0,65.0,2.0,6.0,4.0,7.0,5.0,6.0,18.0,2.0,81.0,2.0,9.0,4.0,7.0
2023-02-04,16.0,1.0,0.0,18.0,9.0,7.0,43.0,28.0,0.0,58.0,0.0,7.0,1.0,3.0,44.0,2.0,3.0,1.0,9.0,12.0,11.0,17.0,4.0,75.0,0.0,11.0,9.0,11.0
2023-02-05,14.0,1.0,0.0,20.0,4.0,8.0,35.0,48.0,0.0,60.0,0.0,4.0,0.0,1.0,55.0,2.0,5.0,3.0,4.0,7.0,9.0,21.0,2.0,75.0,3.0,7.0,5.0,11.0
2023-02-06,18.0,0.0,0.0,15.0,1.0,3.0,48.0,29.0,0.0,47.0,0.0,4.0,1.0,1.0,55.0,2.0,5.0,1.0,2.0,6.0,14.0,12.0,6.0,82.0,5.0,7.0,7.0,10.0
2023-02-07,20.0,1.0,0.0,20.0,5.0,7.0,35.0,31.0,0.0,40.0,0.0,9.0,0.0,4.0,60.0,3.0,3.0,2.0,3.0,9.0,17.0,13.0,3.0,74.0,0.0,6.0,7.0,9.0
2023-02-08,16.0,1.0,0.0,22.0,9.0,2.0,39.0,31.0,0.0,66.0,0.0,5.0,0.0,2.0,51.0,4.0,1.0,2.0,4.0,7.0,19.0,24.0,2.0,85.0,2.0,5.0,6.0,10.0
2023-02-09,18.0,0.0,0.0,17.0,6.0,4.0,29.0,37.0,0.0,47.0,0.0,6.0,0.0,3.0,45.0,3.0,3.0,0.0,4.0,6.0,17.0,22.0,3.0,89.0,4.0,9.0,7.0,8.0
2023-02-10,15.0,1.0,0.0,24.0,8.0,7.0,28.0,17.0,0.0,62.0,0.0,8.0,0.0,2.0,41.0,2.0,4.0,2.0,5.0,10.0,11.0,17.0,0.0,76.0,0.0,9.0,5.0,11.0
2023-02-11,16.0,3.0,0.0,10.0,6.0,4.0,30.0,19.0,0.0,62.0,0.0,8.0,0.0,1.0,48.0,0.0,4.0,2.0,3.0,10.0,6.0,16.0,3.0,103.0,1.0,9.0,7.0,10.0
2023-02-12,18.0,0.0,0.0,22.0,14.0,2.0,40.0,46.0,0.0,59.0,0.0,8.0,0.0,4.0,47.0,1.0,3.0,3.0,11.0,5.0,15.0,21.0,4.0,60.0,1.0,2.0,7.0,8.0
2023-02-13,16.0,2.0,0.0,21.0,7.0,7.0,42.0,36.0,0.0,56.0,0.0,10.0,0.0,2.0,51.0,0.0,5.0,2.0,9.0,10.0,17.0,17.0,3.0,81.0,2.0,4.0,8.0,16.0
2023-02-14,17.0,0.0,0.0,24.0,3.0,8.0,33.0,37.0,0.0,50.0,0.0,4.0,1.0,1.0,50.0,2.0,4.0,0.0,1.0,7.0,9.0,20.0,2.0,85.0,2.0,4.0,8.0,5.0
2023-02-15,20.0,0.0,0.0,14.0,8.0,7.0,35.0,25.0,0.0,50.0,0.0,4.0,0.0,0.0,50.0,6.0,2.0,3.0,4.0,4.0,16.0,15.0,4.0,94.0,4.0,4.0,6.0,11.0
2023-02-16,18.0,0.0,0.0,30.0,4.0,7.0,32.0,41.0,0.0,54.0,0.0,8.0,0.0,3.0,58.0,2.0,3.0,2.0,10.0,7.0,30.0,20.0,3.0,99.0,1.0,9.0,5.0,12.0
2023-02-17,18.0,0.0,0.0,24.0,6.0,4.0,37.0,28.0,0.0,48.0,0.0,7.0,2.0,3.0,43.0,2.0,4.0,1.0,4.0,4.0,20.0,15.0,3.0,80.0,0.0,6.0,9.0,10.0
2023-02-18,11.0,3.0,0.0,24.0,8.0,3.0,45.0,32.0,0.0,55.0,0.0,8.0,0.0,1.0,49.0,4.0,2.0,1.0,4.0,10.0,12.0,8.0,3.0,78.0,0.0,7.0,5.0,11.0
2023-02-19,12.0,1.0,0.0,22.0,5.0,2.0,41.0,36.0,0.0,54.0,0.0,2.0,0.0,0.0,59.0,2.0,3.0,1.0,4.0,7.0,15.0,20.0,3.0,87.0,0.0,6.0,11.0,7.0
2023-02-20,21.0,0.0,0.0,19.0,7.0,6.0,34.0,27.0,0.0,55.0,0.0,3.0,0.0,1.0,50.0,2.0,5.0,0.0,4.0,11.0,21.0,22.0,5.0,70.0,7.0,7.0,8.0,16.0
2023-02-21,14.0,1.0,0.0,28.0,9.0,12.0,31.0,51.0,0.0,38.0,1.0,3.0,0.0,4.0,67.0,2.0,2.0,1.0,6.0,6.0,21.0,17.0,2.0,81.0,1.0,9.0,11.0,9.0
2023-02-22,21.0,0.0,0.0,17.0,10.0,7.0,35.0,25.0,0.0,65.0,0.0,6.0,0.0,4.0,40.0,1.0,2.0,1.0,7.0,8.0,14.0,16.0,5.0,117.0,2.0,10.0,2.0,10.0
2023-02-23,18.0,1.0,0.0,30.0,9.0,7.0,36.0,37.0,0.0,43.0,0.0,7.0,0.0,3.0,41.0,2.0,1.0,2.0,6.0,4.0,16.0,16.0,3.0,90.0,1.0,5.0,8.0,8.0
2023-02-24,17.0,2.0,0.0,22.0,10.0,4.0,32.0,33.0,0.0,58.0,0.0,8.0,1.0,2.0,47.0,1.0,3.0,1.0,6.0,6.0,19.0,18.0,2.0,100.0,1.0,12.0,6.0,10.0
2023-02-25,13.0,0.0,0.0,18.0,9.0,6.0,41.0,38.0,0.0,48.0,0.0,3.0,1.0,2.0,56.0,4.0,5.0,0.0,6.0,12.0,22.0,15.0,3.0,69.0,0.0,8.0,6.0,15.0
2023-02-26,17.0,1.0,0.0,22.0,8.0,6.0,41.0,41.0,0.0,69.0,0.0,1.0,0.0,2.0,59.0,1.0,3.0,1.0,5.0,6.0,19.0,20.0,3.0,82.0,2.0,11.0,11.0,13.0
2023-02-27,17.0,2.0,0.0,24.0,4.0,9.0,34.0,36.0,0.0,59.0,0.0,8.0,0.0,2.0,47.0,2.0,3.0,1.0,7.0,9.0,15.0,17.0,2.0,90.0,2.0,8.0,4.0,10.0
2023-02-28,19.0,0.0,0.0,20.0,3.0,3.0,35.0,36.0,0.0,59.0,0.0,16.0,0.0,3.0,49.0,2.0,3.0,1.0,5.0,5.0,24.0,18.0,4.0,91.0,0.0,3.0,6.0,10.0
2023-03-01,21.0,0.0,0.0,28.0,8.0,6.0,33.0,37.0,0.0,66.0,0.0,6.0,0.0,2.0,47.0,1.0,2.0,1.0,8.0,5.0,20.0,15.0,2.0,82.0,1.0,7.0,8.0,7.0
2023-03-02,20.0,1.0,0.0,28.0,8.0,5.0,31.0,28.0,1.0,56.0,0.0,3.0,1.0,2.0,63.0,2.0,2.0,0.0,6.0,3.0,14.0,10.0,6.0,86.0,4.0,14.0,8.0,8.0
2023-03-03,20.0,0.0,0.0,33.0,8.0,4.0,34.0,29.0,0.0,49.0,0.0,9.0,0.0,3.0,46.0,4.0,5.0,2.0,4.0,5.0,17.0,17.0,4.0,98.0,1.0,10.0,5.0,7.0
2023-03-04,14.0,0.0,0.0,28.0,8.0,4.0,48.0,32.0,0.0,55.0,0.0,8.0,0.0,2.0,45.0,2.0,2.0,4.0,7.0,9.0,12.0,18.0,6.0,89.0,1.0,10.0,6.0,10.0
2023-03-05,12.0,1.0,0.0,19.0,6.0,8.0,34.0,44.0,0.0,68.0,0.0,7.0,0.0,2.0,71.0,4.0,3.0,5.0,0.0,13.0,11.0,24.0,3.0,90.0,2.0,3.0,10.0,14.0
2023-03-06,10.0,0.0,0.0,26.0,8.0,7.0,36.0,39.0,0.0,60.0,1.0,6.0,1.0,0.0,66.0,1.0,4.0,1.0,5.0,8.0,21.0,19.0,2.0,115.0,2.0,13.0,3.0,9.0
2023-03-07,17.0,1.0,0.0,25.0,11.0,5.0,32.0,37.0,0.0,54.0,0.0,13.0,0.0,2.0,57.0,2.0,3.0,0.0,4.0,6.0,19.0,14.0,2.0,97.0,1.0,10.0,3.0,8.0
2023-03-08,20.0,1.0,0.0,28.0,13.0,6.0,35.0,31.0,0.0,61.0,0.0,3.0,0.0,1.0,52.0,5.0,1.0,2.0,2.0,4.0,23.0,19.0,5.0,86.0,4.0,6.0,7.0,17.0
2023-03-09,25.0,1.0,0.0,25.0,4.0,6.0,32.0,44.0,0.0,57.0,0.0,6.0,0.0,2.0,39.0,3.0,0.0,1.0,3.0,4.0,25.0,16.0,8.0,103.0,2.0,10.0,6.0,10.0
2023-03-10,28.0,1.0,0.0,20.0,11.0,4.0,30.0,34.0,0.0,43.0,0.0,7.0,1.0,1.0,46.0,1.0,6.0,0.0,8.0,8.0,22.0,15.0,3.0,84.0,0.0,14.0,5.0,6.0
2023-03-11,9.0,1.0,0.0,24.0,12.0,4.0,29.0,26.0,0.0,69.0,0.0,8.0,0.0,3.0,53.0,2.0,1.0,0.0,6.0,7.0,24.0,20.0,3.0,95.0,2.0,13.0,10.0,10.0
2023-03-12,12.0,0.0,0.0,17.0,3.0,2.0,37.0,32.0,0.0,60.0,0.0,8.0,0.0,2.0,71.0,0.0,6.0,1.0,6.0,7.0,15.0,16.0,2.0,85.0,1.0,11.0,5.0,7.0
2023-03-13,16.0,1.0,0.0,24.0,11.0,6.0,43.0,36.0,0.0,35.0,0.0,7.0,1.0,1.0,65.0,1.0,3.0,0.0,2.0,7.0,22.0,19.0,3.0,76.0,1.0,8.0,8.0,11.0
2023-03-14,15.0,1.0,0.0,26.0,9.0,5.0,30.0,38.0,0.0,68.0,0.0,3.0,0.0,2.0,51.0,4.0,4.0,1.0,8.0,6.0,18.0,17.0,1.0,99.0,3.0,8.0,9.0,12.0
2023-03-15,18.0,0.0,0.0,21.0,8.0,5.0,28.0,30.0,0.0,71.0,0.0,5.0,1.0,0.0,54.0,2.0,1.0,2.0,4.0,4.0,10.0,21.0,5.0,101.0,1.0,10.0,9.0,9.0
2023-03-16,18.0,0.0,0.0,27.0,13.0,5.0,49.0,39.0,0.0,53.0,0.0,7.0,0.0,4.0,48.0,1.0,0.0,2.0,11.0,8.0,20.0,18.0,6.0,93.0,3.0,8.0,5.0,6.0
2023-03-17,25.0,1.0,0.0,26.0,6.0,4.0,41.0,30.0,0.0,61.0,0.0,7.0,0.0,2.0,51.0,1.0,3.0,3.0,4.0,7.0,18.0,19.0,8.0,101.0,1.0,9.0,3.0,9.0
2023-03-18,14.0,0.0,0.0,36.0,10.0,6.0,29.0,29.0,0.0,61.0,0.0,7.0,0.0,4.0,58.0,3.0,6.0,1.0,7.0,5.0,15.0,14.0,2.0,70.0,1.0,11.0,8.0,12.0
2023-03-19,24.0,1.0,0.0,20.0,7.0,6.0,36.0,32.0,0.0,79.0,0.0,6.0,0.0,4.0,66.0,4.0,4.0,2.0,4.0,7.0,22.0,23.0,3.0,86.0,1.0,17.0,9.0,6.0
2023-03-20,25.0,1.0,0.0,17.0,6.0,10.0,35.0,33.0,1.0,53.0,0.0,3.0,0.0,2.0,53.0,0.0,3.0,0.0,9.0,8.0,16.0,14.0,3.0,92.0,7.0,6.0,3.0,13.0
2023-03-21,19.0,1.0,0.0,17.0,8.0,5.0,34.0,30.0,0.0,48.0,0.0,11.0,1.0,2.0,61.0,2.0,3.0,1.0,4.0,5.0,16.0,23.0,2.0,96.0,1.0,6.0,5.0,13.0
2023-03-22,20.0,1.0,0.0,26.0,9.0,8.0,30.0,37.0,0.0,73.0,0.0,7.0,0.0,2.0,57.0,1.0,2.0,3.0,5.0,6.0,12.0,22.0,2.0,85.0,4.0,9.0,2.0,10.0
2023-03-23,13.0,1.0,0.0,18.0,7.0,5.0,25.0,35.0,0.0,61.0,0.0,8.0,0.0,2.0,53.0,1.0,1.0,3.0,9.0,7.0,13.0,11.0,3.0,91.0,0.0,12.0,5.0,10.0
2023-03-24,23.0,3.0,0.0,29.0,7.0,4.0,38.0,32.0,0.0,57.0,0.0,7.0,0.0,2.0,50.0,4.0,6.0,2.0,5.0,9.0,8.0,20.0,3.0,70.0,2.0,8.0,3.0,10.0
2023-03-25,20.0,0.0,0.0,22.0,1.0,8.0,23.0,23.0,0.0,58.0,0.0,10.0,0.0,1.0,57.0,2.0,0.0,3.0,4.0,6.0,12.0,18.0,2.0,89.0,0.0,15.0,6.0,12.0
2023-03-26,13.0,0.0,0.0,19.0,12.0,0.0,44.0,33.0,0.0,68.0,0.0,7.0,0.0,3.0,53.0,0.0,5.0,0.0,8.0,7.0,13.0,19.0,4.0,103.0,1.0,5.0,12.0,13.0
2023-03-27,19.0,0.0,0.0,20.0,10.0,9.0,35.0,38.0,0.0,58.0,0.0,6.0,0.0,2.0,55.0,1.0,4.0,1.0,2.0,8.0,9.0,19.0,3.0,87.0,2.0,11.0,6.0,12.0
2023-03-28,17.0,0.0,0.0,22.0,11.0,3.0,39.0,29.0,0.0,65.0,0.0,6.0,1.0,3.0,72.0,3.0,3.0,1.0,1.0,5.0,11.0,22.0,2.0,96.0,2.0,5.0,6.0,10.0
2023-03-29,20.0,0.0,0.0,23.0,11.0,8.0,25.0,39.0,0.0,66.0,0.0,9.0,1.0,1.0,57.0,1.0,1.0,1.0,6.0,6.0,15.0,16.0,5.0,92.0,1.0,12.0,6.0,15.0
2023-03-30,21.0,1.0,0.0,25.0,9.0,2.0,34.0,30.0,0.0,61.0,0.0,2.0,0.0,1.0,50.0,3.0,3.0,1.0,4.0,8.0,20.0,13.0,4.0,106.0,1.0,12.0,10.0,8.0
2023-03-31,14.0,1.0,0.0,29.0,5.0,2.0,40.0,36.0,0.0,56.0,0.0,3.0,0.0,1.0,51.0,3.0,5.0,2.0,4.0,7.0,14.0,17.0,3.0,88.0,1.0,10.0,3.0,8.0
2023-04-01,14.0,0.0,0.0,22.0,10.0,4.0,22.0,25.0,0.0,75.0,0.0,9.0,0.0,4.0,54.0,0.0,3.0,0.0,9.0,10.0,24.0,24.0,2.0,98.0,2.0,15.0,10.0,10.0
2023-04-02,14.0,1.0,0.0,21.0,13.0,5.0,45.0,31.0,0.0,65.0,0.0,9.0,0.0,2.0,58.0,2.0,3.0,2.0,2.0,8.0,10.0,22.0,2.0,84.0,0.0,15.0,7.0,8.0
2023-04-03,17.0,0.0,0.0,22.0,8.0,9.0,42.0,39.0,0.0,71.0,0.0,8.0,1.0,1.0,51.0,0.0,4.0,2.0,6.0,10.0,17.0,21.0,2.0,91.0,2.0,12.0,8.0,14.0
2023-04-04,20.0,0.0,0.0,13.0,10.0,10.0,24.0,33.0,0.0,68.0,0.0,5.0,0.0,1.0,64.0,2.0,4.0,1.0,2.0,5.0,13.0,13.0,5.0,101.0,2.0,12.0,6.0,7.0
2023-04-05,14.0,1.0,0.0,17.0,11.0,4.0,44.0,33.0,0.0,54.0,0.0,7.0,0.0,5.0,55.0,2.0,3.0,1.0,6.0,7.0,16.0,18.0,1.0,81.0,4.0,16.0,6.0,14.0
2023-04-06,20.0,1.0,0.0,32.0,10.0,6.0,32.0,31.0,0.0,65.0,0.0,4.0,1.0,0.0,58.0,2.0,1.0,1.0,4.0,5.0,18.0,16.0,4.0,86.0,2.0,11.0,6.0,7.0
2023-04-07,16.0,0.0,0.0,32.0,8.0,6.0,35.0,34.0,0.0,67.0,0.0,3.0,0.0,3.0,50.0,1.0,5.0,2.0,5.0,4.0,18.0,21.0,6.0,76.0,3.0,11.0,6.0,10.0
2023-04-08,19.0,1.0,0.0,31.0,11.0,5.0,30.0,33.0,0.0,67.0,0.0,1.0,0.0,2.0,53.0,1.0,4.0,1.0,4.0,7.0,16.0,24.0,6.0,101.0,0.0,8.0,4.0,11.0
2023-04-09,17.0,1.0,0.0,27.0,9.0,6.0,36.0,34.0,0.0,67.0,0.0,9.0,0.0,4.0,48.0,1.0,5.0,1.0,5.0,11.0,15.0,14.0,3.0,84.0,2.0,6.0,8.0,7.0
2023-04-10,15.0,0.0,0.0,19.0,11.0,6.0,35.0,49.0,0.0,66.0,0.0,7.0,0.0,0.0,70.0,2.0,4.0,3.0,5.0,8.0,13.0,22.0,3.0,88.0,1.0,9.0,7.0,17.0
2023-04-11,23.0,2.0,0.0,16.0,10.0,11.0,30.0,34.0,0.0,71.0,0.0,5.0,0.0,2.0,45.0,2.0,6.0,1.0,1.0,7.0,22.0,15.0,3.0,105.0,1.0,7.0,10.0,13.0
2023-04-12,16.0,1.0,0.0,27.0,9.0,6.0,27.0,23.0,0.0,60.0,0.0,6.0,1.0,3.0,47.0,1.0,3.0,1.0,3.0,6.0,12.0,14.0,1.0,99.0,1.0,7.0,9.0,12.0
2023-04-13,19.0,0.0,0.0,22.0,6.0,2.0,33.0,36.0,0.0,52.0,0.0,8.0,0.0,5.0,53.0,3.0,0.0,1.0,6.0,7.0,20.0,18.0,6.0,80.0,3.0,10.0,10.0,7.0
2023-04-14,21.0,1.0,0.0,17.0,7.0,7.0,41.0,30.0,0.0,68.0,0.0,4.0,0.0,2.0,53.0,2.0,4.0,4.0,8.0,8.0,15.0,19.0,3.0,101.0,1.0,8.0,2.0,10.0
2023-04-15,13.0,0.0,0.0,21.0,12.0,2.0,42.0,38.0,0.0,59.0,1.0,8.0,0.0,0.0,56.0,1.0,3.0,0.0,7.0,5.0,19.0,23.0,3.0,114.0,3.0,13.0,8.0,8.0
2023-04-16,19.0,1.0,0.0,19.0,9.0,3.0,37.0,29.0,0.0,78.0,0.0,10.0,0.0,1.0,69.0,0.0,4.0,1.0,5.0,12.0,13.0,20.0,4.0,82.0,2.0,7.0,7.0,11.0
2023-04-17,24.0,1.0,0.0,18.0,8.0,8.0,44.0,38.0,0.0,61.0,0.0,4.0,1.0,1.0,67.0,0.0,2.0,2.0,5.0,10.0,20.0,22.0,2.0,85.0,0.0,10.0,8.0,15.0
2023-04-18,18.0,0.0,0.0,29.0,10.0,7.0,29.0,40.0,0.0,51.0,0.0,6.0,0.0,2.0,54.0,2.0,2.0,1.0,3.0,8.0,17.0,14.0,1.0,86.0,2.0,8.0,6.0,15.0
2023-04-19,22.0,1.0,0.0,29.0,10.0,11.0,43.0,27.0,0.0,62.0,0.0,4.0,0.0,1.0,49.0,0.0,4.0,1.0,5.0,6.0,11.0,19.0,3.0,99.0,1.0,10.0,11.0,13.0
2023-04-20,13.0,1.0,0.0,19.0,8.0,5.0,29.0,28.0,0.0,66.0,0.0,5.0,0.0,3.0,49.0,3.0,0.0,1.0,3.0,5.0,20.0,23.0,4.0,89.0,5.0,11.0,4.0,7.0
2023-04-21,15.0,0.0,0.0,23.0,10.0,2.0,49.0,45.0,0.0,54.0,1.0,9.0,0.0,3.0,56.0,0.0,4.0,1.0,5.0,9.0,23.0,22.0,3.0,92.0,0.0,5.0,5.0,10.0
2023-04-22,19.0,2.0,0.0,22.0,12.0,9.0,34.0,35.0,0.0,53.0,0.0,6.0,1.0,3.0,45.0,3.0,7.0,1.0,9.0,6.0,33.0,22.0,5.0,99.0,3.0,15.0,5.0,9.0
2023-04-23,15.0,1.0,0.0,21.0,8.0,4.0,30.0,37.0,0.0,84.0,1.0,8.0,0.0,1.0,60.0,2.0,4.0,3.0,4.0,11.0,20.0,19.0,2.0,87.0,2.0,8.0,6.0,8.0
2023-04-24,28.0,0.0,0.0,13.0,12.0,5.0,36.0,33.0,0.0,57.0,1.0,3.0,1.0,1.0,51.0,1.0,7.0,1.0,6.0,9.0,20.0,17.0,1.0,76.0,2.0,9.0,6.0,17.0
2023-04-25,20.0,0.0,0.0,27.0,17.0,4.0,37.0,38.0,0.0,58.0,0.0,7.0,0.0,2.0,59.0,2.0,3.0,2.0,3.0,5.0,19.0,14.0,2.0,92.0,0.0,6.0,8.0,13.0
2023-04-26,32.0,0.0,0.0,20.0,5.0,9.0,33.0,33.0,0.0,64.0,1.0,6.0,0.0,0.0,57.0,2.0,2.0,0.0,4.0,4.0,15.0,24.0,1.0,102.0,1.0,10.0,12.0,12.0
2023-04-27,18.0,0.0,0.0,29.0,9.0,8.0,36.0,40.0,0.0,66.0,0.0,6.0,0.0,3.0,56.0,2.0,1.0,3.0,5.0,6.0,20.0,22.0,2.0,99.0,4.0,11.0,6.0,6.0
2023-04-28,19.0,0.0,0.0,29.0,10.0,3.0,34.0,28.0,0.0,55.0,0.0,10.0,0.0,2.0,51.0,3.0,4.0,0.0,4.0,10.0,23.0,28.0,5.0,74.0,2.0,13.0,4.0,10.0
2023-04-29,15.0,0.0,0.0,22.0,15.0,9.0,34.0,38.0,0.0,73.0,0.0,8.0,0.0,1.0,49.0,0.0,4.0,1.0,7.0,10.0,16.0,20.0,1.0,93.0,0.0,8.0,4.0,12.0
2023-04-30,20.0,2.0,0.0,23.0,5.0,2.0,40.0,40.0,0.0,71.0,0.0,2.0,1.0,0.0,50.0,1.0,5.0,1.0,4.0,8.0,15.0,25.0,6.0,94.0,1.0,6.0,9.0,8.0
2023-05-01,28.0,0.0,0.0,18.0,12.0,8.0,35.0,45.0,0.0,57.0,0.0,7.0,1.0,1.0,55.0,1.0,5.0,3.0,3.0,10.0,15.0,19.0,2.0,95.0,0.0,12.0,6.0,11.0
2023-05-02,20.0,3.0,0.0,26.0,14.0,3.0,22.0,34.0,0.0,54.0,0.0,6.0,0.0,5.0,73.0,2.0,6.0,2.0,6.0,6.0,21.0,33.0,0.0,91.0,3.0,8.0,8.0,14.0
2023-05-03,21.0,0.0,0.0,13.0,10.0,5.0,41.0,27.0,0.0,67.0,0.0,7.0,0.0,3.0,46.0,4.0,2.0,0.0,2.0,9.0,12.0,17.0,3.0,81.0,1.0,12.0,8.0,7.0
2023-05-04,16.0,1.0,0.0,26.0,6.0,6.0,33.0,43.0,0.0,55.0,0.0,4.0,0.0,2.0,47.0,2.0,3.0,2.0,5.0,6.0,12.0,21.0,5.0,92.0,2.0,10.0,4.0,9.0
2023-05-05,22.0,2.0,0.0,15.0,9.0,8.0,36.0,27.0,0.0,44.0,0.0,10.0,1.0,1.0,67.0,1.0,3.0,3.0,6.0,6.0,19.0,24.0,4.0,97.0,3.0,13.0,6.0,9.0
2023-05-06,15.0,1.0,0.0,30.0,10.0,6.0,43.0,44.0,1.0,56.0,0.0,14.0,0.0,1.0,51.0,1.0,4.0,1.0,3.0,11.0,26.0,21.0,3.0,91.0,3.0,8.0,12.0,11.0
2023-05-07,15.0,0.0,0.0,14.0,11.0,1.0,41.0,42.0,0.0,80.0,1.0,8.0,0.0,2.0,61.0,0.0,6.0,2.0,6.0,10.0,25.0,16.0,6.0,92.0,0.0,11.0,6.0,9.0
2023-05-08,23.0,0.0,0.0,18.0,5.0,6.0,33.0,31.0,0.0,72.0,1.0,6.0,1.0,1.0,62.0,1.0,3.0,1.0,4.0,8.0,26.0,25.0,3.0,79.0,3.0,12.0,10.0,15.0
2023-05-09,19.0,0.0,0.0,20.0,12.0,8.0,36.0,33.0,0.0,54.0,0.0,6.0,0.0,1.0,60.0,0.0,1.0,2.0,6.0,7.0,19.0,19.0,0.0,110.0,1.0,11.0,12.0,11.0
2023-05-10,19.0,1.0,0.0,23.0,13.0,7.0,30.0,40.0,0.0,70.0,0.0,3.0,0.0,2.0,58.0,0.0,3.0,2.0,7.0,7.0,20.0,17.0,1.0,80.0,1.0,11.0,5.0,10.0
2023-05-11,20.0,0.0,0.0,24.0,10.0,2.0,30.0,37.0,0.0,69.0,0.0,10.0,0.0,3.0,55.0,2.0,2.0,1.0,4.0,7.0,23.0,19.0,4.0,84.0,1.0,10.0,8.0,5.0
2023-05-12,18.0,0.0,0.0,22.0,12.0,6.0,30.0,34.0,0.0,53.0,0.0,3.0,0.0,1.0,55.0,4.0,8.0,1.0,7.0,7.0,14.0,21.0,5.0,89.0,1.0,9.0,6.0,15.0
2023-05-13,24.0,1.0,0.0,27.0,10.0,5.0,31.0,36.0,0.0,69.0,0.0,8.0,0.0,2.0,71.0,1.0,2.0,0.0,8.0,7.0,22.0,18.0,4.0,108.0,1.0,11.0,6.0,8.0
2023-05-14,19.0,1.0,0.0,20.0,4.0,5.0,48.0,40.0,0.0,76.0,0.0,4.0,0.0,3.0,47.0,1.0,4.0,0.0,5.0,9.0,21.0,20.0,4.0,108.0,4.0,13.0,9.0,6.0
2023-05-15,17.0,0.0,0.0,26.0,16.0,4.0,37.0,28.0,0.0,57.0,0.0,8.0,1.0,2.0,57.0,0.0,6.0,0.0,2.0,8.0,15.0,22.0,1.0,73.0,2.0,13.0,6.0,14.0
2023-05-16,22.0,0.0,0.0,21.0,12.0,10.0,30.0,36.0,0.0,58.0,0.0,10.0,0.0,1.0,58.0,3.0,2.0,2.0,3.0,8.0,11.0,22.0,1.0,87.0,1.0,18.0,10.0,10.0
2023-05-17,22.0,1.0,0.0,26.0,12.0,5.0,35.0,30.0,0.0,78.0,0.0,6.0,0.0,2.0,52.0,2.0,1.0,0.0,3.0,5.0,16.0,24.0,3.0,99.0,2.0,9.0,7.0,10.0
2023-05-18,20.0,0.0,0.0,32.0,7.0,5.0,37.0,30.0,0.0,58.0,0.0,2.0,0.0,3.0,56.0,1.0,1.0,2.0,5.0,6.0,20.0,13.0,4.0,82.0,3.0,10.0,5.0,15.0
2023-05-19,24.0,0.0,0.0,11.0,4.0,10.0,30.0,30.0,0.0,62.0,0.0,11.0,0.0,3.0,51.0,1.0,4.0,2.0,7.0,7.0,23.0,21.0,3.0,58.0,3.0,6.0,6.0,5.0
2023-05-20,20.0,2.0,0.0,14.0,5.0,4.0,37.0,36.0,0.0,68.0,0.0,6.0,0.0,2.0,54.0,2.0,8.0,2.0,6.0,9.0,20.0,21.0,8.0,80.0,1.0,17.0,6.0,12.0
2023-05-21,20.0,1.0,0.0,10.0,8.0,4.0,38.0,32.0,0.0,74.0,0.0,6.0,1.0,2.0,64.0,0.0,4.0,1.0,3.0,12.0,6.0,21.0,5.0,78.0,2.0,12.0,5.0,11.0
2023-05-22,19.0,1.0,0.0,13.0,15.0,6.0,43.0,34.0,0.0,57.0,0.0,6.0,1.0,3.0,51.0,0.0,7.0,2.0,5.0,7.0,21.0,20.0,2.0,84.0,4.0,9.0,8.0,11.0
2023-05-23,25.0,0.0,0.0,31.0,9.0,7.0,31.0,43.0,0.0,57.0,0.0,8.0,0.0,1.0,57.0,2.0,3.0,1.0,5.0,7.0,22.0,12.0,1.0,102.0,0.0,14.0,16.0,10.0
2023-05-24,25.0,0.0,0.0,26.0,12.0,6.0,32.0,31.0,0.0,71.0,0.0,6.0,1.0,2.0,70.0,3.0,3.0,2.0,2.0,7.0,20.0,23.0,2.0,93.0,0.0,15.0,3.0,13.0
2023-05-25,16.0,0.0,0.0,28.0,15.0,7.0,38.0,40.0,0.0,71.0,0.0,6.0,0.0,0.0,56.0,3.0,4.0,4.0,4.0,5.0,18.0,23.0,1.0,99.0,2.0,11.0,6.0,7.0
2023-05-26,19.0,0.0,0.0,23.0,9.0,3.0,37.0,38.0,0.0,55.0,0.0,3.0,0.0,3.0,59.0,3.0,3.0,1.0,6.0,8.0,20.0,19.0,4.0,74.0,1.0,15.0,4.0,8.0
2023-05-27,18.0,1.0,0.0,27.0,10.0,10.0,32.0,31.0,0.0,69.0,0.0,5.0,0.0,3.0,59.0,3.0,6.0,1.0,9.0,11.0,18.0,18.0,5.0,108.0,0.0,15.0,10.0,8.0
2023-05-28,18.0,0.0,0.0,26.0,10.0,2.0,44.0,46.0,0.0,76.0,0.0,0.0,0.0,2.0,68.0,1.0,3.0,1.0,4.0,9.0,17.0,30.0,1.0,93.0,1.0,10.0,9.0,9.0
2023-05-29,21.0,2.0,0.0,22.0,7.0,3.0,35.0,35.0,0.0,65.0,0.0,0.0,1.0,3.0,50.0,3.0,6.0,1.0,3.0,6.0,19.0,18.0,7.0,82.0,2.0,12.0,5.0,10.0
2023-05-30,28.0,2.0,0.0,18.0,13.0,8.0,25.0,28.0,0.0,61.0,0.0,0.0,0.0,1.0,65.0,2.0,1.0,1.0,5.0,9.0,17.0,21.0,2.0,76.0,2.0,14.0,11.0,9.0
2023-05-31,14.0,2.0,0.0,19.0,8.0,8.0,33.0,39.0,0.0,71.0,0.0,2.0,0.0,1.0,53.0,3.0,2.0,4.0,6.0,3.0,27.0,20.0,2.0,104.0,2.0,12.0,4.0,13.0
2023-06-01,15.0,1.0,0.0,25.0,8.0,9.0,37.0,37.0,0.0,66.0,0.0,0.0,0.0,3.0,56.0,4.0,1.0,1.0,7.0,5.0,19.0,18.0,6.0,98.0,2.0,10.0,6.0,13.0
2023-06-02,26.0,1.0,0.0,27.0,7.0,4.0,39.0,35.0,0.0,75.0,0.0,6.0,1.0,1.0,52.0,0.0,7.0,1.0,3.0,8.0,14.0,26.0,5.0,113.0,2.0,23.0,7.0,7.0
2023-06-03,17.0,0.0,0.0,22.0,12.0,1.0,41.0,39.0,0.0,66.0,0.0,6.0,0.0,2.0,52.0,2.0,4.0,2.0,4.0,10.0,6.0,17.0,3.0,99.0,2.0,12.0,6.0,13.0
2023-06-04,20.0,0.0,0.0,21.0,18.0,2.0,34.0,46.0,0.0,71.0,0.0,8.0,0.0,2.0,53.0,1.0,4.0,2.0,4.0,4.0,12.0,15.0,2.0,103.0,1.0,15.0,8.0,7.0
2023-06-05,27.0,1.0,0.0,16.0,16.0,9.0,42.0,50.0,0.0,59.0,0.0,6.0,0.0,2.0,59.0,1.0,6.0,0.0,2.0,6.0,24.0,21.0,4.0,87.0,0.0,11.0,8.0,15.0
2023-06-06,14.0,0.0,0.0,29.0,5.0,10.0,33.0,27.0,0.0,68.0,0.0,9.0,1.0,2.0,55.0,1.0,4.0,1.0,4.0,7.0,23.0,21.0,4.0,95.0,3.0,12.0,12.0,10.0
2023-06-07,18.0,1.0,0.0,18.0,12.0,5.0,28.0,37.0,0.0,62.0,0.0,5.0,0.0,0.0,51.0,4.0,1.0,1.0,4.0,6.0,11.0,28.0,3.0,96.0,2.0,10.0,5.0,12.0
2023-06-08,23.0,2.0,0.0,25.0,8.0,2.0,36.0,36.0,0.0,57.0,0.0,8.0,0.0,1.0,64.0,2.0,3.0,1.0,4.0,10.0,19.0,22.0,2.0,97.0,1.0,18.0,6.0,5.0
2023-06-09,21.0,0.0,0.0,27.0,12.0,5.0,35.0,35.0,0.0,60.0,0.0,5.0,0.0,2.0,59.0,2.0,3.0,2.0,6.0,10.0,18.0,17.0,5.0,82.0,2.0,6.0,10.0,6.0
2023-06-10,15.0,1.0,0.0,18.0,9.0,8.0,36.0,31.0,0.0,82.0,0.0,10.0,0.0,7.0,59.0,2.0,3.0,0.0,7.0,9.0,22.0,18.0,5.0,96.0,2.0,18.0,6.0,8.0
2023-06-11,15.0,0.0,0.0,30.0,11.0,6.0,37.0,39.0,0.0,69.0,0.0,6.0,0.0,2.0,62.0,2.0,6.0,1.0,5.0,4.0,13.0,29.0,3.0,94.0,2.0,11.0,8.0,11.0
2023-06-12,18.0,0.0,0.0,21.0,10.0,5.0,29.0,43.0,0.0,67.0,0.0,5.0,1.0,1.0,48.0,1.0,5.0,3.0,7.0,9.0,9.0,19.0,4.0,92.0,3.0,13.0,3.0,17.0
2023-06-13,25.0,0.0,0.0,15.0,7.0,7.0,23.0,29.0,0.0,65.0,0.0,9.0,1.0,4.0,62.0,3.0,5.0,1.0,3.0,6.0,10.0,15.0,2.0,88.0,1.0,11.0,12.0,10.0
2023-06-14,18.0,2.0,0.0,19.0,8.0,3.0,40.0,31.0,0.0,70.0,1.0,5.0,0.0,1.0,56.0,3.0,3.0,1.0,2.0,9.0,19.0,15.0,0.0,98.0,2.0,15.0,7.0,10.0
2023-06-15,16.0,1.0,0.0,21.0,8.0,7.0,36.0,33.0,0.0,58.0,0.0,2.0,0.0,3.0,55.0,1.0,2.0,4.0,3.0,6.0,19.0,16.0,2.0,102.0,3.0,11.0,5.0,7.0
2023-06-16,28.0,0.0,0.0,27.0,8.0,9.0,38.0,37.0,0.0,47.0,0.0,8.0,1.0,0.0,52.0,3.0,3.0,2.0,4.0,7.0,12.0,23.0,3.0,89.0,2.0,12.0,4.0,7.0
2023-06-17,14.0,1.0,0.0,21.0,12.0,4.0,39.0,45.0,0.0,74.0,0.0,9.0,0.0,2.0,48.0,1.0,6.0,1.0,7.0,9.0,16.0,23.0,7.0,100.0,0.0,13.0,7.0,8.0
2023-06-18,29.0,0.0,0.0,21.0,10.0,3.0,33.0,34.0,0.0,66.0,1.0,6.0,0.0,3.0,62.0,2.0,3.0,2.0,3.0,8.0,18.0,13.0,6.0,81.0,1.0,15.0,7.0,8.0
2023-06-19,22.0,1.0,0.0,21.0,12.0,0.0,43.0,46.0,0.0,65.0,0.0,5.0,1.0,0.0,65.0,0.0,4.0,1.0,6.0,8.0,14.0,23.0,2.0,84.0,3.0,10.0,13.0,14.0
2023-06-20,14.0,0.0,0.0,25.0,14.0,1.0,26.0,40.0,0.0,61.0,0.0,9.0,1.0,2.0,50.0,2.0,4.0,1.0,3.0,9.0,15.0,20.0,1.0,86.0,1.0,12.0,11.0,10.0
2023-06-21,17.0,0.0,0.0,19.0,12.0,8.0,36.0,32.0,0.0,69.0,0.0,8.0,0.0,2.0,58.0,0.0,4.0,2.0,2.0,8.0,18.0,20.0,4.0,109.0,0.0,14.0,7.0,11.0
2023-06-22,13.0,3.0,0.0,23.0,4.0,14.0,35.0,41.0,0.0,65.0,0.0,6.0,0.0,2.0,65.0,2.0,3.0,2.0,3.0,4.0,24.0,23.0,4.0,97.0,2.0,14.0,6.0,5.0
2023-06-23,25.0,0.0,0.0,26.0,10.0,11.0,31.0,33.0,0.0,71.0,0.0,7.0,0.0,2.0,58.0,1.0,4.0,1.0,9.0,10.0,17.0,22.0,4.0,80.0,2.0,11.0,7.0,7.0
2023-06-24,20.0,1.0,0.0,30.0,14.0,7.0,41.0,39.0,0.0,66.0,0.0,9.0,0.0,1.0,53.0,3.0,6.0,1.0,4.0,6.0,22.0,26.0,5.0,98.0,0.0,15.0,7.0,9.0
2023-06-25,22.0,1.0,0.0,28.0,15.0,2.0,40.0,38.0,0.0,67.0,0.0,2.0,0.0,2.0,60.0,1.0,2.0,0.0,1.0,9.0,23.0,21.0,7.0,97.0,1.0,10.0,12.0,9.0
2023-06-26,23.0,0.0,0.0,17.0,8.0,5.0,30.0,40.0,0.0,65.0,0.0,6.0,0.0,2.0,54.0,0.0,5.0,0.0,5.0,10.0,17.0,20.0,1.0,96.0,3.0,14.0,6.0,12.0
2023-06-27,23.0,0.0,0.0,28.0,7.0,7.0,31.0,37.0,0.0,59.0,0.0,8.0,0.0,1.0,64.0,0.0,4.0,1.0,2.0,8.0,24.0,19.0,3.0,96.0,1.0,24.0,8.0,14.0
2023-06-28,17.0,1.0,0.0,20.0,13.0,7.0,43.0,39.0,0.0,61.0,0.0,6.0,1.0,1.0,53.0,0.0,5.0,1.0,7.0,9.0,20.0,10.0,1.0,95.0,2.0,12.0,8.0,14.0
2023-06-29,18.0,1.0,0.0,20.0,18.0,5.0,35.0,30.0,0.0,63.0,0.0,6.0,0.0,1.0,56.0,3.0,2.0,3.0,5.0,8.0,20.0,18.0,2.0,87.0,3.0,17.0,5.0,8.0
2023-06-30,21.0,1.0,0.0,18.0,12.0,7.0,30.0,28.0,0.0,59.0,0.0,4.0,0.0,2.0,62.0,2.0,1.0,2.0,6.0,9.0,18.0,18.0,4.0,84.0,1.0,12.0,8.0,9.0
2023-07-01,14.0,1.0,0.0,23.0,4.0,9.0,48.0,33.0,0.0,78.0,0.0,7.0,1.0,2.0,58.0,3.0,5.0,3.0,4.0,7.0,14.0,26.0,4.0,101.0,2.0,15.0,6.0,9.0
2023-07-02,17.0,0.0,0.0,24.0,9.0,6.0,43.0,43.0,0.0,76.0,0.0,8.0,0.0,2.0,58.0,3.0,3.0,0.0,2.0,8.0,17.0,24.0,6.0,82.0,1.0,14.0,7.0,12.0
2023-07-03,22.0,0.0,0.0,22.0,10.0,5.0,33.0,51.0,0.0,59.0,1.0,3.0,1.0,3.0,62.0,1.0,2.0,0.0,1.0,9.0,13.0,16.0,3.0,80.0,1.0,7.0,8.0,11.0
2023-07-04,23.0,1.0,0.0,24.0,5.0,10.0,25.0,33.0,0.0,54.0,0.0,10.0,0.0,2.0,62.0,2.0,7.0,1.0,4.0,3.0,16.0,20.0,1.0,70.0,5.0,13.0,15.0,10.0
2023-07-05,20.0,0.0,0.0,18.0,15.0,6.0,30.0,32.0,0.0,75.0,0.0,6.0,1.0,3.0,48.0,2.0,0.0,2.0,5.0,11.0,18.0,23.0,3.0,96.0,3.0,16.0,5.0,12.0
2023-07-06,21.0,0.0,0.0,29.0,7.0,6.0,37.0,45.0,0.0,60.0,0.0,8.0,0.0,2.0,57.0,4.0,2.0,4.0,4.0,6.0,16.0,12.0,2.0,102.0,1.0,12.0,10.0,7.0
2023-07-07,25.0,1.0,0.0,32.0,6.0,5.0,34.0,32.0,0.0,57.0,0.0,6.0,1.0,3.0,51.0,2.0,6.0,0.0,6.0,3.0,13.0,24.0,2.0,89.0,3.0,18.0,4.0,7.0
2023-07-08,18.0,1.0,0.0,19.0,8.0,2.0,41.0,34.0,0.0,55.0,0.0,9.0,0.0,1.0,63.0,2.0,4.0,2.0,8.0,11.0,9.0,27.0,5.0,95.0,0.0,17.0,4.0,8.0
2023-07-09,16.0,0.0,0.0,26.0,6.0,1.0,37.0,52.0,0.0,79.0,0.0,6.0,0.0,2.0,59.0,4.0,2.0,1.0,7.0,6.0,16.0,27.0,1.0,90.0,0.0,10.0,11.0,10.0
2023-07-10,18.0,3.0,1.0,19.0,7.0,9.0,36.0,33.0,0.0,64.0,0.0,6.0,1.0,1.0,56.0,1.0,4.0,3.0,1.0,11.0,24.0,24.0,3.0,88.0,2.0,11.0,9.0,12.0
2023-07-11,25.0,2.0,0.0,27.0,11.0,6.0,31.0,35.0,0.0,49.0,0.0,9.0,0.0,2.0,64.0,3.0,6.0,1.0,4.0,7.0,14.0,19.0,3.0,103.0,0.0,9.0,5.0,14.0
2023-07-12,24.0,2.0,0.0,18.0,16.0,10.0,47.0,43.0,0.0,71.0,0.0,9.0,0.0,4.0,59.0,2.0,2.0,1.0,7.0,9.0,10.0,17.0,2.0,85.0,4.0,9.0,7.0,14.0
2023-07-13,25.0,1.0,0.0,18.0,5.0,3.0,35.0,36.0,0.0,68.0,0.0,4.0,0.0,1.0,50.0,0.0,2.0,1.0,3.0,9.0,24.0,14.0,8.0,95.0,2.0,11.0,5.0,6.0
2023-07-14,17.0,0.0,0.0,29.0,14.0,7.0,28.0,33.0,0.0,46.0,0.0,6.0,1.0,3.0,52.0,1.0,5.0,2.0,5.0,7.0,19.0,20.0,6.0,86.0,3.0,11.0,7.0,13.0
2023-07-15,23.0,2.0,0.0,22.0,4.0,7.0,46.0,28.0,0.0,59.0,0.0,6.0,0.0,4.0,59.0,2.0,5.0,2.0,4.0,9.0,17.0,28.0,5.0,101.0,1.0,9.0,3.0,12.0
2023-07-16,16.0,1.0,0.0,26.0,7.0,7.0,31.0,46.0,0.0,67.0,1.0,7.0,0.0,0.0,64.0,0.0,2.0,0.0,7.0,9.0,12.0,21.0,3.0,86.0,1.0,10.0,9.0,7.0
2023-07-17,21.0,1.0,0.0,13.0,9.0,7.0,36.0,37.0,0.0,77.0,0.0,15.0,0.0,1.0,57.0,1.0,5.0,2.0,6.0,6.0,23.0,21.0,4.0,74.0,2.0,17.0,7.0,12.0
2023-07-18,32.0,1.0,0.0,22.0,8.0,7.0,36.0,33.0,0.0,64.0,0.0,13.0,0.0,2.0,60.0,1.0,2.0,2.0,3.0,7.0,14.0,22.0,5.0,69.0,1.0,12.0,10.0,13.0
2023-07-19,19.0,1.0,0.0,24.0,13.0,5.0,36.0,34.0,0.0,83.0,0.0,6.0,1.0,2.0,55.0,1.0,2.0,1.0,4.0,6.0,11.0,24.0,3.0,91.0,1.0,22.0,10.0,12.0
2023-07-20,17.0,1.0,0.0,24.0,9.0,4.0,30.0,38.0,0.0,55.0,0.0,1.0,1.0,0.0,54.0,2.0,2.0,1.0,4.0,8.0,24.0,17.0,2.0,92.0,2.0,6.0,10.0,9.0
2023-07-21,23.0,0.0,0.0,25.0,11.0,10.0,37.0,30.0,0.0,60.0,0.0,6.0,0.0,3.0,47.0,2.0,5.0,3.0,7.0,5.0,20.0,23.0,4.0,105.0,2.0,12.0,8.0,8.0
2023-07-22,20.0,0.0,0.0,18.0,10.0,9.0,32.0,36.0,0.0,79.0,0.0,4.0,0.0,5.0,43.0,2.0,2.0,1.0,3.0,10.0,11.0,20.0,7.0,98.0,0.0,9.0,9.0,7.0
2023-07-23,20.0,0.0,1.0,26.0,7.0,7.0,41.0,38.0,0.0,67.0,0.0,4.0,0.0,0.0,62.0,5.0,3.0,1.0,6.0,10.0,24.0,20.0,4.0,92.0,2.0,8.0,8.0,9.0
2023-07-24,27.0,1.0,0.0,20.0,13.0,7.0,31.0,39.0,0.0,56.0,0.0,0.0,0.0,2.0,62.0,1.0,5.0,3.0,3.0,9.0,13.0,20.0,4.0,105.0,1.0,13.0,9.0,7.0
2023-07-25,18.0,1.0,0.0,18.0,6.0,9.0,29.0,30.0,0.0,60.0,0.0,0.0,1.0,1.0,69.0,1.0,7.0,0.0,5.0,7.0,13.0,19.0,0.0,88.0,0.0,8.0,9.0,12.0
2023-07-26,21.0,1.0,0.0,25.0,10.0,5.0,31.0,46.0,0.0,62.0,0.0,0.0,0.0,2.0,59.0,3.0,2.0,2.0,7.0,12.0,12.0,21.0,3.0,18.0,4.0,9.0,4.0,13.0
2023-07-27,20.0,1.0,0.0,23.0,10.0,10.0,29.0,35.0,0.0,56.0,0.0,9.0,0.0,2.0,54.0,2.0,2.0,2.0,2.0,7.0,15.0,20.0,4.0,4.0,3.0,7.0,8.0,5.0
2023-07-28,21.0,1.0,0.0,19.0,7.0,4.0,44.0,33.0,0.0,60.0,0.0,17.0,1.0,1.0,58.0,1.0,4.0,2.0,7.0,13.0,13.0,23.0,5.0,121.0,0.0,17.0,4.0,9.0
2023-07-29,17.0,0.0,0.0,20.0,13.0,2.0,40.0,39.0,0.0,58.0,0.0,10.0,0.0,3.0,62.0,2.0,5.0,2.0,3.0,9.0,9.0,18.0,4.0,144.0,1.0,17.0,9.0,7.0
2023-07-30,24.0,2.0,0.0,9.0,8.0,7.0,39.0,31.0,0.0,82.0,0.0,4.0,0.0,0.0,68.0,5.0,3.0,2.0,5.0,8.0,15.0,20.0,7.0,107.0,1.0,10.0,9.0,11.0
2023-07-31,15.0,0.0,0.0,29.0,10.0,1.0,33.0,37.0,0.0,68.0,0.0,5.0,0.0,3.0,57.0,0.0,2.0,2.0,4.0,6.0,20.0,16.0,2.0,95.0,1.0,15.0,17.0,16.0
2023-08-01,23.0,0.0,1.0,24.0,11.0,6.0,33.0,38.0,0.0,77.0,0.0,6.0,1.0,6.0,46.0,2.0,8.0,3.0,3.0,6.0,15.0,21.0,1.0,86.0,4.0,12.0,6.0,8.0
2023-08-02,19.0,1.0,1.0,13.0,6.0,6.0,36.0,38.0,0.0,75.0,0.0,7.0,0.0,3.0,56.0,0.0,2.0,0.0,6.0,8.0,14.0,22.0,6.0,57.0,1.0,17.0,10.0,11.0
2023-08-03,24.0,1.0,0.0,16.0,7.0,10.0,21.0,39.0,0.0,50.0,0.0,9.0,0.0,1.0,58.0,0.0,2.0,2.0,1.0,10.0,28.0,15.0,1.0,31.0,4.0,16.0,3.0,8.0
2023-08-04,20.0,1.0,0.0,22.0,10.0,5.0,38.0,33.0,0.0,62.0,0.0,7.0,0.0,3.0,42.0,4.0,5.0,0.0,7.0,7.0,23.0,26.0,4.0,105.0,5.0,18.0,5.0,10.0
2023-08-05,24.0,1.0,1.0,16.0,6.0,8.0,48.0,32.0,0.0,76.0,0.0,3.0,0.0,2.0,70.0,1.0,4.0,2.0,4.0,9.0,20.0,18.0,5.0,124.0,0.0,5.0,7.0,9.0
2023-08-06,18.0,3.0,0.0,20.0,7.0,1.0,42.0,41.0,0.0,73.0,0.0,10.0,0.0,3.0,60.0,1.0,3.0,2.0,5.0,7.0,15.0,23.0,4.0,119.0,1.0,9.0,11.0,10.0
2023-08-07,17.0,1.0,0.0,23.0,11.0,13.0,33.0,38.0,0.0,82.0,0.0,5.0,1.0,1.0,58.0,0.0,3.0,1.0,5.0,10.0,12.0,17.0,1.0,110.0,2.0,11.0,2.0,8.0
2023-08-08,13.0,2.0,0.0,24.0,7.0,6.0,31.0,38.0,0.0,22.0,0.0,5.0,1.0,1.0,60.0,1.0,5.0,2.0,6.0,8.0,21.0,18.0,1.0,79.0,2.0,17.0,8.0,12.0
2023-08-09,32.0,2.0,0.0,20.0,12.0,9.0,34.0,24.0,0.0,0.0,0.0,7.0,0.0,2.0,54.0,0.0,4.0,2.0,6.0,6.0,13.0,26.0,2.0,98.0,1.0,9.0,8.0,15.0
2023-08-10,18.0,0.0,0.0,16.0,8.0,2.0,34.0,37.0,0.0,83.0,0.0,8.0,0.0,2.0,58.0,1.0,4.0,2.0,2.0,5.0,27.0,21.0,6.0,95.0,2.0,5.0,8.0,7.0
2023-08-11,18.0,1.0,0.0,27.0,8.0,4.0,38.0,38.0,0.0,79.0,0.0,5.0,1.0,0.0,52.0,3.0,4.0,0.0,12.0,7.0,27.0,21.0,5.0,79.0,1.0,2.0,8.0,10.0
2023-08-12,22.0,1.0,0.0,22.0,10.0,5.0,36.0,37.0,0.0,76.0,1.0,5.0,0.0,1.0,49.0,2.0,2.0,2.0,7.0,9.0,18.0,25.0,7.0,92.0,2.0,12.0,8.0,7.0
2023-08-13,21.0,0.0,0.0,19.0,9.0,7.0,34.0,39.0,0.0,82.0,0.0,8.0,0.0,2.0,69.0,1.0,2.0,2.0,7.0,9.0,24.0,29.0,1.0,76.0,3.0,16.0,5.0,9.0
2023-08-14,24.0,2.0,1.0,18.0,9.0,4.0,29.0,45.0,0.0,72.0,0.0,6.0,0.0,1.0,42.0,0.0,5.0,2.0,6.0,8.0,30.0,22.0,1.0,82.0,1.0,13.0,6.0,11.0
2023-08-15,18.0,1.0,0.0,30.0,6.0,5.0,27.0,30.0,0.0,59.0,0.0,6.0,1.0,1.0,52.0,2.0,6.0,2.0,4.0,7.0,21.0,17.0,2.0,100.0,0.0,5.0,12.0,10.0
2023-08-16,27.0,0.0,0.0,14.0,8.0,6.0,46.0,34.0,0.0,54.0,0.0,2.0,0.0,2.0,52.0,2.0,3.0,3.0,5.0,7.0,18.0,24.0,4.0,98.0,3.0,9.0,8.0,14.0
2023-08-17,20.0,0.0,1.0,22.0,11.0,2.0,29.0,39.0,0.0,56.0,1.0,9.0,0.0,3.0,64.0,1.0,3.0,1.0,7.0,8.0,16.0,22.0,5.0,86.0,3.0,15.0,3.0,6.0
2023-08-18,22.0,1.0,0.0,14.0,5.0,5.0,41.0,33.0,0.0,59.0,0.0,8.0,1.0,1.0,66.0,1.0,4.0,2.0,9.0,8.0,17.0,26.0,6.0,75.0,2.0,17.0,5.0,11.0
2023-08-19,18.0,1.0,0.0,14.0,10.0,10.0,34.0,43.0,0.0,63.0,0.0,4.0,0.0,3.0,51.0,2.0,4.0,2.0,5.0,7.0,17.0,21.0,2.0,88.0,1.0,18.0,8.0,9.0
2023-08-20,16.0,1.0,0.0,13.0,8.0,8.0,33.0,36.0,0.0,71.0,0.0,7.0,0.0,1.0,59.0,2.0,1.0,1.0,4.0,10.0,28.0,20.0,3.0,71.0,2.0,14.0,7.0,9.0
2023-08-21,21.0,1.0,0.0,24.0,10.0,5.0,38.0,42.0,0.0,69.0,0.0,4.0,0.0,0.0,64.0,2.0,5.0,0.0,6.0,7.0,20.0,21.0,1.0,116.0,1.0,12.0,7.0,8.0
2023-08-22,26.0,0.0,0.0,31.0,5.0,2.0,20.0,36.0,0.0,48.0,0.0,6.0,0.0,2.0,60.0,1.0,1.0,0.0,6.0,5.0,21.0,19.0,4.0,85.0,2.0,14.0,13.0,13.0
2023-08-23,17.0,2.0,0.0,31.0,6.0,8.0,36.0,32.0,0.0,48.0,0.0,8.0,0.0,4.0,62.0,2.0,2.0,3.0,4.0,6.0,15.0,21.0,4.0,101.0,0.0,14.0,4.0,12.0
2023-08-24,25.0,0.0,0.0,18.0,8.0,2.0,32.0,28.0,0.0,62.0,0.0,6.0,0.0,2.0,50.0,0.0,2.0,1.0,5.0,8.0,11.0,21.0,2.0,82.0,2.0,11.0,9.0,6.0
2023-08-25,21.0,1.0,0.0,24.0,8.0,5.0,36.0,34.0,0.0,67.0,0.0,7.0,1.0,1.0,58.0,1.0,4.0,2.0,12.0,5.0,26.0,18.0,5.0,84.0,2.0,14.0,8.0,11.0
2023-08-26,16.0,0.0,0.0,32.0,8.0,7.0,34.0,40.0,0.0,63.0,2.0,4.0,0.0,0.0,59.0,6.0,2.0,1.0,1.0,9.0,15.0,19.0,5.0,83.0,0.0,13.0,6.0,7.0
2023-08-27,20.0,0.0,0.0,23.0,9.0,10.0,35.0,34.0,0.0,71.0,2.0,6.0,1.0,1.0,64.0,3.0,3.0,2.0,10.0,9.0,23.0,20.0,1.0,127.0,2.0,19.0,12.0,7.0
2023-08-28,23.0,2.0,0.0,17.0,10.0,5.0,38.0,33.0,0.0,73.0,0.0,3.0,0.0,4.0,64.0,2.0,2.0,1.0,4.0,7.0,30.0,22.0,3.0,114.0,0.0,15.0,7.0,6.0
2023-08-29,20.0,2.0,1.0,19.0,4.0,7.0,35.0,36.0,0.0,68.0,0.0,0.0,0.0,3.0,55.0,1.0,5.0,2.0,6.0,5.0,27.0,14.0,6.0,92.0,2.0,9.0,10.0,13.0
2023-08-30,21.0,1.0,0.0,14.0,10.0,8.0,27.0,35.0,0.0,66.0,0.0,1.0,1.0,3.0,42.0,1.0,1.0,0.0,5.0,7.0,16.0,20.0,1.0,46.0,1.0,9.0,9.0,12.0
2023-08-31,26.0,0.0,1.0,30.0,14.0,6.0,23.0,41.0,0.0,83.0,0.0,19.0,1.0,2.0,69.0,3.0,3.0,2.0,7.0,5.0,13.0,19.0,3.0,75.0,1.0,20.0,4.0,6.0
2023-09-01,15.0,0.0,0.0,32.0,13.0,5.0,45.0,34.0,0.0,59.0,0.0,12.0,0.0,1.0,58.0,1.0,3.0,2.0,5.0,8.0,11.0,22.0,7.0,89.0,4.0,14.0,9.0,7.0
2023-09-02,21.0,2.0,0.0,25.0,8.0,8.0,41.0,40.0,0.0,68.0,0.0,7.0,0.0,0.0,63.0,2.0,7.0,1.0,3.0,9.0,8.0,24.0,3.0,58.0,0.0,12.0,7.0,8.0
2023-09-03,21.0,1.0,0.0,17.0,7.0,5.0,41.0,39.0,0.0,78.0,0.0,18.0,0.0,2.0,58.0,2.0,2.0,1.0,3.0,6.0,12.0,22.0,4.0,17.0,2.0,14.0,8.0,12.0
2023-09-04,23.0,2.0,0.0,14.0,8.0,4.0,33.0,40.0,0.0,67.0,0.0,26.0,1.0,1.0,56.0,0.0,3.0,1.0,7.0,9.0,6.0,21.0,3.0,65.0,2.0,15.0,3.0,11.0
2023-09-05,19.0,0.0,0.0,21.0,5.0,4.0,25.0,30.0,0.0,55.0,0.0,17.0,0.0,1.0,59.0,0.0,8.0,2.0,6.0,7.0,26.0,17.0,1.0,137.0,2.0,5.0,10.0,10.0
2023-09-06,27.0,0.0,0.0,15.0,9.0,9.0,39.0,34.0,0.0,73.0,1.0,14.0,0.0,2.0,44.0,0.0,3.0,4.0,5.0,8.0,23.0,20.0,7.0,113.0,2.0,11.0,5.0,9.0
2023-09-07,17.0,0.0,0.0,20.0,5.0,10.0,35.0,38.0,0.0,54.0,0.0,7.0,0.0,4.0,48.0,3.0,3.0,2.0,3.0,6.0,19.0,26.0,3.0,94.0,3.0,12.0,5.0,10.0
2023-09-08,17.0,1.0,1.0,19.0,13.0,9.0,32.0,33.0,0.0,63.0,0.0,8.0,1.0,2.0,57.0,3.0,5.0,1.0,7.0,9.0,20.0,27.0,2.0,87.0,3.0,13.0,12.0,10.0
2023-09-09,20.0,2.0,0.0,28.0,11.0,6.0,42.0,47.0,0.0,57.0,0.0,11.0,0.0,3.0,63.0,4.0,2.0,2.0,7.0,11.0,13.0,21.0,8.0,92.0,3.0,13.0,6.0,12.0
2023-09-10,17.0,1.0,0.0,24.0,8.0,2.0,39.0,35.0,0.0,74.0,0.0,6.0,0.0,1.0,64.0,2.0,1.0,2.0,4.0,11.0,16.0,16.0,4.0,90.0,1.0,8.0,10.0,8.0
2023-09-11,21.0,0.0,0.0,19.0,8.0,3.0,29.0,40.0,0.0,67.0,0.0,2.0,0.0,0.0,62.0,2.0,2.0,3.0,7.0,9.0,27.0,24.0,4.0,86.0,1.0,9.0,11.0,10.0
2023-09-12,22.0,1.0,0.0,25.0,10.0,4.0,31.0,25.0,0.0,50.0,0.0,5.0,1.0,4.0,52.0,0.0,1.0,1.0,5.0,11.0,12.0,17.0,4.0,94.0,2.0,16.0,7.0,11.0
2023-09-13,22.0,0.0,0.0,20.0,10.0,15.0,31.0,29.0,0.0,62.0,0.0,4.0,0.0,1.0,49.0,2.0,2.0,1.0,2.0,6.0,20.0,14.0,3.0,76.0,0.0,13.0,6.0,10.0
2023-09-14,25.0,1.0,0.0,24.0,6.0,6.0,31.0,42.0,0.0,70.0,0.0,6.0,1.0,2.0,56.0,1.0,4.0,2.0,8.0,5.0,20.0,21.0,0.0,93.0,3.0,19.0,9.0,12.0
2023-09-15,19.0,1.0,0.0,30.0,11.0,0.0,33.0,28.0,0.0,59.0,0.0,6.0,0.0,1.0,63.0,1.0,2.0,2.0,6.0,8.0,18.0,19.0,2.0,81.0,2.0,11.0,10.0,9.0
2023-09-16,13.0,0.0,0.0,20.0,7.0,0.0,48.0,37.0,0.0,73.0,1.0,11.0,0.0,2.0,51.0,2.0,4.0,1.0,4.0,11.0,18.0,23.0,5.0,99.0,1.0,12.0,8.0,9.0
2023-09-17,16.0,0.0,2.0,21.0,8.0,1.0,35.0,43.0,0.0,80.0,1.0,10.0,0.0,1.0,73.0,0.0,6.0,4.0,6.0,9.0,14.0,24.0,3.0,95.0,1.0,15.0,9.0,11.0
2023-09-18,23.0,1.0,2.0,21.0,9.0,10.0,35.0,36.0,0.0,57.0,1.0,4.0,0.0,3.0,71.0,0.0,3.0,1.0,4.0,7.0,19.0,21.0,1.0,89.0,1.0,12.0,7.0,8.0
2023-09-19,22.0,1.0,0.0,19.0,12.0,19.0,19.0,43.0,0.0,57.0,0.0,12.0,1.0,2.0,48.0,2.0,7.0,1.0,1.0,4.0,21.0,17.0,2.0,87.0,3.0,9.0,6.0,10.0
2023-09-20,20.0,1.0,0.0,20.0,9.0,8.0,34.0,33.0,0.0,54.0,0.0,7.0,0.0,4.0,62.0,2.0,2.0,1.0,7.0,7.0,27.0,22.0,3.0,88.0,0.0,12.0,8.0,15.0
2023-09-21,24.0,2.0,0.0,24.0,6.0,7.0,31.0,35.0,0.0,73.0,0.0,3.0,0.0,0.0,67.0,0.0,4.0,2.0,2.0,4.0,18.0,20.0,4.0,99.0,1.0,9.0,6.0,4.0
2023-09-22,16.0,2.0,0.0,21.0,6.0,6.0,46.0,32.0,0.0,64.0,0.0,8.0,0.0,1.0,50.0,3.0,3.0,0.0,6.0,8.0,8.0,20.0,3.0,102.0,1.0,11.0,5.0,9.0
2023-09-23,26.0,1.0,0.0,22.0,7.0,8.0,34.0,40.0,0.0,54.0,0.0,12.0,0.0,1.0,50.0,2.0,2.0,1.0,2.0,6.0,12.0,26.0,8.0,80.0,0.0,17.0,3.0,11.0
2023-09-24,21.0,1.0,1.0,18.0,12.0,4.0,37.0,40.0,0.0,81.0,0.0,5.0,0.0,0.0,58.0,1.0,4.0,2.0,6.0,9.0,19.0,15.0,4.0,88.0,2.0,8.0,10.0,11.0
2023-09-25,15.0,2.0,0.0,22.0,5.0,2.0,32.0,34.0,0.0,66.0,0.0,7.0,1.0,3.0,63.0,1.0,5.0,1.0,5.0,10.0,16.0,16.0,3.0,83.0,1.0,16.0,7.0,7.0
2023-09-26,22.0,2.0,0.0,22.0,14.0,12.0,32.0,34.0,0.0,61.0,0.0,10.0,0.0,4.0,55.0,2.0,4.0,0.0,3.0,7.0,13.0,18.0,3.0,80.0,1.0,9.0,10.0,9.0
2023-09-27,24.0,1.0,0.0,21.0,7.0,5.0,32.0,35.0,0.0,61.0,0.0,6.0,1.0,2.0,42.0,3.0,1.0,2.0,5.0,11.0,22.0,24.0,1.0,78.0,3.0,18.0,9.0,13.0
2023-09-28,24.0,0.0,0.0,27.0,9.0,8.0,33.0,35.0,0.0,51.0,0.0,3.0,0.0,2.0,60.0,4.0,3.0,3.0,4.0,4.0,21.0,24.0,2.0,88.0,0.0,16.0,7.0,9.0
2023-09-29,16.0,2.0,0.0,35.0,2.0,7.0,29.0,32.0,0.0,45.0,0.0,11.0,0.0,0.0,62.0,1.0,4.0,0.0,5.0,7.0,23.0,18.0,4.0,90.0,1.0,5.0,8.0,8.0
2023-09-30,23.0,1.0,0.0,22.0,7.0,6.0,40.0,26.0,0.0,66.0,0.0,2.0,0.0,2.0,56.0,1.0,2.0,3.0,5.0,9.0,15.0,22.0,3.0,97.0,1.0,12.0,6.0,10.0
2023-10-01,19.0,1.0,1.0,14.0,7.0,9.0,40.0,48.0,0.0,70.0,0.0,5.0,0.0,5.0,62.0,1.0,3.0,1.0,7.0,10.0,17.0,22.0,3.0,74.0,1.0,7.0,8.0,10.0
2023-10-02,15.0,2.0,0.0,26.0,7.0,9.0,36.0,37.0,0.0,66.0,0.0,3.0,1.0,0.0,52.0,1.0,4.0,2.0,1.0,10.0,15.0,23.0,5.0,80.0,2.0,8.0,16.0,12.0
2023-10-03,25.0,2.0,0.0,19.0,9.0,6.0,34.0,38.0,0.0,58.0,0.0,1.0,1.0,3.0,56.0,4.0,4.0,3.0,7.0,5.0,16.0,19.0,3.0,78.0,3.0,11.0,8.0,5.0
2023-10-04,16.0,1.0,0.0,15.0,11.0,8.0,24.0,31.0,0.0,58.0,0.0,1.0,1.0,4.0,53.0,3.0,1.0,2.0,6.0,7.0,15.0,13.0,3.0,25.0,1.0,8.0,9.0,12.0
2023-10-05,19.0,1.0,0.0,16.0,8.0,7.0,37.0,33.0,0.0,44.0,1.0,15.0,0.0,1.0,51.0,2.0,2.0,1.0,5.0,8.0,22.0,30.0,4.0,6.0,2.0,3.0,6.0,8.0
2023-10-06,33.0,0.0,0.0,19.0,6.0,1.0,33.0,30.0,0.0,58.0,0.0,48.0,1.0,0.0,59.0,1.0,7.0,1.0,7.0,11.0,18.0,22.0,2.0,87.0,3.0,1.0,7.0,8.0
2023-10-07,19.0,1.0,0.0,14.0,8.0,4.0,46.0,47.0,0.0,40.0,1.0,24.0,0.0,0.0,53.0,4.0,2.0,2.0,1.0,10.0,19.0,20.0,3.0,87.0,0.0,12.0,6.0,16.0
2023-10-08,17.0,0.0,0.0,13.0,13.0,4.0,38.0,43.0,0.0,44.0,0.0,20.0,0.0,3.0,64.0,2.0,4.0,1.0,2.0,6.0,15.0,21.0,2.0,71.0,1.0,9.0,9.0,4.0
2023-10-09,19.0,3.0,1.0,22.0,6.0,7.0,32.0,39.0,0.0,39.0,0.0,6.0,0.0,1.0,58.0,0.0,2.0,1.0,3.0,12.0,21.0,20.0,2.0,51.0,1.0,13.0,12.0,14.0
2023-10-10,19.0,1.0,0.0,19.0,12.0,8.0,39.0,29.0,0.0,51.0,0.0,6.0,0.0,4.0,57.0,2.0,4.0,0.0,11.0,8.0,14.0,20.0,4.0,51.0,3.0,7.0,13.0,12.0
2023-10-11,19.0,0.0,0.0,20.0,6.0,2.0,36.0,47.0,0.0,52.0,0.0,7.0,1.0,2.0,44.0,0.0,2.0,0.0,8.0,7.0,14.0,23.0,2.0,80.0,0.0,9.0,9.0,12.0
2023-10-12,25.0,0.0,0.0,21.0,10.0,7.0,28.0,37.0,0.0,45.0,0.0,5.0,1.0,2.0,52.0,0.0,3.0,2.0,7.0,5.0,12.0,17.0,3.0,82.0,1.0,11.0,4.0,4.0
2023-10-13,17.0,0.0,0.0,22.0,6.0,6.0,36.0,31.0,0.0,48.0,0.0,6.0,0.0,1.0,37.0,5.0,2.0,4.0,4.0,9.0,24.0,27.0,2.0,75.0,3.0,16.0,9.0,11.0
2023-10-14,23.0,1.0,0.0,19.0,9.0,10.0,44.0,44.0,0.0,47.0,0.0,7.0,0.0,2.0,58.0,3.0,7.0,2.0,3.0,12.0,24.0,20.0,4.0,95.0,1.0,4.0,7.0,10.0
2023-10-15,20.0,3.0,0.0,27.0,10.0,7.0,32.0,32.0,0.0,67.0,2.0,8.0,0.0,0.0,62.0,0.0,2.0,1.0,5.0,10.0,18.0,25.0,1.0,93.0,1.0,8.0,10.0,12.0
2023-10-16,19.0,1.0,1.0,21.0,10.0,10.0,32.0,45.0,0.0,51.0,0.0,9.0,0.0,2.0,58.0,1.0,6.0,2.0,4.0,6.0,25.0,21.0,5.0,73.0,2.0,9.0,9.0,11.0
2023-10-17,28.0,0.0,1.0,26.0,11.0,8.0,34.0,37.0,0.0,51.0,0.0,8.0,1.0,3.0,47.0,1.0,7.0,2.0,8.0,8.0,14.0,15.0,2.0,70.0,2.0,9.0,9.0,12.0
2023-10-18,16.0,1.0,0.0,21.0,8.0,5.0,27.0,24.0,0.0,55.0,0.0,9.0,0.0,0.0,48.0,1.0,0.0,3.0,4.0,6.0,6.0,16.0,2.0,75.0,1.0,11.0,8.0,9.0
2023-10-19,21.0,1.0,0.0,25.0,8.0,8.0,28.0,40.0,0.0,52.0,0.0,3.0,0.0,1.0,52.0,4.0,4.0,2.0,4.0,7.0,20.0,21.0,3.0,91.0,2.0,7.0,9.0,8.0
2023-10-20,14.0,1.0,0.0,20.0,8.0,9.0,51.0,36.0,0.0,45.0,0.0,9.0,1.0,2.0,60.0,3.0,4.0,2.0,5.0,7.0,22.0,18.0,4.0,76.0,2.0,9.0,6.0,14.0
2023-10-21,21.0,1.0,0.0,25.0,4.0,3.0,34.0,33.0,0.0,48.0,0.0,4.0,0.0,3.0,74.0,0.0,0.0,1.0,3.0,10.0,13.0,21.0,4.0,88.0,2.0,10.0,9.0,9.0
2023-10-22,18.0,1.0,0.0,20.0,8.0,4.0,25.0,22.0,0.0,52.0,0.0,13.0,0.0,2.0,57.0,3.0,4.0,1.0,1.0,12.0,19.0,28.0,3.0,80.0,3.0,4.0,4.0,7.0
2023-10-23,16.0,0.0,0.0,21.0,6.0,6.0,40.0,38.0,0.0,66.0,0.0,5.0,0.0,2.0,49.0,0.0,2.0,1.0,7.0,11.0,15.0,16.0,4.0,84.0,3.0,13.0,12.0,8.0
2023-10-24,18.0,0.0,0.0,30.0,6.0,8.0,34.0,43.0,0.0,60.0,1.0,11.0,1.0,1.0,50.0,2.0,2.0,2.0,6.0,5.0,19.0,17.0,3.0,84.0,0.0,12.0,10.0,13.0
2023-10-25,23.0,1.0,0.0,20.0,14.0,5.0,36.0,38.0,0.0,59.0,1.0,6.0,1.0,2.0,39.0,1.0,4.0,3.0,4.0,8.0,21.0,22.0,1.0,86.0,1.0,6.0,8.0,12.0
2023-10-26,15.0,1.0,0.0,23.0,8.0,10.0,30.0,36.0,0.0,51.0,0.0,8.0,0.0,1.0,51.0,5.0,0.0,2.0,10.0,8.0,13.0,14.0,2.0,85.0,0.0,15.0,6.0,10.0
2023-10-27,23.0,0.0,1.0,28.0,9.0,5.0,34.0,37.0,0.0,50.0,0.0,5.0,0.0,3.0,57.0,1.0,6.0,3.0,8.0,6.0,12.0,20.0,7.0,81.0,2.0,8.0,6.0,10.0
2023-10-28,23.0,2.0,0.0,22.0,7.0,8.0,28.0,24.0,0.0,70.0,0.0,5.0,0.0,1.0,47.0,2.0,3.0,0.0,3.0,10.0,8.0,21.0,1.0,91.0,0.0,11.0,8.0,11.0
2023-10-29,15.0,1.0,1.0,24.0,3.0,0.0,32.0,40.0,0.0,66.0,0.0,8.0,0.0,3.0,62.0,2.0,2.0,0.0,4.0,13.0,11.0,18.0,5.0,101.0,2.0,6.0,7.0,9.0
2023-10-30,14.0,1.0,0.0,30.0,8.0,6.0,29.0,36.0,0.0,47.0,1.0,12.0,0.0,2.0,54.0,2.0,4.0,0.0,4.0,7.0,16.0,25.0,4.0,84.0,2.0,11.0,13.0,11.0
2023-10-31,16.0,0.0,0.0,20.0,8.0,3.0,28.0,33.0,0.0,58.0,1.0,6.0,1.0,2.0,59.0,1.0,6.0,0.0,6.0,7.0,17.0,19.0,0.0,99.0,2.0,13.0,11.0,6.0
2023-11-01,20.0,1.0,0.0,25.0,13.0,9.0,31.0,36.0,0.0,74.0,0.0,4.0,0.0,1.0,54.0,0.0,1.0,2.0,2.0,6.0,18.0,13.0,1.0,73.0,1.0,9.0,5.0,12.0
2023-11-02,28.0,1.0,0.0,31.0,8.0,2.0,17.0,38.0,0.0,60.0,0.0,4.0,0.0,1.0,58.0,1.0,2.0,3.0,4.0,7.0,15.0,22.0,4.0,82.0,2.0,13.0,8.0,14.0
2023-11-03,19.0,0.0,0.0,26.0,5.0,7.0,18.0,31.0,0.0,51.0,0.0,5.0,0.0,4.0,41.0,2.0,4.0,1.0,7.0,4.0,13.0,18.0,4.0,102.0,2.0,19.0,7.0,7.0
2023-11-04,24.0,0.0,0.0,26.0,5.0,8.0,27.0,27.0,0.0,56.0,0.0,6.0,1.0,2.0,56.0,2.0,4.0,0.0,3.0,9.0,10.0,23.0,3.0,86.0,2.0,13.0,3.0,10.0
2023-11-05,19.0,1.0,0.0,25.0,10.0,5.0,34.0,29.0,0.0,70.0,0.0,9.0,0.0,2.0,55.0,2.0,3.0,0.0,5.0,11.0,8.0,18.0,5.0,90.0,1.0,6.0,8.0,8.0
2023-11-06,13.0,0.0,0.0,22.0,5.0,5.0,23.0,35.0,0.0,50.0,1.0,9.0,1.0,0.0,62.0,2.0,8.0,2.0,3.0,10.0,8.0,17.0,4.0,87.0,1.0,4.0,6.0,12.0
2023-11-07,17.0,2.0,0.0,23.0,4.0,8.0,25.0,30.0,0.0,48.0,0.0,6.0,0.0,1.0,54.0,2.0,3.0,2.0,7.0,5.0,13.0,21.0,3.0,92.0,0.0,6.0,18.0,14.0
2023-11-08,14.0,0.0,0.0,37.0,10.0,4.0,32.0,49.0,0.0,58.0,0.0,5.0,0.0,2.0,49.0,0.0,1.0,3.0,9.0,7.0,8.0,17.0,3.0,100.0,0.0,10.0,5.0,10.0
2023-11-09,22.0,1.0,0.0,16.0,6.0,4.0,57.0,41.0,0.0,52.0,0.0,3.0,1.0,3.0,54.0,4.0,4.0,1.0,5.0,6.0,9.0,15.0,2.0,79.0,4.0,9.0,8.0,12.0
2023-11-10,12.0,2.0,0.0,23.0,11.0,5.0,31.0,37.0,0.0,54.0,0.0,6.0,0.0,2.0,60.0,3.0,3.0,1.0,4.0,7.0,19.0,14.0,3.0,91.0,1.0,12.0,7.0,9.0
2023-11-11,23.0,0.0,0.0,26.0,6.0,6.0,31.0,36.0,0.0,53.0,0.0,7.0,0.0,3.0,57.0,1.0,2.0,2.0,2.0,7.0,13.0,19.0,6.0,93.0,2.0,11.0,5.0,12.0
2023-11-12,16.0,1.0,0.0,20.0,11.0,3.0,39.0,34.0,0.0,56.0,0.0,8.0,0.0,0.0,54.0,7.0,0.0,1.0,9.0,7.0,15.0,20.0,1.0,88.0,2.0,6.0,2.0,8.0
2023-11-13,19.0,0.0,1.0,17.0,8.0,9.0,35.0,49.0,0.0,50.0,1.0,4.0,0.0,2.0,68.0,0.0,6.0,0.0,4.0,8.0,19.0,22.0,2.0,79.0,2.0,9.0,10.0,10.0
2023-11-14,20.0,1.0,0.0,27.0,10.0,6.0,26.0,46.0,0.0,48.0,0.0,14.0,0.0,3.0,54.0,2.0,3.0,0.0,0.0,5.0,18.0,28.0,3.0,80.0,0.0,4.0,11.0,9.0
2023-11-15,17.0,1.0,0.0,20.0,6.0,5.0,34.0,40.0,0.0,68.0,0.0,6.0,1.0,4.0,49.0,1.0,1.0,1.0,5.0,8.0,9.0,26.0,3.0,95.0,1.0,11.0,8.0,10.0
2023-11-16,22.0,1.0,0.0,24.0,14.0,6.0,37.0,37.0,0.0,52.0,0.0,3.0,0.0,0.0,60.0,0.0,4.0,1.0,8.0,5.0,11.0,24.0,6.0,87.0,0.0,4.0,5.0,8.0
2023-11-17,24.0,2.0,0.0,23.0,7.0,7.0,35.0,37.0,0.0,49.0,1.0,5.0,1.0,3.0,60.0,3.0,5.0,3.0,4.0,10.0,15.0,19.0,3.0,73.0,2.0,4.0,10.0,7.0
2023-11-18,24.0,2.0,1.0,17.0,4.0,4.0,34.0,36.0,0.0,34.0,0.0,8.0,0.0,4.0,61.0,3.0,0.0,0.0,6.0,9.0,12.0,18.0,4.0,92.0,2.0,4.0,4.0,9.0
2023-11-19,23.0,2.0,0.0,31.0,0.0,5.0,37.0,36.0,0.0,67.0,0.0,10.0,0.0,0.0,62.0,4.0,1.0,0.0,3.0,8.0,11.0,17.0,5.0,72.0,0.0,8.0,6.0,12.0
2023-11-20,18.0,0.0,0.0,22.0,11.0,10.0,35.0,40.0,0.0,46.0,0.0,7.0,1.0,2.0,57.0,1.0,5.0,2.0,4.0,8.0,10.0,16.0,3.0,76.0,2.0,3.0,10.0,11.0
2023-11-21,22.0,0.0,0.0,31.0,10.0,8.0,32.0,34.0,0.0,55.0,0.0,6.0,0.0,1.0,53.0,1.0,1.0,2.0,3.0,5.0,10.0,22.0,3.0,74.0,2.0,6.0,10.0,12.0
2023-11-22,20.0,2.0,0.0,22.0,8.0,3.0,37.0,35.0,0.0,65.0,0.0,4.0,0.0,2.0,42.0,0.0,3.0,1.0,4.0,7.0,9.0,17.0,3.0,91.0,2.0,6.0,8.0,13.0
2023-11-23,14.0,0.0,0.0,21.0,9.0,1.0,29.0,42.0,0.0,59.0,0.0,16.0,1.0,2.0,53.0,4.0,5.0,2.0,3.0,8.0,11.0,21.0,1.0,104.0,1.0,6.0,8.0,12.0
2023-11-24,20.0,0.0,0.0,32.0,9.0,9.0,42.0,27.0,0.0,64.0,0.0,5.0,0.0,2.0,59.0,2.0,2.0,3.0,3.0,8.0,11.0,23.0,1.0,90.0,2.0,2.0,7.0,9.0
2023-11-25,16.0,0.0,0.0,30.0,5.0,6.0,40.0,37.0,0.0,46.0,0.0,12.0,0.0,2.0,56.0,1.0,4.0,1.0,6.0,8.0,12.0,17.0,3.0,90.0,0.0,12.0,8.0,9.0
2023-11-26,18.0,1.0,0.0,22.0,3.0,3.0,39.0,39.0,0.0,62.0,1.0,11.0,0.0,3.0,62.0,3.0,6.0,1.0,2.0,9.0,8.0,21.0,7.0,82.0,1.0,11.0,7.0,12.0
2023-11-27,14.0,2.0,0.0,28.0,9.0,4.0,39.0,32.0,0.0,69.0,0.0,9.0,1.0,2.0,55.0,2.0,6.0,1.0,3.0,8.0,10.0,19.0,7.0,95.0,2.0,4.0,6.0,8.0
2023-11-28,16.0,0.0,0.0,29.0,2.0,5.0,23.0,27.0,0.0,57.0,0.0,11.0,0.0,2.0,57.0,3.0,1.0,0.0,1.0,10.0,13.0,15.0,1.0,86.0,2.0,3.0,7.0,14.0
2023-11-29,12.0,0.0,0.0,19.0,7.0,5.0,31.0,38.0,0.0,54.0,0.0,4.0,1.0,1.0,60.0,2.0,4.0,2.0,7.0,4.0,15.0,21.0,3.0,75.0,0.0,6.0,6.0,15.0
2023-11-30,15.0,3.0,1.0,29.0,4.0,7.0,29.0,36.0,0.0,63.0,0.0,9.0,0.0,2.0,57.0,2.0,2.0,1.0,3.0,7.0,7.0,21.0,2.0,76.0,2.0,7.0,12.0,4.0
2023-12-01,16.0,1.0,0.0,25.0,9.0,4.0,41.0,34.0,0.0,58.0,0.0,13.0,0.0,4.0,43.0,2.0,5.0,1.0,11.0,8.0,12.0,18.0,6.0,90.0,1.0,8.0,8.0,6.0
2023-12-02,22.0,0.0,0.0,22.0,3.0,6.0,36.0,32.0,0.0,63.0,0.0,6.0,0.0,1.0,56.0,4.0,2.0,1.0,3.0,8.0,8.0,17.0,1.0,91.0,1.0,12.0,9.0,14.0
2023-12-03,18.0,1.0,0.0,21.0,4.0,3.0,39.0,39.0,0.0,68.0,0.0,7.0,0.0,5.0,76.0,2.0,3.0,1.0,7.0,6.0,13.0,11.0,6.0,100.0,0.0,13.0,8.0,7.0
2023-12-04,14.0,1.0,0.0,30.0,8.0,7.0,32.0,38.0,0.0,57.0,0.0,4.0,1.0,0.0,51.0,1.0,4.0,1.0,6.0,9.0,10.0,16.0,2.0,84.0,1.0,5.0,4.0,9.0
2023-12-05,9.0,0.0,0.0,24.0,6.0,8.0,23.0,32.0,0.0,55.0,1.0,6.0,1.0,0.0,62.0,4.0,4.0,1.0,3.0,8.0,16.0,18.0,4.0,87.0,2.0,5.0,9.0,9.0
2023-12-06,11.0,0.0,0.0,18.0,16.0,4.0,31.0,32.0,0.0,71.0,0.0,7.0,0.0,3.0,51.0,1.0,3.0,1.0,10.0,8.0,22.0,21.0,2.0,86.0,2.0,6.0,9.0,9.0
2023-12-07,15.0,1.0,0.0,23.0,11.0,4.0,41.0,37.0,0.0,66.0,0.0,8.0,0.0,3.0,64.0,1.0,2.0,2.0,4.0,7.0,18.0,20.0,1.0,102.0,1.0,6.0,5.0,9.0
2023-12-08,22.0,0.0,0.0,20.0,6.0,6.0,33.0,34.0,0.0,62.0,1.0,7.0,0.0,2.0,64.0,1.0,5.0,1.0,4.0,8.0,8.0,19.0,4.0,92.0,1.0,14.0,6.0,9.0
2023-12-09,15.0,0.0,0.0,21.0,8.0,2.0,31.0,37.0,0.0,53.0,0.0,11.0,0.0,4.0,60.0,3.0,3.0,0.0,10.0,7.0,10.0,17.0,2.0,107.0,3.0,10.0,0.0,7.0
2023-12-10,15.0,0.0,1.0,20.0,11.0,12.0,26.0,31.0,0.0,67.0,0.0,6.0,0.0,2.0,57.0,1.0,5.0,1.0,6.0,10.0,9.0,12.0,5.0,88.0,3.0,9.0,13.0,9.0
2023-12-11,11.0,1.0,0.0,13.0,7.0,11.0,39.0,40.0,0.0,68.0,0.0,3.0,0.0,2.0,49.0,2.0,8.0,2.0,4.0,2.0,15.0,16.0,4.0,74.0,1.0,7.0,13.0,12.0
2023-12-12,21.0,1.0,0.0,23.0,10.0,7.0,39.0,27.0,0.0,51.0,0.0,10.0,1.0,3.0,55.0,1.0,3.0,3.0,6.0,4.0,10.0,30.0,3.0,92.0,3.0,4.0,11.0,8.0
2023-12-13,14.0,1.0,0.0,30.0,6.0,11.0,34.0,28.0,0.0,58.0,0.0,4.0,0.0,4.0,64.0,1.0,0.0,1.0,5.0,7.0,9.0,16.0,0.0,74.0,2.0,3.0,6.0,13.0
2023-12-14,21.0,1.0,0.0,13.0,12.0,4.0,30.0,35.0,0.0,52.0,0.0,5.0,1.0,4.0,50.0,3.0,2.0,2.0,1.0,8.0,11.0,15.0,6.0,93.0,1.0,10.0,4.0,5.0
2023-12-15,13.0,1.0,0.0,24.0,9.0,8.0,48.0,35.0,0.0,60.0,1.0,11.0,1.0,1.0,69.0,4.0,2.0,1.0,8.0,9.0,13.0,14.0,2.0,79.0,0.0,7.0,6.0,11.0
2023-12-16,9.0,0.0,0.0,13.0,5.0,6.0,33.0,38.0,0.0,50.0,0.0,6.0,0.0,1.0,57.0,2.0,3.0,1.0,4.0,8.0,10.0,13.0,2.0,64.0,1.0,3.0,3.0,6.0
2023-12-17,10.0,0.0,0.0,20.0,13.0,6.0,32.0,45.0,0.0,36.0,0.0,2.0,0.0,0.0,59.0,3.0,5.0,2.0,3.0,8.0,9.0,19.0,4.0,78.0,3.0,2.0,8.0,10.0
2023-12-18,3.0,3.0,0.0,33.0,4.0,11.0,36.0,46.0,0.0,51.0,1.0,8.0,0.0,2.0,53.0,1.0,6.0,1.0,3.0,8.0,14.0,17.0,3.0,86.0,1.0,9.0,7.0,11.0
2023-12-19,4.0,1.0,0.0,21.0,5.0,3.0,33.0,37.0,0.0,39.0,0.0,8.0,0.0,5.0,67.0,0.0,5.0,0.0,6.0,6.0,9.0,14.0,3.0,83.0,5.0,6.0,10.0,6.0
2023-12-20,3.0,0.0,0.0,20.0,10.0,10.0,37.0,32.0,0.0,65.0,1.0,6.0,2.0,5.0,38.0,3.0,2.0,1.0,3.0,7.0,9.0,15.0,2.0,81.0,0.0,4.0,9.0,10.0
2023-12-21,2.0,1.0,0.0,25.0,6.0,7.0,32.0,43.0,0.0,47.0,1.0,0.0,0.0,1.0,71.0,4.0,4.0,1.0,3.0,5.0,16.0,13.0,2.0,68.0,0.0,1.0,6.0,15.0
2023-12-22,4.0,1.0,0.0,23.0,14.0,9.0,37.0,39.0,0.0,56.0,0.0,3.0,0.0,2.0,44.0,3.0,4.0,2.0,1.0,8.0,12.0,12.0,3.0,73.0,0.0,5.0,10.0,14.0
2023-12-23,5.0,3.0,0.0,27.0,12.0,6.0,27.0,43.0,0.0,56.0,0.0,15.0,0.0,2.0,69.0,3.0,2.0,0.0,12.0,8.0,12.0,10.0,5.0,98.0,1.0,13.0,6.0,7.0
2023-12-24,6.0,0.0,0.0,21.0,5.0,7.0,25.0,31.0,0.0,73.0,0.0,3.0,1.0,3.0,61.0,2.0,4.0,1.0,7.0,8.0,11.0,8.0,4.0,81.0,2.0,9.0,5.0,10.0
2023-12-25,3.0,0.0,0.0,25.0,8.0,11.0,23.0,32.0,0.0,54.0,0.0,5.0,0.0,0.0,44.0,1.0,4.0,2.0,1.0,10.0,9.0,11.0,7.0,89.0,2.0,6.0,7.0,11.0
2023-12-26,4.0,2.0,0.0,22.0,8.0,16.0,27.0,33.0,0.0,60.0,0.0,15.0,1.0,4.0,54.0,3.0,3.0,4.0,4.0,6.0,7.0,7.0,2.0,76.0,1.0,6.0,10.0,9.0
2023-12-27,2.0,2.0,0.0,22.0,6.0,17.0,21.0,30.0,0.0,48.0,0.0,12.0,0.0,3.0,56.0,2.0,0.0,0.0,5.0,4.0,19.0,7.0,5.0,88.0,0.0,10.0,6.0,6.0
2023-12-28,4.0,0.0,0.0,25.0,5.0,22.0,26.0,31.0,0.0,61.0,0.0,8.0,0.0,1.0,52.0,2.0,6.0,0.0,4.0,5.0,18.0,12.0,4.0,107.0,2.0,10.0,5.0,7.0
2023-12-29,6.0,2.0,0.0,29.0,12.0,23.0,10.0,31.0,0.0,48.0,0.0,6.0,0.0,2.0,49.0,4.0,2.0,0.0,4.0,5.0,10.0,13.0,1.0,72.0,0.0,4.0,7.0,13.0
2023-12-30,5.0,1.0,0.0,25.0,7.0,19.0,38.0,27.0,0.0,44.0,1.0,7.0,1.0,2.0,48.0,0.0,1.0,3.0,3.0,12.0,9.0,10.0,4.0,69.0,1.0,5.0,8.0,6.0
2023-12-31,5.0,1.0,0.0,27.0,8.0,18.0,29.0,28.0,0.0,46.0,0.0,7.0,0.0,2.0,50.0,2.0,5.0,0.0,4.0,6.0,14.0,7.0,3.0,87.0,0.0,5.0,6.0,9.0
2024-01-01,3.0,3.0,0.0,27.0,7.0,19.0,14.0,40.0,0.0,50.0,1.0,6.0,0.0,0.0,48.0,1.0,6.0,2.0,3.0,8.0,5.0,7.0,0.0,75.0,2.0,6.0,9.0,12.0
2024-01-02,4.0,0.0,0.0,32.0,10.0,22.0,33.0,20.0,0.0,59.0,0.0,8.0,1.0,2.0,51.0,0.0,3.0,1.0,3.0,5.0,10.0,12.0,4.0,94.0,3.0,1.0,12.0,7.0
2024-01-03,4.0,0.0,0.0,25.0,11.0,22.0,29.0,20.0,0.0,53.0,1.0,5.0,0.0,2.0,42.0,3.0,3.0,2.0,1.0,6.0,17.0,7.0,5.0,76.0,1.0,4.0,9.0,8.0
2024-01-04,6.0,1.0,0.0,27.0,5.0,21.0,29.0,24.0,0.0,54.0,0.0,2.0,0.0,3.0,57.0,2.0,4.0,1.0,1.0,8.0,10.0,7.0,2.0,94.0,2.0,10.0,7.0,8.0
2024-01-05,2.0,1.0,0.0,26.0,11.0,22.0,38.0,28.0,0.0,58.0,1.0,5.0,0.0,2.0,51.0,2.0,6.0,2.0,4.0,5.0,11.0,7.0,5.0,99.0,2.0,10.0,8.0,11.0
2024-01-06,8.0,2.0,0.0,27.0,6.0,18.0,50.0,33.0,0.0,70.0,1.0,5.0,0.0,1.0,48.0,1.0,0.0,2.0,9.0,6.0,16.0,12.0,5.0,105.0,4.0,4.0,4.0,13.0
2024-01-07,6.0,1.0,0.0,30.0,9.0,10.0,33.0,35.0,0.0,62.0,0.0,7.0,0.0,1.0,48.0,5.0,2.0,1.0,7.0,10.0,13.0,13.0,1.0,89.0,2.0,7.0,9.0,10.0
2024-01-08,3.0,0.0,0.0,24.0,5.0,19.0,35.0,31.0,0.0,65.0,0.0,5.0,0.0,1.0,53.0,0.0,4.0,0.0,3.0,4.0,10.0,21.0,1.0,79.0,2.0,14.0,7.0,10.0
2024-01-09,6.0,1.0,0.0,16.0,3.0,18.0,26.0,31.0,0.0,52.0,0.0,11.0,0.0,3.0,45.0,0.0,7.0,1.0,4.0,8.0,5.0,9.0,6.0,95.0,0.0,3.0,7.0,11.0
2024-01-10,4.0,1.0,0.0,22.0,6.0,19.0,32.0,32.0,0.0,64.0,0.0,2.0,1.0,3.0,47.0,2.0,4.0,0.0,4.0,8.0,12.0,8.0,3.0,96.0,0.0,8.0,5.0,9.0
2024-01-11,5.0,1.0,0.0,16.0,9.0,23.0,27.0,35.0,0.0,58.0,0.0,3.0,1.0,2.0,58.0,1.0,4.0,0.0,6.0,4.0,10.0,6.0,1.0,92.0,1.0,7.0,5.0,5.0
2024-01-12,2.0,2.0,0.0,22.0,12.0,24.0,46.0,34.0,0.0,61.0,0.0,10.0,0.0,3.0,50.0,3.0,2.0,0.0,6.0,6.0,9.0,7.0,7.0,117.0,4.0,11.0,8.0,11.0
2024-01-13,6.0,3.0,0.0,18.0,5.0,17.0,34.0,37.0,0.0,57.0,0.0,7.0,0.0,2.0,55.0,4.0,5.0,1.0,5.0,9.0,14.0,9.0,2.0,76.0,1.0,8.0,11.0,14.0
2024-01-14,2.0,1.0,0.0,19.0,11.0,9.0,39.0,42.0,0.0,61.0,0.0,7.0,0.0,3.0,46.0,3.0,0.0,4.0,3.0,8.0,14.0,10.0,6.0,93.0,0.0,7.0,7.0,11.0
2024-01-15,3.0,0.0,0.0,23.0,7.0,17.0,32.0,36.0,0.0,57.0,0.0,8.0,0.0,0.0,63.0,1.0,5.0,1.0,3.0,4.0,16.0,8.0,8.0,82.0,1.0,9.0,6.0,4.0
2024-01-16,3.0,1.0,0.0,25.0,9.0,13.0,34.0,30.0,0.0,54.0,0.0,9.0,2.0,0.0,56.0,2.0,4.0,2.0,4.0,6.0,20.0,7.0,3.0,77.0,1.0,8.0,8.0,10.0
2024-01-17,3.0,2.0,0.0,25.0,6.0,15.0,40.0,36.0,0.0,64.0,0.0,4.0,0.0,1.0,55.0,1.0,4.0,0.0,5.0,12.0,21.0,14.0,3.0,91.0,1.0,11.0,8.0,11.0
2024-01-18,2.0,1.0,0.0,29.0,11.0,14.0,42.0,40.0,0.0,65.0,0.0,10.0,0.0,1.0,68.0,1.0,2.0,1.0,7.0,7.0,12.0,10.0,5.0,80.0,3.0,11.0,9.0,6.0
2024-01-19,7.0,0.0,0.0,22.0,7.0,14.0,29.0,28.0,0.0,51.0,1.0,5.0,0.0,5.0,59.0,2.0,6.0,1.0,2.0,4.0,15.0,8.0,6.0,106.0,0.0,12.0,8.0,13.0
2024-01-20,4.0,0.0,0.0,18.0,7.0,13.0,34.0,33.0,0.0,47.0,0.0,8.0,0.0,1.0,48.0,1.0,1.0,1.0,3.0,3.0,18.0,11.0,3.0,104.0,2.0,12.0,4.0,6.0
2024-01-21,4.0,1.0,0.0,20.0,7.0,19.0,22.0,28.0,0.0,69.0,0.0,8.0,0.0,3.0,65.0,2.0,1.0,5.0,5.0,5.0,13.0,11.0,5.0,93.0,0.0,9.0,8.0,10.0
2024-01-22,3.0,0.0,0.0,17.0,8.0,7.0,23.0,35.0,0.0,45.0,0.0,7.0,0.0,2.0,51.0,1.0,7.0,4.0,4.0,9.0,18.0,7.0,3.0,79.0,3.0,9.0,4.0,11.0
2024-01-23,3.0,2.0,0.0,17.0,9.0,21.0,26.0,35.0,0.0,42.0,1.0,4.0,0.0,0.0,70.0,3.0,2.0,1.0,4.0,8.0,20.0,8.0,6.0,81.0,0.0,6.0,11.0,10.0
2024-01-24,3.0,1.0,0.0,22.0,8.0,15.0,29.0,28.0,0.0,60.0,0.0,6.0,0.0,3.0,52.0,2.0,0.0,2.0,3.0,5.0,17.0,9.0,6.0,85.0,4.0,6.0,9.0,15.0
2024-01-25,6.0,1.0,0.0,26.0,9.0,19.0,33.0,29.0,0.0,78.0,1.0,11.0,0.0,3.0,61.0,3.0,4.0,1.0,2.0,6.0,12.0,7.0,2.0,84.0,2.0,4.0,9.0,7.0
2024-01-26,0.0,0.0,0.0,23.0,7.0,19.0,36.0,33.0,0.0,59.0,0.0,7.0,1.0,2.0,68.0,2.0,2.0,3.0,3.0,8.0,17.0,9.0,4.0,76.0,3.0,12.0,7.0,12.0
2024-01-27,2.0,0.0,0.0,22.0,11.0,13.0,39.0,36.0,0.0,60.0,0.0,8.0,1.0,0.0,53.0,3.0,1.0,2.0,4.0,7.0,10.0,4.0,6.0,78.0,0.0,18.0,6.0,13.0
2024-01-28,4.0,2.0,0.0,26.0,5.0,19.0,42.0,35.0,0.0,74.0,0.0,5.0,0.0,0.0,60.0,5.0,2.0,2.0,5.0,7.0,17.0,12.0,3.0,92.0,1.0,11.0,7.0,5.0
2024-01-29,7.0,2.0,0.0,19.0,14.0,11.0,35.0,26.0,0.0,64.0,0.0,11.0,1.0,5.0,54.0,4.0,6.0,0.0,2.0,9.0,12.0,10.0,2.0,97.0,3.0,10.0,9.0,11.0
2024-01-30,5.0,1.0,0.0,26.0,10.0,20.0,42.0,33.0,0.0,55.0,0.0,5.0,0.0,3.0,55.0,2.0,3.0,2.0,3.0,6.0,11.0,7.0,2.0,84.0,1.0,8.0,12.0,11.0
2024-01-31,4.0,1.0,0.0,17.0,10.0,15.0,42.0,40.0,0.0,62.0,0.0,5.0,1.0,1.0,43.0,1.0,3.0,2.0,5.0,6.0,14.0,8.0,5.0,90.0,1.0,7.0,10.0,17.0
2024-02-01,5.0,1.0,0.0,28.0,8.0,19.0,38.0,25.0,0.0,48.0,0.0,4.0,0.0,1.0,60.0,2.0,5.0,1.0,1.0,9.0,18.0,9.0,4.0,80.0,2.0,10.0,5.0,5.0
2024-02-02,6.0,0.0,0.0,27.0,5.0,13.0,33.0,40.0,0.0,60.0,1.0,8.0,0.0,3.0,57.0,2.0,2.0,2.0,9.0,8.0,11.0,5.0,2.0,61.0,3.0,16.0,9.0,11.0
2024-02-03,1.0,2.0,0.0,19.0,8.0,19.0,39.0,36.0,0.0,63.0,0.0,6.0,0.0,0.0,61.0,2.0,7.0,3.0,5.0,8.0,19.0,8.0,8.0,88.0,1.0,5.0,4.0,8.0
2024-02-04,4.0,1.0,0.0,24.0,9.0,18.0,36.0,40.0,0.0,68.0,0.0,11.0,0.0,0.0,52.0,0.0,6.0,3.0,1.0,15.0,17.0,12.0,4.0,96.0,3.0,11.0,12.0,11.0
2024-02-05,6.0,1.0,0.0,20.0,12.0,17.0,26.0,41.0,0.0,56.0,0.0,4.0,1.0,3.0,56.0,3.0,5.0,1.0,5.0,5.0,10.0,9.0,4.0,80.0,0.0,5.0,6.0,9.0
2024-02-06,5.0,0.0,0.0,21.0,10.0,14.0,30.0,25.0,0.0,58.0,0.0,8.0,0.0,2.0,51.0,0.0,3.0,0.0,4.0,6.0,14.0,6.0,2.0,74.0,3.0,11.0,16.0,5.0
2024-02-07,2.0,3.0,0.0,15.0,11.0,10.0,27.0,40.0,0.0,55.0,0.0,6.0,0.0,2.0,44.0,1.0,2.0,1.0,5.0,6.0,18.0,5.0,2.0,95.0,2.0,5.0,8.0,10.0
2024-02-08,4.0,0.0,0.0,18.0,3.0,17.0,32.0,39.0,0.0,54.0,1.0,5.0,0.0,1.0,51.0,2.0,2.0,2.0,5.0,7.0,16.0,12.0,1.0,85.0,1.0,8.0,9.0,9.0
2024-02-09,2.0,3.0,0.0,23.0,10.0,17.0,38.0,26.0,0.0,49.0,0.0,8.0,1.0,4.0,57.0,3.0,2.0,3.0,7.0,7.0,20.0,9.0,6.0,79.0,2.0,10.0,9.0,12.0
2024-02-10,5.0,0.0,0.0,16.0,7.0,22.0,39.0,28.0,0.0,42.0,0.0,10.0,0.0,2.0,54.0,2.0,2.0,2.0,5.0,7.0,15.0,8.0,2.0,75.0,0.0,8.0,9.0,15.0
2024-02-11,5.0,1.0,0.0,30.0,8.0,12.0,28.0,44.0,0.0,67.0,0.0,7.0,0.0,1.0,40.0,2.0,2.0,0.0,7.0,7.0,13.0,5.0,3.0,99.0,0.0,11.0,5.0,13.0
2024-02-12,6.0,2.0,0.0,29.0,14.0,17.0,17.0,27.0,0.0,60.0,1.0,9.0,1.0,0.0,64.0,1.0,5.0,2.0,5.0,6.0,13.0,11.0,6.0,77.0,2.0,2.0,5.0,8.0
2024-02-13,3.0,1.0,0.0,18.0,8.0,14.0,44.0,34.0,0.0,54.0,0.0,11.0,0.0,4.0,60.0,4.0,2.0,3.0,4.0,7.0,14.0,14.0,2.0,85.0,2.0,19.0,11.0,12.0
2024-02-14,6.0,2.0,0.0,12.0,9.0,16.0,40.0,39.0,0.0,70.0,0.0,2.0,0.0,1.0,41.0,3.0,7.0,0.0,5.0,10.0,16.0,12.0,5.0,82.0,1.0,11.0,8.0,11.0
2024-02-15,7.0,0.0,0.0,14.0,9.0,16.0,31.0,40.0,0.0,61.0,0.0,5.0,1.0,1.0,53.0,2.0,3.0,3.0,4.0,5.0,17.0,9.0,3.0,81.0,5.0,9.0,4.0,7.0
2024-02-16,5.0,0.0,0.0,17.0,8.0,15.0,37.0,28.0,0.0,57.0,0.0,6.0,0.0,3.0,59.0,2.0,1.0,1.0,10.0,8.0,13.0,4.0,4.0,77.0,3.0,6.0,7.0,10.0
2024-02-17,1.0,2.0,0.0,10.0,6.0,30.0,35.0,33.0,0.0,57.0,1.0,7.0,0.0,0.0,62.0,3.0,1.0,3.0,5.0,9.0,11.0,9.0,4.0,68.0,1.0,10.0,8.0,17.0
2024-02-18,12.0,2.0,0.0,11.0,10.0,21.0,34.0,40.0,0.0,56.0,0.0,6.0,0.0,2.0,59.0,1.0,3.0,3.0,4.0,8.0,17.0,7.0,5.0,62.0,2.0,9.0,8.0,8.0
2024-02-19,6.0,0.0,0.0,9.0,7.0,12.0,36.0,33.0,0.0,49.0,0.0,9.0,1.0,1.0,65.0,2.0,8.0,0.0,1.0,6.0,15.0,7.0,4.0,87.0,4.0,9.0,6.0,9.0
2024-02-20,4.0,1.0,0.0,10.0,10.0,22.0,21.0,35.0,0.0,51.0,0.0,11.0,0.0,1.0,44.0,2.0,4.0,1.0,5.0,6.0,6.0,8.0,5.0,60.0,0.0,5.0,12.0,5.0
2024-02-21,2.0,2.0,0.0,14.0,8.0,19.0,26.0,34.0,0.0,30.0,0.0,3.0,0.0,2.0,63.0,3.0,2.0,1.0,3.0,6.0,10.0,11.0,2.0,69.0,2.0,6.0,9.0,16.0
2024-02-22,6.0,1.0,0.0,21.0,11.0,17.0,30.0,29.0,0.0,36.0,0.0,0.0,0.0,2.0,60.0,1.0,3.0,3.0,5.0,7.0,11.0,8.0,4.0,72.0,1.0,12.0,8.0,5.0
2024-02-23,2.0,2.0,0.0,23.0,10.0,23.0,18.0,32.0,0.0,49.0,0.0,7.0,0.0,3.0,42.0,2.0,4.0,4.0,6.0,8.0,16.0,5.0,8.0,77.0,2.0,8.0,7.0,12.0
2024-02-24,3.0,0.0,0.0,17.0,7.0,18.0,20.0,29.0,0.0,69.0,1.0,9.0,1.0,2.0,54.0,1.0,4.0,1.0,6.0,7.0,14.0,14.0,4.0,85.0,1.0,11.0,3.0,9.0
2024-02-25,4.0,1.0,0.0,20.0,4.0,19.0,28.0,25.0,0.0,70.0,0.0,6.0,0.0,2.0,45.0,4.0,2.0,1.0,4.0,7.0,12.0,9.0,2.0,57.0,0.0,6.0,7.0,12.0
2024-02-26,5.0,1.0,0.0,21.0,7.0,17.0,21.0,42.0,0.0,59.0,0.0,4.0,0.0,2.0,64.0,0.0,5.0,0.0,2.0,7.0,16.0,13.0,2.0,72.0,3.0,4.0,9.0,13.0
2024-02-27,5.0,0.0,0.0,21.0,11.0,13.0,24.0,34.0,0.0,45.0,0.0,10.0,1.0,2.0,59.0,0.0,3.0,2.0,5.0,5.0,8.0,12.0,1.0,92.0,3.0,3.0,10.0,13.0
2024-02-28,7.0,1.0,0.0,24.0,7.0,23.0,31.0,48.0,0.0,63.0,0.0,7.0,0.0,4.0,40.0,1.0,3.0,1.0,8.0,8.0,16.0,7.0,5.0,74.0,0.0,5.0,5.0,11.0
2024-02-29,3.0,2.0,0.0,17.0,9.0,25.0,51.0,43.0,0.0,50.0,0.0,5.0,0.0,1.0,57.0,2.0,6.0,0.0,5.0,3.0,23.0,7.0,3.0,96.0,3.0,5.0,2.0,7.0
2024-03-01,2.0,1.0,0.0,21.0,10.0,26.0,54.0,42.0,0.0,51.0,1.0,7.0,0.0,2.0,51.0,3.0,4.0,3.0,6.0,8.0,24.0,7.0,3.0,80.0,1.0,6.0,13.0,11.0
2024-03-02,3.0,1.0,0.0,21.0,4.0,25.0,26.0,41.0,0.0,61.0,1.0,11.0,0.0,3.0,54.0,3.0,1.0,0.0,4.0,6.0,14.0,8.0,3.0,90.0,2.0,7.0,4.0,13.0
2024-03-03,6.0,1.0,0.0,18.0,10.0,26.0,25.0,27.0,0.0,74.0,0.0,10.0,0.0,0.0,60.0,1.0,2.0,1.0,7.0,7.0,15.0,7.0,5.0,83.0,1.0,10.0,9.0,10.0
2024-03-04,7.0,0.0,0.0,13.0,9.0,10.0,35.0,36.0,0.0,58.0,0.0,6.0,0.0,1.0,55.0,4.0,3.0,3.0,5.0,7.0,12.0,11.0,2.0,94.0,1.0,7.0,11.0,9.0
2024-03-05,4.0,0.0,0.0,20.0,9.0,26.0,39.0,41.0,0.0,38.0,0.0,14.0,1.0,1.0,46.0,0.0,3.0,3.0,6.0,4.0,14.0,6.0,8.0,96.0,3.0,6.0,7.0,10.0
2024-03-06,6.0,1.0,0.0,23.0,7.0,17.0,32.0,36.0,0.0,55.0,0.0,3.0,0.0,0.0,49.0,2.0,4.0,1.0,7.0,7.0,9.0,7.0,7.0,75.0,0.0,9.0,4.0,13.0
2024-03-07,3.0,0.0,0.0,15.0,5.0,27.0,38.0,37.0,0.0,71.0,1.0,4.0,1.0,4.0,45.0,1.0,2.0,0.0,3.0,6.0,15.0,12.0,0.0,88.0,2.0,11.0,8.0,10.0
2024-03-08,5.0,3.0,0.0,23.0,9.0,15.0,29.0,21.0,0.0,62.0,0.0,6.0,2.0,4.0,47.0,1.0,3.0,3.0,8.0,6.0,19.0,10.0,4.0,88.0,2.0,11.0,8.0,7.0
2024-03-09,5.0,2.0,0.0,26.0,9.0,22.0,40.0,22.0,0.0,62.0,0.0,9.0,0.0,1.0,52.0,6.0,2.0,3.0,3.0,8.0,11.0,15.0,2.0,98.0,0.0,8.0,7.0,8.0
2024-03-10,6.0,1.0,0.0,22.0,3.0,18.0,42.0,33.0,0.0,70.0,0.0,7.0,0.0,1.0,55.0,1.0,1.0,0.0,4.0,6.0,17.0,7.0,4.0,81.0,0.0,9.0,8.0,12.0
2024-03-11,3.0,0.0,0.0,8.0,12.0,15.0,32.0,40.0,0.0,74.0,0.0,10.0,1.0,3.0,68.0,1.0,5.0,1.0,6.0,9.0,16.0,9.0,3.0,71.0,5.0,8.0,6.0,12.0
2024-03-12,6.0,0.0,0.0,25.0,6.0,20.0,25.0,44.0,0.0,70.0,0.0,9.0,1.0,1.0,53.0,0.0,7.0,3.0,6.0,7.0,19.0,11.0,2.0,94.0,0.0,6.0,10.0,13.0
2024-03-13,1.0,1.0,0.0,23.0,8.0,25.0,32.0,36.0,0.0,58.0,0.0,4.0,0.0,2.0,50.0,1.0,1.0,0.0,10.0,9.0,20.0,3.0,1.0,78.0,0.0,9.0,10.0,11.0
2024-03-14,6.0,2.0,0.0,14.0,11.0,15.0,40.0,38.0,0.0,54.0,0.0,6.0,0.0,2.0,50.0,3.0,3.0,4.0,3.0,4.0,10.0,6.0,3.0,89.0,1.0,9.0,7.0,8.0
2024-03-15,7.0,2.0,0.0,26.0,11.0,19.0,41.0,34.0,0.0,59.0,1.0,4.0,0.0,1.0,45.0,3.0,3.0,0.0,6.0,7.0,17.0,7.0,3.0,105.0,3.0,14.0,10.0,9.0
2024-03-16,2.0,0.0,0.0,19.0,8.0,18.0,34.0,39.0,0.0,49.0,0.0,6.0,0.0,3.0,59.0,2.0,1.0,2.0,5.0,6.0,28.0,10.0,5.0,90.0,3.0,7.0,7.0,15.0
2024-03-17,6.0,2.0,0.0,20.0,9.0,15.0,36.0,28.0,0.0,70.0,0.0,7.0,0.0,1.0,53.0,4.0,3.0,2.0,5.0,8.0,18.0,4.0,4.0,82.0,0.0,5.0,5.0,14.0
2024-03-18,3.0,1.0,0.0,20.0,11.0,21.0,46.0,46.0,0.0,59.0,0.0,8.0,1.0,0.0,60.0,1.0,4.0,1.0,4.0,7.0,24.0,7.0,4.0,71.0,4.0,5.0,5.0,11.0
2024-03-19,3.0,0.0,0.0,20.0,6.0,6.0,33.0,36.0,0.0,60.0,0.0,11.0,0.0,3.0,60.0,2.0,3.0,1.0,6.0,8.0,23.0,6.0,2.0,91.0,1.0,16.0,12.0,6.0
2024-03-20,1.0,1.0,0.0,27.0,13.0,11.0,30.0,37.0,0.0,60.0,0.0,5.0,0.0,1.0,48.0,0.0,2.0,1.0,11.0,7.0,18.0,8.0,5.0,95.0,2.0,13.0,7.0,20.0
2024-03-21,3.0,1.0,0.0,20.0,8.0,18.0,39.0,35.0,0.0,65.0,0.0,12.0,1.0,3.0,52.0,5.0,1.0,4.0,8.0,5.0,19.0,9.0,2.0,99.0,1.0,7.0,8.0,8.0
2024-03-22,7.0,1.0,0.0,27.0,6.0,14.0,42.0,28.0,0.0,59.0,2.0,3.0,0.0,0.0,55.0,2.0,3.0,0.0,7.0,6.0,21.0,8.0,4.0,89.0,3.0,13.0,10.0,11.0
2024-03-23,4.0,1.0,0.0,16.0,9.0,11.0,40.0,37.0,0.0,50.0,0.0,9.0,0.0,2.0,67.0,1.0,5.0,0.0,6.0,6.0,15.0,8.0,2.0,89.0,2.0,15.0,6.0,7.0
2024-03-24,3.0,1.0,0.0,19.0,12.0,23.0,30.0,36.0,0.0,61.0,0.0,7.0,0.0,2.0,52.0,1.0,3.0,3.0,7.0,8.0,20.0,11.0,2.0,79.0,2.0,11.0,9.0,11.0
2024-03-25,5.0,2.0,0.0,20.0,7.0,17.0,38.0,41.0,0.0,62.0,0.0,9.0,0.0,4.0,55.0,2.0,4.0,1.0,3.0,8.0,15.0,9.0,5.0,79.0,3.0,8.0,6.0,14.0
2024-03-26,7.0,0.0,0.0,18.0,3.0,19.0,32.0,27.0,0.0,56.0,0.0,9.0,1.0,4.0,56.0,1.0,6.0,1.0,4.0,5.0,22.0,10.0,3.0,92.0,2.0,9.0,15.0,10.0
2024-03-27,3.0,1.0,0.0,30.0,8.0,14.0,32.0,24.0,0.0,60.0,0.0,7.0,1.0,0.0,68.0,0.0,3.0,3.0,5.0,8.0,18.0,14.0,2.0,82.0,1.0,11.0,2.0,10.0
2024-03-28,6.0,0.0,0.0,24.0,10.0,18.0,33.0,35.0,0.0,54.0,0.0,7.0,0.0,3.0,45.0,0.0,2.0,1.0,3.0,5.0,16.0,7.0,5.0,93.0,0.0,9.0,6.0,9.0
2024-03-29,4.0,1.0,0.0,24.0,9.0,19.0,34.0,34.0,0.0,69.0,0.0,3.0,0.0,1.0,58.0,5.0,5.0,2.0,8.0,7.0,13.0,5.0,6.0,103.0,1.0,8.0,8.0,10.0
2024-03-30,5.0,0.0,0.0,22.0,10.0,16.0,21.0,19.0,0.0,60.0,0.0,12.0,0.0,4.0,42.0,2.0,1.0,2.0,4.0,7.0,18.0,11.0,3.0,85.0,2.0,10.0,10.0,8.0
2024-03-31,6.0,2.0,0.0,30.0,11.0,20.0,38.0,42.0,0.0,58.0,1.0,12.0,0.0,2.0,59.0,4.0,3.0,0.0,8.0,10.0,17.0,4.0,5.0,77.0,0.0,11.0,8.0,12.0
2024-04-01,8.0,1.0,0.0,14.0,2.0,16.0,29.0,36.0,0.0,53.0,0.0,8.0,1.0,4.0,62.0,2.0,1.0,0.0,3.0,4.0,18.0,11.0,3.0,87.0,2.0,10.0,6.0,13.0
2024-04-02,4.0,0.0,0.0,25.0,12.0,18.0,32.0,32.0,0.0,56.0,0.0,8.0,0.0,0.0,56.0,2.0,8.0,2.0,1.0,7.0,13.0,9.0,3.0,83.0,2.0,7.0,17.0,12.0
2024-04-03,3.0,2.0,0.0,23.0,7.0,19.0,35.0,34.0,0.0,64.0,0.0,8.0,0.0,1.0,53.0,5.0,2.0,0.0,6.0,10.0,19.0,9.0,4.0,72.0,2.0,7.0,7.0,8.0
2024-04-04,5.0,3.0,0.0,20.0,10.0,21.0,35.0,29.0,0.0,59.0,1.0,7.0,1.0,4.0,67.0,1.0,2.0,1.0,3.0,8.0,13.0,17.0,5.0,86.0,0.0,13.0,9.0,8.0
2024-04-05,7.0,1.0,0.0,16.0,15.0,15.0,35.0,37.0,0.0,53.0,0.0,8.0,0.0,1.0,54.0,2.0,3.0,3.0,4.0,5.0,12.0,6.0,5.0,104.0,3.0,12.0,10.0,8.0
2024-04-06,6.0,3.0,0.0,26.0,7.0,18.0,25.0,44.0,0.0,56.0,1.0,11.0,0.0,2.0,47.0,5.0,5.0,3.0,4.0,9.0,20.0,7.0,1.0,100.0,0.0,14.0,7.0,13.0
2024-04-07,4.0,1.0,0.0,12.0,8.0,14.0,34.0,29.0,0.0,66.0,0.0,11.0,0.0,1.0,53.0,1.0,7.0,1.0,5.0,10.0,21.0,10.0,3.0,100.0,2.0,8.0,10.0,9.0
2024-04-08,1.0,1.0,0.0,18.0,6.0,15.0,40.0,30.0,0.0,58.0,0.0,7.0,0.0,2.0,66.0,2.0,4.0,1.0,1.0,6.0,20.0,4.0,2.0,92.0,2.0,8.0,3.0,8.0
2024-04-09,8.0,1.0,0.0,14.0,10.0,15.0,21.0,35.0,0.0,70.0,0.0,10.0,1.0,3.0,48.0,1.0,2.0,1.0,2.0,7.0,13.0,8.0,3.0,97.0,1.0,11.0,13.0,13.0
2024-04-10,3.0,1.0,0.0,23.0,8.0,19.0,39.0,34.0,0.0,58.0,0.0,3.0,0.0,0.0,59.0,2.0,2.0,0.0,6.0,7.0,20.0,3.0,4.0,93.0,1.0,13.0,5.0,12.0
2024-04-11,3.0,0.0,0.0,26.0,9.0,12.0,37.0,36.0,0.0,60.0,0.0,6.0,0.0,0.0,49.0,2.0,1.0,2.0,7.0,6.0,18.0,10.0,6.0,84.0,1.0,12.0,7.0,11.0
2024-04-12,7.0,3.0,0.0,17.0,9.0,20.0,41.0,43.0,0.0,62.0,0.0,2.0,1.0,0.0,56.0,6.0,3.0,3.0,4.0,7.0,23.0,10.0,1.0,91.0,1.0,12.0,13.0,11.0
2024-04-13,3.0,3.0,0.0,19.0,8.0,19.0,33.0,37.0,0.0,60.0,1.0,10.0,0.0,2.0,59.0,0.0,4.0,2.0,8.0,10.0,19.0,9.0,1.0,93.0,2.0,10.0,5.0,9.0
2024-04-14,4.0,1.0,0.0,25.0,10.0,25.0,37.0,36.0,0.0,50.0,0.0,12.0,0.0,2.0,48.0,3.0,2.0,1.0,7.0,8.0,16.0,4.0,2.0,79.0,2.0,15.0,11.0,13.0
2024-04-15,2.0,0.0,0.0,20.0,14.0,17.0,32.0,39.0,0.0,60.0,0.0,11.0,1.0,2.0,68.0,2.0,5.0,1.0,6.0,6.0,10.0,11.0,5.0,71.0,4.0,4.0,5.0,10.0
2024-04-16,6.0,1.0,0.0,22.0,10.0,24.0,28.0,44.0,0.0,50.0,0.0,8.0,0.0,1.0,59.0,2.0,2.0,1.0,8.0,5.0,14.0,11.0,5.0,75.0,1.0,8.0,8.0,14.0
2024-04-17,5.0,1.0,0.0,19.0,10.0,11.0,36.0,31.0,0.0,63.0,0.0,8.0,0.0,2.0,63.0,2.0,6.0,2.0,6.0,7.0,13.0,7.0,2.0,75.0,1.0,16.0,12.0,13.0
2024-04-18,6.0,4.0,0.0,24.0,7.0,21.0,34.0,37.0,0.0,58.0,0.0,4.0,1.0,2.0,56.0,2.0,5.0,1.0,6.0,7.0,10.0,9.0,2.0,86.0,0.0,8.0,6.0,9.0
2024-04-19,9.0,0.0,0.0,15.0,9.0,28.0,30.0,31.0,0.0,65.0,0.0,8.0,0.0,0.0,50.0,5.0,2.0,1.0,4.0,4.0,12.0,7.0,4.0,104.0,1.0,9.0,12.0,8.0
2024-04-20,4.0,0.0,0.0,28.0,7.0,18.0,33.0,43.0,0.0,58.0,0.0,12.0,0.0,0.0,43.0,0.0,4.0,3.0,8.0,9.0,18.0,7.0,3.0,101.0,3.0,14.0,6.0,9.0
2024-04-21,5.0,2.0,0.0,24.0,12.0,23.0,46.0,43.0,0.0,79.0,1.0,12.0,0.0,1.0,54.0,1.0,4.0,1.0,9.0,5.0,21.0,10.0,0.0,102.0,1.0,5.0,15.0,12.0
2024-04-22,5.0,1.0,0.0,23.0,9.0,23.0,42.0,31.0,0.0,58.0,0.0,8.0,0.0,1.0,53.0,0.0,3.0,3.0,5.0,9.0,8.0,12.0,6.0,89.0,3.0,10.0,1.0,13.0
2024-04-23,1.0,1.0,0.0,16.0,10.0,17.0,36.0,31.0,0.0,53.0,0.0,9.0,1.0,2.0,50.0,2.0,3.0,1.0,7.0,7.0,20.0,9.0,5.0,88.0,3.0,12.0,10.0,11.0
2024-04-24,3.0,3.0,0.0,26.0,16.0,16.0,36.0,37.0,0.0,66.0,0.0,5.0,0.0,3.0,50.0,1.0,3.0,3.0,0.0,7.0,22.0,5.0,4.0,95.0,3.0,16.0,12.0,10.0
2024-04-25,9.0,1.0,0.0,25.0,7.0,15.0,34.0,40.0,0.0,52.0,0.0,7.0,1.0,3.0,61.0,0.0,2.0,0.0,8.0,3.0,15.0,3.0,4.0,93.0,0.0,11.0,6.0,12.0
2024-04-26,4.0,1.0,0.0,21.0,10.0,22.0,31.0,35.0,0.0,71.0,1.0,2.0,0.0,0.0,52.0,3.0,1.0,1.0,4.0,7.0,24.0,16.0,2.0,94.0,1.0,13.0,8.0,9.0
2024-04-27,6.0,0.0,0.0,21.0,7.0,18.0,34.0,29.0,0.0,64.0,0.0,6.0,0.0,1.0,57.0,1.0,2.0,1.0,7.0,8.0,19.0,5.0,3.0,81.0,3.0,12.0,4.0,13.0
2024-04-28,5.0,2.0,0.0,24.0,7.0,27.0,22.0,36.0,0.0,59.0,1.0,12.0,0.0,0.0,60.0,0.0,2.0,1.0,8.0,11.0,6.0,13.0,2.0,91.0,0.0,14.0,9.0,9.0
2024-04-29,9.0,2.0,0.0,11.0,17.0,9.0,42.0,35.0,0.0,47.0,0.0,3.0,0.0,1.0,44.0,2.0,3.0,1.0,6.0,6.0,18.0,11.0,3.0,68.0,1.0,6.0,6.0,12.0
2024-04-30,8.0,0.0,0.0,21.0,10.0,10.0,33.0,27.0,0.0,58.0,0.0,11.0,1.0,3.0,57.0,1.0,6.0,3.0,7.0,3.0,26.0,9.0,10.0,93.0,2.0,10.0,7.0,10.0
2024-05-01,3.0,1.0,0.0,20.0,11.0,21.0,35.0,30.0,0.0,57.0,0.0,6.0,0.0,1.0,54.0,2.0,3.0,0.0,7.0,9.0,16.0,8.0,3.0,83.0,1.0,11.0,4.0,13.0
2024-05-02,6.0,2.0,0.0,15.0,3.0,16.0,30.0,27.0,0.0,57.0,0.0,9.0,0.0,1.0,66.0,1.0,1.0,1.0,8.0,6.0,17.0,8.0,1.0,99.0,2.0,10.0,11.0,8.0
2024-05-03,3.0,0.0,0.0,26.0,5.0,13.0,33.0,41.0,0.0,68.0,0.0,11.0,0.0,0.0,51.0,3.0,3.0,1.0,3.0,7.0,18.0,10.0,6.0,88.0,3.0,6.0,11.0,8.0
2024-05-04,4.0,1.0,0.0,17.0,6.0,30.0,32.0,29.0,0.0,57.0,0.0,6.0,0.0,1.0,53.0,2.0,4.0,3.0,4.0,10.0,12.0,8.0,1.0,86.0,1.0,12.0,7.0,13.0
2024-05-05,4.0,1.0,0.0,27.0,11.0,21.0,40.0,43.0,0.0,53.0,1.0,10.0,1.0,2.0,59.0,1.0,3.0,1.0,3.0,5.0,21.0,8.0,2.0,84.0,3.0,9.0,9.0,13.0
2024-05-06,5.0,0.0,0.0,24.0,13.0,18.0,32.0,33.0,0.0,67.0,0.0,12.0,0.0,2.0,48.0,1.0,5.0,1.0,4.0,8.0,27.0,7.0,4.0,82.0,0.0,14.0,7.0,16.0
2024-05-07,1.0,2.0,0.0,19.0,5.0,23.0,30.0,36.0,0.0,53.0,0.0,5.0,1.0,0.0,54.0,0.0,3.0,3.0,7.0,8.0,18.0,8.0,4.0,90.0,3.0,11.0,11.0,10.0
2024-05-08,5.0,1.0,0.0,20.0,4.0,13.0,32.0,32.0,0.0,59.0,0.0,13.0,0.0,4.0,62.0,1.0,2.0,2.0,5.0,7.0,16.0,9.0,3.0,93.0,2.0,15.0,10.0,12.0
2024-05-09,6.0,1.0,0.0,17.0,9.0,16.0,29.0,42.0,0.0,73.0,0.0,9.0,1.0,1.0,52.0,1.0,2.0,2.0,4.0,5.0,15.0,9.0,5.0,99.0,1.0,14.0,5.0,6.0
2024-05-10,6.0,3.0,0.0,24.0,8.0,15.0,36.0,26.0,0.0,63.0,0.0,5.0,0.0,2.0,51.0,1.0,4.0,0.0,7.0,10.0,16.0,9.0,4.0,79.0,0.0,17.0,7.0,9.0
2024-05-11,5.0,0.0,0.0,18.0,9.0,23.0,33.0,32.0,0.0,56.0,1.0,11.0,0.0,2.0,64.0,2.0,4.0,1.0,7.0,9.0,16.0,8.0,4.0,84.0,0.0,15.0,11.0,10.0
2024-05-12,4.0,2.0,0.0,17.0,6.0,21.0,43.0,28.0,0.0,68.0,0.0,8.0,0.0,2.0,63.0,2.0,3.0,1.0,3.0,8.0,23.0,7.0,5.0,103.0,3.0,5.0,13.0,7.0
2024-05-13,6.0,0.0,0.0,23.0,14.0,20.0,40.0,39.0,0.0,50.0,0.0,5.0,0.0,2.0,60.0,3.0,3.0,2.0,4.0,7.0,21.0,8.0,6.0,86.0,3.0,8.0,7.0,12.0
2024-05-14,4.0,0.0,0.0,19.0,6.0,18.0,33.0,22.0,0.0,68.0,0.0,7.0,1.0,3.0,55.0,0.0,4.0,0.0,7.0,5.0,17.0,10.0,2.0,81.0,0.0,9.0,9.0,10.0
2024-05-15,10.0,2.0,0.0,21.0,11.0,12.0,38.0,29.0,0.0,50.0,0.0,10.0,0.0,2.0,42.0,1.0,1.0,4.0,8.0,8.0,25.0,8.0,3.0,89.0,1.0,13.0,8.0,10.0
2024-05-16,4.0,2.0,0.0,24.0,9.0,23.0,35.0,27.0,0.0,57.0,0.0,7.0,0.0,3.0,64.0,2.0,2.0,1.0,7.0,7.0,20.0,6.0,4.0,93.0,0.0,12.0,6.0,9.0
2024-05-17,4.0,2.0,0.0,31.0,13.0,17.0,43.0,43.0,0.0,68.0,0.0,10.0,0.0,1.0,57.0,2.0,4.0,0.0,3.0,9.0,16.0,12.0,1.0,75.0,1.0,8.0,6.0,7.0
2024-05-18,2.0,0.0,0.0,18.0,8.0,19.0,46.0,34.0,0.0,59.0,1.0,9.0,1.0,0.0,57.0,3.0,2.0,4.0,9.0,8.0,15.0,7.0,3.0,94.0,1.0,15.0,10.0,14.0
2024-05-19,4.0,1.0,0.0,16.0,3.0,25.0,33.0,41.0,0.0,85.0,0.0,10.0,0.0,0.0,61.0,0.0,3.0,1.0,9.0,9.0,19.0,8.0,8.0,92.0,3.0,14.0,13.0,13.0
2024-05-20,4.0,1.0,0.0,25.0,7.0,13.0,35.0,47.0,0.0,58.0,1.0,5.0,0.0,2.0,53.0,0.0,2.0,1.0,5.0,8.0,18.0,10.0,4.0,80.0,1.0,13.0,7.0,11.0
2024-05-21,7.0,2.0,0.0,19.0,11.0,12.0,19.0,27.0,0.0,52.0,0.0,11.0,0.0,2.0,53.0,3.0,8.0,1.0,3.0,5.0,20.0,8.0,0.0,94.0,2.0,16.0,9.0,12.0
2024-05-22,5.0,1.0,0.0,17.0,10.0,20.0,28.0,33.0,0.0,63.0,0.0,9.0,1.0,1.0,64.0,1.0,3.0,3.0,6.0,9.0,18.0,9.0,2.0,81.0,2.0,13.0,6.0,14.0
2024-05-23,5.0,3.0,0.0,22.0,12.0,25.0,35.0,33.0,0.0,60.0,0.0,5.0,0.0,3.0,49.0,1.0,3.0,2.0,6.0,7.0,20.0,9.0,6.0,94.0,0.0,10.0,4.0,5.0
2024-05-24,4.0,1.0,0.0,24.0,9.0,17.0,43.0,35.0,0.0,60.0,0.0,11.0,1.0,2.0,60.0,2.0,4.0,1.0,12.0,6.0,16.0,10.0,2.0,86.0,3.0,15.0,8.0,11.0
2024-05-25,6.0,0.0,0.0,26.0,10.0,26.0,31.0,25.0,0.0,55.0,1.0,6.0,0.0,4.0,56.0,2.0,3.0,2.0,8.0,9.0,19.0,7.0,3.0,89.0,1.0,13.0,7.0,12.0
2024-05-26,2.0,0.0,0.0,25.0,10.0,13.0,37.0,40.0,0.0,65.0,0.0,4.0,0.0,1.0,55.0,3.0,4.0,3.0,5.0,13.0,26.0,9.0,3.0,74.0,0.0,11.0,11.0,4.0
2024-05-27,1.0,1.0,0.0,14.0,7.0,11.0,45.0,35.0,0.0,52.0,0.0,5.0,0.0,2.0,66.0,0.0,5.0,1.0,7.0,5.0,22.0,9.0,3.0,99.0,0.0,10.0,11.0,14.0
2024-05-28,6.0,2.0,0.0,19.0,5.0,22.0,33.0,35.0,0.0,73.0,0.0,8.0,0.0,2.0,70.0,2.0,4.0,1.0,6.0,7.0,21.0,9.0,3.0,92.0,3.0,9.0,8.0,9.0
2024-05-29,7.0,1.0,0.0,19.0,14.0,28.0,35.0,29.0,0.0,59.0,0.0,2.0,0.0,1.0,55.0,3.0,2.0,0.0,8.0,8.0,19.0,9.0,1.0,84.0,2.0,13.0,6.0,14.0
2024-05-30,6.0,0.0,0.0,21.0,11.0,25.0,29.0,31.0,0.0,58.0,0.0,6.0,0.0,1.0,55.0,0.0,2.0,1.0,6.0,6.0,14.0,13.0,3.0,82.0,0.0,20.0,4.0,11.0
2024-05-31,7.0,0.0,0.0,22.0,11.0,20.0,36.0,40.0,0.0,57.0,0.0,10.0,2.0,1.0,50.0,2.0,4.0,3.0,4.0,6.0,13.0,9.0,3.0,88.0,2.0,15.0,13.0,6.0
2024-06-01,6.0,0.0,0.0,19.0,7.0,7.0,38.0,35.0,0.0,67.0,1.0,11.0,0.0,1.0,44.0,2.0,2.0,1.0,12.0,12.0,16.0,8.0,2.0,94.0,2.0,11.0,6.0,10.0
2024-06-02,4.0,1.0,0.0,17.0,9.0,7.0,28.0,37.0,0.0,73.0,0.0,8.0,0.0,2.0,59.0,1.0,3.0,2.0,8.0,8.0,20.0,11.0,4.0,90.0,0.0,17.0,11.0,12.0
2024-06-03,5.0,1.0,0.0,19.0,6.0,31.0,33.0,40.0,0.0,68.0,0.0,8.0,0.0,2.0,70.0,4.0,5.0,4.0,3.0,10.0,19.0,15.0,4.0,81.0,1.0,11.0,6.0,13.0
2024-06-04,5.0,1.0,0.0,17.0,10.0,21.0,34.0,37.0,0.0,53.0,0.0,8.0,0.0,2.0,39.0,0.0,4.0,1.0,5.0,6.0,25.0,9.0,1.0,98.0,2.0,13.0,7.0,10.0
2024-06-05,3.0,1.0,0.0,13.0,6.0,24.0,38.0,30.0,0.0,69.0,0.0,8.0,2.0,4.0,65.0,0.0,0.0,0.0,3.0,9.0,23.0,8.0,2.0,98.0,3.0,11.0,13.0,11.0
2024-06-06,10.0,0.0,0.0,26.0,18.0,14.0,37.0,40.0,0.0,58.0,0.0,7.0,0.0,1.0,47.0,2.0,2.0,1.0,4.0,7.0,19.0,9.0,1.0,101.0,3.0,13.0,7.0,9.0
2024-06-07,1.0,0.0,0.0,21.0,8.0,21.0,32.0,29.0,0.0,55.0,1.0,10.0,0.0,1.0,50.0,3.0,3.0,1.0,3.0,10.0,15.0,8.0,4.0,93.0,1.0,16.0,9.0,5.0
2024-06-08,6.0,2.0,0.0,20.0,8.0,16.0,35.0,34.0,0.0,49.0,0.0,8.0,0.0,4.0,53.0,2.0,2.0,2.0,8.0,9.0,13.0,8.0,3.0,94.0,0.0,21.0,10.0,12.0
2024-06-09,4.0,1.0,0.0,21.0,9.0,23.0,33.0,38.0,0.0,82.0,0.0,9.0,0.0,1.0,58.0,3.0,4.0,1.0,5.0,12.0,13.0,9.0,2.0,97.0,3.0,10.0,11.0,9.0
2024-06-10,3.0,0.0,0.0,20.0,10.0,16.0,27.0,31.0,0.0,69.0,1.0,7.0,1.0,1.0,66.0,1.0,3.0,0.0,2.0,5.0,27.0,8.0,6.0,74.0,2.0,11.0,9.0,15.0
2024-06-11,7.0,0.0,0.0,23.0,7.0,22.0,28.0,22.0,0.0,65.0,1.0,7.0,0.0,3.0,37.0,0.0,4.0,1.0,5.0,8.0,11.0,8.0,3.0,90.0,1.0,9.0,5.0,13.0
2024-06-12,6.0,1.0,0.0,28.0,8.0,20.0,36.0,33.0,0.0,60.0,0.0,8.0,0.0,2.0,70.0,0.0,3.0,2.0,4.0,6.0,21.0,10.0,3.0,74.0,1.0,13.0,8.0,11.0
2024-06-13,8.0,3.0,0.0,23.0,11.0,29.0,36.0,38.0,0.0,64.0,0.0,5.0,0.0,1.0,59.0,2.0,3.0,3.0,6.0,8.0,31.0,9.0,4.0,110.0,0.0,13.0,5.0,6.0
2024-06-14,9.0,2.0,0.0,20.0,6.0,25.0,23.0,22.0,0.0,63.0,0.0,10.0,0.0,2.0,62.0,2.0,3.0,2.0,2.0,10.0,20.0,8.0,4.0,87.0,4.0,15.0,12.0,10.0
2024-06-15,5.0,0.0,0.0,25.0,11.0,17.0,46.0,38.0,0.0,55.0,1.0,15.0,1.0,3.0,55.0,4.0,3.0,0.0,8.0,9.0,16.0,10.0,2.0,87.0,0.0,8.0,6.0,11.0
2024-06-16,9.0,1.0,0.0,24.0,4.0,18.0,32.0,38.0,0.0,63.0,0.0,6.0,0.0,0.0,56.0,2.0,4.0,1.0,3.0,9.0,17.0,7.0,3.0,104.0,3.0,23.0,12.0,10.0
2024-06-17,3.0,0.0,0.0,12.0,11.0,21.0,35.0,32.0,0.0,79.0,0.0,8.0,0.0,1.0,59.0,2.0,4.0,3.0,6.0,8.0,19.0,4.0,3.0,85.0,0.0,12.0,7.0,12.0
2024-06-18,4.0,2.0,0.0,19.0,11.0,25.0,26.0,36.0,0.0,66.0,0.0,3.0,0.0,3.0,64.0,1.0,3.0,2.0,9.0,7.0,29.0,8.0,2.0,94.0,1.0,11.0,10.0,9.0
2024-06-19,4.0,1.0,0.0,18.0,13.0,24.0,33.0,28.0,0.0,61.0,0.0,8.0,1.0,1.0,68.0,2.0,4.0,2.0,2.0,9.0,24.0,13.0,3.0,88.0,2.0,16.0,5.0,13.0
2024-06-20,4.0,0.0,0.0,27.0,5.0,15.0,46.0,35.0,0.0,59.0,0.0,11.0,1.0,0.0,55.0,2.0,3.0,0.0,7.0,5.0,11.0,6.0,4.0,90.0,1.0,10.0,7.0,9.0
2024-06-21,5.0,2.0,0.0,12.0,7.0,16.0,36.0,36.0,0.0,66.0,0.0,4.0,0.0,3.0,57.0,4.0,4.0,2.0,7.0,10.0,14.0,12.0,0.0,89.0,1.0,14.0,6.0,5.0
2024-06-22,6.0,0.0,0.0,22.0,11.0,21.0,32.0,31.0,0.0,55.0,0.0,13.0,0.0,5.0,62.0,3.0,2.0,0.0,10.0,7.0,21.0,9.0,3.0,89.0,2.0,19.0,11.0,12.0
2024-06-23,7.0,1.0,0.0,20.0,11.0,20.0,42.0,31.0,0.0,79.0,1.0,10.0,0.0,1.0,71.0,2.0,3.0,2.0,4.0,11.0,28.0,8.0,4.0,94.0,0.0,15.0,7.0,10.0
2024-06-24,4.0,0.0,0.0,24.0,10.0,19.0,33.0,27.0,0.0,68.0,0.0,6.0,1.0,1.0,47.0,2.0,4.0,2.0,1.0,7.0,24.0,10.0,2.0,99.0,1.0,12.0,13.0,9.0
2024-06-25,5.0,0.0,0.0,18.0,14.0,11.0,36.0,31.0,0.0,62.0,0.0,6.0,0.0,5.0,64.0,0.0,6.0,1.0,2.0,9.0,14.0,10.0,5.0,92.0,2.0,19.0,11.0,9.0
2024-06-26,5.0,1.0,0.0,19.0,5.0,23.0,30.0,34.0,0.0,68.0,0.0,11.0,0.0,1.0,72.0,1.0,2.0,0.0,12.0,5.0,20.0,6.0,1.0,98.0,4.0,11.0,5.0,13.0
2024-06-27,3.0,1.0,0.0,30.0,5.0,28.0,26.0,34.0,0.0,60.0,0.0,10.0,0.0,2.0,49.0,1.0,5.0,1.0,6.0,7.0,22.0,5.0,5.0,94.0,1.0,13.0,2.0,12.0
2024-06-28,6.0,2.0,0.0,23.0,7.0,24.0,30.0,34.0,0.0,61.0,0.0,7.0,0.0,1.0,45.0,5.0,4.0,2.0,6.0,9.0,22.0,10.0,6.0,77.0,3.0,21.0,10.0,7.0
2024-06-29,6.0,0.0,0.0,19.0,7.0,23.0,42.0,39.0,0.0,67.0,1.0,9.0,1.0,1.0,56.0,2.0,1.0,1.0,9.0,11.0,13.0,8.0,3.0,95.0,1.0,10.0,7.0,9.0
2024-06-30,6.0,2.0,0.0,20.0,9.0,15.0,41.0,37.0,0.0,56.0,0.0,9.0,0.0,1.0,68.0,0.0,1.0,1.0,6.0,7.0,15.0,7.0,3.0,91.0,2.0,7.0,11.0,12.0
2024-07-01,3.0,0.0,0.0,17.0,11.0,15.0,38.0,36.0,0.0,78.0,0.0,6.0,0.0,2.0,65.0,2.0,4.0,2.0,2.0,7.0,23.0,13.0,2.0,77.0,1.0,10.0,10.0,9.0
2024-07-02,6.0,0.0,0.0,13.0,10.0,29.0,28.0,28.0,0.0,54.0,0.0,8.0,1.0,3.0,62.0,2.0,6.0,3.0,5.0,5.0,14.0,12.0,4.0,105.0,2.0,6.0,7.0,8.0
2024-07-03,7.0,1.0,0.0,17.0,7.0,21.0,45.0,30.0,0.0,51.0,0.0,11.0,0.0,2.0,49.0,2.0,5.0,1.0,6.0,9.0,20.0,4.0,6.0,88.0,1.0,14.0,5.0,10.0
2024-07-04,3.0,2.0,0.0,22.0,10.0,13.0,34.0,37.0,0.0,61.0,0.0,4.0,0.0,1.0,57.0,1.0,5.0,3.0,4.0,7.0,18.0,10.0,2.0,90.0,1.0,21.0,15.0,0.0
2024-07-05,2.0,0.0,0.0,14.0,6.0,26.0,37.0,33.0,0.0,57.0,0.0,7.0,0.0,2.0,59.0,0.0,1.0,0.0,3.0,7.0,19.0,7.0,1.0,96.0,0.0,11.0,11.0,12.0
2024-07-06,6.0,2.0,0.0,9.0,7.0,16.0,31.0,37.0,0.0,62.0,1.0,9.0,0.0,1.0,61.0,2.0,1.0,0.0,8.0,8.0,26.0,7.0,2.0,103.0,1.0,18.0,8.0,13.0
2024-07-07,8.0,1.0,0.0,22.0,10.0,1.0,40.0,34.0,0.0,66.0,1.0,11.0,1.0,2.0,71.0,1.0,5.0,1.0,6.0,13.0,21.0,5.0,6.0,96.0,1.0,17.0,7.0,10.0
2024-07-08,10.0,1.0,0.0,20.0,3.0,0.0,37.0,38.0,0.0,64.0,0.0,7.0,1.0,3.0,61.0,1.0,2.0,1.0,4.0,8.0,29.0,11.0,6.0,78.0,2.0,16.0,7.0,9.0
2024-07-09,6.0,1.0,0.0,24.0,9.0,0.0,31.0,25.0,0.0,71.0,0.0,10.0,0.0,1.0,67.0,0.0,5.0,1.0,5.0,8.0,33.0,11.0,4.0,87.0,1.0,13.0,6.0,13.0
2024-07-10,4.0,3.0,0.0,22.0,12.0,10.0,31.0,32.0,0.0,63.0,0.0,9.0,0.0,4.0,69.0,1.0,3.0,1.0,2.0,5.0,27.0,9.0,1.0,92.0,1.0,14.0,18.0,12.0
2024-07-11,3.0,2.0,0.0,22.0,7.0,41.0,29.0,34.0,0.0,59.0,0.0,10.0,0.0,2.0,54.0,2.0,3.0,3.0,3.0,6.0,27.0,9.0,8.0,87.0,1.0,7.0,6.0,6.0
2024-07-12,4.0,0.0,0.0,20.0,5.0,43.0,40.0,27.0,0.0,60.0,0.0,9.0,1.0,1.0,50.0,3.0,2.0,0.0,2.0,7.0,24.0,11.0,1.0,102.0,0.0,14.0,5.0,5.0
2024-07-13,5.0,2.0,0.0,13.0,10.0,34.0,31.0,33.0,0.0,66.0,0.0,8.0,0.0,1.0,59.0,1.0,2.0,1.0,7.0,15.0,24.0,6.0,5.0,95.0,2.0,9.0,8.0,11.0
2024-07-14,6.0,2.0,0.0,18.0,9.0,28.0,35.0,35.0,0.0,47.0,0.0,6.0,0.0,0.0,63.0,0.0,3.0,1.0,6.0,9.0,21.0,11.0,2.0,92.0,2.0,15.0,10.0,9.0
2024-07-15,9.0,0.0,0.0,25.0,7.0,18.0,42.0,35.0,0.0,73.0,1.0,9.0,0.0,0.0,67.0,2.0,7.0,1.0,2.0,12.0,13.0,12.0,2.0,86.0,1.0,13.0,8.0,9.0
2024-07-16,7.0,0.0,0.0,11.0,11.0,20.0,33.0,37.0,0.0,59.0,0.0,6.0,1.0,3.0,53.0,0.0,7.0,1.0,7.0,8.0,21.0,9.0,4.0,93.0,2.0,16.0,9.0,13.0
2024-07-17,6.0,2.0,0.0,17.0,6.0,33.0,26.0,26.0,0.0,69.0,0.0,9.0,0.0,2.0,64.0,1.0,2.0,2.0,4.0,5.0,19.0,5.0,5.0,97.0,1.0,15.0,10.0,15.0
2024-07-18,7.0,0.0,0.0,15.0,13.0,16.0,32.0,35.0,0.0,64.0,0.0,7.0,0.0,1.0,65.0,2.0,3.0,1.0,3.0,7.0,11.0,9.0,2.0,98.0,3.0,18.0,11.0,12.0
2024-07-19,4.0,2.0,0.0,23.0,2.0,13.0,34.0,31.0,0.0,55.0,0.0,7.0,0.0,1.0,57.0,2.0,0.0,0.0,3.0,7.0,17.0,12.0,2.0,92.0,1.0,21.0,8.0,6.0
2024-07-20,8.0,1.0,0.0,19.0,11.0,14.0,36.0,33.0,0.0,63.0,0.0,10.0,0.0,1.0,56.0,2.0,2.0,2.0,8.0,7.0,21.0,6.0,1.0,94.0,1.0,21.0,8.0,9.0
2024-07-21,3.0,1.0,0.0,18.0,11.0,24.0,34.0,29.0,0.0,75.0,1.0,6.0,1.0,2.0,60.0,6.0,3.0,1.0,7.0,11.0,19.0,7.0,4.0,100.0,2.0,13.0,10.0,9.0
2024-07-22,4.0,1.0,0.0,19.0,6.0,27.0,33.0,26.0,0.0,59.0,0.0,3.0,0.0,2.0,63.0,2.0,4.0,1.0,2.0,8.0,17.0,7.0,6.0,97.0,1.0,9.0,10.0,10.0
2024-07-23,6.0,1.0,0.0,22.0,11.0,28.0,40.0,32.0,0.0,56.0,0.0,2.0,0.0,4.0,62.0,2.0,5.0,0.0,5.0,10.0,19.0,13.0,5.0,63.0,2.0,14.0,6.0,10.0
2024-07-24,2.0,3.0,0.0,19.0,9.0,23.0,29.0,28.0,0.0,56.0,1.0,1.0,1.0,1.0,52.0,1.0,4.0,1.0,2.0,9.0,16.0,7.0,1.0,8.0,1.0,16.0,13.0,16.0
2024-07-25,4.0,2.0,0.0,19.0,8.0,28.0,36.0,41.0,0.0,68.0,0.0,5.0,0.0,1.0,50.0,1.0,4.0,4.0,7.0,8.0,15.0,8.0,5.0,12.0,2.0,13.0,8.0,9.0
2024-07-26,5.0,1.0,0.0,23.0,10.0,8.0,41.0,35.0,0.0,63.0,0.0,9.0,1.0,0.0,65.0,2.0,3.0,2.0,7.0,8.0,18.0,5.0,4.0,126.0,1.0,19.0,7.0,4.0
2024-07-27,5.0,2.0,0.0,18.0,11.0,2.0,28.0,39.0,0.0,47.0,0.0,4.0,0.0,1.0,73.0,2.0,2.0,0.0,8.0,10.0,18.0,12.0,2.0,133.0,2.0,15.0,6.0,14.0
2024-07-28,4.0,2.0,0.0,11.0,13.0,0.0,29.0,36.0,0.0,61.0,0.0,11.0,0.0,2.0,65.0,0.0,4.0,2.0,6.0,9.0,22.0,5.0,3.0,118.0,2.0,10.0,10.0,9.0
2024-07-29,4.0,0.0,0.0,13.0,5.0,2.0,37.0,34.0,0.0,59.0,1.0,11.0,0.0,1.0,62.0,2.0,1.0,1.0,5.0,5.0,19.0,15.0,6.0,121.0,0.0,12.0,6.0,10.0
2024-07-30,5.0,1.0,0.0,19.0,9.0,26.0,42.0,32.0,0.0,71.0,0.0,3.0,0.0,1.0,49.0,0.0,6.0,3.0,5.0,6.0,21.0,7.0,3.0,85.0,1.0,19.0,9.0,8.0
2024-07-31,6.0,1.0,0.0,16.0,13.0,57.0,40.0,28.0,0.0,62.0,0.0,6.0,1.0,2.0,66.0,1.0,4.0,0.0,4.0,5.0,20.0,11.0,6.0,71.0,2.0,18.0,7.0,16.0
2024-08-01,4.0,1.0,0.0,26.0,11.0,44.0,39.0,37.0,0.0,74.0,0.0,8.0,1.0,4.0,44.0,1.0,2.0,0.0,6.0,8.0,20.0,6.0,3.0,80.0,2.0,13.0,13.0,9.0
2024-08-02,12.0,2.0,0.0,16.0,4.0,12.0,39.0,23.0,0.0,52.0,0.0,8.0,0.0,0.0,44.0,1.0,1.0,3.0,11.0,8.0,9.0,10.0,3.0,93.0,3.0,17.0,4.0,8.0
2024-08-03,7.0,0.0,0.0,17.0,10.0,14.0,35.0,35.0,0.0,66.0,0.0,10.0,0.0,3.0,70.0,3.0,2.0,0.0,6.0,9.0,18.0,6.0,3.0,100.0,3.0,16.0,6.0,12.0
2024-08-04,2.0,2.0,0.0,17.0,7.0,21.0,24.0,41.0,0.0,71.0,1.0,8.0,0.0,0.0,60.0,1.0,3.0,0.0,4.0,7.0,23.0,9.0,4.0,85.0,0.0,9.0,8.0,11.0
2024-08-05,6.0,0.0,1.0,23.0,9.0,12.0,40.0,29.0,0.0,54.0,0.0,10.0,1.0,2.0,72.0,1.0,3.0,2.0,5.0,10.0,22.0,9.0,5.0,103.0,1.0,15.0,10.0,7.0
2024-08-06,6.0,2.0,0.0,23.0,10.0,23.0,37.0,36.0,0.0,54.0,0.0,6.0,0.0,0.0,63.0,0.0,6.0,0.0,4.0,9.0,13.0,11.0,3.0,82.0,2.0,12.0,13.0,8.0
2024-08-07,6.0,0.0,0.0,23.0,4.0,35.0,38.0,27.0,0.0,76.0,0.0,7.0,0.0,3.0,55.0,1.0,2.0,0.0,5.0,6.0,10.0,9.0,3.0,81.0,0.0,15.0,4.0,13.0
2024-08-08,5.0,1.0,0.0,24.0,9.0,17.0,32.0,31.0,0.0,64.0,0.0,5.0,0.0,1.0,55.0,1.0,3.0,3.0,7.0,5.0,17.0,5.0,3.0,94.0,2.0,16.0,16.0,12.0
2024-08-09,4.0,1.0,0.0,16.0,8.0,3.0,35.0,31.0,0.0,51.0,0.0,6.0,2.0,3.0,49.0,0.0,2.0,1.0,6.0,11.0,13.0,10.0,4.0,101.0,1.0,19.0,7.0,7.0
2024-08-10,6.0,1.0,0.0,21.0,8.0,2.0,36.0,29.0,0.0,63.0,0.0,7.0,0.0,2.0,69.0,2.0,4.0,2.0,7.0,9.0,20.0,10.0,4.0,100.0,0.0,14.0,7.0,13.0
2024-08-11,3.0,2.0,0.0,20.0,6.0,25.0,44.0,37.0,0.0,60.0,1.0,9.0,0.0,0.0,53.0,3.0,4.0,0.0,4.0,8.0,25.0,6.0,2.0,84.0,2.0,5.0,8.0,11.0
2024-08-12,3.0,1.0,0.0,12.0,11.0,38.0,39.0,37.0,0.0,63.0,1.0,13.0,0.0,0.0,64.0,0.0,5.0,2.0,6.0,10.0,14.0,8.0,2.0,95.0,1.0,3.0,9.0,8.0
2024-08-13,4.0,1.0,0.0,18.0,9.0,25.0,34.0,33.0,0.0,54.0,0.0,5.0,0.0,0.0,55.0,1.0,4.0,1.0,6.0,6.0,13.0,12.0,4.0,88.0,1.0,17.0,8.0,10.0
2024-08-14,6.0,2.0,0.0,20.0,9.0,0.0,31.0,32.0,0.0,64.0,0.0,5.0,0.0,2.0,73.0,0.0,2.0,1.0,3.0,9.0,16.0,10.0,3.0,89.0,0.0,23.0,9.0,12.0
2024-08-15,10.0,0.0,0.0,16.0,6.0,18.0,34.0,36.0,0.0,69.0,0.0,3.0,2.0,1.0,52.0,1.0,2.0,0.0,5.0,6.0,12.0,9.0,3.0,69.0,3.0,21.0,4.0,5.0
2024-08-16,5.0,0.0,0.0,17.0,10.0,34.0,40.0,32.0,0.0,57.0,0.0,2.0,0.0,3.0,68.0,1.0,5.0,0.0,6.0,10.0,16.0,8.0,8.0,68.0,1.0,11.0,2.0,4.0
2024-08-17,6.0,0.0,1.0,25.0,5.0,39.0,36.0,36.0,0.0,56.0,0.0,5.0,0.0,0.0,58.0,1.0,1.0,3.0,13.0,10.0,9.0,6.0,2.0,96.0,1.0,17.0,4.0,10.0
2024-08-18,7.0,0.0,0.0,16.0,9.0,11.0,32.0,38.0,0.0,76.0,1.0,8.0,0.0,1.0,79.0,1.0,2.0,1.0,3.0,9.0,14.0,9.0,4.0,77.0,0.0,9.0,12.0,11.0
2024-08-19,6.0,1.0,0.0,12.0,9.0,19.0,39.0,34.0,0.0,71.0,0.0,7.0,0.0,0.0,51.0,1.0,2.0,0.0,8.0,6.0,17.0,11.0,5.0,86.0,2.0,18.0,9.0,9.0
2024-08-20,6.0,0.0,0.0,21.0,7.0,22.0,43.0,27.0,0.0,53.0,0.0,6.0,0.0,2.0,65.0,2.0,2.0,1.0,11.0,6.0,18.0,9.0,2.0,86.0,3.0,17.0,8.0,8.0
2024-08-21,9.0,0.0,0.0,18.0,2.0,21.0,30.0,26.0,0.0,68.0,0.0,5.0,0.0,0.0,65.0,2.0,4.0,1.0,4.0,8.0,15.0,11.0,9.0,99.0,0.0,15.0,10.0,11.0
2024-08-22,7.0,0.0,0.0,24.0,10.0,13.0,34.0,28.0,0.0,56.0,1.0,7.0,0.0,1.0,47.0,0.0,5.0,4.0,4.0,6.0,25.0,5.0,5.0,70.0,2.0,11.0,6.0,7.0
2024-08-23,4.0,3.0,0.0,20.0,11.0,22.0,32.0,34.0,0.0,60.0,0.0,4.0,1.0,3.0,69.0,1.0,3.0,1.0,8.0,11.0,27.0,6.0,3.0,99.0,0.0,14.0,8.0,12.0
2024-08-24,5.0,2.0,0.0,23.0,10.0,26.0,35.0,25.0,0.0,72.0,0.0,4.0,0.0,1.0,64.0,2.0,2.0,3.0,5.0,9.0,17.0,13.0,3.0,106.0,2.0,13.0,9.0,10.0
2024-08-25,8.0,0.0,1.0,18.0,7.0,20.0,40.0,36.0,0.0,65.0,0.0,15.0,0.0,3.0,65.0,2.0,4.0,0.0,9.0,8.0,16.0,14.0,3.0,103.0,1.0,16.0,10.0,10.0
2024-08-26,5.0,1.0,0.0,18.0,9.0,12.0,36.0,45.0,0.0,80.0,1.0,3.0,1.0,2.0,56.0,1.0,5.0,1.0,0.0,9.0,21.0,10.0,5.0,90.0,1.0,17.0,6.0,6.0
2024-08-27,11.0,0.0,0.0,25.0,9.0,1.0,29.0,28.0,0.0,84.0,0.0,1.0,1.0,0.0,56.0,1.0,9.0,2.0,6.0,7.0,24.0,8.0,7.0,90.0,2.0,14.0,10.0,7.0
2024-08-28,3.0,2.0,2.0,21.0,9.0,1.0,27.0,32.0,0.0,44.0,0.0,5.0,0.0,1.0,60.0,0.0,3.0,0.0,5.0,11.0,13.0,9.0,2.0,91.0,0.0,20.0,9.0,14.0
2024-08-29,3.0,0.0,0.0,19.0,5.0,7.0,34.0,28.0,0.0,39.0,0.0,6.0,1.0,2.0,66.0,2.0,3.0,1.0,7.0,4.0,18.0,7.0,4.0,92.0,0.0,16.0,6.0,14.0
2024-08-30,8.0,0.0,0.0,18.0,9.0,40.0,40.0,33.0,0.0,85.0,0.0,10.0,0.0,3.0,58.0,1.0,4.0,2.0,7.0,10.0,17.0,9.0,3.0,94.0,1.0,15.0,4.0,7.0
2024-08-31,6.0,1.0,0.0,22.0,10.0,49.0,43.0,35.0,0.0,72.0,0.0,9.0,0.0,5.0,48.0,1.0,0.0,1.0,8.0,11.0,15.0,8.0,4.0,104.0,3.0,17.0,5.0,10.0
2024-09-01,5.0,2.0,1.0,16.0,9.0,21.0,35.0,35.0,0.0,70.0,0.0,6.0,1.0,2.0,64.0,6.0,4.0,1.0,1.0,10.0,26.0,8.0,3.0,82.0,3.0,20.0,10.0,10.0
2024-09-02,5.0,2.0,1.0,19.0,7.0,27.0,39.0,27.0,0.0,67.0,0.0,6.0,0.0,2.0,68.0,4.0,3.0,1.0,7.0,5.0,18.0,13.0,4.0,87.0,3.0,15.0,6.0,9.0
2024-09-03,2.0,0.0,0.0,23.0,10.0,26.0,38.0,29.0,0.0,50.0,0.0,4.0,0.0,2.0,51.0,1.0,4.0,5.0,10.0,8.0,23.0,6.0,2.0,83.0,1.0,16.0,12.0,9.0
2024-09-04,5.0,2.0,1.0,20.0,8.0,18.0,37.0,25.0,0.0,61.0,0.0,9.0,0.0,3.0,67.0,2.0,3.0,5.0,3.0,8.0,19.0,4.0,4.0,70.0,0.0,11.0,6.0,10.0
2024-09-05,9.0,0.0,0.0,20.0,9.0,23.0,33.0,33.0,0.0,65.0,0.0,17.0,0.0,2.0,53.0,2.0,3.0,1.0,6.0,5.0,20.0,5.0,4.0,59.0,1.0,17.0,5.0,8.0
2024-09-06,8.0,2.0,0.0,28.0,9.0,24.0,41.0,33.0,0.0,69.0,0.0,10.0,1.0,1.0,66.0,2.0,4.0,0.0,9.0,8.0,27.0,7.0,4.0,90.0,6.0,15.0,6.0,5.0
2024-09-07,8.0,3.0,0.0,17.0,7.0,18.0,37.0,27.0,0.0,49.0,0.0,11.0,0.0,1.0,52.0,2.0,1.0,2.0,9.0,9.0,8.0,6.0,4.0,69.0,2.0,17.0,11.0,11.0
2024-09-08,6.0,1.0,0.0,16.0,8.0,16.0,29.0,33.0,0.0,73.0,0.0,6.0,0.0,2.0,66.0,1.0,2.0,0.0,9.0,12.0,15.0,8.0,6.0,87.0,0.0,15.0,13.0,14.0
2024-09-09,5.0,1.0,0.0,27.0,7.0,15.0,33.0,34.0,0.0,58.0,1.0,9.0,0.0,1.0,49.0,3.0,6.0,0.0,6.0,6.0,16.0,14.0,5.0,82.0,2.0,17.0,4.0,6.0
2024-09-10,5.0,0.0,0.0,12.0,9.0,17.0,26.0,29.0,0.0,63.0,0.0,12.0,1.0,2.0,42.0,1.0,8.0,1.0,6.0,7.0,24.0,5.0,5.0,87.0,1.0,14.0,3.0,10.0
2024-09-11,7.0,1.0,0.0,16.0,4.0,34.0,40.0,29.0,0.0,61.0,0.0,6.0,1.0,0.0,55.0,3.0,2.0,0.0,4.0,6.0,18.0,4.0,1.0,107.0,1.0,13.0,9.0,15.0
2024-09-12,8.0,2.0,0.0,17.0,11.0,13.0,29.0,38.0,0.0,60.0,0.0,4.0,0.0,4.0,65.0,1.0,3.0,3.0,3.0,4.0,20.0,11.0,5.0,106.0,1.0,14.0,9.0,8.0
2024-09-13,7.0,0.0,1.0,24.0,8.0,23.0,31.0,22.0,0.0,54.0,0.0,12.0,0.0,1.0,55.0,2.0,3.0,1.0,4.0,11.0,20.0,5.0,6.0,69.0,2.0,14.0,4.0,4.0
2024-09-14,2.0,2.0,0.0,15.0,13.0,21.0,49.0,32.0,0.0,69.0,1.0,8.0,1.0,1.0,55.0,2.0,2.0,0.0,10.0,14.0,20.0,13.0,5.0,91.0,1.0,12.0,8.0,11.0
2024-09-15,8.0,2.0,0.0,17.0,10.0,16.0,40.0,36.0,0.0,77.0,0.0,1.0,0.0,2.0,71.0,1.0,1.0,0.0,7.0,9.0,13.0,11.0,3.0,98.0,1.0,15.0,12.0,10.0
2024-09-16,3.0,2.0,1.0,21.0,8.0,19.0,45.0,29.0,0.0,40.0,0.0,11.0,0.0,0.0,67.0,1.0,5.0,1.0,2.0,5.0,21.0,8.0,4.0,58.0,1.0,9.0,7.0,9.0
2024-09-17,7.0,1.0,1.0,22.0,7.0,20.0,33.0,25.0,0.0,46.0,0.0,5.0,0.0,2.0,67.0,4.0,3.0,2.0,6.0,6.0,20.0,9.0,11.0,73.0,1.0,18.0,13.0,7.0
2024-09-18,4.0,0.0,0.0,18.0,5.0,14.0,37.0,29.0,0.0,69.0,0.0,13.0,0.0,3.0,62.0,3.0,1.0,1.0,6.0,11.0,19.0,11.0,3.0,75.0,2.0,12.0,8.0,14.0
2024-09-19,7.0,0.0,0.0,16.0,9.0,14.0,45.0,36.0,0.0,83.0,0.0,7.0,0.0,1.0,70.0,1.0,2.0,0.0,3.0,8.0,16.0,11.0,3.0,100.0,2.0,13.0,4.0,7.0
2024-09-20,5.0,2.0,0.0,13.0,13.0,22.0,26.0,29.0,0.0,53.0,0.0,4.0,2.0,4.0,58.0,1.0,4.0,4.0,7.0,12.0,17.0,7.0,6.0,70.0,2.0,12.0,8.0,6.0
2024-09-21,8.0,1.0,0.0,16.0,11.0,16.0,32.0,38.0,0.0,59.0,0.0,6.0,1.0,2.0,59.0,1.0,4.0,2.0,7.0,10.0,16.0,9.0,3.0,105.0,1.0,12.0,8.0,12.0
2024-09-22,8.0,0.0,1.0,24.0,8.0,24.0,39.0,37.0,0.0,52.0,1.0,10.0,0.0,2.0,61.0,3.0,3.0,0.0,6.0,9.0,17.0,10.0,5.0,91.0,0.0,6.0,13.0,9.0
2024-09-23,3.0,0.0,0.0,11.0,9.0,28.0,27.0,32.0,0.0,53.0,0.0,9.0,0.0,4.0,62.0,0.0,6.0,1.0,4.0,7.0,13.0,4.0,3.0,87.0,5.0,12.0,6.0,7.0
2024-09-24,4.0,3.0,1.0,0.0,9.0,24.0,34.0,32.0,0.0,70.0,0.0,6.0,0.0,4.0,45.0,1.0,5.0,0.0,7.0,5.0,15.0,9.0,5.0,96.0,1.0,13.0,11.0,6.0
2024-09-25,6.0,0.0,0.0,54.0,6.0,22.0,39.0,28.0,0.0,67.0,0.0,10.0,1.0,0.0,50.0,3.0,3.0,0.0,3.0,11.0,11.0,6.0,6.0,87.0,0.0,10.0,14.0,2.0
2024-09-26,4.0,1.0,0.0,21.0,6.0,20.0,29.0,26.0,0.0,65.0,0.0,9.0,0.0,1.0,54.0,0.0,2.0,2.0,3.0,4.0,16.0,9.0,2.0,81.0,0.0,23.0,10.0,9.0
2024-09-27,5.0,0.0,0.0,18.0,4.0,21.0,40.0,23.0,0.0,60.0,0.0,6.0,1.0,0.0,46.0,3.0,2.0,2.0,2.0,9.0,25.0,8.0,3.0,97.0,3.0,16.0,5.0,15.0
2024-09-28,5.0,1.0,0.0,28.0,6.0,14.0,37.0,45.0,0.0,58.0,0.0,4.0,0.0,0.0,50.0,3.0,1.0,2.0,7.0,9.0,20.0,6.0,3.0,91.0,1.0,21.0,6.0,11.0
2024-09-29,4.0,0.0,0.0,29.0,10.0,4.0,31.0,21.0,0.0,68.0,0.0,0.0,0.0,4.0,63.0,2.0,3.0,1.0,5.0,12.0,18.0,3.0,4.0,120.0,1.0,10.0,9.0,9.0
2024-09-30,2.0,2.0,0.0,14.0,9.0,3.0,40.0,46.0,0.0,70.0,0.0,0.0,0.0,3.0,53.0,4.0,7.0,3.0,5.0,2.0,11.0,8.0,4.0,65.0,1.0,10.0,11.0,9.0
2024-10-01,10.0,2.0,1.0,17.0,11.0,23.0,47.0,43.0,0.0,66.0,0.0,0.0,0.0,1.0,60.0,2.0,3.0,0.0,5.0,6.0,14.0,7.0,3.0,17.0,1.0,8.0,11.0,15.0
2024-10-02,5.0,0.0,0.0,21.0,8.0,29.0,36.0,20.0,0.0,63.0,0.0,10.0,0.0,1.0,64.0,3.0,1.0,3.0,4.0,7.0,27.0,14.0,5.0,1.0,2.0,6.0,8.0,10.0
2024-10-03,7.0,1.0,0.0,21.0,4.0,31.0,36.0,33.0,0.0,59.0,1.0,22.0,1.0,0.0,46.0,2.0,0.0,1.0,2.0,6.0,20.0,4.0,4.0,42.0,3.0,13.0,9.0,8.0
2024-10-04,1.0,0.0,0.0,17.0,13.0,25.0,33.0,32.0,0.0,61.0,1.0,20.0,0.0,4.0,72.0,0.0,5.0,1.0,5.0,5.0,20.0,6.0,6.0,172.0,2.0,18.0,5.0,11.0
2024-10-05,8.0,1.0,0.0,12.0,9.0,28.0,36.0,39.0,0.0,49.0,0.0,15.0,1.0,3.0,55.0,0.0,4.0,3.0,6.0,13.0,14.0,11.0,1.0,122.0,1.0,18.0,5.0,11.0
2024-10-06,5.0,2.0,1.0,20.0,9.0,24.0,39.0,30.0,0.0,65.0,0.0,9.0,0.0,0.0,58.0,1.0,3.0,0.0,6.0,11.0,11.0,8.0,1.0,102.0,1.0,6.0,5.0,8.0
2024-10-07,7.0,2.0,0.0,16.0,3.0,21.0,44.0,42.0,0.0,51.0,0.0,6.0,0.0,0.0,48.0,1.0,5.0,3.0,6.0,7.0,15.0,7.0,5.0,82.0,4.0,17.0,8.0,7.0
2024-10-08,8.0,1.0,0.0,18.0,9.0,15.0,30.0,38.0,0.0,62.0,0.0,9.0,1.0,2.0,61.0,1.0,4.0,0.0,7.0,8.0,24.0,8.0,2.0,92.0,0.0,14.0,9.0,5.0
2024-10-09,8.0,1.0,0.0,19.0,9.0,19.0,35.0,28.0,0.0,58.0,0.0,12.0,0.0,1.0,56.0,2.0,3.0,1.0,4.0,9.0,19.0,5.0,3.0,75.0,2.0,6.0,6.0,8.0
2024-10-10,3.0,0.0,0.0,20.0,9.0,12.0,34.0,24.0,0.0,52.0,1.0,4.0,0.0,0.0,54.0,3.0,3.0,2.0,6.0,6.0,18.0,10.0,10.0,74.0,2.0,14.0,6.0,11.0
2024-10-11,3.0,2.0,1.0,24.0,7.0,17.0,35.0,19.0,0.0,62.0,0.0,14.0,1.0,2.0,64.0,2.0,3.0,2.0,2.0,6.0,17.0,8.0,3.0,88.0,2.0,19.0,2.0,6.0
2024-10-12,12.0,1.0,0.0,21.0,10.0,22.0,24.0,39.0,0.0,68.0,0.0,7.0,0.0,0.0,70.0,1.0,2.0,2.0,5.0,10.0,23.0,8.0,0.0,97.0,1.0,9.0,4.0,11.0
2024-10-13,7.0,1.0,0.0,24.0,6.0,21.0,42.0,29.0,0.0,70.0,1.0,9.0,0.0,2.0,60.0,2.0,4.0,1.0,7.0,10.0,14.0,11.0,5.0,100.0,1.0,10.0,7.0,9.0
2024-10-14,4.0,0.0,0.0,27.0,3.0,13.0,36.0,30.0,0.0,60.0,0.0,6.0,0.0,1.0,65.0,1.0,2.0,1.0,8.0,9.0,18.0,17.0,5.0,102.0,5.0,7.0,10.0,7.0
2024-10-15,5.0,2.0,0.0,19.0,15.0,14.0,34.0,43.0,0.0,54.0,0.0,17.0,1.0,2.0,62.0,2.0,5.0,2.0,6.0,5.0,16.0,7.0,3.0,86.0,0.0,9.0,10.0,8.0
2024-10-16,6.0,2.0,0.0,23.0,4.0,20.0,30.0,27.0,0.0,54.0,0.0,5.0,0.0,5.0,67.0,5.0,4.0,2.0,2.0,6.0,17.0,12.0,3.0,73.0,1.0,8.0,7.0,14.0
2024-10-17,8.0,2.0,0.0,13.0,12.0,17.0,36.0,29.0,0.0,68.0,0.0,7.0,0.0,0.0,67.0,2.0,4.0,2.0,2.0,9.0,20.0,7.0,7.0,89.0,0.0,11.0,5.0,12.0
2024-10-18,8.0,0.0,0.0,10.0,10.0,31.0,26.0,31.0,0.0,46.0,1.0,9.0,1.0,1.0,58.0,2.0,2.0,2.0,4.0,9.0,14.0,9.0,4.0,82.0,4.0,5.0,6.0,7.0
2024-10-19,6.0,1.0,0.0,20.0,9.0,16.0,37.0,30.0,0.0,36.0,0.0,10.0,0.0,1.0,66.0,2.0,2.0,1.0,7.0,9.0,29.0,9.0,4.0,92.0,1.0,10.0,5.0,11.0
2024-10-20,8.0,1.0,0.0,26.0,6.0,14.0,40.0,33.0,0.0,52.0,1.0,5.0,0.0,2.0,59.0,1.0,5.0,1.0,9.0,9.0,27.0,3.0,7.0,69.0,0.0,12.0,2.0,13.0
2024-10-21,6.0,1.0,0.0,21.0,9.0,21.0,24.0,39.0,0.0,69.0,0.0,7.0,1.0,1.0,62.0,0.0,3.0,3.0,5.0,6.0,17.0,12.0,5.0,86.0,1.0,9.0,7.0,11.0
2024-10-22,6.0,3.0,0.0,21.0,6.0,18.0,34.0,39.0,0.0,67.0,0.0,2.0,1.0,4.0,52.0,3.0,4.0,0.0,7.0,7.0,17.0,16.0,2.0,91.0,3.0,8.0,11.0,13.0
2024-10-23,5.0,2.0,0.0,23.0,11.0,18.0,40.0,32.0,0.0,59.0,0.0,0.0,1.0,4.0,64.0,4.0,5.0,0.0,4.0,8.0,19.0,6.0,5.0,43.0,1.0,10.0,6.0,11.0
2024-10-24,7.0,0.0,0.0,25.0,11.0,16.0,35.0,30.0,0.0,58.0,1.0,3.0,0.0,2.0,55.0,0.0,3.0,0.0,4.0,6.0,10.0,7.0,3.0,40.0,0.0,17.0,9.0,13.0
2024-10-25,8.0,1.0,0.0,18.0,10.0,25.0,28.0,36.0,0.0,60.0,0.0,6.0,0.0,2.0,59.0,4.0,3.0,1.0,11.0,6.0,19.0,12.0,4.0,123.0,2.0,16.0,5.0,10.0
2024-10-26,6.0,0.0,1.0,20.0,10.0,17.0,35.0,35.0,0.0,56.0,0.0,22.0,0.0,1.0,56.0,2.0,1.0,2.0,11.0,10.0,27.0,9.0,5.0,99.0,1.0,11.0,5.0,7.0
2024-10-27,3.0,1.0,0.0,24.0,8.0,11.0,34.0,30.0,0.0,78.0,1.0,13.0,0.0,2.0,54.0,1.0,2.0,1.0,7.0,11.0,23.0,10.0,4.0,96.0,0.0,11.0,11.0,11.0
2024-10-28,5.0,3.0,0.0,19.0,6.0,14.0,35.0,36.0,0.0,58.0,0.0,2.0,0.0,2.0,54.0,2.0,1.0,1.0,3.0,9.0,14.0,10.0,5.0,93.0,1.0,10.0,9.0,10.0
2024-10-29,6.0,3.0,1.0,25.0,8.0,37.0,37.0,35.0,0.0,65.0,0.0,0.0,1.0,2.0,56.0,2.0,4.0,1.0,5.0,11.0,16.0,11.0,4.0,86.0,2.0,11.0,9.0,11.0
2024-10-30,3.0,2.0,0.0,20.0,8.0,22.0,38.0,22.0,0.0,61.0,0.0,0.0,0.0,2.0,49.0,5.0,4.0,2.0,4.0,9.0,17.0,7.0,3.0,27.0,1.0,12.0,4.0,11.0
2024-10-31,9.0,1.0,0.0,20.0,9.0,23.0,41.0,32.0,0.0,67.0,0.0,4.0,0.0,3.0,61.0,1.0,4.0,1.0,0.0,10.0,11.0,8.0,4.0,19.0,1.0,12.0,5.0,11.0
2024-11-01,9.0,0.0,0.0,21.0,13.0,25.0,33.0,26.0,0.0,52.0,0.0,13.0,1.0,1.0,61.0,2.0,4.0,1.0,2.0,12.0,22.0,10.0,7.0,124.0,2.0,13.0,5.0,8.0
2024-11-02,9.0,1.0,0.0,19.0,12.0,22.0,38.0,25.0,0.0,49.0,0.0,12.0,0.0,0.0,55.0,0.0,2.0,0.0,5.0,11.0,14.0,10.0,5.0,108.0,1.0,10.0,8.0,13.0
2024-11-03,8.0,0.0,0.0,18.0,8.0,20.0,35.0,29.0,0.0,67.0,1.0,12.0,0.0,3.0,64.0,2.0,5.0,1.0,11.0,7.0,11.0,4.0,6.0,130.0,4.0,2.0,8.0,10.0
2024-11-04,6.0,1.0,0.0,20.0,12.0,12.0,27.0,35.0,0.0,59.0,0.0,7.0,0.0,1.0,60.0,1.0,4.0,1.0,5.0,9.0,21.0,10.0,2.0,88.0,1.0,9.0,7.0,9.0
2024-11-05,7.0,1.0,0.0,19.0,10.0,20.0,28.0,28.0,0.0,50.0,0.0,7.0,1.0,2.0,39.0,2.0,3.0,0.0,5.0,6.0,14.0,9.0,2.0,72.0,1.0,7.0,14.0,7.0
2024-11-06,4.0,0.0,0.0,14.0,12.0,24.0,40.0,39.0,0.0,60.0,0.0,0.0,0.0,1.0,43.0,1.0,3.0,3.0,8.0,6.0,25.0,12.0,3.0,74.0,0.0,6.0,9.0,7.0
2024-11-07,9.0,1.0,0.0,24.0,13.0,14.0,35.0,38.0,0.0,59.0,0.0,0.0,1.0,1.0,52.0,0.0,2.0,4.0,8.0,6.0,23.0,9.0,5.0,81.0,2.0,6.0,6.0,11.0
2024-11-08,10.0,1.0,0.0,18.0,5.0,18.0,31.0,23.0,0.0,50.0,0.0,14.0,1.0,2.0,48.0,2.0,6.0,2.0,6.0,4.0,20.0,10.0,7.0,100.0,2.0,7.0,2.0,11.0
2024-11-09,5.0,1.0,0.0,22.0,10.0,12.0,40.0,31.0,0.0,49.0,0.0,12.0,0.0,1.0,63.0,0.0,5.0,2.0,9.0,11.0,17.0,10.0,0.0,73.0,1.0,9.0,4.0,12.0
2024-11-10,3.0,0.0,0.0,16.0,9.0,22.0,47.0,32.0,0.0,55.0,1.0,11.0,0.0,1.0,65.0,3.0,4.0,0.0,7.0,9.0,21.0,4.0,1.0,89.0,0.0,8.0,6.0,9.0
2024-11-11,9.0,2.0,0.0,26.0,10.0,20.0,43.0,41.0,0.0,72.0,1.0,7.0,1.0,1.0,69.0,1.0,3.0,0.0,7.0,11.0,19.0,9.0,1.0,73.0,2.0,7.0,7.0,14.0
2024-11-12,10.0,2.0,0.0,19.0,9.0,19.0,40.0,26.0,0.0,53.0,0.0,11.0,1.0,2.0,50.0,2.0,5.0,1.0,4.0,7.0,15.0,6.0,2.0,95.0,2.0,6.0,12.0,13.0
2024-11-13,6.0,0.0,1.0,15.0,13.0,12.0,37.0,31.0,0.0,49.0,0.0,4.0,0.0,0.0,44.0,5.0,2.0,1.0,5.0,8.0,14.0,9.0,1.0,98.0,1.0,12.0,5.0,9.0
2024-11-14,6.0,1.0,0.0,25.0,3.0,19.0,29.0,37.0,0.0,59.0,0.0,0.0,0.0,0.0,67.0,3.0,2.0,3.0,11.0,8.0,18.0,11.0,4.0,84.0,1.0,8.0,7.0,10.0
2024-11-15,6.0,2.0,1.0,22.0,12.0,23.0,32.0,31.0,0.0,63.0,0.0,1.0,1.0,4.0,62.0,4.0,2.0,3.0,2.0,5.0,12.0,7.0,2.0,91.0,1.0,10.0,7.0,7.0
2024-11-16,4.0,2.0,0.0,16.0,12.0,16.0,42.0,31.0,0.0,50.0,0.0,4.0,0.0,2.0,55.0,3.0,0.0,0.0,6.0,10.0,14.0,9.0,8.0,80.0,2.0,8.0,5.0,15.0
2024-11-17,7.0,2.0,0.0,23.0,9.0,17.0,28.0,33.0,0.0,69.0,2.0,13.0,0.0,2.0,69.0,0.0,3.0,0.0,4.0,11.0,22.0,5.0,4.0,65.0,1.0,9.0,7.0,6.0
2024-11-18,8.0,1.0,0.0,12.0,8.0,24.0,48.0,44.0,0.0,51.0,0.0,7.0,1.0,2.0,55.0,1.0,4.0,1.0,2.0,8.0,21.0,12.0,1.0,59.0,1.0,8.0,10.0,3.0
2024-11-19,4.0,2.0,0.0,24.0,9.0,22.0,26.0,33.0,0.0,57.0,0.0,19.0,0.0,3.0,64.0,3.0,7.0,2.0,8.0,7.0,11.0,12.0,1.0,96.0,2.0,12.0,9.0,9.0
2024-11-20,4.0,0.0,0.0,20.0,12.0,19.0,44.0,32.0,0.0,49.0,0.0,16.0,0.0,1.0,68.0,0.0,3.0,1.0,3.0,7.0,12.0,6.0,4.0,99.0,0.0,10.0,13.0,15.0
2024-11-21,6.0,1.0,0.0,21.0,10.0,22.0,26.0,37.0,0.0,46.0,0.0,16.0,1.0,0.0,71.0,2.0,2.0,2.0,9.0,7.0,10.0,11.0,6.0,97.0,1.0,6.0,6.0,7.0
2024-11-22,6.0,1.0,0.0,18.0,3.0,22.0,29.0,25.0,0.0,64.0,0.0,7.0,1.0,1.0,50.0,2.0,3.0,2.0,5.0,8.0,23.0,6.0,3.0,65.0,0.0,5.0,4.0,12.0
2024-11-23,6.0,0.0,0.0,19.0,5.0,17.0,30.0,31.0,0.0,47.0,1.0,5.0,0.0,2.0,55.0,1.0,2.0,0.0,4.0,12.0,9.0,16.0,5.0,78.0,1.0,6.0,3.0,10.0
2024-11-24,13.0,1.0,0.0,23.0,13.0,17.0,36.0,31.0,0.0,57.0,1.0,10.0,0.0,0.0,66.0,3.0,3.0,1.0,5.0,6.0,13.0,12.0,4.0,104.0,2.0,11.0,6.0,12.0
2024-11-25,7.0,0.0,0.0,18.0,13.0,20.0,17.0,36.0,0.0,62.0,0.0,10.0,0.0,4.0,60.0,2.0,2.0,0.0,6.0,9.0,12.0,8.0,2.0,82.0,2.0,4.0,6.0,11.0
2024-11-26,8.0,2.0,0.0,15.0,12.0,10.0,30.0,26.0,0.0,51.0,0.0,6.0,1.0,3.0,50.0,0.0,4.0,1.0,8.0,6.0,11.0,6.0,1.0,79.0,1.0,5.0,5.0,6.0
2024-11-27,8.0,2.0,0.0,10.0,6.0,19.0,27.0,24.0,0.0,41.0,0.0,5.0,0.0,0.0,68.0,3.0,2.0,0.0,5.0,5.0,10.0,6.0,3.0,94.0,0.0,7.0,8.0,15.0
2024-11-28,7.0,0.0,0.0,23.0,9.0,30.0,43.0,34.0,1.0,55.0,0.0,9.0,0.0,1.0,48.0,1.0,1.0,1.0,5.0,7.0,11.0,15.0,4.0,79.0,0.0,7.0,5.0,6.0
2024-11-29,14.0,0.0,0.0,32.0,9.0,23.0,34.0,37.0,0.0,60.0,0.0,8.0,3.0,0.0,73.0,0.0,2.0,1.0,4.0,9.0,14.0,6.0,4.0,66.0,1.0,6.0,6.0,10.0
2024-11-30,8.0,2.0,0.0,31.0,9.0,14.0,36.0,33.0,0.0,55.0,0.0,8.0,0.0,2.0,61.0,1.0,2.0,2.0,8.0,10.0,18.0,9.0,8.0,82.0,3.0,9.0,11.0,12.0
2024-12-01,4.0,0.0,0.0,24.0,14.0,15.0,34.0,30.0,0.0,56.0,1.0,10.0,1.0,3.0,55.0,1.0,3.0,3.0,4.0,9.0,9.0,9.0,4.0,91.0,0.0,10.0,8.0,5.0
2024-12-02,5.0,0.0,0.0,19.0,13.0,25.0,38.0,45.0,0.0,58.0,0.0,9.0,1.0,4.0,54.0,2.0,3.0,2.0,7.0,9.0,11.0,8.0,3.0,80.0,1.0,12.0,6.0,11.0
2024-12-03,6.0,1.0,0.0,22.0,9.0,29.0,38.0,31.0,0.0,46.0,0.0,5.0,2.0,1.0,59.0,1.0,6.0,1.0,5.0,7.0,15.0,9.0,3.0,84.0,1.0,6.0,6.0,7.0
2024-12-04,3.0,3.0,0.0,23.0,5.0,20.0,39.0,34.0,0.0,49.0,0.0,10.0,0.0,4.0,62.0,5.0,1.0,2.0,3.0,10.0,16.0,10.0,4.0,96.0,1.0,7.0,7.0,9.0
2024-12-05,5.0,0.0,0.0,34.0,8.0,22.0,26.0,21.0,0.0,52.0,0.0,7.0,0.0,1.0,60.0,0.0,5.0,0.0,3.0,10.0,8.0,9.0,2.0,89.0,3.0,9.0,9.0,12.0
2024-12-06,5.0,3.0,0.0,22.0,8.0,13.0,21.0,22.0,0.0,74.0,0.0,9.0,0.0,1.0,57.0,7.0,4.0,1.0,4.0,4.0,7.0,10.0,7.0,96.0,3.0,7.0,7.0,8.0
2024-12-07,9.0,2.0,0.0,18.0,9.0,14.0,46.0,32.0,0.0,55.0,0.0,7.0,0.0,3.0,53.0,1.0,3.0,3.0,7.0,11.0,8.0,8.0,5.0,80.0,2.0,7.0,7.0,9.0
2024-12-08,8.0,1.0,0.0,19.0,11.0,18.0,37.0,37.0,0.0,53.0,1.0,7.0,0.0,3.0,74.0,2.0,2.0,2.0,4.0,7.0,10.0,9.0,3.0,82.0,0.0,13.0,5.0,10.0
2024-12-09,5.0,1.0,0.0,22.0,14.0,23.0,27.0,29.0,0.0,56.0,0.0,11.0,1.0,0.0,60.0,3.0,2.0,0.0,5.0,9.0,13.0,12.0,2.0,108.0,3.0,17.0,9.0,9.0
2024-12-10,12.0,2.0,0.0,21.0,9.0,21.0,30.0,26.0,0.0,34.0,0.0,9.0,0.0,2.0,59.0,1.0,6.0,1.0,1.0,8.0,9.0,7.0,3.0,91.0,0.0,12.0,11.0,11.0
2024-12-11,8.0,2.0,0.0,15.0,7.0,22.0,47.0,32.0,0.0,60.0,0.0,9.0,1.0,4.0,62.0,2.0,0.0,3.0,7.0,7.0,13.0,14.0,5.0,90.0,2.0,4.0,8.0,12.0
2024-12-12,6.0,0.0,0.0,26.0,2.0,12.0,45.0,33.0,0.0,61.0,1.0,8.0,0.0,1.0,62.0,2.0,4.0,0.0,10.0,7.0,15.0,5.0,4.0,87.0,0.0,8.0,3.0,7.0
2024-12-13,7.0,0.0,0.0,13.0,8.0,15.0,36.0,34.0,0.0,56.0,0.0,7.0,1.0,3.0,59.0,1.0,1.0,2.0,6.0,6.0,9.0,9.0,1.0,92.0,1.0,11.0,4.0,6.0
2024-12-14,8.0,0.0,0.0,13.0,14.0,22.0,30.0,29.0,0.0,58.0,0.0,9.0,0.0,1.0,63.0,2.0,2.0,0.0,4.0,11.0,11.0,7.0,2.0,90.0,2.0,6.0,12.0,10.0
2024-12-15,7.0,0.0,0.0,14.0,12.0,13.0,43.0,35.0,0.0,59.0,1.0,15.0,0.0,0.0,64.0,1.0,4.0,1.0,4.0,7.0,14.0,7.0,3.0,96.0,0.0,7.0,4.0,7.0
2024-12-16,4.0,0.0,0.0,22.0,9.0,18.0,43.0,33.0,0.0,51.0,0.0,15.0,0.0,1.0,64.0,2.0,3.0,0.0,2.0,12.0,13.0,11.0,3.0,78.0,2.0,5.0,5.0,15.0
2024-12-17,6.0,3.0,0.0,19.0,0.0,26.0,33.0,32.0,0.0,63.0,0.0,3.0,2.0,1.0,65.0,1.0,4.0,0.0,5.0,6.0,17.0,10.0,2.0,79.0,1.0,6.0,8.0,13.0
2024-12-18,5.0,1.0,0.0,25.0,10.0,20.0,43.0,31.0,0.0,48.0,0.0,9.0,0.0,3.0,64.0,2.0,5.0,2.0,4.0,9.0,7.0,9.0,5.0,93.0,0.0,4.0,5.0,10.0
2024-12-19,6.0,0.0,0.0,16.0,3.0,23.0,36.0,30.0,0.0,38.0,1.0,6.0,0.0,1.0,58.0,3.0,3.0,1.0,6.0,7.0,15.0,7.0,3.0,93.0,1.0,6.0,5.0,11.0
2024-12-20,8.0,0.0,0.0,22.0,10.0,14.0,27.0,35.0,0.0,63.0,0.0,7.0,0.0,1.0,54.0,2.0,1.0,1.0,5.0,5.0,14.0,8.0,6.0,91.0,0.0,8.0,6.0,11.0
2024-12-21,8.0,1.0,0.0,21.0,8.0,20.0,36.0,35.0,0.0,55.0,0.0,10.0,0.0,3.0,67.0,3.0,0.0,2.0,3.0,9.0,16.0,8.0,8.0,94.0,1.0,7.0,7.0,10.0
2024-12-22,3.0,3.0,0.0,19.0,7.0,15.0,31.0,34.0,0.0,53.0,0.0,6.0,0.0,2.0,72.0,0.0,1.0,2.0,7.0,6.0,15.0,9.0,3.0,86.0,1.0,10.0,9.0,12.0
2024-12-23,2.0,1.0,0.0,19.0,2.0,20.0,29.0,36.0,0.0,63.0,0.0,14.0,1.0,5.0,61.0,1.0,2.0,3.0,2.0,6.0,10.0,9.0,3.0,101.0,2.0,2.0,7.0,9.0
2024-12-24,9.0,2.0,0.0,22.0,11.0,24.0,26.0,27.0,0.0,48.0,0.0,10.0,1.0,1.0,55.0,3.0,3.0,3.0,6.0,6.0,12.0,9.0,3.0,81.0,0.0,5.0,7.0,9.0
2024-12-25,8.0,1.0,0.0,11.0,10.0,20.0,44.0,28.0,0.0,64.0,1.0,15.0,0.0,2.0,50.0,0.0,3.0,4.0,5.0,8.0,15.0,10.0,4.0,90.0,0.0,10.0,12.0,10.0
2024-12-26,2.0,1.0,0.0,23.0,2.0,15.0,24.0,25.0,0.0,57.0,0.0,12.0,0.0,1.0,55.0,3.0,4.0,1.0,6.0,10.0,10.0,11.0,6.0,78.0,3.0,10.0,6.0,6.0
2024-12-27,6.0,0.0,0.0,20.0,7.0,25.0,26.0,20.0,0.0,51.0,1.0,3.0,0.0,1.0,75.0,0.0,5.0,2.0,2.0,6.0,14.0,7.0,6.0,86.0,2.0,4.0,7.0,8.0
2024-12-28,8.0,0.0,0.0,17.0,8.0,13.0,34.0,30.0,0.0,52.0,0.0,3.0,0.0,1.0,59.0,2.0,0.0,0.0,4.0,13.0,23.0,9.0,4.0,99.0,0.0,4.0,4.0,13.0
2024-12-29,6.0,0.0,0.0,29.0,10.0,16.0,43.0,32.0,0.0,45.0,1.0,6.0,0.0,0.0,59.0,1.0,3.0,1.0,2.0,8.0,14.0,9.0,6.0,81.0,0.0,5.0,6.0,10.0
2024-12-30,8.0,1.0,0.0,23.0,5.0,20.0,34.0,38.0,0.0,52.0,0.0,11.0,0.0,2.0,56.0,2.0,3.0,1.0,5.0,5.0,16.0,11.0,0.0,81.0,2.0,3.0,7.0,6.0
2024-12-31,6.0,2.0,0.0,20.0,8.0,14.0,30.0,27.0,0.0,46.0,0.0,12.0,2.0,5.0,71.0,4.0,6.0,2.0,5.0,9.0,15.0,4.0,2.0,104.0,0.0,7.0,7.0,12.0
2025-01-01,5.0,0.0,0.0,24.0,5.0,26.0,26.0,35.0,0.0,55.0,1.0,10.0,1.0,0.0,55.0,4.0,5.0,2.0,2.0,7.0,20.0,7.0,5.0,106.0,1.0,3.0,13.0,12.0
2025-01-02,10.0,3.0,0.0,30.0,11.0,14.0,22.0,28.0,0.0,55.0,0.0,16.0,0.0,1.0,68.0,0.0,3.0,1.0,5.0,5.0,13.0,12.0,4.0,73.0,3.0,6.0,10.0,7.0
2025-01-03,6.0,2.0,0.0,22.0,10.0,22.0,25.0,26.0,0.0,51.0,0.0,4.0,0.0,4.0,61.0,1.0,4.0,1.0,6.0,9.0,18.0,13.0,2.0,90.0,1.0,6.0,5.0,7.0
2025-01-04,8.0,1.0,0.0,17.0,4.0,18.0,40.0,26.0,0.0,50.0,0.0,11.0,0.0,0.0,68.0,0.0,2.0,2.0,2.0,10.0,18.0,6.0,5.0,91.0,0.0,5.0,3.0,14.0
2025-01-05,4.0,0.0,0.0,17.0,9.0,22.0,40.0,39.0,0.0,63.0,0.0,7.0,0.0,2.0,64.0,2.0,4.0,3.0,7.0,10.0,13.0,9.0,2.0,97.0,2.0,10.0,4.0,10.0
2025-01-06,7.0,1.0,0.0,21.0,7.0,16.0,34.0,19.0,0.0,61.0,0.0,7.0,0.0,1.0,60.0,2.0,3.0,1.0,4.0,9.0,14.0,12.0,3.0,97.0,1.0,4.0,9.0,9.0
2025-01-07,3.0,0.0,0.0,22.0,6.0,23.0,24.0,36.0,0.0,45.0,0.0,5.0,0.0,2.0,61.0,1.0,3.0,2.0,4.0,8.0,17.0,8.0,4.0,86.0,2.0,3.0,13.0,9.0
2025-01-08,9.0,2.0,0.0,12.0,11.0,18.0,41.0,30.0,0.0,60.0,0.0,15.0,1.0,1.0,66.0,4.0,3.0,1.0,2.0,5.0,21.0,7.0,2.0,92.0,0.0,6.0,8.0,8.0
2025-01-09,6.0,0.0,0.0,18.0,11.0,16.0,42.0,24.0,0.0,52.0,1.0,7.0,0.0,2.0,59.0,2.0,0.0,0.0,3.0,6.0,15.0,10.0,3.0,87.0,1.0,10.0,6.0,8.0
2025-01-10,6.0,1.0,0.0,28.0,13.0,16.0,25.0,34.0,1.0,61.0,0.0,3.0,1.0,1.0,60.0,2.0,2.0,1.0,7.0,8.0,17.0,11.0,4.0,76.0,0.0,7.0,6.0,11.0
2025-01-11,6.0,0.0,0.0,9.0,15.0,16.0,32.0,25.0,0.0,43.0,0.0,15.0,0.0,0.0,67.0,2.0,2.0,1.0,7.0,7.0,18.0,11.0,2.0,102.0,1.0,12.0,9.0,11.0
2025-01-12,11.0,2.0,0.0,24.0,6.0,27.0,47.0,36.0,0.0,53.0,0.0,10.0,0.0,2.0,57.0,4.0,4.0,0.0,7.0,12.0,19.0,9.0,3.0,87.0,5.0,11.0,13.0,11.0
2025-01-13,12.0,2.0,0.0,22.0,9.0,19.0,45.0,37.0,0.0,71.0,0.0,16.0,1.0,0.0,56.0,2.0,4.0,2.0,6.0,9.0,14.0,11.0,7.0,69.0,2.0,6.0,7.0,6.0
2025-01-14,6.0,0.0,0.0,19.0,6.0,23.0,38.0,27.0,0.0,60.0,1.0,16.0,1.0,3.0,55.0,0.0,2.0,2.0,2.0,8.0,15.0,6.0,0.0,94.0,1.0,8.0,10.0,10.0
2025-01-15,12.0,0.0,0.0,30.0,9.0,18.0,25.0,29.0,0.0,52.0,0.0,5.0,0.0,2.0,62.0,3.0,2.0,3.0,3.0,8.0,18.0,5.0,3.0,94.0,1.0,11.0,11.0,10.0
2025-01-16,9.0,0.0,0.0,18.0,9.0,20.0,39.0,38.0,0.0,53.0,1.0,7.0,1.0,0.0,71.0,1.0,3.0,1.0,7.0,6.0,21.0,9.0,4.0,81.0,1.0,5.0,8.0,8.0
2025-01-17,6.0,1.0,0.0,23.0,13.0,19.0,29.0,28.0,0.0,66.0,0.0,9.0,0.0,0.0,62.0,1.0,4.0,0.0,6.0,6.0,19.0,8.0,6.0,85.0,0.0,6.0,10.0,8.0
2025-01-18,2.0,1.0,0.0,22.0,7.0,12.0,27.0,34.0,0.0,49.0,0.0,10.0,0.0,0.0,52.0,2.0,4.0,2.0,9.0,10.0,18.0,9.0,6.0,101.0,2.0,6.0,5.0,11.0
2025-01-19,7.0,2.0,0.0,15.0,11.0,18.0,37.0,41.0,0.0,56.0,0.0,7.0,0.0,0.0,70.0,1.0,4.0,0.0,6.0,7.0,21.0,10.0,5.0,101.0,1.0,8.0,7.0,11.0
2025-01-20,5.0,1.0,0.0,18.0,13.0,20.0,35.0,39.0,0.0,54.0,0.0,9.0,1.0,1.0,72.0,1.0,2.0,1.0,4.0,7.0,21.0,10.0,3.0,94.0,0.0,6.0,5.0,16.0
2025-01-21,12.0,1.0,0.0,18.0,7.0,26.0,17.0,22.0,0.0,56.0,0.0,5.0,0.0,4.0,56.0,0.0,3.0,3.0,5.0,8.0,13.0,6.0,3.0,90.0,4.0,13.0,7.0,8.0
2025-01-22,4.0,1.0,0.0,31.0,14.0,27.0,37.0,24.0,0.0,64.0,0.0,7.0,0.0,2.0,63.0,2.0,3.0,2.0,2.0,8.0,13.0,11.0,1.0,86.0,1.0,7.0,7.0,8.0
2025-01-23,5.0,1.0,0.0,24.0,16.0,20.0,38.0,25.0,0.0,67.0,0.0,10.0,0.0,1.0,68.0,6.0,1.0,2.0,2.0,6.0,15.0,7.0,1.0,93.0,1.0,9.0,8.0,10.0
2025-01-24,9.0,3.0,0.0,16.0,14.0,21.0,38.0,34.0,0.0,52.0,1.0,2.0,1.0,0.0,52.0,0.0,2.0,1.0,6.0,10.0,20.0,14.0,6.0,88.0,0.0,8.0,5.0,9.0
2025-01-25,10.0,0.0,0.0,25.0,9.0,16.0,21.0,33.0,0.0,58.0,0.0,4.0,0.0,0.0,57.0,2.0,5.0,1.0,9.0,10.0,16.0,10.0,3.0,94.0,3.0,3.0,9.0,10.0
2025-01-26,10.0,2.0,0.0,20.0,6.0,17.0,33.0,29.0,0.0,57.0,0.0,9.0,0.0,3.0,57.0,0.0,0.0,0.0,5.0,10.0,16.0,9.0,3.0,79.0,0.0,10.0,5.0,11.0
2025-01-27,8.0,1.0,0.0,9.0,7.0,17.0,29.0,30.0,0.0,59.0,0.0,3.0,0.0,1.0,56.0,1.0,3.0,1.0,4.0,9.0,21.0,8.0,2.0,94.0,1.0,13.0,7.0,6.0
2025-01-28,5.0,1.0,0.0,15.0,15.0,25.0,16.0,25.0,0.0,33.0,1.0,6.0,2.0,2.0,43.0,2.0,2.0,0.0,6.0,8.0,15.0,7.0,2.0,77.0,3.0,8.0,5.0,5.0
2025-01-29,10.0,0.0,0.0,18.0,12.0,25.0,59.0,17.0,0.0,48.0,0.0,7.0,0.0,1.0,63.0,1.0,3.0,1.0,3.0,3.0,23.0,15.0,1.0,73.0,1.0,4.0,11.0,14.0
2025-01-30,10.0,1.0,0.0,28.0,12.0,22.0,30.0,32.0,0.0,57.0,1.0,5.0,0.0,3.0,54.0,1.0,3.0,2.0,3.0,6.0,18.0,5.0,2.0,90.0,1.0,5.0,8.0,15.0
2025-01-31,6.0,0.0,0.0,19.0,9.0,18.0,23.0,27.0,0.0,54.0,0.0,9.0,0.0,0.0,61.0,1.0,3.0,3.0,5.0,7.0,23.0,10.0,3.0,85.0,0.0,9.0,6.0,9.0
2025-02-01,8.0,1.0,0.0,16.0,4.0,13.0,41.0,39.0,0.0,52.0,0.0,6.0,0.0,0.0,62.0,3.0,2.0,1.0,5.0,14.0,15.0,10.0,4.0,91.0,2.0,11.0,4.0,9.0
2025-02-02,10.0,1.0,0.0,16.0,9.0,16.0,66.0,43.0,0.0,54.0,0.0,7.0,0.0,2.0,45.0,1.0,4.0,1.0,8.0,13.0,12.0,13.0,1.0,89.0,2.0,6.0,5.0,11.0
2025-02-03,4.0,3.0,0.0,11.0,12.0,28.0,38.0,36.0,0.0,53.0,1.0,6.0,1.0,3.0,65.0,2.0,1.0,2.0,4.0,9.0,18.0,13.0,5.0,91.0,0.0,10.0,14.0,9.0
2025-02-04,6.0,1.0,0.0,15.0,12.0,21.0,38.0,31.0,0.0,42.0,0.0,7.0,1.0,2.0,47.0,0.0,1.0,0.0,5.0,8.0,16.0,9.0,2.0,84.0,2.0,5.0,7.0,13.0
2025-02-05,7.0,0.0,0.0,12.0,12.0,21.0,31.0,39.0,0.0,49.0,0.0,4.0,0.0,1.0,57.0,2.0,5.0,3.0,6.0,7.0,17.0,8.0,2.0,81.0,0.0,5.0,12.0,9.0
2025-02-06,7.0,1.0,0.0,16.0,8.0,18.0,27.0,35.0,0.0,56.0,1.0,3.0,0.0,2.0,64.0,2.0,0.0,0.0,3.0,8.0,20.0,8.0,3.0,107.0,1.0,5.0,9.0,12.0
2025-02-07,6.0,0.0,0.0,16.0,12.0,29.0,40.0,48.0,0.0,36.0,1.0,7.0,1.0,2.0,61.0,1.0,4.0,1.0,7.0,7.0,14.0,7.0,2.0,66.0,0.0,9.0,7.0,9.0
2025-02-08,8.0,2.0,0.0,21.0,3.0,8.0,42.0,35.0,0.0,44.0,1.0,5.0,0.0,2.0,54.0,5.0,3.0,1.0,9.0,6.0,14.0,10.0,5.0,79.0,1.0,9.0,9.0,6.0
2025-02-09,6.0,0.0,0.0,21.0,10.0,18.0,43.0,39.0,0.0,66.0,0.0,7.0,0.0,0.0,51.0,0.0,2.0,2.0,5.0,4.0,17.0,9.0,2.0,73.0,3.0,14.0,8.0,12.0
2025-02-10,9.0,1.0,0.0,14.0,6.0,20.0,39.0,35.0,0.0,52.0,0.0,15.0,0.0,2.0,74.0,3.0,2.0,1.0,8.0,6.0,5.0,9.0,4.0,72.0,0.0,7.0,6.0,12.0
2025-02-11,6.0,1.0,0.0,21.0,7.0,26.0,43.0,26.0,0.0,41.0,1.0,9.0,0.0,1.0,66.0,2.0,5.0,2.0,5.0,6.0,20.0,11.0,3.0,66.0,4.0,8.0,7.0,8.0
2025-02-12,4.0,2.0,0.0,18.0,8.0,16.0,35.0,25.0,0.0,44.0,0.0,11.0,0.0,1.0,45.0,1.0,5.0,0.0,5.0,9.0,21.0,9.0,5.0,64.0,0.0,8.0,6.0,9.0
2025-02-13,11.0,1.0,0.0,18.0,7.0,18.0,45.0,40.0,0.0,55.0,1.0,6.0,1.0,1.0,65.0,4.0,2.0,3.0,6.0,11.0,35.0,14.0,2.0,87.0,0.0,4.0,5.0,9.0
2025-02-14,5.0,1.0,0.0,29.0,9.0,16.0,29.0,25.0,0.0,47.0,0.0,5.0,1.0,3.0,52.0,1.0,3.0,2.0,5.0,7.0,16.0,12.0,4.0,94.0,3.0,10.0,10.0,11.0
2025-02-15,10.0,0.0,0.0,21.0,13.0,24.0,38.0,37.0,0.0,54.0,1.0,5.0,0.0,1.0,65.0,4.0,0.0,0.0,8.0,10.0,17.0,7.0,2.0,84.0,1.0,10.0,6.0,14.0
2025-02-16,3.0,1.0,0.0,17.0,8.0,26.0,28.0,32.0,0.0,72.0,0.0,8.0,1.0,0.0,67.0,1.0,3.0,1.0,6.0,9.0,11.0,5.0,4.0,89.0,0.0,6.0,8.0,9.0
2025-02-17,11.0,1.0,0.0,17.0,9.0,17.0,32.0,35.0,0.0,55.0,0.0,5.0,1.0,2.0,69.0,2.0,1.0,0.0,1.0,5.0,19.0,11.0,2.0,74.0,1.0,9.0,9.0,16.0
2025-02-18,10.0,0.0,0.0,29.0,6.0,16.0,38.0,32.0,0.0,53.0,0.0,8.0,0.0,1.0,53.0,0.0,1.0,1.0,4.0,9.0,21.0,7.0,3.0,82.0,1.0,11.0,7.0,7.0
2025-02-19,8.0,3.0,0.0,15.0,10.0,15.0,38.0,29.0,0.0,52.0,0.0,8.0,0.0,2.0,69.0,2.0,5.0,2.0,7.0,7.0,24.0,13.0,3.0,89.0,1.0,11.0,9.0,10.0
2025-02-20,6.0,1.0,0.0,20.0,4.0,24.0,46.0,25.0,0.0,51.0,1.0,5.0,0.0,3.0,61.0,3.0,1.0,1.0,5.0,8.0,17.0,8.0,3.0,83.0,1.0,8.0,6.0,12.0
2025-02-21,11.0,1.0,0.0,22.0,6.0,22.0,35.0,30.0,0.0,54.0,0.0,6.0,1.0,3.0,54.0,4.0,6.0,1.0,6.0,5.0,21.0,12.0,4.0,92.0,1.0,15.0,10.0,8.0
2025-02-22,4.0,0.0,0.0,29.0,9.0,23.0,23.0,32.0,0.0,55.0,0.0,13.0,0.0,1.0,67.0,1.0,2.0,0.0,5.0,10.0,21.0,8.0,2.0,105.0,2.0,8.0,6.0,11.0
2025-02-23,9.0,0.0,0.0,15.0,13.0,23.0,22.0,26.0,0.0,64.0,0.0,9.0,0.0,3.0,64.0,3.0,2.0,2.0,6.0,7.0,17.0,7.0,5.0,83.0,1.0,11.0,8.0,7.0
2025-02-24,6.0,0.0,0.0,13.0,9.0,22.0,36.0,47.0,0.0,56.0,0.0,10.0,0.0,0.0,65.0,0.0,6.0,1.0,4.0,7.0,12.0,7.0,3.0,87.0,1.0,9.0,8.0,14.0
2025-02-25,8.0,3.0,0.0,30.0,8.0,18.0,33.0,30.0,0.0,63.0,0.0,8.0,0.0,0.0,54.0,0.0,3.0,1.0,6.0,5.0,13.0,7.0,2.0,87.0,1.0,6.0,9.0,8.0
2025-02-26,4.0,2.0,0.0,19.0,14.0,17.0,34.0,36.0,0.0,48.0,0.0,6.0,1.0,3.0,57.0,4.0,4.0,0.0,0.0,9.0,12.0,7.0,5.0,108.0,1.0,5.0,8.0,11.0
2025-02-27,5.0,0.0,0.0,18.0,12.0,28.0,52.0,30.0,0.0,60.0,1.0,5.0,1.0,1.0,68.0,1.0,6.0,3.0,4.0,6.0,13.0,9.0,2.0,86.0,2.0,11.0,7.0,7.0
2025-02-28,11.0,1.0,0.0,20.0,5.0,18.0,45.0,37.0,0.0,57.0,0.0,6.0,0.0,2.0,64.0,3.0,0.0,0.0,8.0,5.0,10.0,12.0,5.0,82.0,2.0,13.0,4.0,11.0
2025-03-01,3.0,1.0,0.0,22.0,13.0,20.0,33.0,31.0,0.0,43.0,1.0,5.0,0.0,1.0,73.0,4.0,4.0,3.0,9.0,13.0,11.0,7.0,5.0,71.0,3.0,10.0,6.0,13.0
2025-03-02,6.0,0.0,0.0,20.0,9.0,15.0,40.0,35.0,0.0,53.0,0.0,3.0,0.0,1.0,56.0,0.0,2.0,3.0,4.0,10.0,12.0,8.0,0.0,84.0,0.0,8.0,5.0,11.0
2025-03-03,2.0,1.0,0.0,22.0,12.0,16.0,36.0,32.0,0.0,24.0,0.0,7.0,1.0,1.0,52.0,0.0,2.0,1.0,6.0,4.0,12.0,8.0,4.0,87.0,1.0,8.0,15.0,7.0
2025-03-04,8.0,1.0,0.0,22.0,5.0,15.0,40.0,37.0,0.0,56.0,0.0,3.0,0.0,1.0,60.0,2.0,3.0,1.0,6.0,6.0,16.0,11.0,1.0,92.0,1.0,6.0,6.0,8.0
2025-03-05,8.0,1.0,0.0,21.0,3.0,15.0,42.0,25.0,0.0,66.0,1.0,8.0,0.0,2.0,58.0,2.0,5.0,0.0,3.0,8.0,23.0,6.0,2.0,86.0,0.0,10.0,6.0,15.0
2025-03-06,7.0,1.0,0.0,28.0,7.0,15.0,34.0,42.0,0.0,64.0,0.0,6.0,0.0,4.0,48.0,3.0,2.0,0.0,1.0,10.0,23.0,8.0,4.0,69.0,0.0,8.0,8.0,7.0
2025-03-07,12.0,1.0,0.0,21.0,10.0,25.0,36.0,27.0,1.0,54.0,0.0,9.0,1.0,1.0,58.0,4.0,3.0,3.0,9.0,4.0,14.0,15.0,8.0,99.0,0.0,10.0,3.0,10.0
2025-03-08,8.0,1.0,0.0,23.0,10.0,23.0,46.0,28.0,0.0,65.0,0.0,12.0,0.0,0.0,61.0,2.0,1.0,1.0,9.0,13.0,13.0,8.0,3.0,99.0,0.0,7.0,4.0,10.0
2025-03-09,5.0,1.0,0.0,21.0,8.0,24.0,38.0,33.0,0.0,52.0,0.0,7.0,0.0,1.0,61.0,1.0,3.0,1.0,6.0,8.0,14.0,7.0,3.0,100.0,2.0,9.0,5.0,10.0
2025-03-10,7.0,0.0,0.0,15.0,7.0,24.0,35.0,35.0,0.0,71.0,0.0,8.0,1.0,4.0,64.0,1.0,4.0,0.0,4.0,3.0,24.0,11.0,5.0,99.0,0.0,9.0,15.0,11.0
2025-03-11,7.0,0.0,0.0,20.0,18.0,15.0,19.0,27.0,0.0,45.0,0.0,4.0,0.0,1.0,34.0,3.0,3.0,0.0,7.0,3.0,15.0,8.0,3.0,86.0,0.0,6.0,4.0,11.0
2025-03-12,5.0,1.0,0.0,24.0,10.0,16.0,38.0,39.0,0.0,50.0,1.0,5.0,1.0,3.0,59.0,2.0,2.0,1.0,3.0,6.0,21.0,13.0,4.0,76.0,1.0,4.0,11.0,13.0
2025-03-13,9.0,2.0,0.0,23.0,15.0,10.0,43.0,26.0,0.0,49.0,0.0,8.0,0.0,1.0,60.0,3.0,4.0,2.0,11.0,10.0,24.0,13.0,2.0,79.0,0.0,3.0,4.0,12.0
2025-03-14,5.0,0.0,0.0,14.0,13.0,22.0,35.0,34.0,0.0,54.0,0.0,5.0,0.0,0.0,71.0,4.0,4.0,1.0,7.0,7.0,17.0,7.0,6.0,95.0,1.0,8.0,6.0,3.0
2025-03-15,14.0,1.0,0.0,17.0,10.0,26.0,45.0,39.0,0.0,73.0,0.0,8.0,0.0,1.0,55.0,0.0,4.0,2.0,5.0,13.0,22.0,9.0,4.0,79.0,2.0,7.0,3.0,10.0
2025-03-16,5.0,0.0,0.0,18.0,9.0,25.0,31.0,41.0,0.0,64.0,0.0,6.0,0.0,0.0,57.0,0.0,1.0,2.0,4.0,11.0,26.0,10.0,5.0,90.0,2.0,6.0,8.0,8.0
2025-03-17,7.0,2.0,0.0,15.0,10.0,18.0,34.0,44.0,0.0,70.0,0.0,5.0,1.0,2.0,70.0,1.0,5.0,1.0,1.0,5.0,17.0,9.0,2.0,108.0,2.0,5.0,14.0,6.0
2025-03-18,3.0,0.0,0.0,19.0,9.0,21.0,31.0,26.0,0.0,62.0,0.0,7.0,0.0,5.0,53.0,0.0,3.0,0.0,11.0,2.0,24.0,9.0,3.0,86.0,1.0,14.0,6.0,8.0
2025-03-19,10.0,2.0,0.0,25.0,11.0,15.0,38.0,39.0,0.0,72.0,0.0,8.0,0.0,0.0,57.0,1.0,3.0,3.0,1.0,8.0,22.0,4.0,3.0,87.0,2.0,10.0,7.0,13.0
2025-03-20,4.0,0.0,0.0,22.0,10.0,24.0,36.0,36.0,0.0,63.0,1.0,3.0,0.0,2.0,61.0,4.0,2.0,3.0,4.0,9.0,15.0,5.0,3.0,100.0,2.0,12.0,7.0,13.0
2025-03-21,14.0,1.0,0.0,21.0,11.0,21.0,32.0,29.0,0.0,56.0,0.0,9.0,0.0,1.0,62.0,3.0,3.0,1.0,3.0,9.0,19.0,10.0,3.0,101.0,1.0,13.0,4.0,5.0
2025-03-22,5.0,2.0,0.0,28.0,6.0,23.0,41.0,30.0,0.0,56.0,0.0,7.0,1.0,1.0,56.0,1.0,1.0,2.0,5.0,8.0,15.0,7.0,2.0,99.0,2.0,12.0,7.0,16.0
2025-03-23,7.0,0.0,0.0,20.0,14.0,14.0,35.0,31.0,0.0,61.0,0.0,14.0,0.0,1.0,49.0,2.0,1.0,2.0,6.0,9.0,21.0,10.0,4.0,85.0,1.0,9.0,9.0,10.0
2025-03-24,7.0,1.0,0.0,21.0,10.0,23.0,29.0,44.0,0.0,53.0,0.0,11.0,1.0,1.0,66.0,1.0,3.0,0.0,8.0,11.0,17.0,5.0,1.0,96.0,3.0,6.0,10.0,7.0
2025-03-25,6.0,0.0,0.0,22.0,10.0,12.0,45.0,32.0,0.0,69.0,0.0,6.0,1.0,2.0,61.0,1.0,2.0,1.0,5.0,5.0,10.0,8.0,3.0,105.0,0.0,12.0,12.0,11.0
2025-03-26,5.0,1.0,0.0,21.0,8.0,24.0,33.0,37.0,0.0,58.0,0.0,4.0,0.0,3.0,62.0,3.0,0.0,1.0,5.0,4.0,19.0,11.0,3.0,85.0,2.0,14.0,7.0,15.0
2025-03-27,10.0,1.0,0.0,23.0,13.0,25.0,43.0,34.0,0.0,58.0,0.0,3.0,0.0,1.0,67.0,3.0,4.0,0.0,3.0,8.0,25.0,9.0,7.0,90.0,1.0,12.0,10.0,9.0
2025-03-28,6.0,1.0,0.0,25.0,8.0,28.0,37.0,22.0,0.0,58.0,0.0,8.0,0.0,2.0,60.0,3.0,4.0,3.0,7.0,6.0,32.0,11.0,4.0,89.0,0.0,14.0,7.0,12.0
2025-03-29,5.0,1.0,0.0,23.0,10.0,14.0,30.0,40.0,0.0,68.0,0.0,7.0,0.0,2.0,54.0,2.0,2.0,2.0,5.0,11.0,25.0,7.0,1.0,86.0,4.0,9.0,7.0,5.0
2025-03-30,9.0,0.0,0.0,27.0,3.0,8.0,45.0,39.0,0.0,62.0,0.0,17.0,0.0,2.0,62.0,2.0,4.0,2.0,4.0,7.0,18.0,7.0,2.0,96.0,1.0,10.0,8.0,12.0
2025-03-31,14.0,0.0,0.0,10.0,4.0,21.0,32.0,29.0,1.0,56.0,0.0,9.0,1.0,0.0,49.0,0.0,4.0,1.0,4.0,9.0,18.0,8.0,4.0,86.0,0.0,12.0,9.0,12.0
2025-04-01,3.0,0.0,0.0,14.0,3.0,17.0,37.0,36.0,0.0,49.0,0.0,13.0,0.0,1.0,61.0,0.0,2.0,1.0,5.0,4.0,36.0,11.0,2.0,102.0,3.0,8.0,9.0,7.0
2025-04-02,6.0,1.0,0.0,29.0,4.0,20.0,28.0,31.0,0.0,58.0,1.0,5.0,0.0,1.0,64.0,1.0,6.0,0.0,3.0,8.0,15.0,12.0,2.0,90.0,0.0,15.0,2.0,8.0
2025-04-03,9.0,1.0,0.0,20.0,17.0,19.0,37.0,21.0,0.0,66.0,0.0,10.0,1.0,2.0,59.0,5.0,4.0,1.0,3.0,8.0,14.0,12.0,3.0,92.0,2.0,11.0,8.0,10.0
2025-04-04,5.0,0.0,0.0,25.0,11.0,22.0,34.0,39.0,0.0,66.0,0.0,2.0,0.0,0.0,65.0,0.0,4.0,4.0,9.0,9.0,23.0,13.0,5.0,104.0,2.0,8.0,11.0,5.0
2025-04-05,10.0,0.0,0.0,24.0,7.0,23.0,48.0,31.0,0.0,56.0,0.0,9.0,0.0,1.0,64.0,1.0,4.0,2.0,9.0,10.0,24.0,7.0,4.0,100.0,0.0,15.0,12.0,11.0
2025-04-06,4.0,2.0,0.0,24.0,16.0,16.0,40.0,33.0,0.0,56.0,0.0,6.0,0.0,3.0,62.0,3.0,0.0,2.0,7.0,6.0,29.0,4.0,3.0,92.0,2.0,10.0,11.0,10.0
2025-04-07,9.0,0.0,0.0,24.0,6.0,22.0,40.0,46.0,0.0,52.0,0.0,7.0,0.0,3.0,49.0,3.0,6.0,0.0,3.0,11.0,22.0,10.0,4.0,99.0,0.0,7.0,4.0,9.0
2025-04-08,4.0,0.0,0.0,15.0,13.0,16.0,37.0,37.0,0.0,56.0,0.0,7.0,1.0,2.0,55.0,0.0,3.0,0.0,5.0,8.0,15.0,7.0,4.0,109.0,2.0,11.0,7.0,13.0
2025-04-09,7.0,4.0,0.0,22.0,8.0,21.0,50.0,31.0,0.0,64.0,0.0,5.0,1.0,1.0,71.0,1.0,3.0,1.0,6.0,6.0,23.0,7.0,2.0,89.0,1.0,14.0,9.0,13.0
2025-04-10,4.0,0.0,0.0,23.0,11.0,16.0,39.0,23.0,0.0,57.0,0.0,7.0,0.0,0.0,69.0,6.0,4.0,0.0,2.0,4.0,25.0,14.0,1.0,87.0,1.0,18.0,9.0,11.0
2025-04-11,6.0,0.0,0.0,12.0,7.0,26.0,35.0,34.0,0.0,58.0,1.0,7.0,0.0,1.0,61.0,2.0,4.0,4.0,10.0,9.0,29.0,9.0,2.0,87.0,0.0,11.0,11.0,14.0
2025-04-12,5.0,0.0,0.0,9.0,15.0,9.0,49.0,41.0,0.0,45.0,0.0,5.0,0.0,1.0,49.0,3.0,2.0,2.0,6.0,13.0,24.0,4.0,2.0,91.0,0.0,14.0,4.0,10.0
2025-04-13,9.0,2.0,0.0,11.0,14.0,18.0,28.0,35.0,0.0,45.0,0.0,7.0,0.0,0.0,67.0,2.0,1.0,1.0,5.0,6.0,25.0,10.0,6.0,78.0,3.0,11.0,12.0,11.0
2025-04-14,9.0,2.0,0.0,12.0,7.0,15.0,31.0,47.0,0.0,47.0,0.0,9.0,1.0,0.0,68.0,0.0,4.0,0.0,4.0,12.0,22.0,11.0,3.0,99.0,0.0,7.0,9.0,6.0
2025-04-15,7.0,1.0,0.0,45.0,8.0,20.0,44.0,21.0,0.0,63.0,0.0,15.0,0.0,1.0,58.0,0.0,1.0,2.0,9.0,9.0,10.0,3.0,0.0,102.0,3.0,7.0,12.0,12.0
2025-04-16,9.0,0.0,0.0,32.0,9.0,23.0,33.0,37.0,0.0,57.0,0.0,8.0,0.0,3.0,55.0,1.0,4.0,0.0,3.0,8.0,28.0,10.0,3.0,74.0,1.0,11.0,7.0,9.0
2025-04-17,1.0,1.0,0.0,24.0,12.0,18.0,31.0,27.0,0.0,56.0,0.0,7.0,1.0,0.0,58.0,3.0,5.0,1.0,4.0,3.0,18.0,14.0,2.0,95.0,1.0,16.0,2.0,8.0
2025-04-18,6.0,1.0,0.0,38.0,12.0,28.0,43.0,35.0,0.0,60.0,0.0,5.0,0.0,3.0,63.0,2.0,2.0,1.0,5.0,9.0,10.0,11.0,5.0,87.0,2.0,14.0,5.0,10.0
2025-04-19,8.0,0.0,0.0,30.0,10.0,14.0,45.0,38.0,0.0,51.0,1.0,4.0,0.0,1.0,59.0,0.0,3.0,1.0,10.0,9.0,17.0,6.0,6.0,74.0,2.0,15.0,8.0,8.0
2025-04-20,8.0,0.0,0.0,22.0,11.0,17.0,41.0,38.0,0.0,63.0,0.0,9.0,0.0,2.0,61.0,1.0,5.0,1.0,5.0,11.0,27.0,8.0,3.0,99.0,1.0,6.0,13.0,7.0
2025-04-21,8.0,1.0,0.0,25.0,4.0,17.0,25.0,37.0,0.0,58.0,0.0,12.0,1.0,1.0,57.0,1.0,3.0,0.0,3.0,10.0,23.0,11.0,1.0,98.0,2.0,13.0,9.0,14.0
2025-04-22,11.0,1.0,0.0,16.0,5.0,22.0,42.0,32.0,0.0,54.0,0.0,12.0,0.0,2.0,60.0,2.0,2.0,1.0,4.0,8.0,37.0,10.0,3.0,100.0,1.0,7.0,7.0,12.0
2025-04-23,4.0,2.0,0.0,23.0,13.0,20.0,38.0,30.0,0.0,59.0,0.0,6.0,1.0,2.0,67.0,3.0,2.0,3.0,7.0,7.0,19.0,9.0,3.0,106.0,0.0,9.0,6.0,9.0
2025-04-24,6.0,2.0,0.0,25.0,16.0,27.0,31.0,34.0,0.0,40.0,0.0,12.0,0.0,1.0,64.0,1.0,3.0,0.0,3.0,7.0,24.0,9.0,3.0,100.0,1.0,8.0,5.0,10.0
2025-04-25,8.0,0.0,0.0,20.0,6.0,21.0,42.0,29.0,0.0,68.0,0.0,13.0,0.0,1.0,54.0,1.0,3.0,1.0,6.0,8.0,11.0,9.0,5.0,93.0,2.0,10.0,7.0,13.0
2025-04-26,8.0,1.0,0.0,16.0,8.0,15.0,38.0,31.0,0.0,66.0,0.0,3.0,0.0,2.0,54.0,3.0,4.0,0.0,7.0,13.0,22.0,11.0,3.0,94.0,1.0,14.0,8.0,12.0
2025-04-27,6.0,0.0,0.0,18.0,9.0,21.0,42.0,42.0,0.0,52.0,0.0,8.0,1.0,3.0,65.0,0.0,2.0,0.0,8.0,7.0,21.0,7.0,3.0,111.0,2.0,8.0,12.0,11.0
2025-04-28,4.0,0.0,0.0,19.0,10.0,20.0,39.0,31.0,0.0,50.0,1.0,8.0,0.0,2.0,67.0,2.0,6.0,2.0,2.0,7.0,15.0,7.0,5.0,104.0,1.0,12.0,13.0,8.0
2025-04-29,7.0,0.0,0.0,26.0,8.0,16.0,27.0,34.0,0.0,61.0,0.0,5.0,1.0,3.0,66.0,0.0,3.0,2.0,6.0,5.0,18.0,12.0,1.0,95.0,1.0,8.0,10.0,10.0
2025-04-30,4.0,1.0,0.0,19.0,12.0,18.0,33.0,35.0,0.0,58.0,0.0,2.0,0.0,2.0,60.0,2.0,3.0,1.0,3.0,6.0,19.0,3.0,4.0,89.0,0.0,9.0,9.0,9.0
2025-05-01,8.0,3.0,0.0,14.0,6.0,9.0,31.0,29.0,0.0,56.0,0.0,6.0,0.0,1.0,56.0,1.0,4.0,1.0,6.0,8.0,21.0,15.0,1.0,103.0,1.0,22.0,4.0,8.0
2025-05-02,7.0,0.0,0.0,27.0,16.0,20.0,34.0,33.0,0.0,59.0,0.0,12.0,1.0,1.0,68.0,1.0,5.0,0.0,3.0,9.0,27.0,8.0,3.0,86.0,2.0,14.0,10.0,7.0
2025-05-03,9.0,0.0,0.0,25.0,6.0,13.0,50.0,35.0,0.0,54.0,0.0,8.0,0.0,1.0,64.0,3.0,6.0,0.0,7.0,14.0,18.0,8.0,3.0,99.0,3.0,12.0,8.0,7.0
2025-05-04,5.0,0.0,0.0,16.0,7.0,29.0,38.0,33.0,0.0,66.0,0.0,8.0,0.0,1.0,64.0,1.0,2.0,3.0,9.0,9.0,18.0,7.0,4.0,94.0,0.0,6.0,9.0,17.0
2025-05-05,7.0,0.0,0.0,15.0,12.0,23.0,43.0,42.0,0.0,59.0,0.0,6.0,1.0,1.0,65.0,1.0,3.0,0.0,1.0,6.0,27.0,9.0,2.0,107.0,1.0,14.0,5.0,13.0
2025-05-06,3.0,1.0,0.0,23.0,7.0,30.0,36.0,34.0,0.0,52.0,1.0,7.0,1.0,2.0,65.0,0.0,4.0,1.0,7.0,6.0,31.0,10.0,4.0,87.0,1.0,8.0,11.0,8.0
2025-05-07,8.0,0.0,0.0,16.0,8.0,19.0,40.0,33.0,1.0,59.0,0.0,5.0,1.0,1.0,80.0,0.0,4.0,0.0,7.0,9.0,20.0,11.0,2.0,96.0,1.0,13.0,11.0,14.0
2025-05-08,6.0,0.0,0.0,33.0,12.0,24.0,32.0,43.0,0.0,53.0,0.0,9.0,0.0,3.0,65.0,5.0,1.0,2.0,4.0,9.0,7.0,11.0,3.0,86.0,1.0,13.0,7.0,10.0
2025-05-09,6.0,1.0,0.0,24.0,13.0,23.0,42.0,30.0,0.0,45.0,0.0,4.0,0.0,3.0,52.0,5.0,7.0,0.0,5.0,8.0,18.0,12.0,3.0,105.0,1.0,16.0,6.0,7.0
2025-05-10,5.0,0.0,0.0,13.0,6.0,3.0,45.0,30.0,0.0,63.0,0.0,4.0,0.0,1.0,54.0,0.0,2.0,3.0,7.0,10.0,13.0,10.0,7.0,94.0,0.0,12.0,6.0,8.0
2025-05-11,5.0,1.0,1.0,25.0,12.0,8.0,33.0,36.0,0.0,70.0,1.0,7.0,0.0,3.0,60.0,3.0,2.0,2.0,7.0,12.0,19.0,3.0,2.0,115.0,1.0,5.0,10.0,12.0
2025-05-12,6.0,1.0,0.0,22.0,13.0,31.0,31.0,25.0,0.0,63.0,0.0,6.0,1.0,1.0,60.0,1.0,3.0,0.0,5.0,6.0,24.0,5.0,5.0,91.0,3.0,8.0,9.0,8.0
2025-05-13,10.0,0.0,0.0,17.0,10.0,21.0,30.0,34.0,0.0,57.0,0.0,5.0,0.0,2.0,70.0,0.0,2.0,1.0,4.0,7.0,18.0,11.0,3.0,102.0,1.0,13.0,9.0,10.0
2025-05-14,10.0,0.0,0.0,23.0,16.0,41.0,48.0,34.0,0.0,50.0,0.0,12.0,0.0,3.0,74.0,2.0,7.0,2.0,4.0,6.0,21.0,8.0,3.0,96.0,1.0,10.0,7.0,10.0
2025-05-15,4.0,0.0,0.0,22.0,9.0,25.0,30.0,25.0,0.0,52.0,0.0,8.0,0.0,3.0,59.0,4.0,6.0,2.0,7.0,8.0,25.0,12.0,2.0,92.0,3.0,13.0,4.0,10.0
2025-05-16,7.0,1.0,0.0,22.0,12.0,28.0,44.0,45.0,0.0,52.0,0.0,10.0,1.0,1.0,61.0,1.0,8.0,1.0,12.0,6.0,19.0,14.0,4.0,73.0,2.0,16.0,8.0,7.0
2025-05-17,7.0,1.0,0.0,20.0,11.0,18.0,47.0,28.0,0.0,47.0,0.0,6.0,0.0,1.0,71.0,5.0,3.0,3.0,8.0,11.0,31.0,6.0,2.0,89.0,1.0,11.0,4.0,12.0
2025-05-18,9.0,1.0,0.0,26.0,8.0,19.0,33.0,34.0,0.0,55.0,0.0,7.0,0.0,3.0,58.0,2.0,2.0,0.0,8.0,8.0,24.0,16.0,5.0,99.0,1.0,7.0,9.0,13.0
2025-05-19,8.0,0.0,0.0,25.0,7.0,11.0,42.0,38.0,0.0,54.0,0.0,7.0,0.0,2.0,60.0,0.0,6.0,2.0,5.0,10.0,18.0,9.0,3.0,107.0,0.0,9.0,7.0,8.0
2025-05-20,5.0,2.0,0.0,20.0,12.0,6.0,32.0,30.0,0.0,54.0,0.0,5.0,0.0,1.0,62.0,0.0,2.0,1.0,1.0,4.0,22.0,9.0,3.0,83.0,1.0,7.0,9.0,7.0
2025-05-21,7.0,2.0,0.0,21.0,12.0,10.0,41.0,37.0,0.0,58.0,1.0,7.0,1.0,2.0,68.0,1.0,2.0,0.0,5.0,6.0,24.0,9.0,6.0,84.0,0.0,7.0,5.0,10.0
2025-05-22,8.0,1.0,0.0,23.0,13.0,16.0,36.0,26.0,0.0,53.0,0.0,10.0,0.0,2.0,58.0,3.0,2.0,1.0,3.0,9.0,24.0,7.0,2.0,81.0,2.0,18.0,8.0,6.0
2025-05-23,8.0,0.0,0.0,22.0,9.0,22.0,34.0,42.0,2.0,60.0,0.0,6.0,0.0,0.0,62.0,2.0,3.0,0.0,3.0,7.0,15.0,8.0,4.0,80.0,2.0,9.0,9.0,10.0
2025-05-24,4.0,0.0,0.0,25.0,4.0,34.0,42.0,33.0,0.0,50.0,0.0,10.0,1.0,4.0,66.0,0.0,4.0,1.0,5.0,13.0,28.0,8.0,3.0,100.0,2.0,11.0,3.0,18.0
2025-05-25,7.0,0.0,0.0,22.0,13.0,31.0,51.0,44.0,2.0,74.0,0.0,7.0,0.0,1.0,59.0,3.0,3.0,0.0,3.0,11.0,24.0,10.0,4.0,90.0,0.0,17.0,5.0,9.0
2025-05-26,6.0,1.0,0.0,20.0,15.0,17.0,25.0,35.0,0.0,68.0,0.0,10.0,1.0,0.0,63.0,1.0,2.0,1.0,7.0,7.0,31.0,9.0,3.0,95.0,1.0,9.0,8.0,9.0
2025-05-27,3.0,2.0,0.0,23.0,13.0,20.0,28.0,29.0,0.0,51.0,0.0,5.0,0.0,3.0,58.0,2.0,2.0,2.0,8.0,4.0,33.0,10.0,3.0,111.0,1.0,10.0,12.0,9.0
2025-05-28,6.0,1.0,0.0,18.0,7.0,27.0,41.0,34.0,0.0,59.0,0.0,6.0,0.0,2.0,68.0,2.0,5.0,0.0,6.0,8.0,21.0,8.0,5.0,96.0,1.0,15.0,8.0,16.0
2025-05-29,8.0,0.0,0.0,29.0,7.0,17.0,33.0,40.0,0.0,58.0,2.0,7.0,0.0,1.0,69.0,2.0,2.0,3.0,3.0,7.0,20.0,10.0,3.0,82.0,1.0,11.0,10.0,12.0
2025-05-30,8.0,0.0,0.0,21.0,11.0,10.0,48.0,32.0,0.0,67.0,0.0,8.0,1.0,3.0,56.0,0.0,4.0,1.0,6.0,10.0,16.0,6.0,3.0,101.0,4.0,14.0,8.0,8.0
2025-05-31,7.0,0.0,0.0,21.0,9.0,12.0,32.0,30.0,0.0,62.0,0.0,6.0,0.0,2.0,65.0,2.0,6.0,3.0,5.0,8.0,27.0,9.0,4.0,93.0,2.0,18.0,5.0,8.0
2025-06-01,10.0,2.0,0.0,19.0,14.0,15.0,50.0,44.0,1.0,64.0,1.0,7.0,0.0,2.0,51.0,1.0,5.0,0.0,7.0,10.0,34.0,10.0,7.0,105.0,0.0,11.0,8.0,15.0
2025-06-02,10.0,0.0,0.0,19.0,12.0,26.0,33.0,30.0,0.0,58.0,0.0,9.0,0.0,4.0,71.0,1.0,6.0,3.0,9.0,4.0,25.0,10.0,1.0,98.0,1.0,4.0,10.0,6.0
2025-06-03,7.0,1.0,0.0,17.0,17.0,29.0,42.0,30.0,0.0,63.0,0.0,4.0,1.0,2.0,66.0,3.0,3.0,0.0,4.0,5.0,17.0,6.0,4.0,85.0,0.0,8.0,8.0,11.0
2025-06-04,6.0,0.0,0.0,19.0,15.0,19.0,35.0,33.0,0.0,63.0,1.0,10.0,0.0,3.0,54.0,3.0,4.0,0.0,8.0,5.0,29.0,7.0,3.0,81.0,1.0,17.0,6.0,12.0
2025-06-05,7.0,0.0,0.0,22.0,8.0,39.0,31.0,28.0,0.0,45.0,0.0,5.0,0.0,3.0,62.0,2.0,2.0,0.0,6.0,8.0,20.0,11.0,0.0,95.0,3.0,18.0,5.0,10.0
2025-06-06,10.0,1.0,0.0,10.0,11.0,29.0,31.0,28.0,0.0,57.0,0.0,10.0,1.0,1.0,80.0,1.0,4.0,0.0,5.0,8.0,14.0,14.0,2.0,96.0,1.0,9.0,7.0,8.0
2025-06-07,10.0,0.0,0.0,23.0,8.0,18.0,41.0,33.0,0.0,67.0,0.0,9.0,0.0,0.0,62.0,1.0,5.0,2.0,7.0,11.0,14.0,10.0,3.0,114.0,0.0,21.0,6.0,9.0
2025-06-08,5.0,1.0,0.0,29.0,11.0,14.0,44.0,34.0,1.0,73.0,0.0,3.0,0.0,1.0,55.0,0.0,3.0,2.0,7.0,8.0,23.0,8.0,7.0,95.0,3.0,8.0,10.0,18.0
2025-06-09,3.0,0.0,0.0,13.0,17.0,21.0,38.0,38.0,0.0,46.0,0.0,11.0,1.0,2.0,82.0,2.0,3.0,3.0,3.0,6.0,28.0,9.0,6.0,87.0,0.0,13.0,12.0,7.0
2025-06-10,4.0,1.0,0.0,26.0,9.0,29.0,31.0,42.0,0.0,62.0,0.0,8.0,0.0,2.0,61.0,2.0,7.0,0.0,6.0,6.0,28.0,7.0,4.0,99.0,1.0,9.0,6.0,9.0
2025-06-11,9.0,0.0,0.0,25.0,12.0,15.0,33.0,34.0,2.0,53.0,0.0,8.0,0.0,3.0,50.0,2.0,1.0,1.0,3.0,4.0,17.0,12.0,2.0,106.0,2.0,17.0,6.0,11.0
2025-06-12,11.0,0.0,0.0,18.0,18.0,19.0,31.0,30.0,1.0,55.0,0.0,9.0,1.0,3.0,61.0,0.0,1.0,0.0,4.0,8.0,16.0,10.0,4.0,73.0,0.0,18.0,7.0,7.0
2025-06-13,5.0,2.0,0.0,17.0,6.0,18.0,39.0,35.0,0.0,75.0,0.0,17.0,0.0,4.0,65.0,2.0,3.0,1.0,5.0,3.0,7.0,10.0,3.0,76.0,2.0,9.0,9.0,12.0
2025-06-14,4.0,0.0,0.0,29.0,9.0,33.0,41.0,25.0,0.0,52.0,0.0,14.0,0.0,3.0,59.0,2.0,7.0,1.0,7.0,13.0,20.0,7.0,3.0,79.0,2.0,12.0,11.0,11.0
2025-06-15,10.0,1.0,0.0,24.0,10.0,22.0,41.0,40.0,0.0,60.0,1.0,8.0,0.0,1.0,63.0,1.0,4.0,2.0,8.0,9.0,21.0,13.0,2.0,82.0,0.0,13.0,11.0,11.0
2025-06-16,11.0,0.0,0.0,21.0,9.0,22.0,36.0,34.0,0.0,60.0,0.0,8.0,0.0,3.0,52.0,1.0,2.0,1.0,4.0,7.0,11.0,9.0,8.0,105.0,0.0,16.0,11.0,11.0
2025-06-17,1.0,1.0,0.0,20.0,13.0,11.0,37.0,33.0,0.0,57.0,0.0,12.0,1.0,3.0,61.0,0.0,4.0,0.0,11.0,8.0,21.0,9.0,1.0,105.0,1.0,9.0,12.0,5.0
2025-06-18,5.0,1.0,0.0,24.0,6.0,15.0,35.0,36.0,0.0,50.0,0.0,4.0,0.0,2.0,57.0,2.0,3.0,2.0,4.0,5.0,22.0,8.0,2.0,102.0,1.0,10.0,6.0,13.0
2025-06-19,3.0,2.0,0.0,20.0,10.0,20.0,40.0,35.0,2.0,58.0,1.0,10.0,1.0,1.0,65.0,6.0,3.0,0.0,6.0,6.0,26.0,8.0,5.0,92.0,1.0,11.0,3.0,7.0
2025-06-20,7.0,1.0,0.0,20.0,9.0,15.0,33.0,31.0,0.0,46.0,0.0,7.0,0.0,1.0,61.0,1.0,5.0,1.0,6.0,11.0,29.0,10.0,5.0,100.0,1.0,17.0,6.0,12.0
2025-06-21,8.0,1.0,0.0,18.0,14.0,47.0,52.0,30.0,0.0,65.0,0.0,9.0,0.0,1.0,72.0,3.0,7.0,4.0,6.0,11.0,21.0,10.0,4.0,106.0,0.0,16.0,10.0,3.0
2025-06-22,2.0,1.0,0.0,13.0,8.0,29.0,38.0,40.0,0.0,66.0,0.0,6.0,0.0,4.0,56.0,3.0,1.0,0.0,8.0,9.0,18.0,9.0,6.0,105.0,1.0,8.0,5.0,12.0
2025-06-23,6.0,0.0,0.0,19.0,12.0,9.0,38.0,29.0,0.0,65.0,0.0,6.0,0.0,2.0,45.0,0.0,4.0,1.0,3.0,7.0,20.0,5.0,3.0,94.0,1.0,12.0,12.0,8.0
2025-06-24,3.0,0.0,0.0,25.0,6.0,22.0,27.0,33.0,0.0,58.0,0.0,12.0,1.0,1.0,69.0,0.0,2.0,1.0,5.0,4.0,17.0,9.0,2.0,89.0,3.0,20.0,9.0,5.0
2025-06-25,5.0,3.0,0.0,20.0,13.0,8.0,43.0,30.0,1.0,53.0,1.0,3.0,0.0,1.0,65.0,3.0,3.0,0.0,8.0,4.0,11.0,4.0,3.0,102.0,2.0,7.0,5.0,12.0
2025-06-26,7.0,1.0,0.0,28.0,12.0,14.0,40.0,30.0,1.0,61.0,0.0,11.0,0.0,2.0,72.0,3.0,3.0,3.0,3.0,8.0,24.0,12.0,1.0,86.0,1.0,22.0,9.0,9.0
2025-06-27,9.0,2.0,0.0,21.0,10.0,15.0,35.0,33.0,0.0,69.0,1.0,13.0,0.0,2.0,57.0,0.0,1.0,1.0,8.0,6.0,22.0,12.0,4.0,89.0,3.0,11.0,6.0,9.0
2025-06-28,9.0,1.0,0.0,20.0,10.0,31.0,41.0,31.0,0.0,48.0,0.0,9.0,0.0,1.0,69.0,2.0,6.0,1.0,6.0,13.0,20.0,6.0,4.0,86.0,0.0,17.0,8.0,9.0
2025-06-29,5.0,1.0,0.0,25.0,9.0,24.0,44.0,36.0,0.0,63.0,0.0,4.0,1.0,2.0,58.0,1.0,2.0,2.0,4.0,9.0,23.0,10.0,3.0,107.0,2.0,16.0,10.0,15.0
2025-06-30,1.0,0.0,0.0,17.0,8.0,32.0,33.0,30.0,0.0,53.0,0.0,9.0,1.0,1.0,63.0,3.0,2.0,1.0,7.0,7.0,22.0,11.0,4.0,114.0,0.0,14.0,11.0,11.0
2025-07-01,6.0,0.0,0.0,15.0,10.0,29.0,30.0,44.0,0.0,59.0,0.0,8.0,0.0,4.0,64.0,1.0,6.0,0.0,6.0,5.0,24.0,6.0,3.0,102.0,3.0,9.0,8.0,7.0
2025-07-02,8.0,1.0,0.0,22.0,7.0,23.0,37.0,31.0,0.0,54.0,1.0,8.0,0.0,2.0,59.0,0.0,1.0,0.0,3.0,6.0,15.0,8.0,4.0,88.0,1.0,9.0,4.0,11.0
2025-07-03,4.0,0.0,0.0,19.0,12.0,23.0,32.0,26.0,0.0,59.0,0.0,4.0,1.0,1.0,62.0,2.0,2.0,1.0,8.0,7.0,11.0,11.0,6.0,88.0,0.0,17.0,9.0,9.0
2025-07-04,6.0,0.0,0.0,24.0,6.0,21.0,40.0,39.0,0.0,53.0,0.0,8.0,0.0,2.0,53.0,3.0,5.0,0.0,8.0,7.0,20.0,7.0,3.0,96.0,2.0,19.0,7.0,10.0
2025-07-05,10.0,0.0,0.0,18.0,12.0,9.0,45.0,25.0,0.0,64.0,0.0,8.0,0.0,3.0,79.0,2.0,4.0,0.0,9.0,18.0,13.0,4.0,2.0,60.0,2.0,18.0,7.0,13.0
2025-07-06,5.0,2.0,0.0,28.0,10.0,13.0,34.0,31.0,0.0,59.0,0.0,33.0,0.0,0.0,57.0,3.0,2.0,3.0,3.0,10.0,16.0,9.0,4.0,19.0,1.0,16.0,6.0,8.0
2025-07-07,10.0,0.0,0.0,22.0,12.0,25.0,46.0,31.0,0.0,64.0,2.0,24.0,1.0,1.0,69.0,2.0,6.0,0.0,3.0,5.0,15.0,13.0,5.0,84.0,2.0,4.0,8.0,11.0
2025-07-08,9.0,2.0,0.0,20.0,11.0,20.0,29.0,35.0,0.0,60.0,0.0,17.0,0.0,4.0,61.0,0.0,5.0,1.0,4.0,4.0,19.0,8.0,3.0,96.0,1.0,20.0,11.0,5.0
2025-07-09,2.0,1.0,0.0,17.0,4.0,25.0,47.0,27.0,0.0,57.0,0.0,9.0,0.0,2.0,53.0,0.0,4.0,2.0,6.0,3.0,18.0,10.0,0.0,142.0,1.0,12.0,12.0,13.0
2025-07-10,5.0,0.0,0.0,21.0,8.0,20.0,27.0,37.0,0.0,56.0,0.0,6.0,0.0,2.0,48.0,2.0,2.0,2.0,5.0,10.0,21.0,8.0,1.0,105.0,1.0,14.0,2.0,8.0
2025-07-11,8.0,1.0,0.0,20.0,10.0,7.0,29.0,35.0,0.0,60.0,0.0,2.0,1.0,3.0,58.0,5.0,4.0,1.0,4.0,7.0,11.0,11.0,3.0,89.0,1.0,16.0,9.0,14.0
2025-07-12,12.0,0.0,0.0,18.0,12.0,7.0,51.0,26.0,0.0,59.0,0.0,7.0,0.0,2.0,66.0,2.0,5.0,3.0,8.0,9.0,27.0,8.0,2.0,107.0,4.0,17.0,7.0,6.0
2025-07-13,8.0,0.0,0.0,20.0,8.0,42.0,37.0,41.0,0.0,59.0,0.0,8.0,0.0,0.0,60.0,1.0,1.0,0.0,6.0,10.0,21.0,5.0,4.0,121.0,1.0,17.0,10.0,8.0
2025-07-14,2.0,1.0,0.0,19.0,10.0,28.0,35.0,36.0,0.0,61.0,1.0,8.0,1.0,1.0,71.0,2.0,3.0,2.0,4.0,8.0,24.0,8.0,2.0,86.0,0.0,11.0,13.0,9.0
2025-07-15,9.0,2.0,0.0,20.0,8.0,30.0,29.0,31.0,0.0,55.0,0.0,6.0,0.0,2.0,56.0,2.0,6.0,1.0,7.0,7.0,34.0,7.0,1.0,98.0,2.0,9.0,11.0,9.0
2025-07-16,4.0,2.0,1.0,20.0,5.0,17.0,34.0,35.0,1.0,69.0,0.0,7.0,0.0,2.0,59.0,3.0,3.0,3.0,4.0,6.0,20.0,8.0,3.0,96.0,1.0,12.0,8.0,13.0
2025-07-17,8.0,1.0,0.0,23.0,11.0,8.0,43.0,22.0,0.0,58.0,0.0,6.0,0.0,0.0,65.0,1.0,0.0,0.0,6.0,7.0,19.0,11.0,3.0,90.0,0.0,14.0,5.0,8.0
2025-07-18,4.0,0.0,0.0,23.0,8.0,6.0,32.0,42.0,1.0,59.0,0.0,2.0,0.0,1.0,75.0,2.0,8.0,0.0,8.0,5.0,24.0,11.0,4.0,92.0,1.0,19.0,8.0,4.0
2025-07-19,4.0,0.0,0.0,13.0,13.0,37.0,43.0,35.0,0.0,57.0,1.0,9.0,1.0,3.0,70.0,0.0,6.0,3.0,7.0,15.0,22.0,7.0,2.0,120.0,1.0,13.0,7.0,12.0
2025-07-20,4.0,1.0,0.0,22.0,9.0,34.0,41.0,32.0,0.0,72.0,0.0,20.0,0.0,3.0,58.0,4.0,1.0,1.0,8.0,8.0,28.0,7.0,6.0,87.0,1.0,7.0,9.0,11.0
2025-07-21,7.0,0.0,0.0,24.0,14.0,25.0,26.0,28.0,0.0,61.0,1.0,5.0,0.0,0.0,63.0,1.0,3.0,2.0,6.0,6.0,17.0,8.0,6.0,85.0,1.0,13.0,10.0,10.0
2025-07-22,9.0,1.0,0.0,23.0,10.0,15.0,34.0,34.0,0.0,48.0,0.0,4.0,1.0,4.0,66.0,1.0,5.0,1.0,7.0,5.0,25.0,14.0,3.0,89.0,1.0,21.0,10.0,4.0
2025-07-23,6.0,1.0,0.0,31.0,15.0,22.0,46.0,27.0,0.0,53.0,0.0,5.0,0.0,3.0,54.0,2.0,5.0,2.0,1.0,5.0,19.0,7.0,6.0,106.0,0.0,16.0,7.0,12.0
2025-07-24,6.0,1.0,0.0,19.0,11.0,17.0,31.0,40.0,1.0,61.0,0.0,7.0,0.0,0.0,63.0,1.0,3.0,0.0,7.0,9.0,20.0,10.0,0.0,99.0,1.0,19.0,8.0,6.0
2025-07-25,6.0,3.0,0.0,22.0,7.0,15.0,39.0,40.0,0.0,76.0,0.0,4.0,0.0,1.0,58.0,2.0,3.0,0.0,12.0,9.0,18.0,14.0,2.0,81.0,2.0,18.0,9.0,8.0
2025-07-26,9.0,1.0,0.0,21.0,6.0,26.0,37.0,38.0,2.0,64.0,0.0,10.0,1.0,2.0,54.0,0.0,2.0,3.0,5.0,10.0,17.0,9.0,3.0,96.0,0.0,14.0,8.0,14.0
2025-07-27,11.0,0.0,0.0,22.0,7.0,24.0,42.0,38.0,3.0,68.0,0.0,2.0,0.0,0.0,60.0,3.0,8.0,0.0,7.0,8.0,17.0,8.0,5.0,111.0,1.0,20.0,9.0,11.0
2025-07-28,8.0,1.0,0.0,16.0,12.0,20.0,32.0,33.0,0.0,82.0,1.0,7.0,0.0,2.0,62.0,0.0,2.0,0.0,5.0,5.0,22.0,5.0,4.0,98.0,2.0,15.0,10.0,9.0
2025-07-29,6.0,1.0,0.0,23.0,13.0,23.0,35.0,33.0,0.0,58.0,0.0,3.0,0.0,5.0,64.0,0.0,6.0,1.0,8.0,8.0,25.0,6.0,4.0,81.0,1.0,7.0,9.0,8.0
2025-07-30,4.0,0.0,0.0,28.0,4.0,23.0,34.0,35.0,1.0,63.0,1.0,4.0,0.0,2.0,59.0,1.0,6.0,2.0,5.0,5.0,20.0,9.0,2.0,62.0,0.0,14.0,11.0,14.0
2025-07-31,8.0,0.0,0.0,20.0,13.0,11.0,33.0,28.0,0.0,44.0,0.0,1.0,0.0,1.0,59.0,1.0,3.0,4.0,7.0,9.0,26.0,6.0,3.0,79.0,2.0,19.0,7.0,5.0
2025-08-01,8.0,0.0,0.0,25.0,10.0,5.0,40.0,36.0,0.0,55.0,0.0,11.0,1.0,1.0,68.0,5.0,3.0,0.0,9.0,10.0,15.0,12.0,6.0,103.0,1.0,16.0,9.0,8.0
2025-08-02,7.0,1.0,2.0,14.0,8.0,42.0,46.0,35.0,0.0,65.0,0.0,4.0,0.0,0.0,62.0,2.0,4.0,2.0,5.0,11.0,20.0,11.0,2.0,100.0,2.0,18.0,7.0,14.0
2025-08-03,8.0,0.0,1.0,15.0,9.0,35.0,43.0,35.0,1.0,63.0,1.0,5.0,1.0,1.0,60.0,1.0,4.0,0.0,3.0,12.0,16.0,8.0,4.0,87.0,1.0,17.0,8.0,11.0
2025-08-04,6.0,0.0,0.0,16.0,10.0,17.0,41.0,27.0,0.0,48.0,0.0,9.0,0.0,2.0,55.0,1.0,3.0,1.0,5.0,7.0,9.0,11.0,3.0,97.0,0.0,12.0,11.0,12.0
2025-08-05,2.0,2.0,0.0,22.0,10.0,15.0,40.0,30.0,0.0,54.0,0.0,7.0,0.0,4.0,69.0,0.0,5.0,0.0,7.0,3.0,22.0,3.0,3.0,121.0,3.0,12.0,7.0,5.0
2025-08-06,7.0,1.0,0.0,19.0,11.0,16.0,25.0,25.0,0.0,54.0,0.0,7.0,0.0,0.0,61.0,1.0,3.0,1.0,3.0,6.0,14.0,9.0,0.0,90.0,0.0,14.0,4.0,10.0
2025-08-07,3.0,2.0,0.0,24.0,4.0,29.0,35.0,40.0,0.0,53.0,0.0,5.0,1.0,1.0,59.0,3.0,3.0,0.0,8.0,5.0,22.0,8.0,2.0,99.0,0.0,8.0,11.0,7.0
2025-08-08,12.0,0.0,0.0,20.0,10.0,18.0,33.0,34.0,0.0,54.0,0.0,4.0,0.0,2.0,67.0,3.0,3.0,3.0,8.0,8.0,15.0,10.0,3.0,95.0,2.0,18.0,11.0,9.0
2025-08-09,9.0,0.0,0.0,15.0,10.0,10.0,39.0,26.0,0.0,59.0,0.0,5.0,1.0,1.0,61.0,2.0,3.0,1.0,11.0,11.0,12.0,14.0,4.0,102.0,2.0,16.0,9.0,11.0
2025-08-10,5.0,0.0,0.0,28.0,6.0,11.0,43.0,46.0,1.0,54.0,1.0,5.0,0.0,1.0,61.0,1.0,4.0,1.0,4.0,9.0,13.0,11.0,5.0,103.0,1.0,12.0,6.0,12.0
2025-08-11,6.0,1.0,0.0,24.0,8.0,30.0,39.0,34.0,0.0,55.0,1.0,5.0,0.0,2.0,61.0,1.0,6.0,2.0,6.0,6.0,17.0,7.0,3.0,113.0,1.0,8.0,11.0,12.0
2025-08-12,13.0,1.0,1.0,25.0,7.0,31.0,33.0,36.0,0.0,57.0,0.0,4.0,1.0,2.0,63.0,0.0,4.0,1.0,3.0,9.0,33.0,8.0,6.0,73.0,3.0,10.0,8.0,8.0
2025-08-13,7.0,1.0,1.0,16.0,7.0,29.0,29.0,25.0,1.0,55.0,0.0,14.0,0.0,3.0,71.0,2.0,5.0,0.0,3.0,5.0,14.0,4.0,2.0,31.0,0.0,21.0,6.0,9.0
2025-08-14,9.0,0.0,0.0,20.0,13.0,17.0,27.0,38.0,0.0,55.0,0.0,9.0,1.0,2.0,61.0,5.0,2.0,2.0,7.0,8.0,18.0,10.0,3.0,146.0,0.0,16.0,8.0,7.0
2025-08-15,8.0,0.0,0.0,13.0,6.0,23.0,36.0,39.0,0.0,44.0,0.0,13.0,0.0,1.0,60.0,1.0,6.0,1.0,6.0,12.0,13.0,11.0,3.0,93.0,2.0,19.0,12.0,13.0
2025-08-16,8.0,0.0,0.0,15.0,12.0,23.0,45.0,29.0,0.0,61.0,0.0,9.0,0.0,0.0,65.0,2.0,5.0,1.0,11.0,11.0,11.0,11.0,3.0,107.0,2.0,19.0,8.0,12.0
2025-08-17,4.0,1.0,0.0,22.0,8.0,17.0,39.0,42.0,1.0,59.0,1.0,7.0,0.0,1.0,71.0,5.0,1.0,0.0,7.0,10.0,17.0,7.0,3.0,101.0,1.0,17.0,14.0,12.0
2025-08-18,3.0,3.0,0.0,19.0,7.0,20.0,38.0,32.0,0.0,53.0,0.0,6.0,0.0,0.0,61.0,0.0,4.0,0.0,5.0,6.0,21.0,8.0,3.0,109.0,1.0,7.0,10.0,8.0
2025-08-19,6.0,0.0,0.0,24.0,9.0,25.0,31.0,36.0,0.0,60.0,0.0,3.0,0.0,6.0,57.0,3.0,4.0,3.0,4.0,10.0,30.0,9.0,5.0,100.0,2.0,12.0,4.0,10.0
2025-08-20,9.0,1.0,0.0,23.0,8.0,33.0,34.0,26.0,0.0,55.0,0.0,6.0,0.0,1.0,62.0,1.0,5.0,2.0,6.0,7.0,16.0,13.0,7.0,102.0,1.0,12.0,11.0,13.0
2025-08-21,3.0,0.0,0.0,26.0,9.0,24.0,33.0,39.0,0.0,49.0,1.0,9.0,2.0,1.0,51.0,0.0,4.0,1.0,5.0,10.0,15.0,7.0,1.0,88.0,0.0,19.0,9.0,9.0
2025-08-22,5.0,0.0,1.0,25.0,7.0,8.0,35.0,25.0,0.0,69.0,1.0,9.0,0.0,1.0,68.0,3.0,3.0,1.0,6.0,10.0,24.0,6.0,1.0,91.0,1.0,16.0,7.0,10.0
2025-08-23,7.0,1.0,0.0,24.0,8.0,1.0,43.0,43.0,0.0,63.0,0.0,9.0,0.0,2.0,51.0,1.0,5.0,1.0,4.0,10.0,24.0,10.0,9.0,90.0,1.0,9.0,12.0,14.0
2025-08-24,9.0,0.0,1.0,22.0,13.0,13.0,37.0,29.0,0.0,55.0,0.0,6.0,0.0,1.0,63.0,0.0,3.0,1.0,7.0,11.0,27.0,15.0,5.0,103.0,1.0,22.0,9.0,15.0
2025-08-25,6.0,0.0,0.0,16.0,7.0,37.0,39.0,29.0,0.0,48.0,1.0,5.0,0.0,1.0,64.0,3.0,4.0,0.0,8.0,4.0,20.0,5.0,3.0,110.0,2.0,8.0,8.0,9.0
2025-08-26,6.0,0.0,0.0,27.0,10.0,36.0,38.0,29.0,0.0,56.0,1.0,11.0,0.0,2.0,59.0,0.0,2.0,2.0,4.0,2.0,18.0,5.0,1.0,87.0,1.0,10.0,9.0,9.0
2025-08-27,9.0,0.0,0.0,21.0,8.0,23.0,32.0,33.0,0.0,48.0,0.0,5.0,1.0,3.0,70.0,3.0,4.0,1.0,3.0,9.0,15.0,6.0,3.0,89.0,0.0,15.0,6.0,12.0
2025-08-28,5.0,1.0,0.0,25.0,8.0,19.0,33.0,32.0,0.0,58.0,0.0,8.0,0.0,1.0,64.0,2.0,2.0,0.0,2.0,7.0,15.0,11.0,6.0,94.0,0.0,14.0,5.0,7.0
2025-08-29,4.0,2.0,0.0,20.0,11.0,22.0,33.0,25.0,0.0,53.0,1.0,3.0,1.0,3.0,70.0,0.0,2.0,2.0,5.0,10.0,28.0,11.0,1.0,95.0,2.0,16.0,12.0,9.0
2025-08-30,8.0,0.0,3.0,23.0,9.0,18.0,29.0,34.0,0.0,61.0,0.0,11.0,0.0,2.0,80.0,0.0,6.0,2.0,9.0,7.0,13.0,8.0,3.0,108.0,2.0,19.0,9.0,9.0
2025-08-31,6.0,0.0,0.0,11.0,12.0,13.0,36.0,36.0,0.0,71.0,1.0,8.0,0.0,2.0,61.0,2.0,1.0,0.0,7.0,8.0,16.0,11.0,3.0,91.0,0.0,7.0,9.0,12.0
2025-09-01,2.0,2.0,0.0,27.0,13.0,28.0,47.0,41.0,0.0,62.0,0.0,14.0,0.0,1.0,61.0,3.0,3.0,0.0,5.0,6.0,26.0,8.0,8.0,88.0,1.0,12.0,10.0,12.0
2025-09-02,6.0,1.0,1.0,27.0,10.0,18.0,25.0,28.0,0.0,52.0,0.0,7.0,1.0,3.0,65.0,2.0,4.0,1.0,10.0,5.0,21.0,7.0,0.0,99.0,3.0,12.0,10.0,8.0
2025-09-03,5.0,0.0,1.0,23.0,14.0,25.0,34.0,24.0,0.0,61.0,0.0,9.0,0.0,2.0,70.0,3.0,3.0,3.0,3.0,5.0,17.0,11.0,2.0,87.0,0.0,13.0,4.0,10.0
2025-09-04,2.0,2.0,1.0,23.0,7.0,16.0,41.0,31.0,0.0,60.0,0.0,5.0,0.0,1.0,58.0,2.0,4.0,2.0,8.0,7.0,13.0,10.0,2.0,93.0,1.0,12.0,6.0,14.0
2025-09-05,12.0,1.0,0.0,28.0,9.0,15.0,45.0,29.0,0.0,64.0,0.0,5.0,1.0,2.0,75.0,1.0,1.0,1.0,7.0,8.0,27.0,8.0,2.0,99.0,1.0,21.0,8.0,7.0
2025-09-06,8.0,0.0,0.0,18.0,8.0,23.0,38.0,34.0,0.0,64.0,2.0,7.0,0.0,1.0,62.0,2.0,2.0,1.0,6.0,11.0,20.0,8.0,6.0,103.0,0.0,21.0,5.0,7.0
2025-09-07,5.0,0.0,0.0,21.0,13.0,24.0,39.0,31.0,0.0,70.0,0.0,11.0,0.0,1.0,55.0,0.0,3.0,1.0,8.0,12.0,21.0,8.0,4.0,96.0,0.0,15.0,8.0,11.0
2025-09-08,7.0,1.0,1.0,16.0,13.0,18.0,34.0,38.0,1.0,65.0,0.0,12.0,0.0,3.0,63.0,3.0,2.0,0.0,5.0,6.0,25.0,8.0,3.0,89.0,2.0,9.0,14.0,12.0
2025-09-09,7.0,1.0,0.0,20.0,5.0,28.0,28.0,44.0,0.0,49.0,0.0,8.0,1.0,0.0,62.0,1.0,4.0,1.0,3.0,6.0,24.0,8.0,3.0,83.0,2.0,12.0,13.0,4.0
2025-09-10,8.0,0.0,0.0,22.0,15.0,22.0,37.0,32.0,0.0,45.0,0.0,5.0,0.0,3.0,58.0,3.0,7.0,0.0,6.0,5.0,20.0,9.0,3.0,81.0,2.0,13.0,8.0,10.0
2025-09-11,4.0,0.0,0.0,21.0,10.0,19.0,41.0,38.0,0.0,64.0,0.0,3.0,1.0,1.0,43.0,2.0,6.0,1.0,8.0,11.0,16.0,12.0,3.0,86.0,1.0,13.0,6.0,9.0
2025-09-12,4.0,2.0,1.0,27.0,7.0,24.0,34.0,22.0,0.0,50.0,0.0,8.0,0.0,2.0,57.0,2.0,4.0,1.0,7.0,9.0,10.0,15.0,2.0,89.0,0.0,15.0,9.0,9.0
2025-09-13,8.0,0.0,1.0,16.0,13.0,28.0,38.0,30.0,0.0,49.0,2.0,6.0,0.0,2.0,65.0,2.0,3.0,2.0,8.0,8.0,19.0,14.0,6.0,96.0,2.0,12.0,7.0,14.0
2025-09-14,7.0,0.0,0.0,22.0,7.0,22.0,33.0,31.0,0.0,62.0,0.0,9.0,1.0,3.0,68.0,1.0,3.0,1.0,6.0,14.0,8.0,10.0,6.0,99.0,1.0,14.0,9.0,9.0
2025-09-15,9.0,1.0,0.0,20.0,8.0,11.0,22.0,39.0,0.0,60.0,0.0,11.0,0.0,1.0,66.0,0.0,4.0,0.0,9.0,7.0,12.0,10.0,2.0,91.0,1.0,11.0,10.0,12.0
2025-09-16,7.0,2.0,1.0,22.0,17.0,3.0,27.0,35.0,0.0,61.0,0.0,6.0,1.0,1.0,55.0,1.0,5.0,0.0,2.0,7.0,17.0,9.0,3.0,102.0,0.0,6.0,11.0,5.0
2025-09-17,2.0,1.0,0.0,17.0,14.0,21.0,35.0,29.0,0.0,47.0,1.0,11.0,0.0,2.0,65.0,2.0,5.0,2.0,6.0,8.0,31.0,7.0,5.0,77.0,2.0,14.0,10.0,16.0
2025-09-18,6.0,0.0,1.0,31.0,14.0,26.0,35.0,35.0,0.0,57.0,0.0,9.0,0.0,1.0,68.0,2.0,1.0,2.0,5.0,5.0,17.0,5.0,2.0,83.0,0.0,17.0,6.0,13.0
2025-09-19,7.0,1.0,0.0,21.0,7.0,42.0,44.0,35.0,0.0,61.0,1.0,13.0,1.0,1.0,71.0,2.0,1.0,3.0,5.0,10.0,14.0,10.0,3.0,78.0,0.0,18.0,10.0,4.0
2025-09-20,9.0,0.0,0.0,19.0,7.0,18.0,50.0,29.0,0.0,54.0,0.0,3.0,0.0,2.0,58.0,0.0,2.0,0.0,5.0,13.0,9.0,8.0,2.0,101.0,1.0,11.0,8.0,14.0
2025-09-21,8.0,1.0,0.0,26.0,13.0,19.0,35.0,28.0,0.0,55.0,0.0,1.0,0.0,1.0,56.0,1.0,3.0,0.0,7.0,9.0,11.0,8.0,3.0,88.0,2.0,10.0,7.0,17.0
2025-09-22,4.0,1.0,0.0,23.0,7.0,22.0,34.0,43.0,0.0,62.0,0.0,0.0,0.0,2.0,61.0,0.0,3.0,3.0,6.0,4.0,4.0,14.0,3.0,46.0,2.0,12.0,10.0,12.0
2025-09-23,5.0,0.0,0.0,20.0,10.0,22.0,29.0,31.0,0.0,64.0,0.0,12.0,1.0,1.0,59.0,0.0,4.0,1.0,5.0,4.0,20.0,9.0,2.0,75.0,0.0,11.0,7.0,5.0
2025-09-24,5.0,2.0,2.0,16.0,8.0,18.0,42.0,30.0,0.0,55.0,0.0,27.0,0.0,5.0,52.0,4.0,4.0,0.0,4.0,9.0,18.0,9.0,4.0,96.0,1.0,21.0,9.0,16.0
2025-09-25,9.0,0.0,0.0,18.0,11.0,22.0,37.0,32.0,1.0,57.0,0.0,21.0,0.0,2.0,64.0,2.0,3.0,1.0,6.0,9.0,24.0,12.0,2.0,87.0,0.0,15.0,5.0,8.0
2025-09-26,2.0,0.0,0.0,25.0,8.0,17.0,41.0,24.0,0.0,69.0,0.0,5.0,0.0,2.0,64.0,1.0,4.0,1.0,7.0,9.0,8.0,9.0,2.0,102.0,2.0,14.0,13.0,9.0
2025-09-27,9.0,1.0,1.0,28.0,8.0,20.0,44.0,32.0,1.0,43.0,1.0,9.0,1.0,0.0,61.0,2.0,4.0,2.0,2.0,11.0,14.0,13.0,7.0,98.0,1.0,16.0,10.0,16.0
2025-09-28,6.0,0.0,0.0,19.0,12.0,19.0,39.0,27.0,0.0,62.0,0.0,9.0,0.0,1.0,57.0,1.0,3.0,0.0,9.0,13.0,20.0,9.0,4.0,87.0,3.0,18.0,9.0,9.0
2025-09-29,4.0,0.0,1.0,19.0,15.0,21.0,24.0,36.0,1.0,48.0,0.0,6.0,0.0,2.0,49.0,1.0,4.0,2.0,7.0,8.0,14.0,10.0,5.0,92.0,1.0,10.0,6.0,9.0
2025-09-30,6.0,1.0,0.0,16.0,9.0,20.0,35.0,24.0,0.0,56.0,1.0,8.0,0.0,5.0,65.0,2.0,3.0,0.0,6.0,7.0,26.0,8.0,5.0,80.0,2.0,11.0,12.0,9.0
2025-10-01,4.0,0.0,1.0,21.0,18.0,17.0,32.0,35.0,0.0,48.0,0.0,10.0,0.0,0.0,55.0,1.0,2.0,1.0,4.0,4.0,20.0,10.0,4.0,84.0,0.0,15.0,9.0,12.0
2025-10-02,11.0,0.0,0.0,25.0,8.0,16.0,39.0,33.0,0.0,48.0,1.0,4.0,1.0,1.0,62.0,3.0,2.0,1.0,6.0,11.0,24.0,11.0,3.0,84.0,1.0,7.0,3.0,9.0
2025-10-03,7.0,3.0,0.0,18.0,3.0,25.0,31.0,29.0,0.0,67.0,1.0,6.0,0.0,1.0,51.0,2.0,1.0,0.0,5.0,9.0,29.0,11.0,4.0,80.0,1.0,8.0,11.0,9.0
2025-10-04,15.0,0.0,0.0,14.0,13.0,34.0,32.0,34.0,1.0,53.0,0.0,13.0,0.0,0.0,73.0,1.0,6.0,1.0,5.0,8.0,28.0,11.0,4.0,99.0,2.0,10.0,7.0,14.0
2025-10-05,4.0,0.0,1.0,15.0,6.0,14.0,27.0,33.0,0.0,48.0,0.0,12.0,1.0,3.0,66.0,1.0,1.0,3.0,3.0,9.0,24.0,10.0,3.0,71.0,3.0,9.0,7.0,15.0
2025-10-06,3.0,0.0,0.0,20.0,18.0,4.0,47.0,34.0,0.0,42.0,0.0,7.0,0.0,1.0,71.0,1.0,3.0,1.0,5.0,9.0,18.0,9.0,1.0,83.0,0.0,9.0,10.0,9.0
2025-10-07,5.0,0.0,0.0,12.0,9.0,16.0,43.0,23.0,0.0,62.0,0.0,8.0,1.0,1.0,57.0,0.0,2.0,2.0,7.0,9.0,10.0,8.0,2.0,104.0,1.0,13.0,11.0,8.0
2025-10-08,5.0,0.0,0.0,13.0,6.0,34.0,28.0,34.0,0.0,62.0,0.0,7.0,1.0,3.0,59.0,2.0,2.0,0.0,4.0,4.0,12.0,7.0,1.0,79.0,1.0,10.0,7.0,11.0
2025-10-09,5.0,1.0,1.0,15.0,14.0,29.0,31.0,37.0,0.0,48.0,0.0,9.0,0.0,0.0,62.0,2.0,6.0,1.0,5.0,6.0,10.0,15.0,4.0,72.0,0.0,12.0,5.0,13.0
2025-10-10,8.0,0.0,0.0,26.0,5.0,31.0,26.0,25.0,0.0,59.0,0.0,11.0,0.0,1.0,66.0,5.0,3.0,1.0,3.0,9.0,13.0,12.0,3.0,82.0,2.0,12.0,13.0,6.0
2025-10-11,7.0,2.0,0.0,19.0,13.0,17.0,45.0,30.0,0.0,50.0,1.0,9.0,1.0,2.0,72.0,1.0,3.0,1.0,5.0,13.0,10.0,7.0,2.0,125.0,1.0,8.0,7.0,12.0
2025-10-12,5.0,0.0,0.0,21.0,10.0,14.0,17.0,37.0,0.0,47.0,0.0,6.0,0.0,2.0,54.0,1.0,5.0,5.0,7.0,8.0,12.0,9.0,2.0,92.0,4.0,17.0,7.0,13.0
2025-10-13,7.0,1.0,0.0,26.0,7.0,15.0,53.0,36.0,0.0,60.0,0.0,9.0,1.0,4.0,65.0,0.0,3.0,1.0,4.0,7.0,15.0,13.0,3.0,89.0,0.0,6.0,8.0,9.0
2025-10-14,8.0,1.0,0.0,22.0,13.0,20.0,23.0,34.0,0.0,69.0,0.0,12.0,0.0,3.0,72.0,0.0,2.0,1.0,4.0,4.0,28.0,6.0,2.0,91.0,0.0,5.0,13.0,11.0
2025-10-15,4.0,0.0,0.0,14.0,10.0,12.0,28.0,32.0,0.0,46.0,0.0,3.0,0.0,3.0,56.0,1.0,1.0,1.0,6.0,8.0,10.0,8.0,3.0,91.0,2.0,7.0,4.0,9.0
2025-10-16,1.0,2.0,0.0,37.0,10.0,13.0,38.0,32.0,0.0,44.0,2.0,12.0,0.0,1.0,85.0,1.0,5.0,0.0,2.0,9.0,12.0,11.0,6.0,83.0,1.0,5.0,8.0,9.0
2025-10-17,7.0,1.0,0.0,14.0,10.0,35.0,39.0,22.0,0.0,62.0,0.0,10.0,1.0,1.0,66.0,2.0,3.0,1.0,9.0,5.0,14.0,12.0,4.0,85.0,2.0,7.0,10.0,8.0
2025-10-18,9.0,1.0,1.0,22.0,12.0,30.0,30.0,36.0,0.0,54.0,0.0,15.0,0.0,1.0,58.0,1.0,5.0,1.0,10.0,9.0,13.0,9.0,4.0,86.0,1.0,11.0,4.0,13.0
2025-10-19,10.0,1.0,0.0,23.0,12.0,16.0,44.0,37.0,0.0,65.0,0.0,18.0,0.0,0.0,68.0,1.0,1.0,0.0,4.0,10.0,15.0,15.0,5.0,38.0,1.0,8.0,9.0,15.0
2025-10-20,7.0,1.0,0.0,23.0,5.0,15.0,36.0,32.0,0.0,45.0,0.0,36.0,0.0,0.0,63.0,1.0,2.0,1.0,1.0,9.0,7.0,7.0,1.0,36.0,1.0,6.0,9.0,7.0
2025-10-21,9.0,3.0,0.0,21.0,8.0,23.0,30.0,27.0,0.0,55.0,0.0,27.0,1.0,2.0,64.0,0.0,4.0,1.0,5.0,6.0,18.0,7.0,4.0,19.0,2.0,8.0,11.0,9.0
2025-10-22,7.0,2.0,0.0,21.0,3.0,22.0,29.0,35.0,0.0,56.0,1.0,20.0,1.0,3.0,69.0,3.0,3.0,0.0,2.0,7.0,15.0,8.0,6.0,31.0,0.0,7.0,8.0,9.0
2025-10-23,4.0,0.0,0.0,22.0,12.0,28.0,21.0,37.0,0.0,58.0,0.0,26.0,0.0,2.0,55.0,2.0,1.0,2.0,3.0,9.0,17.0,14.0,0.0,49.0,0.0,10.0,4.0,9.0
2025-10-24,6.0,0.0,0.0,20.0,10.0,19.0,28.0,28.0,0.0,51.0,1.0,26.0,0.0,1.0,61.0,2.0,5.0,2.0,8.0,9.0,19.0,9.0,2.0,60.0,1.0,7.0,7.0,18.0
2025-10-25,8.0,0.0,0.0,27.0,8.0,19.0,40.0,31.0,0.0,48.0,0.0,19.0,1.0,0.0,58.0,3.0,9.0,1.0,8.0,11.0,18.0,15.0,5.0,89.0,1.0,12.0,3.0,14.0
2025-10-26,4.0,1.0,0.0,17.0,7.0,17.0,41.0,33.0,0.0,48.0,0.0,12.0,0.0,3.0,65.0,1.0,6.0,1.0,3.0,8.0,20.0,14.0,3.0,87.0,1.0,9.0,0.0,9.0
2025-10-27,2.0,1.0,0.0,8.0,10.0,8.0,37.0,29.0,1.0,71.0,0.0,11.0,0.0,4.0,55.0,3.0,6.0,1.0,5.0,4.0,17.0,9.0,4.0,79.0,1.0,12.0,2.0,16.0
2025-10-28,8.0,1.0,0.0,30.0,10.0,38.0,35.0,40.0,0.0,40.0,0.0,6.0,1.0,3.0,59.0,2.0,9.0,2.0,6.0,4.0,31.0,9.0,0.0,68.0,1.0,5.0,2.0,16.0
2025-10-29,9.0,1.0,1.0,20.0,11.0,19.0,40.0,23.0,0.0,63.0,0.0,6.0,0.0,2.0,51.0,2.0,4.0,1.0,8.0,7.0,17.0,6.0,3.0,92.0,3.0,10.0,0.0,12.0
2025-10-30,7.0,1.0,0.0,25.0,10.0,20.0,36.0,28.0,0.0,48.0,1.0,7.0,0.0,1.0,65.0,0.0,3.0,3.0,8.0,9.0,15.0,10.0,1.0,86.0,0.0,8.0,5.0,8.0
2025-10-31,9.0,1.0,0.0,27.0,11.0,19.0,43.0,42.0,0.0,50.0,1.0,9.0,0.0,2.0,48.0,0.0,3.0,1.0,12.0,8.0,19.0,8.0,4.0,87.0,1.0,6.0,14.0,7.0
2025-11-01,4.0,0.0,0.0,16.0,9.0,27.0,39.0,30.0,0.0,51.0,0.0,11.0,0.0,2.0,60.0,0.0,4.0,0.0,3.0,10.0,17.0,13.0,6.0,100.0,2.0,7.0,11.0,11.0
2025-11-02,5.0,0.0,0.0,24.0,14.0,16.0,39.0,35.0,0.0,53.0,0.0,7.0,0.0,1.0,58.0,5.0,3.0,1.0,2.0,9.0,15.0,11.0,1.0,92.0,1.0,4.0,3.0,12.0
2025-11-03,10.0,2.0,0.0,24.0,10.0,16.0,37.0,37.0,0.0,58.0,0.0,12.0,0.0,1.0,62.0,0.0,5.0,2.0,5.0,7.0,4.0,7.0,4.0,68.0,1.0,8.0,11.0,11.0
2025-11-04,6.0,1.0,0.0,23.0,10.0,25.0,43.0,34.0,0.0,61.0,0.0,8.0,1.0,3.0,67.0,0.0,2.0,0.0,8.0,8.0,9.0,12.0,2.0,92.0,2.0,4.0,10.0,5.0
2025-11-05,5.0,0.0,0.0,26.0,11.0,14.0,37.0,28.0,0.0,55.0,0.0,9.0,0.0,2.0,68.0,1.0,3.0,1.0,6.0,5.0,11.0,10.0,3.0,75.0,0.0,11.0,9.0,12.0
2025-11-06,5.0,1.0,0.0,19.0,15.0,19.0,36.0,30.0,0.0,49.0,0.0,6.0,0.0,2.0,70.0,2.0,3.0,0.0,6.0,8.0,16.0,9.0,3.0,97.0,1.0,10.0,5.0,14.0
2025-11-07,5.0,0.0,0.0,29.0,14.0,21.0,36.0,27.0,1.0,58.0,0.0,10.0,1.0,2.0,56.0,0.0,1.0,2.0,6.0,8.0,16.0,8.0,1.0,89.0,1.0,9.0,11.0,8.0
2025-11-08,5.0,1.0,0.0,23.0,8.0,13.0,36.0,38.0,1.0,52.0,1.0,3.0,0.0,1.0,46.0,2.0,4.0,1.0,5.0,11.0,20.0,8.0,3.0,94.0,1.0,4.0,10.0,11.0
2025-11-09,8.0,1.0,0.0,19.0,6.0,17.0,48.0,39.0,0.0,53.0,0.0,0.0,0.0,0.0,71.0,5.0,3.0,1.0,9.0,10.0,13.0,11.0,2.0,103.0,3.0,7.0,5.0,15.0
2025-11-10,6.0,3.0,0.0,27.0,11.0,28.0,40.0,45.0,0.0,39.0,0.0,3.0,0.0,1.0,71.0,0.0,3.0,1.0,3.0,9.0,10.0,10.0,6.0,20.0,0.0,2.0,12.0,6.0
2025-11-11,5.0,0.0,0.0,24.0,7.0,18.0,38.0,30.0,0.0,48.0,0.0,2.0,1.0,3.0,68.0,0.0,3.0,0.0,8.0,5.0,20.0,10.0,3.0,2.0,1.0,8.0,8.0,4.0
2025-11-12,5.0,0.0,0.0,28.0,15.0,15.0,42.0,34.0,0.0,52.0,0.0,17.0,0.0,2.0,54.0,3.0,6.0,1.0,2.0,5.0,13.0,10.0,2.0,75.0,0.0,11.0,6.0,9.0
2025-11-13,7.0,0.0,0.0,19.0,8.0,23.0,28.0,31.0,0.0,49.0,2.0,11.0,0.0,2.0,63.0,1.0,4.0,2.0,6.0,7.0,12.0,8.0,4.0,158.0,0.0,8.0,4.0,16.0
2025-11-14,6.0,1.0,0.0,21.0,9.0,16.0,41.0,29.0,0.0,45.0,0.0,9.0,1.0,1.0,70.0,1.0,3.0,0.0,8.0,6.0,10.0,16.0,1.0,147.0,0.0,7.0,9.0,9.0
2025-11-15,10.0,1.0,1.0,16.0,10.0,13.0,43.0,36.0,0.0,47.0,2.0,12.0,0.0,1.0,52.0,3.0,6.0,0.0,2.0,10.0,14.0,13.0,5.0,102.0,1.0,10.0,6.0,8.0
2025-11-16,6.0,0.0,1.0,16.0,10.0,12.0,42.0,37.0,0.0,60.0,0.0,12.0,0.0,5.0,71.0,1.0,7.0,1.0,6.0,12.0,12.0,10.0,5.0,85.0,4.0,3.0,9.0,12.0
2025-11-17,2.0,0.0,0.0,23.0,8.0,17.0,31.0,30.0,1.0,56.0,0.0,5.0,0.0,0.0,59.0,0.0,1.0,3.0,2.0,4.0,9.0,8.0,3.0,73.0,0.0,6.0,12.0,8.0
2025-11-18,7.0,1.0,0.0,19.0,7.0,19.0,34.0,34.0,0.0,47.0,0.0,7.0,0.0,3.0,65.0,3.0,2.0,1.0,1.0,5.0,8.0,3.0,1.0,56.0,1.0,8.0,12.0,9.0
2025-11-19,5.0,0.0,0.0,30.0,10.0,23.0,29.0,27.0,0.0,65.0,0.0,9.0,0.0,3.0,65.0,1.0,4.0,1.0,5.0,5.0,12.0,7.0,5.0,92.0,1.0,5.0,9.0,13.0
2025-11-20,6.0,0.0,0.0,26.0,8.0,13.0,33.0,33.0,1.0,42.0,1.0,14.0,0.0,2.0,59.0,2.0,4.0,0.0,2.0,8.0,13.0,10.0,3.0,91.0,0.0,11.0,8.0,9.0
2025-11-21,7.0,2.0,0.0,18.0,10.0,25.0,41.0,32.0,1.0,54.0,0.0,18.0,2.0,2.0,60.0,3.0,6.0,1.0,10.0,12.0,9.0,14.0,2.0,80.0,1.0,4.0,6.0,8.0
2025-11-22,7.0,0.0,0.0,25.0,4.0,19.0,41.0,37.0,1.0,47.0,0.0,14.0,0.0,0.0,58.0,1.0,3.0,4.0,6.0,12.0,10.0,2.0,2.0,77.0,0.0,5.0,10.0,14.0
2025-11-23,10.0,1.0,1.0,21.0,12.0,14.0,38.0,39.0,0.0,45.0,0.0,11.0,0.0,1.0,72.0,1.0,5.0,0.0,5.0,8.0,13.0,15.0,3.0,88.0,1.0,9.0,8.0,5.0
2025-11-24,6.0,1.0,1.0,26.0,15.0,19.0,29.0,36.0,0.0,44.0,0.0,7.0,0.0,0.0,68.0,1.0,7.0,1.0,4.0,8.0,14.0,10.0,3.0,87.0,3.0,6.0,9.0,14.0
2025-11-25,6.0,2.0,0.0,21.0,7.0,21.0,31.0,30.0,0.0,56.0,0.0,5.0,1.0,1.0,57.0,1.0,4.0,0.0,4.0,6.0,13.0,7.0,3.0,98.0,2.0,7.0,8.0,7.0
2025-11-26,7.0,1.0,0.0,29.0,12.0,18.0,41.0,25.0,0.0,53.0,1.0,8.0,1.0,2.0,62.0,1.0,2.0,1.0,6.0,8.0,7.0,6.0,3.0,78.0,0.0,11.0,6.0,11.0
2025-11-27,5.0,0.0,0.0,26.0,10.0,27.0,39.0,34.0,1.0,55.0,0.0,7.0,0.0,0.0,61.0,1.0,6.0,0.0,7.0,8.0,8.0,13.0,5.0,80.0,1.0,3.0,4.0,9.0
2025-11-28,5.0,0.0,0.0,28.0,10.0,29.0,38.0,25.0,0.0,52.0,1.0,13.0,0.0,2.0,43.0,3.0,4.0,3.0,3.0,7.0,8.0,8.0,1.0,88.0,1.0,7.0,9.0,10.0
2025-11-29,4.0,0.0,0.0,21.0,7.0,21.0,38.0,27.0,1.0,56.0,0.0,20.0,0.0,3.0,60.0,1.0,5.0,1.0,2.0,10.0,14.0,4.0,4.0,83.0,0.0,8.0,5.0,8.0
2025-11-30,10.0,2.0,0.0,20.0,13.0,17.0,31.0,33.0,0.0,57.0,0.0,16.0,0.0,1.0,56.0,2.0,3.0,2.0,8.0,9.0,9.0,12.0,6.0,69.0,1.0,9.0,6.0,13.0
2025-12-01,4.0,0.0,0.0,22.0,12.0,16.0,39.0,42.0,0.0,41.0,0.0,12.0,0.0,1.0,57.0,3.0,3.0,2.0,3.0,7.0,8.0,7.0,4.0,83.0,1.0,8.0,9.0,10.0
2025-12-02,10.0,1.0,0.0,12.0,9.0,20.0,39.0,36.0,0.0,52.0,0.0,14.0,1.0,2.0,67.0,3.0,2.0,0.0,3.0,4.0,13.0,6.0,4.0,90.0,3.0,9.0,10.0,6.0
2025-12-03,7.0,2.0,0.0,26.0,10.0,18.0,27.0,21.0,0.0,51.0,0.0,8.0,0.0,2.0,63.0,2.0,2.0,0.0,5.0,6.0,11.0,9.0,4.0,80.0,1.0,7.0,7.0,8.0
2025-12-04,4.0,1.0,0.0,23.0,8.0,25.0,28.0,33.0,0.0,48.0,0.0,8.0,0.0,0.0,64.0,2.0,6.0,2.0,5.0,7.0,10.0,8.0,5.0,87.0,1.0,11.0,4.0,5.0
2025-12-05,11.0,0.0,0.0,17.0,15.0,21.0,18.0,30.0,0.0,60.0,1.0,6.0,0.0,3.0,74.0,5.0,3.0,3.0,3.0,9.0,2.0,9.0,4.0,100.0,3.0,7.0,9.0,12.0
2025-12-06,10.0,1.0,0.0,22.0,10.0,22.0,26.0,31.0,1.0,46.0,0.0,8.0,1.0,1.0,57.0,4.0,4.0,1.0,8.0,9.0,13.0,8.0,2.0,93.0,0.0,8.0,8.0,12.0
2025-12-07,8.0,0.0,0.0,18.0,5.0,18.0,27.0,29.0,0.0,51.0,1.0,5.0,0.0,1.0,59.0,1.0,3.0,1.0,7.0,9.0,9.0,7.0,2.0,97.0,2.0,6.0,8.0,13.0
2025-12-08,4.0,0.0,0.0,16.0,11.0,14.0,47.0,40.0,0.0,53.0,0.0,5.0,0.0,0.0,47.0,0.0,4.0,0.0,7.0,10.0,13.0,12.0,1.0,53.0,0.0,3.0,2.0,4.0
2025-12-09,1.0,0.0,0.0,15.0,7.0,15.0,57.0,32.0,0.0,59.0,0.0,1.0,1.0,0.0,60.0,2.0,1.0,0.0,3.0,4.0,14.0,4.0,3.0,53.0,1.0,10.0,2.0,7.0
2025-12-10,1.0,1.0,1.0,14.0,7.0,29.0,23.0,27.0,0.0,57.0,0.0,3.0,1.0,1.0,64.0,2.0,3.0,0.0,7.0,6.0,6.0,4.0,3.0,76.0,1.0,8.0,8.0,12.0
2025-12-11,2.0,0.0,0.0,22.0,14.0,19.0,40.0,27.0,0.0,40.0,1.0,4.0,0.0,3.0,62.0,0.0,3.0,3.0,5.0,5.0,8.0,11.0,3.0,80.0,0.0,9.0,7.0,5.0
2025-12-12,5.0,0.0,0.0,21.0,8.0,21.0,46.0,39.0,0.0,54.0,0.0,9.0,0.0,1.0,68.0,1.0,2.0,1.0,10.0,12.0,6.0,13.0,3.0,76.0,1.0,6.0,6.0,7.0
2025-12-13,2.0,0.0,0.0,21.0,12.0,19.0,45.0,32.0,0.0,45.0,0.0,6.0,0.0,2.0,60.0,1.0,5.0,0.0,4.0,12.0,9.0,13.0,2.0,96.0,4.0,6.0,12.0,11.0
2025-12-14,7.0,1.0,0.0,17.0,8.0,18.0,36.0,24.0,0.0,56.0,1.0,4.0,0.0,2.0,59.0,4.0,4.0,0.0,6.0,11.0,8.0,10.0,4.0,84.0,2.0,4.0,6.0,11.0
2025-12-15,6.0,1.0,0.0,22.0,10.0,19.0,34.0,33.0,0.0,55.0,0.0,6.0,0.0,2.0,52.0,2.0,3.0,1.0,5.0,7.0,13.0,8.0,4.0,95.0,2.0,10.0,6.0,6.0
2025-12-16,6.0,0.0,0.0,23.0,8.0,14.0,33.0,30.0,0.0,45.0,1.0,7.0,0.0,5.0,75.0,5.0,4.0,1.0,6.0,6.0,12.0,8.0,1.0,103.0,1.0,5.0,11.0,7.0
2025-12-17,10.0,1.0,0.0,20.0,10.0,17.0,34.0,30.0,1.0,53.0,1.0,10.0,1.0,1.0,52.0,4.0,4.0,0.0,6.0,5.0,4.0,7.0,4.0,96.0,0.0,7.0,11.0,13.0
2025-12-18,1.0,1.0,0.0,25.0,11.0,23.0,39.0,33.0,0.0,44.0,0.0,10.0,0.0,4.0,60.0,0.0,3.0,1.0,7.0,6.0,11.0,11.0,5.0,99.0,0.0,9.0,2.0,10.0
2025-12-19,4.0,0.0,0.0,19.0,8.0,23.0,30.0,35.0,0.0,56.0,0.0,5.0,1.0,1.0,56.0,2.0,5.0,0.0,6.0,8.0,9.0,14.0,2.0,97.0,2.0,13.0,9.0,14.0
2025-12-20,6.0,0.0,0.0,20.0,10.0,19.0,35.0,23.0,0.0,56.0,1.0,9.0,0.0,2.0,64.0,2.0,4.0,0.0,8.0,10.0,11.0,5.0,3.0,81.0,1.0,12.0,8.0,7.0
2025-12-21,6.0,0.0,0.0,18.0,11.0,13.0,45.0,24.0,0.0,63.0,0.0,12.0,0.0,2.0,65.0,5.0,3.0,3.0,4.0,9.0,13.0,9.0,5.0,83.0,2.0,7.0,11.0,9.0
2025-12-22,8.0,0.0,0.0,19.0,12.0,24.0,36.0,31.0,0.0,61.0,0.0,9.0,0.0,2.0,57.0,2.0,3.0,0.0,6.0,7.0,4.0,7.0,5.0,90.0,1.0,8.0,6.0,14.0
2025-12-23,6.0,0.0,0.0,24.0,15.0,19.0,27.0,30.0,0.0,55.0,0.0,5.0,1.0,4.0,58.0,3.0,6.0,1.0,5.0,5.0,10.0,11.0,3.0,110.0,1.0,8.0,8.0,10.0
2025-12-24,4.0,4.0,0.0,14.0,11.0,12.0,21.0,40.0,0.0,63.0,0.0,8.0,0.0,1.0,62.0,5.0,3.0,3.0,9.0,8.0,14.0,4.0,5.0,86.0,1.0,6.0,5.0,10.0
2025-12-25,9.0,0.0,1.0,18.0,9.0,24.0,33.0,34.0,0.0,42.0,1.0,3.0,0.0,0.0,69.0,3.0,5.0,0.0,6.0,6.0,9.0,16.0,3.0,73.0,1.0,8.0,6.0,11.0
2025-12-26,5.0,0.0,0.0,16.0,12.0,28.0,35.0,33.0,0.0,47.0,0.0,3.0,1.0,3.0,67.0,1.0,2.0,1.0,4.0,9.0,10.0,9.0,3.0,90.0,1.0,7.0,9.0,10.0
2025-12-27,9.0,0.0,0.0,19.0,5.0,12.0,21.0,26.0,0.0,65.0,0.0,11.0,0.0,2.0,72.0,2.0,3.0,1.0,1.0,9.0,10.0,9.0,2.0,90.0,1.0,10.0,8.0,5.0
2025-12-28,6.0,0.0,0.0,16.0,4.0,21.0,40.0,35.0,0.0,51.0,0.0,8.0,0.0,0.0,58.0,2.0,2.0,2.0,3.0,11.0,5.0,10.0,0.0,103.0,1.0,5.0,6.0,11.0
2025-12-29,8.0,0.0,0.0,25.0,6.0,22.0,32.0,22.0,0.0,46.0,1.0,14.0,0.0,2.0,54.0,3.0,4.0,1.0,1.0,4.0,13.0,9.0,3.0,84.0,1.0,5.0,7.0,6.0
2025-12-30,3.0,0.0,0.0,15.0,6.0,28.0,29.0,28.0,0.0,39.0,0.0,11.0,1.0,2.0,59.0,2.0,6.0,0.0,1.0,4.0,16.0,6.0,4.0,76.0,1.0,4.0,9.0,11.0
2025-12-31,6.0,1.0,0.0,22.0,16.0,15.0,43.0,31.0,0.0,52.0,1.0,11.0,0.0,1.0,55.0,2.0,3.0,1.0,8.0,7.0,13.0,10.0,4.0,76.0,2.0,3.0,8.0,3.0
2026-01-01,3.0,1.0,0.0,26.0,4.0,21.0,26.0,34.0,0.0,47.0,0.0,5.0,0.0,0.0,61.0,2.0,3.0,0.0,6.0,7.0,24.0,6.0,1.0,89.0,1.0,3.0,7.0,9.0
2026-01-02,7.0,0.0,0.0,12.0,7.0,24.0,23.0,34.0,0.0,40.0,0.0,5.0,0.0,2.0,66.0,0.0,1.0,2.0,0.0,8.0,9.0,7.0,3.0,87.0,2.0,5.0,5.0,12.0
2026-01-03,7.0,0.0,0.0,17.0,4.0,17.0,25.0,22.0,0.0,42.0,0.0,7.0,1.0,1.0,64.0,2.0,6.0,2.0,1.0,13.0,13.0,9.0,2.0,109.0,0.0,8.0,4.0,5.0
2026-01-04,8.0,0.0,0.0,18.0,0.0,20.0,38.0,31.0,0.0,55.0,0.0,10.0,0.0,2.0,66.0,1.0,2.0,1.0,6.0,6.0,10.0,9.0,7.0,93.0,2.0,5.0,11.0,12.0
2026-01-05,3.0,1.0,0.0,29.0,7.0,32.0,37.0,32.0,0.0,80.0,2.0,8.0,0.0,3.0,87.0,1.0,4.0,2.0,7.0,8.0,13.0,17.0,1.0,119.0,1.0,8.0,10.0,13.0
2026-01-06,5.0,1.0,0.0,25.0,8.0,20.0,31.0,35.0,0.0,42.0,0.0,6.0,1.0,4.0,60.0,5.0,6.0,2.0,8.0,8.0,15.0,9.0,3.0,96.0,2.0,7.0,7.0,11.0
2026-01-07,10.0,3.0,0.0,22.0,11.0,12.0,28.0,27.0,1.0,47.0,0.0,4.0,0.0,2.0,62.0,1.0,3.0,0.0,8.0,5.0,13.0,7.0,7.0,84.0,1.0,4.0,7.0,10.0
2026-01-08,2.0,0.0,0.0,21.0,12.0,24.0,24.0,30.0,0.0,52.0,0.0,9.0,0.0,1.0,66.0,3.0,1.0,0.0,5.0,4.0,12.0,9.0,7.0,73.0,0.0,4.0,7.0,14.0
2026-01-09,8.0,0.0,0.0,15.0,10.0,28.0,32.0,28.0,0.0,49.0,0.0,11.0,1.0,1.0,62.0,3.0,4.0,2.0,7.0,9.0,12.0,10.0,2.0,79.0,0.0,2.0,8.0,9.0
2026-01-10,5.0,0.0,0.0,11.0,4.0,22.0,23.0,26.0,0.0,27.0,0.0,7.0,0.0,2.0,56.0,2.0,3.0,1.0,5.0,9.0,14.0,10.0,2.0,81.0,0.0,3.0,7.0,8.0
2026-01-11,5.0,0.0,0.0,23.0,7.0,12.0,37.0,30.0,0.0,52.0,0.0,12.0,0.0,2.0,70.0,3.0,3.0,1.0,4.0,5.0,22.0,11.0,2.0,97.0,2.0,3.0,11.0,16.0
2026-01-12,9.0,1.0,0.0,20.0,6.0,20.0,48.0,26.0,0.0,53.0,0.0,11.0,0.0,2.0,68.0,1.0,6.0,0.0,3.0,6.0,11.0,5.0,2.0,88.0,3.0,4.0,13.0,6.0
2026-01-13,3.0,2.0,0.0,22.0,7.0,19.0,27.0,32.0,0.0,48.0,0.0,8.0,1.0,2.0,88.0,3.0,2.0,0.0,6.0,6.0,14.0,3.0,5.0,98.0,1.0,4.0,5.0,6.0
2026-01-14,7.0,3.0,0.0,26.0,13.0,20.0,29.0,35.0,0.0,42.0,1.0,5.0,0.0,2.0,63.0,6.0,2.0,3.0,3.0,7.0,7.0,8.0,5.0,91.0,2.0,3.0,8.0,16.0
2026-01-15,6.0,0.0,0.0,20.0,11.0,25.0,38.0,29.0,0.0,59.0,0.0,6.0,0.0,0.0,59.0,5.0,6.0,1.0,6.0,5.0,15.0,11.0,4.0,90.0,2.0,7.0,3.0,9.0
2026-01-16,5.0,1.0,0.0,25.0,11.0,22.0,36.0,35.0,0.0,48.0,0.0,13.0,1.0,1.0,69.0,1.0,1.0,1.0,6.0,9.0,10.0,12.0,1.0,97.0,0.0,7.0,6.0,8.0
2026-01-17,6.0,0.0,0.0,24.0,9.0,17.0,37.0,28.0,0.0,46.0,0.0,5.0,0.0,1.0,62.0,2.0,2.0,2.0,8.0,11.0,6.0,13.0,6.0,89.0,1.0,16.0,8.0,15.0
2026-01-18,3.0,0.0,0.0,16.0,7.0,23.0,40.0,31.0,0.0,51.0,0.0,1.0,0.0,0.0,63.0,5.0,3.0,5.0,3.0,13.0,13.0,12.0,4.0,97.0,1.0,13.0,9.0,13.0
2026-01-19,6.0,0.0,0.0,26.0,3.0,16.0,40.0,28.0,0.0,51.0,0.0,8.0,1.0,3.0,65.0,2.0,1.0,1.0,1.0,9.0,11.0,12.0,3.0,88.0,0.0,3.0,8.0,11.0
2026-01-20,9.0,0.0,0.0,15.0,15.0,16.0,23.0,38.0,0.0,36.0,0.0,6.0,0.0,3.0,51.0,1.0,4.0,2.0,8.0,6.0,13.0,8.0,3.0,90.0,1.0,7.0,9.0,6.0
2026-01-21,8.0,1.0,0.0,25.0,6.0,17.0,35.0,32.0,0.0,48.0,0.0,4.0,0.0,1.0,71.0,4.0,2.0,1.0,4.0,4.0,19.0,4.0,6.0,94.0,1.0,9.0,9.0,12.0
2026-01-22,9.0,1.0,0.0,25.0,9.0,21.0,32.0,38.0,0.0,47.0,0.0,8.0,0.0,1.0,81.0,5.0,7.0,1.0,3.0,5.0,7.0,8.0,5.0,100.0,2.0,3.0,5.0,8.0
2026-01-23,3.0,0.0,0.0,14.0,10.0,20.0,39.0,23.0,0.0,52.0,1.0,9.0,1.0,2.0,55.0,3.0,4.0,1.0,7.0,7.0,10.0,11.0,1.0,77.0,1.0,9.0,10.0,12.0
2026-01-24,8.0,0.0,0.0,21.0,7.0,20.0,25.0,13.0,0.0,30.0,0.0,5.0,0.0,1.0,64.0,2.0,5.0,2.0,8.0,11.0,11.0,5.0,5.0,93.0,4.0,7.0,6.0,11.0
2026-01-25,5.0,1.0,0.0,21.0,10.0,30.0,21.0,21.0,0.0,54.0,0.0,10.0,0.0,3.0,50.0,2.0,6.0,1.0,6.0,11.0,11.0,12.0,3.0,97.0,0.0,7.0,9.0,14.0
2026-01-26,7.0,0.0,0.0,16.0,9.0,21.0,25.0,26.0,0.0,51.0,0.0,6.0,0.0,1.0,54.0,5.0,2.0,0.0,1.0,5.0,9.0,9.0,1.0,108.0,1.0,7.0,9.0,11.0
2026-01-27,7.0,1.0,0.0,23.0,12.0,22.0,36.0,33.0,0.0,38.0,0.0,6.0,1.0,1.0,79.0,1.0,4.0,1.0,4.0,6.0,21.0,8.0,4.0,93.0,1.0,5.0,12.0,5.0
2026-01-28,6.0,3.0,0.0,22.0,10.0,19.0,39.0,6.0,0.0,47.0,0.0,6.0,0.0,3.0,68.0,5.0,4.0,1.0,5.0,6.0,14.0,9.0,6.0,78.0,1.0,9.0,8.0,8.0
2026-01-29,5.0,0.0,0.0,22.0,6.0,20.0,34.0,18.0,0.0,49.0,0.0,13.0,0.0,2.0,72.0,1.0,4.0,0.0,7.0,9.0,15.0,9.0,2.0,87.0,0.0,13.0,0.0,9.0
2026-01-30,5.0,0.0,0.0,18.0,10.0,21.0,39.0,47.0,1.0,52.0,0.0,10.0,1.0,2.0,71.0,3.0,3.0,3.0,3.0,8.0,13.0,12.0,2.0,88.0,2.0,8.0,6.0,15.0
2026-01-31,5.0,0.0,0.0,19.0,8.0,16.0,16.0,30.0,0.0,46.0,0.0,13.0,0.0,1.0,57.0,4.0,4.0,0.0,3.0,10.0,11.0,12.0,3.0,82.0,3.0,6.0,7.0,12.0
2026-02-01,1.0,0.0,0.0,21.0,13.0,17.0,18.0,24.0,0.0,57.0,1.0,9.0,0.0,0.0,67.0,1.0,2.0,1.0,3.0,9.0,13.0,9.0,5.0,89.0,1.0,14.0,12.0,10.0
2026-02-02,4.0,1.0,0.0,24.0,6.0,13.0,36.0,46.0,0.0,57.0,0.0,6.0,0.0,4.0,63.0,0.0,3.0,1.0,8.0,5.0,11.0,5.0,6.0,81.0,2.0,9.0,8.0,9.0
2026-02-03,7.0,3.0,0.0,28.0,10.0,18.0,55.0,42.0,0.0,36.0,0.0,6.0,0.0,3.0,55.0,0.0,5.0,1.0,5.0,5.0,15.0,7.0,5.0,102.0,0.0,5.0,6.0,9.0
2026-02-04,4.0,1.0,0.0,18.0,11.0,21.0,30.0,20.0,0.0,49.0,1.0,9.0,0.0,1.0,63.0,5.0,2.0,3.0,6.0,8.0,11.0,9.0,2.0,115.0,1.0,12.0,6.0,11.0
2026-02-05,3.0,0.0,0.0,19.0,9.0,16.0,34.0,31.0,0.0,59.0,0.0,8.0,0.0,3.0,50.0,2.0,6.0,1.0,6.0,4.0,15.0,9.0,3.0,89.0,1.0,8.0,4.0,10.0
2026-02-06,9.0,2.0,0.0,30.0,12.0,23.0,52.0,30.0,0.0,47.0,1.0,5.0,1.0,2.0,60.0,1.0,2.0,1.0,8.0,7.0,8.0,12.0,4.0,86.0,0.0,4.0,8.0,9.0
2026-02-07,5.0,0.0,0.0,23.0,7.0,16.0,26.0,19.0,0.0,54.0,0.0,4.0,0.0,0.0,62.0,4.0,4.0,1.0,5.0,11.0,7.0,7.0,2.0,69.0,2.0,13.0,9.0,15.0
2026-02-08,9.0,1.0,0.0,17.0,6.0,17.0,26.0,45.0,0.0,53.0,0.0,1.0,0.0,1.0,56.0,4.0,1.0,1.0,5.0,8.0,13.0,13.0,4.0,86.0,1.0,13.0,5.0,12.0
2026-02-09,1.0,0.0,0.0,20.0,10.0,14.0,33.0,38.0,0.0,52.0,0.0,7.0,1.0,2.0,73.0,2.0,2.0,2.0,4.0,5.0,4.0,10.0,2.0,94.0,3.0,10.0,15.0,11.0
2026-02-10,7.0,1.0,0.0,31.0,7.0,26.0,34.0,43.0,0.0,47.0,0.0,8.0,0.0,1.0,69.0,0.0,4.0,1.0,1.0,7.0,12.0,6.0,4.0,98.0,0.0,11.0,6.0,10.0
2026-02-11,4.0,0.0,0.0,14.0,8.0,10.0,43.0,36.0,0.0,51.0,0.0,8.0,0.0,3.0,51.0,1.0,2.0,2.0,14.0,11.0,12.0,7.0,5.0,87.0,0.0,11.0,5.0,12.0
2026-02-12,8.0,0.0,0.0,21.0,15.0,21.0,32.0,29.0,0.0,49.0,0.0,10.0,0.0,0.0,64.0,6.0,8.0,3.0,4.0,5.0,12.0,9.0,2.0,91.0,1.0,5.0,9.0,8.0
2026-02-13,7.0,0.0,0.0,16.0,8.0,18.0,30.0,22.0,0.0,56.0,0.0,6.0,1.0,1.0,56.0,2.0,2.0,1.0,4.0,7.0,23.0,7.0,5.0,103.0,1.0,12.0,11.0,11.0
2026-02-14,3.0,2.0,0.0,18.0,11.0,24.0,35.0,27.0,0.0,49.0,2.0,7.0,0.0,2.0,54.0,3.0,4.0,1.0,3.0,10.0,22.0,9.0,0.0,102.0,1.0,8.0,6.0,5.0
2026-02-15,4.0,4.0,0.0,16.0,6.0,25.0,31.0,27.0,0.0,52.0,0.0,7.0,0.0,0.0,56.0,1.0,3.0,1.0,3.0,14.0,13.0,10.0,4.0,87.0,2.0,9.0,9.0,21.0
2026-02-16,2.0,0.0,0.0,13.0,7.0,23.0,40.0,35.0,0.0,37.0,0.0,6.0,2.0,1.0,57.0,2.0,4.0,0.0,1.0,8.0,8.0,14.0,6.0,70.0,2.0,9.0,12.0,9.0
2026-02-17,7.0,0.0,0.0,19.0,16.0,16.0,36.0,34.0,0.0,39.0,0.0,6.0,1.0,2.0,49.0,1.0,5.0,2.0,6.0,9.0,17.0,6.0,2.0,76.0,1.0,7.0,8.0,7.0
2026-02-18,7.0,1.0,0.0,19.0,5.0,20.0,51.0,40.0,0.0,51.0,0.0,5.0,0.0,1.0,72.0,3.0,5.0,0.0,6.0,9.0,18.0,5.0,3.0,91.0,0.0,7.0,5.0,9.0
2026-02-19,4.0,0.0,0.0,14.0,6.0,23.0,35.0,35.0,0.0,57.0,0.0,5.0,0.0,1.0,52.0,2.0,3.0,1.0,7.0,9.0,25.0,6.0,3.0,82.0,1.0,2.0,6.0,9.0
2026-02-20,7.0,0.0,0.0,9.0,13.0,23.0,27.0,23.0,0.0,45.0,0.0,12.0,1.0,3.0,59.0,4.0,2.0,2.0,9.0,10.0,21.0,10.0,5.0,92.0,2.0,10.0,12.0,7.0
2026-02-21,6.0,0.0,0.0,17.0,8.0,18.0,38.0,28.0,0.0,47.0,0.0,6.0,0.0,0.0,58.0,3.0,2.0,1.0,7.0,10.0,14.0,7.0,6.0,104.0,3.0,14.0,7.0,9.0
2026-02-22,11.0,0.0,0.0,15.0,10.0,14.0,31.0,53.0,0.0,53.0,1.0,12.0,0.0,1.0,59.0,4.0,5.0,0.0,3.0,12.0,33.0,10.0,3.0,70.0,0.0,8.0,11.0,15.0
2026-02-23,6.0,1.0,0.0,18.0,8.0,28.0,40.0,35.0,0.0,49.0,1.0,9.0,0.0,0.0,64.0,1.0,4.0,0.0,4.0,4.0,11.0,9.0,4.0,82.0,1.0,6.0,8.0,6.0
2026-02-24,7.0,1.0,0.0,17.0,7.0,27.0,42.0,35.0,0.0,44.0,0.0,2.0,1.0,2.0,64.0,1.0,4.0,1.0,5.0,3.0,12.0,8.0,3.0,84.0,3.0,15.0,8.0,10.0
2026-02-25,5.0,1.0,0.0,14.0,6.0,15.0,30.0,34.0,0.0,53.0,0.0,10.0,0.0,2.0,59.0,2.0,1.0,2.0,5.0,9.0,31.0,12.0,4.0,80.0,1.0,8.0,11.0,10.0
2026-02-26,10.0,0.0,0.0,17.0,13.0,22.0,44.0,35.0,0.0,47.0,0.0,12.0,0.0,1.0,58.0,1.0,6.0,3.0,2.0,8.0,21.0,5.0,1.0,79.0,0.0,16.0,4.0,9.0
2026-02-27,7.0,1.0,0.0,22.0,9.0,31.0,39.0,26.0,0.0,40.0,0.0,5.0,1.0,0.0,63.0,4.0,1.0,2.0,4.0,9.0,8.0,13.0,5.0,81.0,2.0,14.0,12.0,11.0
2026-02-28,3.0,0.0,0.0,17.0,13.0,13.0,43.0,30.0,0.0,55.0,0.0,10.0,0.0,2.0,69.0,1.0,4.0,1.0,10.0,7.0,7.0,9.0,3.0,82.0,4.0,6.0,2.0,14.0
2026-03-01,5.0,0.0,0.0,14.0,8.0,6.0,43.0,35.0,0.0,52.0,1.0,12.0,0.0,1.0,62.0,3.0,2.0,0.0,12.0,10.0,3.0,11.0,9.0,79.0,0.0,7.0,9.0,15.0
2026-03-02,5.0,0.0,0.0,17.0,10.0,17.0,32.0,24.0,0.0,41.0,0.0,8.0,1.0,1.0,61.0,4.0,3.0,1.0,3.0,9.0,0.0,10.0,1.0,83.0,1.0,6.0,13.0,10.0
2026-03-03,7.0,1.0,0.0,23.0,7.0,29.0,31.0,41.0,0.0,57.0,0.0,11.0,0.0,3.0,49.0,3.0,5.0,0.0,4.0,8.0,1.0,11.0,2.0,78.0,2.0,6.0,10.0,7.0
2026-03-04,2.0,1.0,0.0,16.0,9.0,29.0,36.0,25.0,0.0,54.0,0.0,6.0,0.0,1.0,66.0,2.0,2.0,1.0,6.0,8.0,0.0,14.0,6.0,78.0,1.0,8.0,5.0,10.0
2026-03-05,5.0,1.0,0.0,18.0,9.0,27.0,38.0,31.0,0.0,58.0,0.0,11.0,0.0,1.0,76.0,0.0,7.0,0.0,4.0,9.0,0.0,6.0,0.0,70.0,0.0,13.0,5.0,6.0
2026-03-06,5.0,2.0,0.0,16.0,15.0,24.0,30.0,29.0,0.0,44.0,0.0,11.0,0.0,1.0,62.0,3.0,3.0,1.0,7.0,9.0,0.0,7.0,3.0,85.0,2.0,11.0,7.0,9.0
2026-03-07,3.0,0.0,0.0,20.0,8.0,11.0,38.0,26.0,0.0,52.0,0.0,8.0,0.0,1.0,66.0,3.0,3.0,0.0,4.0,9.0,0.0,12.0,8.0,92.0,1.0,10.0,9.0,10.0
2026-03-08,10.0,1.0,0.0,20.0,8.0,23.0,37.0,33.0,0.0,52.0,1.0,13.0,0.0,2.0,67.0,2.0,3.0,1.0,5.0,11.0,1.0,7.0,6.0,72.0,2.0,16.0,10.0,13.0
2026-03-09,6.0,0.0,0.0,16.0,16.0,20.0,35.0,35.0,0.0,46.0,0.0,6.0,2.0,1.0,64.0,0.0,3.0,1.0,3.0,7.0,0.0,9.0,2.0,85.0,1.0,8.0,8.0,8.0
2026-03-10,4.0,0.0,0.0,27.0,10.0,23.0,36.0,33.0,1.0,56.0,0.0,6.0,0.0,3.0,59.0,0.0,4.0,1.0,6.0,8.0,0.0,11.0,4.0,85.0,1.0,12.0,7.0,9.0
2026-03-11,4.0,0.0,0.0,26.0,10.0,20.0,27.0,41.0,0.0,50.0,0.0,6.0,1.0,2.0,60.0,2.0,4.0,1.0,6.0,6.0,1.0,6.0,5.0,92.0,0.0,10.0,7.0,13.0
2026-03-12,5.0,2.0,0.0,24.0,12.0,19.0,23.0,34.0,0.0,51.0,1.0,6.0,0.0,1.0,56.0,0.0,3.0,0.0,4.0,8.0,1.0,15.0,1.0,85.0,1.0,16.0,8.0,7.0
2026-03-13,7.0,0.0,0.0,23.0,11.0,30.0,40.0,26.0,0.0,71.0,0.0,4.0,1.0,2.0,65.0,4.0,5.0,2.0,4.0,11.0,0.0,8.0,8.0,102.0,2.0,7.0,10.0,13.0
2026-03-14,4.0,1.0,0.0,22.0,11.0,14.0,34.0,33.0,0.0,56.0,0.0,11.0,0.0,1.0,64.0,3.0,5.0,1.0,5.0,8.0,0.0,1.0,5.0,83.0,0.0,12.0,9.0,7.0
2026-03-15,2.0,0.0,0.0,18.0,14.0,26.0,45.0,28.0,0.0,50.0,0.0,9.0,0.0,1.0,52.0,2.0,3.0,4.0,6.0,11.0,2.0,14.0,4.0,101.0,4.0,8.0,9.0,15.0
2026-03-16,9.0,0.0,0.0,23.0,6.0,16.0,38.0,37.0,0.0,57.0,0.0,8.0,0.0,3.0,53.0,3.0,3.0,0.0,7.0,11.0,2.0,7.0,3.0,85.0,1.0,13.0,10.0,8.0
2026-03-17,2.0,1.0,0.0,26.0,0.0,19.0,34.0,32.0,0.0,45.0,0.0,10.0,1.0,2.0,55.0,0.0,4.0,2.0,5.0,7.0,2.0,9.0,2.0,105.0,3.0,15.0,9.0,6.0
2026-03-18,5.0,0.0,1.0,20.0,11.0,25.0,43.0,31.0,0.0,43.0,0.0,14.0,0.0,2.0,49.0,2.0,5.0,0.0,6.0,9.0,1.0,8.0,4.0,88.0,2.0,14.0,4.0,8.0
2026-03-19,9.0,0.0,0.0,23.0,11.0,21.0,33.0,34.0,0.0,46.0,0.0,4.0,1.0,0.0,60.0,1.0,5.0,2.0,5.0,9.0,1.0,12.0,2.0,83.0,1.0,16.0,5.0,6.0
2026-03-20,3.0,0.0,0.0,30.0,5.0,16.0,41.0,21.0,0.0,69.0,0.0,12.0,0.0,1.0,61.0,1.0,4.0,2.0,8.0,5.0,1.0,4.0,6.0,82.0,1.0,8.0,8.0,13.0
2026-03-21,2.0,1.0,0.0,21.0,11.0,20.0,41.0,30.0,0.0,48.0,0.0,12.0,0.0,2.0,55.0,3.0,2.0,3.0,5.0,8.0,0.0,6.0,3.0,104.0,1.0,9.0,11.0,9.0
2026-03-22,7.0,0.0,0.0,19.0,11.0,27.0,46.0,30.0,0.0,66.0,0.0,9.0,0.0,1.0,50.0,4.0,3.0,0.0,7.0,7.0,0.0,8.0,1.0,91.0,0.0,11.0,9.0,11.0
2026-03-23,2.0,2.0,0.0,13.0,10.0,15.0,23.0,38.0,0.0,52.0,0.0,8.0,0.0,1.0,70.0,0.0,6.0,0.0,4.0,7.0,0.0,10.0,1.0,92.0,4.0,12.0,12.0,10.0
2026-03-24,4.0,1.0,0.0,27.0,7.0,11.0,35.0,33.0,0.0,49.0,0.0,5.0,1.0,1.0,53.0,3.0,4.0,1.0,3.0,4.0,0.0,8.0,2.0,98.0,0.0,18.0,12.0,6.0
2026-03-25,7.0,0.0,0.0,24.0,11.0,16.0,44.0,28.0,1.0,51.0,0.0,9.0,1.0,1.0,61.0,1.0,0.0,2.0,2.0,11.0,0.0,15.0,4.0,98.0,0.0,9.0,3.0,10.0
2026-03-26,6.0,0.0,0.0,23.0,9.0,29.0,19.0,33.0,0.0,52.0,0.0,10.0,0.0,1.0,50.0,2.0,8.0,1.0,8.0,10.0,0.0,7.0,4.0,71.0,1.0,17.0,3.0,9.0
2026-03-27,6.0,0.0,0.0,20.0,7.0,20.0,38.0,26.0,0.0,58.0,0.0,9.0,0.0,1.0,62.0,2.0,4.0,0.0,1.0,5.0,0.0,14.0,4.0,92.0,3.0,13.0,6.0,10.0
2026-03-28,8.0,0.0,0.0,23.0,15.0,15.0,41.0,36.0,1.0,56.0,0.0,7.0,1.0,2.0,65.0,2.0,6.0,2.0,9.0,10.0,0.0,8.0,4.0,93.0,2.0,15.0,7.0,11.0
2026-03-29,7.0,0.0,0.0,24.0,15.0,21.0,40.0,34.0,0.0,51.0,0.0,6.0,1.0,1.0,58.0,3.0,2.0,1.0,5.0,7.0,0.0,6.0,4.0,94.0,0.0,13.0,7.0,13.0
2026-03-30,3.0,0.0,0.0,20.0,11.0,16.0,35.0,31.0,0.0,58.0,1.0,6.0,0.0,1.0,56.0,2.0,2.0,2.0,4.0,5.0,2.0,7.0,0.0,80.0,4.0,7.0,12.0,10.0
2026-03-31,5.0,3.0,0.0,34.0,12.0,20.0,39.0,34.0,0.0,52.0,0.0,8.0,1.0,1.0,64.0,1.0,2.0,0.0,5.0,4.0,1.0,8.0,0.0,85.0,0.0,15.0,10.0,11.0
2026-04-01,6.0,0.0,0.0,23.0,10.0,19.0,38.0,31.0,0.0,48.0,0.0,8.0,1.0,4.0,54.0,0.0,4.0,1.0,5.0,7.0,0.0,4.0,4.0,88.0,0.0,11.0,5.0,7.0
2026-04-02,4.0,0.0,0.0,25.0,13.0,15.0,30.0,34.0,1.0,64.0,0.0,9.0,0.0,1.0,52.0,2.0,3.0,3.0,11.0,6.0,0.0,6.0,5.0,76.0,1.0,16.0,4.0,6.0
2026-04-03,1.0,0.0,0.0,18.0,10.0,23.0,40.0,22.0,0.0,69.0,0.0,8.0,0.0,3.0,64.0,2.0,5.0,2.0,5.0,8.0,0.0,9.0,6.0,83.0,1.0,10.0,14.0,10.0
2026-04-04,7.0,1.0,0.0,28.0,3.0,32.0,40.0,22.0,0.0,45.0,0.0,12.0,0.0,3.0,65.0,1.0,7.0,1.0,10.0,12.0,1.0,12.0,6.0,99.0,2.0,8.0,4.0,11.0
2026-04-05,7.0,0.0,0.0,16.0,7.0,9.0,34.0,34.0,0.0,45.0,0.0,8.0,0.0,0.0,58.0,2.0,0.0,1.0,5.0,7.0,1.0,5.0,3.0,88.0,0.0,14.0,12.0,9.0
2026-04-06,3.0,0.0,0.0,14.0,7.0,14.0,29.0,34.0,0.0,49.0,0.0,7.0,0.0,0.0,59.0,1.0,5.0,2.0,2.0,8.0,2.0,8.0,1.0,92.0,1.0,11.0,12.0,8.0
2026-04-07,4.0,1.0,0.0,16.0,8.0,17.0,36.0,40.0,0.0,57.0,0.0,8.0,1.0,1.0,52.0,1.0,4.0,0.0,3.0,7.0,1.0,8.0,3.0,101.0,2.0,14.0,9.0,8.0
2026-04-08,4.0,1.0,0.0,21.0,11.0,32.0,42.0,27.0,0.0,50.0,1.0,13.0,0.0,0.0,54.0,1.0,3.0,1.0,4.0,8.0,0.0,8.0,3.0,102.0,1.0,10.0,5.0,9.0
2026-04-09,10.0,0.0,0.0,18.0,13.0,21.0,31.0,35.0,0.0,58.0,0.0,9.0,1.0,1.0,66.0,0.0,6.0,2.0,2.0,4.0,0.0,6.0,2.0,73.0,3.0,8.0,8.0,6.0
2026-04-10,6.0,1.0,0.0,23.0,8.0,26.0,26.0,18.0,0.0,53.0,0.0,12.0,0.0,0.0,71.0,2.0,3.0,2.0,5.0,6.0,0.0,11.0,2.0,94.0,1.0,10.0,5.0,7.0
2026-04-11,6.0,1.0,0.0,27.0,10.0,17.0,40.0,38.0,0.0,51.0,0.0,5.0,1.0,0.0,55.0,2.0,2.0,0.0,4.0,11.0,1.0,5.0,5.0,96.0,2.0,9.0,12.0,14.0
2026-04-12,5.0,0.0,0.0,18.0,9.0,25.0,41.0,37.0,0.0,56.0,0.0,9.0,0.0,4.0,62.0,3.0,2.0,1.0,9.0,11.0,2.0,7.0,3.0,109.0,2.0,13.0,9.0,12.0
2026-04-13,7.0,1.0,0.0,28.0,13.0,24.0,27.0,28.0,0.0,51.0,0.0,8.0,0.0,2.0,64.0,2.0,5.0,2.0,3.0,9.0,2.0,8.0,5.0,91.0,1.0,11.0,11.0,12.0
2026-04-14,5.0,0.0,0.0,27.0,14.0,26.0,32.0,27.0,0.0,60.0,1.0,6.0,1.0,0.0,48.0,1.0,2.0,0.0,6.0,6.0,2.0,8.0,0.0,90.0,0.0,8.0,10.0,6.0
2026-04-15,10.0,1.0,0.0,20.0,11.0,16.0,38.0,33.0,0.0,56.0,1.0,7.0,0.0,2.0,56.0,3.0,4.0,0.0,4.0,7.0,3.0,5.0,1.0,87.0,0.0,16.0,5.0,9.0
2026-04-16,7.0,1.0,0.0,22.0,9.0,17.0,45.0,26.0,0.0,55.0,0.0,8.0,0.0,1.0,71.0,3.0,3.0,3.0,4.0,8.0,1.0,7.0,2.0,85.0,1.0,9.0,5.0,9.0
2026-04-17,2.0,1.0,0.0,15.0,14.0,28.0,33.0,31.0,0.0,57.0,0.0,7.0,1.0,0.0,54.0,1.0,2.0,1.0,5.0,7.0,2.0,9.0,6.0,79.0,5.0,18.0,10.0,13.0
2026-04-18,4.0,0.0,0.0,22.0,9.0,26.0,42.0,31.0,0.0,52.0,0.0,7.0,0.0,0.0,51.0,3.0,4.0,0.0,9.0,9.0,4.0,8.0,5.0,88.0,1.0,14.0,5.0,11.0
2026-04-19,7.0,0.0,0.0,11.0,11.0,4.0,40.0,40.0,0.0,56.0,0.0,5.0,0.0,1.0,70.0,5.0,1.0,0.0,9.0,9.0,1.0,10.0,3.0,106.0,0.0,18.0,10.0,12.0
2026-04-20,11.0,1.0,0.0,24.0,10.0,10.0,39.0,27.0,0.0,42.0,0.0,5.0,0.0,0.0,58.0,0.0,2.0,4.0,3.0,8.0,2.0,9.0,2.0,92.0,3.0,10.0,10.0,6.0
2026-04-21,6.0,0.0,0.0,20.0,11.0,11.0,34.0,30.0,0.0,51.0,0.0,5.0,1.0,3.0,60.0,0.0,5.0,1.0,2.0,2.0,1.0,12.0,3.0,76.0,0.0,13.0,9.0,10.0
2026-04-22,4.0,1.0,0.0,11.0,7.0,18.0,27.0,43.0,0.0,47.0,0.0,11.0,0.0,1.0,60.0,1.0,6.0,2.0,2.0,8.0,2.0,4.0,3.0,98.0,1.0,15.0,4.0,12.0
2026-04-23,8.0,1.0,0.0,27.0,6.0,38.0,37.0,30.0,0.0,52.0,0.0,7.0,0.0,1.0,60.0,5.0,6.0,1.0,3.0,7.0,0.0,10.0,3.0,86.0,1.0,16.0,6.0,5.0
2026-04-24,9.0,1.0,0.0,27.0,16.0,33.0,38.0,36.0,0.0,54.0,0.0,5.0,1.0,1.0,62.0,3.0,8.0,0.0,1.0,9.0,0.0,6.0,2.0,78.0,1.0,9.0,10.0,12.0
2026-04-25,4.0,0.0,0.0,21.0,13.0,28.0,48.0,24.0,0.0,62.0,1.0,7.0,0.0,2.0,59.0,1.0,4.0,0.0,7.0,8.0,0.0,10.0,11.0,91.0,2.0,13.0,5.0,13.0
2026-04-26,2.0,1.0,0.0,20.0,14.0,13.0,30.0,35.0,0.0,63.0,0.0,10.0,0.0,1.0,73.0,1.0,4.0,1.0,8.0,10.0,0.0,11.0,3.0,104.0,1.0,20.0,11.0,11.0
2026-04-27,6.0,0.0,0.0,21.0,8.0,5.0,39.0,32.0,0.0,65.0,0.0,8.0,0.0,3.0,55.0,1.0,1.0,3.0,4.0,4.0,0.0,8.0,1.0,88.0,2.0,8.0,10.0,7.0
2026-04-28,3.0,0.0,0.0,26.0,10.0,27.0,30.0,28.0,0.0,37.0,0.0,16.0,1.0,3.0,57.0,0.0,3.0,2.0,7.0,10.0,0.0,10.0,5.0,87.0,3.0,10.0,13.0,10.0
2026-04-29,6.0,1.0,0.0,14.0,11.0,16.0,44.0,40.0,0.0,51.0,0.0,9.0,0.0,1.0,53.0,3.0,4.0,0.0,4.0,9.0,0.0,11.0,3.0,99.0,2.0,9.0,7.0,12.0
2026-04-30,9.0,0.0,0.0,18.0,10.0,29.0,32.0,27.0,0.0,62.0,0.0,7.0,1.0,0.0,61.0,7.0,4.0,2.0,6.0,9.0,1.0,10.0,3.0,75.0,0.0,8.0,5.0,11.0
2026-05-01,9.0,1.0,0.0,17.0,18.0,27.0,40.0,28.0,0.0,68.0,0.0,10.0,0.0,1.0,61.0,3.0,3.0,3.0,6.0,9.0,1.0,8.0,6.0,77.0,0.0,10.0,17.0,12.0
2026-05-02,4.0,0.0,0.0,13.0,8.0,32.0,31.0,25.0,0.0,64.0,1.0,16.0,0.0,0.0,53.0,3.0,3.0,0.0,4.0,9.0,0.0,11.0,7.0,109.0,1.0,18.0,9.0,9.0
2026-05-03,6.0,0.0,0.0,14.0,7.0,18.0,45.0,32.0,0.0,66.0,0.0,12.0,0.0,4.0,57.0,1.0,4.0,1.0,7.0,9.0,0.0,4.0,5.0,98.0,1.0,8.0,6.0,16.0
2026-05-04,10.0,0.0,0.0,19.0,9.0,14.0,38.0,33.0,0.0,59.0,0.0,8.0,0.0,2.0,71.0,4.0,5.0,1.0,7.0,10.0,1.0,8.0,2.0,98.0,2.0,7.0,12.0,7.0
2026-05-05,5.0,1.0,0.0,25.0,8.0,10.0,32.0,24.0,0.0,46.0,0.0,9.0,1.0,0.0,63.0,4.0,5.0,1.0,7.0,8.0,0.0,7.0,3.0,107.0,1.0,12.0,7.0,4.0
2026-05-06,5.0,1.0,0.0,15.0,8.0,9.0,30.0,36.0,0.0,45.0,0.0,16.0,0.0,0.0,66.0,0.0,5.0,1.0,2.0,8.0,0.0,6.0,3.0,84.0,2.0,8.0,3.0,7.0
2026-05-07,4.0,0.0,0.0,20.0,9.0,27.0,28.0,33.0,0.0,53.0,0.0,10.0,0.0,2.0,59.0,4.0,4.0,0.0,4.0,5.0,0.0,9.0,3.0,79.0,0.0,12.0,5.0,8.0
2026-05-08,4.0,0.0,0.0,19.0,7.0,28.0,40.0,33.0,1.0,52.0,1.0,10.0,0.0,2.0,44.0,3.0,4.0,3.0,7.0,7.0,0.0,9.0,5.0,92.0,3.0,15.0,6.0,12.0
2026-05-09,3.0,1.0,1.0,22.0,11.0,39.0,55.0,30.0,1.0,51.0,1.0,11.0,1.0,0.0,72.0,4.0,2.0,0.0,7.0,10.0,0.0,9.0,5.0,86.0,1.0,8.0,10.0,13.0
2026-05-10,7.0,0.0,0.0,19.0,14.0,6.0,25.0,26.0,0.0,62.0,0.0,13.0,0.0,0.0,66.0,2.0,4.0,0.0,5.0,10.0,1.0,6.0,5.0,99.0,1.0,12.0,9.0,14.0
2026-05-11,3.0,0.0,0.0,21.0,10.0,0.0,43.0,30.0,0.0,55.0,0.0,13.0,0.0,0.0,69.0,1.0,2.0,0.0,6.0,5.0,0.0,15.0,3.0,80.0,1.0,12.0,12.0,8.0
2026-05-12,8.0,1.0,0.0,20.0,12.0,2.0,33.0,36.0,0.0,50.0,0.0,4.0,0.0,1.0,63.0,3.0,4.0,3.0,8.0,4.0,0.0,7.0,4.0,100.0,2.0,10.0,9.0,12.0
2026-05-13,5.0,1.0,0.0,23.0,14.0,20.0,34.0,30.0,0.0,57.0,0.0,13.0,0.0,2.0,59.0,0.0,5.0,1.0,1.0,8.0,0.0,3.0,3.0,81.0,0.0,9.0,6.0,10.0
2026-05-14,6.0,1.0,0.0,25.0,10.0,37.0,35.0,26.0,0.0,53.0,0.0,10.0,1.0,2.0,61.0,9.0,2.0,2.0,6.0,10.0,1.0,6.0,2.0,85.0,0.0,14.0,13.0,7.0
2026-05-15,6.0,1.0,0.0,20.0,8.0,40.0,33.0,26.0,1.0,62.0,0.0,10.0,1.0,3.0,58.0,3.0,6.0,1.0,5.0,8.0,0.0,7.0,5.0,87.0,1.0,9.0,13.0,9.0
2026-05-16,5.0,0.0,0.0,27.0,9.0,29.0,32.0,33.0,1.0,59.0,1.0,14.0,0.0,1.0,49.0,3.0,2.0,1.0,8.0,8.0,0.0,10.0,5.0,86.0,1.0,19.0,7.0,13.0
2026-05-17,4.0,1.0,0.0,21.0,15.0,20.0,39.0,30.0,0.0,60.0,0.0,4.0,0.0,1.0,65.0,6.0,4.0,1.0,6.0,9.0,0.0,11.0,6.0,109.0,2.0,10.0,12.0,11.0
2026-05-18,5.0,1.0,0.0,17.0,16.0,18.0,31.0,33.0,1.0,57.0,0.0,14.0,0.0,5.0,53.0,0.0,3.0,1.0,2.0,9.0,1.0,6.0,2.0,98.0,3.0,12.0,8.0,12.0
2026-05-19,12.0,0.0,0.0,13.0,7.0,19.0,33.0,30.0,0.0,49.0,0.0,16.0,1.0,3.0,64.0,1.0,4.0,1.0,7.0,6.0,1.0,6.0,1.0,91.0,1.0,11.0,11.0,7.0
2026-05-20,7.0,2.0,0.0,21.0,14.0,23.0,39.0,39.0,0.0,61.0,0.0,11.0,0.0,3.0,58.0,5.0,4.0,1.0,2.0,8.0,2.0,9.0,1.0,107.0,0.0,13.0,5.0,12.0
2026-05-21,4.0,0.0,0.0,17.0,11.0,20.0,30.0,29.0,0.0,53.0,0.0,9.0,0.0,3.0,53.0,6.0,5.0,3.0,7.0,9.0,1.0,7.0,4.0,83.0,0.0,11.0,8.0,9.0
2026-05-22,6.0,1.0,0.0,24.0,9.0,27.0,35.0,32.0,1.0,61.0,0.0,9.0,1.0,0.0,67.0,8.0,4.0,1.0,4.0,8.0,0.0,8.0,7.0,77.0,2.0,15.0,14.0,13.0
2026-05-23,4.0,2.0,0.0,24.0,8.0,15.0,40.0,34.0,0.0,62.0,1.0,12.0,0.0,2.0,45.0,2.0,2.0,2.0,8.0,9.0,0.0,8.0,4.0,92.0,1.0,15.0,10.0,10.0
2026-05-24,4.0,1.0,0.0,22.0,10.0,23.0,38.0,29.0,0.0,61.0,0.0,12.0,0.0,1.0,62.0,4.0,6.0,0.0,4.0,7.0,0.0,8.0,3.0,87.0,4.0,11.0,9.0,12.0
2026-05-25,4.0,0.0,0.0,26.0,9.0,24.0,30.0,34.0,2.0,56.0,1.0,13.0,0.0,2.0,63.0,0.0,2.0,1.0,3.0,12.0,1.0,11.0,2.0,69.0,0.0,10.0,12.0,8.0
2026-05-26,5.0,1.0,0.0,21.0,10.0,20.0,27.0,39.0,2.0,38.0,0.0,10.0,1.0,3.0,71.0,0.0,2.0,1.0,3.0,8.0,0.0,10.0,1.0,109.0,2.0,8.0,10.0,10.0
2026-05-27,11.0,1.0,0.0,20.0,13.0,8.0,28.0,29.0,0.0,52.0,0.0,10.0,0.0,1.0,60.0,4.0,4.0,4.0,7.0,9.0,0.0,7.0,3.0,87.0,2.0,11.0,7.0,9.0
2026-05-28,10.0,0.0,0.0,23.0,14.0,26.0,36.0,33.0,0.0,57.0,0.0,11.0,1.0,4.0,59.0,5.0,4.0,0.0,3.0,8.0,0.0,5.0,4.0,77.0,0.0,6.0,5.0,8.0
2026-05-29,6.0,0.0,0.0,14.0,10.0,20.0,27.0,26.0,0.0,68.0,0.0,7.0,0.0,2.0,58.0,5.0,4.0,0.0,7.0,5.0,0.0,12.0,2.0,80.0,1.0,13.0,13.0,13.0
2026-05-30,4.0,1.0,0.0,28.0,11.0,23.0,45.0,31.0,0.0,56.0,1.0,7.0,0.0,0.0,57.0,3.0,1.0,0.0,6.0,11.0,0.0,6.0,7.0,88.0,1.0,10.0,10.0,14.0
2026-05-31,2.0,1.0,0.0,17.0,9.0,20.0,40.0,33.0,0.0,74.0,2.0,2.0,0.0,2.0,57.0,3.0,3.0,0.0,5.0,7.0,0.0,9.0,4.0,102.0,2.0,16.0,6.0,12.0
2026-06-01,5.0,1.0,0.0,22.0,17.0,26.0,38.0,36.0,0.0,80.0,0.0,9.0,0.0,3.0,48.0,3.0,4.0,2.0,7.0,7.0,0.0,8.0,2.0,107.0,0.0,12.0,20.0,13.0
2026-06-02,8.0,0.0,0.0,19.0,9.0,17.0,30.0,38.0,0.0,56.0,0.0,8.0,1.0,0.0,67.0,3.0,5.0,1.0,7.0,6.0,0.0,7.0,3.0,103.0,2.0,14.0,6.0,4.0
2026-06-03,4.0,2.0,0.0,15.0,8.0,16.0,37.0,25.0,1.0,65.0,0.0,10.0,0.0,3.0,53.0,5.0,2.0,2.0,1.0,11.0,0.0,7.0,2.0,99.0,1.0,23.0,5.0,12.0
2026-06-04,8.0,2.0,0.0,24.0,9.0,11.0,37.0,34.0,5.0,46.0,0.0,14.0,0.0,2.0,63.0,4.0,8.0,1.0,4.0,4.0,0.0,11.0,4.0,82.0,0.0,14.0,6.0,6.0
2026-06-05,4.0,0.0,0.0,20.0,9.0,32.0,30.0,18.0,0.0,72.0,1.0,8.0,1.0,2.0,56.0,3.0,2.0,2.0,6.0,7.0,0.0,8.0,4.0,95.0,1.0,11.0,13.0,11.0
2026-06-06,6.0,1.0,0.0,17.0,12.0,24.0,42.0,34.0,1.0,65.0,0.0,13.0,0.0,0.0,55.0,2.0,6.0,2.0,10.0,11.0,0.0,9.0,5.0,106.0,0.0,22.0,8.0,14.0
2026-06-07,5.0,1.0,0.0,25.0,11.0,25.0,32.0,41.0,1.0,59.0,0.0,10.0,0.0,2.0,49.0,5.0,4.0,1.0,3.0,8.0,1.0,9.0,3.0,94.0,3.0,10.0,10.0,13.0
2026-06-08,7.0,0.0,0.0,26.0,5.0,20.0,38.0,36.0,0.0,56.0,0.0,18.0,0.0,3.0,55.0,2.0,0.0,1.0,5.0,8.0,2.0,12.0,3.0,77.0,1.0,14.0,12.0,8.0
2026-06-09,4.0,3.0,0.0,18.0,15.0,20.0,33.0,28.0,0.0,72.0,1.0,15.0,2.0,3.0,78.0,3.0,2.0,0.0,8.0,10.0,0.0,9.0,3.0,113.0,0.0,9.0,12.0,7.0
2026-06-10,4.0,2.0,0.0,26.0,13.0,27.0,33.0,33.0,1.0,60.0,0.0,6.0,0.0,1.0,55.0,2.0,4.0,1.0,8.0,7.0,0.0,9.0,5.0,100.0,1.0,19.0,8.0,9.0
2026-06-11,10.0,0.0,0.0,20.0,3.0,10.0,36.0,28.0,0.0,68.0,1.0,15.0,0.0,0.0,64.0,2.0,6.0,1.0,7.0,8.0,0.0,7.0,3.0,79.0,0.0,15.0,7.0,12.0
2026-06-12,6.0,0.0,0.0,20.0,14.0,16.0,32.0,31.0,0.0,55.0,1.0,13.0,0.0,1.0,54.0,5.0,4.0,1.0,5.0,4.0,0.0,8.0,2.0,93.0,2.0,21.0,11.0,10.0
2026-06-13,4.0,1.0,0.0,12.0,13.0,22.0,36.0,33.0,0.0,64.0,1.0,5.0,0.0,2.0,54.0,4.0,3.0,2.0,7.0,8.0,0.0,11.0,5.0,90.0,1.0,14.0,5.0,15.0
2026-06-14,7.0,0.0,0.0,18.0,8.0,24.0,43.0,25.0,0.0,61.0,1.0,13.0,0.0,0.0,70.0,5.0,2.0,1.0,2.0,13.0,0.0,8.0,1.0,99.0,2.0,17.0,12.0,10.0
2026-06-15,2.0,1.0,0.0,17.0,8.0,19.0,41.0,42.0,1.0,61.0,0.0,10.0,0.0,1.0,62.0,2.0,0.0,1.0,6.0,6.0,0.0,12.0,2.0,91.0,1.0,8.0,13.0,7.0
2026-06-16,4.0,3.0,0.0,22.0,9.0,16.0,29.0,29.0,0.0,61.0,0.0,13.0,1.0,4.0,67.0,2.0,3.0,0.0,3.0,8.0,3.0,1.0,4.0,84.0,2.0,15.0,12.0,9.0
2026-06-17,5.0,0.0,0.0,16.0,6.0,14.0,33.0,45.0,0.0,57.0,0.0,16.0,0.0,1.0,49.0,4.0,6.0,2.0,5.0,9.0,3.0,7.0,5.0,100.0,1.0,11.0,6.0,13.0
2026-06-18,8.0,3.0,0.0,18.0,12.0,27.0,32.0,32.0,0.0,64.0,0.0,9.0,0.0,2.0,46.0,7.0,6.0,2.0,3.0,9.0,2.0,6.0,3.0,100.0,1.0,11.0,8.0,10.0
2026-06-19,5.0,1.0,0.0,16.0,12.0,28.0,31.0,21.0,0.0,58.0,1.0,10.0,0.0,4.0,49.0,3.0,5.0,0.0,6.0,8.0,2.0,9.0,4.0,88.0,1.0,13.0,7.0,12.0
2026-06-20,8.0,1.0,0.0,20.0,11.0,22.0,32.0,32.0,1.0,66.0,0.0,18.0,0.0,0.0,57.0,2.0,3.0,2.0,7.0,9.0,2.0,6.0,5.0,83.0,2.0,17.0,7.0,11.0
2026-06-21,6.0,0.0,0.0,19.0,9.0,30.0,38.0,32.0,1.0,58.0,0.0,15.0,0.0,0.0,78.0,5.0,6.0,3.0,10.0,6.0,1.0,10.0,7.0,93.0,1.0,15.0,7.0,9.0
2026-06-22,6.0,0.0,0.0,21.0,11.0,23.0,38.0,39.0,0.0,70.0,0.0,7.0,0.0,5.0,81.0,5.0,2.0,2.0,4.0,9.0,0.0,12.0,1.0,95.0,0.0,17.0,12.0,8.0
2026-06-23,4.0,0.0,0.0,17.0,16.0,20.0,35.0,23.0,0.0,65.0,0.0,2.0,1.0,3.0,66.0,0.0,2.0,1.0,6.0,6.0,2.0,8.0,3.0,102.0,3.0,13.0,11.0,11.0
2026-06-24,5.0,1.0,0.0,22.0,8.0,9.0,36.0,37.0,2.0,62.0,0.0,6.0,1.0,1.0,57.0,6.0,3.0,1.0,3.0,7.0,7.0,7.0,4.0,96.0,0.0,14.0,10.0,8.0
2026-06-25,5.0,1.0,0.0,22.0,10.0,22.0,36.0,21.0,0.0,63.0,0.0,7.0,1.0,1.0,71.0,5.0,6.0,1.0,4.0,8.0,9.0,9.0,0.0,88.0,2.0,13.0,6.0,9.0
2026-06-26,4.0,2.0,0.0,24.0,10.0,26.0,29.0,40.0,0.0,66.0,0.0,6.0,0.0,7.0,71.0,2.0,3.0,1.0,8.0,8.0,3.0,8.0,5.0,99.0,1.0,16.0,12.0,9.0
2026-06-27,3.0,2.0,0.0,17.0,9.0,21.0,39.0,33.0,0.0,63.0,2.0,13.0,0.0,4.0,50.0,2.0,3.0,1.0,4.0,9.0,5.0,13.0,4.0,99.0,1.0,16.0,6.0,10.0
2026-06-28,3.0,0.0,0.0,14.0,10.0,14.0,31.0,33.0,0.0,53.0,0.0,8.0,0.0,0.0,57.0,5.0,4.0,2.0,9.0,9.0,4.0,8.0,5.0,100.0,2.0,13.0,8.0,10.0
2026-06-29,6.0,2.0,0.0,17.0,8.0,19.0,25.0,32.0,1.0,52.0,0.0,20.0,0.0,1.0,61.0,6.0,3.0,2.0,7.0,6.0,6.0,8.0,4.0,87.0,1.0,12.0,7.0,12.0
2026-06-30,5.0,0.0,0.0,20.0,9.0,23.0,31.0,26.0,0.0,58.0,0.0,15.0,1.0,3.0,71.0,3.0,5.0,0.0,5.0,7.0,2.0,5.0,1.0,94.0,2.0,9.0,9.0,13.0
2026-07-01,10.0,3.0,0.0,23.0,9.0,24.0,36.0,34.0,0.0,61.0,0.0,14.0,0.0,0.0,57.0,2.0,4.0,1.0,3.0,11.0,5.0,7.0,3.0,97.0,2.0,10.0,12.0,10.0
2026-07-02,3.0,0.0,0.0,14.0,7.0,25.0,42.0,27.0,0.0,69.0,1.0,6.0,1.0,4.0,52.0,4.0,3.0,2.0,3.0,6.0,6.0,10.0,3.0,81.0,0.0,14.0,6.0,10.0
2026-07-03,7.0,0.0,0.0,18.0,8.0,24.0,36.0,31.0,0.0,67.0,0.0,15.0,0.0,2.0,61.0,2.0,1.0,0.0,8.0,7.0,2.0,8.0,2.0,87.0,2.0,20.0,10.0,9.0
2026-07-04,5.0,1.0,0.0,16.0,12.0,15.0,36.0,32.0,0.0,48.0,1.0,14.0,0.0,0.0,61.0,6.0,2.0,2.0,6.0,9.0,4.0,8.0,4.0,80.0,1.0,23.0,10.0,13.0
2026-07-05,6.0,1.0,0.0,24.0,11.0,31.0,42.0,30.0,0.0,63.0,0.0,6.0,0.0,4.0,63.0,3.0,3.0,2.0,7.0,10.0,4.0,7.0,5.0,95.0,3.0,16.0,12.0,12.0
2026-07-06,1.0,0.0,1.0,22.0,8.0,16.0,37.0,35.0,0.0,58.0,0.0,8.0,0.0,1.0,78.0,2.0,4.0,0.0,3.0,6.0,4.0,14.0,3.0,88.0,1.0,13.0,8.0,7.0
2026-07-07,7.0,2.0,0.0,17.0,15.0,24.0,42.0,33.0,0.0,62.0,0.0,6.0,1.0,2.0,55.0,3.0,2.0,0.0,4.0,8.0,2.0,5.0,4.0,98.0,3.0,7.0,11.0,10.0
2026-07-08,3.0,1.0,0.0,21.0,7.0,14.0,32.0,34.0,0.0,70.0,0.0,2.0,1.0,2.0,63.0,9.0,4.0,0.0,4.0,8.0,2.0,13.0,1.0,102.0,1.0,18.0,4.0,14.0
2026-07-09,5.0,1.0,0.0,17.0,15.0,13.0,33.0,28.0,0.0,57.0,0.0,0.0,0.0,3.0,55.0,4.0,2.0,2.0,3.0,8.0,2.0,6.0,2.0,54.0,2.0,13.0,8.0,8.0
2026-07-10,3.0,1.0,0.0,23.0,10.0,26.0,37.0,34.0,0.0,68.0,2.0,0.0,0.0,3.0,45.0,5.0,5.0,1.0,9.0,8.0,1.0,10.0,3.0,9.0,0.0,17.0,11.0,8.0
2026-07-11,6.0,0.0,0.0,20.0,8.0,26.0,40.0,29.0,0.0,62.0,0.0,16.0,0.0,2.0,64.0,2.0,2.0,2.0,6.0,7.0,3.0,9.0,4.0,15.0,0.0,19.0,10.0,11.0
2026-07-12,7.0,2.0,0.0,21.0,8.0,20.0,43.0,30.0,0.0,59.0,0.0,19.0,0.0,1.0,65.0,2.0,4.0,0.0,6.0,6.0,3.0,12.0,3.0,138.0,0.0,22.0,8.0,14.0
